stream,sym,side,entry_ts_utc,exit_ts_utc,year,entry_price,stop_init,tp_price,risk,tp_r,managed_r,baseline_r,saved_r,managed_reason,bars_5m,duration_h,mfe_r,sim_active,m1_daily_cap,balance_before,risk_pct,dollar_risk,dollar_pnl,balance_after
S2,BTCUSDT,-1,2022-01-04T16:00:00+00:00,2022-01-05T19:45:00+00:00,2022,46925.34,47534.84951792,45096.81144623,609.50951792,3.0,2.976903,2.976903,0.0,TP,334,27.75,3.9792,True,False,10000.0,1.378,137.8,410.22,10216.59
S2,ETHUSDT,-1,2022-01-04T16:00:00+00:00,2022-01-05T19:20:00+00:00,2022,3849.02,3898.985339,3699.123983,49.965339,3.0,2.97689,2.97689,0.0,TP,329,27.33,3.0255,True,False,10000.0,1.378,137.8,410.22,9806.37
S2,ETHUSDT,-1,2022-01-04T19:00:00+00:00,2022-01-04T19:10:00+00:00,2022,3771.04,3825.8499325,3606.6102025,54.8099325,3.0,-1.020641,-1.020641,0.0,SL,3,0.17,0.2614,True,False,10000.0,1.378,137.8,-140.64,9859.36
S2,SOLUSDT,-1,2022-01-04T19:00:00+00:00,2022-01-05T09:45:00+00:00,2022,167.6,170.53802639,158.78592082,2.93802639,3.0,-1.017114,-1.017114,0.0,SL,178,14.75,0.1361,True,False,10000.0,1.378,137.8,-140.16,9719.2
S3,SOLUSDT,-1,2022-01-04T19:00:00+00:00,2022-01-05T10:10:00+00:00,2022,167.6,171.27380264,150.95118377,3.91736852,4.25,-0.950659,-0.950659,0.0,SL,183,15.17,0.1021,True,False,10000.0,3.3981,339.81,-323.04,9396.15
S2,BTCUSDT,-1,2022-01-05T20:00:00+00:00,2022-01-07T03:20:00+00:00,2022,44671.93,45475.50066441,42261.21800677,803.57066441,3.0,2.983322,2.983322,0.0,TP,377,31.33,3.014,True,False,10216.59,1.378,140.78,420.01,10582.84
S2,LINKUSDT,-1,2022-01-05T20:00:00+00:00,2022-01-07T16:40:00+00:00,2022,25.295,26.37445282,22.05664155,1.07945282,3.0,-1.00703,-1.00703,0.0,SL,537,44.67,2.7412,True,False,10216.59,1.378,140.78,-141.77,10972.51
S5,ETHUSDT,-1,2022-01-05T20:00:00+00:00,2022-01-07T03:30:00+00:00,2022,3653.54,3730.64795114,3268.00024429,77.10795114,5.0,4.985785,4.985785,0.0,TP,379,31.5,5.4795,True,False,10216.59,0.5216,53.29,265.69,10848.53
S5,ETHUSDT,-1,2022-01-05T21:00:00+00:00,2022-01-07T04:15:00+00:00,2022,3592.31,3675.59024035,3175.90879827,83.28024035,5.0,4.987059,4.987059,0.0,TP,376,31.25,5.1705,True,False,10216.59,0.5216,53.29,265.76,11114.29
S5,SOLUSDT,-1,2022-01-05T22:00:00+00:00,2022-01-20T23:50:00+00:00,2022,153.4,158.65911261,127.10443694,5.25911261,5.0,4.991249,4.991249,0.0,TP,4343,361.83,5.2518,True,False,10216.59,0.5216,53.29,265.98,10256.91
S5,ETHUSDT,-1,2022-01-06T10:00:00+00:00,2022-01-06T14:35:00+00:00,2022,3307.5,3420.80991809,2740.95040955,113.30991809,5.0,-1.008757,-1.008757,0.0,SL,56,4.58,0.0047,True,False,10216.59,0.5216,53.29,-53.76,10162.83
S2,DOGEUSDT,-1,2022-01-11T13:00:00+00:00,2022-01-12T15:05:00+00:00,2022,0.15491,0.16039301,0.13846096,0.00548301,3.0,-1.008476,-1.008476,0.0,SL,314,26.08,1.8712,True,False,10972.51,1.378,151.2,-152.48,10820.03
S1,DOGEUSDT,1,2022-01-13T06:00:00+00:00,2022-01-13T13:25:00+00:00,2022,0.17495,0.16833953,0.25427565,0.00661047,12.0,-1.00794,-1.00794,0.0,SL,90,7.42,0.1997,True,False,10820.03,0.9264,100.24,-101.03,10719.0
S2,SOLUSDT,-1,2022-01-13T17:00:00+00:00,2022-01-14T11:05:00+00:00,2022,152.43,155.88943574,142.05169279,3.45943574,3.0,2.986781,2.986781,0.0,TP,218,18.08,3.0063,True,False,10719.0,1.378,147.71,441.17,11160.17
S2,ETHUSDT,-1,2022-01-17T04:00:00+00:00,2022-01-18T13:25:00+00:00,2022,3256.06,3299.93394617,3124.43816149,43.87394617,3.0,2.977736,2.977736,0.0,TP,402,33.42,3.3769,True,False,11160.17,1.378,153.79,457.94,11433.74
S4,BTCUSDT,1,2022-01-17T06:00:00+00:00,2022-01-17T17:00:00+00:00,2022,42649.7,42089.52028212,53573.20449867,560.17971788,19.5,-1.022841,-1.022841,0.0,SL,133,11.0,0.5682,True,False,11160.17,1.6151,180.25,-184.36,10975.8
S2,XRPUSDT,-1,2022-01-18T09:00:00+00:00,2022-01-18T21:30:00+00:00,2022,0.7434,0.7544805,0.7101585,0.0110805,3.0,-1.020127,-1.020127,0.0,SL,151,12.5,0.8032,True,False,10975.8,1.378,151.25,-154.29,11279.45
S2,BTCUSDT,-1,2022-01-19T00:00:00+00:00,2022-01-20T14:30:00+00:00,2022,42337.58,42870.16645994,40739.82062017,532.58645994,3.0,-1.023848,-1.023848,0.0,SL,463,38.5,2.2944,True,False,11279.45,1.378,155.43,-159.14,9990.93
S2,BTCUSDT,-1,2022-01-19T04:00:00+00:00,2022-01-19T12:00:00+00:00,2022,41706.41,42255.53405905,40059.03782285,549.12405905,3.0,-1.022785,-1.022785,0.0,SL,97,8.0,1.0758,True,False,11279.45,1.378,155.43,-158.97,10961.95
S2,ETHUSDT,-1,2022-01-19T04:00:00+00:00,2022-01-19T14:40:00+00:00,2022,3097.25,3150.38119787,2937.85640638,53.13119787,3.0,-1.017488,-1.017488,0.0,SL,129,10.67,0.9834,True,False,11279.45,1.378,155.43,-158.15,10646.3
S2,LINKUSDT,-1,2022-01-19T07:00:00+00:00,2022-01-19T14:40:00+00:00,2022,21.864,22.4285629,20.1703113,0.5645629,3.0,-1.011618,-1.011618,0.0,SL,93,7.67,1.169,True,False,11279.45,1.378,155.43,-157.24,10489.06
S2,SOLUSDT,-1,2022-01-19T08:00:00+00:00,2022-01-19T14:30:00+00:00,2022,134.42,137.4409366,125.35719019,3.0209366,3.0,-1.013349,-1.013349,0.0,SL,79,6.5,0.5694,True,False,11279.45,1.378,155.43,-157.51,10804.44
S2,XRPUSDT,-1,2022-01-19T08:00:00+00:00,2022-01-19T11:15:00+00:00,2022,0.7283,0.73926965,0.69539105,0.01096965,3.0,-1.019918,-1.019918,0.0,SL,40,3.25,0.4923,True,False,11279.45,1.378,155.43,-158.53,11120.92
S3,SOLUSDT,-1,2022-01-19T08:00:00+00:00,2022-01-19T14:45:00+00:00,2022,134.42,137.94209366,117.30135925,4.02791547,4.25,-0.884433,-0.884433,0.0,SL,82,6.75,0.427,True,False,11279.45,3.3981,383.29,-338.99,10150.07
S2,BTCUSDT,-1,2022-01-20T22:00:00+00:00,2022-01-21T02:20:00+00:00,2022,41326.04,41958.85467783,39427.59596651,632.81467783,3.0,2.980408,2.980408,0.0,TP,53,4.33,3.2524,True,False,9990.93,1.378,137.68,410.33,11899.47
S2,ETHUSDT,-1,2022-01-20T22:00:00+00:00,2022-01-21T01:50:00+00:00,2022,3078.74,3136.09930987,2906.6620704,57.35930987,3.0,2.983898,2.983898,0.0,TP,47,3.83,3.1705,True,False,9990.93,1.378,137.68,410.81,11079.01
S2,LINKUSDT,-1,2022-01-20T22:00:00+00:00,2022-01-21T03:35:00+00:00,2022,20.856,21.47097791,19.01106626,0.61497791,3.0,2.989826,2.989826,0.0,TP,68,5.58,3.018,True,False,9990.93,1.378,137.68,411.62,12190.23
S2,SOLUSDT,-1,2022-01-20T22:00:00+00:00,2022-01-21T01:40:00+00:00,2022,132.12,135.25676897,122.7096931,3.13676897,3.0,2.987364,2.987364,0.0,TP,45,3.67,3.0445,True,False,9990.93,1.378,137.68,411.29,10668.2
S2,XRPUSDT,-1,2022-01-20T22:00:00+00:00,2022-01-21T01:50:00+00:00,2022,0.7322,0.74266916,0.70079252,0.01046916,3.0,2.979018,2.979018,0.0,TP,47,3.83,3.133,True,False,9990.93,1.378,137.68,410.14,11489.14
S3,BTCUSDT,-1,2022-01-20T22:00:00+00:00,2022-01-21T12:35:00+00:00,2022,41326.04,42794.18146778,37740.09015896,843.75290377,4.25,4.235306,4.235306,0.0,TP,176,14.58,4.2857,True,False,9990.93,3.3981,339.5,1437.89,14050.21
S3,ETHUSDT,-1,2022-01-20T22:00:00+00:00,2022-01-21T12:35:00+00:00,2022,3078.74,3202.02593099,2753.70391075,76.47907982,4.25,4.237923,4.237923,0.0,TP,176,14.58,4.6077,True,False,9990.93,3.3981,339.5,1438.78,15488.99
S3,SOLUSDT,-1,2022-01-20T22:00:00+00:00,2022-01-21T21:35:00+00:00,2022,132.12,138.6236769,114.34497585,4.18235862,4.25,4.240523,4.240523,0.0,TP,284,23.58,4.3086,True,False,9990.93,3.3981,339.5,1439.67,16928.66
S2,ETHUSDT,-1,2022-01-21T00:00:00+00:00,2022-01-21T12:15:00+00:00,2022,2999.92,3065.84578249,2802.14265254,65.92578249,3.0,2.986349,2.986349,0.0,TP,148,12.25,3.009,True,False,10256.91,1.378,141.34,422.09,12612.32
S5,DOGEUSDT,-1,2022-01-21T02:00:00+00:00,2022-02-07T00:40:00+00:00,2022,0.15049,0.15678687,0.11900567,0.00629687,5.0,-1.00717,-1.00717,0.0,SL,4881,406.67,4.9183,True,False,11489.14,0.5216,59.93,-60.36,13077.78
S5,ETHUSDT,-1,2022-01-21T02:00:00+00:00,2022-01-22T09:45:00+00:00,2022,2898.74,3000.93487919,2387.76560406,102.19487919,5.0,4.991491,4.991491,0.0,TP,382,31.75,5.1949,True,False,11489.14,0.5216,59.93,299.13,17227.78
S5,LINKUSDT,-1,2022-01-21T02:00:00+00:00,2022-01-22T10:05:00+00:00,2022,19.448,20.45237919,14.42610406,1.00437919,5.0,4.994191,4.994191,0.0,TP,386,32.08,5.026,True,False,11489.14,0.5216,59.93,299.29,17527.07
S5,SOLUSDT,-1,2022-01-21T02:00:00+00:00,2022-01-21T02:20:00+00:00,2022,121.43,126.81998763,94.48006187,5.38998763,5.0,-1.006759,-1.006759,0.0,SL,5,0.33,0.0909,True,False,11489.14,0.5216,59.93,-60.33,11839.14
S5,XRPUSDT,-1,2022-01-21T02:00:00+00:00,2022-01-21T02:25:00+00:00,2022,0.6985,0.71912868,0.59535662,0.02062868,5.0,-1.010158,-1.010158,0.0,SL,6,0.42,0.0873,True,False,11489.14,0.5216,59.93,-60.54,11778.6
S5,DOGEUSDT,-1,2022-01-22T10:00:00+00:00,2022-01-22T13:15:00+00:00,2022,0.12611,0.13567046,0.07830772,0.00956046,5.0,-1.003957,-1.003957,0.0,SL,40,3.25,0.6893,True,False,17227.78,0.5216,89.86,-90.22,17346.71
S5,LINKUSDT,-1,2022-01-22T10:00:00+00:00,2022-01-22T12:50:00+00:00,2022,14.856,16.24745596,7.89872019,1.39145596,5.0,-1.003203,-1.003203,0.0,SL,35,2.83,0.4499,True,False,17227.78,0.5216,89.86,-90.15,17436.93
S5,XRPUSDT,-1,2022-01-22T10:00:00+00:00,2022-01-22T13:15:00+00:00,2022,0.5732,0.61263948,0.37600261,0.03943948,5.0,-1.00436,-1.00436,0.0,SL,40,3.25,0.6694,True,False,17227.78,0.5216,89.86,-90.25,17256.46
S2,DOGEUSDT,-1,2022-01-26T22:00:00+00:00,2022-02-04T23:45:00+00:00,2022,0.14124,0.14669494,0.12487518,0.00545494,3.0,-1.007768,-1.007768,0.0,SL,2614,217.75,1.2191,True,False,17256.46,1.378,237.79,-239.64,13516.75
S2,ETHUSDT,-1,2022-01-26T22:00:00+00:00,2022-01-27T14:30:00+00:00,2022,2416.7,2512.85984559,2128.22046323,96.15984559,3.0,-1.00754,-1.00754,0.0,SL,199,16.5,0.6772,True,False,17256.46,1.378,237.79,-239.59,17016.87
S2,XRPUSDT,-1,2022-01-26T22:00:00+00:00,2022-02-01T03:55:00+00:00,2022,0.6064,0.62564145,0.54867566,0.01924145,3.0,-1.009455,-1.009455,0.0,SL,1512,125.92,1.3824,True,False,17256.46,1.378,237.79,-240.04,15180.22
S3,ETHUSDT,-1,2022-01-26T22:00:00+00:00,2022-01-28T21:25:00+00:00,2022,2416.7,2542.79598456,1871.79420832,128.21312745,4.25,-0.989142,-0.989142,0.0,SL,570,47.42,0.7984,True,False,17256.46,3.3981,586.39,-580.02,16436.85
S1,LINKUSDT,1,2022-01-30T06:00:00+00:00,2022-01-31T01:10:00+00:00,2022,17.384,16.75155431,24.97334827,0.63244569,12.0,-1.008246,-1.008246,0.0,SL,231,19.17,1.1653,True,False,16436.85,0.9264,152.27,-153.53,16283.32
S2,XRPUSDT,-1,2022-01-30T20:00:00+00:00,2022-01-31T19:15:00+00:00,2022,0.6002,0.60873611,0.57459168,0.00853611,3.0,-1.021094,-1.021094,0.0,SL,280,23.25,2.3898,True,False,16436.85,1.378,226.5,-231.28,15420.26
S2,ETHUSDT,-1,2022-01-31T01:00:00+00:00,2022-01-31T15:00:00+00:00,2022,2538.06,2593.67873693,2371.2037892,55.61873693,3.0,-1.01369,-1.01369,0.0,SL,169,14.0,1.1279,True,False,16436.85,1.378,226.5,-229.6,16053.72
S2,LINKUSDT,-1,2022-01-31T01:00:00+00:00,2022-01-31T15:05:00+00:00,2022,16.821,17.45267991,14.92596026,0.63167991,3.0,-1.007989,-1.007989,0.0,SL,170,14.08,0.6206,True,False,16436.85,1.378,226.5,-228.31,15738.4
S5,BTCUSDT,-1,2022-01-31T01:00:00+00:00,2022-01-31T15:00:00+00:00,2022,36821.39,37565.52126314,33100.73368432,744.13126314,5.0,-1.014845,-1.014845,0.0,SL,169,14.0,0.2537,True,False,16436.85,0.5216,85.73,-87.01,15966.71
S5,XRPUSDT,-1,2022-01-31T01:00:00+00:00,2022-01-31T15:15:00+00:00,2022,0.5862,0.59957849,0.51930756,0.01337849,5.0,-1.013145,-1.013145,0.0,SL,172,14.25,0.4784,True,False,16436.85,0.5216,85.73,-86.86,15651.54
S1,SOLUSDT,1,2022-02-01T17:00:00+00:00,2022-02-01T19:55:00+00:00,2022,112.86,107.83274589,173.18704934,5.02725411,12.0,-1.006735,-1.006735,0.0,SL,36,2.92,0.1233,True,False,15180.22,0.9264,140.63,-141.58,15038.64
S2,SOLUSDT,-1,2022-02-01T20:00:00+00:00,2022-02-01T21:35:00+00:00,2022,107.84,111.76811879,96.05564363,3.92811879,3.0,-1.008236,-1.008236,0.0,SL,20,1.58,0.0178,True,False,15038.64,1.378,207.23,-208.94,14829.71
S2,DOGEUSDT,-1,2022-02-02T14:00:00+00:00,2022-02-02T16:00:00+00:00,2022,0.14346,0.14520948,0.13821156,0.00174948,3.0,2.9754,2.9754,0.0,TP,25,2.0,3.0638,True,False,14829.71,1.378,204.35,608.03,15437.74
S2,DOGEUSDT,-1,2022-02-02T15:00:00+00:00,2022-02-04T15:20:00+00:00,2022,0.14043,0.14254845,0.13407466,0.00211845,3.0,-1.019887,-1.019887,0.0,SL,581,48.33,2.7567,True,False,14829.71,1.378,204.35,-208.42,13756.39
S2,ETHUSDT,-1,2022-02-02T15:00:00+00:00,2022-02-04T05:15:00+00:00,2022,2685.72,2738.72939711,2526.69180866,53.00939711,3.0,-1.015199,-1.015199,0.0,SL,460,38.25,2.1332,True,False,14829.71,1.378,204.35,-207.46,14578.88
S2,SOLUSDT,-1,2022-02-02T15:00:00+00:00,2022-02-02T18:55:00+00:00,2022,105.89,109.38909926,95.39270222,3.49909926,3.0,-1.009079,-1.009079,0.0,SL,48,3.92,0.6716,True,False,14829.71,1.378,204.35,-206.21,15231.53
S3,SOLUSDT,-1,2022-02-02T15:00:00+00:00,2022-02-02T19:00:00+00:00,2022,105.89,109.97990993,86.06177085,4.66546568,4.25,-0.883444,-0.883444,0.0,SL,49,4.0,0.5037,True,False,14829.71,3.3981,503.93,-445.19,14786.34
S2,SOLUSDT,-1,2022-02-02T21:00:00+00:00,2022-02-04T15:15:00+00:00,2022,104.16,108.24751094,91.89746717,4.08751094,3.0,-1.007645,-1.007645,0.0,SL,508,42.25,2.5101,True,False,14786.34,1.378,203.76,-205.31,13964.81
S2,BTCUSDT,-1,2022-02-04T14:00:00+00:00,2022-02-04T14:30:00+00:00,2022,37421.41,37958.57588852,35809.91233444,537.16588852,3.0,-1.020899,-1.020899,0.0,SL,7,0.5,0.2443,True,False,14578.88,1.378,200.9,-205.1,14373.78
S2,ETHUSDT,-1,2022-02-04T14:00:00+00:00,2022-02-04T14:55:00+00:00,2022,2774.13,2834.71713416,2592.36859751,60.58713416,3.0,-1.013736,-1.013736,0.0,SL,12,0.92,0.1865,True,False,14578.88,1.378,200.9,-203.66,14170.13
S1,ETHUSDT,1,2022-02-04T15:00:00+00:00,2022-02-11T20:40:00+00:00,2022,2826.14,2740.81878627,3849.99456473,85.32121373,12.0,0.990063,-1.009937,2.0,BE,2085,173.67,5.3541,True,False,14170.13,0.9264,131.27,129.97,13168.04
S2,DOGEUSDT,-1,2022-02-05T17:00:00+00:00,2022-02-06T01:55:00+00:00,2022,0.14644,0.14897304,0.13884088,0.00253304,3.0,-1.017344,-1.017344,0.0,SL,108,8.92,0.683,True,False,13516.75,1.378,186.26,-189.49,13138.13
S2,XRPUSDT,-1,2022-02-05T17:00:00+00:00,2022-02-06T01:50:00+00:00,2022,0.6605,0.67336579,0.62190262,0.01286579,3.0,-1.015401,-1.015401,0.0,SL,107,8.83,0.7773,True,False,13516.75,1.378,186.26,-189.13,13327.62
S1,BTCUSDT,1,2022-02-07T15:00:00+00:00,2022-02-11T00:45:00+00:00,2022,43376.82,42623.35467504,52418.40389946,753.46532496,12.0,-1.017271,-1.017271,0.0,SL,982,81.75,3.2439,True,False,13077.78,0.9264,121.15,-123.24,12010.32
S1,LINKUSDT,1,2022-02-07T15:00:00+00:00,2022-02-08T08:50:00+00:00,2022,18.814,18.30145701,24.96451593,0.51254299,12.0,-1.011012,-1.011012,0.0,SL,215,17.83,1.4028,True,False,13077.78,0.9264,121.15,-122.49,12955.29
S1,XRPUSDT,1,2022-02-08T02:00:00+00:00,2022-02-08T15:05:00+00:00,2022,0.8673,0.82683066,1.35293203,0.04046934,12.0,-1.006429,-1.006429,0.0,SL,158,13.08,1.154,True,False,13077.78,0.9264,121.15,-121.93,12833.36
S2,BTCUSDT,-1,2022-02-08T09:00:00+00:00,2022-02-09T20:35:00+00:00,2022,44004.51,44792.63543296,41640.13370111,788.12543296,3.0,-1.01675,-1.01675,0.0,SL,428,35.58,1.7301,True,False,12955.29,1.378,178.52,-181.51,12402.42
S2,ETHUSDT,-1,2022-02-08T09:00:00+00:00,2022-02-09T12:30:00+00:00,2022,3103.1,3158.67377843,2936.3786647,55.57377843,3.0,-1.016751,-1.016751,0.0,SL,331,27.5,1.4363,True,False,12955.29,1.378,178.52,-181.51,12583.94
S2,LINKUSDT,-1,2022-02-08T09:00:00+00:00,2022-02-11T20:05:00+00:00,2022,18.251,18.77398551,16.68204347,0.52298551,3.0,2.989531,2.989531,0.0,TP,998,83.08,3.1167,True,False,12955.29,1.378,178.52,533.7,13038.07
S2,SOLUSDT,-1,2022-02-08T09:00:00+00:00,2022-02-11T00:25:00+00:00,2022,114.12,117.39104087,104.30687738,3.27104087,3.0,2.989534,2.989534,0.0,TP,762,63.42,3.0908,True,False,12955.29,1.378,178.52,533.7,12133.56
S5,XRPUSDT,-1,2022-02-08T09:00:00+00:00,2022-02-09T01:45:00+00:00,2022,0.8509,0.90263666,0.59221669,0.05173666,5.0,-1.004934,-1.004934,0.0,SL,202,16.75,0.92,True,False,12955.29,0.5216,67.57,-67.91,12765.45
S2,ETHUSDT,-1,2022-02-10T14:00:00+00:00,2022-02-10T15:00:00+00:00,2022,3125.47,3187.33988921,2939.86033236,61.86988921,3.0,-1.015155,-1.015155,0.0,SL,13,1.0,0.6771,True,False,12402.42,1.378,170.91,-173.5,12228.93
S2,LINKUSDT,-1,2022-02-10T14:00:00+00:00,2022-02-10T15:00:00+00:00,2022,17.705,18.10580785,16.50257644,0.40080785,3.0,-1.013252,-1.013252,0.0,SL,13,1.0,0.9007,True,False,12402.42,1.378,170.91,-173.17,12055.76
S5,SOLUSDT,-1,2022-02-10T14:00:00+00:00,2022-02-10T15:00:00+00:00,2022,107.74,111.42316627,89.32416863,3.68316627,5.0,-1.008776,-1.008776,0.0,SL,13,1.0,0.5865,True,False,12402.42,0.5216,64.69,-65.26,11990.5
S4,LINKUSDT,1,2022-02-10T15:00:00+00:00,2022-02-10T23:30:00+00:00,2022,18.101,17.49619028,29.89478958,0.60480972,19.5,-1.008979,-1.008979,0.0,SL,103,8.5,0.5837,True,False,11990.5,1.6151,193.66,-195.4,11795.1
S4,SOLUSDT,1,2022-02-10T15:00:00+00:00,2022-02-10T23:45:00+00:00,2022,109.77,105.73277417,188.4959036,4.03722583,19.5,-1.008157,-1.008157,0.0,SL,106,8.75,0.9883,True,False,11990.5,1.6151,193.66,-195.24,11599.86
S2,SOLUSDT,-1,2022-02-10T19:00:00+00:00,2022-02-11T19:05:00+00:00,2022,109.95,113.2818599,99.95442029,3.3318599,3.0,2.9901,2.9901,0.0,TP,290,24.08,3.2835,True,False,11990.5,1.378,165.23,494.05,12504.37
S2,BTCUSDT,-1,2022-02-10T20:00:00+00:00,2022-02-17T18:10:00+00:00,2022,44373.95,45348.01265812,41451.76202563,974.06265812,3.0,2.986333,2.986333,0.0,TP,1995,166.17,3.3724,True,False,11990.5,1.378,165.23,493.43,12923.85
S2,ETHUSDT,-1,2022-02-10T20:00:00+00:00,2022-02-11T22:25:00+00:00,2022,3119.1,3197.17994596,2884.86016211,78.07994596,3.0,2.988016,2.988016,0.0,TP,318,26.42,3.1455,True,False,11990.5,1.378,165.23,493.71,13661.75
S2,SOLUSDT,-1,2022-02-11T19:00:00+00:00,2022-02-13T18:35:00+00:00,2022,100.71,103.6420711,91.91378671,2.9320711,3.0,2.989696,2.989696,0.0,TP,572,47.58,3.1309,True,False,12010.32,1.378,165.5,494.8,14156.55
S2,ETHUSDT,-1,2022-02-11T21:00:00+00:00,2022-02-15T01:35:00+00:00,2022,2917.29,2991.94841614,2693.31475158,74.65841614,3.0,-1.011723,-1.011723,0.0,SL,920,76.58,1.1719,True,False,13168.04,1.378,181.46,-183.58,13775.97
S3,ETHUSDT,-1,2022-02-11T21:00:00+00:00,2022-02-15T01:35:00+00:00,2022,2917.29,3008.89584161,2494.22564188,99.54455485,4.25,-0.929042,-0.929042,0.0,SL,920,76.58,0.8789,True,False,13168.04,3.3981,447.46,-415.71,13360.25
S5,LINKUSDT,-1,2022-02-11T23:00:00+00:00,2022-02-15T08:35:00+00:00,2022,16.036,16.62109394,13.1105303,0.58509394,5.0,-1.008222,-1.008222,0.0,SL,980,81.58,1.4493,True,False,13661.75,0.5216,71.26,-71.85,13288.41
S2,DOGEUSDT,-1,2022-02-13T19:00:00+00:00,2022-02-13T22:10:00+00:00,2022,0.15119,0.15579169,0.13738492,0.00460169,3.0,-1.009857,-1.009857,0.0,SL,39,3.17,0.1499,True,False,14156.55,1.378,195.08,-197.0,13959.55
S2,DOGEUSDT,-1,2022-02-14T00:00:00+00:00,2022-02-21T21:50:00+00:00,2022,0.14799,0.15297603,0.13303192,0.00498603,3.0,2.991096,2.991096,0.0,TP,2279,189.83,3.3554,True,False,13959.55,1.378,192.36,575.37,14753.28
S1,ETHUSDT,1,2022-02-15T02:00:00+00:00,2022-02-17T17:45:00+00:00,2022,3020.2,2942.35796341,3954.30443906,77.84203659,12.0,-1.01164,-1.01164,0.0,SL,766,63.75,2.2841,True,False,13360.25,0.9264,123.77,-125.21,12430.42
S1,SOLUSDT,1,2022-02-15T02:00:00+00:00,2022-02-16T14:50:00+00:00,2022,101.94,98.26144446,146.08266645,3.67855554,12.0,-1.008314,-1.008314,0.0,SL,443,36.83,1.0412,True,False,13360.25,0.9264,123.77,-124.8,13163.61
S4,LINKUSDT,1,2022-02-16T20:00:00+00:00,2022-02-17T04:00:00+00:00,2022,17.25,16.77899224,26.43465126,0.47100776,19.5,-1.010987,-1.010987,0.0,SL,97,8.0,0.4034,True,False,13163.61,1.6151,212.61,-214.94,12734.11
S4,SOLUSDT,1,2022-02-16T20:00:00+00:00,2022-02-17T03:30:00+00:00,2022,103.19,99.81717941,168.96000143,3.37282059,19.5,-1.009178,-1.009178,0.0,SL,91,7.5,0.0889,True,False,13163.61,1.6151,212.61,-214.56,12949.05
S2,ETHUSDT,-1,2022-02-17T04:00:00+00:00,2022-02-17T08:05:00+00:00,2022,3082.56,3136.54512914,2920.60461257,53.98512914,3.0,-1.01713,-1.01713,0.0,SL,50,4.08,0.6772,True,False,12734.11,1.378,175.48,-178.48,12555.63
S2,XRPUSDT,-1,2022-02-17T04:00:00+00:00,2022-02-17T18:15:00+00:00,2022,0.8223,0.83789219,0.77552344,0.01559219,3.0,2.984179,2.984179,0.0,TP,172,14.25,3.0849,True,False,12734.11,1.378,175.48,523.65,13447.5
S2,BTCUSDT,-1,2022-02-17T14:00:00+00:00,2022-02-17T21:10:00+00:00,2022,42239.99,42838.25986773,40445.18039682,598.26986773,3.0,2.978819,2.978819,0.0,TP,87,7.17,3.1491,True,False,12555.63,1.378,173.02,515.39,13962.89
S2,ETHUSDT,-1,2022-02-17T14:00:00+00:00,2022-02-18T14:40:00+00:00,2022,2992.97,3056.26178771,2803.09463688,63.29178771,3.0,2.985813,2.985813,0.0,TP,297,24.67,3.0024,True,False,12555.63,1.378,173.02,516.6,14479.48
S2,DOGEUSDT,-1,2022-02-17T15:00:00+00:00,2022-02-19T06:30:00+00:00,2022,0.14353,0.1461625,0.13563251,0.0026325,3.0,-1.016357,-1.016357,0.0,SL,475,39.5,2.9212,True,False,12555.63,1.378,173.02,-175.85,14303.63
S2,LINKUSDT,-1,2022-02-18T16:00:00+00:00,2022-02-19T16:15:00+00:00,2022,15.208,15.60674655,14.01176035,0.39874655,3.0,-1.011442,-1.011442,0.0,SL,292,24.25,0.9756,True,False,14479.48,1.378,199.53,-201.81,14101.82
S2,DOGEUSDT,-1,2022-02-19T09:00:00+00:00,2022-02-21T13:10:00+00:00,2022,0.14209,0.14485331,0.13380006,0.00276331,3.0,2.984574,2.984574,0.0,TP,627,52.17,3.0796,True,False,14303.63,1.378,197.1,588.27,14167.14
S1,XRPUSDT,1,2022-02-19T14:00:00+00:00,2022-02-20T01:15:00+00:00,2022,0.8222,0.79375321,1.16356153,0.02844679,12.0,-1.008671,-1.008671,0.0,SL,136,11.25,1.153,True,False,14303.63,0.9264,132.51,-133.66,13968.17
S2,XRPUSDT,-1,2022-02-19T20:00:00+00:00,2022-02-21T18:25:00+00:00,2022,0.8152,0.83788932,0.74713205,0.02268932,3.0,2.989221,2.989221,0.0,TP,558,46.42,3.138,True,False,14101.82,1.378,194.32,580.87,14177.9
S2,LINKUSDT,-1,2022-02-21T00:00:00+00:00,2022-02-21T01:05:00+00:00,2022,14.603,14.9497224,13.56283281,0.3467224,3.0,-1.012635,-1.012635,0.0,SL,14,1.08,0.2798,True,False,13968.17,1.378,192.48,-194.91,13773.25
S2,SOLUSDT,-1,2022-02-21T00:00:00+00:00,2022-02-21T01:05:00+00:00,2022,90.63,93.37780488,82.38658535,2.74780488,3.0,-1.009895,-1.009895,0.0,SL,14,1.08,0.0801,True,False,13968.17,1.378,192.48,-194.39,13578.87
S2,BTCUSDT,-1,2022-02-21T11:00:00+00:00,2022-02-21T14:25:00+00:00,2022,38294.5,38861.48751889,36593.53744332,566.98751889,3.0,-1.020262,-1.020262,0.0,SL,42,3.42,1.9063,True,False,13578.87,1.378,187.12,-190.91,13597.03
S2,BTCUSDT,-1,2022-02-21T12:00:00+00:00,2022-02-21T14:15:00+00:00,2022,37576.1,38219.24876754,35646.65369737,643.14876754,3.0,-1.017528,-1.017528,0.0,SL,28,2.25,0.5636,True,False,13578.87,1.378,187.12,-190.4,13976.74
S2,SOLUSDT,-1,2022-02-21T12:00:00+00:00,2022-02-21T14:15:00+00:00,2022,89.08,92.03690216,80.20929353,2.95690216,3.0,-1.009038,-1.009038,0.0,SL,28,2.25,0.8252,True,False,13578.87,1.378,187.12,-188.81,13787.93
S2,BTCUSDT,-1,2022-02-21T19:00:00+00:00,2022-02-23T08:25:00+00:00,2022,37721.1,38538.36789882,35269.29630354,817.26789882,3.0,-1.013847,-1.013847,0.0,SL,450,37.42,1.7265,True,False,14177.9,1.378,195.37,-198.08,14144.26
S2,BTCUSDT,-1,2022-02-21T22:00:00+00:00,2022-02-22T14:50:00+00:00,2022,37058.51,38000.25809902,34233.26570294,941.74809902,3.0,-1.011805,-1.011805,0.0,SL,203,16.83,0.7947,True,False,14753.28,1.378,203.3,-205.7,14547.58
S2,ETHUSDT,-1,2022-02-21T22:00:00+00:00,2022-02-22T14:50:00+00:00,2022,2580.57,2661.57991768,2337.54024697,81.00991768,3.0,-1.009556,-1.009556,0.0,SL,203,16.83,1.0563,True,False,14753.28,1.378,203.3,-205.24,14342.33
S5,DOGEUSDT,-1,2022-02-21T22:00:00+00:00,2022-02-23T11:45:00+00:00,2022,0.1305,0.13475416,0.1092292,0.00425416,5.0,-1.009203,-1.009203,0.0,SL,454,37.75,1.6478,True,False,14753.28,0.5216,76.95,-77.66,13989.17
S5,LINKUSDT,-1,2022-02-21T22:00:00+00:00,2022-02-23T08:25:00+00:00,2022,13.693,14.36466059,10.33469706,0.67166059,5.0,-1.006116,-1.006116,0.0,SL,414,34.42,1.0496,True,False,14753.28,0.5216,76.95,-77.42,14066.83
S5,XRPUSDT,-1,2022-02-21T22:00:00+00:00,2022-02-25T22:45:00+00:00,2022,0.7182,0.75045431,0.55692844,0.03225431,5.0,-1.00668,-1.00668,0.0,SL,1162,96.75,3.0198,True,False,14753.28,0.5216,76.95,-77.47,13838.32
S5,LINKUSDT,-1,2022-02-24T04:00:00+00:00,2022-02-24T19:35:00+00:00,2022,12.274,12.92282453,9.02987735,0.64882453,5.0,-1.005675,-1.005675,0.0,SL,188,15.58,1.3655,True,False,13989.17,0.5216,72.97,-73.38,13915.79
S2,ETHUSDT,-1,2022-02-27T20:00:00+00:00,2022-02-28T14:15:00+00:00,2022,2605.85,2682.18332745,2376.85001766,76.33332745,3.0,-1.010241,-1.010241,0.0,SL,220,18.25,0.6834,True,False,13838.32,1.378,190.69,-192.64,13645.68
S2,LINKUSDT,-1,2022-02-27T20:00:00+00:00,2022-02-28T14:50:00+00:00,2022,13.667,14.12047335,12.30657994,0.45347335,3.0,-1.009042,-1.009042,0.0,SL,227,18.83,0.8093,True,False,13838.32,1.378,190.69,-192.42,13453.26
S3,ETHUSDT,-1,2022-02-27T20:00:00+00:00,2022-02-28T14:55:00+00:00,2022,2605.85,2754.49333274,2173.2944778,101.77776993,4.25,-1.468151,-1.468151,0.0,SL,228,18.92,0.5126,True,False,13838.32,3.3981,470.24,-690.38,12762.88
S1,BTCUSDT,1,2022-02-28T16:00:00+00:00,2022-03-03T17:25:00+00:00,2022,40824.96,39525.03921186,56424.00945766,1299.92078814,12.0,0.990578,-1.009422,2.0,BE,882,73.42,3.5195,False,True,,,,,
S1,BTCUSDT,1,2022-02-28T21:00:00+00:00,2022-03-04T14:45:00+00:00,2022,41882.0,40619.00171616,57037.97940613,1262.99828384,12.0,-1.009948,-1.009948,0.0,SL,1078,89.75,2.7854,False,True,,,,,
S4,DOGEUSDT,1,2022-03-02T15:00:00+00:00,2022-03-03T15:35:00+00:00,2022,0.13392,0.1296516,0.21715387,0.0042684,19.5,-1.009412,-1.009412,0.0,SL,296,24.58,0.2694,True,False,12762.88,1.6151,206.13,-208.07,12554.8
S2,ETHUSDT,-1,2022-03-02T16:00:00+00:00,2022-03-04T01:05:00+00:00,2022,2952.09,3033.98704947,2706.3988516,81.89704947,3.0,2.989186,2.989186,0.0,TP,398,33.08,3.2637,True,False,12762.88,1.378,175.87,525.72,13080.52
S5,DOGEUSDT,-1,2022-03-04T20:00:00+00:00,2022-03-23T16:50:00+00:00,2022,0.12333,0.12671581,0.10640093,0.00338581,5.0,-1.010928,-1.010928,0.0,SL,5435,452.83,4.0049,True,False,13080.52,0.5216,68.23,-68.97,9249.62
S5,XRPUSDT,-1,2022-03-04T20:00:00+00:00,2022-03-05T08:30:00+00:00,2022,0.7138,0.7337778,0.61391101,0.0199778,5.0,-1.010719,-1.010719,0.0,SL,151,12.5,1.0962,True,False,13080.52,0.5216,68.23,-68.96,13011.56
S2,ETHUSDT,-1,2022-03-07T00:00:00+00:00,2022-03-07T13:35:00+00:00,2022,2549.36,2592.62595263,2419.5621421,43.26595263,3.0,-1.017677,-1.017677,0.0,SL,164,13.58,1.5571,True,False,13011.56,1.378,179.3,-182.47,12829.09
S2,LINKUSDT,-1,2022-03-07T00:00:00+00:00,2022-03-07T14:20:00+00:00,2022,13.315,13.60775173,12.43674482,0.29275173,3.0,-1.013645,-1.013645,0.0,SL,173,14.33,2.0427,True,False,13011.56,1.378,179.3,-181.75,12647.35
S2,DOGEUSDT,-1,2022-03-07T15:00:00+00:00,2022-03-07T19:35:00+00:00,2022,0.12074,0.12261616,0.11511152,0.00187616,3.0,2.980694,2.980694,0.0,TP,56,4.58,3.23,True,False,12647.35,1.378,174.28,519.48,13166.82
S2,LINKUSDT,-1,2022-03-07T20:00:00+00:00,2022-03-08T01:10:00+00:00,2022,12.564,12.92257469,11.48827592,0.35857469,3.0,-1.010512,-1.010512,0.0,SL,63,5.17,0.4211,True,False,13166.82,1.378,181.44,-183.35,12546.97
S2,SOLUSDT,-1,2022-03-07T20:00:00+00:00,2022-03-07T22:35:00+00:00,2022,80.26,82.51470484,73.49588548,2.25470484,3.0,-1.010679,-1.010679,0.0,SL,32,2.58,0.204,True,False,13166.82,1.378,181.44,-183.38,12983.45
S2,XRPUSDT,-1,2022-03-07T20:00:00+00:00,2022-03-07T23:30:00+00:00,2022,0.7113,0.72857016,0.65948953,0.01727016,3.0,-1.012356,-1.012356,0.0,SL,43,3.5,0.5385,True,False,13166.82,1.378,181.44,-183.68,12799.77
S5,DOGEUSDT,-1,2022-03-07T20:00:00+00:00,2022-03-08T00:40:00+00:00,2022,0.11521,0.11828178,0.09985108,0.00307178,5.0,-1.011252,-1.011252,0.0,SL,57,4.67,0.7064,True,False,13166.82,0.5216,68.68,-69.45,12730.31
S1,BTCUSDT,1,2022-03-09T04:00:00+00:00,2022-03-10T04:30:00+00:00,2022,41198.4,40027.64861526,55247.41661687,1170.75138474,12.0,-1.010557,-1.010557,0.0,SL,295,24.5,1.2378,True,False,12546.97,0.9264,116.24,-117.46,12429.51
S2,XRPUSDT,-1,2022-03-10T05:00:00+00:00,2022-03-11T20:20:00+00:00,2022,0.7398,0.75577759,0.69186722,0.01597759,3.0,-1.013891,-1.013891,0.0,SL,473,39.33,1.1892,True,False,12429.51,1.378,171.28,-173.66,12255.85
S2,ETHUSDT,-1,2022-03-11T14:00:00+00:00,2022-03-16T02:05:00+00:00,2022,2618.01,2669.2371084,2464.32867479,51.2271084,3.0,-1.015332,-1.015332,0.0,SL,1298,108.08,2.494,True,False,12429.51,1.378,171.28,-173.9,10620.48
S1,XRPUSDT,1,2022-03-11T22:00:00+00:00,2022-03-12T08:20:00+00:00,2022,0.8078,0.78204166,1.11690003,0.02575834,12.0,-1.009408,-1.009408,0.0,SL,125,10.33,1.5801,True,False,12255.85,0.9264,113.54,-114.61,12026.77
S1,XRPUSDT,1,2022-03-12T01:00:00+00:00,2022-03-12T07:10:00+00:00,2022,0.8215,0.79168555,1.17927346,0.02981445,12.0,-1.008266,-1.008266,0.0,SL,75,6.17,0.9056,True,False,12255.85,0.9264,113.54,-114.48,12141.37
S5,XRPUSDT,-1,2022-03-12T03:00:00+00:00,2022-03-22T03:15:00+00:00,2022,0.8247,0.85789716,0.65871421,0.03319716,5.0,-1.007453,-1.007453,0.0,SL,2884,240.25,2.5364,True,False,12255.85,0.5216,63.93,-64.4,9545.22
S5,DOGEUSDT,-1,2022-03-13T23:00:00+00:00,2022-03-14T04:10:00+00:00,2022,0.1105,0.11279693,0.09901537,0.00229693,5.0,-1.014432,-1.014432,0.0,SL,63,5.17,0.3178,True,False,12026.77,0.5216,62.73,-63.64,11963.13
S5,ETHUSDT,-1,2022-03-13T23:00:00+00:00,2022-03-14T04:10:00+00:00,2022,2502.92,2548.2235363,2276.4023185,45.3035363,5.0,-1.016574,-1.016574,0.0,SL,63,5.17,0.2797,True,False,12026.77,0.5216,62.73,-63.77,11899.36
S4,SOLUSDT,1,2022-03-14T15:00:00+00:00,2022-03-14T17:25:00+00:00,2022,81.36,79.4339181,118.91859701,1.9260819,19.5,-1.012672,-1.012672,0.0,SL,30,2.42,0.0415,True,False,11899.36,1.6151,192.19,-194.62,11704.74
S2,ETHUSDT,-1,2022-03-14T18:00:00+00:00,2022-03-14T22:45:00+00:00,2022,2535.74,2571.41337117,2428.71988649,35.67337117,3.0,-1.021325,-1.021325,0.0,SL,58,4.75,0.6352,True,False,11704.74,1.378,161.29,-164.73,11376.03
S2,LINKUSDT,-1,2022-03-14T18:00:00+00:00,2022-03-14T22:20:00+00:00,2022,12.915,13.14824172,12.21527484,0.23324172,3.0,-1.016612,-1.016612,0.0,SL,53,4.33,0.7846,True,False,11704.74,1.378,161.29,-163.97,11540.76
S2,SOLUSDT,-1,2022-03-14T18:00:00+00:00,2022-03-14T22:45:00+00:00,2022,79.19,80.65943748,74.78168756,1.46943748,3.0,-1.016167,-1.016167,0.0,SL,58,4.75,0.4696,True,False,11704.74,1.378,161.29,-163.9,11212.14
S2,ETHUSDT,-1,2022-03-15T02:00:00+00:00,2022-03-15T15:40:00+00:00,2022,2543.0,2584.49410823,2418.5176753,41.49410823,3.0,-1.018386,-1.018386,0.0,SL,165,13.67,0.9278,True,False,11212.14,1.378,154.5,-157.34,11054.79
S2,LINKUSDT,-1,2022-03-15T02:00:00+00:00,2022-03-15T19:05:00+00:00,2022,13.323,13.5962111,12.50336669,0.2732111,3.0,-1.014629,-1.014629,0.0,SL,206,17.08,1.6764,True,False,11212.14,1.378,154.5,-156.76,10898.03
S1,SOLUSDT,1,2022-03-15T19:00:00+00:00,2022-03-15T23:10:00+00:00,2022,84.85,82.73430815,110.23830217,2.11569185,12.0,-1.012032,-1.012032,0.0,SL,51,4.17,0.5436,True,False,11054.79,0.9264,102.41,-103.64,10794.38
S2,BTCUSDT,-1,2022-03-16T04:00:00+00:00,2022-03-16T08:35:00+00:00,2022,39137.9,40127.59368957,36168.81893128,989.69368957,3.0,-1.011864,-1.011864,0.0,SL,56,4.58,0.2293,True,False,10620.48,1.378,146.35,-148.09,10472.39
S2,ETHUSDT,-1,2022-03-16T04:00:00+00:00,2022-03-16T08:35:00+00:00,2022,2619.83,2680.08556795,2439.06329615,60.25556795,3.0,-1.013044,-1.013044,0.0,SL,56,4.58,0.2461,True,False,10620.48,1.378,146.35,-148.26,10324.13
S2,SOLUSDT,-1,2022-03-16T04:00:00+00:00,2022-03-16T11:40:00+00:00,2022,82.35,84.46375887,76.00872338,2.11375887,3.0,-1.011688,-1.011688,0.0,SL,93,7.67,0.4163,True,False,10620.48,1.378,146.35,-148.06,10176.07
S1,LINKUSDT,1,2022-03-16T20:00:00+00:00,2022-04-11T02:45:00+00:00,2022,14.452,14.00153432,19.8575882,0.45046568,12.0,0.990375,-1.009625,2.0,BE,7282,606.75,8.5955,False,True,,,,,
S1,XRPUSDT,1,2022-03-19T06:00:00+00:00,2022-03-20T09:30:00+00:00,2022,0.8195,0.80573473,0.98468321,0.01376527,12.0,-1.01786,-1.01786,0.0,SL,331,27.5,0.5448,True,False,10176.07,0.9264,94.27,-95.95,9984.5
S1,DOGEUSDT,1,2022-03-19T15:00:00+00:00,2022-03-19T22:15:00+00:00,2022,0.12445,0.12182986,0.15589163,0.00262014,12.0,-1.014249,-1.014249,0.0,SL,88,7.25,0.2023,True,False,10176.07,0.9264,94.27,-95.61,10080.46
S1,ETHUSDT,1,2022-03-21T16:00:00+00:00,2022-03-21T19:15:00+00:00,2022,2954.13,2895.01398599,3663.52216817,59.11601401,12.0,-1.014992,-1.014992,0.0,SL,40,3.25,0.0993,True,False,9984.5,0.9264,92.5,-93.88,9890.62
S2,BTCUSDT,-1,2022-03-21T17:00:00+00:00,2022-03-21T21:50:00+00:00,2022,40768.5,41279.81558843,39234.55323472,511.31558843,3.0,-1.02392,-1.02392,0.0,SL,59,4.83,0.0751,True,False,9984.5,1.378,137.59,-140.88,9749.74
S2,ETHUSDT,-1,2022-03-21T17:00:00+00:00,2022-03-22T02:25:00+00:00,2022,2905.3,2952.59222405,2763.42332786,47.29222405,3.0,-1.01843,-1.01843,0.0,SL,114,9.42,0.5088,True,False,9984.5,1.378,137.59,-140.12,9609.62
S1,XRPUSDT,1,2022-03-21T20:00:00+00:00,2022-03-22T18:30:00+00:00,2022,0.8468,0.8279098,1.07348239,0.0188902,12.0,-1.013448,-1.013448,0.0,SL,271,22.5,0.9741,True,False,9890.62,0.9264,91.63,-92.86,9318.59
S2,LINKUSDT,-1,2022-03-22T07:00:00+00:00,2022-03-22T11:20:00+00:00,2022,15.501,15.77502092,14.67893725,0.27402092,3.0,-1.016971,-1.016971,0.0,SL,53,4.33,0.2445,True,False,9545.22,1.378,131.53,-133.77,9411.45
S1,DOGEUSDT,1,2022-03-23T17:00:00+00:00,2022-03-23T17:45:00+00:00,2022,0.13041,0.1272072,0.16884359,0.0032028,12.0,-1.012215,-1.012215,0.0,SL,10,0.75,0.2467,True,False,9249.62,0.9264,85.69,-86.74,9162.88
S2,ETHUSDT,-1,2022-03-23T18:00:00+00:00,2022-03-23T22:30:00+00:00,2022,2963.51,3012.57544594,2816.31366218,49.06544594,3.0,-1.01812,-1.01812,0.0,SL,55,4.5,0.2631,True,False,9162.88,1.378,126.26,-128.55,9034.33
S2,LINKUSDT,-1,2022-03-23T18:00:00+00:00,2022-03-24T00:10:00+00:00,2022,15.642,15.9375981,14.75520571,0.2955981,3.0,-1.015875,-1.015875,0.0,SL,75,6.17,0.4161,True,False,9162.88,1.378,126.26,-128.27,8906.06
S2,DOGEUSDT,-1,2022-03-24T13:00:00+00:00,2022-03-27T03:35:00+00:00,2022,0.13492,0.13944592,0.12134223,0.00452592,3.0,-1.008943,-1.008943,0.0,SL,752,62.58,1.7278,True,False,8906.06,1.378,122.73,-123.82,7337.25
S1,ETHUSDT,1,2022-03-24T15:00:00+00:00,2022-04-07T00:55:00+00:00,2022,3077.6,3011.58587734,3869.76947189,66.01412266,12.0,0.986014,-1.013986,2.0,BE,3864,321.92,7.6105,True,False,8906.06,0.9264,82.51,81.35,6246.26
S1,LINKUSDT,1,2022-03-24T15:00:00+00:00,2022-03-25T16:40:00+00:00,2022,16.19,15.76059258,21.3428891,0.42940742,12.0,-1.011311,-1.011311,0.0,SL,309,25.67,0.6148,True,False,8906.06,0.9264,82.51,-83.44,8822.62
S2,BTCUSDT,-1,2022-03-25T16:00:00+00:00,2022-03-27T02:05:00+00:00,2022,44320.2,44857.63583038,42707.89250887,537.43583038,3.0,-1.02474,-1.02474,0.0,SL,410,34.08,0.5958,True,False,8906.06,1.378,122.73,-125.76,7721.09
S2,LINKUSDT,-1,2022-03-25T16:00:00+00:00,2022-03-27T16:50:00+00:00,2022,15.896,16.20618767,14.965437,0.31018767,3.0,-1.015374,-1.015374,0.0,SL,587,48.83,1.4411,True,False,8906.06,1.378,122.73,-124.61,7212.64
S2,SOLUSDT,-1,2022-03-25T16:00:00+00:00,2022-03-26T16:15:00+00:00,2022,100.28,102.77627196,92.79118412,2.49627196,3.0,-1.012052,-1.012052,0.0,SL,292,24.25,1.2899,True,False,8906.06,1.378,122.73,-124.2,8326.8
S2,ETHUSDT,-1,2022-03-25T17:00:00+00:00,2022-03-26T20:25:00+00:00,2022,3094.98,3142.64423454,2951.98729638,47.66423454,3.0,-1.01948,-1.01948,0.0,SL,330,27.42,0.4192,True,False,8822.62,1.378,121.58,-123.94,8202.85
S2,LINKUSDT,-1,2022-03-25T17:00:00+00:00,2022-03-27T01:50:00+00:00,2022,15.657,15.98424569,14.67526293,0.32724569,3.0,-1.014353,-1.014353,0.0,SL,395,32.83,0.6356,True,False,8822.62,1.378,121.58,-123.32,7846.85
S2,SOLUSDT,-1,2022-03-25T17:00:00+00:00,2022-03-26T05:45:00+00:00,2022,98.28,100.88403825,90.46788526,2.60403825,3.0,-1.011322,-1.011322,0.0,SL,154,12.75,0.4685,True,False,8822.62,1.378,121.58,-122.95,8699.67
S3,ETHUSDT,-1,2022-03-25T17:00:00+00:00,2022-03-26T20:25:00+00:00,2022,3094.98,3143.37642345,2824.88267095,63.55231272,4.25,-0.776131,-0.776131,0.0,SL,330,27.42,0.3144,True,False,8822.62,3.3981,299.8,-232.69,7970.17
S3,LINKUSDT,-1,2022-03-25T17:00:00+00:00,2022-03-27T02:05:00+00:00,2022,15.657,16.03072457,13.80260776,0.43632759,4.25,-0.867288,-0.867288,0.0,SL,398,33.08,0.4767,True,False,8822.62,3.3981,299.8,-260.01,7461.07
S3,SOLUSDT,-1,2022-03-25T17:00:00+00:00,2022-03-26T05:50:00+00:00,2022,98.28,101.13040382,83.52378326,3.472051,4.25,-0.829449,-0.829449,0.0,SL,155,12.83,0.3514,True,False,8822.62,3.3981,299.8,-248.67,8451.0
S5,DOGEUSDT,-1,2022-03-27T10:00:00+00:00,2022-03-27T21:30:00+00:00,2022,0.14006,0.14423574,0.11918132,0.00417574,5.0,-1.010062,-1.010062,0.0,SL,139,11.5,0.9507,False,True,,,,,
S2,DOGEUSDT,-1,2022-03-27T13:00:00+00:00,2022-03-27T15:30:00+00:00,2022,0.13655,0.13976265,0.12691204,0.00321265,3.0,-1.012751,-1.012751,0.0,SL,31,2.5,0.1432,False,True,,,,,
S1,LINKUSDT,1,2022-03-27T21:00:00+00:00,2022-03-31T16:05:00+00:00,2022,16.582,16.23148542,20.78817494,0.35051458,12.0,0.985808,-1.014192,2.0,BE,1094,91.08,4.211,False,True,,,,,
S1,ETHUSDT,1,2022-03-28T00:00:00+00:00,2022-04-01T02:15:00+00:00,2022,3295.01,3240.22473941,3952.43312709,54.78526059,12.0,-1.018043,-1.018043,0.0,SL,1180,98.25,3.3766,True,False,7212.64,0.9264,66.82,-68.02,7022.44
S5,SOLUSDT,-1,2022-03-28T07:00:00+00:00,2022-03-28T14:45:00+00:00,2022,108.71,112.0687725,91.91613749,3.3587725,5.0,-1.00971,-1.00971,0.0,SL,94,7.75,0.3364,True,False,7212.64,0.5216,37.62,-37.99,7174.65
S2,SOLUSDT,-1,2022-03-28T16:00:00+00:00,2022-03-28T18:45:00+00:00,2022,109.83,112.74642289,101.08073132,2.91642289,3.0,-1.011298,-1.011298,0.0,SL,34,2.75,0.3669,True,False,7174.65,1.378,98.87,-99.98,7074.67
S5,ETHUSDT,-1,2022-03-28T16:00:00+00:00,2022-03-28T18:45:00+00:00,2022,3356.41,3416.67042644,3055.1078678,60.26042644,5.0,-1.01671,-1.01671,0.0,SL,34,2.75,0.3885,True,False,7174.65,0.5216,37.42,-38.05,7036.62
S1,XRPUSDT,1,2022-03-28T19:00:00+00:00,2022-03-28T21:30:00+00:00,2022,0.9096,0.88745307,1.17536318,0.02214693,12.0,-1.012321,-1.012321,0.0,SL,31,2.5,0.0045,True,False,7036.62,0.9264,65.19,-65.99,6970.63
S2,SOLUSDT,-1,2022-03-29T00:00:00+00:00,2022-03-29T01:40:00+00:00,2022,105.73,109.14909237,95.4727229,3.41909237,3.0,-1.009277,-1.009277,0.0,SL,21,1.67,0.0877,True,False,6970.63,1.378,96.06,-96.95,6873.68
S2,ETHUSDT,-1,2022-03-29T16:00:00+00:00,2022-04-01T01:50:00+00:00,2022,3401.22,3453.23901543,3245.16295371,52.01901543,3.0,2.980385,2.980385,0.0,TP,695,57.83,3.08,True,False,6873.68,1.378,94.72,282.3,7090.47
S2,LINKUSDT,-1,2022-03-29T16:00:00+00:00,2022-03-30T03:30:00+00:00,2022,16.993,17.3571261,15.9006217,0.3641261,3.0,-1.014,-1.014,0.0,SL,139,11.5,1.31,True,False,6873.68,1.378,94.72,-96.05,6713.48
S2,SOLUSDT,-1,2022-03-29T16:00:00+00:00,2022-03-30T12:55:00+00:00,2022,111.61,114.85781285,101.86656146,3.24781285,3.0,-1.010309,-1.010309,0.0,SL,252,20.92,1.404,True,False,6873.68,1.378,94.72,-95.7,6617.79
S2,XRPUSDT,-1,2022-03-29T16:00:00+00:00,2022-03-31T14:00:00+00:00,2022,0.8593,0.87559049,0.81042852,0.01629049,3.0,2.984175,2.984175,0.0,TP,553,46.0,5.2976,True,False,6873.68,1.378,94.72,282.66,6808.17
S1,SOLUSDT,1,2022-03-29T20:00:00+00:00,2022-03-29T22:30:00+00:00,2022,113.91,109.33684653,168.78784162,4.57315347,12.0,-1.007473,-1.007473,0.0,SL,31,2.5,0.0131,True,False,6873.68,0.9264,63.68,-64.15,6809.53
S2,LINKUSDT,-1,2022-03-30T19:00:00+00:00,2022-03-31T08:10:00+00:00,2022,17.236,17.67031628,15.93305115,0.43431628,3.0,-1.011906,-1.011906,0.0,SL,159,13.17,0.4766,True,False,6617.79,1.378,91.19,-92.28,6525.51
S2,SOLUSDT,-1,2022-03-31T16:00:00+00:00,2022-04-03T00:00:00+00:00,2022,125.34,129.64517889,112.42446334,4.30517889,3.0,-1.008734,-1.008734,0.0,SL,97,56.0,0.8316,True,False,6808.17,1.378,93.82,-94.64,6658.62
S5,BTCUSDT,-1,2022-03-31T17:00:00+00:00,2022-04-01T15:05:00+00:00,2022,45688.8,46443.95402616,41913.02986921,755.15402616,5.0,-1.018151,-1.018151,0.0,SL,266,22.08,1.9633,True,False,6808.17,0.5216,35.51,-36.16,6948.65
S5,XRPUSDT,-1,2022-03-31T17:00:00+00:00,2022-04-03T04:00:00+00:00,2022,0.8011,0.82905486,0.66132568,0.02795486,5.0,-1.008597,-1.008597,0.0,SL,133,59.0,0.0393,True,False,6808.17,0.5216,35.51,-35.82,6622.81
S5,BTCUSDT,-1,2022-04-01T02:00:00+00:00,2022-04-01T14:10:00+00:00,2022,44926.1,45692.89739693,41092.11301536,766.79739693,5.0,-1.017577,-1.017577,0.0,SL,147,12.17,0.9388,True,False,7090.47,0.5216,36.98,-37.63,6984.81
S2,BTCUSDT,-1,2022-04-01T17:00:00+00:00,2022-04-02T00:50:00+00:00,2022,46017.5,46650.96419554,44117.10741338,633.46419554,3.0,-1.021793,-1.021793,0.0,SL,95,7.83,0.2109,True,False,6948.65,1.378,95.75,-97.84,6753.26
S2,ETHUSDT,-1,2022-04-01T17:00:00+00:00,2022-04-01T17:35:00+00:00,2022,3408.71,3463.03529689,3245.73410932,54.32529689,3.0,-1.018824,-1.018824,0.0,SL,8,0.58,0.0849,True,False,6948.65,1.378,95.75,-97.55,6851.1
S1,ETHUSDT,1,2022-04-01T18:00:00+00:00,2022-04-05T23:55:00+00:00,2022,3468.86,3391.47153718,4397.52155384,77.38846282,12.0,-1.013447,-1.013447,0.0,SL,1224,101.92,1.4361,True,False,6851.1,0.9264,63.47,-64.32,6224.07
S2,DOGEUSDT,-1,2022-04-03T16:00:00+00:00,2022-04-03T22:25:00+00:00,2022,0.14554,0.14880806,0.13573581,0.00326806,3.0,-1.01336,-1.01336,0.0,SL,78,6.42,0.5385,True,False,6622.81,1.378,91.26,-92.48,6530.32
S2,BTCUSDT,-1,2022-04-04T01:00:00+00:00,2022-04-04T21:00:00+00:00,2022,45862.08,46460.24700849,44067.57897452,598.16700849,3.0,-1.023001,-1.023001,0.0,SL,241,20.0,1.2439,True,False,6530.32,1.378,89.99,-92.06,6438.27
S2,DOGEUSDT,-1,2022-04-04T16:00:00+00:00,2022-04-04T22:20:00+00:00,2022,0.14391,0.14911039,0.12830883,0.00520039,3.0,-1.008302,-1.008302,0.0,SL,77,6.33,0.5307,True,False,6530.32,1.378,89.99,-90.73,6347.53
S1,DOGEUSDT,1,2022-04-05T15:00:00+00:00,2022-04-06T09:50:00+00:00,2022,0.16262,0.15475311,0.25702268,0.00786689,12.0,-1.006201,-1.006201,0.0,SL,227,18.83,2.1457,True,False,6347.53,0.9264,58.8,-59.17,6164.91
S1,DOGEUSDT,1,2022-04-05T17:00:00+00:00,2022-04-05T19:10:00+00:00,2022,0.17203,0.16290528,0.28152659,0.00912472,12.0,-1.005656,-1.005656,0.0,SL,27,2.17,0.8187,True,False,6347.53,0.9264,58.8,-59.14,6288.4
S5,BTCUSDT,-1,2022-04-06T14:00:00+00:00,2022-04-11T17:15:00+00:00,2022,44165.9,44930.48702226,40342.96488868,764.58702226,5.0,4.982671,4.982671,0.0,TP,1480,123.25,5.1739,True,False,6164.91,0.5216,32.16,160.22,6561.36
S5,ETHUSDT,-1,2022-04-06T14:00:00+00:00,2022-04-25T00:20:00+00:00,2022,3251.58,3328.67001704,2866.12991482,77.09001704,5.0,4.987346,4.987346,0.0,TP,5309,442.33,5.1062,True,False,6164.91,0.5216,32.16,160.37,8790.0
S5,BTCUSDT,-1,2022-04-07T00:00:00+00:00,2022-04-25T07:00:00+00:00,2022,43159.8,44087.64887455,38520.55562727,927.84887455,5.0,4.986045,4.986045,0.0,TP,5269,439.0,5.3455,True,False,6164.91,0.5216,32.16,160.33,11001.79
S2,LINKUSDT,-1,2022-04-11T03:00:00+00:00,2022-04-11T12:10:00+00:00,2022,14.878,15.13770395,14.09888815,0.25970395,3.0,2.982814,2.982814,0.0,TP,111,9.17,3.0612,True,False,6246.26,1.378,86.07,256.74,6401.14
S4,SOLUSDT,1,2022-04-11T04:00:00+00:00,2022-04-11T09:30:00+00:00,2022,109.94,106.53238709,176.38845167,3.40761291,19.5,-1.009679,-1.009679,0.0,SL,67,5.5,0.5634,True,False,6246.26,1.6151,100.88,-101.86,6144.4
S2,BTCUSDT,-1,2022-04-11T10:00:00+00:00,2022-04-11T19:25:00+00:00,2022,41416.22,41908.434762,39939.57571399,492.214762,3.0,2.974757,2.974757,0.0,TP,114,9.42,3.2277,True,False,6144.4,1.378,84.67,251.87,6813.23
S2,SOLUSDT,-1,2022-04-11T10:00:00+00:00,2022-04-12T12:30:00+00:00,2022,104.68,107.56024616,96.03926151,2.88024616,3.0,-1.010903,-1.010903,0.0,SL,319,26.5,2.3262,True,False,6144.4,1.378,84.67,-85.59,6727.64
S3,SOLUSDT,-1,2022-04-11T10:00:00+00:00,2022-04-20T11:00:00+00:00,2022,104.68,110.03802462,88.35860507,3.84032822,4.25,-1.403377,-1.403377,0.0,SL,2605,217.0,2.6248,True,False,6144.4,3.3981,208.79,-293.01,5972.98
S5,ETHUSDT,-1,2022-04-11T10:00:00+00:00,2022-04-14T01:50:00+00:00,2022,3078.9,3139.57289004,2775.53554981,60.67289004,5.0,-1.015224,-1.015224,0.0,SL,767,63.83,2.2056,True,False,6144.4,0.5216,32.05,-32.54,6380.57
S5,LINKUSDT,-1,2022-04-11T10:00:00+00:00,2022-04-26T20:10:00+00:00,2022,14.266,14.64693182,12.3613409,0.38093182,5.0,4.988765,4.988765,0.0,TP,4443,370.17,5.1164,True,False,6144.4,0.5216,32.05,159.89,10452.01
S5,XRPUSDT,-1,2022-04-11T10:00:00+00:00,2022-04-12T23:05:00+00:00,2022,0.7103,0.72546132,0.63449341,0.01516132,5.0,-1.014055,-1.014055,0.0,SL,446,37.08,2.0579,True,False,6144.4,0.5216,32.05,-32.5,6695.14
S2,ETHUSDT,-1,2022-04-12T14:00:00+00:00,2022-04-13T15:20:00+00:00,2022,3049.44,3099.7077349,2898.6367953,50.2677349,3.0,-1.018199,-1.018199,0.0,SL,305,25.33,1.6798,True,False,6727.64,1.378,92.71,-94.39,6507.15
S2,LINKUSDT,-1,2022-04-12T15:00:00+00:00,2022-04-14T01:15:00+00:00,2022,13.943,14.23281562,13.07355313,0.28981562,3.0,-1.014433,-1.014433,0.0,SL,412,34.25,1.0903,True,False,6727.64,1.378,92.71,-94.04,6413.1
S2,SOLUSDT,-1,2022-04-12T19:00:00+00:00,2022-04-13T03:20:00+00:00,2022,101.38,104.53817111,91.90548666,3.15817111,3.0,-1.00963,-1.00963,0.0,SL,101,8.33,0.3515,True,False,6727.64,1.378,92.71,-93.6,6601.54
S2,DOGEUSDT,-1,2022-04-14T14:00:00+00:00,2022-04-15T05:40:00+00:00,2022,0.14207,0.1458702,0.13066939,0.0038002,3.0,-1.011215,-1.011215,0.0,SL,189,15.67,0.9736,True,False,6380.57,1.378,87.92,-88.91,6081.67
S2,DOGEUSDT,-1,2022-04-14T16:00:00+00:00,2022-04-14T17:20:00+00:00,2022,0.13911,0.14329688,0.12654935,0.00418688,3.0,-1.009968,-1.009968,0.0,SL,17,1.33,0.1218,True,False,6380.57,1.378,87.92,-88.8,6291.77
S5,LINKUSDT,-1,2022-04-14T16:00:00+00:00,2022-04-15T03:25:00+00:00,2022,13.501,13.83946285,11.80868577,0.33846285,5.0,-1.011967,-1.011967,0.0,SL,138,11.42,0.5407,True,False,6380.57,0.5216,33.28,-33.68,6170.58
S2,DOGEUSDT,-1,2022-04-14T19:00:00+00:00,2022-04-14T23:15:00+00:00,2022,0.1397,0.14419112,0.12622663,0.00449112,3.0,-1.009332,-1.009332,0.0,SL,52,4.25,0.0579,True,False,6291.77,1.378,86.7,-87.51,6204.26
S4,LINKUSDT,1,2022-04-14T21:00:00+00:00,2022-04-18T04:20:00+00:00,2022,13.629,13.29138019,20.21258638,0.33761981,19.5,-1.01211,-1.01211,0.0,SL,953,79.33,2.9323,True,False,6291.77,1.6151,101.62,-102.85,6108.05
S1,XRPUSDT,1,2022-04-15T04:00:00+00:00,2022-04-15T07:20:00+00:00,2022,0.7863,0.76400942,1.05378699,0.02229058,12.0,-1.010582,-1.010582,0.0,SL,41,3.33,0.4935,True,False,6170.58,0.9264,57.16,-57.77,6023.9
S1,LINKUSDT,1,2022-04-17T12:00:00+00:00,2022-04-17T16:55:00+00:00,2022,14.588,14.32291791,17.76898504,0.26508209,12.0,-1.01651,-1.01651,0.0,SL,60,4.92,0.1169,True,False,6023.9,0.9264,55.81,-56.73,5967.17
S2,ETHUSDT,-1,2022-04-17T17:00:00+00:00,2022-04-17T23:45:00+00:00,2022,3057.36,3082.91081865,2980.70754406,25.55081865,3.0,2.964103,2.964103,0.0,TP,82,6.75,3.0042,True,False,5967.17,1.378,82.23,243.73,6210.9
S2,ETHUSDT,-1,2022-04-18T00:00:00+00:00,2022-04-18T07:45:00+00:00,2022,2986.02,3020.92462949,2881.30611154,34.90462949,3.0,2.974336,2.974336,0.0,TP,94,7.75,3.1557,True,False,6210.9,1.378,85.59,254.56,6362.61
S5,LINKUSDT,-1,2022-04-18T05:00:00+00:00,2022-04-18T17:10:00+00:00,2022,13.269,13.62470284,11.4904858,0.35570284,5.0,-1.011191,-1.011191,0.0,SL,147,12.17,0.3767,True,False,6108.05,0.5216,31.86,-32.22,6265.99
S5,SOLUSDT,-1,2022-04-18T05:00:00+00:00,2022-04-18T12:35:00+00:00,2022,95.43,98.36748503,80.74257483,2.93748503,5.0,-1.009746,-1.009746,0.0,SL,92,7.58,0.2826,True,False,6108.05,0.5216,31.86,-32.17,6330.44
S5,XRPUSDT,-1,2022-04-18T05:00:00+00:00,2022-04-18T12:35:00+00:00,2022,0.7299,0.7484448,0.637176,0.0185448,5.0,-1.011808,-1.011808,0.0,SL,92,7.58,0.1294,True,False,6108.05,0.5216,31.86,-32.24,6298.21
S4,SOLUSDT,1,2022-04-18T18:00:00+00:00,2022-04-25T00:20:00+00:00,2022,100.94,97.78103974,162.53972516,3.15896026,19.5,-1.009586,-1.009586,0.0,SL,1805,150.33,3.1593,True,False,6265.99,1.6151,101.2,-102.17,8687.83
S1,BTCUSDT,1,2022-04-19T14:00:00+00:00,2022-04-21T20:35:00+00:00,2022,41451.52,40789.83633023,49391.72403726,661.68366977,12.0,-1.018794,-1.018794,0.0,SL,656,54.58,2.2888,True,False,6265.99,0.9264,58.05,-59.14,5746.64
S2,LINKUSDT,-1,2022-04-20T14:00:00+00:00,2022-04-21T11:35:00+00:00,2022,14.093,14.33159542,13.37721373,0.23859542,3.0,-1.01772,-1.01772,0.0,SL,260,21.58,1.6555,True,False,5972.98,1.378,82.31,-83.77,5889.21
S2,SOLUSDT,-1,2022-04-20T15:00:00+00:00,2022-04-21T12:45:00+00:00,2022,106.87,109.21536182,99.83391453,2.34536182,3.0,-1.01367,-1.01367,0.0,SL,262,21.75,1.1512,True,False,5972.98,1.378,82.31,-83.43,5805.78
S4,LINKUSDT,1,2022-04-20T17:00:00+00:00,2022-04-21T20:35:00+00:00,2022,13.914,13.57930848,20.44048463,0.33469152,19.5,-1.012472,-1.012472,0.0,SL,332,27.58,1.3714,True,False,5972.98,1.6151,96.47,-97.67,5648.97
S2,BTCUSDT,-1,2022-04-21T16:00:00+00:00,2022-04-21T20:55:00+00:00,2022,42129.2,42649.58978412,40568.03064764,520.38978412,3.0,2.975713,2.975713,0.0,TP,60,4.92,3.1177,True,False,5805.78,1.378,80.0,238.07,5887.03
S2,ETHUSDT,-1,2022-04-21T16:00:00+00:00,2022-04-21T22:25:00+00:00,2022,3104.18,3147.00637946,2975.70086162,42.82637946,3.0,2.978255,2.978255,0.0,TP,78,6.42,3.1917,True,False,5805.78,1.378,80.0,238.27,6125.31
S2,LINKUSDT,-1,2022-04-21T16:00:00+00:00,2022-04-21T22:30:00+00:00,2022,14.094,14.32705879,13.39482363,0.23305879,3.0,2.981858,2.981858,0.0,TP,79,6.5,3.2095,True,False,5805.78,1.378,80.0,238.56,6601.96
S2,SOLUSDT,-1,2022-04-21T16:00:00+00:00,2022-04-21T22:30:00+00:00,2022,107.75,110.13588504,100.59234487,2.38588504,3.0,2.986452,2.986452,0.0,TP,79,6.5,3.3489,True,False,5805.78,1.378,80.0,238.93,6840.88
S3,BTCUSDT,-1,2022-04-21T16:00:00+00:00,2022-04-22T16:05:00+00:00,2022,42129.2,42615.23897841,39180.32455664,693.8530455,4.25,4.231785,4.231785,0.0,TP,290,24.08,4.3182,True,False,5805.78,3.3981,197.29,834.87,8391.26
S2,BTCUSDT,-1,2022-04-21T17:00:00+00:00,2022-04-21T22:25:00+00:00,2022,41805.0,42328.06551383,40235.80345852,523.06551383,3.0,2.976023,2.976023,0.0,TP,66,5.42,3.0971,True,False,5805.78,1.378,80.0,238.09,6363.4
S2,ETHUSDT,-1,2022-04-21T17:00:00+00:00,2022-04-21T22:30:00+00:00,2022,3077.86,3121.01092379,2948.40722864,43.15092379,3.0,2.978602,2.978602,0.0,TP,67,5.5,3.3494,True,False,5805.78,1.378,80.0,238.3,7079.18
S2,SOLUSDT,-1,2022-04-21T17:00:00+00:00,2022-04-22T16:00:00+00:00,2022,106.37,108.74082183,99.25753452,2.37082183,3.0,2.98654,2.98654,0.0,TP,277,23.0,3.0032,True,False,5805.78,1.378,80.0,238.93,7556.38
S3,BTCUSDT,-1,2022-04-21T17:00:00+00:00,2022-04-25T00:20:00+00:00,2022,41805.0,42224.20655138,38840.96208831,697.4206851,4.25,4.232017,4.232017,0.0,TP,953,79.33,4.3948,True,False,5805.78,3.3981,197.29,834.92,9522.74
S3,ETHUSDT,-1,2022-04-21T17:00:00+00:00,2022-04-25T06:10:00+00:00,2022,3077.86,3111.39509238,2833.33809855,57.53456505,4.25,4.233951,4.233951,0.0,TP,1023,85.17,4.353,True,False,5805.78,3.3981,197.29,835.3,10841.46
S2,XRPUSDT,-1,2022-04-21T18:00:00+00:00,2022-04-21T22:30:00+00:00,2022,0.7519,0.76223975,0.72088075,0.01033975,3.0,2.978184,2.978184,0.0,TP,55,4.5,3.5011,True,False,5805.78,1.378,80.0,238.27,7317.45
S2,ETHUSDT,-1,2022-04-21T20:00:00+00:00,2022-04-25T00:10:00+00:00,2022,3024.85,3069.05449692,2892.23650923,44.20449692,3.0,2.979471,2.979471,0.0,TP,915,76.17,3.0083,True,False,5805.78,1.378,80.0,238.37,8629.62
S2,BTCUSDT,-1,2022-04-21T21:00:00+00:00,2022-04-25T00:20:00+00:00,2022,40594.7,41168.67717072,38872.76848784,573.97717072,3.0,2.978782,2.978782,0.0,TP,905,75.33,3.2313,True,False,5887.03,1.378,81.12,241.65,9764.39
S2,ETHUSDT,-1,2022-04-21T21:00:00+00:00,2022-04-25T00:20:00+00:00,2022,2999.06,3044.49881857,2862.74354429,45.43881857,3.0,2.980199,2.980199,0.0,TP,905,75.33,3.1057,True,False,5887.03,1.378,81.12,241.76,10006.16
S3,BTCUSDT,-1,2022-04-21T21:00:00+00:00,2022-05-05T15:05:00+00:00,2022,40594.7,41364.19771707,37342.16269925,765.30289429,4.25,4.234087,4.234087,0.0,TP,3962,330.08,6.6112,True,False,5887.03,3.3981,200.05,847.02,12982.94
S5,BTCUSDT,-1,2022-04-22T15:00:00+00:00,2022-04-25T22:45:00+00:00,2022,39866.99,40625.93678115,36072.25609425,758.94678115,5.0,-1.015759,-1.015759,0.0,SL,958,79.75,2.236,True,False,7317.45,0.5216,38.17,-38.77,10463.61
S5,ETHUSDT,-1,2022-04-25T01:00:00+00:00,2022-04-25T16:15:00+00:00,2022,2855.37,2904.41770506,2610.13147471,49.04770506,5.0,-1.017465,-1.017465,0.0,SL,184,15.25,1.3063,True,False,10006.16,0.5216,52.19,-53.1,10502.38
S2,BTCUSDT,-1,2022-04-25T07:00:00+00:00,2022-04-25T13:35:00+00:00,2022,38636.35,39088.55872623,37279.72382132,452.20872623,3.0,-1.025632,-1.025632,0.0,SL,80,6.58,1.0313,True,False,11001.79,1.378,151.6,-155.49,10729.8
S5,DOGEUSDT,-1,2022-04-25T07:00:00+00:00,2022-04-25T11:15:00+00:00,2022,0.12511,0.12800488,0.1106356,0.00289488,5.0,-1.012965,-1.012965,0.0,SL,52,4.25,0.9983,True,False,11001.79,0.5216,57.39,-58.13,10943.66
S5,ETHUSDT,-1,2022-04-25T07:00:00+00:00,2022-04-25T12:20:00+00:00,2022,2819.48,2868.79588005,2572.90059974,49.31588005,5.0,-1.017152,-1.017152,0.0,SL,65,5.33,0.5714,True,False,11001.79,0.5216,57.39,-58.37,10885.29
S5,LINKUSDT,-1,2022-04-25T07:00:00+00:00,2022-04-25T13:35:00+00:00,2022,12.735,13.05795564,11.12022178,0.32295564,5.0,-1.01183,-1.01183,0.0,SL,80,6.58,0.6657,True,False,11001.79,0.5216,57.39,-58.06,10671.74
S5,SOLUSDT,-1,2022-04-25T07:00:00+00:00,2022-04-25T14:30:00+00:00,2022,95.68,97.95855752,84.2872124,2.27855752,5.0,-1.012597,-1.012597,0.0,SL,91,7.5,0.6934,True,False,11001.79,0.5216,57.39,-58.11,10555.48
S5,XRPUSDT,-1,2022-04-25T07:00:00+00:00,2022-04-25T13:35:00+00:00,2022,0.6542,0.66900089,0.58019555,0.01480089,5.0,-1.01326,-1.01326,0.0,SL,80,6.58,0.6756,True,False,11001.79,0.5216,57.39,-58.15,10613.59
S4,LINKUSDT,1,2022-04-25T20:00:00+00:00,2022-04-26T14:00:00+00:00,2022,13.364,12.9980533,20.49996063,0.3659467,19.5,-1.010956,-1.010956,0.0,SL,217,18.0,0.3826,True,False,10502.38,1.6151,169.62,-171.48,10292.13
S2,XRPUSDT,-1,2022-04-26T14:00:00+00:00,2022-04-26T23:15:00+00:00,2022,0.6653,0.67777586,0.62787242,0.01247586,3.0,2.984002,2.984002,0.0,TP,112,9.25,3.1501,True,False,10292.13,1.378,141.83,423.21,10875.22
S2,XRPUSDT,-1,2022-04-26T15:00:00+00:00,2022-04-29T10:45:00+00:00,2022,0.6574,0.67005615,0.61943154,0.01265615,3.0,2.984417,2.984417,0.0,TP,814,67.75,3.5872,True,False,10292.13,1.378,141.83,423.27,11244.06
S3,XRPUSDT,-1,2022-04-26T15:00:00+00:00,2022-04-30T23:05:00+00:00,2022,0.6574,0.66736562,0.58568179,0.01687487,4.25,4.238313,4.238313,0.0,TP,1250,104.08,5.7186,True,False,10292.13,3.3981,349.74,1482.29,12726.35
S5,ETHUSDT,-1,2022-04-26T16:00:00+00:00,2022-04-28T07:45:00+00:00,2022,2858.25,2920.31450047,2547.92749764,62.06450047,5.0,-1.013816,-1.013816,0.0,SL,478,39.75,1.5626,True,False,10292.13,0.5216,53.68,-54.43,10820.79
S5,SOLUSDT,-1,2022-04-30T23:00:00+00:00,2022-05-01T03:45:00+00:00,2022,85.32,87.92974291,72.27128544,2.60974291,5.0,-1.009808,-1.009808,0.0,SL,58,4.75,1.3986,True,False,11244.06,0.5216,58.65,-59.22,12667.13
S4,BTCUSDT,1,2022-05-01T21:00:00+00:00,2022-05-03T18:25:00+00:00,2022,38286.0,37687.40877363,49958.52891425,598.59122637,19.5,-1.019188,-1.019188,0.0,SL,546,45.42,1.4724,True,False,12667.13,1.6151,204.59,-208.51,12458.62
S4,ETHUSDT,1,2022-05-01T21:00:00+00:00,2022-05-03T20:20:00+00:00,2022,2811.91,2756.13937228,3899.43724054,55.77062772,19.5,-1.015126,-1.015126,0.0,SL,569,47.33,1.2594,True,False,12667.13,1.6151,204.59,-207.68,12250.94
S1,ETHUSDT,1,2022-05-04T19:00:00+00:00,2022-05-05T14:20:00+00:00,2022,2933.6,2867.96676123,3721.19886522,65.63323877,12.0,-1.013409,-1.013409,0.0,SL,233,19.33,0.4784,True,False,12250.94,0.9264,113.49,-115.01,12135.92
S2,SOLUSDT,-1,2022-05-05T14:00:00+00:00,2022-05-05T15:50:00+00:00,2022,89.76,91.57179336,84.32461991,1.81179336,3.0,2.985137,2.985137,0.0,TP,23,1.83,3.1129,True,False,12250.94,1.378,168.82,503.94,13486.88
S2,DOGEUSDT,-1,2022-05-05T15:00:00+00:00,2022-05-09T02:25:00+00:00,2022,0.13027,0.13312379,0.12170864,0.00285379,3.0,2.986306,2.986306,0.0,TP,1002,83.42,3.2939,True,False,12135.92,1.378,167.23,499.41,16812.98
S2,LINKUSDT,-1,2022-05-05T15:00:00+00:00,2022-05-05T18:20:00+00:00,2022,11.397,11.67180602,10.57258193,0.27480602,3.0,2.987558,2.987558,0.0,TP,41,3.33,3.0494,True,False,12135.92,1.378,167.23,499.62,13986.5
S2,SOLUSDT,-1,2022-05-05T15:00:00+00:00,2022-05-05T18:20:00+00:00,2022,87.83,89.81023669,81.88928992,1.98023669,3.0,2.986694,2.986694,0.0,TP,41,3.33,3.4238,True,False,12135.92,1.378,167.23,499.47,14485.98
S3,LINKUSDT,-1,2022-05-05T15:00:00+00:00,2022-05-08T17:05:00+00:00,2022,11.397,11.8364806,9.83976587,0.36640803,4.25,4.240669,4.240669,0.0,TP,890,74.08,4.2767,True,False,12135.92,3.3981,412.39,1748.81,16313.57
S5,BTCUSDT,-1,2022-05-05T15:00:00+00:00,2022-05-07T21:20:00+00:00,2022,38214.5,38807.43157204,35249.84213979,592.93157204,5.0,4.980665,4.980665,0.0,TP,653,54.33,5.4045,True,False,12135.92,0.5216,63.3,315.28,14564.76
S5,ETHUSDT,-1,2022-05-05T18:00:00+00:00,2022-05-09T10:25:00+00:00,2022,2741.5,2808.46425939,2406.67870306,66.96425939,5.0,4.987718,4.987718,0.0,TP,1062,88.42,5.0923,True,False,13486.88,0.5216,70.35,350.87,17163.86
S5,SOLUSDT,-1,2022-05-05T18:00:00+00:00,2022-05-09T16:40:00+00:00,2022,83.08,86.31936347,66.88318267,3.23936347,5.0,4.992306,4.992306,0.0,TP,1137,94.67,5.0535,True,False,13486.88,0.5216,70.35,351.2,17515.05
S4,DOGEUSDT,1,2022-05-06T05:00:00+00:00,2022-05-06T07:40:00+00:00,2022,0.12894,0.12536774,0.19859908,0.00357226,19.5,-1.010828,-1.010828,0.0,SL,33,2.67,0.1568,True,False,14485.98,1.6151,233.96,-236.5,14249.48
S2,XRPUSDT,-1,2022-05-09T08:00:00+00:00,2022-05-09T16:50:00+00:00,2022,0.5518,0.56371226,0.51606322,0.01191226,3.0,2.986103,2.986103,0.0,TP,107,8.83,3.5761,True,False,16812.98,1.378,231.68,691.83,18206.88
S2,BTCUSDT,-1,2022-05-09T13:00:00+00:00,2022-05-09T18:20:00+00:00,2022,32858.9,33479.81254203,30996.1623739,620.91254203,3.0,2.984124,2.984124,0.0,TP,65,5.33,3.337,True,False,17163.86,1.378,236.52,705.8,18912.68
S5,BTCUSDT,-1,2022-05-09T15:00:00+00:00,2022-05-11T21:25:00+00:00,2022,32454.6,33360.42261635,27925.48691825,905.82261635,5.0,4.989251,4.989251,0.0,TP,654,54.42,5.1551,True,False,17163.86,0.5216,89.53,446.67,18547.63
S5,BTCUSDT,-1,2022-05-09T17:00:00+00:00,2022-05-12T07:15:00+00:00,2022,31691.4,32699.34939879,26651.65300604,1007.94939879,5.0,4.990568,4.990568,0.0,TP,748,62.25,5.0205,True,False,18206.88,0.5216,94.97,473.94,20421.37
S5,ETHUSDT,-1,2022-05-09T17:00:00+00:00,2022-05-10T05:45:00+00:00,2022,2328.01,2417.29852297,1881.56738514,89.28852297,5.0,-1.007822,-1.007822,0.0,SL,154,12.75,1.463,True,False,18206.88,0.5216,94.97,-95.71,18717.95
S5,LINKUSDT,-1,2022-05-10T00:00:00+00:00,2022-05-10T05:00:00+00:00,2022,8.081,8.71740717,4.89896413,0.63640717,5.0,-1.003809,-1.003809,0.0,SL,61,5.0,0.3237,True,False,18912.68,0.5216,98.65,-99.02,18813.66
S2,BTCUSDT,-1,2022-05-11T13:00:00+00:00,2022-05-11T13:40:00+00:00,2022,29329.3,30569.4077375,25608.97678749,1240.1077375,3.0,-1.007095,-1.007095,0.0,SL,9,0.67,0.144,True,False,18717.95,1.378,257.93,-259.76,18100.96
S2,ETHUSDT,-1,2022-05-11T13:00:00+00:00,2022-05-11T13:20:00+00:00,2022,2172.83,2287.54403846,1828.68788461,114.71403846,3.0,-1.005682,-1.005682,0.0,SL,5,0.33,0.199,True,False,18717.95,1.378,257.93,-259.4,18458.55
S5,SOLUSDT,-1,2022-05-11T13:00:00+00:00,2022-05-11T13:20:00+00:00,2022,49.45,57.17561376,10.82193118,7.72561376,5.0,-1.00192,-1.00192,0.0,SL,5,0.33,0.0764,True,False,18717.95,0.5216,97.63,-97.82,18360.73
S2,DOGEUSDT,-1,2022-05-11T16:00:00+00:00,2022-06-13T00:55:00+00:00,2022,0.08938,0.09878405,0.06116784,0.00940405,3.0,2.997149,2.997149,0.0,TP,9324,776.92,3.0157,True,False,18100.96,1.378,249.43,747.58,25894.76
S2,ETHUSDT,-1,2022-05-11T16:00:00+00:00,2022-05-12T04:20:00+00:00,2022,2265.06,2400.15196155,1859.78411534,135.09196155,3.0,2.99497,2.99497,0.0,TP,149,12.33,3.2167,True,False,18100.96,1.378,249.43,747.04,19200.05
S2,SOLUSDT,-1,2022-05-11T16:00:00+00:00,2022-06-04T02:20:00+00:00,2022,55.53,62.0251294,36.04461179,6.4951294,3.0,2.997435,2.997435,0.0,TP,6749,562.33,3.0069,True,False,18100.96,1.378,249.43,747.65,21345.9
S2,XRPUSDT,-1,2022-05-11T16:00:00+00:00,2022-05-12T05:15:00+00:00,2022,0.4457,0.48200994,0.33677017,0.03630994,3.0,2.996318,2.996318,0.0,TP,160,13.25,3.035,True,False,18100.96,1.378,249.43,747.38,19947.43
S2,SOLUSDT,-1,2022-05-11T17:00:00+00:00,2022-05-15T23:50:00+00:00,2022,52.81,59.2879773,33.37606809,6.4779773,3.0,-1.002446,-1.002446,0.0,SL,1235,102.83,2.4251,True,False,18100.96,1.378,249.43,-250.04,19262.51
S2,XRPUSDT,-1,2022-05-11T17:00:00+00:00,2022-05-13T05:20:00+00:00,2022,0.4273,0.46344852,0.31885444,0.03614852,3.0,-1.003546,-1.003546,0.0,SL,437,36.33,2.5395,True,False,18100.96,1.378,249.43,-250.32,19512.55
S3,XRPUSDT,-1,2022-05-11T17:00:00+00:00,2022-05-13T05:10:00+00:00,2022,0.4273,0.45131485,0.22245839,0.04819803,4.25,-0.500914,-0.500914,0.0,SL,435,36.17,1.9046,True,False,18100.96,3.3981,615.09,-308.11,19762.87
S5,DOGEUSDT,-1,2022-05-11T21:00:00+00:00,2022-05-13T03:05:00+00:00,2022,0.07938,0.09104501,0.02105493,0.01166501,5.0,-1.002041,-1.002041,0.0,SL,362,30.08,0.9413,True,False,18100.96,0.5216,94.41,-94.61,20326.76
S5,XRPUSDT,-1,2022-05-11T21:00:00+00:00,2022-05-11T22:15:00+00:00,2022,0.3713,0.42172319,0.11918403,0.05042319,5.0,-1.002209,-1.002209,0.0,SL,16,1.25,0.1428,True,False,18100.96,0.5216,94.41,-94.62,18453.01
S2,BTCUSDT,-1,2022-05-12T02:00:00+00:00,2022-05-13T03:05:00+00:00,2022,29227.18,30712.02197681,24772.65406956,1484.84197681,3.0,-1.005905,-1.005905,0.0,SL,302,25.08,1.7485,True,False,18453.01,1.378,254.28,-255.78,20070.97
S5,DOGEUSDT,-1,2022-05-19T00:00:00+00:00,2022-05-19T13:10:00+00:00,2022,0.08333,0.08575264,0.07121678,0.00242264,5.0,-1.010319,-1.010319,0.0,SL,159,13.17,0.8627,True,False,19262.51,0.5216,100.47,-101.51,19161.0
S2,BTCUSDT,-1,2022-05-20T15:00:00+00:00,2022-05-22T09:35:00+00:00,2022,29485.7,30026.90400071,27862.08799787,541.20400071,3.0,-1.016345,-1.016345,0.0,SL,512,42.58,1.4324,True,False,19161.0,1.378,264.04,-268.35,17975.94
S2,DOGEUSDT,-1,2022-05-20T15:00:00+00:00,2022-05-22T09:55:00+00:00,2022,0.08454,0.08638288,0.07901137,0.00184288,3.0,-1.013762,-1.013762,0.0,SL,516,42.92,1.2101,True,False,19161.0,1.378,264.04,-267.67,17708.27
S2,ETHUSDT,-1,2022-05-20T15:00:00+00:00,2022-05-22T09:55:00+00:00,2022,1986.04,2027.43729576,1861.84811273,41.39729576,3.0,-1.014393,-1.014393,0.0,SL,516,42.92,1.547,True,False,19161.0,1.378,264.04,-267.84,17440.43
S2,LINKUSDT,-1,2022-05-20T15:00:00+00:00,2022-05-22T09:10:00+00:00,2022,7.001,7.21987705,6.34436885,0.21887705,3.0,-1.009596,-1.009596,0.0,SL,507,42.17,1.1787,True,False,19161.0,1.378,264.04,-266.57,18244.3
S2,SOLUSDT,-1,2022-05-20T15:00:00+00:00,2022-05-22T14:20:00+00:00,2022,50.34,52.40149544,44.15551367,2.06149544,3.0,-1.007326,-1.007326,0.0,SL,569,47.33,1.2515,True,False,19161.0,1.378,264.04,-265.97,17174.46
S2,XRPUSDT,-1,2022-05-20T15:00:00+00:00,2022-05-22T22:20:00+00:00,2022,0.4147,0.42522822,0.38311534,0.01052822,3.0,-1.011817,-1.011817,0.0,SL,665,55.33,1.2918,True,False,19161.0,1.378,264.04,-267.16,16907.3
S2,LINKUSDT,-1,2022-05-20T16:00:00+00:00,2022-05-21T16:00:00+00:00,2022,6.853,7.07477869,6.18766393,0.22177869,3.0,-1.00927,-1.00927,0.0,SL,289,24.0,0.496,True,False,19161.0,1.378,264.04,-266.49,18510.87
S3,LINKUSDT,-1,2022-05-20T16:00:00+00:00,2022-05-21T07:35:00+00:00,2022,6.853,7.02517787,5.59625409,0.29570492,4.25,-0.589215,-0.589215,0.0,SL,188,15.58,0.372,True,False,19161.0,3.3981,651.11,-383.64,18777.36
S2,DOGEUSDT,-1,2022-05-23T09:00:00+00:00,2022-05-23T12:15:00+00:00,2022,0.08703,0.08825354,0.08335937,0.00122354,3.0,-1.021339,-1.021339,0.0,SL,40,3.25,0.2697,True,False,16907.3,1.378,232.98,-237.95,16431.14
S2,XRPUSDT,-1,2022-05-23T09:00:00+00:00,2022-05-23T11:10:00+00:00,2022,0.4209,0.4265361,0.4039917,0.0056361,3.0,-1.022404,-1.022404,0.0,SL,27,2.17,0.0887,True,False,16907.3,1.378,232.98,-238.2,16669.1
S2,BTCUSDT,-1,2022-05-23T19:00:00+00:00,2022-05-26T13:15:00+00:00,2022,29866.1,30267.80914355,28660.97256934,401.70914355,3.0,2.977696,2.977696,0.0,TP,796,66.25,4.5967,True,False,16431.14,1.378,226.42,674.21,19961.88
S2,DOGEUSDT,-1,2022-05-23T20:00:00+00:00,2022-05-26T08:20:00+00:00,2022,0.08365,0.08523012,0.07890965,0.00158012,3.0,2.984118,2.984118,0.0,TP,725,60.33,3.9681,True,False,16431.14,1.378,226.42,675.67,16244.54
S2,ETHUSDT,-1,2022-05-23T20:00:00+00:00,2022-05-25T02:40:00+00:00,2022,1979.59,2015.50153117,1871.85540648,35.91153117,3.0,-1.016537,-1.016537,0.0,SL,369,30.67,1.8994,True,False,16431.14,1.378,226.42,-230.17,15797.86
S2,LINKUSDT,-1,2022-05-23T20:00:00+00:00,2022-05-25T02:55:00+00:00,2022,7.182,7.37231492,6.61105523,0.19031492,3.0,-1.011321,-1.011321,0.0,SL,372,30.92,2.4906,True,False,16431.14,1.378,226.42,-228.98,15568.88
S2,SOLUSDT,-1,2022-05-23T20:00:00+00:00,2022-05-26T08:20:00+00:00,2022,50.05,51.60431679,45.38704963,1.55431679,3.0,2.99034,2.99034,0.0,TP,725,60.33,4.3363,True,False,16431.14,1.378,226.42,677.08,16921.62
S2,XRPUSDT,-1,2022-05-23T20:00:00+00:00,2022-05-23T21:30:00+00:00,2022,0.4081,0.41488916,0.38773251,0.00678916,3.0,-1.018033,-1.018033,0.0,SL,19,1.5,0.162,True,False,16431.14,1.378,226.42,-230.5,16200.64
S3,DOGEUSDT,-1,2022-05-23T20:00:00+00:00,2022-05-27T15:25:00+00:00,2022,0.08365,0.08565801,0.074696,0.00210682,4.25,-0.96501,-0.96501,0.0,SL,1098,91.42,4.1579,True,False,16431.14,3.3981,558.35,-538.81,22193.04
S3,ETHUSDT,-1,2022-05-23T20:00:00+00:00,2022-05-26T13:10:00+00:00,2022,1979.59,2035.04115312,1776.09132336,47.88204156,4.25,4.237597,4.237597,0.0,TP,783,65.17,4.5861,True,False,16431.14,3.3981,558.35,2366.05,19287.67
S3,LINKUSDT,-1,2022-05-23T20:00:00+00:00,2022-05-30T21:20:00+00:00,2022,7.182,7.47903149,6.10354878,0.25375323,4.25,-1.179043,-1.179043,0.0,SL,2033,169.33,3.8581,True,False,16431.14,3.3981,558.35,-658.31,21098.89
S3,SOLUSDT,-1,2022-05-23T20:00:00+00:00,2022-05-27T02:00:00+00:00,2022,50.05,52.16543168,41.24220486,2.07242239,4.25,4.242755,4.242755,0.0,TP,937,78.0,4.2897,True,False,16431.14,3.3981,558.35,2368.93,22731.85
S3,XRPUSDT,-1,2022-05-23T20:00:00+00:00,2022-05-30T23:10:00+00:00,2022,0.4081,0.41827892,0.36962808,0.00905222,4.25,-1.137992,-1.137992,0.0,SL,2055,171.17,3.8223,True,False,16431.14,3.3981,558.35,-635.39,20463.49
S5,BTCUSDT,-1,2022-05-23T20:00:00+00:00,2022-05-24T23:05:00+00:00,2022,29089.91,29700.64989202,26036.21053991,610.73989202,5.0,-1.014289,-1.014289,0.0,SL,326,27.08,0.6892,True,False,16431.14,0.5216,85.7,-86.93,16028.03
S5,ETHUSDT,-1,2022-05-24T14:00:00+00:00,2022-05-24T15:45:00+00:00,2022,1930.94,1972.34003116,1723.93984418,41.40003116,5.0,-1.013992,-1.013992,0.0,SL,22,1.75,0.4725,True,False,16200.64,0.5216,84.5,-85.68,16114.96
S2,BTCUSDT,-1,2022-05-25T06:00:00+00:00,2022-05-26T13:15:00+00:00,2022,29866.4,30263.39747496,28675.40757512,396.99747496,3.0,2.977431,2.977431,0.0,TP,376,31.25,4.652,True,False,15568.88,1.378,214.54,638.78,20600.66
S2,BTCUSDT,-1,2022-05-26T09:00:00+00:00,2022-05-26T15:05:00+00:00,2022,28991.0,29435.776365,27656.67090501,444.776365,3.0,-1.019554,-1.019554,0.0,SL,74,6.08,2.1841,True,False,16921.62,1.378,233.18,-237.74,20362.92
S2,BTCUSDT,-1,2022-05-27T15:00:00+00:00,2022-05-29T12:05:00+00:00,2022,28778.3,29278.66665909,27277.20002272,500.36665909,3.0,-1.017254,-1.017254,0.0,SL,542,45.08,1.0366,True,False,22731.85,1.378,313.24,-318.65,21757.2
S5,BTCUSDT,-1,2022-05-27T18:00:00+00:00,2022-05-28T13:15:00+00:00,2022,28382.6,29074.31795677,24924.01021616,691.71795677,5.0,-1.01231,-1.01231,0.0,SL,232,19.25,0.1778,True,False,22193.04,0.5216,115.76,-117.18,22075.85
S1,XRPUSDT,1,2022-05-30T21:00:00+00:00,2022-06-01T17:20:00+00:00,2022,0.4083,0.40061831,0.50048032,0.00768169,12.0,-1.015946,-1.015946,0.0,SL,533,44.33,3.3847,True,False,21757.2,0.9264,201.56,-204.77,19776.99
S1,XRPUSDT,1,2022-05-30T22:00:00+00:00,2022-05-31T14:00:00+00:00,2022,0.4164,0.40785271,0.51896744,0.00854729,12.0,-1.014615,-1.014615,0.0,SL,193,16.0,2.0942,True,False,21098.89,0.9264,195.46,-198.32,20265.18
S2,DOGEUSDT,-1,2022-05-31T14:00:00+00:00,2022-05-31T15:50:00+00:00,2022,0.08381,0.08549638,0.07875085,0.00168638,3.0,-1.014909,-1.014909,0.0,SL,23,1.83,0.4447,True,False,20265.18,1.378,279.25,-283.42,19981.76
S2,BTCUSDT,-1,2022-05-31T19:00:00+00:00,2022-06-01T17:20:00+00:00,2022,31671.7,32218.26829854,30031.99510437,546.56829854,3.0,2.982616,2.982616,0.0,TP,269,22.33,3.2391,True,False,19981.76,1.378,275.35,821.26,20598.25
S2,LINKUSDT,-1,2022-06-01T15:00:00+00:00,2022-06-05T15:10:00+00:00,2022,7.28,7.52460377,6.54618869,0.24460377,3.0,-1.008929,-1.008929,0.0,SL,1155,96.17,2.4734,True,False,19981.76,1.378,275.35,-277.81,20466.71
S2,DOGEUSDT,-1,2022-06-01T16:00:00+00:00,2022-06-07T01:50:00+00:00,2022,0.08406,0.08603449,0.07813652,0.00197449,3.0,2.987228,2.987228,0.0,TP,1559,129.83,3.3224,True,False,19981.76,1.378,275.35,822.53,20703.32
S2,LINKUSDT,-1,2022-06-01T16:00:00+00:00,2022-06-05T00:05:00+00:00,2022,7.196,7.43909636,6.46671093,0.24309636,3.0,-1.00888,-1.00888,0.0,SL,962,80.08,2.1432,True,False,19981.76,1.378,275.35,-277.79,20744.52
S3,DOGEUSDT,-1,2022-06-01T16:00:00+00:00,2022-06-11T11:35:00+00:00,2022,0.08406,0.08550745,0.0728712,0.00263266,4.25,4.240421,4.240421,0.0,TP,2828,235.58,4.6075,True,False,19981.76,3.3981,679.0,2879.25,22663.27
S3,LINKUSDT,-1,2022-06-01T16:00:00+00:00,2022-06-04T22:00:00+00:00,2022,7.196,7.34830964,5.81845398,0.32412848,4.25,-0.476565,-0.476565,0.0,SL,937,78.0,1.6074,True,False,19981.76,3.3981,679.0,-323.59,21022.31
S5,ETHUSDT,-1,2022-06-01T19:00:00+00:00,2022-06-06T03:05:00+00:00,2022,1818.15,1873.63597573,1540.72012134,55.48597573,5.0,-1.00983,-1.00983,0.0,SL,1250,104.08,1.5344,True,False,20598.25,0.5216,107.44,-108.5,20358.21
S1,LINKUSDT,1,2022-06-05T00:00:00+00:00,2022-06-07T00:30:00+00:00,2022,7.405,7.18231736,10.07719169,0.22268264,12.0,0.990024,-1.009976,2.0,BE,583,48.5,3.5656,True,False,21022.31,0.9264,194.75,192.81,20074.16
S1,BTCUSDT,1,2022-06-06T02:00:00+00:00,2022-06-07T00:35:00+00:00,2022,30832.4,30367.3226667,36413.32799958,465.0773333,12.0,-1.019889,-1.019889,0.0,SL,272,22.58,2.0066,True,False,20466.71,0.9264,189.6,-193.37,19880.79
S2,DOGEUSDT,-1,2022-06-06T06:00:00+00:00,2022-06-06T07:05:00+00:00,2022,0.08249,0.08351921,0.07940237,0.00102921,3.0,-1.024045,-1.024045,0.0,SL,14,1.08,0.0,True,False,20358.21,1.378,280.54,-287.28,20070.93
S1,XRPUSDT,1,2022-06-06T10:00:00+00:00,2022-06-06T13:35:00+00:00,2022,0.4085,0.4022369,0.4836572,0.0062631,12.0,-1.019567,-1.019567,0.0,SL,44,3.58,0.0639,True,False,20070.93,0.9264,185.94,-189.58,19881.36
S2,LINKUSDT,-1,2022-06-07T01:00:00+00:00,2022-06-07T14:30:00+00:00,2022,7.514,7.75033651,6.80499046,0.23633651,3.0,-1.009538,-1.009538,0.0,SL,163,13.5,0.8843,True,False,19880.79,1.378,273.96,-276.57,20426.75
S2,SOLUSDT,-1,2022-06-07T01:00:00+00:00,2022-06-09T10:10:00+00:00,2022,40.2,41.76810307,35.49569078,1.56810307,3.0,-1.007691,-1.007691,0.0,SL,687,57.17,2.0024,True,False,19880.79,1.378,273.96,-276.06,19281.49
S2,XRPUSDT,-1,2022-06-07T01:00:00+00:00,2022-06-07T17:50:00+00:00,2022,0.391,0.39720844,0.37237469,0.00620844,3.0,-1.018894,-1.018894,0.0,SL,203,16.83,1.0953,True,False,19880.79,1.378,273.96,-279.13,20147.62
S5,BTCUSDT,-1,2022-06-07T01:00:00+00:00,2022-06-07T19:35:00+00:00,2022,30192.8,30813.71039178,27088.24804111,620.91039178,5.0,-1.014588,-1.014588,0.0,SL,224,18.58,1.615,True,False,19880.79,0.5216,103.7,-105.21,19937.64
S5,DOGEUSDT,-1,2022-06-07T01:00:00+00:00,2022-06-07T19:35:00+00:00,2022,0.07928,0.08118959,0.06973203,0.00190959,5.0,-1.012455,-1.012455,0.0,SL,224,18.58,0.9321,True,False,19880.79,0.5216,103.7,-104.99,19832.65
S5,ETHUSDT,-1,2022-06-07T01:00:00+00:00,2022-06-07T18:30:00+00:00,2022,1757.85,1809.03033944,1501.94830278,51.18033944,5.0,-1.010304,-1.010304,0.0,SL,211,17.5,0.7005,True,False,19880.79,0.5216,103.7,-104.77,20042.85
S2,LINKUSDT,-1,2022-06-08T04:00:00+00:00,2022-06-08T17:25:00+00:00,2022,8.345,8.72585057,7.2024483,0.38085057,3.0,-1.006573,-1.006573,0.0,SL,162,13.42,0.3203,True,False,19832.65,1.378,273.29,-275.09,19557.56
S2,XRPUSDT,-1,2022-06-08T04:00:00+00:00,2022-06-10T05:00:00+00:00,2022,0.3969,0.40497148,0.37268556,0.00807148,3.0,-1.014752,-1.014752,0.0,SL,589,49.0,0.6566,True,False,19832.65,1.378,273.29,-277.33,19004.17
S2,XRPUSDT,-1,2022-06-10T10:00:00+00:00,2022-06-10T16:15:00+00:00,2022,0.4,0.40544429,0.38366712,0.00544429,3.0,2.977959,2.977959,0.0,TP,76,6.25,3.1409,True,False,19004.17,1.378,261.88,779.86,19784.03
S2,DOGEUSDT,-1,2022-06-11T09:00:00+00:00,2022-06-11T12:30:00+00:00,2022,0.07465,0.07580207,0.07119378,0.00115207,3.0,2.980561,2.980561,0.0,TP,43,3.5,3.038,True,False,19784.03,1.378,272.62,812.57,23475.85
S5,ETHUSDT,-1,2022-06-11T09:00:00+00:00,2022-06-13T01:25:00+00:00,2022,1575.92,1621.52657044,1347.88714778,45.60657044,5.0,4.989634,4.989634,0.0,TP,486,40.42,5.151,True,False,19784.03,0.5216,103.19,514.9,29789.42
S2,XRPUSDT,-1,2022-06-11T13:00:00+00:00,2022-06-12T01:15:00+00:00,2022,0.3707,0.37698132,0.35185604,0.00628132,3.0,2.982295,2.982295,0.0,TP,148,12.25,3.0408,True,False,23475.85,1.378,323.5,964.76,24440.61
S3,XRPUSDT,-1,2022-06-11T13:00:00+00:00,2022-06-13T01:15:00+00:00,2022,0.3707,0.37822813,0.33510585,0.00837509,4.25,4.236721,4.236721,0.0,TP,436,36.25,4.2626,True,False,23475.85,3.3981,797.73,3379.77,29274.53
S5,DOGEUSDT,-1,2022-06-11T13:00:00+00:00,2022-06-13T02:55:00+00:00,2022,0.07033,0.07246709,0.05964454,0.00213709,5.0,4.990127,4.990127,0.0,TP,456,37.92,5.0115,True,False,23475.85,0.5216,122.45,611.04,31434.71
S5,ETHUSDT,-1,2022-06-11T13:00:00+00:00,2022-06-13T07:40:00+00:00,2022,1552.44,1607.60472091,1276.61639545,55.16472091,5.0,4.991557,4.991557,0.0,TP,513,42.67,5.1924,True,False,23475.85,0.5216,122.45,611.22,35597.89
S5,SOLUSDT,-1,2022-06-11T13:00:00+00:00,2022-06-13T07:40:00+00:00,2022,34.81,36.29298032,27.39509839,1.48298032,5.0,4.992958,4.992958,0.0,TP,513,42.67,5.0372,True,False,23475.85,0.5216,122.45,611.39,36209.28
S2,BTCUSDT,-1,2022-06-11T15:00:00+00:00,2022-06-12T14:15:00+00:00,2022,28429.65,28853.57634025,27157.87097924,423.92634025,3.0,2.979881,2.979881,0.0,TP,280,23.25,3.6319,True,False,23475.85,1.378,323.5,963.98,25404.59
S5,DOGEUSDT,-1,2022-06-11T15:00:00+00:00,2022-06-13T07:35:00+00:00,2022,0.06939,0.07184933,0.05709335,0.00245933,5.0,4.991535,4.991535,0.0,TP,488,40.58,5.038,True,False,23475.85,0.5216,122.45,611.21,34986.67
S5,SOLUSDT,-1,2022-06-11T15:00:00+00:00,2022-06-14T02:00:00+00:00,2022,33.96,35.55563099,25.98184504,1.59563099,5.0,4.993615,4.993615,0.0,TP,709,59.0,5.0388,True,False,23475.85,0.5216,122.45,611.47,41718.74
S5,DOGEUSDT,-1,2022-06-12T02:00:00+00:00,2022-06-13T08:45:00+00:00,2022,0.06774,0.07031493,0.05486537,0.00257493,5.0,4.992108,4.992108,0.0,TP,370,30.75,5.0293,True,False,24440.61,0.5216,127.48,636.41,37881.58
S5,BTCUSDT,-1,2022-06-12T03:00:00+00:00,2022-06-12T15:15:00+00:00,2022,27427.48,28088.42550362,24122.75248188,660.94550362,5.0,-1.012449,-1.012449,0.0,SL,148,12.25,0.8132,True,False,24440.61,0.5216,127.48,-129.07,25147.17
S5,ETHUSDT,-1,2022-06-12T03:00:00+00:00,2022-06-12T14:50:00+00:00,2022,1452.01,1515.89102347,1132.60488267,63.88102347,5.0,-1.006819,-1.006819,0.0,SL,143,11.83,0.4854,True,False,24440.61,0.5216,127.48,-128.35,25276.24
S2,XRPUSDT,-1,2022-06-12T20:00:00+00:00,2022-06-13T05:55:00+00:00,2022,0.3525,0.36222882,0.32331354,0.00972882,3.0,2.98913,2.98913,0.0,TP,120,9.92,3.0836,True,False,25147.17,1.378,346.53,1035.82,33339.72
S2,BTCUSDT,-1,2022-06-12T23:00:00+00:00,2022-06-13T02:50:00+00:00,2022,26995.44,27520.65014515,25419.80956454,525.21014515,3.0,2.98458,2.98458,0.0,TP,47,3.83,3.0657,True,False,25147.17,1.378,346.53,1034.24,30823.67
S2,XRPUSDT,-1,2022-06-12T23:00:00+00:00,2022-06-13T06:00:00+00:00,2022,0.3479,0.3573114,0.31966581,0.0094114,3.0,2.98891,2.98891,0.0,TP,85,7.0,3.0176,True,False,25147.17,1.378,346.53,1035.74,34375.46
S2,BTCUSDT,-1,2022-06-13T00:00:00+00:00,2022-06-13T03:15:00+00:00,2022,26574.53,27129.72513479,24908.94459564,555.19513479,3.0,2.98564,2.98564,0.0,TP,40,3.25,3.0161,True,False,25147.17,1.378,346.53,1034.61,32469.31
S2,XRPUSDT,-1,2022-06-13T00:00:00+00:00,2022-06-13T07:40:00+00:00,2022,0.343,0.3526713,0.31398611,0.0096713,3.0,2.98936,2.98936,0.0,TP,93,7.67,3.1123,True,False,25147.17,1.378,346.53,1035.9,37245.17
S3,BTCUSDT,-1,2022-06-13T00:00:00+00:00,2022-06-13T13:15:00+00:00,2022,26574.53,27245.51951348,23428.42423621,740.26017971,4.25,4.23923,4.23923,0.0,TP,160,13.25,4.2836,True,False,25147.17,3.3981,854.53,3622.53,41504.11
S3,XRPUSDT,-1,2022-06-13T00:00:00+00:00,2022-06-18T20:10:00+00:00,2022,0.343,0.35196713,0.28819599,0.01289506,4.25,4.24202,4.24202,0.0,TP,1683,140.17,4.3583,True,False,25147.17,3.3981,854.53,3624.92,44650.55
S2,SOLUSDT,-1,2022-06-13T01:00:00+00:00,2022-06-14T05:20:00+00:00,2022,29.56,31.06834882,25.03495353,1.50834882,3.0,-1.005879,-1.005879,0.0,SL,341,28.33,2.4862,True,False,25894.76,1.378,356.83,-358.93,41141.21
S3,SOLUSDT,-1,2022-06-13T01:00:00+00:00,2022-06-14T05:20:00+00:00,2022,29.56,31.24083488,21.01269,2.01113177,4.25,-0.840175,-0.840175,0.0,SL,341,28.33,1.8646,True,False,25894.76,3.3981,879.93,-739.29,40401.92
S5,BTCUSDT,-1,2022-06-13T03:00:00+00:00,2022-06-13T04:20:00+00:00,2022,25341.39,26199.9216089,21048.73195548,858.5316089,5.0,-1.008855,-1.008855,0.0,SL,17,1.33,0.5141,True,False,31434.71,0.5216,163.96,-165.42,32303.9
S5,SOLUSDT,-1,2022-06-13T03:00:00+00:00,2022-06-14T05:20:00+00:00,2022,28.41,30.46255749,18.14721254,2.05255749,5.0,-1.004152,-1.004152,0.0,SL,317,26.33,1.2667,True,False,31434.71,0.5216,163.96,-164.64,40237.27
S5,BTCUSDT,-1,2022-06-13T09:00:00+00:00,2022-06-18T17:40:00+00:00,2022,24182.6,25280.70251655,18692.08741727,1098.10251655,5.0,4.993393,4.993393,0.0,TP,1545,128.67,5.2469,True,False,37881.58,0.5216,197.59,986.65,41025.63
S5,DOGEUSDT,-1,2022-06-13T09:00:00+00:00,2022-06-14T05:25:00+00:00,2022,0.05343,0.05796643,0.03074784,0.00453643,5.0,-1.003533,-1.003533,0.0,SL,246,20.42,0.8399,True,False,37881.58,0.5216,197.59,-198.29,40038.98
S5,ETHUSDT,-1,2022-06-13T09:00:00+00:00,2022-07-16T16:05:00+00:00,2022,1205.94,1297.40990999,748.59045004,91.46990999,5.0,-1.003955,-1.003955,0.0,SL,9590,799.08,3.5848,True,False,37881.58,0.5216,197.59,-198.37,29723.46
S5,SOLUSDT,-1,2022-06-13T09:00:00+00:00,2022-06-13T16:10:00+00:00,2022,26.22,28.50760783,14.78196087,2.28760783,5.0,-1.003439,-1.003439,0.0,SL,87,7.17,0.0962,True,False,37881.58,0.5216,197.59,-198.27,41305.84
S5,XRPUSDT,-1,2022-06-13T09:00:00+00:00,2022-06-13T20:05:00+00:00,2022,0.3059,0.32434568,0.21367158,0.01844568,5.0,-1.004975,-1.004975,0.0,SL,134,11.08,0.2819,True,False,37881.58,0.5216,197.59,-198.57,41107.27
S5,BTCUSDT,-1,2022-06-14T02:00:00+00:00,2022-06-14T03:30:00+00:00,2022,20834.8,22204.47827592,13986.4086204,1369.67827592,5.0,-1.004563,-1.004563,0.0,SL,19,1.5,0.0086,True,False,41718.74,0.5216,217.6,-218.6,41500.14
S1,XRPUSDT,1,2022-06-24T01:00:00+00:00,2022-06-27T13:40:00+00:00,2022,0.3437,0.33586291,0.43774506,0.00783709,12.0,0.986843,-1.013157,2.0,BE,1017,84.67,5.525,True,False,44650.55,0.9264,413.64,408.2,42496.1
S1,XRPUSDT,1,2022-06-24T07:00:00+00:00,2022-06-24T17:40:00+00:00,2022,0.3684,0.35476603,0.5320076,0.01363397,12.0,-1.008106,-1.008106,0.0,SL,129,10.67,1.3642,True,False,44650.55,0.9264,413.64,-417.0,44233.55
S2,DOGEUSDT,-1,2022-06-25T13:00:00+00:00,2022-06-25T21:10:00+00:00,2022,0.06629,0.06800921,0.06113237,0.00171921,3.0,-1.011568,-1.011568,0.0,SL,99,8.17,0.7445,True,False,44233.55,1.378,609.54,-616.59,43616.96
S1,DOGEUSDT,1,2022-06-26T11:00:00+00:00,2022-06-28T01:55:00+00:00,2022,0.07173,0.06926559,0.10130289,0.00246441,12.0,-1.008732,-1.008732,0.0,SL,468,38.92,2.8688,True,False,43616.96,0.9264,404.07,-407.6,40681.63
S1,DOGEUSDT,1,2022-06-26T12:00:00+00:00,2022-06-27T16:30:00+00:00,2022,0.07323,0.07060591,0.10471912,0.00262409,12.0,-1.008372,-1.008372,0.0,SL,343,28.5,2.1226,True,False,43616.96,0.9264,404.07,-407.45,41683.66
S5,DOGEUSDT,-1,2022-06-26T13:00:00+00:00,2022-06-26T14:00:00+00:00,2022,0.07182,0.07453809,0.05822957,0.00271809,5.0,-1.007927,-1.007927,0.0,SL,13,1.0,0.1177,True,False,43616.96,0.5216,227.51,-229.31,43387.65
S1,DOGEUSDT,1,2022-06-26T14:00:00+00:00,2022-06-27T16:15:00+00:00,2022,0.07404,0.07111321,0.10916153,0.00292679,12.0,-1.007589,-1.007589,0.0,SL,316,26.25,1.6264,True,False,43387.65,0.9264,401.94,-404.99,42091.11
S4,LINKUSDT,1,2022-06-26T21:00:00+00:00,2022-06-26T22:25:00+00:00,2022,7.177,6.90611597,12.45923861,0.27088403,19.5,-1.007948,-1.007948,0.0,SL,18,1.42,0.0369,True,False,43387.65,1.6151,700.75,-706.32,42681.33
S2,LINKUSDT,-1,2022-06-26T23:00:00+00:00,2022-06-28T12:35:00+00:00,2022,6.864,7.08082424,6.21352728,0.21682424,3.0,-1.009497,-1.009497,0.0,SL,452,37.58,2.6012,True,False,42681.33,1.378,588.15,-593.73,40087.9
S2,LINKUSDT,-1,2022-06-27T00:00:00+00:00,2022-06-27T03:55:00+00:00,2022,6.693,6.91683679,6.02148962,0.22383679,3.0,-1.00897,-1.00897,0.0,SL,48,3.92,0.1608,True,False,42681.33,1.378,588.15,-593.42,42087.9
S2,DOGEUSDT,-1,2022-06-27T14:00:00+00:00,2022-06-29T06:50:00+00:00,2022,0.07308,0.07586036,0.06473893,0.00278036,3.0,2.992115,2.992115,0.0,TP,491,40.83,3.2658,True,False,42496.1,1.378,585.6,1752.17,41840.07
S2,XRPUSDT,-1,2022-06-27T14:00:00+00:00,2022-06-27T22:10:00+00:00,2022,0.3513,0.35828405,0.33034785,0.00698405,3.0,-1.01509,-1.01509,0.0,SL,99,8.17,0.5727,True,False,42496.1,1.378,585.6,-594.43,41089.23
S2,LINKUSDT,-1,2022-06-28T15:00:00+00:00,2022-06-30T09:05:00+00:00,2022,6.718,6.98270794,5.92387619,0.26470794,3.0,2.992386,2.992386,0.0,TP,506,42.08,3.0109,True,False,40087.9,1.378,552.41,1653.03,48447.62
S2,SOLUSDT,-1,2022-06-28T15:00:00+00:00,2022-06-29T06:50:00+00:00,2022,38.25,39.47176071,34.58471786,1.22176071,3.0,2.990608,2.990608,0.0,TP,191,15.83,3.143,True,False,40087.9,1.378,552.41,1652.05,43492.11
S2,ETHUSDT,-1,2022-06-28T16:00:00+00:00,2022-06-29T13:40:00+00:00,2022,1183.26,1210.52484331,1101.46547006,27.26484331,3.0,2.98698,2.98698,0.0,TP,261,21.67,3.3838,True,False,40087.9,1.378,552.41,1650.04,45142.15
S2,LINKUSDT,-1,2022-06-28T16:00:00+00:00,2022-07-08T01:25:00+00:00,2022,6.534,6.80433594,5.72299217,0.27033594,3.0,-1.007251,-1.007251,0.0,SL,2706,225.42,2.4562,True,False,40087.9,1.378,552.41,-556.42,31414.43
S2,SOLUSDT,-1,2022-06-28T16:00:00+00:00,2022-06-29T17:15:00+00:00,2022,37.04,38.31913495,33.20259516,1.27913495,3.0,2.991313,2.991313,0.0,TP,304,25.25,3.088,True,False,40087.9,1.378,552.41,1652.43,46794.59
S3,LINKUSDT,-1,2022-06-28T16:00:00+00:00,2022-07-08T01:25:00+00:00,2022,6.534,6.77303359,5.00209633,0.36044792,4.25,-0.668595,-0.668595,0.0,SL,2706,225.42,1.8422,True,False,40087.9,3.3981,1362.23,-910.78,30503.65
S3,SOLUSDT,-1,2022-06-28T16:00:00+00:00,2022-07-07T14:50:00+00:00,2022,37.04,38.47791349,29.79156863,1.70551326,4.25,-0.849613,-0.849613,0.0,SL,2579,214.83,3.6646,True,False,40087.9,3.3981,1362.23,-1157.37,31970.84
S2,DOGEUSDT,-1,2022-06-30T07:00:00+00:00,2022-07-01T00:25:00+00:00,2022,0.06507,0.06732537,0.05830389,0.00225537,3.0,-1.008655,-1.008655,0.0,SL,210,17.42,1.2991,True,False,46794.59,1.378,644.83,-650.41,46872.45
S5,ETHUSDT,-1,2022-06-30T07:00:00+00:00,2022-07-01T00:25:00+00:00,2022,1059.45,1094.17377573,885.83112134,34.72377573,5.0,-1.009153,-1.009153,0.0,SL,210,17.42,1.8561,True,False,46794.59,0.5216,244.08,-246.31,46626.14
S5,SOLUSDT,-1,2022-06-30T14:00:00+00:00,2022-06-30T16:30:00+00:00,2022,31.0,32.59831806,23.0084097,1.59831806,5.0,-1.005819,-1.005819,0.0,SL,31,2.5,0.0063,True,False,48447.62,0.5216,252.7,-254.17,48193.44
S2,XRPUSDT,-1,2022-06-30T21:00:00+00:00,2022-06-30T23:10:00+00:00,2022,0.3168,0.32654694,0.28755917,0.00974694,3.0,-1.009751,-1.009751,0.0,SL,27,2.17,0.0103,True,False,48193.44,1.378,664.11,-670.58,47522.86
S2,BTCUSDT,-1,2022-07-01T04:00:00+00:00,2022-07-04T23:15:00+00:00,2022,19730.77,20289.07996107,18055.84011678,558.30996107,3.0,-1.010602,-1.010602,0.0,SL,1096,91.25,1.7012,True,False,46626.14,1.378,642.51,-649.32,41886.78
S2,BTCUSDT,-1,2022-07-01T05:00:00+00:00,2022-07-04T15:05:00+00:00,2022,19409.23,19971.24853528,17723.17439416,562.01853528,3.0,-1.01036,-1.01036,0.0,SL,986,82.08,1.1178,True,False,46626.14,1.378,642.51,-649.16,43157.91
S2,SOLUSDT,-1,2022-07-01T05:00:00+00:00,2022-07-02T21:55:00+00:00,2022,32.55,33.97605952,28.27182143,1.42605952,3.0,-1.006848,-1.006848,0.0,SL,492,40.92,0.5329,True,False,46626.14,1.378,642.51,-646.91,45979.23
S3,BTCUSDT,-1,2022-07-01T05:00:00+00:00,2022-07-04T11:55:00+00:00,2022,19409.23,19829.91185353,16224.45830007,749.35804704,4.25,-0.56916,-0.56916,0.0,SL,948,78.92,0.8384,True,False,46626.14,3.3981,1584.4,-901.78,45077.45
S2,XRPUSDT,-1,2022-07-04T03:00:00+00:00,2022-07-04T11:55:00+00:00,2022,0.3175,0.32306959,0.30079123,0.00556959,3.0,-1.017102,-1.017102,0.0,SL,108,8.92,0.5745,True,False,45979.23,1.378,633.59,-644.43,44433.02
S2,BTCUSDT,-1,2022-07-04T14:00:00+00:00,2022-07-04T15:00:00+00:00,2022,19530.54,19793.21356187,18742.51931438,262.67356187,3.0,-1.022306,-1.022306,0.0,SL,13,1.0,0.1283,True,False,44433.02,1.378,612.29,-625.94,43807.08
S2,ETHUSDT,-1,2022-07-04T14:00:00+00:00,2022-07-04T15:05:00+00:00,2022,1089.74,1110.75663309,1026.69010073,21.01663309,3.0,-1.015555,-1.015555,0.0,SL,14,1.08,0.2969,True,False,44433.02,1.378,612.29,-621.81,42536.1
S2,DOGEUSDT,-1,2022-07-05T09:00:00+00:00,2022-07-05T20:10:00+00:00,2022,0.06749,0.06878934,0.06359199,0.00129934,3.0,-1.015583,-1.015583,0.0,SL,135,11.17,1.5546,True,False,41886.78,1.378,577.2,-586.19,35517.1
S2,LINKUSDT,-1,2022-07-05T09:00:00+00:00,2022-07-07T08:10:00+00:00,2022,6.331,6.47096787,5.91109639,0.13996787,3.0,-1.01357,-1.01357,0.0,SL,567,47.17,2.029,True,False,41886.78,1.378,577.2,-585.03,33128.21
S2,SOLUSDT,-1,2022-07-05T09:00:00+00:00,2022-07-05T19:40:00+00:00,2022,34.84,35.85424152,31.79727543,1.01424152,3.0,-1.010305,-1.010305,0.0,SL,129,10.67,1.755,True,False,41886.78,1.378,577.2,-583.15,36103.29
S2,XRPUSDT,-1,2022-07-05T09:00:00+00:00,2022-07-05T20:10:00+00:00,2022,0.3217,0.32697373,0.30587881,0.00527373,3.0,-1.0183,-1.0183,0.0,SL,135,11.17,1.7635,True,False,41886.78,1.378,577.2,-587.76,34929.33
S3,DOGEUSDT,-1,2022-07-05T09:00:00+00:00,2022-07-05T20:10:00+00:00,2022,0.06749,0.06894993,0.06012708,0.00173245,4.25,-0.854386,-0.854386,0.0,SL,135,11.17,1.166,True,False,41886.78,3.3981,1423.35,-1216.09,33713.24
S2,ETHUSDT,-1,2022-07-05T12:00:00+00:00,2022-07-05T19:30:00+00:00,2022,1111.78,1137.53691907,1034.5092428,25.75691907,3.0,-1.012949,-1.012949,0.0,SL,91,7.5,1.428,True,False,41886.78,1.378,577.2,-584.67,36686.44
S2,BTCUSDT,-1,2022-07-05T13:00:00+00:00,2022-07-05T16:20:00+00:00,2022,19373.74,19712.67522028,18356.93433916,338.93522028,3.0,-1.017148,-1.017148,0.0,SL,41,3.33,0.2423,True,False,41886.78,1.378,577.2,-587.1,41299.68
S2,DOGEUSDT,-1,2022-07-05T13:00:00+00:00,2022-07-05T16:20:00+00:00,2022,0.06556,0.06697899,0.06130304,0.00141899,3.0,-1.013861,-1.013861,0.0,SL,41,3.33,0.0634,True,False,41886.78,1.378,577.2,-585.2,40714.48
S2,ETHUSDT,-1,2022-07-05T13:00:00+00:00,2022-07-05T18:45:00+00:00,2022,1093.23,1119.36606771,1014.82179688,26.13606771,3.0,-1.012549,-1.012549,0.0,SL,70,5.75,0.6975,True,False,41886.78,1.378,577.2,-584.44,37855.58
S2,LINKUSDT,-1,2022-07-05T13:00:00+00:00,2022-07-05T18:50:00+00:00,2022,6.093,6.23816426,5.65750721,0.14516426,3.0,-1.012592,-1.012592,0.0,SL,71,5.83,0.3169,True,False,41886.78,1.378,577.2,-584.47,37271.11
S2,SOLUSDT,-1,2022-07-05T13:00:00+00:00,2022-07-05T18:35:00+00:00,2022,33.32,34.36012891,30.19961328,1.04012891,3.0,-1.00961,-1.00961,0.0,SL,68,5.58,0.25,True,False,41886.78,1.378,577.2,-582.75,40131.74
S3,ETHUSDT,-1,2022-07-05T13:00:00+00:00,2022-07-05T18:35:00+00:00,2022,1093.23,1115.35360677,945.12561633,34.84809027,4.25,-0.64427,-0.64427,0.0,SL,68,5.58,0.5231,True,False,41886.78,3.3981,1423.35,-917.02,39214.71
S3,LINKUSDT,-1,2022-07-05T13:00:00+00:00,2022-07-05T18:35:00+00:00,2022,6.093,6.19651643,5.27040251,0.19355235,4.25,-0.544268,-0.544268,0.0,SL,68,5.58,0.2377,True,False,41886.78,3.3981,1423.35,-774.69,38440.02
S2,DOGEUSDT,-1,2022-07-08T09:00:00+00:00,2022-07-11T06:10:00+00:00,2022,0.06926,0.07071742,0.06488773,0.00145742,3.0,2.985743,2.985743,0.0,TP,831,69.17,3.0396,True,False,30503.65,1.378,420.34,1255.03,31758.68
S5,XRPUSDT,-1,2022-07-08T09:00:00+00:00,2022-07-13T12:40:00+00:00,2022,0.3491,0.35878419,0.30067907,0.00968419,5.0,4.989185,4.989185,0.0,TP,1485,123.67,5.0288,True,False,30503.65,0.5216,159.11,793.81,31578.34
S5,DOGEUSDT,-1,2022-07-08T22:00:00+00:00,2022-07-13T12:35:00+00:00,2022,0.06871,0.07069307,0.05879466,0.00198307,5.0,4.989606,4.989606,0.0,TP,1328,110.58,5.194,True,False,30503.65,0.5216,159.11,793.88,30784.52
S2,XRPUSDT,-1,2022-07-11T14:00:00+00:00,2022-07-13T12:40:00+00:00,2022,0.3223,0.32907964,0.30196107,0.00677964,3.0,2.985738,2.985738,0.0,TP,561,46.67,3.2303,True,False,31758.68,1.378,437.63,1306.66,32885.0
S2,LINKUSDT,-1,2022-07-11T23:00:00+00:00,2022-07-14T03:25:00+00:00,2022,6.094,6.24546481,5.63960558,0.15146481,3.0,-1.01207,-1.01207,0.0,SL,630,52.42,2.7531,True,False,31758.68,1.378,437.63,-442.92,30775.95
S2,SOLUSDT,-1,2022-07-11T23:00:00+00:00,2022-07-12T15:10:00+00:00,2022,33.51,34.32907771,31.05276687,0.81907771,3.0,-1.012274,-1.012274,0.0,SL,195,16.17,0.4884,True,False,31758.68,1.378,437.63,-443.01,31148.1
S2,XRPUSDT,-1,2022-07-11T23:00:00+00:00,2022-07-13T07:55:00+00:00,2022,0.3133,0.31956452,0.29450645,0.00626452,3.0,-1.015004,-1.015004,0.0,SL,396,32.92,1.0855,True,False,31758.68,1.378,437.63,-444.2,29990.64
S3,SOLUSDT,-1,2022-07-11T23:00:00+00:00,2022-07-13T23:15:00+00:00,2022,33.51,34.72190777,28.86855964,1.09210361,4.25,-1.118906,-1.118906,0.0,SL,580,48.25,1.6574,True,False,31758.68,3.3981,1079.19,-1207.51,31218.87
S3,XRPUSDT,-1,2022-07-11T23:00:00+00:00,2022-07-13T07:40:00+00:00,2022,0.3133,0.31872645,0.27780108,0.00835269,4.25,-0.660918,-0.660918,0.0,SL,393,32.67,0.8141,True,False,31758.68,3.3981,1079.19,-713.26,30434.84
S5,DOGEUSDT,-1,2022-07-11T23:00:00+00:00,2022-07-12T05:50:00+00:00,2022,0.06149,0.06308322,0.0535239,0.00159322,5.0,-1.011578,-1.011578,0.0,SL,83,6.83,0.2322,True,False,31758.68,0.5216,165.65,-167.57,31591.1
S4,XRPUSDT,1,2022-07-13T14:00:00+00:00,2022-09-07T02:20:00+00:00,2022,0.3072,0.29826797,0.48137465,0.00893203,19.5,0.989682,19.489682,-18.5,BE,15989,1332.33,11.5091,True,False,32885.0,1.6151,531.13,525.65,31829.08
S2,DOGEUSDT,-1,2022-07-13T16:00:00+00:00,2022-07-13T17:00:00+00:00,2022,0.05922,0.06069375,0.05479876,0.00147375,3.0,-1.012055,-1.012055,0.0,SL,13,1.0,0.2986,True,False,32885.0,1.378,453.16,-458.62,32426.38
S4,SOLUSDT,1,2022-07-13T17:00:00+00:00,2022-07-26T18:40:00+00:00,2022,33.47,32.16344767,58.9477704,1.30655233,19.5,0.992315,-1.007685,2.0,BE,3765,313.67,10.6616,True,False,32426.38,1.6151,523.72,519.69,37158.8
S2,BTCUSDT,-1,2022-07-14T09:00:00+00:00,2022-07-14T15:15:00+00:00,2022,19764.62,20150.25408004,18607.71775988,385.63408004,3.0,-1.015376,-1.015376,0.0,SL,76,6.25,0.3852,True,False,30775.95,1.378,424.09,-430.61,30345.34
S1,ETHUSDT,1,2022-07-14T16:00:00+00:00,2022-07-19T00:10:00+00:00,2022,1140.48,1102.37899123,1597.69210529,38.10100877,12.0,11.99102,11.99102,0.0,TP,1251,104.17,13.1104,True,False,30345.34,0.9264,281.12,3370.91,31598.01
S1,ETHUSDT,1,2022-07-14T18:00:00+00:00,2022-07-28T15:40:00+00:00,2022,1195.25,1151.38229345,1721.66247854,43.86770655,12.0,11.991826,11.991826,0.0,TP,4005,333.67,12.0533,True,False,30345.34,0.9264,281.12,3371.13,32603.37
S1,SOLUSDT,1,2022-07-14T18:00:00+00:00,2022-07-25T03:45:00+00:00,2022,36.52,35.23316162,51.96206056,1.28683838,12.0,0.991486,-1.008514,2.0,BE,2998,249.75,8.4548,True,False,30345.34,0.9264,281.12,278.73,29837.48
S2,XRPUSDT,-1,2022-07-15T07:00:00+00:00,2022-07-15T09:25:00+00:00,2022,0.3358,0.3436777,0.31216689,0.0078777,3.0,-1.012788,-1.012788,0.0,SL,30,2.42,0.0127,True,False,30345.34,1.378,418.16,-423.51,29921.83
S2,SOLUSDT,-1,2022-07-15T21:00:00+00:00,2022-07-16T16:10:00+00:00,2022,37.76,38.89740065,34.34779804,1.13740065,3.0,-1.00996,-1.00996,0.0,SL,231,19.17,1.2573,True,False,29921.83,1.378,412.32,-416.43,29307.03
S2,ETHUSDT,-1,2022-07-16T18:00:00+00:00,2022-07-17T00:00:00+00:00,2022,1327.9,1373.07458429,1192.37624713,45.17458429,3.0,-1.008818,-1.008818,0.0,SL,73,6.0,0.3064,True,False,29307.03,1.378,403.85,-407.41,28899.62
S1,SOLUSDT,1,2022-07-17T07:00:00+00:00,2022-07-17T09:55:00+00:00,2022,40.96,39.5562781,57.8046628,1.4037219,12.0,-1.008754,-1.008754,0.0,SL,36,2.92,0.0142,True,False,28899.62,0.9264,267.73,-270.07,28629.55
S2,BTCUSDT,-1,2022-07-17T14:00:00+00:00,2022-07-18T05:05:00+00:00,2022,21117.48,21432.86042525,20171.33872425,315.38042525,3.0,-1.020088,-1.020088,0.0,SL,182,15.08,1.1906,True,False,28629.55,1.378,394.52,-402.44,28227.11
S2,DOGEUSDT,-1,2022-07-18T18:00:00+00:00,2022-07-19T00:10:00+00:00,2022,0.06661,0.06822765,0.06175704,0.00161765,3.0,-1.012353,-1.012353,0.0,SL,75,6.17,0.8902,True,False,28227.11,1.378,388.97,-393.77,31204.24
S2,LINKUSDT,-1,2022-07-19T02:00:00+00:00,2022-07-19T12:40:00+00:00,2022,6.849,7.06445608,6.20263175,0.21545608,3.0,-1.009537,-1.009537,0.0,SL,129,10.67,0.5523,True,False,31204.24,1.378,429.99,-434.1,30770.14
S1,BTCUSDT,1,2022-07-19T16:00:00+00:00,2022-07-21T14:30:00+00:00,2022,23128.31,22363.72795821,32303.29450142,764.58204179,12.0,-1.009075,-1.009075,0.0,SL,559,46.5,1.502,True,False,30770.14,0.9264,285.05,-287.64,29980.76
S4,XRPUSDT,1,2022-07-20T19:00:00+00:00,2022-07-20T20:20:00+00:00,2022,0.3689,0.35737792,0.5935806,0.01152208,19.5,-1.009605,-1.009605,0.0,SL,17,1.33,0.1389,True,False,30770.14,1.6151,496.97,-501.74,30268.4
S2,XRPUSDT,-1,2022-07-20T21:00:00+00:00,2022-07-21T20:45:00+00:00,2022,0.3588,0.36794859,0.33135423,0.00914859,3.0,-1.011766,-1.011766,0.0,SL,286,23.75,1.1477,True,False,30268.4,1.378,417.1,-422.01,29558.75
S2,ETHUSDT,-1,2022-07-25T01:00:00+00:00,2022-07-26T00:35:00+00:00,2022,1558.52,1604.42298617,1420.8110415,45.90298617,3.0,2.989814,2.989814,0.0,TP,284,23.58,3.1277,True,False,29558.75,1.378,407.32,1217.81,32988.74
S2,LINKUSDT,-1,2022-07-25T01:00:00+00:00,2022-07-26T00:20:00+00:00,2022,6.889,7.0633577,6.36592691,0.1743577,3.0,2.988147,2.988147,0.0,TP,281,23.33,3.0283,True,False,29558.75,1.378,407.32,1217.13,31770.93
S2,SOLUSDT,-1,2022-07-25T01:00:00+00:00,2022-07-26T00:50:00+00:00,2022,39.43,40.55302475,36.06092575,1.12302475,3.0,2.989467,2.989467,0.0,TP,287,23.83,3.0543,True,False,29558.75,1.378,407.32,1217.67,34206.41
S2,XRPUSDT,-1,2022-07-25T01:00:00+00:00,2022-07-25T23:50:00+00:00,2022,0.3532,0.35910316,0.33549052,0.00590316,3.0,2.98205,2.98205,0.0,TP,275,22.83,3.0662,True,False,29558.75,1.378,407.32,1214.65,30553.8
S2,XRPUSDT,-1,2022-07-25T02:00:00+00:00,2022-07-26T02:45:00+00:00,2022,0.3493,0.35527436,0.33137691,0.00597436,3.0,2.98246,2.98246,0.0,TP,298,24.75,3.13,True,False,29558.75,1.378,407.32,1214.81,35421.23
S2,ETHUSDT,-1,2022-07-25T03:00:00+00:00,2022-07-26T11:55:00+00:00,2022,1519.33,1564.80790644,1382.89628068,45.47790644,3.0,2.989978,2.989978,0.0,TP,396,32.92,3.0197,True,False,29558.75,1.378,407.32,1217.88,36639.1
S3,ETHUSDT,-1,2022-07-25T03:00:00+00:00,2022-07-25T11:05:00+00:00,2022,1519.33,1548.95779064,1261.62186352,60.63720858,4.25,-0.496124,-0.496124,0.0,SL,98,8.08,0.36,True,False,29558.75,3.3981,1004.44,-498.32,29339.15
S2,BTCUSDT,-1,2022-07-26T00:00:00+00:00,2022-07-27T16:25:00+00:00,2022,21300.0,21689.53930743,20131.38207771,389.53930743,3.0,-1.016404,-1.016404,0.0,SL,486,40.42,1.567,True,False,30553.8,1.378,421.03,-427.94,33490.7
S2,ETHUSDT,-1,2022-07-26T00:00:00+00:00,2022-07-27T13:45:00+00:00,2022,1440.4,1486.1667325,1303.09980251,45.7667325,3.0,-1.009442,-1.009442,0.0,SL,454,37.75,1.866,True,False,30553.8,1.378,421.03,-425.01,35924.88
S2,SOLUSDT,-1,2022-07-26T00:00:00+00:00,2022-07-27T18:00:00+00:00,2022,36.63,37.76647452,33.22057643,1.13647452,3.0,-1.009669,-1.009669,0.0,SL,505,42.0,1.751,True,False,30553.8,1.378,421.03,-425.1,33065.59
S2,XRPUSDT,-1,2022-07-26T00:00:00+00:00,2022-07-27T18:00:00+00:00,2022,0.3358,0.34196104,0.31731687,0.00616104,3.0,-1.016351,-1.016351,0.0,SL,505,42.0,1.7367,True,False,30553.8,1.378,421.03,-427.92,32637.68
S3,BTCUSDT,-1,2022-07-26T00:00:00+00:00,2022-07-27T18:00:00+00:00,2022,21300.0,21788.35393074,19092.61059122,519.38574324,4.25,-0.952556,-0.952556,0.0,SL,505,42.0,1.1752,True,False,30553.8,3.3981,1038.25,-988.99,31648.69
S3,ETHUSDT,-1,2022-07-26T00:00:00+00:00,2022-07-27T13:45:00+00:00,2022,1440.4,1491.15667325,1181.05518252,61.02230999,4.25,-0.838854,-0.838854,0.0,SL,454,37.75,1.3995,True,False,30553.8,3.3981,1038.25,-870.94,35053.94
S3,SOLUSDT,-1,2022-07-26T00:00:00+00:00,2022-07-27T18:00:00+00:00,2022,36.63,38.00364745,30.18997771,1.51529936,4.25,-0.913771,-0.913771,0.0,SL,505,42.0,1.3133,True,False,30553.8,3.3981,1038.25,-948.72,30699.97
S3,XRPUSDT,-1,2022-07-26T00:00:00+00:00,2022-07-27T18:00:00+00:00,2022,0.3358,0.3446161,0.30088742,0.00821473,4.25,-1.085471,-1.085471,0.0,SL,505,42.0,1.3025,True,False,30553.8,3.3981,1038.25,-1126.99,29572.98
S5,LINKUSDT,-1,2022-07-26T00:00:00+00:00,2022-07-27T18:00:00+00:00,2022,6.425,6.64388447,5.33057765,0.21888447,5.0,-1.008806,-1.008806,0.0,SL,505,42.0,1.6173,True,False,30553.8,0.5216,159.37,-160.77,29412.21
S2,SOLUSDT,-1,2022-07-26T01:00:00+00:00,2022-07-27T13:45:00+00:00,2022,36.12,37.26315491,32.69053526,1.14315491,3.0,-1.009479,-1.009479,0.0,SL,442,36.75,1.2947,True,False,34206.41,1.378,471.36,-475.83,34578.11
S2,XRPUSDT,-1,2022-07-26T01:00:00+00:00,2022-07-27T13:55:00+00:00,2022,0.3333,0.33950311,0.31469066,0.00620311,3.0,-1.016119,-1.016119,0.0,SL,444,36.92,1.3219,True,False,34206.41,1.378,471.36,-478.96,34099.15
S3,SOLUSDT,-1,2022-07-26T01:00:00+00:00,2022-07-27T05:40:00+00:00,2022,36.12,36.93431549,29.64212216,1.52420655,4.25,-0.541365,-0.541365,0.0,SL,345,28.67,0.971,True,False,34206.41,3.3981,1162.37,-629.27,36529.53
S5,BTCUSDT,-1,2022-07-26T01:00:00+00:00,2022-07-27T15:55:00+00:00,2022,20985.7,21522.3010473,18302.69476352,536.6010473,5.0,-1.011733,-1.011733,0.0,SL,468,38.92,0.5518,True,False,34206.41,0.5216,178.42,-180.51,33918.63
S5,ETHUSDT,-1,2022-07-26T01:00:00+00:00,2022-07-27T12:40:00+00:00,2022,1414.87,1476.88357357,1104.80213217,62.01357357,5.0,-1.006845,-1.006845,0.0,SL,429,35.67,0.9654,True,False,34206.41,0.5216,178.42,-179.64,36349.89
S5,LINKUSDT,-1,2022-07-26T01:00:00+00:00,2022-07-27T18:00:00+00:00,2022,6.342,6.56153558,5.2443221,0.21953558,5.0,-1.008666,-1.008666,0.0,SL,493,41.0,1.2344,True,False,34206.41,0.5216,178.42,-179.97,29232.24
S1,BTCUSDT,1,2022-07-27T19:00:00+00:00,2022-08-01T10:45:00+00:00,2022,22544.9,22043.46761846,28562.08857846,501.43238154,12.0,0.986512,-1.013488,2.0,BE,1342,111.75,4.2341,False,True,,,,,
S1,ETHUSDT,1,2022-07-27T19:00:00+00:00,2022-08-01T13:30:00+00:00,2022,1580.49,1523.31374342,2266.60507893,57.17625658,12.0,0.991707,-1.008293,2.0,BE,1375,114.5,3.5681,False,True,,,,,
S1,LINKUSDT,1,2022-07-27T19:00:00+00:00,2022-08-10T14:40:00+00:00,2022,6.675,6.4628731,9.22052284,0.2121269,12.0,11.99056,11.99056,0.0,TP,3981,331.67,12.0494,False,True,,,,,
S1,LINKUSDT,1,2022-07-28T18:00:00+00:00,2022-08-01T17:45:00+00:00,2022,7.202,6.96068697,10.09775638,0.24131303,12.0,0.991046,-1.008954,2.0,BE,1150,95.75,4.173,True,False,32603.37,0.9264,302.04,299.33,30224.9
S1,LINKUSDT,1,2022-07-29T01:00:00+00:00,2022-08-02T03:05:00+00:00,2022,7.502,7.22188428,10.86338866,0.28011572,12.0,-1.008035,-1.008035,0.0,SL,1178,98.08,2.524,True,False,32603.37,0.9264,302.04,-304.46,29920.44
S2,DOGEUSDT,-1,2022-07-29T12:00:00+00:00,2022-07-30T08:45:00+00:00,2022,0.06888,0.07084728,0.06297817,0.00196728,3.0,-1.010504,-1.010504,0.0,SL,250,20.75,0.854,True,False,32603.37,1.378,449.27,-453.99,31242.39
S2,LINKUSDT,-1,2022-07-29T12:00:00+00:00,2022-07-29T13:55:00+00:00,2022,7.495,7.7505643,6.72830709,0.2555643,3.0,-1.008798,-1.008798,0.0,SL,24,1.92,0.4461,True,False,32603.37,1.378,449.27,-453.23,32150.14
S2,XRPUSDT,-1,2022-07-29T12:00:00+00:00,2022-07-30T13:05:00+00:00,2022,0.3675,0.37584182,0.34247454,0.00834182,3.0,-1.013217,-1.013217,0.0,SL,302,25.08,0.983,True,False,32603.37,1.378,449.27,-455.21,30495.47
S2,DOGEUSDT,-1,2022-07-29T13:00:00+00:00,2022-07-29T14:15:00+00:00,2022,0.06757,0.06959818,0.06148545,0.00202818,3.0,-1.009995,-1.009995,0.0,SL,16,1.25,0.1233,True,False,32603.37,1.378,449.27,-453.76,31696.38
S1,DOGEUSDT,1,2022-07-30T09:00:00+00:00,2022-07-30T10:05:00+00:00,2022,0.07394,0.07111499,0.10784009,0.00282501,12.0,-1.007852,-1.007852,0.0,SL,14,1.08,0.177,True,False,31242.39,0.9264,289.43,-291.7,30950.68
S2,DOGEUSDT,-1,2022-07-30T10:00:00+00:00,2022-08-02T04:40:00+00:00,2022,0.07219,0.07444777,0.06541668,0.00225777,3.0,2.990408,2.990408,0.0,TP,801,66.67,3.0074,True,False,31242.39,1.378,430.52,1287.43,31207.87
S1,XRPUSDT,1,2022-07-30T14:00:00+00:00,2022-07-30T22:00:00+00:00,2022,0.3985,0.38667316,0.54042207,0.01182684,12.0,-1.010108,-1.010108,0.0,SL,97,8.0,0.9724,True,False,30495.47,0.9264,282.51,-285.37,30210.1
S1,SOLUSDT,1,2022-07-30T16:00:00+00:00,2022-07-30T22:00:00+00:00,2022,46.27,44.33662442,69.470507,1.93337558,12.0,-1.00718,-1.00718,0.0,SL,73,6.0,0.1914,True,False,30495.47,0.9264,282.51,-284.54,29925.57
S5,XRPUSDT,-1,2022-07-30T20:00:00+00:00,2022-08-19T06:35:00+00:00,2022,0.3929,0.40643266,0.3252367,0.01353266,5.0,4.99129,4.99129,0.0,TP,5600,466.58,5.1948,True,False,30495.47,0.5216,159.06,793.94,27909.07
S2,BTCUSDT,-1,2022-08-02T18:00:00+00:00,2022-08-03T12:15:00+00:00,2022,23175.6,23544.07695022,22070.16914933,368.47695022,3.0,-1.018869,-1.018869,0.0,SL,220,18.25,1.3417,True,False,31207.87,1.378,430.04,-438.16,30331.8
S2,BTCUSDT,-1,2022-08-02T19:00:00+00:00,2022-08-03T09:10:00+00:00,2022,22973.1,23350.01216806,21842.36349581,376.91216806,3.0,-1.018285,-1.018285,0.0,SL,171,14.17,0.7744,True,False,31207.87,1.378,430.04,-437.91,30769.96
S2,SOLUSDT,-1,2022-08-03T00:00:00+00:00,2022-08-03T13:15:00+00:00,2022,39.73,40.85193123,36.36420632,1.12193123,3.0,-1.010624,-1.010624,0.0,SL,160,13.25,2.0857,True,False,31207.87,1.378,430.04,-434.61,29897.19
S5,BTCUSDT,-1,2022-08-04T17:00:00+00:00,2022-08-05T02:30:00+00:00,2022,22578.6,23024.6505409,20348.34729551,446.0505409,5.0,-1.015186,-1.015186,0.0,SL,115,9.5,0.4677,True,False,29897.19,0.5216,155.94,-158.31,29738.87
S2,BTCUSDT,-1,2022-08-05T13:00:00+00:00,2022-08-05T14:15:00+00:00,2022,23018.93,23338.57488299,22059.99535104,319.64488299,3.0,-1.021604,-1.021604,0.0,SL,16,1.25,0.4365,True,False,29738.87,1.378,409.8,-418.66,29320.22
S5,ETHUSDT,-1,2022-08-05T13:00:00+00:00,2022-08-05T23:10:00+00:00,2022,1680.57,1727.10504937,1447.89475313,46.53504937,5.0,-1.010834,-1.010834,0.0,SL,123,10.17,0.5301,True,False,29738.87,0.5216,155.12,-156.8,28753.88
S2,ETHUSDT,-1,2022-08-05T16:00:00+00:00,2022-08-05T21:15:00+00:00,2022,1669.65,1706.40737522,1559.37787434,36.75737522,3.0,-1.013627,-1.013627,0.0,SL,64,5.25,0.3741,True,False,29320.22,1.378,404.03,-409.54,28910.68
S1,LINKUSDT,1,2022-08-07T20:00:00+00:00,2022-08-09T11:55:00+00:00,2022,8.221,8.04562031,10.32555624,0.17537969,12.0,0.985937,-1.014063,2.0,BE,480,39.92,4.1852,True,False,28753.88,0.9264,266.38,262.63,28064.86
S1,LINKUSDT,1,2022-08-08T02:00:00+00:00,2022-08-15T00:05:00+00:00,2022,8.386,8.18483947,10.7999263,0.20116053,12.0,0.987494,-1.012506,2.0,BE,1994,166.08,5.5528,True,False,28753.88,0.9264,266.38,263.04,26418.04
S1,BTCUSDT,1,2022-08-08T09:00:00+00:00,2022-08-08T19:15:00+00:00,2022,24120.4,23801.10406933,27951.951168,319.29593067,12.0,-1.022663,-1.022663,0.0,SL,124,10.25,0.3902,True,False,28753.88,0.9264,266.38,-272.41,28072.9
S1,ETHUSDT,1,2022-08-08T09:00:00+00:00,2022-08-09T09:55:00+00:00,2022,1772.86,1739.82359889,2169.29681335,33.03640111,12.0,-1.016099,-1.016099,0.0,SL,300,24.92,1.4203,True,False,28753.88,0.9264,266.38,-270.66,27802.23
S2,XRPUSDT,-1,2022-08-08T10:00:00+00:00,2022-08-08T13:50:00+00:00,2022,0.381,0.38466938,0.36999187,0.00366938,3.0,-1.03115,-1.03115,0.0,SL,47,3.83,0.1635,True,False,28753.88,1.378,396.23,-408.57,28345.31
S2,DOGEUSDT,-1,2022-08-09T09:00:00+00:00,2022-08-10T00:35:00+00:00,2022,0.07184,0.07344517,0.0670245,0.00160517,3.0,2.986573,2.986573,0.0,TP,188,15.58,3.009,True,False,28072.9,1.378,386.84,1155.34,29220.2
S2,SOLUSDT,-1,2022-08-09T10:00:00+00:00,2022-08-10T00:45:00+00:00,2022,41.59,42.37491576,39.23525272,0.78491576,3.0,2.984104,2.984104,0.0,TP,178,14.75,3.1086,True,False,27802.23,1.378,383.11,1143.25,30363.46
S5,BTCUSDT,-1,2022-08-09T10:00:00+00:00,2022-08-10T12:45:00+00:00,2022,23472.62,23794.82479985,21861.59600076,322.20479985,5.0,-1.021855,-1.021855,0.0,SL,322,26.75,2.5075,True,False,27802.23,0.5216,145.02,-148.19,28610.54
S5,ETHUSDT,-1,2022-08-09T10:00:00+00:00,2022-08-10T12:30:00+00:00,2022,1733.58,1770.45322622,1549.21386892,36.87322622,5.0,-1.014104,-1.014104,0.0,SL,319,26.5,2.1311,True,False,27802.23,0.5216,145.02,-147.06,30216.4
S5,XRPUSDT,-1,2022-08-09T10:00:00+00:00,2022-08-10T13:20:00+00:00,2022,0.3723,0.3779676,0.34396199,0.0056676,5.0,-1.019707,-1.019707,0.0,SL,329,27.33,2.5584,True,False,27802.23,0.5216,145.02,-147.87,28071.34
S2,DOGEUSDT,-1,2022-08-09T11:00:00+00:00,2022-08-11T00:55:00+00:00,2022,0.07065,0.07232785,0.06561646,0.00167785,3.0,-1.012632,-1.012632,0.0,SL,456,37.92,2.4436,True,False,27802.23,1.378,383.11,-387.95,27029.11
S2,SOLUSDT,-1,2022-08-09T11:00:00+00:00,2022-08-10T12:35:00+00:00,2022,40.99,41.80885035,38.53344895,0.81885035,3.0,-1.015017,-1.015017,0.0,SL,308,25.58,2.2959,True,False,27802.23,1.378,383.11,-388.87,29532.48
S3,SOLUSDT,-1,2022-08-09T11:00:00+00:00,2022-08-10T12:35:00+00:00,2022,40.99,41.87188503,36.34984803,1.09180046,4.25,-0.818998,-0.818998,0.0,SL,308,25.58,1.7219,True,False,27802.23,3.3981,944.75,-773.75,28758.73
S5,BTCUSDT,-1,2022-08-09T11:00:00+00:00,2022-08-10T12:30:00+00:00,2022,23340.1,23667.38588557,21703.67057213,327.28588557,5.0,-1.021394,-1.021394,0.0,SL,307,25.5,2.0637,True,False,27802.23,0.5216,145.02,-148.12,30068.28
S5,ETHUSDT,-1,2022-08-09T11:00:00+00:00,2022-08-10T12:30:00+00:00,2022,1712.65,1751.51942434,1518.30287828,38.86942434,5.0,-1.013218,-1.013218,0.0,SL,307,25.5,1.4832,True,False,27802.23,0.5216,145.02,-146.93,29921.34
S2,DOGEUSDT,-1,2022-08-09T14:00:00+00:00,2022-08-10T12:45:00+00:00,2022,0.0693,0.07105138,0.06404586,0.00175138,3.0,-1.011871,-1.011871,0.0,SL,274,22.75,1.5702,True,False,28064.86,1.378,386.73,-391.32,28219.22
S1,BTCUSDT,1,2022-08-10T13:00:00+00:00,2022-08-10T18:45:00+00:00,2022,23983.92,23556.60243089,29111.7308293,427.31756911,12.0,-1.016838,-1.016838,0.0,SL,70,5.75,0.4542,True,False,28219.22,0.9264,261.42,-265.82,27805.52
S1,ETHUSDT,1,2022-08-10T13:00:00+00:00,2022-08-15T08:15:00+00:00,2022,1822.43,1769.29510464,2460.04874437,53.13489536,12.0,0.989711,-1.010289,2.0,BE,1384,115.25,3.9065,True,False,28219.22,0.9264,261.42,258.73,26017.84
S1,XRPUSDT,1,2022-08-10T13:00:00+00:00,2022-08-15T07:35:00+00:00,2022,0.376,0.36884708,0.46183508,0.00715292,12.0,-1.01577,-1.01577,0.0,SL,1376,114.58,2.2508,True,False,28219.22,0.9264,261.42,-265.55,26012.11
S2,SOLUSDT,-1,2022-08-10T19:00:00+00:00,2022-08-10T21:20:00+00:00,2022,41.35,42.2471941,38.6584177,0.8971941,3.0,-1.013826,-1.013826,0.0,SL,29,2.33,0.1783,True,False,27805.52,1.378,383.16,-388.46,27417.06
S1,SOLUSDT,1,2022-08-11T02:00:00+00:00,2022-08-15T00:15:00+00:00,2022,43.19,41.95080735,58.06031178,1.23919265,12.0,0.989544,-1.010456,2.0,BE,1132,94.25,4.1882,True,False,27029.11,0.9264,250.4,247.78,26665.82
S1,SOLUSDT,1,2022-08-13T01:00:00+00:00,2022-08-14T16:15:00+00:00,2022,47.04,45.54517145,64.97794262,1.49482855,12.0,-1.009441,-1.009441,0.0,SL,472,39.25,0.8964,True,False,27029.11,0.9264,250.4,-252.76,26523.76
S1,DOGEUSDT,1,2022-08-14T07:00:00+00:00,2022-08-15T07:55:00+00:00,2022,0.07816,0.07591061,0.10515271,0.00224939,12.0,-1.010424,-1.010424,0.0,SL,300,24.92,2.8986,True,False,27029.11,0.9264,250.4,-253.01,25759.1
S1,DOGEUSDT,1,2022-08-14T09:00:00+00:00,2022-08-14T12:10:00+00:00,2022,0.07989,0.07714251,0.11285983,0.00274749,12.0,-1.008723,-1.008723,0.0,SL,39,3.17,0.1019,True,False,27029.11,0.9264,250.4,-252.58,26776.53
S2,XRPUSDT,-1,2022-08-14T11:00:00+00:00,2022-08-15T06:30:00+00:00,2022,0.387,0.39180965,0.37257104,0.00480965,3.0,2.975861,2.975861,0.0,TP,235,19.5,3.0771,True,False,27029.11,1.378,372.46,1108.39,27150.63
S1,DOGEUSDT,1,2022-08-14T16:00:00+00:00,2022-08-15T06:25:00+00:00,2022,0.08096,0.07791069,0.11755171,0.00304931,12.0,-1.007965,-1.007965,0.0,SL,174,14.42,1.2199,True,False,26776.53,0.9264,248.06,-250.03,26042.24
S2,XRPUSDT,-1,2022-08-14T17:00:00+00:00,2022-08-15T02:35:00+00:00,2022,0.3769,0.38203456,0.36149632,0.00513456,3.0,-1.022021,-1.022021,0.0,SL,116,9.58,0.6817,True,False,26523.76,1.378,365.5,-373.55,26292.27
S2,DOGEUSDT,-1,2022-08-14T18:00:00+00:00,2022-08-14T22:40:00+00:00,2022,0.07882,0.08146196,0.07089411,0.00264196,3.0,-1.00895,-1.00895,0.0,SL,57,4.67,0.2763,True,False,26523.76,1.378,365.5,-368.77,26155.0
S4,XRPUSDT,1,2022-08-14T19:00:00+00:00,2022-08-15T06:50:00+00:00,2022,0.3783,0.37122659,0.51623144,0.00707341,19.5,-1.016045,-1.016045,0.0,SL,143,11.83,0.9331,True,False,26523.76,1.6151,428.39,-435.26,26277.66
S4,XRPUSDT,1,2022-08-15T01:00:00+00:00,2022-08-15T06:35:00+00:00,2022,0.3788,0.37184573,0.51440832,0.00695427,19.5,-1.016341,-1.016341,0.0,SL,68,5.58,0.8772,True,False,26665.82,1.6151,430.68,-437.72,26712.92
S2,BTCUSDT,-1,2022-08-15T07:00:00+00:00,2022-08-19T00:05:00+00:00,2022,24135.23,24493.93661005,23059.11016984,358.70661005,3.0,2.979815,2.979815,0.0,TP,1070,89.08,3.0115,True,False,26277.66,1.378,362.11,1079.01,26087.13
S2,DOGEUSDT,-1,2022-08-15T07:00:00+00:00,2022-08-16T00:50:00+00:00,2022,0.07705,0.07972742,0.06901775,0.00267742,3.0,-1.008633,-1.008633,0.0,SL,215,17.83,0.9039,True,False,26277.66,1.378,362.11,-365.23,25514.32
S2,ETHUSDT,-1,2022-08-15T07:00:00+00:00,2022-08-17T06:00:00+00:00,2022,1906.09,1946.70505951,1784.24482146,40.61505951,3.0,-1.014079,-1.014079,0.0,SL,565,47.0,1.381,True,False,26277.66,1.378,362.11,-367.2,25008.13
S5,LINKUSDT,-1,2022-08-15T07:00:00+00:00,2022-08-15T16:55:00+00:00,2022,8.548,8.83690801,7.10345994,0.28890801,5.0,-1.008876,-1.008876,0.0,SL,120,9.92,0.2008,True,False,26277.66,0.5216,137.06,-138.28,25879.56
S5,SOLUSDT,-1,2022-08-15T07:00:00+00:00,2022-08-19T06:35:00+00:00,2022,43.88,45.51852554,35.6873723,1.63852554,5.0,4.991966,4.991966,0.0,TP,1148,95.58,5.7979,True,False,26277.66,0.5216,137.06,684.22,28593.29
S5,XRPUSDT,-1,2022-08-15T07:00:00+00:00,2022-08-17T00:15:00+00:00,2022,0.3721,0.38003032,0.33244842,0.00793032,5.0,-1.014076,-1.014076,0.0,SL,496,41.25,0.8449,True,False,26277.66,0.5216,137.06,-138.99,25375.33
S2,XRPUSDT,-1,2022-08-17T08:00:00+00:00,2022-08-19T06:30:00+00:00,2022,0.3771,0.38377849,0.35706453,0.00667849,3.0,2.983061,2.983061,0.0,TP,559,46.5,3.2642,True,False,25008.13,1.378,344.61,1028.0,27115.13
S5,LINKUSDT,-1,2022-08-19T00:00:00+00:00,2022-08-26T23:15:00+00:00,2022,7.643,7.87231065,6.49644675,0.22931065,5.0,4.990001,4.990001,0.0,TP,2296,191.25,5.1459,True,False,25008.13,0.5216,130.44,650.91,30936.38
S5,XRPUSDT,-1,2022-08-19T09:00:00+00:00,2022-08-24T19:40:00+00:00,2022,0.338,0.35117719,0.27211406,0.01317719,5.0,-1.007695,-1.007695,0.0,SL,1569,130.67,0.5616,True,False,28593.29,0.5216,149.14,-150.29,27640.63
S4,SOLUSDT,1,2022-08-22T16:00:00+00:00,2022-08-26T15:00:00+00:00,2022,34.78,33.5872193,58.03922365,1.1927807,19.5,-1.008748,-1.008748,0.0,SL,1141,95.0,1.4504,True,False,28593.29,1.6151,461.81,-465.85,26915.35
S2,BTCUSDT,-1,2022-08-23T06:00:00+00:00,2022-08-23T07:40:00+00:00,2022,20955.2,21236.67699397,20110.76901809,281.47699397,3.0,-1.022334,-1.022334,0.0,SL,21,1.67,0.2856,True,False,28593.29,1.378,394.02,-402.82,27790.92
S2,LINKUSDT,-1,2022-08-23T06:00:00+00:00,2022-08-23T07:15:00+00:00,2022,6.771,6.9154011,6.33779669,0.1444011,3.0,-1.014067,-1.014067,0.0,SL,16,1.25,0.0277,True,False,28593.29,1.378,394.02,-399.56,28193.73
S2,DOGEUSDT,-1,2022-08-25T13:00:00+00:00,2022-08-26T15:15:00+00:00,2022,0.06965,0.07092528,0.06582415,0.00127528,3.0,2.983615,2.983615,0.0,TP,316,26.25,4.054,True,False,27640.63,1.378,380.89,1136.42,29177.76
S1,XRPUSDT,1,2022-08-26T09:00:00+00:00,2022-08-26T09:50:00+00:00,2022,0.3699,0.36145607,0.47122719,0.00844393,12.0,-1.013142,-1.013142,0.0,SL,11,0.83,0.0355,True,False,27640.63,0.9264,256.06,-259.43,27381.2
S2,XRPUSDT,-1,2022-08-26T10:00:00+00:00,2022-08-26T15:05:00+00:00,2022,0.3619,0.36878774,0.34123678,0.00688774,3.0,2.984237,2.984237,0.0,TP,62,5.08,3.165,True,False,27381.2,1.378,377.31,1125.99,28041.34
S2,BTCUSDT,-1,2022-08-26T15:00:00+00:00,2022-08-26T23:15:00+00:00,2022,21159.93,21474.32864596,20216.73406211,314.39864596,3.0,2.979809,2.979809,0.0,TP,100,8.25,3.2123,True,False,26915.35,1.378,370.89,1105.19,32041.57
S2,DOGEUSDT,-1,2022-08-26T15:00:00+00:00,2022-08-26T23:15:00+00:00,2022,0.06734,0.06888459,0.06270624,0.00154459,3.0,2.986921,2.986921,0.0,TP,100,8.25,3.0364,True,False,26915.35,1.378,370.89,1107.83,33149.4
S2,ETHUSDT,-1,2022-08-26T15:00:00+00:00,2022-08-26T23:10:00+00:00,2022,1633.27,1669.83052063,1523.58843811,36.56052063,3.0,2.986598,2.986598,0.0,TP,99,8.17,3.0982,True,False,26915.35,1.378,370.89,1107.71,30285.47
S2,LINKUSDT,-1,2022-08-26T15:00:00+00:00,2022-08-26T23:15:00+00:00,2022,6.944,7.1004489,6.47465329,0.1564489,3.0,2.986684,2.986684,0.0,TP,100,8.25,3.0745,True,False,26915.35,1.378,370.89,1107.74,34257.14
S2,SOLUSDT,-1,2022-08-26T15:00:00+00:00,2022-08-26T23:15:00+00:00,2022,34.14,34.96730635,31.65808094,0.82730635,3.0,2.98762,2.98762,0.0,TP,100,8.25,3.0098,True,False,26915.35,1.378,370.89,1108.09,35365.23
S2,XRPUSDT,-1,2022-08-26T15:00:00+00:00,2022-08-28T23:20:00+00:00,2022,0.3489,0.35701912,0.32454264,0.00811912,3.0,2.987108,2.987108,0.0,TP,677,56.33,3.3871,True,False,26915.35,1.378,370.89,1107.9,36473.13
S2,XRPUSDT,-1,2022-08-26T16:00:00+00:00,2022-09-07T02:20:00+00:00,2022,0.34,0.34863204,0.31410388,0.00863204,3.0,2.988184,2.988184,0.0,TP,3293,274.33,3.0584,True,False,29177.76,1.378,402.07,1201.46,33030.54
S3,XRPUSDT,-1,2022-08-26T16:00:00+00:00,2022-09-09T05:30:00+00:00,2022,0.34,0.3499632,0.2910851,0.01150939,4.25,-0.874521,-0.874521,0.0,SL,3907,325.5,2.4328,True,False,29177.76,3.3981,991.49,-867.08,30008.97
S1,ETHUSDT,1,2022-08-30T05:00:00+00:00,2022-08-30T14:30:00+00:00,2022,1581.42,1540.22203972,2075.79552336,41.19796028,12.0,-1.011516,-1.011516,0.0,SL,115,9.5,0.5724,True,False,36473.13,0.9264,337.89,-341.78,36131.35
S2,BTCUSDT,-1,2022-08-30T15:00:00+00:00,2022-08-31T01:35:00+00:00,2022,19832.33,20096.54657919,19039.68026243,264.21657919,3.0,-1.022518,-1.022518,0.0,SL,128,10.58,1.1064,True,False,36131.35,1.378,497.89,-509.1,34108.41
S2,LINKUSDT,-1,2022-08-30T15:00:00+00:00,2022-08-30T19:20:00+00:00,2022,6.496,6.62169187,6.1189244,0.12569187,3.0,-1.015505,-1.015505,0.0,SL,53,4.33,1.0741,True,False,36131.35,1.378,497.89,-505.61,35122.08
S2,SOLUSDT,-1,2022-08-30T15:00:00+00:00,2022-08-30T20:45:00+00:00,2022,31.31,32.00999821,29.21000538,0.69999821,3.0,-1.013419,-1.013419,0.0,SL,70,5.75,1.0,True,False,36131.35,1.378,497.89,-504.57,34617.51
S2,ETHUSDT,-1,2022-08-30T17:00:00+00:00,2022-08-30T19:00:00+00:00,2022,1486.59,1525.0534938,1371.19951861,38.4634938,3.0,-1.011595,-1.011595,0.0,SL,25,2.0,0.3814,True,False,36131.35,1.378,497.89,-503.66,35627.69
S2,LINKUSDT,-1,2022-08-31T15:00:00+00:00,2022-09-01T22:40:00+00:00,2022,6.708,6.85101315,6.27896055,0.14301315,3.0,-1.014071,-1.014071,0.0,SL,381,31.67,1.867,True,False,34108.41,1.378,470.01,-476.63,33072.49
S2,SOLUSDT,-1,2022-08-31T15:00:00+00:00,2022-09-06T00:30:00+00:00,2022,32.19,32.91511513,30.01465461,0.72511513,3.0,-1.013318,-1.013318,0.0,SL,1555,129.5,2.5099,True,False,34108.41,1.378,470.01,-476.27,30759.34
S4,BTCUSDT,1,2022-08-31T16:00:00+00:00,2022-09-01T14:45:00+00:00,2022,20142.26,19746.1592242,27866.22512804,396.1007758,19.5,-1.015255,-1.015255,0.0,SL,274,22.75,0.4714,True,False,34108.41,1.6151,550.88,-559.29,33549.12
S2,XRPUSDT,-1,2022-09-02T17:00:00+00:00,2022-09-02T22:05:00+00:00,2022,0.3269,0.33144282,0.31327154,0.00454282,3.0,-1.021588,-1.021588,0.0,SL,62,5.08,0.4403,True,False,33072.49,1.378,455.74,-465.58,32606.91
S2,LINKUSDT,-1,2022-09-02T18:00:00+00:00,2022-09-04T12:20:00+00:00,2022,6.97,7.13128234,6.48615297,0.16128234,3.0,-1.012965,-1.012965,0.0,SL,509,42.33,1.5873,True,False,33072.49,1.378,455.74,-461.65,32145.26
S2,DOGEUSDT,-1,2022-09-04T11:00:00+00:00,2022-09-06T00:35:00+00:00,2022,0.06303,0.06395973,0.0602408,0.00092973,3.0,-1.020338,-1.020338,0.0,SL,452,37.58,2.3232,True,False,32606.91,1.378,449.32,-458.46,30300.88
S2,DOGEUSDT,-1,2022-09-04T14:00:00+00:00,2022-09-06T00:35:00+00:00,2022,0.06278,0.06374632,0.05988104,0.00096632,3.0,-1.01949,-1.01949,0.0,SL,416,34.58,1.9766,True,False,32145.26,1.378,442.96,-451.6,29849.29
S2,XRPUSDT,-1,2022-09-05T10:00:00+00:00,2022-09-05T14:55:00+00:00,2022,0.3241,0.32716608,0.31490177,0.00306608,3.0,-1.031712,-1.031712,0.0,SL,60,4.92,0.6197,True,False,32145.26,1.378,442.96,-457.01,31688.26
S2,SOLUSDT,-1,2022-09-05T11:00:00+00:00,2022-09-05T14:55:00+00:00,2022,31.2,31.62839446,29.91481662,0.42839446,3.0,-1.021849,-1.021849,0.0,SL,48,3.92,0.1167,True,False,32145.26,1.378,442.96,-452.64,31235.62
S2,BTCUSDT,-1,2022-09-06T02:00:00+00:00,2022-09-06T08:55:00+00:00,2022,19771.81,19998.01040986,19093.20877041,226.20040986,3.0,-1.026223,-1.026223,0.0,SL,84,6.92,0.4722,True,False,29849.29,1.378,411.32,-422.11,29009.43
S2,DOGEUSDT,-1,2022-09-06T02:00:00+00:00,2022-09-06T17:15:00+00:00,2022,0.06295,0.06404592,0.05966223,0.00109592,3.0,2.982768,2.982768,0.0,TP,184,15.25,3.3761,True,False,29849.29,1.378,411.32,1226.88,30078.68
S2,SOLUSDT,-1,2022-09-06T02:00:00+00:00,2022-09-06T06:45:00+00:00,2022,32.53,33.15501673,30.65494981,0.62501673,3.0,-1.015614,-1.015614,0.0,SL,58,4.75,0.544,True,False,29849.29,1.378,411.32,-417.75,29431.54
S2,XRPUSDT,-1,2022-09-06T02:00:00+00:00,2022-09-06T20:05:00+00:00,2022,0.3347,0.33918379,0.32124863,0.00448379,3.0,2.977606,2.977606,0.0,TP,218,18.08,3.9476,True,False,29849.29,1.378,411.32,1224.76,31303.44
S5,ETHUSDT,-1,2022-09-06T02:00:00+00:00,2022-09-06T11:20:00+00:00,2022,1638.88,1678.30962227,1441.73188863,39.42962227,5.0,-1.012469,-1.012469,0.0,SL,113,9.33,0.383,True,False,29849.29,0.5216,155.69,-157.64,28851.8
S1,SOLUSDT,1,2022-09-06T16:00:00+00:00,2022-09-06T17:05:00+00:00,2022,33.76,32.79831951,45.30016594,0.96168049,12.0,-1.010532,-1.010532,0.0,SL,14,1.08,0.0728,False,True,,,,,
S2,SOLUSDT,-1,2022-09-06T17:00:00+00:00,2022-09-06T17:45:00+00:00,2022,33.47,34.18688463,31.31934611,0.71688463,3.0,2.985994,2.985994,0.0,TP,10,0.75,3.0409,False,True,,,,,
S2,ETHUSDT,-1,2022-09-06T18:00:00+00:00,2022-09-07T20:20:00+00:00,2022,1586.99,1626.98201847,1467.01394459,39.99201847,3.0,-1.011905,-1.011905,0.0,SL,317,26.33,2.5213,True,False,30078.68,1.378,414.48,-419.42,31612.3
S2,SOLUSDT,-1,2022-09-06T18:00:00+00:00,2022-09-07T20:20:00+00:00,2022,31.48,32.3824643,28.7726071,0.9024643,3.0,-1.010465,-1.010465,0.0,SL,317,26.33,1.3408,True,False,30078.68,1.378,414.48,-418.82,31193.48
S2,XRPUSDT,-1,2022-09-06T18:00:00+00:00,2022-09-07T18:35:00+00:00,2022,0.3248,0.33024154,0.30847537,0.00544154,3.0,-1.017907,-1.017907,0.0,SL,296,24.58,2.3523,True,False,30078.68,1.378,414.48,-421.91,32189.98
S5,LINKUSDT,-1,2022-09-06T18:00:00+00:00,2022-09-07T20:20:00+00:00,2022,6.84,7.07036551,5.68817243,0.23036551,5.0,-1.008908,-1.008908,0.0,SL,317,26.33,1.1851,True,False,30078.68,0.5216,156.89,-158.29,31035.19
S2,SOLUSDT,-1,2022-09-06T19:00:00+00:00,2022-09-07T17:00:00+00:00,2022,30.85,31.77050256,28.08849231,0.92050256,3.0,-1.010054,-1.010054,0.0,SL,265,22.0,0.6301,True,False,30078.68,1.378,414.48,-418.65,32611.89
S5,BTCUSDT,-1,2022-09-06T19:00:00+00:00,2022-09-07T20:45:00+00:00,2022,18947.4,19343.70515869,16965.87420654,396.30515869,5.0,-1.014343,-1.014343,0.0,SL,310,25.75,1.1018,True,False,30078.68,0.5216,156.89,-159.14,30876.05
S5,LINKUSDT,-1,2022-09-06T19:00:00+00:00,2022-09-07T20:15:00+00:00,2022,6.733,6.96405369,5.57773154,0.23105369,5.0,-1.008742,-1.008742,0.0,SL,304,25.25,0.7184,True,False,30078.68,0.5216,156.89,-158.26,32031.72
S1,BTCUSDT,1,2022-09-09T04:00:00+00:00,2022-09-13T18:55:00+00:00,2022,19936.0,19598.90120305,23981.18556339,337.09879695,12.0,0.982258,-1.017742,2.0,BE,1332,110.92,8.6444,True,False,30876.05,0.9264,286.04,280.96,28493.74
S2,DOGEUSDT,-1,2022-09-10T08:00:00+00:00,2022-09-10T22:35:00+00:00,2022,0.06341,0.06464005,0.05971984,0.00123005,3.0,-1.015465,-1.015465,0.0,SL,176,14.58,0.0081,True,False,30008.97,1.378,413.52,-419.92,29589.05
S2,XRPUSDT,-1,2022-09-10T08:00:00+00:00,2022-09-10T22:40:00+00:00,2022,0.3529,0.35976431,0.33230706,0.00686431,3.0,-1.015423,-1.015423,0.0,SL,177,14.67,0.1457,True,False,30008.97,1.378,413.52,-419.9,29169.15
S2,DOGEUSDT,-1,2022-09-12T03:00:00+00:00,2022-09-12T08:45:00+00:00,2022,0.06308,0.0643143,0.05937709,0.0012343,3.0,-1.015332,-1.015332,0.0,SL,70,5.75,0.4213,True,False,29169.15,1.378,401.95,-408.11,28354.52
S2,LINKUSDT,-1,2022-09-12T03:00:00+00:00,2022-09-13T12:50:00+00:00,2022,7.997,8.21934128,7.32997616,0.22234128,3.0,2.98921,2.98921,0.0,TP,407,33.83,3.0674,True,False,29169.15,1.378,401.95,1201.52,28212.78
S2,SOLUSDT,-1,2022-09-12T03:00:00+00:00,2022-09-12T08:35:00+00:00,2022,35.02,35.94468877,32.2459337,0.92468877,3.0,-1.011362,-1.011362,0.0,SL,68,5.58,0.5083,True,False,29169.15,1.378,401.95,-406.52,28762.63
S2,XRPUSDT,-1,2022-09-12T03:00:00+00:00,2022-09-12T13:20:00+00:00,2022,0.3514,0.35728791,0.33373627,0.00588791,3.0,-1.017904,-1.017904,0.0,SL,125,10.33,0.6624,True,False,29169.15,1.378,401.95,-409.15,27945.37
S4,XRPUSDT,1,2022-09-12T06:00:00+00:00,2022-09-13T12:30:00+00:00,2022,0.3526,0.34500115,0.50077761,0.00759885,19.5,-1.013921,-1.013921,0.0,SL,367,30.5,0.987,True,False,29169.15,1.6151,471.11,-477.67,27011.26
S4,ETHUSDT,1,2022-09-12T18:00:00+00:00,2022-09-13T00:20:00+00:00,2022,1727.11,1681.19628711,2622.42740133,45.91371289,19.5,-1.011285,-1.011285,0.0,SL,77,6.33,0.1148,True,False,27945.37,1.6151,451.35,-456.44,27488.93
S2,BTCUSDT,-1,2022-09-13T13:00:00+00:00,2022-09-13T21:40:00+00:00,2022,21398.32,21855.41970612,20027.02088164,457.09970612,3.0,2.985956,2.985956,0.0,TP,105,8.67,3.4091,True,False,28212.78,1.378,388.77,1160.86,29654.6
S2,ETHUSDT,-1,2022-09-13T13:00:00+00:00,2022-09-15T14:50:00+00:00,2022,1628.26,1671.85870697,1497.4638791,43.59870697,3.0,2.988796,2.988796,0.0,TP,599,49.83,3.3547,True,False,28212.78,1.378,388.77,1161.96,30816.56
S2,LINKUSDT,-1,2022-09-13T13:00:00+00:00,2022-09-15T23:45:00+00:00,2022,7.372,7.58661397,6.72815809,0.21461397,3.0,-1.010305,-1.010305,0.0,SL,706,58.75,1.8685,True,False,28212.78,1.378,388.77,-392.78,31006.24
S2,SOLUSDT,-1,2022-09-13T13:00:00+00:00,2022-09-16T13:50:00+00:00,2022,35.86,37.07100811,32.22697568,1.21100811,3.0,2.991116,2.991116,0.0,TP,875,72.83,3.1627,True,False,28212.78,1.378,388.77,1162.86,33329.01
S2,XRPUSDT,-1,2022-09-13T13:00:00+00:00,2022-09-15T23:05:00+00:00,2022,0.3429,0.34915306,0.32414081,0.00625306,3.0,2.983549,2.983549,0.0,TP,698,58.08,3.0385,True,False,28212.78,1.378,388.77,1159.92,31399.02
S2,SOLUSDT,-1,2022-09-13T14:00:00+00:00,2022-09-16T16:25:00+00:00,2022,35.39,36.59915039,31.76254884,1.20915039,3.0,2.991219,2.991219,0.0,TP,894,74.42,3.1592,True,False,28212.78,1.378,388.77,1162.9,34059.8
S2,XRPUSDT,-1,2022-09-13T14:00:00+00:00,2022-09-16T02:10:00+00:00,2022,0.3408,0.34700285,0.32219146,0.00620285,3.0,2.983517,2.983517,0.0,TP,723,60.17,3.0954,True,False,28212.78,1.378,388.77,1159.91,32166.15
S3,SOLUSDT,-1,2022-09-13T14:00:00+00:00,2022-10-13T10:30:00+00:00,2022,35.39,36.21091504,28.53814781,1.61220051,4.25,4.243415,4.243415,0.0,TP,8599,716.5,4.4659,True,False,28212.78,3.3981,958.7,4068.16,35462.51
S5,BTCUSDT,-1,2022-09-13T14:00:00+00:00,2022-09-21T22:15:00+00:00,2022,21196.25,21812.00868377,18117.45658115,615.75868377,5.0,4.989673,4.989673,0.0,TP,2404,200.25,5.0538,True,False,28212.78,0.5216,147.16,734.27,35630.18
S5,DOGEUSDT,-1,2022-09-13T14:00:00+00:00,2022-09-17T15:55:00+00:00,2022,0.06058,0.06230876,0.05193619,0.00172876,5.0,-1.010513,-1.010513,0.0,SL,1176,97.92,1.475,True,False,28212.78,0.5216,147.16,-148.7,33911.1
S5,ETHUSDT,-1,2022-09-13T14:00:00+00:00,2022-09-19T02:15:00+00:00,2022,1601.61,1661.61792291,1301.57038545,60.00792291,5.0,4.991993,4.991993,0.0,TP,1588,132.25,5.1928,True,False,28212.78,0.5216,147.16,734.61,35617.11
S5,LINKUSDT,-1,2022-09-13T14:00:00+00:00,2022-09-15T21:30:00+00:00,2022,7.259,7.54671253,5.82043733,0.28771253,5.0,-1.007569,-1.007569,0.0,SL,667,55.5,1.001,True,False,28212.78,0.5216,147.16,-148.27,30239.1
S2,ETHUSDT,-1,2022-09-15T15:00:00+00:00,2022-09-18T21:10:00+00:00,2022,1490.54,1542.17329074,1335.64012777,51.63329074,3.0,2.99134,2.99134,0.0,TP,939,78.17,3.3029,True,False,30816.56,1.378,424.65,1270.28,34707.81
S2,LINKUSDT,-1,2022-09-15T15:00:00+00:00,2022-09-15T17:10:00+00:00,2022,7.1,7.29938183,6.50185452,0.19938183,3.0,-1.010683,-1.010683,0.0,SL,27,2.17,0.4514,True,False,30816.56,1.378,424.65,-429.19,30387.37
S2,XRPUSDT,-1,2022-09-15T15:00:00+00:00,2022-09-16T14:35:00+00:00,2022,0.326,0.33157003,0.3092899,0.00557003,3.0,-1.017558,-1.017558,0.0,SL,284,23.58,0.8797,True,False,30816.56,1.378,424.65,-432.11,32896.9
S4,LINKUSDT,1,2022-09-15T16:00:00+00:00,2022-09-18T21:10:00+00:00,2022,7.174,6.90371774,12.44450412,0.27028226,19.5,0.992037,-1.007963,2.0,BE,927,77.17,3.5703,True,False,30816.56,1.6151,497.72,493.75,35201.57
S1,XRPUSDT,1,2022-09-17T14:00:00+00:00,2022-09-18T22:35:00+00:00,2022,0.3693,0.35942647,0.48778235,0.00987353,12.0,-1.011221,-1.011221,0.0,SL,392,32.58,2.8966,True,False,34059.8,0.9264,315.53,-319.07,34882.5
S2,XRPUSDT,-1,2022-09-17T20:00:00+00:00,2022-09-18T07:20:00+00:00,2022,0.3724,0.38072451,0.34742648,0.00832451,3.0,-1.013421,-1.013421,0.0,SL,137,11.33,0.925,True,False,33911.1,1.378,467.29,-473.57,33437.53
S2,BTCUSDT,-1,2022-09-18T18:00:00+00:00,2022-09-19T02:15:00+00:00,2022,19626.3,19833.30738653,19005.27784042,207.00738653,3.0,2.971557,2.971557,0.0,TP,100,8.25,4.023,True,False,33437.53,1.378,460.77,1369.2,36986.31
S2,XRPUSDT,-1,2022-09-18T22:00:00+00:00,2022-09-19T02:40:00+00:00,2022,0.3771,0.38927057,0.34058829,0.01217057,3.0,2.990705,2.990705,0.0,TP,57,4.67,3.0237,True,False,35201.57,1.378,485.08,1450.72,38437.03
S5,BTCUSDT,-1,2022-09-19T03:00:00+00:00,2022-09-19T13:50:00+00:00,2022,18766.39,19148.42001951,16856.23990247,382.03001951,5.0,-1.014737,-1.014737,0.0,SL,131,10.83,1.4433,True,False,38437.03,0.5216,200.49,-203.44,38233.59
S5,LINKUSDT,-1,2022-09-19T03:00:00+00:00,2022-09-24T05:50:00+00:00,2022,7.272,7.57586083,5.75269587,0.30386083,5.0,-1.00718,-1.00718,0.0,SL,1475,122.83,2.5011,True,False,38437.03,0.5216,200.49,-201.93,30694.11
S2,BTCUSDT,-1,2022-09-19T16:00:00+00:00,2022-09-19T19:35:00+00:00,2022,19071.1,19430.15032852,17993.94901445,359.05032852,3.0,-1.015935,-1.015935,0.0,SL,44,3.58,0.5651,True,False,38233.59,1.378,526.86,-535.25,37698.34
S2,ETHUSDT,-1,2022-09-19T16:00:00+00:00,2022-09-19T21:20:00+00:00,2022,1341.03,1376.18793316,1235.55620051,35.15793316,3.0,-1.011443,-1.011443,0.0,SL,65,5.33,0.5643,True,False,38233.59,1.378,526.86,-532.89,37165.45
S2,DOGEUSDT,-1,2022-09-20T17:00:00+00:00,2022-09-21T18:40:00+00:00,2022,0.05931,0.06035713,0.05616861,0.00104713,3.0,-1.016992,-1.016992,0.0,SL,309,25.67,1.824,True,False,37165.45,1.378,512.14,-520.84,35411.98
S2,XRPUSDT,-1,2022-09-20T17:00:00+00:00,2022-09-21T18:45:00+00:00,2022,0.4103,0.42635151,0.36214546,0.01605151,3.0,-1.007668,-1.007668,0.0,SL,310,25.75,2.1992,True,False,37165.45,1.378,512.14,-516.07,34895.91
S2,DOGEUSDT,-1,2022-09-20T18:00:00+00:00,2022-09-21T00:50:00+00:00,2022,0.05844,0.05951841,0.05520478,0.00107841,3.0,-1.016257,-1.016257,0.0,SL,83,6.83,0.4451,True,False,37165.45,1.378,512.14,-520.47,36128.97
S2,XRPUSDT,-1,2022-09-20T18:00:00+00:00,2022-09-20T22:50:00+00:00,2022,0.4033,0.41929783,0.3553065,0.01599783,3.0,-1.007563,-1.007563,0.0,SL,59,4.83,0.1313,True,False,37165.45,1.378,512.14,-516.01,36649.44
S5,BTCUSDT,-1,2022-09-20T18:00:00+00:00,2022-09-21T12:30:00+00:00,2022,18756.8,19232.64946411,16377.55267943,475.84946411,5.0,-1.011825,-1.011825,0.0,SL,223,18.5,0.0231,True,False,37165.45,0.5216,193.85,-196.15,35932.82
S2,BTCUSDT,-1,2022-09-21T20:00:00+00:00,2022-09-27T01:20:00+00:00,2022,19002.76,19553.29338585,17351.15984244,550.53338585,3.0,-1.010355,-1.010355,0.0,SL,1505,125.33,1.6683,True,False,34895.91,1.378,480.87,-485.85,28917.06
S2,DOGEUSDT,-1,2022-09-21T20:00:00+00:00,2022-09-22T22:25:00+00:00,2022,0.0583,0.05973491,0.05399526,0.00143491,3.0,-1.012189,-1.012189,0.0,SL,318,26.42,1.6029,True,False,34895.91,1.378,480.87,-486.73,32232.84
S2,ETHUSDT,-1,2022-09-21T20:00:00+00:00,2022-09-27T01:30:00+00:00,2022,1322.58,1368.02075807,1186.2577258,45.44075807,3.0,-1.008732,-1.008732,0.0,SL,1507,125.5,2.3015,True,False,34895.91,1.378,480.87,-485.06,28431.99
S2,LINKUSDT,-1,2022-09-21T20:00:00+00:00,2022-09-22T19:45:00+00:00,2022,6.961,7.16751269,6.34146193,0.20651269,3.0,-1.010112,-1.010112,0.0,SL,286,23.75,2.1742,True,False,34895.91,1.378,480.87,-485.73,32719.56
S2,SOLUSDT,-1,2022-09-21T20:00:00+00:00,2022-09-22T19:10:00+00:00,2022,31.52,32.57423388,28.35729835,1.05423388,3.0,-1.00897,-1.00897,0.0,SL,279,23.17,1.4608,True,False,34895.91,1.378,480.87,-485.18,33205.29
S2,XRPUSDT,-1,2022-09-21T20:00:00+00:00,2022-09-22T08:15:00+00:00,2022,0.407,0.42672995,0.34781016,0.01972995,3.0,-1.006189,-1.006189,0.0,SL,148,12.25,1.1455,True,False,34895.91,1.378,480.87,-483.84,34175.0
S2,DOGEUSDT,-1,2022-09-21T22:00:00+00:00,2022-09-22T07:25:00+00:00,2022,0.0567,0.05821161,0.05216517,0.00151161,3.0,-1.011253,-1.011253,0.0,SL,114,9.42,0.4631,True,False,34895.91,1.378,480.87,-486.28,35143.91
S2,ETHUSDT,-1,2022-09-21T22:00:00+00:00,2022-09-22T10:30:00+00:00,2022,1252.26,1301.50353629,1104.52939112,49.24353629,3.0,-1.007629,-1.007629,0.0,SL,151,12.5,0.6957,True,False,34895.91,1.378,480.87,-484.53,33690.47
S2,LINKUSDT,-1,2022-09-21T22:00:00+00:00,2022-09-22T07:40:00+00:00,2022,6.643,6.87149053,5.9575284,0.22849053,3.0,-1.008722,-1.008722,0.0,SL,117,9.67,0.5733,True,False,34895.91,1.378,480.87,-485.06,34658.85
S4,BTCUSDT,1,2022-09-22T03:00:00+00:00,2022-10-13T12:30:00+00:00,2022,18733.8,18066.74311624,31741.40923326,667.05688376,19.5,-1.008425,-1.008425,0.0,SL,6163,513.5,2.6478,True,False,35630.18,1.6151,575.46,-580.31,34882.2
S4,SOLUSDT,1,2022-09-22T08:00:00+00:00,2022-10-11T23:20:00+00:00,2022,31.72,30.65223419,52.54143325,1.06776581,19.5,-1.008912,-1.008912,0.0,SL,5657,471.33,3.4464,True,False,34658.85,1.6151,559.78,-564.76,26930.34
S2,BTCUSDT,-1,2022-09-22T14:00:00+00:00,2022-09-22T19:30:00+00:00,2022,18893.2,19295.60395612,17685.98813165,402.40395612,3.0,-1.014085,-1.014085,0.0,SL,67,5.5,0.2813,False,True,,,,,
S2,SOLUSDT,-1,2022-09-22T14:00:00+00:00,2022-09-22T19:10:00+00:00,2022,31.76,32.49938601,29.54184196,0.73938601,3.0,-1.012886,-1.012886,0.0,SL,63,5.17,0.3111,False,True,,,,,
S2,DOGEUSDT,-1,2022-09-23T08:00:00+00:00,2022-09-23T17:00:00+00:00,2022,0.06063,0.06177982,0.05718055,0.00114982,3.0,-1.015819,-1.015819,0.0,SL,109,9.0,1.3654,True,False,32232.84,1.378,444.17,-451.19,31781.64
S2,LINKUSDT,-1,2022-09-23T14:00:00+00:00,2022-09-23T20:45:00+00:00,2022,7.028,7.21708337,6.4607499,0.18908337,3.0,-1.011151,-1.011151,0.0,SL,82,6.75,0.3861,True,False,32232.84,1.378,444.17,-449.12,31332.52
S4,LINKUSDT,1,2022-09-23T20:00:00+00:00,2022-10-01T17:15:00+00:00,2022,7.089,6.84093064,11.92635253,0.24806936,19.5,0.991427,-1.008573,2.0,BE,2272,189.25,5.8371,True,False,31781.64,1.6151,513.31,508.9,27249.14
S2,DOGEUSDT,-1,2022-09-23T21:00:00+00:00,2022-09-24T00:40:00+00:00,2022,0.0629,0.06462514,0.05772459,0.00172514,3.0,-1.010938,-1.010938,0.0,SL,45,3.67,0.1855,True,False,31332.52,1.378,431.76,-436.48,30896.04
S2,BTCUSDT,-1,2022-09-26T10:00:00+00:00,2022-09-27T00:10:00+00:00,2022,19076.6,19334.6514806,18302.44555821,258.0514806,3.0,-1.022178,-1.022178,0.0,SL,171,14.17,1.0597,True,False,30694.11,1.378,422.96,-432.35,29402.9
S2,ETHUSDT,-1,2022-09-26T10:00:00+00:00,2022-09-26T14:20:00+00:00,2022,1309.26,1333.4940027,1236.5579919,24.2340027,3.0,-1.016208,-1.016208,0.0,SL,53,4.33,0.8707,True,False,30694.11,1.378,422.96,-429.82,30264.29
S2,SOLUSDT,-1,2022-09-26T10:00:00+00:00,2022-09-26T18:05:00+00:00,2022,32.76,33.44426504,30.70720489,0.68426504,3.0,-1.014363,-1.014363,0.0,SL,98,8.08,0.9645,True,False,30694.11,1.378,422.96,-429.04,29835.25
S2,BTCUSDT,-1,2022-09-27T17:00:00+00:00,2022-09-28T16:00:00+00:00,2022,19110.79,19507.42862915,17920.87411254,396.63862915,3.0,-1.014455,-1.014455,0.0,SL,277,23.0,1.6123,True,False,28431.99,1.378,391.79,-397.46,28034.54
S2,SOLUSDT,-1,2022-09-27T17:00:00+00:00,2022-09-28T20:10:00+00:00,2022,32.92,33.78836958,30.31489125,0.86836958,3.0,-1.011373,-1.011373,0.0,SL,327,27.17,1.4971,True,False,28431.99,1.378,391.79,-396.25,27373.11
S1,LINKUSDT,1,2022-09-28T14:00:00+00:00,2022-09-28T16:15:00+00:00,2022,8.384,8.01216113,12.84606643,0.37183887,12.0,-1.006764,-1.006764,0.0,SL,28,2.25,0.4115,True,False,28431.99,0.9264,263.39,-265.18,27769.36
S1,XRPUSDT,1,2022-09-29T21:00:00+00:00,2022-10-02T10:10:00+00:00,2022,0.4762,0.45832827,0.69066073,0.01787173,12.0,-1.007994,-1.007994,0.0,SL,735,61.17,1.8577,True,False,27373.11,0.9264,253.58,-255.61,26993.53
S2,XRPUSDT,-1,2022-09-29T23:00:00+00:00,2022-09-30T10:10:00+00:00,2022,0.4787,0.49635225,0.42574324,0.01765225,3.0,-1.008136,-1.008136,0.0,SL,135,11.17,0.3909,True,False,27373.11,1.378,377.2,-380.27,26992.84
S1,SOLUSDT,1,2022-09-30T15:00:00+00:00,2022-09-30T18:00:00+00:00,2022,35.03,33.99718613,47.42376643,1.03281387,12.0,-1.010175,-1.010175,0.0,SL,37,3.0,0.1549,True,False,26992.84,0.9264,250.06,-252.61,26740.24
S2,SOLUSDT,-1,2022-09-30T16:00:00+00:00,2022-10-02T10:15:00+00:00,2022,34.66,35.4510668,32.2867996,0.7910668,3.0,2.986856,2.986856,0.0,TP,508,42.25,3.2993,True,False,26992.84,1.378,371.96,1111.0,28104.52
S4,SOLUSDT,1,2022-10-01T00:00:00+00:00,2022-10-02T10:15:00+00:00,2022,33.22,32.15208535,54.04433563,1.06791465,19.5,-1.009332,-1.009332,0.0,SL,412,34.25,0.0,True,False,26740.24,1.6151,431.88,-435.91,27668.61
S5,LINKUSDT,-1,2022-10-03T05:00:00+00:00,2022-10-03T12:50:00+00:00,2022,7.029,7.19156545,6.21617273,0.16256545,5.0,-1.012971,-1.012971,0.0,SL,95,7.83,0.123,True,False,27668.61,0.5216,144.32,-146.19,27522.42
S2,SOLUSDT,-1,2022-10-03T19:00:00+00:00,2022-10-04T06:25:00+00:00,2022,32.87,33.32322753,31.5103174,0.45322753,3.0,-1.021757,-1.021757,0.0,SL,138,11.42,0.4633,True,False,27522.42,1.378,379.26,-387.51,27134.91
S1,BTCUSDT,1,2022-10-04T07:00:00+00:00,2022-10-07T12:50:00+00:00,2022,19832.0,19560.66821467,23087.9814239,271.33178533,12.0,-1.021927,-1.021927,0.0,SL,935,77.83,2.4619,True,False,27134.91,0.9264,251.38,-256.89,26110.73
S1,SOLUSDT,1,2022-10-04T07:00:00+00:00,2022-10-07T12:25:00+00:00,2022,33.58,32.98193921,40.75672944,0.59806079,12.0,-1.016844,-1.016844,0.0,SL,930,77.42,1.5049,True,False,27134.91,0.9264,251.38,-255.61,26624.54
S1,BTCUSDT,1,2022-10-04T08:00:00+00:00,2022-10-07T12:30:00+00:00,2022,19967.69,19695.66762791,23231.95846505,272.02237209,12.0,-1.022021,-1.022021,0.0,SL,919,76.5,1.9569,True,False,27134.91,0.9264,251.38,-256.91,26367.62
S1,XRPUSDT,1,2022-10-04T14:00:00+00:00,2022-10-10T22:05:00+00:00,2022,0.4807,0.46796535,0.63351578,0.01273465,12.0,0.988676,-1.011324,2.0,BE,1826,152.08,5.4104,True,False,27134.91,0.9264,251.38,248.53,25136.51
S1,DOGEUSDT,1,2022-10-04T17:00:00+00:00,2022-10-04T17:05:00+00:00,2022,0.06578,0.06431401,0.08337183,0.00146599,12.0,-1.013461,-1.013461,0.0,SL,2,0.08,0.0682,True,False,27134.91,0.9264,251.38,-254.76,26880.15
S1,LINKUSDT,1,2022-10-10T01:00:00+00:00,2022-10-10T05:35:00+00:00,2022,7.69,7.5743176,9.07818883,0.1156824,12.0,-1.019943,-1.019943,0.0,SL,56,4.58,0.0692,True,False,26110.73,0.9264,241.89,-246.71,25864.02
S1,SOLUSDT,1,2022-10-10T01:00:00+00:00,2022-10-10T05:45:00+00:00,2022,33.28,32.86342332,38.27892018,0.41657668,12.0,-1.023967,-1.023967,0.0,SL,58,4.75,0.4561,True,False,26110.73,0.9264,241.89,-247.69,25616.33
S2,LINKUSDT,-1,2022-10-10T09:00:00+00:00,2022-10-10T12:25:00+00:00,2022,7.415,7.51480779,7.11557664,0.09980779,3.0,-1.022288,-1.022288,0.0,SL,42,3.42,0.0401,True,False,25616.33,1.378,352.99,-360.86,25255.47
S2,BTCUSDT,-1,2022-10-10T11:00:00+00:00,2022-10-10T12:55:00+00:00,2022,19267.6,19408.31999355,18845.44001935,140.71999355,3.0,-1.041076,-1.041076,0.0,SL,24,1.92,0.0007,True,False,25616.33,1.378,352.99,-367.49,24887.98
S2,BTCUSDT,-1,2022-10-10T14:00:00+00:00,2022-10-11T14:00:00+00:00,2022,19315.02,19465.74781918,18862.83654246,150.72781918,3.0,2.961556,2.961556,0.0,TP,289,24.0,3.0852,True,False,24887.98,1.378,342.96,1015.68,28192.13
S2,SOLUSDT,-1,2022-10-10T14:00:00+00:00,2022-10-11T00:05:00+00:00,2022,32.52,32.87841069,31.44476794,0.35841069,3.0,2.97278,2.97278,0.0,TP,122,10.08,3.5992,True,False,24887.98,1.378,342.96,1019.53,26156.04
S2,SOLUSDT,-1,2022-10-10T17:00:00+00:00,2022-10-11T00:10:00+00:00,2022,32.31,32.70263603,31.1320919,0.39263603,3.0,2.975313,2.975313,0.0,TP,87,7.17,3.26,True,False,24887.98,1.378,342.96,1020.4,27176.45
S2,LINKUSDT,-1,2022-10-11T00:00:00+00:00,2022-10-13T02:25:00+00:00,2022,7.328,7.46836128,6.90691615,0.14036128,3.0,2.984338,2.984338,0.0,TP,606,50.42,3.0208,True,False,25136.51,1.378,346.38,1033.72,26646.03
S3,LINKUSDT,-1,2022-10-11T00:00:00+00:00,2022-10-13T10:20:00+00:00,2022,7.328,7.60403613,6.5326194,0.18714838,4.25,4.238253,4.238253,0.0,TP,701,58.33,4.2907,True,False,25136.51,3.3981,854.16,3620.16,31394.36
S2,DOGEUSDT,-1,2022-10-11T14:00:00+00:00,2022-10-11T15:45:00+00:00,2022,0.05969,0.06049237,0.0572829,0.00080237,3.0,-1.022318,-1.022318,0.0,SL,22,1.75,0.4861,True,False,28192.13,1.378,388.49,-397.16,27644.83
S5,ETHUSDT,-1,2022-10-11T14:00:00+00:00,2022-10-11T15:35:00+00:00,2022,1274.19,1292.35928635,1183.34356826,18.16928635,5.0,-1.021039,-1.021039,0.0,SL,20,1.58,0.355,True,False,28192.13,0.5216,147.05,-150.14,28041.99
S5,SOLUSDT,-1,2022-10-11T14:00:00+00:00,2022-10-11T16:50:00+00:00,2022,31.24,31.75441363,28.66793186,0.51441363,5.0,-1.018219,-1.018219,0.0,SL,35,2.83,0.3694,True,False,28192.13,0.5216,147.05,-149.73,27495.1
S2,BTCUSDT,-1,2022-10-11T19:00:00+00:00,2022-10-12T06:30:00+00:00,2022,18968.0,19150.08075873,18421.7577238,182.08075873,3.0,-1.031252,-1.031252,0.0,SL,139,11.5,0.3169,True,False,27495.1,1.378,378.88,-390.72,26151.42
S2,ETHUSDT,-1,2022-10-11T19:00:00+00:00,2022-10-12T05:45:00+00:00,2022,1278.28,1293.88357016,1231.46928952,15.60357016,3.0,-1.024577,-1.024577,0.0,SL,130,10.75,0.3865,True,False,27495.1,1.378,378.88,-388.19,26542.14
S2,SOLUSDT,-1,2022-10-11T20:00:00+00:00,2022-10-13T07:15:00+00:00,2022,31.14,31.55733266,29.88800202,0.41733266,3.0,2.977615,2.977615,0.0,TP,424,35.25,3.0192,True,False,27495.1,1.378,378.88,1128.17,27774.19
S3,SOLUSDT,-1,2022-10-11T20:00:00+00:00,2022-10-12T09:25:00+00:00,2022,31.14,31.45173327,28.77511492,0.55644355,4.25,-0.577013,-0.577013,0.0,SL,162,13.42,1.4018,True,False,27495.1,3.3981,934.31,-539.11,25612.31
S5,SOLUSDT,-1,2022-10-13T10:00:00+00:00,2022-10-13T16:45:00+00:00,2022,29.41,30.08351588,26.04242062,0.67351588,5.0,-1.0131,-1.0131,0.0,SL,82,6.75,3.4001,True,False,27774.19,0.5216,144.87,-146.77,34735.43
S2,XRPUSDT,-1,2022-10-17T02:00:00+00:00,2022-10-17T10:55:00+00:00,2022,0.4653,0.47319557,0.44161328,0.00789557,3.0,-1.01768,-1.01768,0.0,SL,108,8.92,0.3673,True,False,34735.43,1.378,478.65,-487.12,34248.32
S2,BTCUSDT,-1,2022-10-18T19:00:00+00:00,2022-10-18T20:40:00+00:00,2022,19220.87,19402.90341762,18674.76974714,182.03341762,3.0,-1.031677,-1.031677,0.0,SL,21,1.67,0.7134,True,False,34248.32,1.378,471.94,-486.89,33761.42
S2,DOGEUSDT,-1,2022-10-18T19:00:00+00:00,2022-10-19T01:35:00+00:00,2022,0.05913,0.06003661,0.05641016,0.00090661,3.0,-1.019566,-1.019566,0.0,SL,80,6.58,0.6067,True,False,34248.32,1.378,471.94,-481.18,33280.25
S2,DOGEUSDT,-1,2022-10-19T21:00:00+00:00,2022-10-24T00:20:00+00:00,2022,0.05959,0.06059248,0.05658256,0.00100248,3.0,-1.017833,-1.017833,0.0,SL,1193,99.33,2.5736,True,False,33280.25,1.378,458.6,-466.78,32348.17
S4,ETHUSDT,1,2022-10-21T14:00:00+00:00,2022-11-04T14:20:00+00:00,2022,1284.9,1264.89150006,1675.06574887,20.00849994,19.5,19.480735,19.480735,0.0,TP,4037,336.33,19.7166,True,False,33280.25,1.6151,537.51,10471.08,42759.49
S2,XRPUSDT,-1,2022-10-21T15:00:00+00:00,2022-10-21T19:40:00+00:00,2022,0.4442,0.45332467,0.416826,0.00912467,3.0,-1.014604,-1.014604,0.0,SL,57,4.67,0.0877,True,False,33280.25,1.378,458.6,-465.3,32814.95
S2,DOGEUSDT,-1,2022-10-24T04:00:00+00:00,2022-10-25T02:55:00+00:00,2022,0.05976,0.06029548,0.05815355,0.00053548,3.0,-1.03348,-1.03348,0.0,SL,276,22.92,2.1663,True,False,32348.17,1.378,445.76,-460.68,31357.03
S4,XRPUSDT,1,2022-10-24T08:00:00+00:00,2022-10-24T14:15:00+00:00,2022,0.4568,0.44785255,0.63127531,0.00894745,19.5,-1.015316,-1.015316,0.0,SL,76,6.25,0.2459,True,False,32348.17,1.6151,522.46,-530.46,31817.71
S2,DOGEUSDT,-1,2022-10-25T05:00:00+00:00,2022-10-25T13:30:00+00:00,2022,0.06017,0.06083874,0.05816379,0.00066874,3.0,-1.026993,-1.026993,0.0,SL,103,8.5,1.1514,True,False,31357.03,1.378,432.1,-443.76,30913.27
S1,ETHUSDT,1,2022-10-25T17:00:00+00:00,2022-10-25T17:00:00+00:00,2022,1427.85,1401.10045386,1748.84455369,26.74954614,12.0,0.983986,-1.016014,2.0,BE,1,0.0,3.9563,True,False,10000.0,0.9264,92.64,91.16,31004.42
S1,SOLUSDT,1,2022-10-25T17:00:00+00:00,2022-10-27T20:20:00+00:00,2022,31.36,30.56243591,40.93076903,0.79756409,12.0,-1.011796,-1.011796,0.0,SL,617,51.33,1.2413,True,False,31004.42,0.9264,287.22,-290.61,29008.88
S1,LINKUSDT,1,2022-10-25T18:00:00+00:00,2022-10-25T20:00:00+00:00,2022,7.231,7.09249866,8.89301605,0.13850134,12.0,-1.015663,-1.015663,0.0,SL,25,2.0,0.3466,True,False,31004.42,0.9264,287.22,-291.72,30712.7
S1,SOLUSDT,1,2022-10-25T18:00:00+00:00,2022-10-25T20:00:00+00:00,2022,32.12,31.21940478,42.92714267,0.90059522,12.0,-1.0107,-1.0107,0.0,SL,25,2.0,0.1888,True,False,31004.42,0.9264,287.22,-290.3,30422.4
S5,SOLUSDT,-1,2022-10-25T19:00:00+00:00,2022-10-29T03:05:00+00:00,2022,31.6,32.54626699,26.86866504,0.94626699,5.0,-1.010018,-1.010018,0.0,SL,962,80.08,1.6274,True,False,31004.42,0.5216,161.72,-163.34,28302.34
S2,LINKUSDT,-1,2022-10-25T20:00:00+00:00,2022-10-26T08:35:00+00:00,2022,7.128,7.23843645,6.79669064,0.11043645,3.0,-1.019363,-1.019363,0.0,SL,152,12.58,1.2315,True,False,30422.4,1.378,419.22,-427.34,29995.06
S1,DOGEUSDT,1,2022-10-26T17:00:00+00:00,2022-10-29T08:25:00+00:00,2022,0.06925,0.06668033,0.10008607,0.00256967,12.0,11.991915,11.991915,0.0,TP,762,63.42,14.7684,True,False,29995.06,0.9264,277.87,3332.24,31224.7
S2,LINKUSDT,-1,2022-10-26T17:00:00+00:00,2022-10-27T04:50:00+00:00,2022,7.138,7.27266472,6.73400583,0.13466472,3.0,-1.015902,-1.015902,0.0,SL,143,11.83,0.4158,True,False,29995.06,1.378,413.33,-419.9,29575.16
S1,DOGEUSDT,1,2022-10-26T20:00:00+00:00,2022-10-28T00:05:00+00:00,2022,0.07256,0.06950957,0.10916512,0.00305043,12.0,0.992864,11.992864,-11.0,BE,338,28.08,4.2388,True,False,29995.06,0.9264,277.87,275.89,29284.77
S1,DOGEUSDT,1,2022-10-27T06:00:00+00:00,2022-10-27T09:30:00+00:00,2022,0.08013,0.07620564,0.12722232,0.00392436,12.0,-1.006126,-1.006126,0.0,SL,43,3.5,0.3236,True,False,29575.16,0.9264,273.98,-275.66,29299.5
S2,LINKUSDT,-1,2022-10-27T14:00:00+00:00,2022-10-29T04:00:00+00:00,2022,7.073,7.21255417,6.65433749,0.13955417,3.0,-1.015205,-1.015205,0.0,SL,457,38.0,1.8129,True,False,29299.5,1.378,403.75,-409.89,27892.46
S2,SOLUSDT,-1,2022-10-27T14:00:00+00:00,2022-10-28T17:20:00+00:00,2022,31.32,32.07673428,29.04979715,0.75673428,3.0,-1.012417,-1.012417,0.0,SL,329,27.33,1.665,True,False,29299.5,1.378,403.75,-408.76,28876.01
S2,XRPUSDT,-1,2022-10-27T14:00:00+00:00,2022-10-28T23:15:00+00:00,2022,0.4663,0.4748789,0.44056329,0.0085789,3.0,-1.016306,-1.016306,0.0,SL,400,33.25,1.189,True,False,29299.5,1.378,403.75,-410.33,28465.68
S1,DOGEUSDT,1,2022-10-29T13:00:00+00:00,2022-10-29T23:05:00+00:00,2022,0.10791,0.09894152,0.21553172,0.00896848,12.0,0.99639,-1.00361,2.0,BE,122,10.08,4.9016,True,False,31224.7,0.9264,289.27,288.22,31512.92
S2,XRPUSDT,-1,2022-10-29T18:00:00+00:00,2022-11-02T20:20:00+00:00,2022,0.4695,0.4775656,0.4453032,0.0080656,3.0,2.982537,2.982537,0.0,TP,1181,98.33,3.0996,True,False,31224.7,1.378,430.28,1283.32,32063.46
S1,SOLUSDT,1,2022-10-31T11:00:00+00:00,2022-10-31T13:55:00+00:00,2022,34.32,33.34750953,45.98988567,0.97249047,12.0,-1.010587,-1.010587,0.0,SL,36,2.92,0.072,True,False,31512.92,0.9264,291.94,-295.03,31217.9
S2,SOLUSDT,-1,2022-10-31T14:00:00+00:00,2022-11-02T20:20:00+00:00,2022,32.74,33.54737106,30.31788683,0.80737106,3.0,2.987835,2.987835,0.0,TP,653,54.33,3.0965,True,False,31217.9,1.378,430.18,1285.31,33348.78
S2,XRPUSDT,-1,2022-10-31T14:00:00+00:00,2022-10-31T22:15:00+00:00,2022,0.4502,0.45787995,0.42716015,0.00767995,3.0,-1.017586,-1.017586,0.0,SL,100,8.25,0.3906,True,False,31217.9,1.378,430.18,-437.75,30780.15
S3,SOLUSDT,-1,2022-10-31T14:00:00+00:00,2022-11-04T23:00:00+00:00,2022,32.74,34.02073711,28.16489735,1.07649474,4.25,-1.198853,-1.198853,0.0,SL,1261,105.0,2.3595,True,False,31217.9,3.3981,1060.82,-1271.76,39896.04
S2,SOLUSDT,-1,2022-11-02T20:00:00+00:00,2022-11-03T03:20:00+00:00,2022,30.87,31.66401963,28.48794111,0.79401963,3.0,-1.011663,-1.011663,0.0,SL,89,7.33,0.8438,True,False,30780.15,1.378,424.15,-429.1,32744.29
S5,SOLUSDT,-1,2022-11-02T21:00:00+00:00,2022-11-03T01:55:00+00:00,2022,30.26,31.35592907,24.78035467,1.09592907,5.0,-1.008283,-1.008283,0.0,SL,60,4.92,0.0547,True,False,33348.78,0.5216,173.95,-175.39,33173.39
S2,LINKUSDT,-1,2022-11-03T14:00:00+00:00,2022-11-03T14:40:00+00:00,2022,7.667,7.88973367,6.99879899,0.22273367,3.0,-1.010327,-1.010327,0.0,SL,9,0.67,0.0359,True,False,32744.29,1.378,451.22,-455.88,32288.42
S1,XRPUSDT,1,2022-11-04T09:00:00+00:00,2022-11-06T23:10:00+00:00,2022,0.4804,0.47073237,0.5964115,0.00966763,12.0,-1.014907,-1.014907,0.0,SL,747,62.17,3.0618,True,False,32288.42,0.9264,299.12,-303.58,37500.43
S1,ETHUSDT,1,2022-11-04T13:00:00+00:00,2022-11-06T23:10:00+00:00,2022,1609.2,1573.51033255,2037.47600946,35.68966745,12.0,-1.013527,-1.013527,0.0,SL,699,58.17,1.967,True,False,32288.42,0.9264,299.12,-303.17,37197.27
S1,BTCUSDT,1,2022-11-04T15:00:00+00:00,2022-11-04T15:55:00+00:00,2022,21218.29,20891.73517161,25136.94794069,326.55482839,12.0,-1.019493,-1.019493,0.0,SL,12,0.92,0.107,True,False,42759.49,0.9264,396.12,-403.85,42355.65
S2,BTCUSDT,-1,2022-11-04T16:00:00+00:00,2022-11-04T20:00:00+00:00,2022,20837.54,21110.1335412,20019.7593764,272.5935412,3.0,-1.022933,-1.022933,0.0,SL,49,4.0,0.6162,True,False,42355.65,1.378,583.66,-597.05,41758.6
S2,ETHUSDT,-1,2022-11-04T16:00:00+00:00,2022-11-05T00:35:00+00:00,2022,1624.74,1658.87928919,1522.32213242,34.13928919,3.0,-1.014277,-1.014277,0.0,SL,104,8.58,0.5489,True,False,42355.65,1.378,583.66,-591.99,39081.05
S2,SOLUSDT,-1,2022-11-04T16:00:00+00:00,2022-11-04T21:50:00+00:00,2022,33.07,33.88072201,30.63783397,0.81072201,3.0,-1.012237,-1.012237,0.0,SL,71,5.83,0.4811,True,False,42355.65,1.378,583.66,-590.8,41167.8
S5,XRPUSDT,-1,2022-11-04T16:00:00+00:00,2022-11-04T23:35:00+00:00,2022,0.4893,0.50496402,0.41097992,0.01566402,5.0,-1.009371,-1.009371,0.0,SL,92,7.58,0.2234,True,False,42355.65,0.5216,220.93,-223.0,39673.04
S1,BTCUSDT,1,2022-11-05T01:00:00+00:00,2022-11-06T22:15:00+00:00,2022,21426.5,21060.48147581,25818.72229026,366.01852419,12.0,-1.017562,-1.017562,0.0,SL,544,45.25,0.129,True,False,39081.05,0.9264,362.05,-368.41,37804.01
S1,SOLUSDT,1,2022-11-05T01:00:00+00:00,2022-11-06T19:35:00+00:00,2022,34.92,33.80201373,48.33583522,1.11798627,12.0,-1.00937,-1.00937,0.0,SL,512,42.58,3.4616,True,False,39081.05,0.9264,362.05,-365.44,38172.42
S2,SOLUSDT,-1,2022-11-05T19:00:00+00:00,2022-11-05T21:40:00+00:00,2022,35.96,37.20829898,32.21510305,1.24829898,3.0,-1.008642,-1.008642,0.0,SL,33,2.67,0.008,True,False,39081.05,1.378,538.54,-543.19,38537.86
S5,ETHUSDT,-1,2022-11-07T00:00:00+00:00,2022-11-07T16:00:00+00:00,2022,1567.42,1595.03517127,1429.34414366,27.61517127,5.0,-1.017028,-1.017028,0.0,SL,193,16.0,0.8119,True,False,37197.27,0.5216,194.02,-197.32,36802.92
S5,BTCUSDT,-1,2022-11-07T08:00:00+00:00,2022-11-07T19:35:00+00:00,2022,20635.1,20865.08189504,19485.19052479,229.98189504,5.0,-1.026917,-1.026917,0.0,SL,140,11.58,0.2765,True,False,37197.27,0.5216,194.02,-199.24,36603.68
S5,ETHUSDT,-1,2022-11-07T08:00:00+00:00,2022-11-07T10:15:00+00:00,2022,1548.94,1579.01069843,1398.58650783,30.07069843,5.0,-1.015453,-1.015453,0.0,SL,28,2.25,0.131,True,False,37197.27,0.5216,194.02,-197.02,37000.25
S2,XRPUSDT,-1,2022-11-07T19:00:00+00:00,2022-11-08T03:55:00+00:00,2022,0.4684,0.47624737,0.4448579,0.00784737,3.0,2.982093,2.982093,0.0,TP,108,8.92,3.8229,True,False,36802.92,1.378,507.14,1512.35,34787.4
S1,LINKUSDT,1,2022-11-07T20:00:00+00:00,2022-11-08T03:40:00+00:00,2022,8.933,8.61602898,12.73665222,0.31697102,12.0,-1.008455,-1.008455,0.0,SL,93,7.67,0.9812,True,False,36603.68,0.9264,339.1,-341.96,33275.05
S2,LINKUSDT,-1,2022-11-07T22:00:00+00:00,2022-11-08T00:10:00+00:00,2022,8.868,9.12727845,8.09016464,0.25927845,3.0,-1.010261,-1.010261,0.0,SL,27,2.17,0.8022,True,False,36603.68,1.378,504.4,-509.57,34774.35
S2,LINKUSDT,-1,2022-11-07T23:00:00+00:00,2022-11-07T23:55:00+00:00,2022,8.684,8.94886571,7.88940288,0.26486571,3.0,-1.009836,-1.009836,0.0,SL,12,0.92,0.0227,True,False,36603.68,1.378,504.4,-509.36,36094.32
S3,LINKUSDT,-1,2022-11-07T23:00:00+00:00,2022-11-07T23:55:00+00:00,2022,8.684,8.91148657,7.18309434,0.35315427,4.25,-0.651533,-0.651533,0.0,SL,12,0.92,0.017,True,False,36603.68,3.3981,1243.83,-810.4,35283.92
S4,BTCUSDT,1,2022-11-08T00:00:00+00:00,2022-11-08T03:20:00+00:00,2022,20590.67,20319.6809975,25874.95554881,270.9890025,19.5,-1.022795,-1.022795,0.0,SL,41,3.33,0.3052,True,False,35283.92,1.6151,569.87,-582.86,33617.01
S4,BTCUSDT,1,2022-11-08T02:00:00+00:00,2022-11-08T03:15:00+00:00,2022,20628.76,20357.91999274,25910.14014158,270.84000726,19.5,-1.02285,-1.02285,0.0,SL,16,1.25,0.1647,True,False,34774.35,1.6151,561.64,-574.47,34199.87
S2,LINKUSDT,-1,2022-11-08T03:00:00+00:00,2022-11-08T16:10:00+00:00,2022,8.861,9.17780915,7.91057254,0.31680915,3.0,-1.008391,-1.008391,0.0,SL,159,13.17,2.6199,True,False,34774.35,1.378,479.19,-483.21,35031.67
S2,XRPUSDT,-1,2022-11-08T03:00:00+00:00,2022-11-08T04:10:00+00:00,2022,0.4533,0.46242011,0.42593966,0.00912011,3.0,2.985089,2.985089,0.0,TP,15,1.17,3.4429,True,False,34774.35,1.378,479.19,1430.43,36217.83
S2,BTCUSDT,-1,2022-11-08T04:00:00+00:00,2022-11-08T05:20:00+00:00,2022,20147.62,20392.62066796,19412.61799612,245.00066796,3.0,2.97533,2.97533,0.0,TP,17,1.33,3.0944,True,False,34787.4,1.378,479.37,1426.29,37644.11
S2,DOGEUSDT,-1,2022-11-08T04:00:00+00:00,2022-11-08T16:05:00+00:00,2022,0.10223,0.1068745,0.08829651,0.0046445,3.0,-1.006603,-1.006603,0.0,SL,146,12.08,1.772,True,False,34787.4,1.378,479.37,-482.54,36678.72
S2,ETHUSDT,-1,2022-11-08T04:00:00+00:00,2022-11-08T16:05:00+00:00,2022,1506.37,1536.30794102,1416.55617693,29.93794102,3.0,-1.015095,-1.015095,0.0,SL,146,12.08,2.8005,True,False,34787.4,1.378,479.37,-486.61,36192.12
S2,LINKUSDT,-1,2022-11-08T04:00:00+00:00,2022-11-08T11:10:00+00:00,2022,8.481,8.83100136,7.43099593,0.35000136,3.0,-1.007269,-1.007269,0.0,SL,87,7.17,1.2857,True,False,34787.4,1.378,479.37,-482.85,37161.26
S2,XRPUSDT,-1,2022-11-08T04:00:00+00:00,2022-11-08T16:05:00+00:00,2022,0.4397,0.4499151,0.40905469,0.0102151,3.0,-1.012913,-1.012913,0.0,SL,146,12.08,1.7425,True,False,34787.4,1.378,479.37,-485.56,35706.56
S3,DOGEUSDT,-1,2022-11-08T04:00:00+00:00,2022-11-08T16:30:00+00:00,2022,0.10223,0.10917445,0.07591119,0.00619266,4.25,-1.126352,-1.126352,0.0,SL,151,12.5,1.329,True,False,34787.4,3.3981,1182.11,-1331.47,32454.17
S3,ETHUSDT,-1,2022-11-08T04:00:00+00:00,2022-11-08T16:10:00+00:00,2022,1506.37,1547.9937941,1336.72166754,39.9172547,4.25,-1.054073,-1.054073,0.0,SL,147,12.17,2.1003,True,False,34787.4,3.3981,1182.11,-1246.03,33785.64
S3,XRPUSDT,-1,2022-11-08T04:00:00+00:00,2022-11-08T16:30:00+00:00,2022,0.4397,0.45572151,0.38181441,0.01362014,4.25,-1.185995,-1.185995,0.0,SL,151,12.5,1.3069,True,False,34787.4,3.3981,1182.11,-1401.98,31052.19
S5,BTCUSDT,-1,2022-11-08T05:00:00+00:00,2022-11-08T16:05:00+00:00,2022,19626.1,20028.81987462,17612.50062691,402.71987462,5.0,-1.01462,-1.01462,0.0,SL,134,11.08,0.986,True,False,36217.83,0.5216,188.91,-191.67,35514.88
S2,BTCUSDT,-1,2022-11-08T18:00:00+00:00,2022-11-08T19:25:00+00:00,2022,19342.67,19847.8023351,17827.2729947,505.1323351,3.0,2.988512,2.988512,0.0,TP,18,1.42,3.3054,False,True,,,,,
S2,DOGEUSDT,-1,2022-11-08T18:00:00+00:00,2022-11-08T19:30:00+00:00,2022,0.0995,0.10630515,0.07908454,0.00680515,3.0,2.995614,2.995614,0.0,TP,19,1.5,3.4004,False,True,,,,,
S2,ETHUSDT,-1,2022-11-08T18:00:00+00:00,2022-11-08T19:25:00+00:00,2022,1446.3,1503.63781519,1274.28655443,57.33781519,3.0,2.992433,2.992433,0.0,TP,18,1.42,3.0224,False,True,,,,,
S2,LINKUSDT,-1,2022-11-08T18:00:00+00:00,2022-11-08T19:30:00+00:00,2022,8.265,8.82128035,6.59615896,0.55628035,3.0,2.995543,2.995543,0.0,TP,19,1.5,3.2268,False,True,,,,,
S2,SOLUSDT,-1,2022-11-08T18:00:00+00:00,2022-11-09T08:00:00+00:00,2022,25.26,27.69485783,17.95542652,2.43485783,3.0,2.996888,2.996888,0.0,TP,169,14.0,3.5402,False,True,,,,,
S5,XRPUSDT,-1,2022-11-08T18:00:00+00:00,2022-11-08T19:30:00+00:00,2022,0.4301,0.44832066,0.33899671,0.01822066,5.0,4.992918,4.992918,0.0,TP,19,1.5,5.5377,False,True,,,,,
S2,DOGEUSDT,-1,2022-11-08T19:00:00+00:00,2022-11-27T06:20:00+00:00,2022,0.09032,0.09820657,0.06666029,0.00788657,3.0,-1.003436,-1.003436,0.0,SL,5321,443.33,2.5461,False,True,,,,,
S5,ETHUSDT,-1,2022-11-08T19:00:00+00:00,2023-01-12T17:35:00+00:00,2023,1344.85,1434.65396167,895.83019167,89.80396167,5.0,-1.004493,-1.004493,0.0,SL,18704,1558.58,3.0479,False,True,,,,,
S2,DOGEUSDT,-1,2022-11-09T16:00:00+00:00,2022-11-10T13:30:00+00:00,2022,0.08397,0.0914853,0.06142409,0.0075153,3.0,-1.003352,-1.003352,0.0,SL,259,21.5,1.8269,True,False,31052.19,1.378,427.9,-429.33,30193.82
S5,SOLUSDT,-1,2022-11-09T16:00:00+00:00,2022-11-10T15:00:00+00:00,2022,12.92,17.32196244,-9.08981221,4.40196244,5.0,-1.000881,-1.000881,0.0,SL,277,23.0,0.7944,True,False,31052.19,0.5216,161.97,-162.11,30031.71
S2,DOGEUSDT,-1,2022-11-09T22:00:00+00:00,2022-11-10T03:35:00+00:00,2022,0.07201,0.08012807,0.04765578,0.00811807,3.0,-1.002661,-1.002661,0.0,SL,68,5.58,0.218,True,False,31052.19,1.378,427.9,-429.04,30623.15
S4,LINKUSDT,1,2022-11-14T08:00:00+00:00,2022-11-20T20:25:00+00:00,2022,6.229,5.90456576,12.55546761,0.32443424,19.5,-1.00576,-1.00576,0.0,SL,1878,156.42,1.347,True,False,30031.71,1.6151,485.04,-487.84,28711.64
S2,BTCUSDT,-1,2022-11-14T20:00:00+00:00,2022-11-14T23:15:00+00:00,2022,16258.21,16658.23835232,15058.12494304,400.02835232,3.0,-1.012193,-1.012193,0.0,SL,40,3.25,0.1666,True,False,30031.71,1.378,413.84,-418.88,29612.82
S2,SOLUSDT,-1,2022-11-20T12:00:00+00:00,2022-11-20T13:45:00+00:00,2022,12.536,12.82670666,11.66388001,0.29070666,3.0,-1.012937,-1.012937,0.0,SL,22,1.75,0.2958,True,False,29612.82,1.378,408.06,-413.34,29199.48
S4,BTCUSDT,1,2022-11-20T19:00:00+00:00,2022-11-20T21:30:00+00:00,2022,16580.0,16440.35519348,19303.07372712,139.64480652,19.5,-1.035619,-1.035619,0.0,SL,31,2.5,0.1719,True,False,29199.48,1.6151,471.6,-488.4,28223.25
S4,XRPUSDT,1,2022-11-20T19:00:00+00:00,2022-11-20T21:30:00+00:00,2022,0.3752,0.36739775,0.52734392,0.00780225,19.5,-1.014427,-1.014427,0.0,SL,31,2.5,0.4614,True,False,29199.48,1.6151,471.6,-478.4,27744.84
S2,SOLUSDT,-1,2022-11-20T22:00:00+00:00,2022-11-22T10:00:00+00:00,2022,12.225,12.57756896,11.16729312,0.35256896,3.0,2.989598,2.989598,0.0,TP,433,36.0,3.1909,False,True,,,,,
S5,LINKUSDT,-1,2022-11-20T22:00:00+00:00,2022-11-22T00:05:00+00:00,2022,5.747,5.9080545,4.94172748,0.1610545,5.0,-1.010705,-1.010705,0.0,SL,314,26.08,1.397,False,True,,,,,
S5,XRPUSDT,-1,2022-11-20T22:00:00+00:00,2022-11-22T13:50:00+00:00,2022,0.3618,0.37116609,0.31496956,0.00936609,5.0,-1.011589,-1.011589,0.0,SL,479,39.83,1.7937,False,True,,,,,
S5,XRPUSDT,-1,2022-11-21T03:00:00+00:00,2022-11-21T20:05:00+00:00,2022,0.3488,0.35986005,0.29349975,0.01106005,5.0,-1.009461,-1.009461,0.0,SL,206,17.08,0.3436,True,False,27744.84,0.5216,144.72,-146.09,27598.75
S1,LINKUSDT,1,2022-11-22T14:00:00+00:00,2022-11-28T01:25:00+00:00,2022,6.367,6.11242374,9.42191517,0.25457626,12.0,0.992497,-1.007503,2.0,BE,1578,131.42,3.6374,True,False,27598.75,0.9264,255.67,253.76,26959.64
S4,ETHUSDT,1,2022-11-22T14:00:00+00:00,2022-12-16T23:00:00+00:00,2022,1132.61,1095.7865867,1850.66655931,36.8234133,19.5,0.990773,19.490773,-18.5,BE,7021,585.0,6.0231,True,False,27598.75,1.6151,445.75,441.63,27523.75
S4,SOLUSDT,1,2022-11-22T14:00:00+00:00,2022-12-16T22:35:00+00:00,2022,11.861,11.27957079,23.19886951,0.58142921,19.5,0.99388,-1.00612,2.0,BE,7016,584.58,5.3368,True,False,27598.75,1.6151,445.75,443.02,27082.12
S1,XRPUSDT,1,2022-11-24T20:00:00+00:00,2022-11-25T01:00:00+00:00,2022,0.4031,0.39196389,0.5367333,0.01113611,12.0,-1.010859,-1.010859,0.0,SL,61,5.0,0.1527,True,False,27598.75,0.9264,255.67,-258.45,27340.3
S2,XRPUSDT,-1,2022-11-25T01:00:00+00:00,2022-11-25T06:20:00+00:00,2022,0.3967,0.40475541,0.37253377,0.00805541,3.0,-1.014774,-1.014774,0.0,SL,65,5.33,1.0428,True,False,27340.3,1.378,376.75,-382.32,26957.99
S1,XRPUSDT,1,2022-11-25T07:00:00+00:00,2022-11-25T13:10:00+00:00,2022,0.4155,0.40234852,0.57331771,0.01315148,12.0,-1.009478,-1.009478,0.0,SL,75,6.17,0.3118,True,False,26957.99,0.9264,249.74,-252.11,26705.88
S1,DOGEUSDT,1,2022-11-25T11:00:00+00:00,2022-12-12T02:50:00+00:00,2022,0.08693,0.08435134,0.1178739,0.00257866,12.0,0.989887,-1.010113,2.0,BE,4799,399.83,9.6446,True,False,26957.99,0.9264,249.74,247.21,24687.97
S2,DOGEUSDT,-1,2022-11-28T00:00:00+00:00,2022-11-29T02:25:00+00:00,2022,0.09864,0.10270993,0.0864302,0.00406993,3.0,-1.007271,-1.007271,0.0,SL,318,26.42,1.9976,True,False,26705.88,1.378,368.01,-370.68,25733.48
S5,BTCUSDT,-1,2022-11-28T02:00:00+00:00,2022-11-28T14:35:00+00:00,2022,16135.1,16298.92057996,15315.99710019,163.82057996,5.0,-1.029548,-1.029548,0.0,SL,152,12.58,0.5805,True,False,26959.64,0.5216,140.62,-144.78,26389.0
S5,ETHUSDT,-1,2022-11-28T02:00:00+00:00,2022-11-28T16:55:00+00:00,2022,1163.39,1183.62583632,1062.21081838,20.23583632,5.0,-1.017247,-1.017247,0.0,SL,180,14.92,0.6493,True,False,26959.64,0.5216,140.62,-143.05,26104.16
S5,LINKUSDT,-1,2022-11-28T02:00:00+00:00,2022-11-28T05:05:00+00:00,2022,6.578,6.77650995,5.58545026,0.19850995,5.0,-1.009941,-1.009941,0.0,SL,38,3.08,0.272,True,False,26959.64,0.5216,140.62,-142.02,26675.87
S5,SOLUSDT,-1,2022-11-28T02:00:00+00:00,2022-11-28T14:35:00+00:00,2022,13.025,13.49197696,10.69011518,0.46697696,5.0,-1.008368,-1.008368,0.0,SL,152,12.58,0.6039,True,False,26959.64,0.5216,140.62,-141.8,26247.21
S5,XRPUSDT,-1,2022-11-28T02:00:00+00:00,2022-11-28T08:30:00+00:00,2022,0.3734,0.384119,0.31980502,0.010719,5.0,-1.010451,-1.010451,0.0,SL,79,6.5,0.0746,True,False,26959.64,0.5216,140.62,-142.09,26533.78
S5,SOLUSDT,-1,2022-11-28T03:00:00+00:00,2022-11-28T05:00:00+00:00,2022,12.772,13.25090718,10.3774641,0.47890718,5.0,-1.008001,-1.008001,0.0,SL,25,2.0,0.0209,True,False,26959.64,0.5216,140.62,-141.75,26817.89
S1,LINKUSDT,1,2022-11-28T04:00:00+00:00,2022-12-07T06:50:00+00:00,2022,6.736,6.5255501,9.26139885,0.2104499,12.0,0.990398,-1.009602,2.0,BE,2627,218.83,5.0986,True,False,26959.64,0.9264,249.75,247.36,25442.35
S1,BTCUSDT,1,2022-11-30T01:00:00+00:00,2022-12-16T09:00:00+00:00,2022,16839.4,16616.01555328,19520.01336064,223.38444672,12.0,0.977385,-1.022615,2.0,BE,4705,392.0,6.9862,True,False,25733.48,0.9264,238.39,233.0,24667.83
S1,ETHUSDT,1,2022-11-30T01:00:00+00:00,2022-12-03T22:30:00+00:00,2022,1274.47,1244.75845948,1631.00848623,29.71154052,12.0,-1.012868,-1.012868,0.0,SL,1123,93.5,1.2965,True,False,25733.48,0.9264,238.39,-241.46,25127.5
S2,BTCUSDT,-1,2022-11-30T04:00:00+00:00,2022-11-30T19:00:00+00:00,2022,16836.8,17017.60516475,16294.38450574,180.80516475,3.0,-1.027936,-1.027936,0.0,SL,181,15.0,0.7566,True,False,25733.48,1.378,354.61,-364.51,25368.96
S2,SOLUSDT,-1,2022-12-01T01:00:00+00:00,2022-12-06T03:40:00+00:00,2022,13.934,14.26626282,12.93721153,0.33226282,3.0,-1.012581,-1.012581,0.0,SL,1473,122.67,2.2091,True,False,25368.96,1.378,349.58,-353.98,24640.33
S5,SOLUSDT,-1,2022-12-05T04:00:00+00:00,2022-12-06T03:35:00+00:00,2022,13.899,14.15636038,12.61219808,0.25736038,5.0,-1.016202,-1.016202,0.0,SL,284,23.58,1.2473,True,False,25127.5,0.5216,131.07,-133.19,24994.31
S2,LINKUSDT,-1,2022-12-05T17:00:00+00:00,2022-12-06T22:50:00+00:00,2022,7.277,7.38439237,6.95482288,0.10739237,3.0,2.979672,2.979672,0.0,TP,359,29.83,3.0356,True,False,25127.5,1.378,346.26,1031.73,25194.99
S4,XRPUSDT,1,2022-12-05T21:00:00+00:00,2022-12-07T07:10:00+00:00,2022,0.3859,0.37907832,0.51892273,0.00682168,19.5,-1.016971,-1.016971,0.0,SL,411,34.17,0.9382,True,False,25127.5,1.6151,405.83,-412.72,25029.62
S5,XRPUSDT,-1,2022-12-06T04:00:00+00:00,2022-12-06T15:40:00+00:00,2022,0.3825,0.38954321,0.34728394,0.00704321,5.0,-1.016292,-1.016292,0.0,SL,141,11.67,0.284,True,False,24640.33,0.5216,128.52,-130.62,24509.71
S2,XRPUSDT,-1,2022-12-06T17:00:00+00:00,2022-12-06T20:45:00+00:00,2022,0.3859,0.39038863,0.37243412,0.00448863,3.0,-1.025792,-1.025792,0.0,SL,46,3.75,0.0668,True,False,24509.71,1.378,337.74,-346.45,24163.26
S2,ETHUSDT,-1,2022-12-07T08:00:00+00:00,2022-12-07T14:35:00+00:00,2022,1223.72,1239.29514775,1176.99455675,15.57514775,3.0,-1.023571,-1.023571,0.0,SL,80,6.58,0.4302,True,False,25029.62,1.378,344.91,-353.04,24676.59
S1,BTCUSDT,1,2022-12-08T19:00:00+00:00,2022-12-09T13:30:00+00:00,2022,17239.9,17076.17685881,19204.57769423,163.72314119,12.0,-1.03159,-1.03159,0.0,SL,223,18.5,0.7336,True,False,24676.59,0.9264,228.6,-235.83,24440.76
S2,SOLUSDT,-1,2022-12-09T17:00:00+00:00,2022-12-12T02:50:00+00:00,2022,13.743,13.92565869,13.19502393,0.18265869,3.0,2.977428,2.977428,0.0,TP,695,57.83,5.4199,True,False,24440.76,1.378,336.79,1002.78,25690.75
S2,BTCUSDT,-1,2022-12-11T21:00:00+00:00,2022-12-12T02:50:00+00:00,2022,17093.9,17161.73710082,16890.38869754,67.83710082,3.0,2.924405,2.924405,0.0,TP,71,5.83,3.3153,True,False,24440.76,1.378,336.79,984.92,26675.67
S5,BTCUSDT,-1,2022-12-12T01:00:00+00:00,2022-12-12T20:05:00+00:00,2022,16949.76,17060.91510018,16393.98449908,111.15510018,5.0,-1.045746,-1.045746,0.0,SL,230,19.08,0.7266,True,False,24440.76,0.5216,127.48,-133.31,26542.36
S2,BTCUSDT,-1,2022-12-13T07:00:00+00:00,2022-12-13T09:55:00+00:00,2022,17143.8,17225.9170241,16897.4489277,82.1170241,3.0,-1.062632,-1.062632,0.0,SL,36,2.92,0.8257,True,False,26542.36,1.378,365.75,-388.66,26153.7
S1,LINKUSDT,1,2022-12-13T14:00:00+00:00,2022-12-13T17:40:00+00:00,2022,7.01,6.83730074,9.08239107,0.17269926,12.0,-1.012177,-1.012177,0.0,SL,45,3.67,0.1969,True,False,26153.7,0.9264,242.29,-245.24,25663.57
S1,SOLUSDT,1,2022-12-13T14:00:00+00:00,2022-12-13T17:15:00+00:00,2022,14.071,13.67705251,18.79836983,0.39394749,12.0,-1.010715,-1.010715,0.0,SL,40,3.25,0.1295,True,False,26153.7,0.9264,242.29,-244.88,25908.81
S2,SOLUSDT,-1,2022-12-13T15:00:00+00:00,2022-12-14T12:40:00+00:00,2022,13.9,14.20382057,12.98853829,0.30382057,3.0,-1.013725,-1.013725,0.0,SL,261,21.67,1.0796,True,False,26153.7,1.378,360.4,-365.34,23497.38
S2,DOGEUSDT,-1,2022-12-13T16:00:00+00:00,2022-12-15T18:45:00+00:00,2022,0.09197,0.09424388,0.08514835,0.00227388,3.0,2.987866,2.987866,0.0,TP,610,50.75,3.2631,True,False,26153.7,1.378,360.4,1076.82,24434.83
S5,BTCUSDT,-1,2022-12-13T16:00:00+00:00,2022-12-14T14:30:00+00:00,2022,17753.54,17999.85301691,16521.97491544,246.31301691,5.0,-1.021623,-1.021623,0.0,SL,271,22.5,0.5487,True,False,26153.7,0.5216,136.42,-139.37,23358.01
S2,BTCUSDT,-1,2022-12-13T18:00:00+00:00,2022-12-14T01:00:00+00:00,2022,17644.6,17834.45201476,17075.04395571,189.85201476,3.0,-1.027882,-1.027882,0.0,SL,85,7.0,0.0707,True,False,25663.57,1.378,353.64,-363.5,24223.02
S2,DOGEUSDT,-1,2022-12-13T18:00:00+00:00,2022-12-14T00:30:00+00:00,2022,0.08927,0.09168401,0.08202797,0.00241401,3.0,-1.011094,-1.011094,0.0,SL,79,6.5,0.0373,True,False,25663.57,1.378,353.64,-357.57,24586.52
S2,ETHUSDT,-1,2022-12-13T18:00:00+00:00,2022-12-14T11:05:00+00:00,2022,1308.26,1329.11445501,1245.69663498,20.85445501,3.0,-1.01882,-1.01882,0.0,SL,206,17.08,0.0782,True,False,25663.57,1.378,353.64,-360.3,23862.72
S2,LINKUSDT,-1,2022-12-13T18:00:00+00:00,2022-12-14T00:00:00+00:00,2022,6.803,6.94431833,6.379045,0.14131833,3.0,-1.014442,-1.014442,0.0,SL,73,6.0,0.0142,True,False,25663.57,1.378,353.64,-358.75,24944.09
S2,XRPUSDT,-1,2022-12-13T18:00:00+00:00,2022-12-13T21:45:00+00:00,2022,0.3886,0.39441676,0.37114973,0.00581676,3.0,-1.020042,-1.020042,0.0,SL,46,3.75,0.0344,True,False,25663.57,1.378,353.64,-360.73,25302.84
S2,BTCUSDT,-1,2022-12-14T20:00:00+00:00,2022-12-16T09:00:00+00:00,2022,17792.9,18043.91241497,17039.8627551,251.01241497,3.0,2.978735,2.978735,0.0,TP,445,37.0,3.1588,False,True,,,,,
S2,ETHUSDT,-1,2022-12-14T20:00:00+00:00,2022-12-16T08:50:00+00:00,2022,1307.5,1328.43648733,1244.69053802,20.93648733,3.0,2.981265,2.981265,0.0,TP,443,36.83,3.1285,False,True,,,,,
S2,BTCUSDT,-1,2022-12-15T02:00:00+00:00,2022-12-16T09:15:00+00:00,2022,17631.6,17864.33468888,16933.39593336,232.73468888,3.0,2.977272,2.977272,0.0,TP,376,31.25,3.0107,True,False,23358.01,1.378,321.87,958.3,25626.14
S2,LINKUSDT,-1,2022-12-16T09:00:00+00:00,2022-12-16T16:05:00+00:00,2022,6.362,6.45734116,6.07597653,0.09534116,3.0,2.979981,2.979981,0.0,TP,86,7.08,3.1361,True,False,24667.83,1.378,339.92,1012.96,26639.1
S5,LINKUSDT,-1,2022-12-16T14:00:00+00:00,2022-12-30T07:20:00+00:00,2022,6.178,6.31930144,5.47149281,0.14130144,5.0,4.986883,4.986883,0.0,TP,3953,329.33,5.4493,True,False,25626.14,0.5216,133.67,666.58,28361.08
S4,XRPUSDT,1,2022-12-17T08:00:00+00:00,2022-12-17T17:35:00+00:00,2022,0.3557,0.34670688,0.53106587,0.00899312,19.5,-1.011866,-1.011866,0.0,SL,116,9.58,0.1112,True,False,27523.75,1.6151,444.54,-449.81,27073.94
S2,DOGEUSDT,-1,2022-12-22T15:00:00+00:00,2022-12-22T20:20:00+00:00,2022,0.07525,0.07674166,0.07077503,0.00149166,3.0,-1.015134,-1.015134,0.0,SL,65,5.33,0.8112,True,False,27073.94,1.378,373.08,-378.73,26695.22
S5,SOLUSDT,-1,2022-12-24T09:00:00+00:00,2022-12-24T18:00:00+00:00,2022,11.239,11.501716,9.92542001,0.262716,5.0,-1.012834,-1.012834,0.0,SL,109,9.0,0.3464,True,False,26695.22,0.5216,139.24,-141.03,26554.19
S5,DOGEUSDT,-1,2022-12-25T16:00:00+00:00,2022-12-25T19:25:00+00:00,2022,0.07485,0.07623452,0.06792738,0.00138452,5.0,-1.016219,-1.016219,0.0,SL,42,3.42,0.8595,True,False,26554.19,0.5216,138.51,-140.75,26413.44
S1,XRPUSDT,1,2022-12-26T18:00:00+00:00,2022-12-27T03:30:00+00:00,2022,0.3644,0.35965006,0.42139928,0.00474994,12.0,-1.023015,-1.023015,0.0,SL,115,9.5,1.1579,True,False,26413.44,0.9264,244.69,-250.33,25913.73
S1,XRPUSDT,1,2022-12-26T21:00:00+00:00,2022-12-27T00:00:00+00:00,2022,0.3689,0.36311719,0.43829366,0.00578281,12.0,-1.019138,-1.019138,0.0,SL,37,3.0,0.121,True,False,26413.44,0.9264,244.69,-249.38,26164.06
S2,SOLUSDT,-1,2022-12-27T09:00:00+00:00,2022-12-27T14:35:00+00:00,2022,11.124,11.25777111,10.72268668,0.13377111,3.0,2.975053,2.975053,0.0,TP,68,5.58,3.1397,True,False,25913.73,1.378,357.09,1062.37,26976.1
S2,SOLUSDT,-1,2022-12-28T02:00:00+00:00,2022-12-28T05:30:00+00:00,2022,10.894,11.09331728,10.29604817,0.19931728,3.0,2.983603,2.983603,0.0,TP,43,3.5,5.4887,True,False,26976.1,1.378,371.73,1109.1,28085.2
S2,BTCUSDT,-1,2022-12-28T16:00:00+00:00,2023-01-02T03:50:00+00:00,2023,16571.3,16675.76918879,16257.89243364,104.46918879,3.0,-1.047587,-1.047587,0.0,SL,1295,107.83,2.2811,True,False,28085.2,1.378,387.01,-405.43,28963.97
S2,DOGEUSDT,-1,2022-12-28T16:00:00+00:00,2022-12-30T07:20:00+00:00,2022,0.0713,0.07260829,0.06737514,0.00130829,3.0,2.98365,2.98365,0.0,TP,473,39.33,3.753,True,False,28085.2,1.378,387.01,1154.71,29515.8
S5,LINKUSDT,-1,2022-12-28T16:00:00+00:00,2023-01-04T03:05:00+00:00,2023,5.721,5.81730392,5.23948041,0.09630392,5.0,-1.017822,-1.017822,0.0,SL,1862,155.08,3.5409,True,False,28085.2,0.5216,146.49,-149.1,27560.64
S2,SOLUSDT,-1,2022-12-29T09:00:00+00:00,2022-12-29T10:50:00+00:00,2022,9.282,9.57538185,8.40185446,0.29338185,3.0,-1.009491,-1.009491,0.0,SL,23,1.83,0.0034,True,False,28085.2,1.378,387.01,-390.69,27694.51
S5,XRPUSDT,-1,2022-12-30T02:00:00+00:00,2022-12-30T18:50:00+00:00,2022,0.3353,0.34276767,0.29796166,0.00746767,5.0,-1.01347,-1.01347,0.0,SL,203,16.83,0.2544,True,False,27694.51,0.5216,144.45,-146.4,29369.4
S1,SOLUSDT,1,2023-01-03T16:00:00+00:00,2023-01-14T00:35:00+00:00,2023,12.819,12.2847004,19.23059515,0.5342996,12.0,11.992802,11.992802,0.0,TP,2984,248.58,15.7515,True,False,28963.97,0.9264,268.32,3217.93,40956.95
S4,BTCUSDT,1,2023-01-03T16:00:00+00:00,2023-01-12T17:35:00+00:00,2023,16670.9,16572.3422178,18592.77675295,98.5577822,19.5,19.449255,19.449255,0.0,TP,2612,217.58,22.3331,True,False,28963.97,1.6151,467.8,9098.3,32720.49
S2,BTCUSDT,-1,2023-01-03T17:00:00+00:00,2023-01-04T01:10:00+00:00,2023,16621.93,16697.93988403,16393.9003479,76.00988403,3.0,-1.065604,-1.065604,0.0,SL,99,8.17,0.2191,True,False,28963.97,1.378,399.12,-425.31,28118.65
S2,ETHUSDT,-1,2023-01-03T17:00:00+00:00,2023-01-03T23:05:00+00:00,2023,1207.14,1214.06065478,1186.37803567,6.92065478,3.0,-1.052328,-1.052328,0.0,SL,74,6.08,0.591,True,False,28963.97,1.378,399.12,-420.01,28543.96
S2,LINKUSDT,-1,2023-01-03T17:00:00+00:00,2023-01-04T01:10:00+00:00,2023,5.597,5.66548933,5.391532,0.06848933,3.0,-1.024516,-1.024516,0.0,SL,99,8.17,0.4964,True,False,28963.97,1.378,399.12,-408.91,27709.74
S2,DOGEUSDT,-1,2023-01-04T05:00:00+00:00,2023-01-04T23:50:00+00:00,2023,0.07227,0.07332677,0.06909969,0.00105677,3.0,-1.020516,-1.020516,0.0,SL,227,18.83,0.7097,True,False,27560.64,1.378,379.79,-387.58,27173.06
S1,DOGEUSDT,1,2023-01-05T06:00:00+00:00,2023-01-05T09:35:00+00:00,2023,0.07484,0.07316188,0.0949775,0.00167812,12.0,-1.013379,-1.013379,0.0,SL,44,3.58,0.2741,True,False,27173.06,0.9264,251.73,-255.1,26917.96
S4,XRPUSDT,1,2023-01-06T03:00:00+00:00,2023-01-06T06:30:00+00:00,2023,0.3384,0.33234062,0.45655789,0.00605938,19.5,-1.016754,-1.016754,0.0,SL,43,3.5,0.1485,True,False,26917.96,1.6151,434.75,-442.04,26475.93
S2,ETHUSDT,-1,2023-01-06T21:00:00+00:00,2023-01-08T16:00:00+00:00,2023,1265.34,1277.23859982,1229.64420055,11.89859982,3.0,-1.031903,-1.031903,0.0,SL,517,43.0,0.7598,True,False,26475.93,1.378,364.84,-376.48,26099.45
S2,SOLUSDT,-1,2023-01-08T17:00:00+00:00,2023-01-08T23:15:00+00:00,2023,13.674,13.94286586,12.86740241,0.26886586,3.0,-1.015257,-1.015257,0.0,SL,76,6.25,0.8517,True,False,26099.45,1.378,359.65,-365.14,25364.75
S2,LINKUSDT,-1,2023-01-08T22:00:00+00:00,2023-01-08T23:05:00+00:00,2023,5.829,5.8924321,5.6387037,0.0634321,3.0,-1.027568,-1.027568,0.0,SL,14,1.08,0.0631,True,False,26099.45,1.378,359.65,-369.57,25729.88
S1,BTCUSDT,1,2023-01-09T01:00:00+00:00,2023-01-12T17:35:00+00:00,2023,17185.28,17084.00408261,18400.59100873,101.27591739,12.0,11.949094,11.949094,0.0,TP,1064,88.58,16.6547,True,False,25364.75,0.9264,234.98,2807.79,35528.28
S1,DOGEUSDT,1,2023-01-09T01:00:00+00:00,2023-01-09T20:05:00+00:00,2023,0.07472,0.07340755,0.09046944,0.00131245,12.0,0.982921,11.982921,-11.0,BE,230,19.08,3.7487,True,False,25364.75,0.9264,234.98,230.97,25237.83
S1,LINKUSDT,1,2023-01-09T01:00:00+00:00,2023-01-12T13:30:00+00:00,2023,6.026,5.92229746,7.27043047,0.10370254,12.0,0.982567,11.982567,-11.0,BE,1015,84.5,3.5679,True,False,25364.75,0.9264,234.98,230.88,24191.71
S1,SOLUSDT,1,2023-01-09T01:00:00+00:00,2023-01-10T02:40:00+00:00,2023,14.957,14.30229026,22.81351685,0.65470974,12.0,0.993146,11.993146,-11.0,BE,309,25.67,3.8842,True,False,25364.75,0.9264,234.98,233.37,25002.41
S2,XRPUSDT,-1,2023-01-09T07:00:00+00:00,2023-01-09T10:35:00+00:00,2023,0.3481,0.3524669,0.33499931,0.0043669,3.0,-1.023914,-1.023914,0.0,SL,44,3.58,0.229,True,False,25364.75,1.378,349.53,-357.88,25006.86
S1,DOGEUSDT,1,2023-01-09T15:00:00+00:00,2023-01-09T20:10:00+00:00,2023,0.07815,0.07577876,0.10660492,0.00237124,12.0,-1.009887,-1.009887,0.0,SL,63,5.17,0.6284,True,False,25006.86,0.9264,231.66,-233.95,25003.87
S1,XRPUSDT,1,2023-01-09T15:00:00+00:00,2023-01-10T02:35:00+00:00,2023,0.3533,0.34555676,0.44621888,0.00774324,12.0,-1.013688,-1.013688,0.0,SL,140,11.58,0.5553,True,False,25006.86,0.9264,231.66,-234.83,24769.04
S1,XRPUSDT,1,2023-01-11T05:00:00+00:00,2023-01-11T06:40:00+00:00,2023,0.3656,0.35813595,0.45516862,0.00746405,12.0,-1.014694,-1.014694,0.0,SL,21,1.67,0.3081,True,False,25002.41,0.9264,231.62,-235.03,24767.38
S2,XRPUSDT,-1,2023-01-11T07:00:00+00:00,2023-01-11T08:20:00+00:00,2023,0.3579,0.3641404,0.3391788,0.0062404,3.0,-1.017206,-1.017206,0.0,SL,17,1.33,0.0481,True,False,24767.38,1.378,341.29,-347.17,24420.21
S1,BTCUSDT,1,2023-01-12T00:00:00+00:00,2023-01-14T00:10:00+00:00,2023,17943.26,17748.21480586,20283.8023297,195.04519414,12.0,11.972401,11.972401,0.0,TP,579,48.17,12.3138,True,False,24420.21,0.9264,226.23,2708.5,37739.01
S1,BTCUSDT,1,2023-01-12T01:00:00+00:00,2023-01-12T13:30:00+00:00,2023,18264.1,18026.2437483,21118.37502044,237.8562517,12.0,-1.023036,-1.023036,0.0,SL,151,12.5,0.5113,True,False,24420.21,0.9264,226.23,-231.44,23960.27
S1,ETHUSDT,1,2023-01-12T01:00:00+00:00,2023-01-12T13:25:00+00:00,2023,1415.57,1389.21089142,1731.87930294,26.35910858,12.0,-1.016111,-1.016111,0.0,SL,150,12.42,0.0429,True,False,24420.21,0.9264,226.23,-229.87,23960.83
S1,LINKUSDT,1,2023-01-12T01:00:00+00:00,2023-01-12T06:35:00+00:00,2023,6.393,6.26083545,7.97897464,0.13216455,12.0,-1.014511,-1.014511,0.0,SL,68,5.58,0.0227,True,False,24420.21,0.9264,226.23,-229.51,24190.7
S2,BTCUSDT,-1,2023-01-12T15:00:00+00:00,2023-01-12T17:25:00+00:00,2023,17989.7,18214.86152601,17314.21542198,225.16152601,3.0,-1.023969,-1.023969,0.0,SL,30,2.42,0.0355,True,False,23960.27,1.378,330.17,-338.09,23622.19
S1,BTCUSDT,1,2023-01-12T18:00:00+00:00,2023-01-25T21:50:00+00:00,2023,18837.06,18457.16934274,23395.74788709,379.89065726,12.0,11.985124,11.985124,0.0,TP,3791,315.83,12.1165,True,False,35528.28,0.9264,329.13,3944.71,42684.83
S1,ETHUSDT,1,2023-01-12T18:00:00+00:00,2023-02-13T16:35:00+00:00,2023,1428.74,1395.98295415,1821.82455024,32.75704585,12.0,0.986915,-1.013085,2.0,BE,9200,766.58,8.7999,True,False,35528.28,0.9264,329.13,324.83,38007.07
S2,BTCUSDT,-1,2023-01-12T22:00:00+00:00,2023-01-13T15:10:00+00:00,2023,18830.07,19167.8475547,17816.73733589,337.7775547,3.0,-1.016724,-1.016724,0.0,SL,207,17.17,0.3525,True,False,35528.28,1.378,489.58,-497.77,35030.51
S1,SOLUSDT,1,2023-01-13T22:00:00+00:00,2023-01-14T00:35:00+00:00,2023,18.294,17.49200048,27.91799426,0.80199952,12.0,0.993157,-1.006843,2.0,BE,32,2.58,3.6671,True,False,35030.51,0.9264,324.52,322.3,41279.25
S1,DOGEUSDT,1,2023-01-14T02:00:00+00:00,2023-01-14T09:15:00+00:00,2023,0.08962,0.08626508,0.12987901,0.00335492,12.0,-1.008014,-1.008014,0.0,SL,88,7.25,0.9777,True,False,41279.25,0.9264,382.41,-385.48,40893.77
S1,SOLUSDT,1,2023-01-14T05:00:00+00:00,2023-01-18T15:55:00+00:00,2023,22.364,20.82566627,40.82400474,1.53833373,12.0,-1.004361,-1.004361,0.0,SL,1284,106.92,1.8436,True,False,41279.25,0.9264,382.41,-384.08,40126.69
S1,DOGEUSDT,1,2023-01-18T06:00:00+00:00,2023-01-18T08:15:00+00:00,2023,0.08825,0.08584056,0.11716332,0.00240944,12.0,-1.010988,-1.010988,0.0,SL,28,2.25,0.3984,True,False,40893.77,0.9264,378.84,-383.0,40510.77
S2,ETHUSDT,-1,2023-01-18T21:00:00+00:00,2023-01-19T19:30:00+00:00,2023,1521.76,1552.58698823,1429.27903531,30.82698823,3.0,-1.014809,-1.014809,0.0,SL,271,22.5,0.4678,True,False,40126.69,1.378,552.95,-561.13,39565.56
S1,BTCUSDT,1,2023-01-20T21:00:00+00:00,2023-01-27T01:35:00+00:00,2023,22287.2,21902.56666995,26902.79996058,384.63333005,12.0,0.982617,-1.017383,2.0,BE,1784,148.58,4.0303,True,False,39565.56,0.9264,366.54,360.16,42644.03
S1,ETHUSDT,1,2023-01-20T21:00:00+00:00,2023-01-22T02:40:00+00:00,2023,1641.75,1610.60988829,2015.43134055,31.14011171,12.0,-1.015816,-1.015816,0.0,SL,357,29.67,1.3067,True,False,39565.56,0.9264,366.54,-372.33,38819.82
S1,BTCUSDT,1,2023-01-21T10:00:00+00:00,2023-01-21T10:30:00+00:00,2023,23037.46,22668.72841937,27462.23896758,368.73158063,12.0,-1.018743,-1.018743,0.0,SL,7,0.5,0.809,True,False,39565.56,0.9264,366.54,-373.41,39192.15
S2,DOGEUSDT,-1,2023-01-22T00:00:00+00:00,2023-01-22T14:15:00+00:00,2023,0.08471,0.08674757,0.07859729,0.00203757,3.0,-1.012472,-1.012472,0.0,SL,172,14.25,0.1816,True,False,39192.15,1.378,540.07,-546.8,38273.02
S2,LINKUSDT,-1,2023-01-22T19:00:00+00:00,2023-01-24T22:25:00+00:00,2023,7.092,7.2703221,6.55703369,0.1783221,3.0,2.988069,2.988069,0.0,TP,618,51.42,3.275,True,False,38273.02,1.378,527.4,1575.91,39848.93
S4,BTCUSDT,1,2023-01-25T04:00:00+00:00,2023-02-05T12:55:00+00:00,2023,22643.04,22262.50171929,30063.53647386,380.53828071,19.5,0.982149,-1.017851,2.0,BE,3276,272.92,4.236,True,False,39848.93,1.6151,643.6,632.11,35838.53
S2,SOLUSDT,-1,2023-01-25T14:00:00+00:00,2023-01-25T21:40:00+00:00,2023,23.854,24.56485167,21.72144498,0.71085167,3.0,-1.010067,-1.010067,0.0,SL,93,7.67,1.6375,True,False,39848.93,1.378,549.12,-554.65,38740.12
S2,SOLUSDT,-1,2023-01-25T15:00:00+00:00,2023-01-25T20:00:00+00:00,2023,23.098,23.85236227,20.83491319,0.75436227,3.0,-1.009186,-1.009186,0.0,SL,61,5.0,0.5409,True,False,39848.93,1.378,549.12,-554.16,39294.77
S1,ETHUSDT,1,2023-01-25T22:00:00+00:00,2023-01-25T22:45:00+00:00,2023,1618.01,1583.2926364,2034.61836319,34.7173636,12.0,-1.013982,-1.013982,0.0,SL,10,0.75,0.6674,True,False,42684.83,0.9264,395.43,-400.96,42283.87
S2,BTCUSDT,-1,2023-01-25T23:00:00+00:00,2023-01-27T20:00:00+00:00,2023,22933.23,23345.26401298,21697.12796107,412.03401298,3.0,-1.016698,-1.016698,0.0,SL,541,45.0,0.9668,True,False,42283.87,1.378,582.67,-592.4,42051.63
S2,DOGEUSDT,-1,2023-01-28T13:00:00+00:00,2023-01-29T10:40:00+00:00,2023,0.08827,0.09017164,0.08256507,0.00190164,3.0,-1.013925,-1.013925,0.0,SL,261,21.67,0.8519,True,False,42051.63,1.378,579.47,-587.54,41464.09
S2,XRPUSDT,-1,2023-01-30T02:00:00+00:00,2023-01-30T09:50:00+00:00,2023,0.4125,0.41748672,0.39753984,0.00498672,3.0,2.975184,2.975184,0.0,TP,95,7.83,3.1283,True,False,41464.09,1.378,571.38,1699.95,43164.04
S2,BTCUSDT,-1,2023-01-30T10:00:00+00:00,2023-02-01T19:50:00+00:00,2023,23192.9,23432.17872785,22475.06381646,239.27872785,3.0,-1.029079,-1.029079,0.0,SL,695,57.83,2.9618,True,False,43164.04,1.378,594.8,-612.1,40631.52
S2,ETHUSDT,-1,2023-01-30T10:00:00+00:00,2023-02-01T19:40:00+00:00,2023,1588.11,1610.13683279,1522.02950163,22.02683279,3.0,-1.02163,-1.02163,0.0,SL,693,57.67,2.6817,True,False,43164.04,1.378,594.8,-607.67,41243.62
S2,SOLUSDT,-1,2023-01-30T10:00:00+00:00,2023-02-01T20:35:00+00:00,2023,24.025,24.75164149,21.84507554,0.72664149,3.0,-1.009919,-1.009919,0.0,SL,704,58.58,2.1675,True,False,43164.04,1.378,594.8,-600.7,40030.82
S2,XRPUSDT,-1,2023-01-30T10:00:00+00:00,2023-01-31T17:45:00+00:00,2023,0.3991,0.40505733,0.38122802,0.00595733,3.0,-1.020098,-1.020098,0.0,SL,382,31.75,2.669,True,False,43164.04,1.378,594.8,-606.75,41851.28
S4,DOGEUSDT,1,2023-01-30T15:00:00+00:00,2023-01-30T19:10:00+00:00,2023,0.08748,0.08541507,0.12774604,0.00206493,19.5,-1.012709,-1.012709,0.0,SL,51,4.17,2.6635,True,False,43164.04,1.6151,697.14,-706.0,42458.04
S1,BTCUSDT,1,2023-02-02T01:00:00+00:00,2023-02-02T06:10:00+00:00,2023,24188.09,23771.31673444,29189.36918677,416.77326556,12.0,-1.017411,-1.017411,0.0,SL,63,5.17,0.0524,True,False,40030.82,0.9264,370.85,-377.3,39653.52
S1,ETHUSDT,1,2023-02-02T01:00:00+00:00,2023-02-02T14:55:00+00:00,2023,1692.25,1653.28519789,2159.82762536,38.96480211,12.0,-1.013029,-1.013029,0.0,SL,168,13.92,0.0434,True,False,40030.82,0.9264,370.85,-375.68,39277.84
S1,LINKUSDT,1,2023-02-02T01:00:00+00:00,2023-02-02T21:55:00+00:00,2023,7.319,7.11163175,9.80741906,0.20736825,12.0,-1.010588,-1.010588,0.0,SL,252,20.92,0.8487,True,False,40030.82,0.9264,370.85,-374.77,38317.85
S1,SOLUSDT,1,2023-02-02T01:00:00+00:00,2023-02-02T14:55:00+00:00,2023,25.751,24.74784387,37.78887353,1.00315613,12.0,-1.007701,-1.007701,0.0,SL,168,13.92,0.0269,True,False,40030.82,0.9264,370.85,-373.7,38904.14
S5,ETHUSDT,-1,2023-02-02T02:00:00+00:00,2023-02-02T18:15:00+00:00,2023,1676.22,1714.95160196,1482.56199019,38.73160196,5.0,-1.012983,-1.012983,0.0,SL,196,16.25,0.6901,True,False,40030.82,0.5216,208.8,-211.51,38692.63
S2,BTCUSDT,-1,2023-02-02T22:00:00+00:00,2023-02-09T03:05:00+00:00,2023,23455.65,23773.91781295,22500.84656116,318.26781295,3.0,2.977891,2.977891,0.0,TP,1790,149.08,3.2399,True,False,38317.85,1.378,528.02,1572.39,36721.12
S2,ETHUSDT,-1,2023-02-02T22:00:00+00:00,2023-02-03T15:15:00+00:00,2023,1637.24,1668.41870467,1543.703886,31.17870467,3.0,-1.015753,-1.015753,0.0,SL,208,17.25,0.4888,True,False,38317.85,1.378,528.02,-536.34,36713.52
S2,LINKUSDT,-1,2023-02-02T22:00:00+00:00,2023-02-03T12:00:00+00:00,2023,7.07,7.23681113,6.5695666,0.16681113,3.0,-1.012715,-1.012715,0.0,SL,169,14.0,0.3357,True,False,38317.85,1.378,528.02,-534.73,37783.12
S2,SOLUSDT,-1,2023-02-02T22:00:00+00:00,2023-02-03T14:45:00+00:00,2023,24.237,24.96914025,22.04057926,0.73214025,3.0,-1.009931,-1.009931,0.0,SL,202,16.75,0.3647,True,False,38317.85,1.378,528.02,-533.26,37249.86
S2,XRPUSDT,-1,2023-02-02T22:00:00+00:00,2023-02-04T17:45:00+00:00,2023,0.4092,0.41511957,0.3914413,0.00591957,3.0,-1.020738,-1.020738,0.0,SL,526,43.75,0.6926,True,False,38317.85,1.378,528.02,-538.97,36174.55
S4,XRPUSDT,1,2023-02-03T04:00:00+00:00,2023-02-05T12:50:00+00:00,2023,0.4112,0.40378356,0.55582065,0.00741644,19.5,-1.016633,-1.016633,0.0,SL,683,56.83,1.2809,True,False,38317.85,1.6151,618.87,-629.17,35206.42
S1,DOGEUSDT,1,2023-02-04T18:00:00+00:00,2023-02-04T18:35:00+00:00,2023,0.09887,0.09628217,0.12992392,0.00258783,12.0,-1.011462,-1.011462,0.0,SL,8,0.58,0.3787,True,False,36174.55,0.9264,335.12,-338.96,35835.59
S5,SOLUSDT,-1,2023-02-05T17:00:00+00:00,2023-02-07T23:10:00+00:00,2023,23.343,23.88036918,20.6561541,0.53736918,5.0,-1.013032,-1.013032,0.0,SL,651,54.17,1.6227,True,False,35838.53,0.5216,186.93,-189.37,35649.16
S2,LINKUSDT,-1,2023-02-08T16:00:00+00:00,2023-02-09T00:55:00+00:00,2023,7.094,7.20786668,6.75239996,0.11386668,3.0,-1.01869,-1.01869,0.0,SL,108,8.92,1.2646,True,False,35649.16,1.378,491.25,-500.43,35148.74
S2,LINKUSDT,-1,2023-02-09T03:00:00+00:00,2023-02-09T07:20:00+00:00,2023,7.061,7.19825994,6.64922017,0.13725994,3.0,-1.015433,-1.015433,0.0,SL,53,4.33,1.5372,True,False,35148.74,1.378,484.35,-491.82,36229.3
S5,DOGEUSDT,-1,2023-02-09T03:00:00+00:00,2023-02-09T22:50:00+00:00,2023,0.08836,0.09018941,0.07921297,0.00182941,5.0,4.98551,4.98551,0.0,TP,239,19.83,5.3296,True,False,35148.74,0.5216,183.34,914.02,38018.76
S4,LINKUSDT,1,2023-02-09T05:00:00+00:00,2023-02-09T20:15:00+00:00,2023,6.972,6.76966714,10.91749078,0.20233286,19.5,0.989663,-1.010337,2.0,BE,184,15.25,4.2059,True,False,36721.12,1.6151,593.08,586.95,37104.74
S4,BTCUSDT,1,2023-02-09T07:00:00+00:00,2023-02-09T19:10:00+00:00,2023,22719.22,22421.39813213,28526.74642346,297.82186787,19.5,-1.022885,-1.022885,0.0,SL,147,12.17,0.4055,True,False,36721.12,1.6151,593.08,-606.66,35622.64
S2,DOGEUSDT,-1,2023-02-09T16:00:00+00:00,2023-02-09T19:20:00+00:00,2023,0.08792,0.08933268,0.08368195,0.00141268,3.0,2.981329,2.981329,0.0,TP,41,3.33,3.3907,True,False,36229.3,1.378,499.24,1488.4,37111.04
S2,LINKUSDT,-1,2023-02-09T16:00:00+00:00,2023-02-09T22:50:00+00:00,2023,7.606,7.82643832,6.94468504,0.22043832,3.0,2.989649,2.989649,0.0,TP,83,6.83,3.4295,True,False,36229.3,1.378,499.24,1492.55,39511.31
S4,XRPUSDT,1,2023-02-09T19:00:00+00:00,2023-02-09T19:20:00+00:00,2023,0.404,0.3952624,0.57438322,0.0087376,19.5,-1.013871,-1.013871,0.0,SL,5,0.33,0.0229,True,False,36229.3,1.6151,585.14,-593.26,36517.78
S4,ETHUSDT,1,2023-02-10T18:00:00+00:00,2023-02-10T21:40:00+00:00,2023,1525.76,1494.84911608,2128.52223644,30.91088392,19.5,-1.014808,-1.014808,0.0,SL,45,3.67,0.4335,True,False,39511.31,1.6151,638.15,-647.6,38863.71
S2,DOGEUSDT,-1,2023-02-12T22:00:00+00:00,2023-02-13T04:20:00+00:00,2023,0.08249,0.08374114,0.07873657,0.00125114,3.0,-1.01978,-1.01978,0.0,SL,77,6.33,1.8223,True,False,38863.71,1.378,535.54,-546.13,38317.58
S2,SOLUSDT,-1,2023-02-12T22:00:00+00:00,2023-02-13T17:15:00+00:00,2023,21.381,21.83485436,20.01943691,0.45385436,3.0,2.985867,2.985867,0.0,TP,232,19.25,3.2566,True,False,38863.71,1.378,535.54,1599.06,39606.13
S2,SOLUSDT,-1,2023-02-13T02:00:00+00:00,2023-02-14T09:50:00+00:00,2023,20.814,21.37417595,19.13347214,0.56017595,3.0,-1.011147,-1.011147,0.0,SL,383,31.83,1.953,True,False,38863.71,1.378,535.54,-541.51,39064.62
S4,DOGEUSDT,1,2023-02-13T03:00:00+00:00,2023-02-13T09:15:00+00:00,2023,0.08145,0.07944333,0.12058005,0.00200667,19.5,-1.012177,-1.012177,0.0,SL,76,6.25,2.4867,True,False,38863.71,1.6151,627.69,-635.33,37682.25
S2,DOGEUSDT,-1,2023-02-13T09:00:00+00:00,2023-02-15T00:00:00+00:00,2023,0.08188,0.08373092,0.07632724,0.00185092,3.0,-1.013271,-1.013271,0.0,SL,469,39.0,1.4317,True,False,38317.58,1.378,528.02,-535.02,37622.77
S2,ETHUSDT,-1,2023-02-13T09:00:00+00:00,2023-02-14T13:25:00+00:00,2023,1505.61,1521.92442874,1456.66671378,16.31442874,3.0,-1.027686,-1.027686,0.0,SL,342,28.42,2.7957,True,False,38317.58,1.378,528.02,-542.63,38521.98
S1,BTCUSDT,1,2023-02-14T15:00:00+00:00,2023-02-14T15:40:00+00:00,2023,22240.0,21914.78478086,26142.58262965,325.21521914,12.0,-1.020516,-1.020516,0.0,SL,9,0.67,0.246,True,False,38521.98,0.9264,356.87,-364.19,38157.8
S1,BTCUSDT,1,2023-02-15T20:00:00+00:00,2023-02-16T23:45:00+00:00,2023,23310.6,22945.86794141,27687.38470314,364.73205859,12.0,0.980827,-1.019173,2.0,BE,334,27.75,5.3856,True,False,37622.77,0.9264,348.54,341.85,37246.71
S1,ETHUSDT,1,2023-02-15T20:00:00+00:00,2023-02-16T22:30:00+00:00,2023,1628.29,1597.73365827,1994.96610071,30.55634173,12.0,0.984014,-1.015986,2.0,BE,319,26.5,3.8031,True,False,37622.77,0.9264,348.54,342.97,36904.86
S1,BTCUSDT,1,2023-02-16T16:00:00+00:00,2023-02-16T20:25:00+00:00,2023,25072.67,24603.94929924,30697.31840916,468.72070076,12.0,-1.016048,-1.016048,0.0,SL,54,4.42,0.4315,True,False,37622.77,0.9264,348.54,-354.13,36561.89
S1,ETHUSDT,1,2023-02-16T16:00:00+00:00,2023-02-16T16:05:00+00:00,2023,1724.9,1689.52453645,2149.40556254,35.37546355,12.0,-1.014628,-1.014628,0.0,SL,2,0.08,0.5541,True,False,37622.77,0.9264,348.54,-353.64,37269.14
S1,LINKUSDT,1,2023-02-16T16:00:00+00:00,2023-02-16T16:05:00+00:00,2023,7.383,7.21436859,9.40657697,0.16863141,12.0,-1.013135,-1.013135,0.0,SL,2,0.08,0.2965,True,False,37622.77,0.9264,348.54,-353.12,36916.02
S2,ETHUSDT,-1,2023-02-16T21:00:00+00:00,2023-02-17T20:05:00+00:00,2023,1685.37,1715.05656484,1596.31030547,29.68656484,3.0,-1.017032,-1.017032,0.0,SL,278,23.08,1.821,True,False,36561.89,1.378,503.82,-512.4,34597.62
S2,BTCUSDT,-1,2023-02-16T23:00:00+00:00,2023-02-17T17:15:00+00:00,2023,24012.8,24434.52383561,22747.62849317,421.72383561,3.0,-1.017082,-1.017082,0.0,SL,220,18.25,1.5716,True,False,36904.86,1.378,508.55,-517.24,35501.18
S2,ETHUSDT,-1,2023-02-16T23:00:00+00:00,2023-02-17T14:35:00+00:00,2023,1646.9,1678.95589009,1550.73232972,32.05589009,3.0,-1.015413,-1.015413,0.0,SL,188,15.58,0.4863,True,False,36904.86,1.378,508.55,-516.39,36214.95
S2,LINKUSDT,-1,2023-02-16T23:00:00+00:00,2023-02-17T01:20:00+00:00,2023,7.016,7.17287755,6.54536735,0.15687755,3.0,-1.013417,-1.013417,0.0,SL,29,2.33,0.2996,True,False,36904.86,1.378,508.55,-515.37,36731.34
S5,SOLUSDT,-1,2023-02-16T23:00:00+00:00,2023-02-17T19:20:00+00:00,2023,22.4,23.20538939,18.37305306,0.80538939,5.0,-1.008344,-1.008344,0.0,SL,245,20.33,0.4669,True,False,36904.86,0.5216,192.5,-194.1,35110.03
S5,BTCUSDT,-1,2023-02-17T00:00:00+00:00,2023-02-17T14:35:00+00:00,2023,23526.6,24133.81998695,20490.50006527,607.21998695,5.0,-1.011623,-1.011623,0.0,SL,176,14.58,0.2908,True,False,37246.71,0.5216,194.28,-196.54,36018.41
S5,XRPUSDT,-1,2023-02-17T00:00:00+00:00,2023-02-17T17:15:00+00:00,2023,0.3838,0.39187775,0.34341123,0.00807775,5.0,-1.014254,-1.014254,0.0,SL,208,17.25,0.4209,True,False,37246.71,0.5216,194.28,-197.05,35304.13
S1,LINKUSDT,1,2023-02-18T13:00:00+00:00,2023-02-19T17:55:00+00:00,2023,8.13,7.87183751,11.22794987,0.25816249,12.0,-1.009448,-1.009448,0.0,SL,348,28.92,0.643,True,False,34597.62,0.9264,320.51,-323.54,33471.9
S2,LINKUSDT,-1,2023-02-18T19:00:00+00:00,2023-02-19T07:05:00+00:00,2023,8.05,8.24581228,7.46256316,0.19581228,3.0,-1.012333,-1.012333,0.0,SL,146,12.08,0.5413,True,False,34597.62,1.378,476.76,-482.64,34114.99
S1,SOLUSDT,1,2023-02-19T16:00:00+00:00,2023-02-19T16:50:00+00:00,2023,25.3,24.61570738,33.51151141,0.68429262,12.0,-1.011092,-1.011092,0.0,SL,11,0.83,0.1549,True,False,34114.99,0.9264,316.04,-319.55,33795.44
S2,LINKUSDT,-1,2023-02-19T18:00:00+00:00,2023-02-20T04:40:00+00:00,2023,7.899,8.11138329,7.26185012,0.21238329,3.0,-1.011158,-1.011158,0.0,SL,129,10.67,0.8616,True,False,33471.9,1.378,461.24,-466.39,33005.51
S4,DOGEUSDT,1,2023-02-19T21:00:00+00:00,2023-02-21T21:20:00+00:00,2023,0.08684,0.08486802,0.1252936,0.00197198,19.5,-1.013211,-1.013211,0.0,SL,581,48.33,1.0751,True,False,33471.9,1.6151,540.6,-547.75,32147.12
S2,LINKUSDT,-1,2023-02-20T09:00:00+00:00,2023-02-21T21:20:00+00:00,2023,8.188,8.40236631,7.54490106,0.21436631,3.0,2.988541,2.988541,0.0,TP,437,36.33,3.0695,True,False,33005.51,1.378,454.82,1359.24,33506.35
S1,XRPUSDT,1,2023-02-20T15:00:00+00:00,2023-02-20T16:05:00+00:00,2023,0.4082,0.40053627,0.50016472,0.00766373,12.0,-1.015979,-1.015979,0.0,SL,14,1.08,0.0913,True,False,33005.51,0.9264,305.76,-310.65,32694.86
S5,XRPUSDT,-1,2023-02-20T16:00:00+00:00,2023-03-03T01:30:00+00:00,2023,0.4027,0.41080203,0.36218984,0.00810203,5.0,4.985089,4.985089,0.0,TP,2995,249.5,6.7144,True,False,33005.51,0.5216,172.16,858.22,30844.34
S2,XRPUSDT,-1,2023-02-20T19:00:00+00:00,2023-02-24T15:40:00+00:00,2023,0.3996,0.40645478,0.37903565,0.00685478,3.0,2.982511,2.982511,0.0,TP,1113,92.67,3.1073,True,False,32694.86,1.378,450.54,1343.73,34908.83
S2,ETHUSDT,-1,2023-02-21T09:00:00+00:00,2023-02-22T15:15:00+00:00,2023,1675.01,1695.71804105,1612.88587686,20.70804105,3.0,2.975734,2.975734,0.0,TP,364,30.25,3.2359,True,False,32694.86,1.378,450.54,1340.67,34847.03
S2,DOGEUSDT,-1,2023-02-22T16:00:00+00:00,2023-02-22T23:00:00+00:00,2023,0.08323,0.08531958,0.07696126,0.00208958,3.0,-1.011949,-1.011949,0.0,SL,85,7.0,0.0526,True,False,34847.03,1.378,480.19,-485.93,34361.1
S1,LINKUSDT,1,2023-02-23T13:00:00+00:00,2023-02-23T17:50:00+00:00,2023,8.059,7.81550976,10.98088284,0.24349024,12.0,-1.009929,-1.009929,0.0,SL,59,4.83,0.6325,True,False,34361.1,0.9264,318.32,-321.48,34039.61
S2,LINKUSDT,-1,2023-02-23T18:00:00+00:00,2023-02-24T02:30:00+00:00,2023,7.789,7.99039502,7.18481495,0.20139502,3.0,-1.011603,-1.011603,0.0,SL,103,8.5,0.3923,True,False,34039.61,1.378,469.07,-474.51,33565.11
S2,SOLUSDT,-1,2023-02-25T19:00:00+00:00,2023-02-25T23:20:00+00:00,2023,21.913,22.36539597,20.55581208,0.45239597,3.0,-1.014531,-1.014531,0.0,SL,53,4.33,1.134,True,False,34908.83,1.378,481.04,-488.03,34420.8
S4,SOLUSDT,1,2023-02-26T03:00:00+00:00,2023-02-28T21:00:00+00:00,2023,22.65,21.99614448,35.40018264,0.65385552,19.5,-1.010392,-1.010392,0.0,SL,793,66.0,1.3306,True,False,34420.8,1.6151,555.93,-561.71,32411.3
S2,LINKUSDT,-1,2023-02-27T18:00:00+00:00,2023-02-28T12:20:00+00:00,2023,7.242,7.36715951,6.86652146,0.12515951,3.0,-1.017359,-1.017359,0.0,SL,221,18.33,0.9827,True,False,34420.8,1.378,474.32,-482.55,33451.58
S4,SOLUSDT,1,2023-02-27T21:00:00+00:00,2023-02-28T21:00:00+00:00,2023,22.55,21.98970928,33.47566912,0.56029072,19.5,-1.012074,-1.012074,0.0,SL,289,24.0,0.4266,True,False,34420.8,1.6151,555.93,-562.64,31848.66
S2,XRPUSDT,-1,2023-02-28T03:00:00+00:00,2023-02-28T04:55:00+00:00,2023,0.3725,0.37679421,0.35961737,0.00429421,3.0,-1.026023,-1.026023,0.0,SL,24,1.92,0.1164,True,False,34420.8,1.378,474.32,-486.66,33934.14
S2,DOGEUSDT,-1,2023-02-28T08:00:00+00:00,2023-02-28T14:45:00+00:00,2023,0.08112,0.08215833,0.07800502,0.00103833,3.0,-1.023438,-1.023438,0.0,SL,82,6.75,0.2215,True,False,33934.14,1.378,467.61,-478.57,32973.01
S2,DOGEUSDT,-1,2023-02-28T20:00:00+00:00,2023-03-01T05:05:00+00:00,2023,0.08126,0.08242906,0.07775281,0.00116906,3.0,-1.020853,-1.020853,0.0,SL,110,9.08,1.2146,True,False,32973.01,1.378,454.37,-463.84,30922.47
S2,SOLUSDT,-1,2023-02-28T20:00:00+00:00,2023-03-01T04:50:00+00:00,2023,22.191,22.57020901,21.05337297,0.37920901,3.0,-1.017556,-1.017556,0.0,SL,107,8.83,1.4557,True,False,32973.01,1.378,454.37,-462.34,31386.32
S2,BTCUSDT,-1,2023-03-01T20:00:00+00:00,2023-03-01T23:30:00+00:00,2023,23342.8,23613.87344513,22529.57966461,271.07344513,3.0,-1.025834,-1.025834,0.0,SL,43,3.5,0.2258,True,False,30922.47,1.378,426.11,-437.12,30485.35
S4,SOLUSDT,1,2023-03-02T04:00:00+00:00,2023-03-03T01:15:00+00:00,2023,22.038,21.56349002,31.29094456,0.47450998,19.5,-1.013933,-1.013933,0.0,SL,256,21.25,0.2824,True,False,30485.35,1.6151,492.37,-499.23,29986.12
S5,SOLUSDT,-1,2023-03-03T02:00:00+00:00,2023-03-03T05:00:00+00:00,2023,20.524,21.10420376,17.6229812,0.58020376,5.0,-1.010612,-1.010612,0.0,SL,37,3.0,0.1517,True,False,30844.34,0.5216,160.88,-162.59,30681.75
S5,XRPUSDT,-1,2023-03-06T02:00:00+00:00,2023-03-06T04:15:00+00:00,2023,0.3625,0.36761826,0.33690868,0.00511826,5.0,-1.021247,-1.021247,0.0,SL,28,2.25,0.4298,True,False,30681.75,0.5216,160.04,-163.44,30518.31
S2,LINKUSDT,-1,2023-03-07T17:00:00+00:00,2023-03-07T23:20:00+00:00,2023,6.728,6.82485837,6.43742489,0.09685837,3.0,-1.020839,-1.020839,0.0,SL,77,6.33,0.6711,True,False,30518.31,1.378,420.54,-429.31,30089.01
S4,LINKUSDT,1,2023-03-08T00:00:00+00:00,2023-03-08T13:10:00+00:00,2023,6.881,6.73776466,9.67408915,0.14323534,19.5,-1.014412,-1.014412,0.0,SL,159,13.17,0.4678,True,False,30089.01,1.6151,485.97,-492.97,29173.77
S2,ETHUSDT,-1,2023-03-08T06:00:00+00:00,2023-03-08T15:10:00+00:00,2023,1550.54,1564.99249997,1507.18250008,14.45249997,3.0,-1.032186,-1.032186,0.0,SL,111,9.17,0.7224,True,False,30089.01,1.378,414.63,-427.97,28745.8
S2,XRPUSDT,-1,2023-03-08T06:00:00+00:00,2023-03-08T08:40:00+00:00,2023,0.3727,0.3787678,0.3544966,0.0060678,3.0,-1.018427,-1.018427,0.0,SL,33,2.67,0.0659,True,False,30089.01,1.378,414.63,-422.27,29666.74
S5,SOLUSDT,-1,2023-03-08T08:00:00+00:00,2023-03-10T10:00:00+00:00,2023,19.18,19.73961832,16.38190842,0.55961832,5.0,4.989718,4.989718,0.0,TP,601,50.0,5.1321,True,False,30089.01,0.5216,156.94,783.11,30374.11
S2,LINKUSDT,-1,2023-03-08T14:00:00+00:00,2023-03-09T18:30:00+00:00,2023,6.678,6.78367368,6.36097897,0.10567368,3.0,2.981042,2.981042,0.0,TP,343,28.5,3.2648,True,False,29173.77,1.378,402.01,1198.42,28991.21
S2,LINKUSDT,-1,2023-03-08T15:00:00+00:00,2023-03-08T15:30:00+00:00,2023,6.613,6.71916127,6.29451619,0.10616127,3.0,-1.018688,-1.018688,0.0,SL,7,0.5,0.3108,True,False,29173.77,1.378,402.01,-409.53,27792.79
S3,LINKUSDT,-1,2023-03-08T15:00:00+00:00,2023-03-08T15:10:00+00:00,2023,6.613,6.68861613,6.01141946,0.14154836,4.25,-0.548223,-0.548223,0.0,SL,3,0.17,0.2331,True,False,29173.77,3.3981,991.35,-543.48,28202.32
S4,DOGEUSDT,1,2023-03-08T16:00:00+00:00,2023-03-08T18:40:00+00:00,2023,0.07357,0.07215267,0.10120792,0.00141733,19.5,-1.015572,-1.015572,0.0,SL,33,2.67,0.1905,False,True,,,,,
S4,DOGEUSDT,1,2023-03-08T21:00:00+00:00,2023-03-08T22:15:00+00:00,2023,0.07286,0.07130418,0.10319846,0.00155582,19.5,-1.014049,-1.014049,0.0,SL,16,1.25,0.0514,False,True,,,,,
S2,LINKUSDT,-1,2023-03-09T19:00:00+00:00,2023-03-10T10:00:00+00:00,2023,6.339,6.45401744,5.99394767,0.11501744,3.0,2.983466,2.983466,0.0,TP,181,15.0,3.0256,True,False,28991.21,1.378,399.5,1191.89,31566.0
S5,BTCUSDT,-1,2023-03-09T19:00:00+00:00,2023-03-12T20:55:00+00:00,2023,21013.32,21346.99783158,19344.93084209,333.67783158,5.0,-1.018892,-1.018892,0.0,SL,888,73.92,4.3882,True,False,28991.21,0.5216,151.22,-154.07,30087.04
S5,ETHUSDT,-1,2023-03-09T19:00:00+00:00,2023-03-10T07:05:00+00:00,2023,1505.14,1526.46463553,1398.51682236,21.32463553,5.0,4.978825,4.978825,0.0,TP,146,12.08,5.4585,True,False,28991.21,0.5216,151.22,752.89,29591.0
S5,BTCUSDT,-1,2023-03-09T21:00:00+00:00,2023-03-11T01:40:00+00:00,2023,20119.83,20564.69425274,17895.50873629,444.86425274,5.0,-1.013568,-1.013568,0.0,SL,345,28.67,1.283,True,False,28991.21,0.5216,151.22,-153.27,31107.48
S5,DOGEUSDT,-1,2023-03-09T21:00:00+00:00,2023-03-11T01:05:00+00:00,2023,0.06426,0.06642389,0.05344054,0.00216389,5.0,-1.008909,-1.008909,0.0,SL,338,28.08,0.8411,True,False,28991.21,0.5216,151.22,-152.57,31260.75
S5,ETHUSDT,-1,2023-03-09T21:00:00+00:00,2023-03-09T22:10:00+00:00,2023,1411.94,1445.99573165,1241.66134173,34.05573165,5.0,-1.012438,-1.012438,0.0,SL,15,1.17,0.0003,True,False,28991.21,0.5216,151.22,-153.1,28838.11
S5,LINKUSDT,-1,2023-03-09T21:00:00+00:00,2023-03-10T13:40:00+00:00,2023,6.022,6.20899624,5.08701878,0.18699624,5.0,-1.009661,-1.009661,0.0,SL,201,16.67,0.7219,True,False,28991.21,0.5216,151.22,-152.68,31413.32
S5,XRPUSDT,-1,2023-03-09T21:00:00+00:00,2023-03-13T15:05:00+00:00,2023,0.3646,0.37663003,0.30444985,0.01203003,5.0,-1.009092,-1.009092,0.0,SL,1082,90.08,1.463,True,False,28991.21,0.5216,151.22,-152.59,29934.45
S2,ETHUSDT,-1,2023-03-11T08:00:00+00:00,2023-03-11T08:40:00+00:00,2023,1415.72,1446.79039775,1322.50880676,31.07039775,3.0,-1.013669,-1.013669,0.0,SL,9,0.67,0.2652,True,False,31107.48,1.378,428.66,-434.52,30672.96
S2,SOLUSDT,-1,2023-03-11T08:00:00+00:00,2023-03-11T09:10:00+00:00,2023,17.054,17.74260419,14.98818743,0.68860419,3.0,-1.00743,-1.00743,0.0,SL,15,1.17,0.1844,True,False,31107.48,1.378,428.66,-431.85,30241.12
S4,XRPUSDT,1,2023-03-12T22:00:00+00:00,2023-03-28T18:45:00+00:00,2023,0.3617,0.35326473,0.52618785,0.00843527,19.5,19.487136,19.487136,0.0,TP,4570,380.75,19.8215,True,False,30087.04,1.6151,485.94,9469.5,36376.24
S1,BTCUSDT,1,2023-03-13T15:00:00+00:00,2023-03-14T21:05:00+00:00,2023,23472.9,22744.66025885,32211.77689374,728.23974115,12.0,0.99033,11.99033,-11.0,BE,362,30.08,4.1197,True,False,30087.04,0.9264,278.73,276.03,29650.36
S1,ETHUSDT,1,2023-03-13T15:00:00+00:00,2023-03-27T15:05:00+00:00,2023,1643.09,1597.26691278,2192.96704666,45.82308722,12.0,0.989243,-1.010757,2.0,BE,4034,336.08,4.7336,True,False,30087.04,0.9264,278.73,275.73,27191.99
S1,BTCUSDT,1,2023-03-14T13:00:00+00:00,2023-03-14T18:50:00+00:00,2023,25832.57,25030.93677179,35452.16873847,801.63322821,12.0,-1.009667,-1.009667,0.0,SL,71,5.83,0.7989,True,False,29934.45,0.9264,277.31,-279.99,29654.46
S1,LINKUSDT,1,2023-03-14T14:00:00+00:00,2023-03-14T19:15:00+00:00,2023,7.084,6.87479707,9.59443515,0.20920293,12.0,-1.010159,-1.010159,0.0,SL,64,5.25,0.564,True,False,29934.45,0.9264,277.31,-280.13,29374.33
S2,DOGEUSDT,-1,2023-03-14T19:00:00+00:00,2023-03-15T15:35:00+00:00,2023,0.07522,0.07705919,0.06970242,0.00183919,3.0,2.98773,2.98773,0.0,TP,248,20.58,3.0829,True,False,29654.46,1.378,408.64,1220.9,30871.26
S2,LINKUSDT,-1,2023-03-14T19:00:00+00:00,2023-03-15T16:40:00+00:00,2023,6.982,7.14729687,6.4861094,0.16529687,3.0,2.987328,2.987328,0.0,TP,261,21.67,3.3939,True,False,29654.46,1.378,408.64,1220.74,32092.0
S2,BTCUSDT,-1,2023-03-14T21:00:00+00:00,2023-03-17T01:25:00+00:00,2023,24570.06,25297.04672753,22389.0998174,726.98672753,3.0,-1.010139,-1.010139,0.0,SL,630,52.42,0.9259,True,False,29374.33,1.378,404.78,-408.88,31683.11
S1,SOLUSDT,1,2023-03-18T01:00:00+00:00,2023-03-18T16:30:00+00:00,2023,22.185,21.28542858,32.97985699,0.89957142,12.0,-1.007399,-1.007399,0.0,SL,187,15.5,0.906,True,False,31683.11,0.9264,293.51,-295.68,31387.43
S2,LINKUSDT,-1,2023-03-20T04:00:00+00:00,2023-03-20T07:40:00+00:00,2023,6.982,7.14054685,6.50635946,0.15854685,3.0,-1.013211,-1.013211,0.0,SL,45,3.67,0.473,True,False,31387.43,1.378,432.52,-438.23,30512.82
S2,SOLUSDT,-1,2023-03-20T04:00:00+00:00,2023-03-20T04:30:00+00:00,2023,21.708,22.43831961,19.51704118,0.73031961,3.0,-1.008917,-1.008917,0.0,SL,7,0.5,0.5121,True,False,31387.43,1.378,432.52,-436.38,30951.05
S2,LINKUSDT,-1,2023-03-20T12:00:00+00:00,2023-03-21T21:35:00+00:00,2023,7.287,7.45805179,6.77384464,0.17105179,3.0,-1.01278,-1.01278,0.0,SL,404,33.58,2.6542,True,False,30512.82,1.378,420.47,-425.84,28957.41
S2,BTCUSDT,-1,2023-03-20T14:00:00+00:00,2023-03-21T16:35:00+00:00,2023,27807.8,28345.15757519,26195.72727444,537.35757519,3.0,-1.015525,-1.015525,0.0,SL,320,26.58,0.9673,True,False,30512.82,1.378,420.47,-426.99,30085.83
S2,DOGEUSDT,-1,2023-03-21T15:00:00+00:00,2023-03-21T17:10:00+00:00,2023,0.0739,0.07557978,0.06886067,0.00167978,3.0,-1.013198,-1.013198,0.0,SL,27,2.17,0.0595,True,False,30512.82,1.378,420.47,-426.02,29659.81
S1,XRPUSDT,1,2023-03-21T21:00:00+00:00,2023-03-21T21:10:00+00:00,2023,0.4895,0.46703413,0.7590905,0.02246587,12.0,-1.006537,-1.006537,0.0,SL,3,0.17,0.0134,True,False,29659.81,0.9264,274.77,-276.56,29383.25
S2,DOGEUSDT,-1,2023-03-22T20:00:00+00:00,2023-03-22T21:30:00+00:00,2023,0.07202,0.07445686,0.06470941,0.00243686,3.0,-1.008866,-1.008866,0.0,SL,19,1.5,0.1354,True,False,28957.41,1.378,399.03,-402.57,28402.18
S2,LINKUSDT,-1,2023-03-22T20:00:00+00:00,2023-03-23T07:50:00+00:00,2023,7.033,7.26963424,6.32309727,0.23663424,3.0,-1.008916,-1.008916,0.0,SL,143,11.83,0.1733,True,False,28957.41,1.378,399.03,-402.59,27451.14
S5,BTCUSDT,-1,2023-03-22T20:00:00+00:00,2023-03-22T21:05:00+00:00,2023,26653.3,27403.32697707,22903.16511467,750.02697707,5.0,-1.010661,-1.010661,0.0,SL,14,1.08,0.0844,True,False,28957.41,0.5216,151.04,-152.65,28804.75
S5,ETHUSDT,-1,2023-03-22T20:00:00+00:00,2023-03-23T14:45:00+00:00,2023,1716.11,1761.53997812,1488.9601094,45.42997812,5.0,-1.011332,-1.011332,0.0,SL,226,18.75,0.1345,True,False,28957.41,0.5216,151.04,-152.75,27298.39
S5,XRPUSDT,-1,2023-03-22T20:00:00+00:00,2023-03-23T07:35:00+00:00,2023,0.4113,0.4361174,0.28721301,0.0248174,5.0,-1.004972,-1.004972,0.0,SL,140,11.58,0.0161,True,False,28957.41,0.5216,151.04,-151.79,27853.73
S2,BTCUSDT,-1,2023-03-22T22:00:00+00:00,2023-03-23T05:50:00+00:00,2023,27065.3,27667.65622114,25258.23133658,602.35622114,3.0,-1.01348,-1.01348,0.0,SL,95,7.83,0.181,True,False,28402.18,1.378,391.38,-396.66,28005.52
S2,BTCUSDT,-1,2023-03-23T19:00:00+00:00,2023-03-23T19:50:00+00:00,2023,27893.2,28422.00219867,26306.79340398,528.80219867,3.0,-1.015824,-1.015824,0.0,SL,11,0.83,0.2574,True,False,27298.39,1.378,376.17,-382.12,26916.26
S1,ETHUSDT,1,2023-03-23T20:00:00+00:00,2023-03-24T11:45:00+00:00,2023,1820.07,1775.49575018,2354.96099787,44.57424982,12.0,-1.01225,-1.01225,0.0,SL,190,15.75,0.02,False,True,,,,,
S2,DOGEUSDT,-1,2023-03-27T15:00:00+00:00,2023-03-29T01:15:00+00:00,2023,0.07294,0.07418937,0.0691919,0.00124937,3.0,-1.017514,-1.017514,0.0,SL,412,34.25,1.4247,True,False,26916.26,1.378,370.91,-377.4,35569.15
S5,BTCUSDT,-1,2023-03-27T15:00:00+00:00,2023-03-28T18:55:00+00:00,2023,26933.0,27363.05095053,24782.74524737,430.05095053,5.0,-1.018788,-1.018788,0.0,SL,336,27.92,1.0534,True,False,26916.26,0.5216,140.4,-143.03,36233.21
S5,ETHUSDT,-1,2023-03-27T15:00:00+00:00,2023-03-28T11:50:00+00:00,2023,1718.35,1746.54655727,1577.36721364,28.19655727,5.0,-1.018283,-1.018283,0.0,SL,251,20.83,1.2182,True,False,26916.26,0.5216,140.4,-142.96,27049.03
S5,LINKUSDT,-1,2023-03-27T15:00:00+00:00,2023-03-28T19:50:00+00:00,2023,6.899,7.03221648,6.23291758,0.13321648,5.0,-1.015536,-1.015536,0.0,SL,347,28.83,1.2611,True,False,26916.26,0.5216,140.4,-142.58,36090.63
S5,SOLUSDT,-1,2023-03-27T15:00:00+00:00,2023-03-28T14:25:00+00:00,2023,19.876,20.31854147,17.66329263,0.44254147,5.0,-1.013474,-1.013474,0.0,SL,282,23.42,1.3084,True,False,26916.26,0.5216,140.4,-142.29,26906.74
S5,BTCUSDT,-1,2023-03-27T18:00:00+00:00,2023-03-28T19:50:00+00:00,2023,26947.2,27458.81175594,24389.14122028,511.61175594,5.0,-1.015801,-1.015801,0.0,SL,311,25.83,0.6591,True,False,27191.99,0.5216,141.83,-144.07,35946.56
S1,ETHUSDT,1,2023-03-28T19:00:00+00:00,2023-04-24T16:55:00+00:00,2023,1776.7,1742.13585194,2191.46977675,34.56414806,12.0,0.984579,-1.015421,2.0,BE,7752,645.92,10.6874,True,False,36233.21,0.9264,335.66,330.49,24267.21
S1,LINKUSDT,1,2023-03-29T09:00:00+00:00,2023-03-30T17:30:00+00:00,2023,7.285,7.13635617,9.06872595,0.14864383,12.0,-1.014703,-1.014703,0.0,SL,391,32.5,1.8232,True,False,35569.15,0.9264,329.51,-334.36,35234.8
S1,LINKUSDT,1,2023-03-31T13:00:00+00:00,2023-04-02T12:35:00+00:00,2023,7.595,7.40667474,9.8549031,0.18832526,12.0,-1.012099,-1.012099,0.0,SL,572,47.58,0.4195,True,False,35234.8,0.9264,326.42,-330.36,34575.09
S1,DOGEUSDT,1,2023-04-01T19:00:00+00:00,2023-04-02T15:00:00+00:00,2023,0.08128,0.07915218,0.1068138,0.00212782,12.0,-1.01146,-1.01146,0.0,SL,241,20.0,2.0256,True,False,35234.8,0.9264,326.42,-330.16,34244.94
S1,DOGEUSDT,1,2023-04-02T02:00:00+00:00,2023-04-02T08:45:00+00:00,2023,0.08516,0.08230835,0.11937985,0.00285165,12.0,-1.008959,-1.008959,0.0,SL,82,6.75,0.1508,True,False,35234.8,0.9264,326.42,-329.34,34905.46
S5,DOGEUSDT,-1,2023-04-02T03:00:00+00:00,2023-04-03T17:40:00+00:00,2023,0.08383,0.08673511,0.06930446,0.00290511,5.0,-1.008657,-1.008657,0.0,SL,465,38.67,2.8605,True,False,35234.8,0.5216,183.78,-185.38,32689.58
S2,DOGEUSDT,-1,2023-04-02T14:00:00+00:00,2023-04-03T17:35:00+00:00,2023,0.07975,0.08177056,0.07368833,0.00202056,3.0,-1.011841,-1.011841,0.0,SL,332,27.58,2.0935,True,False,34575.09,1.378,476.44,-482.09,33762.85
S3,DOGEUSDT,-1,2023-04-02T14:00:00+00:00,2023-04-03T17:35:00+00:00,2023,0.07975,0.08176206,0.06830018,0.00269408,4.25,-0.755725,-0.755725,0.0,SL,332,27.58,1.5701,True,False,34575.09,3.3981,1174.9,-887.9,32874.95
S2,ETHUSDT,-1,2023-04-03T15:00:00+00:00,2023-04-03T18:25:00+00:00,2023,1792.23,1810.60749552,1737.09751344,18.37749552,3.0,-1.029257,-1.029257,0.0,SL,42,3.42,0.2835,True,False,34244.94,1.378,471.9,-485.7,32203.87
S2,LINKUSDT,-1,2023-04-03T15:00:00+00:00,2023-04-03T18:25:00+00:00,2023,7.238,7.34092309,6.92923073,0.10292309,3.0,-1.021097,-1.021097,0.0,SL,42,3.42,0.3498,True,False,34244.94,1.378,471.9,-481.85,31722.02
S2,SOLUSDT,-1,2023-04-03T15:00:00+00:00,2023-04-03T18:30:00+00:00,2023,20.15,20.4488573,19.2534281,0.2988573,3.0,-1.020227,-1.020227,0.0,SL,43,3.5,0.3112,True,False,34244.94,1.378,471.9,-481.44,31240.58
S1,DOGEUSDT,1,2023-04-03T18:00:00+00:00,2023-04-03T20:30:00+00:00,2023,0.09383,0.0893873,0.14714241,0.0044427,12.0,-1.006336,-1.006336,0.0,SL,31,2.5,2.566,True,False,32689.58,0.9264,302.84,-304.76,30935.83
S2,ETHUSDT,-1,2023-04-03T21:00:00+00:00,2023-04-03T22:15:00+00:00,2023,1779.15,1805.18378197,1701.04865409,26.03378197,3.0,-1.020502,-1.020502,0.0,SL,16,1.25,0.459,False,True,,,,,
S2,LINKUSDT,-1,2023-04-03T21:00:00+00:00,2023-04-03T22:30:00+00:00,2023,7.107,7.24964701,6.67905898,0.14264701,3.0,-1.014947,-1.014947,0.0,SL,19,1.5,0.6449,False,True,,,,,
S2,SOLUSDT,-1,2023-04-03T21:00:00+00:00,2023-04-04T10:15:00+00:00,2023,20.338,20.75426901,19.08919297,0.41626901,3.0,-1.014657,-1.014657,0.0,SL,160,13.25,0.7159,False,True,,,,,
S2,SOLUSDT,-1,2023-04-04T14:00:00+00:00,2023-04-05T00:30:00+00:00,2023,20.834,21.1934573,19.75562809,0.3594573,3.0,-1.017388,-1.017388,0.0,SL,127,10.5,0.4729,True,False,30935.83,1.378,426.3,-433.71,30502.12
S1,ETHUSDT,1,2023-04-05T01:00:00+00:00,2023-04-06T05:40:00+00:00,2023,1912.97,1875.59742437,2361.44090756,37.37257563,12.0,-1.015356,-1.015356,0.0,SL,345,28.67,0.857,True,False,30502.12,0.9264,282.57,-286.91,30215.21
S2,XRPUSDT,-1,2023-04-07T11:00:00+00:00,2023-04-10T22:00:00+00:00,2023,0.5072,0.51533702,0.48278894,0.00813702,3.0,-1.0187,-1.0187,0.0,SL,997,83.0,1.1921,True,False,30215.21,1.378,416.37,-424.15,29791.06
S1,BTCUSDT,1,2023-04-10T17:00:00+00:00,2023-04-17T11:30:00+00:00,2023,29036.85,28699.46272757,33085.49726912,337.38727243,12.0,0.974181,-1.025819,2.0,BE,1951,162.5,5.9936,True,False,30215.21,0.9264,279.91,272.69,24043.96
S1,SOLUSDT,1,2023-04-11T05:00:00+00:00,2023-04-11T05:50:00+00:00,2023,22.405,21.90022076,28.4623509,0.50477924,12.0,-1.013316,-1.013316,0.0,SL,11,0.83,0.3487,True,False,29791.06,0.9264,275.98,-279.66,29511.4
S5,SOLUSDT,-1,2023-04-11T06:00:00+00:00,2023-04-11T07:15:00+00:00,2023,21.973,22.5390093,19.14295352,0.5660093,5.0,-1.011646,-1.011646,0.0,SL,16,1.25,0.0071,True,False,29511.4,0.5216,153.93,-155.72,29355.67
S1,SOLUSDT,1,2023-04-11T15:00:00+00:00,2023-04-12T02:15:00+00:00,2023,23.168,22.532881,30.78942803,0.635119,12.0,-1.010943,-1.010943,0.0,SL,136,11.25,0.8376,True,False,29355.67,0.9264,271.95,-274.93,29080.75
S2,SOLUSDT,-1,2023-04-12T03:00:00+00:00,2023-04-12T07:10:00+00:00,2023,22.456,23.07274033,20.60577901,0.61674033,3.0,-1.010923,-1.010923,0.0,SL,51,4.17,0.1411,True,False,29080.75,1.378,400.73,-405.11,28675.64
S2,SOLUSDT,-1,2023-04-12T15:00:00+00:00,2023-04-12T17:40:00+00:00,2023,23.636,24.35751345,21.47145964,0.72151345,3.0,-1.009828,-1.009828,0.0,SL,33,2.67,0.5502,True,False,28675.64,1.378,395.15,-399.03,28276.6
S2,LINKUSDT,-1,2023-04-13T14:00:00+00:00,2023-04-13T15:05:00+00:00,2023,7.386,7.47293375,7.12519874,0.08693375,3.0,-1.025488,-1.025488,0.0,SL,14,1.08,0.0,True,False,28276.6,1.378,389.65,-399.58,27877.02
S2,SOLUSDT,-1,2023-04-13T14:00:00+00:00,2023-04-14T01:45:00+00:00,2023,24.626,25.27347155,22.68358535,0.64747155,3.0,-1.01141,-1.01141,0.0,SL,142,11.75,0.6579,True,False,28276.6,1.378,389.65,-394.1,27333.12
S5,ETHUSDT,-1,2023-04-13T14:00:00+00:00,2023-04-14T00:30:00+00:00,2023,1992.0,2030.03868345,1801.80658275,38.03868345,5.0,-1.01571,-1.01571,0.0,SL,127,10.5,0.0657,True,False,28276.6,0.5216,147.49,-149.81,27727.21
S5,XRPUSDT,-1,2023-04-14T08:00:00+00:00,2023-04-18T23:05:00+00:00,2023,0.5283,0.53864189,0.47659053,0.01034189,5.0,-1.015325,-1.015325,0.0,SL,1334,111.08,2.1273,True,False,27333.12,0.5216,142.57,-144.75,22992.85
S2,DOGEUSDT,-1,2023-04-14T13:00:00+00:00,2023-04-15T11:10:00+00:00,2023,0.08876,0.09044909,0.08369272,0.00168909,3.0,-1.015765,-1.015765,0.0,SL,267,22.17,2.1846,True,False,27333.12,1.378,376.65,-382.59,25057.22
S2,LINKUSDT,-1,2023-04-14T13:00:00+00:00,2023-04-14T15:00:00+00:00,2023,7.691,7.80952393,7.33542822,0.11852393,3.0,-1.019467,-1.019467,0.0,SL,25,2.0,0.0084,True,False,27333.12,1.378,376.65,-383.98,26949.13
S2,DOGEUSDT,-1,2023-04-14T16:00:00+00:00,2023-04-14T17:15:00+00:00,2023,0.08573,0.08776049,0.07963852,0.00203049,3.0,-1.012666,-1.012666,0.0,SL,16,1.25,0.0739,True,False,26949.13,1.378,371.36,-376.06,26573.07
S2,ETHUSDT,-1,2023-04-14T16:00:00+00:00,2023-04-14T18:10:00+00:00,2023,2060.0,2093.46024402,1959.61926795,33.46024402,3.0,-1.01847,-1.01847,0.0,SL,27,2.17,0.5678,True,False,26949.13,1.378,371.36,-378.22,25817.57
S2,LINKUSDT,-1,2023-04-14T16:00:00+00:00,2023-04-14T18:05:00+00:00,2023,7.549,7.69099164,7.12302507,0.14199164,3.0,-1.01595,-1.01595,0.0,SL,26,2.08,0.1338,True,False,26949.13,1.378,371.36,-377.28,26195.79
S2,XRPUSDT,-1,2023-04-14T16:00:00+00:00,2023-04-14T20:30:00+00:00,2023,0.5149,0.52385515,0.48803456,0.00895515,3.0,-1.017249,-1.017249,0.0,SL,55,4.5,0.3573,True,False,26949.13,1.378,371.36,-377.76,25439.81
S1,SOLUSDT,1,2023-04-16T21:00:00+00:00,2023-04-17T01:00:00+00:00,2023,25.399,24.81573554,32.39817356,0.58326446,12.0,-1.013064,-1.013064,0.0,SL,49,4.0,0.2795,True,False,25057.22,0.9264,232.13,-235.16,24822.05
S2,BTCUSDT,-1,2023-04-17T01:00:00+00:00,2023-04-17T02:40:00+00:00,2023,29842.86,30056.02110266,29203.37669202,213.16110266,3.0,-1.042,-1.042,0.0,SL,21,1.67,0.4795,True,False,24822.05,1.378,342.05,-356.41,24118.43
S2,DOGEUSDT,-1,2023-04-17T01:00:00+00:00,2023-04-17T07:10:00+00:00,2023,0.08852,0.09029691,0.08318927,0.00177691,3.0,-1.014945,-1.014945,0.0,SL,75,6.17,0.2758,True,False,24822.05,1.378,342.05,-347.16,23771.27
S2,ETHUSDT,-1,2023-04-17T01:00:00+00:00,2023-04-18T07:00:00+00:00,2023,2081.21,2109.40734049,1996.61797853,28.19734049,3.0,-1.022143,-1.022143,0.0,SL,361,30.0,1.1905,True,False,24822.05,1.378,342.05,-349.62,23359.62
S2,SOLUSDT,-1,2023-04-17T01:00:00+00:00,2023-04-17T01:10:00+00:00,2023,24.863,25.35723388,23.38029836,0.49423388,3.0,-1.015092,-1.015092,0.0,SL,3,0.17,0.1275,True,False,24822.05,1.378,342.05,-347.21,24474.84
S2,DOGEUSDT,-1,2023-04-17T16:00:00+00:00,2023-04-18T05:00:00+00:00,2023,0.08996,0.0925986,0.08204419,0.0026386,3.0,-1.010228,-1.010228,0.0,SL,157,13.0,0.1326,True,False,24043.96,1.378,331.33,-334.71,23709.24
S1,BTCUSDT,1,2023-04-18T12:00:00+00:00,2023-04-18T17:55:00+00:00,2023,30380.59,30029.31411165,34595.9006602,351.27588835,12.0,-1.025946,-1.025946,0.0,SL,72,5.92,0.2972,True,False,23359.62,0.9264,216.4,-222.02,23137.6
S2,XRPUSDT,-1,2023-04-19T07:00:00+00:00,2023-04-19T08:20:00+00:00,2023,0.5232,0.53067272,0.50078183,0.00747272,3.0,2.978996,2.978996,0.0,TP,17,1.33,8.5243,True,False,22992.85,1.378,316.84,943.87,23936.72
S2,SOLUSDT,-1,2023-04-20T16:00:00+00:00,2023-04-26T12:20:00+00:00,2023,22.116,22.72694184,20.28317447,0.61094184,3.0,-1.01086,-1.01086,0.0,SL,1685,140.33,2.2948,True,False,23936.72,1.378,329.85,-333.43,23203.76
S3,SOLUSDT,-1,2023-04-20T16:00:00+00:00,2023-04-26T12:20:00+00:00,2023,22.116,22.74609418,18.65399622,0.81458912,4.25,-0.781657,-0.781657,0.0,SL,1685,140.33,1.7211,True,False,23936.72,3.3981,813.39,-635.79,22567.97
S2,DOGEUSDT,-1,2023-04-20T17:00:00+00:00,2023-05-08T01:45:00+00:00,2023,0.08371,0.08716769,0.07333692,0.00345769,3.0,2.992737,2.992737,0.0,TP,5002,416.75,3.1987,True,False,23936.72,1.378,329.85,987.15,21471.27
S3,DOGEUSDT,-1,2023-04-20T17:00:00+00:00,2023-06-05T16:00:00+00:00,2023,0.08371,0.08689577,0.06411641,0.00461026,4.25,4.244553,4.244553,0.0,TP,13237,1103.0,4.5529,True,False,23936.72,3.3981,813.39,3452.49,26635.46
S2,XRPUSDT,-1,2023-04-24T02:00:00+00:00,2023-04-24T16:55:00+00:00,2023,0.4748,0.48436598,0.44610206,0.00956598,3.0,2.98511,2.98511,0.0,TP,180,14.92,3.042,True,False,23936.72,1.378,329.85,984.63,25251.84
S2,XRPUSDT,-1,2023-04-24T03:00:00+00:00,2023-04-26T12:20:00+00:00,2023,0.4674,0.4771827,0.43805191,0.0097827,3.0,-1.014333,-1.014333,0.0,SL,689,57.33,2.2182,True,False,23936.72,1.378,329.85,-334.58,22233.39
S2,XRPUSDT,-1,2023-04-24T08:00:00+00:00,2023-04-25T21:00:00+00:00,2023,0.4606,0.47021346,0.43175962,0.00961346,3.0,-1.014374,-1.014374,0.0,SL,445,37.0,1.5499,True,False,23936.72,1.378,329.85,-334.59,24225.1
S2,ETHUSDT,-1,2023-04-24T16:00:00+00:00,2023-04-25T20:05:00+00:00,2023,1833.73,1858.78164128,1758.57507616,25.05164128,3.0,-1.021959,-1.021959,0.0,SL,338,28.08,1.4271,True,False,23936.72,1.378,329.85,-337.09,24559.69
S2,SOLUSDT,-1,2023-04-24T16:00:00+00:00,2023-04-25T21:25:00+00:00,2023,21.344,21.76604362,20.07786914,0.42204362,3.0,-1.015172,-1.015172,0.0,SL,354,29.42,1.4927,True,False,23936.72,1.378,329.85,-334.85,23537.19
S2,ETHUSDT,-1,2023-04-24T17:00:00+00:00,2023-04-24T18:15:00+00:00,2023,1813.32,1840.03545262,1733.17364215,26.71545262,3.0,-1.020363,-1.020363,0.0,SL,16,1.25,0.274,True,False,25251.84,1.378,347.97,-355.06,24896.78
S2,SOLUSDT,-1,2023-04-24T17:00:00+00:00,2023-04-25T21:00:00+00:00,2023,21.126,21.55957622,19.82527135,0.43357622,3.0,-1.014617,-1.014617,0.0,SL,337,28.0,0.9502,True,False,25251.84,1.378,347.97,-353.06,23872.05
S4,BTCUSDT,1,2023-04-24T18:00:00+00:00,2023-04-26T19:45:00+00:00,2023,27381.48,26895.14540398,36865.00462246,486.33459602,19.5,0.983109,-1.016891,2.0,BE,598,49.75,5.4582,True,False,25251.84,1.6151,407.84,400.95,22634.35
S1,ETHUSDT,1,2023-04-26T13:00:00+00:00,2023-04-26T19:15:00+00:00,2023,1959.98,1924.85047058,2381.53435306,35.12952942,12.0,-1.016738,-1.016738,0.0,SL,76,6.25,0.0902,False,True,,,,,
S1,SOLUSDT,1,2023-04-26T13:00:00+00:00,2023-04-26T19:15:00+00:00,2023,22.883,22.35470073,29.22259119,0.52829927,12.0,-1.012994,-1.012994,0.0,SL,76,6.25,0.1779,False,True,,,,,
S2,BTCUSDT,-1,2023-04-26T20:00:00+00:00,2023-04-26T21:55:00+00:00,2023,27884.25,28463.35752691,26146.92741927,579.10752691,3.0,-1.014445,-1.014445,0.0,SL,24,1.92,1.1211,True,False,22634.35,1.378,311.9,-316.41,22001.36
S2,ETHUSDT,-1,2023-04-26T20:00:00+00:00,2023-04-26T20:55:00+00:00,2023,1827.39,1863.9628945,1717.67131651,36.5728945,3.0,-1.01499,-1.01499,0.0,SL,12,0.92,1.2403,True,False,22634.35,1.378,311.9,-316.58,22317.77
S2,SOLUSDT,-1,2023-04-26T20:00:00+00:00,2023-04-27T00:15:00+00:00,2023,21.069,21.62958975,19.38723074,0.56058975,3.0,-1.011275,-1.011275,0.0,SL,52,4.25,1.3878,True,False,22634.35,1.378,311.9,-315.42,21685.94
S5,LINKUSDT,-1,2023-04-26T20:00:00+00:00,2023-04-27T00:15:00+00:00,2023,6.881,7.08795714,5.84621431,0.20695714,5.0,-1.009975,-1.009975,0.0,SL,52,4.25,0.9181,True,False,22634.35,0.5216,118.06,-119.24,21566.71
S4,ETHUSDT,1,2023-04-26T21:00:00+00:00,2023-05-01T19:15:00+00:00,2023,1865.16,1807.74927348,2984.66916711,57.41072652,19.5,-1.009746,-1.009746,0.0,SL,1420,118.25,1.3036,False,True,,,,,
S4,SOLUSDT,1,2023-04-26T21:00:00+00:00,2023-05-08T17:55:00+00:00,2023,21.446,20.58665078,38.20330974,0.85934922,19.5,-1.007487,-1.007487,0.0,SL,3420,284.92,2.972,False,True,,,,,
S4,XRPUSDT,1,2023-04-26T21:00:00+00:00,2023-05-08T01:40:00+00:00,2023,0.4545,0.43888248,0.7590417,0.01561752,19.5,-1.008731,-1.008731,0.0,SL,3225,268.67,2.0682,False,True,,,,,
S4,XRPUSDT,1,2023-04-26T22:00:00+00:00,2023-05-08T01:40:00+00:00,2023,0.4591,0.44328373,0.7675173,0.01581627,19.5,-1.008708,-1.008708,0.0,SL,3213,267.67,1.7514,False,True,,,,,
S2,ETHUSDT,-1,2023-04-27T02:00:00+00:00,2023-04-30T15:40:00+00:00,2023,1890.74,1939.33492399,1744.95522802,48.59492399,3.0,-1.011672,-1.011672,0.0,SL,1029,85.67,0.6624,True,False,21566.71,1.378,297.19,-300.66,20965.46
S2,LINKUSDT,-1,2023-04-27T02:00:00+00:00,2023-04-30T10:05:00+00:00,2023,7.06,7.24502382,6.50492855,0.18502382,3.0,-1.011447,-1.011447,0.0,SL,962,80.08,0.7188,True,False,21566.71,1.378,297.19,-300.59,21266.11
S2,ETHUSDT,-1,2023-05-01T00:00:00+00:00,2023-05-01T19:15:00+00:00,2023,1868.41,1887.74233447,1810.4129966,19.33233447,3.0,2.971006,2.971006,0.0,TP,232,19.25,3.19,True,False,20965.46,1.378,288.9,858.34,21823.79
S5,XRPUSDT,-1,2023-05-01T03:00:00+00:00,2023-05-05T18:10:00+00:00,2023,0.4604,0.46803501,0.42222496,0.00763501,5.0,-1.01809,-1.01809,0.0,SL,1335,111.17,1.4407,True,False,20965.46,0.5216,109.36,-111.33,19938.99
S5,BTCUSDT,-1,2023-05-01T20:00:00+00:00,2023-05-02T14:25:00+00:00,2023,27833.9,28310.03568658,25453.22156709,476.13568658,5.0,-1.017537,-1.017537,0.0,SL,222,18.42,0.3862,True,False,21823.79,0.5216,113.83,-115.83,21592.18
S5,BTCUSDT,-1,2023-05-01T21:00:00+00:00,2023-05-02T07:15:00+00:00,2023,27663.7,28148.68313754,25238.7843123,484.98313754,5.0,-1.017112,-1.017112,0.0,SL,124,10.25,0.0122,True,False,21823.79,0.5216,113.83,-115.78,21708.01
S4,XRPUSDT,1,2023-05-02T18:00:00+00:00,2023-05-03T12:00:00+00:00,2023,0.4608,0.45416876,0.59010912,0.00663124,19.5,-1.020847,-1.020847,0.0,SL,217,18.0,0.7992,True,False,21592.18,1.6151,348.74,-356.01,21236.18
S2,DOGEUSDT,-1,2023-05-03T20:00:00+00:00,2023-05-03T21:15:00+00:00,2023,0.0777,0.07852741,0.07521776,0.00082741,3.0,-1.028172,-1.028172,0.0,SL,16,1.25,0.0846,True,False,21236.18,1.378,292.63,-300.88,20935.3
S2,ETHUSDT,-1,2023-05-03T20:00:00+00:00,2023-05-03T21:20:00+00:00,2023,1867.19,1889.29856958,1800.86429127,22.10856958,3.0,-1.025337,-1.025337,0.0,SL,17,1.33,0.4912,True,False,21236.18,1.378,292.63,-300.05,20635.25
S2,LINKUSDT,-1,2023-05-03T20:00:00+00:00,2023-05-03T21:20:00+00:00,2023,6.992,7.08977212,6.69868365,0.09777212,3.0,-1.021454,-1.021454,0.0,SL,17,1.33,0.1636,True,False,21236.18,1.378,292.63,-298.91,20336.34
S2,DOGEUSDT,-1,2023-05-04T00:00:00+00:00,2023-05-05T22:10:00+00:00,2023,0.07959,0.08062747,0.07647758,0.00103747,3.0,-1.023015,-1.023015,0.0,SL,555,46.17,2.7953,True,False,20336.34,1.378,280.23,-286.68,19652.31
S2,SOLUSDT,-1,2023-05-04T14:00:00+00:00,2023-05-05T13:50:00+00:00,2023,21.854,22.17196997,20.90009009,0.31796997,3.0,-1.020619,-1.020619,0.0,SL,287,23.83,1.1133,True,False,20336.34,1.378,280.23,-286.01,20050.32
S1,ETHUSDT,1,2023-05-05T14:00:00+00:00,2023-05-06T13:05:00+00:00,2023,1931.78,1902.23864365,2286.27627615,29.54135635,12.0,-1.019618,-1.019618,0.0,SL,278,23.08,3.1102,True,False,20050.32,0.9264,185.75,-189.39,19462.92
S2,DOGEUSDT,-1,2023-05-06T03:00:00+00:00,2023-05-06T14:05:00+00:00,2023,0.07886,0.07985055,0.07588835,0.00099055,3.0,2.976116,2.976116,0.0,TP,134,11.08,3.4425,True,False,19652.31,1.378,270.81,805.96,20268.87
S2,SOLUSDT,-1,2023-05-06T13:00:00+00:00,2023-05-07T15:05:00+00:00,2023,22.159,22.49692522,21.14522434,0.33792522,3.0,-1.019672,-1.019672,0.0,SL,314,26.08,1.9205,True,False,19652.31,1.378,270.81,-276.14,19992.74
S2,SOLUSDT,-1,2023-05-08T00:00:00+00:00,2023-05-08T01:40:00+00:00,2023,21.659,21.99773645,20.64279064,0.33873645,3.0,2.980818,2.980818,0.0,TP,21,1.67,3.0673,True,False,19992.74,1.378,275.5,821.22,20813.95
S3,SOLUSDT,-1,2023-05-08T00:00:00+00:00,2023-05-10T17:20:00+00:00,2023,21.659,22.26887365,19.73949343,0.4516486,4.25,4.235613,4.235613,0.0,TP,785,65.33,4.5013,True,False,19992.74,3.3981,679.37,2877.56,24008.29
S4,LINKUSDT,1,2023-05-08T01:00:00+00:00,2023-05-08T01:40:00+00:00,2023,6.906,6.80942502,8.78921221,0.09657498,19.5,-1.021453,-1.021453,0.0,SL,9,0.67,0.0414,True,False,19992.74,1.6151,322.9,-329.83,20484.12
S5,XRPUSDT,-1,2023-05-08T09:00:00+00:00,2023-05-12T05:00:00+00:00,2023,0.4318,0.44098451,0.38587745,0.00918451,5.0,-1.014104,-1.014104,0.0,SL,1105,92.0,2.7329,True,False,21471.27,0.5216,111.99,-113.57,23501.49
S5,DOGEUSDT,-1,2023-05-08T18:00:00+00:00,2023-05-09T01:05:00+00:00,2023,0.07117,0.07281307,0.06295463,0.00164307,5.0,-1.012995,-1.012995,0.0,SL,86,7.08,1.1503,True,False,21471.27,0.5216,111.99,-113.45,21244.33
S5,LINKUSDT,-1,2023-05-08T18:00:00+00:00,2023-05-10T12:45:00+00:00,2023,6.516,6.65178806,5.8370597,0.13578806,5.0,-1.014396,-1.014396,0.0,SL,514,42.75,1.2225,True,False,21471.27,0.5216,111.99,-113.61,21130.73
S5,XRPUSDT,-1,2023-05-08T18:00:00+00:00,2023-05-08T23:20:00+00:00,2023,0.4188,0.4282117,0.3717415,0.0094117,5.0,-1.013349,-1.013349,0.0,SL,65,5.33,1.2856,True,False,21471.27,0.5216,111.99,-113.49,21357.78
S4,DOGEUSDT,1,2023-05-10T19:00:00+00:00,2023-05-11T14:00:00+00:00,2023,0.0725,0.07095824,0.10256438,0.00154176,19.5,-1.014107,-1.014107,0.0,SL,229,19.0,0.8821,True,False,24008.29,1.6151,387.76,-393.23,23615.06
S2,LINKUSDT,-1,2023-05-15T03:00:00+00:00,2023-05-15T05:25:00+00:00,2023,6.605,6.67866754,6.38399737,0.07366754,3.0,-1.026898,-1.026898,0.0,SL,30,2.42,0.0136,True,False,23501.49,1.378,323.85,-332.56,23168.92
S4,XRPUSDT,1,2023-05-16T03:00:00+00:00,2023-05-16T12:30:00+00:00,2023,0.4238,0.4180779,0.53538102,0.0057221,19.5,-1.022219,-1.022219,0.0,SL,115,9.5,0.4194,True,False,23168.92,1.6151,374.2,-382.52,22786.41
S2,XRPUSDT,-1,2023-05-16T09:00:00+00:00,2023-05-16T21:30:00+00:00,2023,0.4216,0.4257699,0.40909031,0.0041699,3.0,-1.030332,-1.030332,0.0,SL,151,12.5,1.1511,True,False,23168.92,1.378,319.27,-328.95,22457.46
S4,SOLUSDT,1,2023-05-16T22:00:00+00:00,2023-05-18T17:40:00+00:00,2023,20.705,20.36944921,27.24824031,0.33555079,19.5,-1.018511,-1.018511,0.0,SL,525,43.67,1.4752,True,False,22457.46,1.6151,362.71,-369.42,20932.85
S1,XRPUSDT,1,2023-05-17T00:00:00+00:00,2023-05-18T17:55:00+00:00,2023,0.4424,0.43412409,0.54171087,0.00827591,12.0,0.983963,11.983963,-11.0,BE,504,41.92,3.6854,True,False,22457.46,0.9264,208.05,204.71,21137.56
S1,XRPUSDT,1,2023-05-17T04:00:00+00:00,2023-05-17T06:50:00+00:00,2023,0.4589,0.44803895,0.58923256,0.01086105,12.0,-1.012676,-1.012676,0.0,SL,35,2.83,0.1197,True,False,22457.46,0.9264,208.05,-210.68,22246.77
S5,XRPUSDT,-1,2023-05-17T07:00:00+00:00,2023-05-18T10:10:00+00:00,2023,0.4465,0.45737614,0.39211932,0.01087614,5.0,-1.012316,-1.012316,0.0,SL,327,27.17,0.8459,True,False,22246.77,0.5216,116.04,-117.47,21504.1
S2,XRPUSDT,-1,2023-05-17T09:00:00+00:00,2023-05-18T10:05:00+00:00,2023,0.4434,0.45161735,0.41874795,0.00821735,3.0,-1.016188,-1.016188,0.0,SL,302,25.08,0.7423,True,False,22246.77,1.378,306.56,-311.52,21621.57
S2,DOGEUSDT,-1,2023-05-17T12:00:00+00:00,2023-05-17T14:40:00+00:00,2023,0.07261,0.07354804,0.06979588,0.00093804,3.0,-1.023222,-1.023222,0.0,SL,33,2.67,0.1066,True,False,22246.77,1.378,306.56,-313.68,21933.09
S2,LINKUSDT,-1,2023-05-17T21:00:00+00:00,2023-05-18T18:30:00+00:00,2023,6.723,6.80868806,6.46593583,0.08568806,3.0,2.976462,2.976462,0.0,TP,259,21.5,3.0226,True,False,21933.09,1.378,302.24,899.6,22916.38
S1,XRPUSDT,1,2023-05-18T11:00:00+00:00,2023-05-18T17:35:00+00:00,2023,0.4686,0.4578828,0.59720634,0.0107172,12.0,-1.013117,-1.013117,0.0,SL,80,6.58,0.4012,True,False,21504.1,0.9264,199.21,-201.83,21302.28
S2,BTCUSDT,-1,2023-05-18T16:00:00+00:00,2023-05-18T17:55:00+00:00,2023,27075.2,27321.68756096,26335.73731711,246.48756096,3.0,2.967047,2.967047,0.0,TP,24,1.92,3.0018,True,False,21504.1,1.378,296.33,879.21,22016.78
S5,SOLUSDT,-1,2023-05-21T21:00:00+00:00,2023-05-22T13:40:00+00:00,2023,19.735,19.99157854,18.45210732,0.25657854,5.0,-1.023075,-1.023075,0.0,SL,201,16.67,1.8279,True,False,22916.38,0.5216,119.53,-122.29,22461.68
S2,DOGEUSDT,-1,2023-05-22T13:00:00+00:00,2023-05-23T03:20:00+00:00,2023,0.07296,0.07370739,0.07071783,0.00074739,3.0,-1.029286,-1.029286,0.0,SL,173,14.33,0.7225,True,False,22916.38,1.378,315.79,-325.04,22136.65
S2,ETHUSDT,-1,2023-05-22T13:00:00+00:00,2023-05-22T13:30:00+00:00,2023,1809.49,1819.80717811,1778.53846568,10.31717811,3.0,-1.052616,-1.052616,0.0,SL,7,0.5,0.1338,True,False,22916.38,1.378,315.79,-332.4,22583.97
S1,LINKUSDT,1,2023-05-23T04:00:00+00:00,2023-05-23T07:30:00+00:00,2023,6.623,6.5394879,7.62514516,0.0835121,12.0,-1.023792,-1.023792,0.0,SL,43,3.5,0.1078,True,False,22136.65,0.9264,205.07,-209.95,21926.69
S2,SOLUSDT,-1,2023-05-23T05:00:00+00:00,2023-05-24T13:50:00+00:00,2023,19.906,20.17016971,19.11349086,0.26416971,3.0,2.977394,2.977394,0.0,TP,395,32.83,5.2088,True,False,22136.65,1.378,305.04,908.23,23738.33
S2,BTCUSDT,-1,2023-05-23T07:00:00+00:00,2023-05-24T03:35:00+00:00,2023,27292.5,27505.5540894,26653.33773179,213.0540894,3.0,2.96157,2.96157,0.0,TP,248,20.58,3.0429,True,False,22136.65,1.378,305.04,903.41,22830.1
S1,DOGEUSDT,1,2023-05-27T23:00:00+00:00,2023-05-28T08:20:00+00:00,2023,0.07305,0.07226713,0.08244445,0.00078287,12.0,-1.027993,-1.027993,0.0,SL,113,9.33,0.5109,True,False,23738.33,0.9264,219.91,-226.07,23174.07
S2,DOGEUSDT,-1,2023-05-28T00:00:00+00:00,2023-05-28T00:40:00+00:00,2023,0.07254,0.07318271,0.07061186,0.00064271,3.0,-1.03386,-1.03386,0.0,SL,9,0.67,0.2801,True,False,23738.33,1.378,327.11,-338.19,23400.14
S1,DOGEUSDT,1,2023-05-28T01:00:00+00:00,2023-05-28T08:20:00+00:00,2023,0.07313,0.07221426,0.08411889,0.00091574,12.0,-1.023958,-1.023958,0.0,SL,89,7.33,0.2184,True,False,23400.14,0.9264,216.78,-221.97,22952.1
S2,DOGEUSDT,-1,2023-05-28T02:00:00+00:00,2023-05-28T22:00:00+00:00,2023,0.07282,0.07351561,0.07073318,0.00069561,3.0,-1.031406,-1.031406,0.0,SL,241,20.0,1.4807,True,False,23400.14,1.378,322.45,-332.58,22495.43
S5,SOLUSDT,-1,2023-05-28T03:00:00+00:00,2023-05-28T18:10:00+00:00,2023,20.405,20.7717066,18.57146701,0.3667066,5.0,-1.016693,-1.016693,0.0,SL,183,15.17,0.1091,True,False,23400.14,0.5216,122.06,-124.09,22828.01
S2,SOLUSDT,-1,2023-05-29T00:00:00+00:00,2023-05-30T03:05:00+00:00,2023,20.798,21.05767876,20.01896372,0.25967876,3.0,-1.024027,-1.024027,0.0,SL,326,27.08,2.0525,True,False,22495.43,1.378,309.99,-317.44,22177.99
S2,BTCUSDT,-1,2023-05-29T16:00:00+00:00,2023-05-30T03:15:00+00:00,2023,27622.0,27864.44051682,26894.67844953,242.44051682,3.0,-1.03418,-1.03418,0.0,SL,136,11.25,0.4475,True,False,22495.43,1.378,309.99,-320.58,21857.41
S3,BTCUSDT,-1,2023-05-29T16:00:00+00:00,2023-05-30T03:15:00+00:00,2023,27622.0,27863.04405168,26248.17040467,323.25402243,4.25,-0.771315,-0.771315,0.0,SL,136,11.25,0.3356,True,False,22495.43,3.3981,764.42,-589.61,21267.8
S1,XRPUSDT,1,2023-05-30T05:00:00+00:00,2023-06-05T15:25:00+00:00,2023,0.5032,0.4932244,0.62290719,0.0099756,12.0,0.984867,-1.015133,2.0,BE,1854,154.42,4.3707,False,True,,,,,
S2,DOGEUSDT,-1,2023-05-30T15:00:00+00:00,2023-06-02T19:15:00+00:00,2023,0.07215,0.07280069,0.07019793,0.00065069,3.0,-1.033265,-1.033265,0.0,SL,916,76.25,2.6895,False,True,,,,,
S2,LINKUSDT,-1,2023-05-30T15:00:00+00:00,2023-05-30T18:55:00+00:00,2023,6.537,6.6021848,6.3414456,0.0651848,3.0,-1.030085,-1.030085,0.0,SL,48,3.92,0.0767,False,True,,,,,
S3,DOGEUSDT,-1,2023-05-30T15:00:00+00:00,2023-06-02T19:15:00+00:00,2023,0.07215,0.07281507,0.06846276,0.00086759,4.25,-0.791522,-0.791522,0.0,SL,916,76.25,2.0171,False,True,,,,,
S1,XRPUSDT,1,2023-05-30T18:00:00+00:00,2023-05-30T21:25:00+00:00,2023,0.524,0.51048376,0.68619493,0.01351624,12.0,-1.01163,-1.01163,0.0,SL,42,3.42,0.3847,False,True,,,,,
S2,DOGEUSDT,-1,2023-05-31T05:00:00+00:00,2023-06-01T16:55:00+00:00,2023,0.07136,0.07207372,0.06921883,0.00071372,3.0,-1.029995,-1.029995,0.0,SL,432,35.92,1.3451,True,False,21267.8,1.378,293.07,-301.86,20664.14
S2,LINKUSDT,-1,2023-05-31T05:00:00+00:00,2023-06-05T15:15:00+00:00,2023,6.476,6.54659503,6.26421492,0.07059503,3.0,2.97248,2.97248,0.0,TP,1564,130.25,3.1305,True,False,21267.8,1.378,293.07,871.15,21555.77
S2,SOLUSDT,-1,2023-05-31T05:00:00+00:00,2023-06-02T05:15:00+00:00,2023,20.737,21.0617897,19.76263091,0.3247897,3.0,-1.019154,-1.019154,0.0,SL,580,48.25,1.3794,True,False,21267.8,1.378,293.07,-298.68,20365.45
S2,XRPUSDT,-1,2023-05-31T05:00:00+00:00,2023-06-03T07:00:00+00:00,2023,0.5181,0.52923751,0.48468748,0.01113751,3.0,-1.013956,-1.013956,0.0,SL,889,74.0,1.5802,True,False,21267.8,1.378,293.07,-297.16,20068.29
S2,BTCUSDT,-1,2023-06-01T03:00:00+00:00,2023-06-01T14:05:00+00:00,2023,26705.0,26973.72593185,25898.82220446,268.72593185,3.0,-1.029813,-1.029813,0.0,SL,134,11.08,0.3907,True,False,21267.8,1.378,293.07,-301.81,20966.0
S1,ETHUSDT,1,2023-06-02T19:00:00+00:00,2023-06-03T17:35:00+00:00,2023,1908.84,1887.21588702,2168.3293558,21.62411298,12.0,-1.026482,-1.026482,0.0,SL,272,22.58,0.0532,True,False,20365.45,0.9264,188.67,-193.66,19874.63
S2,LINKUSDT,-1,2023-06-05T00:00:00+00:00,2023-06-05T15:00:00+00:00,2023,6.446,6.4915541,6.30933769,0.0455541,3.0,2.957549,2.957549,0.0,TP,181,15.0,3.6221,True,False,19874.63,1.378,273.87,809.99,20684.62
S2,SOLUSDT,-1,2023-06-05T00:00:00+00:00,2023-06-05T15:15:00+00:00,2023,21.814,22.09242271,20.97873187,0.27842271,3.0,2.976495,2.976495,0.0,TP,184,15.25,3.1032,True,False,19874.63,1.378,273.87,815.18,22370.95
S2,LINKUSDT,-1,2023-06-05T03:00:00+00:00,2023-06-05T15:50:00+00:00,2023,6.384,6.43865082,6.22004753,0.05465082,3.0,2.964956,2.964956,0.0,TP,155,12.83,4.1902,True,False,19874.63,1.378,273.87,812.02,23182.97
S5,BTCUSDT,-1,2023-06-05T16:00:00+00:00,2023-06-06T16:55:00+00:00,2023,26007.53,26322.65599463,24431.90002683,315.12599463,5.0,-1.024759,-1.024759,0.0,SL,300,24.92,2.0833,True,False,26635.46,0.5216,138.93,-142.37,25929.29
S5,DOGEUSDT,-1,2023-06-05T16:00:00+00:00,2023-06-06T17:50:00+00:00,2023,0.06815,0.06925181,0.06264093,0.00110181,5.0,-1.018556,-1.018556,0.0,SL,311,25.83,4.9282,True,False,26635.46,0.5216,138.93,-141.51,25787.78
S5,ETHUSDT,-1,2023-06-05T16:00:00+00:00,2023-06-06T15:05:00+00:00,2023,1819.0,1841.27200615,1707.63996925,22.27200615,5.0,-1.024502,-1.024502,0.0,SL,278,23.08,1.9756,True,False,26635.46,0.5216,138.93,-142.33,26071.66
S5,LINKUSDT,-1,2023-06-05T16:00:00+00:00,2023-06-06T14:15:00+00:00,2023,6.082,6.1917681,5.53315948,0.1097681,5.0,-1.016622,-1.016622,0.0,SL,268,22.25,1.4394,True,False,26635.46,0.5216,138.93,-141.24,26214.0
S5,SOLUSDT,-1,2023-06-05T16:00:00+00:00,2023-06-05T16:15:00+00:00,2023,19.94,20.48452791,17.21736047,0.54452791,5.0,-1.010986,-1.010986,0.0,SL,4,0.25,1.5169,True,False,26635.46,0.5216,138.93,-140.46,26495.0
S5,XRPUSDT,-1,2023-06-05T16:00:00+00:00,2023-06-06T19:15:00+00:00,2023,0.5038,0.51901968,0.42770161,0.01521968,5.0,-1.009931,-1.009931,0.0,SL,328,27.25,1.4586,True,False,26635.46,0.5216,138.93,-140.31,25647.47
S5,DOGEUSDT,-1,2023-06-05T21:00:00+00:00,2023-06-06T13:50:00+00:00,2023,0.06606,0.06780934,0.05731328,0.00174934,5.0,-1.011329,-1.011329,0.0,SL,203,16.83,0.5259,True,False,26495.0,0.5216,138.2,-139.76,26355.24
S1,DOGEUSDT,1,2023-06-06T19:00:00+00:00,2023-06-06T21:55:00+00:00,2023,0.07193,0.07013947,0.09341635,0.00179053,12.0,-1.012052,-1.012052,0.0,SL,36,2.92,0.0335,True,False,25787.78,0.9264,238.9,-241.78,25405.7
S2,LINKUSDT,-1,2023-06-06T21:00:00+00:00,2023-06-07T14:20:00+00:00,2023,6.231,6.31341405,5.98375784,0.08241405,3.0,2.977318,2.977318,0.0,TP,209,17.33,3.1063,True,False,25647.47,1.378,353.42,1052.25,26098.9
S2,SOLUSDT,-1,2023-06-06T21:00:00+00:00,2023-06-07T16:25:00+00:00,2023,20.238,20.66462602,18.95812194,0.42662602,3.0,2.985769,2.985769,0.0,TP,234,19.42,3.019,True,False,25647.47,1.378,353.42,1055.24,27154.13
S5,DOGEUSDT,-1,2023-06-06T21:00:00+00:00,2023-06-10T04:20:00+00:00,2023,0.07039,0.07221663,0.06125685,0.00182663,5.0,4.988439,4.988439,0.0,TP,953,79.33,5.7757,True,False,25647.47,0.5216,133.78,667.34,26637.12
S5,ETHUSDT,-1,2023-06-06T21:00:00+00:00,2023-06-10T07:05:00+00:00,2023,1876.11,1906.18391357,1725.74043217,30.07391357,5.0,4.981285,4.981285,0.0,TP,986,82.08,5.0911,True,False,25647.47,0.5216,133.78,666.38,29754.7
S2,BTCUSDT,-1,2023-06-07T10:00:00+00:00,2023-06-07T11:20:00+00:00,2023,26476.6,26786.88790427,25545.73628718,310.28790427,3.0,-1.025599,-1.025599,0.0,SL,17,1.33,0.4699,True,False,25405.7,1.378,350.09,-359.05,25046.64
S2,DOGEUSDT,-1,2023-06-09T16:00:00+00:00,2023-06-10T00:15:00+00:00,2023,0.06883,0.069747,0.06607901,0.000917,3.0,-1.022518,-1.022518,0.0,SL,100,8.25,0.6543,True,False,27154.13,1.378,374.18,-382.61,26771.52
S3,DOGEUSDT,-1,2023-06-09T16:00:00+00:00,2023-06-10T00:15:00+00:00,2023,0.06883,0.0698717,0.06363369,0.00122266,4.25,-0.868883,-0.868883,0.0,SL,100,8.25,0.4907,True,False,27154.13,3.3981,922.72,-801.74,25969.78
S5,SOLUSDT,-1,2023-06-09T19:00:00+00:00,2023-06-10T04:20:00+00:00,2023,17.938,18.44938214,15.38108928,0.51138214,5.0,4.989477,4.989477,0.0,TP,113,9.33,8.7488,True,False,27154.13,0.5216,141.64,706.69,27343.81
S5,SOLUSDT,-1,2023-06-10T01:00:00+00:00,2023-06-10T04:20:00+00:00,2023,16.924,17.55277454,13.78012732,0.62877454,5.0,4.991925,4.991925,0.0,TP,41,3.33,5.5028,True,False,25969.78,0.5216,135.46,676.2,28020.01
S2,DOGEUSDT,-1,2023-06-10T04:00:00+00:00,2023-06-10T04:20:00+00:00,2023,0.06772,0.06909722,0.06358835,0.00137722,3.0,2.985249,2.985249,0.0,TP,5,0.33,5.7217,True,False,25969.78,1.378,357.86,1068.31,29088.32
S5,SOLUSDT,-1,2023-06-10T04:00:00+00:00,2023-06-21T01:00:00+00:00,2023,16.279,17.05503413,12.39882934,0.77603413,5.0,-1.006293,-1.006293,0.0,SL,3133,261.0,4.7408,True,False,25969.78,0.5216,135.46,-136.31,26225.27
S1,XRPUSDT,1,2023-06-13T12:00:00+00:00,2023-06-13T12:40:00+00:00,2023,0.5613,0.54654526,0.73835692,0.01475474,12.0,-1.011413,-1.011413,0.0,SL,9,0.67,0.1084,True,False,29754.7,0.9264,275.65,-278.79,29475.91
S2,XRPUSDT,-1,2023-06-13T16:00:00+00:00,2023-06-13T21:05:00+00:00,2023,0.5076,0.52380745,0.45897765,0.01620745,3.0,-1.009396,-1.009396,0.0,SL,62,5.08,0.0926,True,False,29475.91,1.378,406.18,-409.99,29065.92
S4,XRPUSDT,1,2023-06-13T17:00:00+00:00,2023-06-14T20:05:00+00:00,2023,0.5124,0.49140506,0.92180131,0.02099494,19.5,-1.007322,-1.007322,0.0,SL,326,27.08,0.5668,True,False,29475.91,1.6151,476.07,-479.55,28586.36
S5,LINKUSDT,-1,2023-06-14T20:00:00+00:00,2023-06-21T16:35:00+00:00,2023,5.444,5.56140707,4.85696466,0.11740707,5.0,-1.013911,-1.013911,0.0,SL,1976,164.58,4.0372,True,False,29065.92,0.5216,151.61,-153.72,25932.04
S2,LINKUSDT,-1,2023-06-14T21:00:00+00:00,2023-06-14T21:55:00+00:00,2023,5.164,5.27876564,4.81970309,0.11476564,3.0,-1.013499,-1.013499,0.0,SL,12,0.92,0.244,True,False,28586.36,1.378,393.92,-399.24,28187.13
S5,BTCUSDT,-1,2023-06-14T21:00:00+00:00,2023-06-15T18:50:00+00:00,2023,24920.1,25301.08023267,23015.19883663,380.98023267,5.0,-1.019623,-1.019623,0.0,SL,263,21.83,0.3152,True,False,28586.36,0.5216,149.11,-152.03,28035.09
S5,ETHUSDT,-1,2023-06-14T21:00:00+00:00,2023-06-15T19:00:00+00:00,2023,1637.21,1669.34929349,1476.51353254,32.13929349,5.0,-1.015282,-1.015282,0.0,SL,265,22.0,0.3625,True,False,28586.36,0.5216,149.11,-151.39,27883.71
S4,LINKUSDT,1,2023-06-15T18:00:00+00:00,2023-06-18T20:20:00+00:00,2023,5.246,5.11664639,7.76839535,0.12935361,19.5,-1.012167,-1.012167,0.0,SL,893,74.33,1.322,True,False,28187.13,1.6151,455.25,-460.79,27422.92
S1,BTCUSDT,1,2023-06-16T18:00:00+00:00,2023-06-23T15:20:00+00:00,2023,26304.5,25921.5785399,30899.55752125,382.9214601,12.0,11.979392,11.979392,0.0,TP,1985,165.33,12.2362,True,False,27883.71,0.9264,258.31,3094.45,29026.49
S5,ETHUSDT,-1,2023-06-17T07:00:00+00:00,2023-06-20T17:45:00+00:00,2023,1747.2,1773.44747513,1615.96262434,26.24747513,5.0,-1.01997,-1.01997,0.0,SL,994,82.75,2.2063,True,False,27883.71,0.5216,145.44,-148.35,26887.31
S5,SOLUSDT,-1,2023-06-17T07:00:00+00:00,2023-06-20T17:45:00+00:00,2023,15.855,16.32369059,13.51154705,0.46869059,5.0,-1.010148,-1.010148,0.0,SL,994,82.75,1.2908,True,False,27883.71,0.5216,145.44,-146.92,26740.39
S4,SOLUSDT,1,2023-06-19T01:00:00+00:00,2023-06-28T07:30:00+00:00,2023,15.526,15.20834217,21.7203277,0.31765783,19.5,0.985337,19.485337,-18.5,BE,2671,222.5,6.9603,True,False,27422.92,1.6151,442.91,436.41,28519.0
S2,LINKUSDT,-1,2023-06-19T09:00:00+00:00,2023-06-19T18:10:00+00:00,2023,5.102,5.16367164,4.91698508,0.06167164,3.0,-1.024819,-1.024819,0.0,SL,111,9.17,2.1404,True,False,27422.92,1.378,377.89,-387.27,27035.65
S1,BTCUSDT,1,2023-06-20T17:00:00+00:00,2023-07-13T19:25:00+00:00,2023,27380.55,27022.07986948,31682.19156629,358.47013052,12.0,11.977085,11.977085,0.0,TP,6654,554.42,12.1892,True,False,27035.65,0.9264,250.46,2999.76,56771.22
S2,DOGEUSDT,-1,2023-06-20T22:00:00+00:00,2023-06-20T23:30:00+00:00,2023,0.06236,0.06302741,0.06035776,0.00066741,3.0,-1.028031,-1.028031,0.0,SL,19,1.5,0.015,True,False,26740.39,1.378,368.48,-378.81,26361.58
S5,ETHUSDT,-1,2023-06-21T13:00:00+00:00,2023-06-21T14:25:00+00:00,2023,1815.0,1842.4005118,1677.99744102,27.4005118,5.0,-1.019872,-1.019872,0.0,SL,18,1.42,0.0401,True,False,26225.27,0.5216,136.79,-139.51,26085.76
S1,LINKUSDT,1,2023-06-21T15:00:00+00:00,2023-07-13T18:00:00+00:00,2023,5.46,5.34897644,6.79228277,0.11102356,12.0,11.985246,11.985246,0.0,TP,6373,531.0,12.0065,True,False,26085.76,0.9264,241.66,2896.34,53280.03
S1,SOLUSDT,1,2023-06-23T21:00:00+00:00,2023-06-23T21:45:00+00:00,2023,17.475,16.9482486,23.79601676,0.5267514,12.0,-1.009953,-1.009953,0.0,SL,10,0.75,0.0968,True,False,29026.49,0.9264,268.9,-271.58,28754.92
S2,ETHUSDT,-1,2023-06-26T17:00:00+00:00,2023-06-27T03:00:00+00:00,2023,1851.72,1877.53986462,1774.26040614,25.81986462,3.0,-1.021515,-1.021515,0.0,SL,121,10.0,0.6088,True,False,28754.92,1.378,396.24,-404.77,28350.15
S4,DOGEUSDT,1,2023-06-27T03:00:00+00:00,2023-06-28T07:30:00+00:00,2023,0.06552,0.06411777,0.0928635,0.00140223,19.5,-1.014018,-1.014018,0.0,SL,343,28.5,0.2924,True,False,28350.15,1.6151,457.88,-464.3,28054.7
S1,ETHUSDT,1,2023-06-27T17:00:00+00:00,2023-06-28T00:10:00+00:00,2023,1908.65,1878.12255733,2274.97931207,30.52744267,12.0,-1.018757,-1.018757,0.0,SL,87,7.17,0.131,True,False,28350.15,0.9264,262.64,-267.56,28082.59
S1,SOLUSDT,1,2023-06-29T10:00:00+00:00,2023-06-30T13:45:00+00:00,2023,17.205,16.69533825,23.32094102,0.50966175,12.0,0.989873,11.989873,-11.0,BE,334,27.75,4.6992,True,False,28054.7,0.9264,259.9,257.27,28311.97
S1,SOLUSDT,1,2023-06-29T16:00:00+00:00,2023-07-13T17:35:00+00:00,2023,17.663,16.95181446,26.19722653,0.71118554,12.0,11.992549,11.992549,0.0,TP,4052,337.58,12.5031,True,False,28054.7,0.9264,259.9,3116.85,50383.69
S1,LINKUSDT,1,2023-06-30T17:00:00+00:00,2023-07-07T00:00:00+00:00,2023,6.288,6.01919787,9.5136256,0.26880213,12.0,-1.007018,-1.007018,0.0,SL,1813,151.0,1.4992,True,False,28311.97,0.9264,262.28,-264.12,27391.49
S2,XRPUSDT,-1,2023-07-01T01:00:00+00:00,2023-07-01T14:05:00+00:00,2023,0.4672,0.47555338,0.44213986,0.00835338,3.0,-1.016779,-1.016779,0.0,SL,158,13.08,0.3831,True,False,28311.97,1.378,390.14,-396.69,27312.75
S3,XRPUSDT,-1,2023-07-01T01:00:00+00:00,2023-07-01T12:55:00+00:00,2023,0.4672,0.47403534,0.41986419,0.01113784,4.25,-0.626288,-0.626288,0.0,SL,144,11.92,0.2873,True,False,28311.97,3.3981,962.07,-602.53,27709.43
S4,XRPUSDT,1,2023-07-01T02:00:00+00:00,2023-07-07T00:00:00+00:00,2023,0.4692,0.45808629,0.68591729,0.01111371,19.5,-1.012665,-1.012665,0.0,SL,1705,142.0,2.3934,True,False,28311.97,1.6151,457.27,-463.06,26928.43
S1,DOGEUSDT,1,2023-07-04T17:00:00+00:00,2023-07-04T17:35:00+00:00,2023,0.07156,0.06983404,0.09227153,0.00172596,12.0,-1.012438,-1.012438,0.0,SL,8,0.58,0.1854,True,False,27312.75,0.9264,253.03,-256.17,27056.58
S2,DOGEUSDT,-1,2023-07-04T18:00:00+00:00,2023-07-05T10:35:00+00:00,2023,0.06994,0.07138844,0.06559469,0.00144844,3.0,2.985514,2.985514,0.0,TP,200,16.58,3.2035,True,False,27056.58,1.378,372.84,1113.12,28169.69
S2,DOGEUSDT,-1,2023-07-04T19:00:00+00:00,2023-07-07T00:00:00+00:00,2023,0.06892,0.07039783,0.0644865,0.00147783,3.0,2.986009,2.986009,0.0,TP,637,53.0,3.3292,True,False,27056.58,1.378,372.84,1113.3,28041.73
S2,XRPUSDT,-1,2023-07-05T13:00:00+00:00,2023-07-06T05:55:00+00:00,2023,0.4749,0.48180319,0.45419042,0.00690319,3.0,-1.020638,-1.020638,0.0,SL,204,16.92,0.8402,True,False,28169.69,1.378,388.18,-396.19,27773.5
S1,BTCUSDT,1,2023-07-06T09:00:00+00:00,2023-07-06T11:50:00+00:00,2023,31325.6,30987.72722909,35380.07325087,337.87277091,12.0,-1.027814,-1.027814,0.0,SL,35,2.83,0.7174,True,False,27773.5,0.9264,257.29,-264.45,27244.76
S1,ETHUSDT,1,2023-07-06T09:00:00+00:00,2023-07-06T11:45:00+00:00,2023,1948.76,1927.25753442,2206.78958701,21.50246558,12.0,-1.027189,-1.027189,0.0,SL,34,2.75,0.4269,True,False,27773.5,0.9264,257.29,-264.29,27509.21
S1,SOLUSDT,1,2023-07-06T09:00:00+00:00,2023-07-06T12:05:00+00:00,2023,20.238,19.65007273,27.29312729,0.58792727,12.0,-1.010327,-1.010327,0.0,SL,38,3.08,0.1905,True,False,27773.5,0.9264,257.29,-259.95,26984.81
S2,ETHUSDT,-1,2023-07-06T12:00:00+00:00,2023-07-06T23:00:00+00:00,2023,1916.69,1935.85691059,1859.18926822,19.16691059,3.0,2.97,2.97,0.0,TP,133,11.0,3.3172,True,False,27244.76,1.378,375.43,1115.04,27655.61
S2,BTCUSDT,-1,2023-07-06T14:00:00+00:00,2023-07-10T19:50:00+00:00,2023,30373.48,30736.26399902,29285.12800293,362.78399902,3.0,-1.025117,-1.025117,0.0,SL,1223,101.83,1.8536,True,False,26984.81,1.378,371.85,-381.19,24945.12
S4,ETHUSDT,1,2023-07-06T19:00:00+00:00,2023-07-06T22:50:00+00:00,2023,1892.93,1863.49073751,2466.99561859,29.43926249,19.5,-1.01929,-1.01929,0.0,SL,47,3.83,0.0,True,False,26984.81,1.6151,435.83,-444.24,26540.57
S2,BTCUSDT,-1,2023-07-07T00:00:00+00:00,2023-07-07T05:25:00+00:00,2023,29895.42,30253.54892348,28821.03322956,358.12892348,3.0,-1.025043,-1.025043,0.0,SL,66,5.42,0.5428,True,False,28041.73,1.378,386.42,-396.09,26658.1
S2,XRPUSDT,-1,2023-07-07T00:00:00+00:00,2023-07-07T01:30:00+00:00,2023,0.4617,0.46797617,0.4428715,0.00627617,3.0,-1.022069,-1.022069,0.0,SL,19,1.5,0.8604,True,False,28041.73,1.378,386.42,-394.94,27646.79
S3,BTCUSDT,-1,2023-07-07T00:00:00+00:00,2023-07-07T05:20:00+00:00,2023,29895.42,30183.41289235,27866.02276696,477.5052313,4.25,-0.621902,-0.621902,0.0,SL,65,5.33,0.4071,True,False,28041.73,3.3981,952.89,-592.6,27054.19
S5,ETHUSDT,-1,2023-07-07T00:00:00+00:00,2023-07-07T14:00:00+00:00,2023,1844.81,1874.15502173,1698.08489134,29.34502173,5.0,-1.01886,-1.01886,0.0,SL,169,14.0,0.718,True,False,28041.73,0.5216,146.27,-149.02,26509.07
S2,XRPUSDT,-1,2023-07-10T02:00:00+00:00,2023-07-10T02:45:00+00:00,2023,0.4641,0.46768221,0.45335336,0.00358221,3.0,-1.038867,-1.038867,0.0,SL,10,0.75,0.0279,True,False,26509.07,1.378,365.3,-379.49,26129.58
S4,ETHUSDT,1,2023-07-10T03:00:00+00:00,2023-07-17T18:30:00+00:00,2023,1864.27,1847.0551766,2199.95905639,17.2148234,19.5,0.967512,-1.032488,2.0,BE,2203,183.5,9.7015,True,False,26129.58,1.6151,422.02,408.31,55660.4
S4,LINKUSDT,1,2023-07-10T03:00:00+00:00,2023-07-10T08:20:00+00:00,2023,6.113,6.0196188,7.93393343,0.0933812,19.5,-1.019639,-1.019639,0.0,SL,65,5.33,0.2142,True,False,26129.58,1.6151,422.02,-430.31,25699.27
S4,XRPUSDT,1,2023-07-10T03:00:00+00:00,2023-07-13T15:35:00+00:00,2023,0.4679,0.46285059,0.56636342,0.00504941,19.5,19.472201,19.472201,0.0,TP,1016,84.58,19.8241,True,False,26129.58,1.6151,422.02,8217.64,31425.23
S2,XRPUSDT,-1,2023-07-10T04:00:00+00:00,2023-07-10T09:40:00+00:00,2023,0.4657,0.46960227,0.4539932,0.00390227,3.0,-1.035802,-1.035802,0.0,SL,69,5.67,0.1794,True,False,26129.58,1.378,360.07,-372.96,25326.31
S4,XRPUSDT,1,2023-07-10T05:00:00+00:00,2023-07-13T15:40:00+00:00,2023,0.4679,0.46265434,0.5701904,0.00524566,19.5,19.473241,19.473241,0.0,TP,993,82.67,28.7285,True,False,26129.58,1.6151,422.02,8218.07,39643.3
S4,LINKUSDT,1,2023-07-10T08:00:00+00:00,2023-07-20T09:05:00+00:00,2023,6.093,6.00520299,7.80504167,0.08779701,19.5,19.47918,19.47918,0.0,TP,2894,241.08,19.7501,True,False,26129.58,1.6151,422.02,8220.58,66192.45
S1,ETHUSDT,1,2023-07-10T20:00:00+00:00,2023-07-10T21:55:00+00:00,2023,1899.45,1880.7750046,2123.54994477,18.6749954,12.0,-1.030513,-1.030513,0.0,SL,24,1.92,0.295,False,True,,,,,
S2,ETHUSDT,-1,2023-07-10T22:00:00+00:00,2023-07-11T06:30:00+00:00,2023,1875.0,1890.51273299,1828.46180102,15.51273299,3.0,-1.036261,-1.036261,0.0,SL,103,8.5,0.5821,False,True,,,,,
S2,BTCUSDT,-1,2023-07-11T08:00:00+00:00,2023-07-11T15:15:00+00:00,2023,30535.38,30772.99485756,29822.53542732,237.61485756,3.0,-1.038552,-1.038552,0.0,SL,88,7.25,0.9906,True,False,24945.12,1.378,343.74,-357.0,24588.13
S2,LINKUSDT,-1,2023-07-12T16:00:00+00:00,2023-07-12T18:20:00+00:00,2023,6.242,6.30907164,6.04078507,0.06707164,3.0,-1.027919,-1.027919,0.0,SL,29,2.33,0.7902,True,False,24588.13,1.378,338.82,-348.28,24239.84
S2,ETHUSDT,-1,2023-07-12T20:00:00+00:00,2023-07-13T11:20:00+00:00,2023,1869.31,1884.54040756,1823.61877731,15.23040756,3.0,-1.036821,-1.036821,0.0,SL,185,15.33,0.5069,True,False,24239.84,1.378,334.03,-346.32,23207.59
S2,LINKUSDT,-1,2023-07-12T20:00:00+00:00,2023-07-13T06:25:00+00:00,2023,6.209,6.29188018,5.96035945,0.08288018,3.0,-1.022475,-1.022475,0.0,SL,126,10.42,0.1689,True,False,24239.84,1.378,334.03,-341.53,23898.31
S4,DOGEUSDT,1,2023-07-12T21:00:00+00:00,2023-07-25T16:30:00+00:00,2023,0.06447,0.06366241,0.08021799,0.00080759,19.5,19.476051,19.476051,0.0,TP,3691,307.5,21.1865,True,False,24239.84,1.6151,391.5,7624.83,79456.52
S4,XRPUSDT,1,2023-07-12T23:00:00+00:00,2023-07-13T15:40:00+00:00,2023,0.4708,0.46561459,0.57191547,0.00518541,19.5,19.472762,19.472762,0.0,TP,201,16.67,28.5031,True,False,24239.84,1.6151,391.5,7623.54,47266.84
S2,DOGEUSDT,-1,2023-07-13T01:00:00+00:00,2023-07-13T09:30:00+00:00,2023,0.06474,0.06536555,0.06286335,0.00062555,3.0,-1.031048,-1.031048,0.0,SL,103,8.5,0.3837,True,False,24239.84,1.378,334.03,-344.4,23553.92
S1,DOGEUSDT,1,2023-07-13T16:00:00+00:00,2023-07-14T18:20:00+00:00,2023,0.06748,0.06652122,0.07898535,0.00095878,12.0,0.978886,-1.021114,2.0,BE,317,26.33,5.9555,True,False,47266.84,0.9264,437.88,428.63,56888.87
S1,SOLUSDT,1,2023-07-13T17:00:00+00:00,2023-07-14T18:20:00+00:00,2023,25.306,24.1501016,39.17678085,1.1558984,12.0,0.993432,-1.006568,2.0,BE,305,25.33,7.1572,True,False,47266.84,0.9264,437.88,435.0,57323.87
S1,XRPUSDT,1,2023-07-13T18:00:00+00:00,2023-07-13T18:30:00+00:00,2023,0.7444,0.69317447,1.35910632,0.05122553,12.0,0.99564,-1.00436,2.0,BE,7,0.5,4.3064,True,False,53280.03,0.9264,493.59,491.43,53771.46
S1,LINKUSDT,1,2023-07-13T20:00:00+00:00,2023-07-14T18:30:00+00:00,2023,6.959,6.76777389,9.25371334,0.19122611,12.0,-1.010917,-1.010917,0.0,SL,271,22.5,2.0342,True,False,56771.22,0.9264,525.93,-531.67,56792.2
S1,SOLUSDT,1,2023-07-13T20:00:00+00:00,2023-07-14T00:45:00+00:00,2023,26.213,24.77445306,43.47556324,1.43854694,12.0,0.994533,-1.005467,2.0,BE,58,4.75,5.1204,True,False,56771.22,0.9264,525.93,523.05,56993.35
S5,ETHUSDT,-1,2023-07-13T21:00:00+00:00,2023-07-14T00:35:00+00:00,2023,1984.61,2021.27659052,1801.27704739,36.66659052,5.0,-1.016238,-1.016238,0.0,SL,44,3.58,0.3712,True,False,56771.22,0.5216,296.12,-300.93,56470.3
S1,LINKUSDT,1,2023-07-14T01:00:00+00:00,2023-07-14T09:30:00+00:00,2023,7.301,7.07547679,10.00727847,0.22552321,12.0,-1.009712,-1.009712,0.0,SL,103,8.5,0.2084,True,False,56993.35,0.9264,527.99,-533.11,56460.23
S2,BTCUSDT,-1,2023-07-14T18:00:00+00:00,2023-07-17T18:45:00+00:00,2023,30688.63,31005.58895388,29737.75313837,316.95895388,3.0,2.970953,2.970953,0.0,TP,874,72.75,3.2478,True,False,56460.23,1.378,778.02,2311.47,57971.87
S2,DOGEUSDT,-1,2023-07-14T18:00:00+00:00,2023-07-15T07:05:00+00:00,2023,0.06969,0.07153949,0.06414152,0.00184949,3.0,-1.011304,-1.011304,0.0,SL,158,13.08,2.0979,True,False,56460.23,1.378,778.02,-786.82,56005.39
S2,ETHUSDT,-1,2023-07-14T18:00:00+00:00,2023-07-17T10:25:00+00:00,2023,1960.23,1983.76787659,1889.61637023,23.53787659,3.0,2.975016,2.975016,0.0,TP,774,64.42,3.0602,True,False,56460.23,1.378,778.02,2314.63,56196.93
S2,XRPUSDT,-1,2023-07-14T18:00:00+00:00,2023-07-16T10:05:00+00:00,2023,0.7085,0.75812763,0.55961712,0.04962763,3.0,-1.004283,-1.004283,0.0,SL,482,40.08,0.8443,True,False,56460.23,1.378,778.02,-781.35,55224.03
S3,ETHUSDT,-1,2023-07-14T18:00:00+00:00,2023-08-01T02:05:00+00:00,2023,1960.23,1993.31378766,1826.84869932,31.38383545,4.25,4.231262,4.231262,0.0,TP,4994,416.08,4.4679,True,False,56460.23,3.3981,1918.58,8117.99,82160.08
S3,XRPUSDT,-1,2023-07-14T18:00:00+00:00,2023-07-16T10:05:00+00:00,2023,0.7085,0.75456276,0.42727678,0.06617017,4.25,-0.699338,-0.699338,0.0,SL,482,40.08,0.6332,True,False,56460.23,3.3981,1918.58,-1341.73,53882.3
S5,BTCUSDT,-1,2023-07-14T19:00:00+00:00,2023-08-17T20:50:00+00:00,2023,30091.82,30587.23822861,27614.72885696,495.41822861,5.0,4.981778,4.981778,0.0,TP,9815,817.83,5.2114,True,False,56792.2,0.5216,296.23,1475.74,103421.28
S5,ETHUSDT,-1,2023-07-14T19:00:00+00:00,2023-08-17T15:40:00+00:00,2023,1915.0,1951.83784721,1730.81076397,36.83784721,5.0,4.984405,4.984405,0.0,TP,9753,812.67,5.2935,True,False,56792.2,0.5216,296.23,1476.52,101945.54
S2,DOGEUSDT,-1,2023-07-15T13:00:00+00:00,2023-07-21T13:05:00+00:00,2023,0.07279,0.07497696,0.06622912,0.00218696,3.0,-1.009985,-1.009985,0.0,SL,1730,144.08,2.7435,True,False,56005.39,1.378,771.75,-779.46,63991.82
S4,BTCUSDT,1,2023-07-17T13:00:00+00:00,2023-07-17T17:20:00+00:00,2023,30196.9,29975.83928887,34507.58386708,221.06071113,19.5,-1.04098,-1.04098,0.0,SL,53,4.33,0.5026,True,False,56196.93,1.6151,907.64,-944.83,55252.1
S2,DOGEUSDT,-1,2023-07-19T21:00:00+00:00,2023-07-20T09:30:00+00:00,2023,0.07001,0.07139578,0.06585266,0.00138578,3.0,-1.015156,-1.015156,0.0,SL,151,12.5,0.3536,True,False,57971.87,1.378,798.85,-810.96,65381.49
S1,LINKUSDT,1,2023-07-20T09:00:00+00:00,2023-07-22T10:00:00+00:00,2023,7.66,7.43213262,10.39440856,0.22786738,12.0,0.989915,-1.010085,2.0,BE,589,49.0,3.5986,True,False,57971.87,0.9264,537.05,531.64,64523.45
S1,LINKUSDT,1,2023-07-20T10:00:00+00:00,2023-07-22T23:15:00+00:00,2023,8.104,7.81712315,11.54652223,0.28687685,12.0,-1.008475,-1.008475,0.0,SL,736,61.25,1.3107,True,False,65381.49,0.9264,605.69,-610.83,63912.63
S1,LINKUSDT,1,2023-07-20T12:00:00+00:00,2023-07-20T14:50:00+00:00,2023,8.328,7.99319292,12.34568499,0.33480708,12.0,-1.007462,-1.007462,0.0,SL,35,2.83,0.215,True,False,65381.49,0.9264,605.69,-610.21,64771.28
S2,SOLUSDT,-1,2023-07-20T16:00:00+00:00,2023-07-24T09:50:00+00:00,2023,25.673,26.32901359,23.70495923,0.65601359,3.0,2.98826,2.98826,0.0,TP,1079,89.83,4.4405,True,False,64771.28,1.378,892.55,2667.17,64295.13
S1,LINKUSDT,1,2023-07-20T17:00:00+00:00,2023-07-22T23:15:00+00:00,2023,8.159,7.76246847,12.91737832,0.39653153,12.0,-1.006173,-1.006173,0.0,SL,652,54.25,0.8095,True,False,64771.28,0.9264,600.04,-603.75,63308.88
S4,ETHUSDT,1,2023-07-23T18:00:00+00:00,2023-07-23T21:40:00+00:00,2023,1893.77,1881.1093453,2140.65276671,12.6606547,19.5,-1.044874,-1.044874,0.0,SL,45,3.67,0.853,True,False,63308.88,1.6151,1022.5,-1068.39,62240.5
S1,BTCUSDT,1,2023-07-23T21:00:00+00:00,2023-07-23T21:40:00+00:00,2023,30143.49,29939.76555326,32588.18336093,203.72444674,12.0,-1.044389,-1.044389,0.0,SL,9,0.67,0.0,True,False,63308.88,0.9264,586.49,-612.53,61627.97
S2,BTCUSDT,-1,2023-07-23T22:00:00+00:00,2023-07-24T09:50:00+00:00,2023,29955.24,30121.61238255,29456.12285234,166.37238255,3.0,2.945985,2.945985,0.0,TP,143,11.83,6.3162,True,False,61627.97,1.378,849.23,2501.83,66796.96
S2,SOLUSDT,-1,2023-07-23T22:00:00+00:00,2023-07-24T09:50:00+00:00,2023,24.565,24.9433871,23.4298387,0.3783871,3.0,2.980524,2.980524,0.0,TP,143,11.83,4.7702,True,False,61627.97,1.378,849.23,2531.16,69328.12
S2,BTCUSDT,-1,2023-07-24T03:00:00+00:00,2023-07-24T09:50:00+00:00,2023,29799.63,29971.64615438,29283.58153687,172.01615438,3.0,2.948029,2.948029,0.0,TP,83,6.83,5.2043,True,False,61627.97,1.378,849.23,2503.56,71831.69
S5,SOLUSDT,-1,2023-07-26T17:00:00+00:00,2023-07-26T18:15:00+00:00,2023,24.68,25.27719271,21.69403643,0.59719271,5.0,-1.012398,-1.012398,0.0,SL,16,1.25,0.3098,True,False,79456.52,0.5216,414.45,-419.58,79036.93
S1,LINKUSDT,1,2023-07-26T20:00:00+00:00,2023-07-30T16:35:00+00:00,2023,7.807,7.61695714,10.0875143,0.19004286,12.0,-1.012324,-1.012324,0.0,SL,1112,92.58,1.7101,True,False,79036.93,0.9264,732.2,-741.22,76421.51
S2,ETHUSDT,-1,2023-07-26T22:00:00+00:00,2023-07-27T09:25:00+00:00,2023,1869.89,1883.70036052,1828.45891843,13.81036052,3.0,-1.040619,-1.040619,0.0,SL,138,11.42,0.3541,True,False,79036.93,1.378,1089.13,-1133.37,77903.57
S1,LINKUSDT,1,2023-07-27T02:00:00+00:00,2023-07-28T23:55:00+00:00,2023,7.976,7.77305946,10.41128643,0.20294054,12.0,-1.011791,-1.011791,0.0,SL,552,45.92,0.7687,True,False,79036.93,0.9264,732.2,-740.83,77162.73
S4,BTCUSDT,1,2023-07-30T21:00:00+00:00,2023-07-31T19:55:00+00:00,2023,29270.96,29106.72703634,32473.50279146,164.23296366,19.5,-1.053468,-1.053468,0.0,SL,276,22.92,1.5517,True,False,76421.51,1.6151,1234.28,-1300.28,74042.08
S4,DOGEUSDT,1,2023-07-30T21:00:00+00:00,2023-08-01T02:05:00+00:00,2023,0.0783,0.07638446,0.11565304,0.00191554,19.5,-1.012263,-1.012263,0.0,SL,350,29.08,0.7778,True,False,76421.51,1.6151,1234.28,-1249.42,80910.66
S4,BTCUSDT,1,2023-07-31T00:00:00+00:00,2023-08-01T02:05:00+00:00,2023,29271.2,29097.73313368,32653.80389317,173.46686632,19.5,-1.050623,-1.050623,0.0,SL,314,26.08,1.4677,True,False,76421.51,1.6151,1234.28,-1296.77,79613.89
S2,ETHUSDT,-1,2023-07-31T14:00:00+00:00,2023-08-01T02:05:00+00:00,2023,1863.62,1872.75923642,1836.20229075,9.13923642,3.0,2.938826,2.938826,0.0,TP,146,12.08,4.7717,True,False,76421.51,1.378,1053.09,3094.84,82708.74
S2,LINKUSDT,-1,2023-07-31T14:00:00+00:00,2023-07-31T17:55:00+00:00,2023,7.56,7.65164413,7.28506762,0.09164413,3.0,-1.024748,-1.024748,0.0,SL,48,3.92,0.5456,True,False,76421.51,1.378,1053.09,-1079.15,75342.36
S2,ETHUSDT,-1,2023-07-31T16:00:00+00:00,2023-08-01T02:05:00+00:00,2023,1856.35,1865.42253038,1829.13240886,9.07253038,3.0,2.938616,2.938616,0.0,TP,122,10.08,4.0055,True,False,76421.51,1.378,1053.09,3094.62,85803.36
S2,SOLUSDT,-1,2023-07-31T16:00:00+00:00,2023-08-01T02:10:00+00:00,2023,23.923,24.30496613,22.77710161,0.38196613,3.0,2.981211,2.981211,0.0,TP,123,10.17,3.4637,True,False,76421.51,1.378,1053.09,3139.48,91947.1
S2,XRPUSDT,-1,2023-07-31T21:00:00+00:00,2023-08-03T06:50:00+00:00,2023,0.6996,0.71145385,0.66403844,0.01185385,3.0,2.982294,2.982294,0.0,TP,695,57.83,3.1045,True,False,74042.08,1.378,1020.3,3042.83,92751.92
S2,ETHUSDT,-1,2023-08-01T02:00:00+00:00,2023-08-01T02:05:00+00:00,2023,1851.99,1861.99867221,1821.96398338,10.00867221,3.0,2.944488,2.944488,0.0,TP,2,0.08,3.1952,True,False,74042.08,1.378,1020.3,3004.26,88807.62
S5,BTCUSDT,-1,2023-08-01T04:00:00+00:00,2023-08-01T18:20:00+00:00,2023,28820.1,29079.19745327,27524.61273363,259.09745327,5.0,-1.03337,-1.03337,0.0,SL,173,14.33,1.0425,True,False,91947.1,0.5216,479.6,-495.6,91451.5
S1,BTCUSDT,1,2023-08-02T00:00:00+00:00,2023-08-02T08:15:00+00:00,2023,29701.2,29379.98571037,33555.77147552,321.21428963,12.0,-1.02774,-1.02774,0.0,SL,100,8.25,1.1167,True,False,91451.5,0.9264,847.21,-870.71,90580.79
S1,ETHUSDT,1,2023-08-02T00:00:00+00:00,2023-08-02T08:15:00+00:00,2023,1873.06,1853.62736419,2106.25162977,19.43263581,12.0,-1.028916,-1.028916,0.0,SL,100,8.25,0.3196,True,False,91451.5,0.9264,847.21,-871.7,89709.08
S5,BTCUSDT,-1,2023-08-02T04:00:00+00:00,2023-08-08T20:15:00+00:00,2023,29622.5,29955.32016363,27958.39918185,332.82016363,5.0,-1.026701,-1.026701,0.0,SL,1924,160.25,2.8249,True,False,91451.5,0.5216,477.01,-489.75,93412.14
S2,DOGEUSDT,-1,2023-08-03T18:00:00+00:00,2023-08-05T04:55:00+00:00,2023,0.07415,0.07519794,0.07100617,0.00104794,3.0,-1.021227,-1.021227,0.0,SL,420,34.92,1.6699,True,False,92751.92,1.378,1278.12,-1305.25,88639.25
S4,DOGEUSDT,1,2023-08-04T01:00:00+00:00,2023-08-04T20:45:00+00:00,2023,0.07391,0.07253581,0.10070663,0.00137419,19.5,-1.016135,-1.016135,0.0,SL,238,19.75,0.7204,True,False,92751.92,1.6151,1498.04,-1522.21,91229.71
S2,DOGEUSDT,-1,2023-08-05T02:00:00+00:00,2023-08-05T03:55:00+00:00,2023,0.07293,0.07391009,0.06998974,0.00098009,3.0,-1.022324,-1.022324,0.0,SL,24,1.92,0.0306,True,False,91229.71,1.378,1257.15,-1285.21,89944.5
S2,DOGEUSDT,-1,2023-08-05T16:00:00+00:00,2023-08-06T00:30:00+00:00,2023,0.07521,0.0763951,0.07165469,0.0011851,3.0,-1.019039,-1.019039,0.0,SL,103,8.5,0.1603,True,False,88639.25,1.378,1221.45,-1244.7,87394.55
S2,ETHUSDT,-1,2023-08-07T04:00:00+00:00,2023-08-07T15:50:00+00:00,2023,1837.91,1846.1486272,1813.19411839,8.2386272,3.0,2.933075,2.933075,0.0,TP,143,11.83,3.1085,True,False,87394.55,1.378,1204.3,3532.29,90926.84
S2,ETHUSDT,-1,2023-08-07T07:00:00+00:00,2023-08-07T16:00:00+00:00,2023,1831.41,1839.49819386,1807.14541841,8.08819386,3.0,2.932071,2.932071,0.0,TP,109,9.0,3.5125,True,False,87394.55,1.378,1204.3,3531.08,94457.92
S2,SOLUSDT,-1,2023-08-07T07:00:00+00:00,2023-08-08T06:35:00+00:00,2023,23.009,23.33997029,22.01608912,0.33097029,3.0,-1.020856,-1.020856,0.0,SL,284,23.58,2.2933,True,False,87394.55,1.378,1204.3,-1229.41,97650.28
S2,BTCUSDT,-1,2023-08-07T14:00:00+00:00,2023-08-07T16:15:00+00:00,2023,29019.3,29129.79025024,28687.82924929,110.49025024,3.0,2.921208,2.921208,0.0,TP,28,2.25,3.05,True,False,87394.55,1.378,1204.3,3518.0,101504.23
S2,ETHUSDT,-1,2023-08-07T14:00:00+00:00,2023-08-07T16:00:00+00:00,2023,1827.49,1835.295494,1804.07351799,7.805494,3.0,2.929761,2.929761,0.0,TP,25,2.0,3.1375,True,False,87394.55,1.378,1204.3,3528.3,97986.22
S2,LINKUSDT,-1,2023-08-07T14:00:00+00:00,2023-08-07T21:20:00+00:00,2023,7.13,7.20601678,6.90194965,0.07601678,3.0,-1.028139,-1.028139,0.0,SL,89,7.33,2.6836,True,False,87394.55,1.378,1204.3,-1238.18,98879.69
S2,LINKUSDT,-1,2023-08-07T16:00:00+00:00,2023-08-07T18:15:00+00:00,2023,7.07,7.1493359,6.8319923,0.0793359,3.0,-1.026734,-1.026734,0.0,SL,28,2.25,1.8151,True,False,97986.22,1.378,1350.25,-1386.35,100117.88
S4,BTCUSDT,1,2023-08-07T18:00:00+00:00,2023-08-14T01:55:00+00:00,2023,28981.31,28771.59323903,33070.78683886,209.71676097,19.5,0.958542,-1.041458,2.0,BE,1824,151.92,6.0209,True,False,101504.23,1.6151,1639.39,1571.43,94093.76
S4,ETHUSDT,1,2023-08-07T21:00:00+00:00,2023-08-16T20:25:00+00:00,2023,1827.02,1810.68759152,2145.50196533,16.33240848,19.5,-1.033559,-1.033559,0.0,SL,2586,215.42,3.1214,True,False,100117.88,1.6151,1617.0,-1671.27,92744.75
S1,BTCUSDT,1,2023-08-08T13:00:00+00:00,2023-08-08T13:50:00+00:00,2023,29561.0,29355.32412522,32029.11049738,205.67587478,12.0,-1.043118,-1.043118,0.0,SL,11,0.83,0.5105,True,False,97650.28,0.9264,904.63,-943.64,96706.64
S2,BTCUSDT,-1,2023-08-08T14:00:00+00:00,2023-08-08T14:45:00+00:00,2023,29362.46,29539.12712708,28832.45861876,176.66712708,3.0,-1.049861,-1.049861,0.0,SL,10,0.75,0.0001,True,False,96706.64,1.378,1332.62,-1399.06,95307.58
S2,ETHUSDT,-1,2023-08-08T14:00:00+00:00,2023-08-08T15:40:00+00:00,2023,1834.54,1844.57741375,1804.42775874,10.03741375,3.0,-1.054831,-1.054831,0.0,SL,21,1.67,0.001,True,False,96706.64,1.378,1332.62,-1405.69,93901.89
S5,LINKUSDT,-1,2023-08-08T14:00:00+00:00,2023-08-08T21:20:00+00:00,2023,7.36,7.49472381,6.68638096,0.13472381,5.0,-1.016389,-1.016389,0.0,SL,89,7.33,0.3192,True,False,96706.64,0.5216,504.42,-512.69,92899.46
S1,SOLUSDT,1,2023-08-08T17:00:00+00:00,2023-08-15T19:05:00+00:00,2023,24.026,23.56390886,29.57109372,0.46209114,12.0,-1.015598,-1.015598,0.0,SL,2042,170.08,3.1898,False,True,,,,,
S2,SOLUSDT,-1,2023-08-09T14:00:00+00:00,2023-08-12T22:10:00+00:00,2023,24.715,25.09650152,23.57049543,0.38150152,3.0,-1.019435,-1.019435,0.0,SL,963,80.17,1.633,True,False,92899.46,1.378,1280.15,-1305.03,88987.3
S5,LINKUSDT,-1,2023-08-09T14:00:00+00:00,2023-08-15T19:05:00+00:00,2023,7.733,7.90919864,6.85200681,0.17619864,5.0,4.986834,4.986834,0.0,TP,1790,149.08,5.6527,True,False,92899.46,0.5216,484.56,2416.44,85147.72
S2,BTCUSDT,-1,2023-08-09T15:00:00+00:00,2023-08-15T19:10:00+00:00,2023,29744.9,29969.22149539,29071.93551384,224.32149539,3.0,2.96022,2.96022,0.0,TP,1779,148.17,3.0978,True,False,92899.46,1.378,1280.15,3789.54,95829.6
S2,SOLUSDT,-1,2023-08-09T15:00:00+00:00,2023-08-10T14:00:00+00:00,2023,24.446,24.84267999,23.25596004,0.39667999,3.0,-1.018488,-1.018488,0.0,SL,277,23.0,0.8924,True,False,92899.46,1.378,1280.15,-1303.82,90292.34
S2,XRPUSDT,-1,2023-08-09T15:00:00+00:00,2023-08-09T19:25:00+00:00,2023,0.6523,0.66312454,0.61982637,0.01082454,3.0,-1.018078,-1.018078,0.0,SL,54,4.42,0.425,True,False,92899.46,1.378,1280.15,-1303.3,91596.16
S2,BTCUSDT,-1,2023-08-09T17:00:00+00:00,2023-08-16T23:35:00+00:00,2023,29504.4,29738.72797306,28801.41608081,234.32797306,3.0,2.962227,2.962227,0.0,TP,2096,174.58,3.2834,True,False,92899.46,1.378,1280.15,3792.11,100469.02
S2,ETHUSDT,-1,2023-08-13T21:00:00+00:00,2023-08-13T22:35:00+00:00,2023,1854.13,1858.87630779,1839.89107662,4.74630779,3.0,2.882806,2.882806,0.0,TP,20,1.58,4.0305,True,False,88987.3,1.378,1226.25,3535.03,92522.33
S2,XRPUSDT,-1,2023-08-13T21:00:00+00:00,2023-08-14T23:40:00+00:00,2023,0.6319,0.63603314,0.61950057,0.00413314,3.0,-1.045866,-1.045866,0.0,SL,321,26.67,2.1049,True,False,88987.3,1.378,1226.25,-1282.49,84812.58
S2,ETHUSDT,-1,2023-08-13T22:00:00+00:00,2023-08-14T14:40:00+00:00,2023,1847.64,1852.93871438,1831.74385686,5.29871438,3.0,-1.104609,-1.104609,0.0,SL,201,16.67,2.6874,True,False,88987.3,1.378,1226.25,-1354.52,87363.51
S2,LINKUSDT,-1,2023-08-13T23:00:00+00:00,2023-08-14T02:45:00+00:00,2023,7.332,7.41032959,7.09701124,0.07832959,3.0,-1.028081,-1.028081,0.0,SL,46,3.75,0.383,True,False,92522.33,1.378,1274.96,-1310.76,92783.0
S3,LINKUSDT,-1,2023-08-13T23:00:00+00:00,2023-08-14T05:25:00+00:00,2023,7.332,7.46483296,6.88813234,0.10443945,4.25,-1.292927,-1.292927,0.0,SL,78,6.42,0.2872,True,False,92522.33,3.3981,3144.0,-4064.96,88718.03
S1,SOLUSDT,1,2023-08-14T01:00:00+00:00,2023-08-15T14:05:00+00:00,2023,24.315,24.00675512,28.01393861,0.30824488,12.0,0.976335,-1.023665,2.0,BE,446,37.08,3.8443,True,False,92522.33,0.9264,857.13,836.84,84123.89
S4,LINKUSDT,1,2023-08-14T01:00:00+00:00,2023-08-15T10:10:00+00:00,2023,7.4,7.29367211,9.47339391,0.10632789,19.5,-1.020879,-1.020879,0.0,SL,399,33.17,2.1819,True,False,92522.33,1.6151,1494.33,-1525.53,83287.05
S2,XRPUSDT,-1,2023-08-14T06:00:00+00:00,2023-08-14T22:45:00+00:00,2023,0.6298,0.63483115,0.61470654,0.00503115,3.0,-1.037554,-1.037554,0.0,SL,202,16.75,1.1131,True,False,88718.03,1.378,1222.53,-1268.45,86095.07
S2,BTCUSDT,-1,2023-08-14T18:00:00+00:00,2023-08-15T19:10:00+00:00,2023,29487.29,29626.72702338,29068.97892986,139.43702338,3.0,2.936558,2.936558,0.0,TP,303,25.17,3.1361,False,True,,,,,
S2,SOLUSDT,-1,2023-08-14T18:00:00+00:00,2023-08-14T22:20:00+00:00,2023,24.796,25.09783654,23.89049038,0.30183654,3.0,-1.024645,-1.024645,0.0,SL,53,4.33,0.9277,False,True,,,,,
S2,LINKUSDT,-1,2023-08-14T19:00:00+00:00,2023-08-15T19:05:00+00:00,2023,7.414,7.50739763,7.13380711,0.09339763,3.0,2.976186,2.976186,0.0,TP,290,24.08,7.2486,False,True,,,,,
S3,LINKUSDT,-1,2023-08-14T19:00:00+00:00,2023-08-15T19:05:00+00:00,2023,7.414,7.49433976,6.88474676,0.12453018,4.25,4.232139,4.232139,0.0,TP,290,24.08,5.4364,False,True,,,,,
S4,BTCUSDT,1,2023-08-14T21:00:00+00:00,2023-08-15T19:05:00+00:00,2023,29388.4,29190.44192402,33248.58248158,197.95807598,19.5,-1.044537,-1.044537,0.0,SL,266,22.08,0.5238,False,True,,,,,
S4,DOGEUSDT,1,2023-08-15T15:00:00+00:00,2023-08-15T18:05:00+00:00,2023,0.07409,0.07319983,0.09144826,0.00089017,19.5,-1.024969,-1.024969,0.0,SL,38,3.08,0.1011,True,False,84123.89,1.6151,1358.69,-1392.61,82731.28
S2,DOGEUSDT,-1,2023-08-15T16:00:00+00:00,2023-08-15T19:05:00+00:00,2023,0.07365,0.07434065,0.07157804,0.00069065,3.0,2.968008,2.968008,0.0,TP,38,3.08,8.7598,True,False,84123.89,1.378,1159.23,3440.6,88588.32
S2,SOLUSDT,-1,2023-08-15T16:00:00+00:00,2023-08-15T19:05:00+00:00,2023,24.712,25.04338347,23.71784958,0.33138347,3.0,2.977628,2.977628,0.0,TP,38,3.08,3.7268,True,False,84123.89,1.378,1159.23,3451.75,92040.06
S2,XRPUSDT,-1,2023-08-16T06:00:00+00:00,2023-08-16T20:25:00+00:00,2023,0.6083,0.61648582,0.58374255,0.00818582,3.0,2.977707,2.977707,0.0,TP,174,14.42,4.068,True,False,95829.6,1.378,1320.53,3932.16,96676.91
S2,ETHUSDT,-1,2023-08-16T16:00:00+00:00,2023-08-16T18:20:00+00:00,2023,1819.91,1827.65812185,1796.66563445,7.74812185,3.0,-1.070465,-1.070465,0.0,SL,29,2.33,0.6092,True,False,95829.6,1.378,1320.53,-1413.58,94416.02
S5,BTCUSDT,-1,2023-08-17T00:00:00+00:00,2023-08-17T20:50:00+00:00,2023,28730.51,28944.0264477,27662.92776149,213.5164477,5.0,4.959632,4.959632,0.0,TP,251,20.83,5.7162,True,False,100469.02,0.5216,524.05,2599.08,106020.36
S5,BTCUSDT,-1,2023-08-17T09:00:00+00:00,2023-08-17T21:40:00+00:00,2023,28545.2,28761.63494886,27463.02525571,216.43494886,5.0,4.960434,4.960434,0.0,TP,153,12.67,18.3159,True,False,100469.02,0.5216,524.05,2599.5,108619.86
S5,BTCUSDT,-1,2023-08-17T14:00:00+00:00,2023-08-17T21:40:00+00:00,2023,28393.4,28622.28772473,27248.96137634,228.88772473,5.0,4.962785,4.962785,0.0,TP,93,7.67,16.6562,True,False,100469.02,0.5216,524.05,2600.73,111220.59
S5,BTCUSDT,-1,2023-08-17T16:00:00+00:00,2023-08-17T21:40:00+00:00,2023,27920.9,28229.4623749,26378.08812552,308.5623749,5.0,4.972854,4.972854,0.0,TP,69,5.67,10.8241,True,False,101945.54,0.5216,531.75,2644.3,113864.89
S5,BTCUSDT,-1,2023-08-17T19:00:00+00:00,2023-08-17T21:40:00+00:00,2023,27875.0,28205.92986066,26220.35069671,330.92986066,5.0,4.97473,4.97473,0.0,TP,33,2.67,9.9538,True,False,101945.54,0.5216,531.75,2645.3,116510.19
S5,DOGEUSDT,-1,2023-08-18T00:00:00+00:00,2023-08-19T16:45:00+00:00,2023,0.06098,0.06422741,0.04474297,0.00324741,5.0,-1.005633,-1.005633,0.0,SL,490,40.75,0.3572,True,False,116510.19,0.5216,607.72,-611.14,115899.05
S5,SOLUSDT,-1,2023-08-18T00:00:00+00:00,2023-10-01T10:05:00+00:00,2023,21.664,22.81768643,15.89556783,1.15368643,5.0,-1.005633,-1.005633,0.0,SL,12794,1066.08,3.7653,True,False,116510.19,0.5216,607.72,-611.14,124505.2
S2,LINKUSDT,-1,2023-08-22T20:00:00+00:00,2023-08-22T23:10:00+00:00,2023,6.016,6.11359624,5.72321129,0.09759624,3.0,-1.018493,-1.018493,0.0,SL,39,3.17,1.8341,True,False,115899.05,1.378,1597.09,-1626.62,114272.43
S5,ETHUSDT,-1,2023-08-22T20:00:00+00:00,2023-08-23T06:45:00+00:00,2023,1624.2,1647.07481768,1509.82591161,22.87481768,5.0,-1.021301,-1.021301,0.0,SL,130,10.75,2.1508,True,False,115899.05,0.5216,604.53,-617.41,113043.3
S5,SOLUSDT,-1,2023-08-22T20:00:00+00:00,2023-08-22T23:10:00+00:00,2023,20.048,20.55342617,17.52086916,0.50542617,5.0,-1.0119,-1.0119,0.0,SL,39,3.17,1.6778,True,False,115899.05,0.5216,604.53,-611.72,113660.7
S4,BTCUSDT,1,2023-08-28T12:00:00+00:00,2023-08-31T17:00:00+00:00,2023,26000.99,25864.02812532,28671.74655632,136.96187468,19.5,0.943048,-1.056952,2.0,BE,925,77.0,15.822,True,False,113043.3,1.6151,1825.76,1721.78,110700.41
S2,ETHUSDT,-1,2023-08-28T14:00:00+00:00,2023-08-29T01:15:00+00:00,2023,1648.43,1660.02068568,1613.65794295,11.59068568,3.0,-1.042666,-1.042666,0.0,SL,136,11.25,0.9861,True,False,113043.3,1.378,1557.74,-1624.2,111419.1
S4,DOGEUSDT,1,2023-08-28T15:00:00+00:00,2023-08-31T16:55:00+00:00,2023,0.06295,0.062287,0.07587841,0.000663,19.5,0.971516,-1.028484,2.0,BE,888,73.92,8.5219,True,False,113043.3,1.6151,1825.76,1773.76,108978.63
S2,BTCUSDT,-1,2023-08-29T09:00:00+00:00,2023-08-29T13:45:00+00:00,2023,25956.44,26070.47184245,25614.34447266,114.03184245,3.0,-1.068287,-1.068287,0.0,SL,58,4.75,0.302,True,False,111419.1,1.378,1535.36,-1640.2,109778.9
S1,BTCUSDT,1,2023-08-29T15:00:00+00:00,2023-08-30T13:35:00+00:00,2023,27484.8,27104.6504115,32046.59506203,380.1495885,12.0,-1.02169,-1.02169,0.0,SL,272,22.58,1.7972,True,False,109778.9,0.9264,1016.99,-1039.05,107204.87
S2,SOLUSDT,-1,2023-08-29T16:00:00+00:00,2023-08-29T16:25:00+00:00,2023,21.322,21.75746653,20.01560042,0.43546653,3.0,-1.014689,-1.014689,0.0,SL,6,0.42,0.3238,True,False,109778.9,1.378,1512.75,-1534.97,108243.93
S5,LINKUSDT,-1,2023-08-29T16:00:00+00:00,2023-09-06T17:55:00+00:00,2023,6.184,6.31848027,5.51159865,0.13448027,5.0,-1.013795,-1.013795,0.0,SL,2328,193.92,3.4801,True,False,109778.9,0.5216,572.61,-580.51,104766.99
S5,BTCUSDT,-1,2023-08-29T20:00:00+00:00,2023-09-01T17:25:00+00:00,2023,27820.0,28295.89462122,25440.52689389,475.89462122,5.0,4.982463,4.982463,0.0,TP,834,69.42,5.1902,True,False,108243.93,0.5216,564.6,2813.1,113513.51
S5,BTCUSDT,-1,2023-08-29T21:00:00+00:00,2023-09-11T14:45:00+00:00,2023,27560.1,28048.43071971,25118.44640147,488.33071971,5.0,4.983069,4.983069,0.0,TP,3670,305.75,5.322,True,False,108243.93,0.5216,564.6,2813.44,112449.03
S2,DOGEUSDT,-1,2023-08-31T17:00:00+00:00,2023-09-02T14:40:00+00:00,2023,0.06376,0.06472591,0.06086228,0.00096591,3.0,-1.019803,-1.019803,0.0,SL,549,45.67,1.6047,True,False,110700.41,1.378,1525.45,-1555.66,111957.85
S3,DOGEUSDT,-1,2023-08-31T17:00:00+00:00,2023-10-09T09:50:00+00:00,2023,0.06376,0.06556659,0.05828652,0.00128788,4.25,4.235148,4.235148,0.0,TP,11147,928.83,5.7304,True,False,110700.41,3.3981,3761.71,15931.4,150606.29
S5,ETHUSDT,-1,2023-08-31T17:00:00+00:00,2023-09-06T17:55:00+00:00,2023,1649.75,1673.14683927,1532.76580363,23.39683927,5.0,-1.021153,-1.021153,0.0,SL,1740,144.92,2.0742,True,False,110700.41,0.5216,577.41,-589.63,104177.36
S5,XRPUSDT,-1,2023-08-31T17:00:00+00:00,2023-09-11T10:20:00+00:00,2023,0.5075,0.51664913,0.46175437,0.00914913,5.0,4.983359,4.983359,0.0,TP,3089,257.33,5.5524,True,False,110700.41,0.5216,577.41,2877.46,107303.08
S4,LINKUSDT,1,2023-08-31T23:00:00+00:00,2023-09-10T04:20:00+00:00,2023,5.871,5.74863502,8.25711703,0.12236498,19.5,0.985606,-1.014394,2.0,BE,2657,221.33,4.8788,True,False,110700.41,1.6151,1787.92,1762.19,101743.66
S2,ETHUSDT,-1,2023-09-01T17:00:00+00:00,2023-09-02T15:05:00+00:00,2023,1624.86,1640.63081495,1577.54755514,15.77081495,3.0,-1.030909,-1.030909,0.0,SL,266,22.08,1.499,True,False,110700.41,1.378,1525.45,-1572.6,110385.25
S5,XRPUSDT,-1,2023-09-01T17:00:00+00:00,2023-09-03T05:30:00+00:00,2023,0.4954,0.50405879,0.45210603,0.00865879,5.0,-1.017164,-1.017164,0.0,SL,439,36.5,1.051,True,False,110700.41,0.5216,577.41,-587.32,109797.93
S2,XRPUSDT,-1,2023-09-04T22:00:00+00:00,2023-09-11T07:05:00+00:00,2023,0.5043,0.50962769,0.48831692,0.00532769,3.0,2.971603,2.971603,0.0,TP,1838,153.08,3.0219,True,False,109797.93,1.378,1513.02,4496.08,104425.62
S4,DOGEUSDT,1,2023-09-04T23:00:00+00:00,2023-09-10T04:20:00+00:00,2023,0.0629,0.06207924,0.07890485,0.00082076,19.5,-1.022991,-1.022991,0.0,SL,1505,125.33,2.0834,True,False,109797.93,1.6151,1773.35,-1814.12,99929.54
S4,ETHUSDT,1,2023-09-04T23:00:00+00:00,2023-09-05T03:05:00+00:00,2023,1623.52,1610.52059744,1877.00834994,12.99940256,19.5,-1.037468,-1.037468,0.0,SL,50,4.08,0.8062,True,False,109797.93,1.6151,1773.35,-1839.79,107958.14
S4,LINKUSDT,1,2023-09-04T23:00:00+00:00,2023-09-10T01:25:00+00:00,2023,5.988,5.89532938,7.79507719,0.09267062,19.5,0.980615,-1.019385,2.0,BE,1470,122.42,5.1796,True,False,109797.93,1.6151,1773.35,1738.97,99981.47
S4,SOLUSDT,1,2023-09-04T23:00:00+00:00,2023-09-06T07:55:00+00:00,2023,19.335,18.98840211,26.09365885,0.34659789,19.5,0.983264,-1.016736,2.0,BE,396,32.92,3.6498,True,False,109797.93,1.6151,1773.35,1743.67,108683.57
S4,BTCUSDT,1,2023-09-05T04:00:00+00:00,2023-09-06T17:05:00+00:00,2023,25692.45,25476.80409853,29897.54507874,215.64590147,19.5,-1.035743,-1.035743,0.0,SL,446,37.08,1.0343,True,False,107958.14,1.6151,1743.63,-1805.95,106877.62
S1,LINKUSDT,1,2023-09-06T03:00:00+00:00,2023-09-06T05:15:00+00:00,2023,6.235,6.13170454,7.47454553,0.10329546,12.0,-1.018108,-1.018108,0.0,SL,28,2.25,0.3679,True,False,107958.14,0.9264,1000.12,-1018.23,106939.9
S2,SOLUSDT,-1,2023-09-06T06:00:00+00:00,2023-09-08T00:40:00+00:00,2023,19.805,20.14162145,18.79513566,0.33662145,3.0,-1.01765,-1.01765,0.0,SL,513,42.67,2.0943,True,False,106939.9,1.378,1473.63,-1499.64,98242.5
S2,LINKUSDT,-1,2023-09-06T08:00:00+00:00,2023-09-06T17:50:00+00:00,2023,6.138,6.22295998,5.88312005,0.08495998,3.0,-1.021674,-1.021674,0.0,SL,119,9.83,0.5885,True,False,108683.57,1.378,1497.66,-1530.12,105347.5
S2,BTCUSDT,-1,2023-09-06T19:00:00+00:00,2023-09-07T16:25:00+00:00,2023,25630.0,25856.00419876,24951.98740372,226.00419876,3.0,-1.034021,-1.034021,0.0,SL,258,21.42,0.1673,True,False,104177.36,1.378,1435.56,-1484.4,101216.26
S2,ETHUSDT,-1,2023-09-06T19:00:00+00:00,2023-09-07T21:05:00+00:00,2023,1627.49,1645.6712168,1572.94634959,18.1812168,3.0,-1.026854,-1.026854,0.0,SL,314,26.08,0.2684,True,False,104177.36,1.378,1435.56,-1474.11,99742.14
S2,XRPUSDT,-1,2023-09-06T19:00:00+00:00,2023-09-06T22:00:00+00:00,2023,0.4978,0.50301143,0.48216571,0.00521143,3.0,-1.028656,-1.028656,0.0,SL,37,3.0,0.0959,True,False,104177.36,1.378,1435.56,-1476.7,102700.66
S2,BTCUSDT,-1,2023-09-08T10:00:00+00:00,2023-09-11T14:05:00+00:00,2023,26032.2,26232.54940054,25431.15179839,200.34940054,3.0,2.96102,2.96102,0.0,TP,914,76.08,3.1049,True,False,98242.5,1.378,1353.78,4008.57,109635.59
S3,BTCUSDT,-1,2023-09-08T10:00:00+00:00,2023-09-11T20:00:00+00:00,2023,26032.2,26205.63494005,24896.8867303,267.13253405,4.25,4.220765,4.220765,0.0,TP,985,82.0,4.2833,True,False,98242.5,3.3981,3338.38,14090.51,130840.21
S5,SOLUSDT,-1,2023-09-10T09:00:00+00:00,2023-09-12T10:20:00+00:00,2023,18.328,18.72924512,16.32177438,0.40124512,5.0,-1.013703,-1.013703,0.0,SL,593,49.33,2.5122,True,False,99929.54,0.5216,521.23,-528.37,128826.39
S4,BTCUSDT,1,2023-09-11T05:00:00+00:00,2023-09-11T10:20:00+00:00,2023,25778.06,25577.09870701,29696.80521334,200.96129299,19.5,-1.038482,-1.038482,0.0,SL,65,5.33,0.6102,True,False,99929.54,1.6151,1613.96,-1676.07,105627.01
S4,SOLUSDT,1,2023-09-11T13:00:00+00:00,2023-10-21T06:30:00+00:00,2023,17.829,17.29518667,28.23835999,0.53381333,19.5,19.48998,19.48998,0.0,TP,11443,953.5,20.4266,True,False,105627.01,1.6151,1705.98,33249.55,198193.43
S2,BTCUSDT,-1,2023-09-11T14:00:00+00:00,2023-09-11T14:45:00+00:00,2023,25617.5,25787.10663367,25108.68009899,169.60663367,3.0,2.954688,2.954688,0.0,TP,10,0.75,3.8695,True,False,105627.01,1.378,1455.54,4300.67,116749.69
S2,LINKUSDT,-1,2023-09-11T14:00:00+00:00,2023-09-12T03:20:00+00:00,2023,5.879,5.96485903,5.62142292,0.08585903,3.0,-1.020542,-1.020542,0.0,SL,161,13.33,1.7238,True,False,105627.01,1.378,1455.54,-1485.44,129354.77
S4,SOLUSDT,1,2023-09-11T18:00:00+00:00,2023-10-21T11:30:00+00:00,2023,17.767,17.18218939,29.17080698,0.58481061,19.5,19.490886,19.490886,0.0,TP,11443,953.5,20.5759,True,False,116749.69,1.6151,1885.62,36752.49,234945.91
S2,ETHUSDT,-1,2023-09-12T18:00:00+00:00,2023-09-12T19:15:00+00:00,2023,1585.09,1607.01585165,1519.31244506,21.92585165,3.0,-1.021688,-1.021688,0.0,SL,16,1.25,0.0734,True,False,128826.39,1.378,1775.23,-1813.73,127012.66
S5,BTCUSDT,-1,2023-09-12T18:00:00+00:00,2023-09-13T15:45:00+00:00,2023,25891.2,26352.08846325,23586.75768375,460.88846325,5.0,-1.016853,-1.016853,0.0,SL,262,21.75,0.2803,True,False,128826.39,0.5216,671.96,-683.28,126329.38
S2,XRPUSDT,-1,2023-09-15T08:00:00+00:00,2023-09-15T19:45:00+00:00,2023,0.4936,0.49981472,0.47495585,0.00621472,3.0,-1.023827,-1.023827,0.0,SL,142,11.75,1.062,True,False,126329.38,1.378,1740.82,-1782.3,124547.08
S3,XRPUSDT,-1,2023-09-15T08:00:00+00:00,2023-09-15T19:45:00+00:00,2023,0.4936,0.49882147,0.45838326,0.00828629,4.25,-0.648004,-0.648004,0.0,SL,142,11.75,0.7965,True,False,126329.38,3.3981,4292.8,-2781.75,121765.33
S2,LINKUSDT,-1,2023-09-16T04:00:00+00:00,2023-09-17T20:40:00+00:00,2023,6.305,6.3809475,6.0771575,0.0759475,3.0,2.975095,2.975095,0.0,TP,489,40.67,3.4629,True,False,121765.33,1.378,1677.93,4991.99,126757.32
S4,LINKUSDT,1,2023-09-18T03:00:00+00:00,2023-09-30T11:10:00+00:00,2023,6.273,6.17480509,8.1878007,0.09819491,19.5,19.480835,19.480835,0.0,TP,3555,296.17,19.9603,True,False,126757.32,1.6151,2047.26,39882.29,125597.44
S1,LINKUSDT,1,2023-09-18T04:00:00+00:00,2023-10-21T13:50:00+00:00,2023,6.62,6.47581901,8.35017183,0.14418099,12.0,11.986226,11.986226,0.0,TP,9623,801.83,12.8658,True,False,126757.32,0.9264,1174.28,14075.18,249021.1
S5,LINKUSDT,-1,2023-09-18T07:00:00+00:00,2023-09-18T10:35:00+00:00,2023,6.576,6.73363908,5.78780462,0.15763908,5.0,-1.012515,-1.012515,0.0,SL,44,3.58,0.4631,True,False,126757.32,0.5216,661.17,-669.44,126087.88
S1,LINKUSDT,1,2023-09-18T11:00:00+00:00,2023-09-18T17:35:00+00:00,2023,6.776,6.5950175,8.94778998,0.1809825,12.0,-1.011232,-1.011232,0.0,SL,80,6.58,0.3481,True,False,126087.88,0.9264,1168.08,-1181.2,123703.0
S1,BTCUSDT,1,2023-09-18T13:00:00+00:00,2023-09-18T17:15:00+00:00,2023,27354.6,27085.37206817,30585.33518196,269.22793183,12.0,-1.030481,-1.030481,0.0,SL,52,4.25,0.1538,True,False,126087.88,0.9264,1168.08,-1203.68,124884.2
S2,ETHUSDT,-1,2023-09-18T18:00:00+00:00,2023-09-19T09:30:00+00:00,2023,1637.68,1653.20698466,1591.09904602,15.52698466,3.0,-1.031642,-1.031642,0.0,SL,187,15.5,0.8154,True,False,123703.0,1.378,1704.63,-1758.57,121944.43
S2,SOLUSDT,-1,2023-09-19T13:00:00+00:00,2023-09-20T14:30:00+00:00,2023,19.987,20.32504307,18.97287079,0.33804307,3.0,-1.017738,-1.017738,0.0,SL,307,25.5,0.6242,True,False,121944.43,1.378,1680.39,-1710.2,118503.24
S2,BTCUSDT,-1,2023-09-19T14:00:00+00:00,2023-09-19T15:00:00+00:00,2023,26959.2,27227.7902218,26153.4293346,268.5902218,3.0,-1.030112,-1.030112,0.0,SL,13,1.0,0.3396,True,False,121944.43,1.378,1680.39,-1730.99,120213.44
S2,DOGEUSDT,-1,2023-09-19T17:00:00+00:00,2023-09-21T04:30:00+00:00,2023,0.06285,0.06339738,0.06120786,0.00054738,3.0,-1.034446,-1.034446,0.0,SL,427,35.5,2.9596,True,False,120213.44,1.378,1656.54,-1713.6,116789.64
S4,BTCUSDT,1,2023-09-20T21:00:00+00:00,2023-09-21T09:35:00+00:00,2023,27098.73,26743.40187844,34027.62837048,355.32812156,19.5,-1.022879,-1.022879,0.0,SL,152,12.58,0.3835,True,False,118503.24,1.6151,1913.95,-1957.73,114831.9
S2,DOGEUSDT,-1,2023-09-21T11:00:00+00:00,2023-09-26T21:20:00+00:00,2023,0.06139,0.06203451,0.05945646,0.00064451,3.0,2.971425,2.971425,0.0,TP,1565,130.33,3.8013,True,False,114831.9,1.378,1582.38,4701.93,112646.12
S3,DOGEUSDT,-1,2023-09-21T11:00:00+00:00,2023-09-29T12:25:00+00:00,2023,0.06139,0.06216445,0.05773777,0.00085935,4.25,-0.922638,-0.922638,0.0,SL,2322,193.42,2.851,True,False,114831.9,3.3981,3902.1,-3600.23,86570.56
S2,LINKUSDT,-1,2023-09-23T16:00:00+00:00,2023-09-23T16:20:00+00:00,2023,6.932,7.03395495,6.62613516,0.10195495,3.0,-1.020397,-1.020397,0.0,SL,5,0.33,0.1962,True,False,114831.9,1.378,1582.38,-1614.66,113217.24
S2,LINKUSDT,-1,2023-09-23T19:00:00+00:00,2023-09-23T19:50:00+00:00,2023,7.095,7.21959731,6.72120807,0.12459731,3.0,-1.017083,-1.017083,0.0,SL,11,0.83,0.0482,True,False,113217.24,1.378,1560.13,-1586.79,111630.46
S4,ETHUSDT,1,2023-09-24T21:00:00+00:00,2023-09-24T23:25:00+00:00,2023,1589.78,1578.3502774,1812.65959066,11.4297226,19.5,-1.041728,-1.041728,0.0,SL,30,2.42,0.0849,True,False,111630.46,1.6151,1802.94,-1878.18,109752.28
S4,SOLUSDT,1,2023-09-25T01:00:00+00:00,2023-09-26T15:30:00+00:00,2023,19.425,19.13393763,25.10071622,0.29106237,19.5,-1.020021,-1.020021,0.0,SL,463,38.5,1.0479,True,False,109752.28,1.6151,1772.61,-1808.1,107944.18
S4,DOGEUSDT,1,2023-09-27T10:00:00+00:00,2023-09-27T14:30:00+00:00,2023,0.06091,0.06033134,0.07219387,0.00057866,19.5,-1.031578,-1.031578,0.0,SL,55,4.5,0.9159,True,False,112646.12,1.6151,1819.35,-1876.8,110769.32
S2,DOGEUSDT,-1,2023-09-27T15:00:00+00:00,2023-09-28T02:05:00+00:00,2023,0.06034,0.06084326,0.05883023,0.00050326,3.0,-1.03597,-1.03597,0.0,SL,134,11.08,0.457,True,False,110769.32,1.378,1526.4,-1581.31,102924.7
S2,ETHUSDT,-1,2023-09-27T15:00:00+00:00,2023-09-28T02:00:00+00:00,2023,1594.01,1608.45104771,1550.68685686,14.44104771,3.0,-1.033114,-1.033114,0.0,SL,133,11.0,0.7873,True,False,110769.32,1.378,1526.4,-1576.95,104506.0
S2,LINKUSDT,-1,2023-09-27T15:00:00+00:00,2023-09-27T19:05:00+00:00,2023,7.496,7.65996413,7.0041076,0.16396413,3.0,-1.013715,-1.013715,0.0,SL,50,4.08,0.0976,True,False,110769.32,1.378,1526.4,-1547.34,109221.98
S2,SOLUSDT,-1,2023-09-27T15:00:00+00:00,2023-09-27T23:35:00+00:00,2023,18.846,19.11050201,18.05249397,0.26450201,3.0,-1.021375,-1.021375,0.0,SL,104,8.58,0.4915,True,False,110769.32,1.378,1526.4,-1559.03,107662.95
S3,DOGEUSDT,-1,2023-09-27T15:00:00+00:00,2023-09-28T10:35:00+00:00,2023,0.06034,0.06110033,0.05748821,0.00067101,4.25,-1.160085,-1.160085,0.0,SL,236,19.58,0.3428,True,False,110769.32,3.3981,3764.05,-4366.62,91472.25
S3,ETHUSDT,-1,2023-09-27T15:00:00+00:00,2023-09-28T10:25:00+00:00,2023,1594.01,1621.70410477,1512.1773963,19.25473028,4.25,-1.463137,-1.463137,0.0,SL,234,19.42,0.5905,True,False,110769.32,3.3981,3764.05,-5507.32,95838.87
S2,BTCUSDT,-1,2023-09-27T17:00:00+00:00,2023-09-28T00:20:00+00:00,2023,26228.0,26452.05784232,25555.82647303,224.05784232,3.0,-1.035118,-1.035118,0.0,SL,89,7.33,0.5713,True,False,110769.32,1.378,1526.4,-1580.01,106082.95
S2,ETHUSDT,-1,2023-09-27T17:00:00+00:00,2023-09-28T02:05:00+00:00,2023,1597.55,1611.59049522,1555.42851434,14.04049522,3.0,-1.034134,-1.034134,0.0,SL,110,9.08,1.0619,True,False,110769.32,1.378,1526.4,-1578.5,101346.19
S1,BTCUSDT,1,2023-09-28T14:00:00+00:00,2023-10-11T15:25:00+00:00,2023,26580.7,26334.86074355,29530.77107743,245.83925645,12.0,0.967563,11.967563,-11.0,BE,3762,313.42,8.1325,False,True,,,,,
S1,ETHUSDT,1,2023-09-28T16:00:00+00:00,2023-10-02T18:35:00+00:00,2023,1652.01,1631.49944366,1898.1366761,20.51055634,12.0,0.975837,-1.024163,2.0,BE,1184,98.58,6.2402,False,True,,,,,
S1,SOLUSDT,1,2023-09-28T16:00:00+00:00,2023-10-01T10:05:00+00:00,2023,19.596,19.29778422,23.17458939,0.29821578,12.0,11.980287,11.980287,0.0,TP,794,66.08,16.1091,False,True,,,,,
S1,SOLUSDT,1,2023-09-29T02:00:00+00:00,2023-10-02T06:35:00+00:00,2023,20.209,19.84281094,24.60326873,0.36618906,12.0,11.983444,11.983444,0.0,TP,920,76.58,12.6192,True,False,91472.25,0.9264,847.4,10154.76,131123.96
S2,BTCUSDT,-1,2023-09-29T03:00:00+00:00,2023-09-29T07:30:00+00:00,2023,26879.4,27127.48303779,26135.15088662,248.08303779,3.0,-1.032505,-1.032505,0.0,SL,55,4.5,0.0451,True,False,91472.25,1.378,1260.49,-1301.46,90170.79
S1,ETHUSDT,1,2023-09-29T08:00:00+00:00,2023-09-29T14:05:00+00:00,2023,1685.6,1664.54387884,1938.27345397,21.05612116,12.0,-1.024016,-1.024016,0.0,SL,74,6.08,0.019,True,False,90170.79,0.9264,835.34,-855.4,85715.16
S5,ETHUSDT,-1,2023-09-29T09:00:00+00:00,2023-09-30T15:45:00+00:00,2023,1670.87,1692.75496965,1561.44515174,21.88496965,5.0,-1.022904,-1.022904,0.0,SL,370,30.75,0.7425,True,False,90170.79,0.5216,470.33,-481.1,125116.34
S2,XRPUSDT,-1,2023-09-29T22:00:00+00:00,2023-10-03T23:00:00+00:00,2023,0.5219,0.53197407,0.49167778,0.01007407,3.0,-1.015542,-1.015542,0.0,SL,1165,97.0,2.6206,False,True,,,,,
S2,DOGEUSDT,-1,2023-10-01T18:00:00+00:00,2023-10-01T22:15:00+00:00,2023,0.0619,0.06233168,0.06060497,0.00043168,3.0,-1.043018,-1.043018,0.0,SL,52,4.25,0.6486,True,False,124505.2,1.378,1715.68,-1789.49,122715.71
S1,BTCUSDT,1,2023-10-01T23:00:00+00:00,2023-10-02T18:35:00+00:00,2023,27996.43,27717.65086417,31341.77963002,278.77913583,12.0,-1.030128,-1.030128,0.0,SL,236,19.58,2.0933,True,False,122715.71,0.9264,1136.84,-1171.09,125735.88
S1,DOGEUSDT,1,2023-10-01T23:00:00+00:00,2023-10-02T15:45:00+00:00,2023,0.06349,0.06275397,0.07232232,0.00073603,12.0,-1.025878,-1.025878,0.0,SL,202,16.75,0.9375,True,False,122715.71,0.9264,1136.84,-1166.26,126906.97
S1,SOLUSDT,1,2023-10-01T23:00:00+00:00,2023-10-02T18:35:00+00:00,2023,24.376,23.51193351,34.74479784,0.86406649,12.0,-1.008463,-1.008463,0.0,SL,236,19.58,0.5254,True,False,122715.71,0.9264,1136.84,-1146.46,124589.42
S5,SOLUSDT,-1,2023-10-02T00:00:00+00:00,2023-10-02T06:35:00+00:00,2023,23.873,24.77463317,19.36483417,0.90163317,5.0,-1.007943,-1.007943,0.0,SL,80,6.58,0.3427,True,False,122715.71,0.5216,640.09,-645.17,130478.79
S2,DOGEUSDT,-1,2023-10-02T01:00:00+00:00,2023-10-02T01:45:00+00:00,2023,0.06293,0.06350531,0.06120406,0.00057531,3.0,-1.032815,-1.032815,0.0,SL,10,0.75,0.1391,True,False,122715.71,1.378,1691.02,-1746.51,120969.2
S2,LINKUSDT,-1,2023-10-02T01:00:00+00:00,2023-10-02T07:05:00+00:00,2023,7.927,8.0860556,7.4498332,0.1590556,3.0,-1.014951,-1.014951,0.0,SL,74,6.08,0.547,True,False,122715.71,1.378,1691.02,-1716.3,128762.48
S1,BTCUSDT,1,2023-10-02T07:00:00+00:00,2023-10-02T18:35:00+00:00,2023,28101.59,27794.55615006,31785.99619923,307.03384994,12.0,-1.027458,-1.027458,0.0,SL,140,11.58,1.5582,True,False,130478.79,0.9264,1208.76,-1241.95,123347.48
S5,BTCUSDT,-1,2023-10-02T12:00:00+00:00,2023-10-02T13:55:00+00:00,2023,28183.1,28505.21412418,26572.52937909,322.11412418,5.0,-1.026248,-1.026248,0.0,SL,24,1.92,0.0,True,False,128762.48,0.5216,671.63,-689.25,128073.23
S2,BTCUSDT,-1,2023-10-02T16:00:00+00:00,2023-10-11T02:30:00+00:00,2023,28015.0,28319.69704487,27100.9088654,304.69704487,3.0,2.972417,2.972417,0.0,TP,2431,202.5,3.2196,True,False,126906.97,1.378,1748.78,5198.1,179168.87
S2,ETHUSDT,-1,2023-10-02T16:00:00+00:00,2023-10-02T18:35:00+00:00,2023,1690.96,1711.26806674,1630.03579978,20.30806674,3.0,2.97502,2.97502,0.0,TP,32,2.58,3.4947,True,False,126906.97,1.378,1748.78,5202.65,128550.13
S3,ETHUSDT,-1,2023-10-02T16:00:00+00:00,2023-10-09T16:00:00+00:00,2023,1690.96,1718.62080667,1575.88095514,27.07742232,4.25,4.231265,4.231265,0.0,TP,2017,168.0,4.9672,True,False,126906.97,3.3981,4312.43,18247.02,168853.31
S4,DOGEUSDT,1,2023-10-02T20:00:00+00:00,2023-10-04T00:15:00+00:00,2023,0.06215,0.06097637,0.08503569,0.00117363,19.5,-1.015887,-1.015887,0.0,SL,340,28.25,0.1022,True,False,128550.13,1.6151,2076.21,-2109.2,124334.05
S4,XRPUSDT,1,2023-10-02T20:00:00+00:00,2023-10-03T15:55:00+00:00,2023,0.5161,0.5056183,0.72049316,0.0104817,19.5,-1.014771,-1.014771,0.0,SL,240,19.92,0.0382,True,False,128550.13,1.6151,2076.21,-2106.88,126443.24
S4,XRPUSDT,1,2023-10-03T02:00:00+00:00,2023-10-04T00:35:00+00:00,2023,0.5132,0.50374797,0.69751459,0.00945203,19.5,0.983711,-1.016289,2.0,BE,272,22.58,3.6394,True,False,128550.13,1.6151,2076.21,2042.39,126376.44
S2,BTCUSDT,-1,2023-10-06T13:00:00+00:00,2023-10-06T13:30:00+00:00,2023,27238.7,27471.28881024,26540.93356929,232.58881024,3.0,-1.035133,-1.035133,0.0,SL,7,0.5,0.3556,True,False,126376.44,1.378,1741.47,-1802.65,124573.79
S2,LINKUSDT,-1,2023-10-09T01:00:00+00:00,2023-10-09T16:25:00+00:00,2023,7.586,7.70652527,7.22442418,0.12052527,3.0,2.981118,2.981118,0.0,TP,186,15.42,3.2773,True,False,124573.79,1.378,1716.63,5117.47,173970.78
S2,XRPUSDT,-1,2023-10-09T05:00:00+00:00,2023-10-09T08:30:00+00:00,2023,0.517,0.51994095,0.50817714,0.00294095,3.0,2.947262,2.947262,0.0,TP,43,3.5,3.3323,True,False,124573.79,1.378,1716.63,5059.35,129633.14
S2,DOGEUSDT,-1,2023-10-09T06:00:00+00:00,2023-10-09T08:35:00+00:00,2023,0.06058,0.06086853,0.05971442,0.00028853,3.0,2.937011,2.937011,0.0,TP,32,2.58,3.05,True,False,124573.79,1.378,1716.63,5041.75,134674.89
S4,DOGEUSDT,1,2023-10-12T12:00:00+00:00,2023-10-12T16:25:00+00:00,2023,0.05805,0.05736614,0.07138534,0.00068386,19.5,-1.025466,-1.025466,0.0,SL,54,4.42,0.1024,True,False,179168.87,1.6151,2893.76,-2967.45,176201.42
S2,LINKUSDT,-1,2023-10-13T04:00:00+00:00,2023-10-13T07:30:00+00:00,2023,7.12,7.21881051,6.82356848,0.09881051,3.0,-1.021617,-1.021617,0.0,SL,43,3.5,0.0506,True,False,176201.42,1.378,2428.06,-2480.54,173720.88
S2,DOGEUSDT,-1,2023-10-13T15:00:00+00:00,2023-10-13T21:00:00+00:00,2023,0.05829,0.05878036,0.05681891,0.00049036,3.0,-1.035661,-1.035661,0.0,SL,73,6.0,0.6934,True,False,173720.88,1.378,2393.87,-2479.24,171241.64
S2,LINKUSDT,-1,2023-10-15T23:00:00+00:00,2023-10-16T02:25:00+00:00,2023,7.393,7.47576747,7.1446976,0.08276747,3.0,-1.026797,-1.026797,0.0,SL,42,3.42,0.2416,True,False,171241.64,1.378,2359.71,-2422.94,168818.7
S1,BTCUSDT,1,2023-10-16T06:00:00+00:00,2023-10-16T09:15:00+00:00,2023,27916.43,27633.00305291,31317.5533651,283.42694709,12.0,-1.029549,-1.029549,0.0,SL,40,3.25,0.1937,True,False,168818.7,0.9264,1563.94,-1610.15,167208.55
S1,ETHUSDT,1,2023-10-16T06:00:00+00:00,2023-10-16T13:40:00+00:00,2023,1584.53,1570.05567391,1758.22191307,14.47432609,12.0,0.967158,-1.032842,2.0,BE,93,7.67,3.9705,True,False,168818.7,0.9264,1563.94,1512.57,162079.74
S1,SOLUSDT,1,2023-10-16T06:00:00+00:00,2023-10-16T14:05:00+00:00,2023,22.704,22.34461737,27.01659156,0.35938263,12.0,0.981047,11.981047,-11.0,BE,98,8.08,6.5223,True,False,168818.7,0.9264,1563.94,1534.3,166674.05
S2,ETHUSDT,-1,2023-10-16T07:00:00+00:00,2023-10-16T13:20:00+00:00,2023,1577.4,1588.6299771,1543.71006871,11.2299771,3.0,-1.042139,-1.042139,0.0,SL,77,6.33,0.2903,True,False,168818.7,1.378,2326.32,-2424.35,162374.03
S2,LINKUSDT,-1,2023-10-16T07:00:00+00:00,2023-10-16T13:25:00+00:00,2023,7.565,7.65828418,7.28514747,0.09328418,3.0,-1.024329,-1.024329,0.0,SL,78,6.42,0.8576,True,False,168818.7,1.378,2326.32,-2382.92,159085.37
S5,BTCUSDT,-1,2023-10-16T07:00:00+00:00,2023-10-16T13:20:00+00:00,2023,27799.9,28091.50216516,26341.88917422,291.60216516,5.0,-1.028601,-1.028601,0.0,SL,77,6.33,0.5916,True,False,168818.7,0.5216,880.56,-905.74,161468.29
S1,SOLUSDT,1,2023-10-16T08:00:00+00:00,2023-10-16T13:50:00+00:00,2023,22.809,22.42251192,27.446857,0.38648808,12.0,0.982295,11.982295,-11.0,BE,71,5.83,5.7932,True,False,168818.7,0.9264,1563.94,1536.25,165139.75
S2,XRPUSDT,-1,2023-10-16T09:00:00+00:00,2023-10-16T12:25:00+00:00,2023,0.4911,0.49518769,0.47883693,0.00408769,3.0,-1.036042,-1.036042,0.0,SL,42,3.42,0.367,True,False,168818.7,1.378,2326.32,-2410.17,164798.38
S1,SOLUSDT,1,2023-10-16T12:00:00+00:00,2023-10-16T13:40:00+00:00,2023,23.132,22.70634022,28.23991738,0.42565978,12.0,0.983697,11.983697,-11.0,BE,21,1.67,4.5012,True,False,167208.55,0.9264,1549.02,1523.77,163603.51
S1,BTCUSDT,1,2023-10-16T13:00:00+00:00,2023-10-16T13:25:00+00:00,2023,27873.3,27588.93165645,31285.72012263,284.36834355,12.0,0.970595,11.970595,-11.0,BE,6,0.42,5.6782,True,False,164798.38,0.9264,1526.69,1481.8,160567.17
S2,DOGEUSDT,-1,2023-10-16T16:00:00+00:00,2023-10-19T01:40:00+00:00,2023,0.05967,0.06044985,0.05733044,0.00077985,3.0,2.977046,2.977046,0.0,TP,693,57.67,3.1544,True,False,166674.05,1.378,2296.77,6837.59,168804.57
S2,ETHUSDT,-1,2023-10-16T16:00:00+00:00,2023-10-16T19:00:00+00:00,2023,1577.05,1595.69667039,1521.10998884,18.64667039,3.0,-1.025373,-1.025373,0.0,SL,37,3.0,0.2526,True,False,166674.05,1.378,2296.77,-2355.04,164319.01
S2,XRPUSDT,-1,2023-10-16T16:00:00+00:00,2023-10-16T22:45:00+00:00,2023,0.492,0.49813525,0.47359424,0.00613525,3.0,-1.024058,-1.024058,0.0,SL,82,6.75,0.2934,True,False,166674.05,1.378,2296.77,-2352.02,161966.98
S1,BTCUSDT,1,2023-10-16T19:00:00+00:00,2023-11-09T02:20:00+00:00,2023,28536.8,27896.26627099,36223.20474815,640.53372901,12.0,11.986635,11.986635,0.0,TP,6713,559.33,13.0379,True,False,164319.01,0.9264,1522.25,18246.67,300632.11
S2,LINKUSDT,-1,2023-10-17T13:00:00+00:00,2023-10-20T03:15:00+00:00,2023,7.383,7.48107165,7.08878504,0.09807165,3.0,-1.022585,-1.022585,0.0,SL,748,62.25,1.8048,True,False,161966.98,1.378,2231.91,-2282.31,166522.25
S4,XRPUSDT,1,2023-10-19T18:00:00+00:00,2023-10-31T10:55:00+00:00,2023,0.4864,0.48096704,0.59234273,0.00543296,19.5,19.473142,19.473142,0.0,TP,3372,280.92,21.1303,True,False,168804.57,1.6151,2726.36,53090.85,338771.1
S1,SOLUSDT,1,2023-10-20T05:00:00+00:00,2023-10-30T09:05:00+00:00,2023,26.054,25.31679457,34.90046511,0.73720543,12.0,11.989398,11.989398,0.0,TP,2930,244.08,12.6898,True,False,166522.25,0.9264,1542.66,18495.59,285680.26
S1,ETHUSDT,1,2023-10-20T10:00:00+00:00,2023-10-20T13:30:00+00:00,2023,1617.89,1596.92712477,1869.44450277,20.96287523,12.0,-1.023154,-1.023154,0.0,SL,43,3.5,0.5782,True,False,166522.25,0.9264,1542.66,-1578.38,164943.87
S5,SOLUSDT,-1,2023-10-21T13:00:00+00:00,2023-10-21T21:50:00+00:00,2023,29.101,30.17556028,23.72819859,1.07456028,5.0,-1.008125,-1.008125,0.0,SL,107,8.83,0.4662,True,False,234945.91,0.5216,1225.48,-1235.43,247785.66
S1,LINKUSDT,1,2023-10-21T16:00:00+00:00,2023-11-06T21:35:00+00:00,2023,8.947,8.61787555,12.89649342,0.32912445,12.0,11.991845,11.991845,0.0,TP,4676,389.58,12.0046,True,False,249021.1,0.9264,2306.93,27664.36,302007.37
S1,ETHUSDT,1,2023-10-21T18:00:00+00:00,2023-10-26T07:40:00+00:00,2023,1637.81,1619.66875328,1855.50496059,18.14124672,12.0,11.972916,11.972916,0.0,TP,1317,109.67,12.1927,True,False,249021.1,0.9264,2306.93,27620.7,269455.28
S1,ETHUSDT,1,2023-10-22T23:00:00+00:00,2023-11-09T02:25:00+00:00,2023,1665.91,1644.62314847,1921.35221836,21.28685153,12.0,11.976522,11.976522,0.0,TP,4938,411.42,12.4062,True,False,247785.66,0.9264,2295.49,27491.94,355480.86
S1,LINKUSDT,1,2023-10-23T02:00:00+00:00,2023-10-23T09:15:00+00:00,2023,10.89,10.29721255,18.00344937,0.59278745,12.0,-1.005511,-1.005511,0.0,SL,88,7.25,0.3205,True,False,247785.66,0.9264,2295.49,-2308.14,244159.02
S5,DOGEUSDT,-1,2023-10-23T06:00:00+00:00,2023-10-23T08:45:00+00:00,2023,0.06275,0.06368384,0.05808081,0.00093384,5.0,-1.020159,-1.020159,0.0,SL,34,2.75,0.5461,True,False,247785.66,0.5216,1292.45,-1318.5,246467.16
S1,BTCUSDT,1,2023-10-23T09:00:00+00:00,2023-11-09T02:20:00+00:00,2023,30675.8,30180.87378522,36614.91457732,494.92621478,12.0,11.981406,11.981406,0.0,TP,4817,401.33,12.5518,True,False,246467.16,0.9264,2283.27,27356.81,327988.92
S1,XRPUSDT,1,2023-10-23T09:00:00+00:00,2023-10-24T15:35:00+00:00,2023,0.5305,0.52159398,0.63737224,0.00890602,12.0,0.98213,11.98213,-11.0,BE,368,30.58,6.3216,True,False,246467.16,0.9264,2283.27,2242.47,241834.59
S1,BTCUSDT,1,2023-10-23T17:00:00+00:00,2023-10-23T18:40:00+00:00,2023,31212.2,30680.92663206,37587.48041529,531.27336794,12.0,-1.017625,-1.017625,0.0,SL,21,1.67,0.1977,True,False,244159.02,0.9264,2261.89,-2301.75,241857.27
S1,DOGEUSDT,1,2023-10-23T23:00:00+00:00,2023-10-24T15:30:00+00:00,2023,0.06702,0.06518747,0.0890104,0.00183253,12.0,-1.010972,-1.010972,0.0,SL,199,16.5,1.6971,True,False,241857.27,0.9264,2240.57,-2265.15,239592.12
S1,ETHUSDT,1,2023-10-23T23:00:00+00:00,2023-10-27T17:05:00+00:00,2023,1786.17,1746.22020783,2265.56750601,39.94979217,12.0,-1.013413,-1.013413,0.0,SL,1082,90.08,2.1645,True,False,241857.27,0.9264,2240.57,-2270.62,267184.66
S2,DOGEUSDT,-1,2023-10-26T14:00:00+00:00,2023-11-06T15:10:00+00:00,2023,0.0719,0.07426492,0.06480523,0.00236492,3.0,-1.009121,-1.009121,0.0,SL,3183,265.17,2.7104,True,False,269455.28,1.378,3713.09,-3746.96,274343.01
S2,LINKUSDT,-1,2023-10-31T08:00:00+00:00,2023-11-05T02:45:00+00:00,2023,11.435,11.7995597,10.3413209,0.3645597,3.0,-1.00941,-1.00941,0.0,SL,1378,114.75,2.5702,True,False,285680.26,1.378,3936.67,-3973.72,297281.83
S4,BTCUSDT,1,2023-10-31T09:00:00+00:00,2023-11-02T13:40:00+00:00,2023,34414.1,34011.77793722,42259.38022415,402.32206278,19.5,0.974338,19.474338,-18.5,BE,633,52.67,3.9416,True,False,285680.26,1.6151,4614.02,4495.62,320574.79
S2,LINKUSDT,-1,2023-10-31T13:00:00+00:00,2023-11-01T20:40:00+00:00,2023,11.297,11.65496426,10.22310723,0.35796426,3.0,-1.009468,-1.009468,0.0,SL,381,31.67,1.8186,True,False,338771.1,1.378,4668.27,-4712.46,316079.17
S4,DOGEUSDT,1,2023-10-31T19:00:00+00:00,2023-11-01T10:35:00+00:00,2023,0.06811,0.06623794,0.10461511,0.00187206,19.5,-1.010915,-1.010915,0.0,SL,188,15.58,0.3098,True,False,338771.1,1.6151,5471.49,-5531.21,333239.89
S2,BTCUSDT,-1,2023-11-01T15:00:00+00:00,2023-11-01T16:35:00+00:00,2023,34183.97,34547.91198965,33092.14403105,363.94198965,3.0,-1.028178,-1.028178,0.0,SL,20,1.58,0.0611,True,False,333239.89,1.378,4592.05,-4721.44,328518.45
S2,ETHUSDT,-1,2023-11-01T15:00:00+00:00,2023-11-01T17:50:00+00:00,2023,1786.53,1807.53088056,1723.52735831,21.00088056,3.0,-1.025521,-1.025521,0.0,SL,35,2.83,0.0157,True,False,333239.89,1.378,4592.05,-4709.24,323809.21
S1,SOLUSDT,1,2023-11-01T18:00:00+00:00,2023-11-01T19:30:00+00:00,2023,44.462,42.21414777,71.4362268,2.24785223,12.0,-1.005934,-1.005934,0.0,SL,19,1.5,1.0401,True,False,323809.21,0.9264,2999.77,-3017.57,320791.64
S2,SOLUSDT,-1,2023-11-02T15:00:00+00:00,2023-11-07T18:40:00+00:00,2023,42.245,44.06835905,36.77492285,1.82335905,3.0,-1.006951,-1.006951,0.0,SL,1485,123.67,2.3736,True,False,320574.79,1.378,4417.52,-4448.23,294919.23
S2,LINKUSDT,-1,2023-11-02T16:00:00+00:00,2023-11-03T07:55:00+00:00,2023,10.896,11.2176759,9.93097231,0.3216759,3.0,-1.010162,-1.010162,0.0,SL,192,15.92,1.2373,True,False,320574.79,1.378,4417.52,-4462.41,311667.61
S2,SOLUSDT,-1,2023-11-02T16:00:00+00:00,2023-11-02T20:10:00+00:00,2023,40.045,41.99236912,34.20289265,1.94736912,3.0,-1.006169,-1.006169,0.0,SL,51,4.17,0.7184,True,False,320574.79,1.378,4417.52,-4444.77,316130.02
S3,SOLUSDT,-1,2023-11-02T16:00:00+00:00,2023-11-04T09:15:00+00:00,2023,40.045,42.51473691,29.00990833,2.59649216,4.25,-0.955809,-0.955809,0.0,SL,496,41.25,0.8196,True,False,320574.79,3.3981,10893.45,-10412.06,301255.55
S1,LINKUSDT,1,2023-11-05T04:00:00+00:00,2023-11-05T13:50:00+00:00,2023,12.411,12.04512331,16.80152032,0.36587669,12.0,-1.010176,-1.010176,0.0,SL,119,9.83,0.4619,True,False,297281.83,0.9264,2754.02,-2782.04,294499.79
S2,DOGEUSDT,-1,2023-11-05T14:00:00+00:00,2023-11-05T16:40:00+00:00,2023,0.06946,0.07063518,0.06593447,0.00117518,3.0,-1.017732,-1.017732,0.0,SL,33,2.67,0.0085,True,False,294499.79,1.378,4058.21,-4130.17,290369.62
S2,ETHUSDT,-1,2023-11-05T14:00:00+00:00,2023-11-05T17:10:00+00:00,2023,1871.23,1892.18218777,1808.37343668,20.95218777,3.0,-1.026793,-1.026793,0.0,SL,39,3.17,0.2019,True,False,294499.79,1.378,4058.21,-4166.94,286202.68
S2,LINKUSDT,-1,2023-11-05T14:00:00+00:00,2023-11-05T23:00:00+00:00,2023,11.862,12.15996963,10.96809112,0.29796963,3.0,-1.011943,-1.011943,0.0,SL,109,9.0,0.6175,True,False,294499.79,1.378,4058.21,-4106.67,282096.01
S1,XRPUSDT,1,2023-11-06T01:00:00+00:00,2023-11-07T00:30:00+00:00,2023,0.6849,0.6646977,0.9273276,0.0202023,12.0,-1.010171,-1.010171,0.0,SL,283,23.5,2.3958,True,False,282096.01,0.9264,2613.34,-2639.92,299367.46
S2,BTCUSDT,-1,2023-11-06T02:00:00+00:00,2023-11-06T10:35:00+00:00,2023,34893.1,35235.760915,33865.11725499,342.660915,3.0,-1.030549,-1.030549,0.0,SL,104,8.58,0.4879,True,False,282096.01,1.378,3887.28,-4006.04,278089.97
S2,DOGEUSDT,-1,2023-11-07T01:00:00+00:00,2023-11-08T17:45:00+00:00,2023,0.07471,0.0765563,0.06917109,0.0018463,3.0,-1.012139,-1.012139,0.0,SL,490,40.75,1.7386,True,False,299367.46,1.378,4125.28,-4175.36,290743.87
S2,DOGEUSDT,-1,2023-11-07T10:00:00+00:00,2023-11-08T17:45:00+00:00,2023,0.07367,0.07551399,0.06813804,0.00184399,3.0,-1.011985,-1.011985,0.0,SL,382,31.75,1.1768,True,False,299367.46,1.378,4125.28,-4174.73,286569.14
S2,BTCUSDT,-1,2023-11-07T22:00:00+00:00,2023-11-08T21:00:00+00:00,2023,35475.65,35836.93402541,34391.79792376,361.28402541,3.0,-1.029458,-1.029458,0.0,SL,277,23.0,1.1145,True,False,294919.23,1.378,4063.99,-4183.7,282385.44
S2,ETHUSDT,-1,2023-11-09T08:00:00+00:00,2023-11-09T14:10:00+00:00,2023,1912.49,1933.51659522,1849.41021435,21.02659522,3.0,-1.027287,-1.027287,0.0,SL,75,6.17,0.3805,True,False,355480.86,1.378,4898.53,-5032.19,350448.67
S1,SOLUSDT,1,2023-11-09T10:00:00+00:00,2023-11-09T16:10:00+00:00,2023,46.521,44.90139532,65.95625613,1.61960468,12.0,-1.008617,-1.008617,0.0,SL,75,6.17,1.5306,True,False,355480.86,0.9264,3293.17,-3321.55,343807.29
S1,LINKUSDT,1,2023-11-09T13:00:00+00:00,2023-11-09T16:05:00+00:00,2023,15.428,14.85609481,22.29086233,0.57190519,12.0,-1.008093,-1.008093,0.0,SL,38,3.08,0.9984,True,False,355480.86,0.9264,3293.17,-3319.83,347128.84
S2,BTCUSDT,-1,2023-11-09T16:00:00+00:00,2023-11-14T18:50:00+00:00,2023,37141.5,37773.3715769,35245.88526929,631.8715769,3.0,2.982366,2.982366,0.0,TP,1475,122.83,3.7057,True,False,350448.67,1.378,4829.18,14402.39,359480.62
S2,LINKUSDT,-1,2023-11-09T16:00:00+00:00,2023-11-09T16:10:00+00:00,2023,15.126,15.66269708,13.51590876,0.53669708,3.0,2.991545,2.991545,0.0,TP,3,0.17,3.6445,True,False,350448.67,1.378,4829.18,14446.72,358254.01
S4,DOGEUSDT,1,2023-11-10T00:00:00+00:00,2023-11-14T18:50:00+00:00,2023,0.07358,0.07046785,0.13426686,0.00311215,19.5,-1.007093,-1.007093,0.0,SL,1379,114.83,2.6991,True,False,358254.01,1.6151,5786.16,-5827.2,353653.42
S2,SOLUSDT,-1,2023-11-10T14:00:00+00:00,2023-11-10T16:50:00+00:00,2023,49.813,52.12197167,42.88608498,2.30897167,3.0,-1.006472,-1.006472,0.0,SL,35,2.83,0.5054,True,False,358254.01,1.378,4936.74,-4968.69,353285.31
S1,SOLUSDT,1,2023-11-11T14:00:00+00:00,2023-11-11T23:30:00+00:00,2023,59.718,56.21063925,101.80632896,3.50736075,12.0,-1.005108,-1.005108,0.0,SL,115,9.5,1.2311,True,False,353285.31,0.9264,3272.84,-3289.55,349995.76
S2,ETHUSDT,-1,2023-11-14T01:00:00+00:00,2023-11-14T08:15:00+00:00,2023,2035.1,2066.22823214,1941.71530358,31.12823214,3.0,-1.019613,-1.019613,0.0,SL,88,7.25,0.0659,True,False,349995.76,1.378,4822.94,-4917.53,345078.23
S2,XRPUSDT,-1,2023-11-14T01:00:00+00:00,2023-11-21T22:55:00+00:00,2023,0.6595,0.68734082,0.57597754,0.02784082,3.0,2.992894,2.992894,0.0,TP,2280,189.92,3.1429,True,False,349995.76,1.378,4822.94,14434.55,365640.68
S2,XRPUSDT,-1,2023-11-14T10:00:00+00:00,2023-11-14T18:50:00+00:00,2023,0.6547,0.67453494,0.59519518,0.01983494,3.0,2.990098,2.990098,0.0,TP,107,8.83,3.4132,True,False,345078.23,1.378,4755.18,14218.45,367871.86
S2,ETHUSDT,-1,2023-11-14T18:00:00+00:00,2023-11-14T18:50:00+00:00,2023,2025.3,2052.8949576,1942.5151272,27.5949576,3.0,2.977982,2.977982,0.0,TP,11,0.83,3.8159,True,False,345078.23,1.378,4755.18,14160.83,382032.7
S1,BTCUSDT,1,2023-11-15T19:00:00+00:00,2023-11-16T13:45:00+00:00,2023,37390.0,36773.11635628,44792.60372465,616.88364372,12.0,-1.018183,-1.018183,0.0,SL,226,18.75,0.9888,True,False,382032.7,0.9264,3539.15,-3603.5,371286.12
S1,DOGEUSDT,1,2023-11-16T10:00:00+00:00,2023-11-16T13:15:00+00:00,2023,0.08012,0.0776418,0.10985838,0.0024782,12.0,-1.009699,-1.009699,0.0,SL,40,3.25,1.38,True,False,382032.7,0.9264,3539.15,-3573.48,374889.62
S1,DOGEUSDT,1,2023-11-16T11:00:00+00:00,2023-11-16T12:20:00+00:00,2023,0.08283,0.07994167,0.11748992,0.00288833,12.0,-1.008603,-1.008603,0.0,SL,17,1.33,0.2458,True,False,382032.7,0.9264,3539.15,-3569.6,378463.1
S1,DOGEUSDT,1,2023-11-17T09:00:00+00:00,2023-11-17T14:20:00+00:00,2023,0.08495,0.0810756,0.13144282,0.0038744,12.0,-1.006578,-1.006578,0.0,SL,65,5.33,0.6917,True,False,371286.12,0.9264,3439.59,-3462.22,364361.65
S1,DOGEUSDT,1,2023-11-17T10:00:00+00:00,2023-11-17T11:20:00+00:00,2023,0.08737,0.08339091,0.13511905,0.00397909,12.0,-1.006587,-1.006587,0.0,SL,17,1.33,0.0653,True,False,371286.12,0.9264,3439.59,-3462.25,367823.87
S1,BTCUSDT,1,2023-11-20T05:00:00+00:00,2023-11-20T14:10:00+00:00,2023,37222.0,36868.43153331,41464.82160028,353.56846669,12.0,-1.031583,-1.031583,0.0,SL,111,9.17,0.6321,True,False,364361.65,0.9264,3375.45,-3482.05,360879.6
S1,ETHUSDT,1,2023-11-20T10:00:00+00:00,2023-11-20T14:10:00+00:00,2023,2037.81,2010.03817272,2371.07192732,27.77182728,12.0,-1.022013,-1.022013,0.0,SL,51,4.17,0.2348,True,False,364361.65,0.9264,3375.45,-3449.75,357429.85
S4,SOLUSDT,1,2023-11-20T15:00:00+00:00,2023-11-20T16:45:00+00:00,2023,60.036,57.77603437,104.10532979,2.25996563,19.5,-1.00797,-1.00797,0.0,SL,22,1.75,0.0518,True,False,357429.85,1.6151,5772.85,-5818.86,351610.99
S2,BTCUSDT,-1,2023-11-20T17:00:00+00:00,2023-11-20T17:45:00+00:00,2023,37250.5,37626.63063182,36122.10810453,376.13063182,3.0,-1.029711,-1.029711,0.0,SL,10,0.75,1.2509,True,False,351610.99,1.378,4845.2,-4989.16,346621.83
S2,ETHUSDT,-1,2023-11-20T17:00:00+00:00,2023-11-20T17:45:00+00:00,2023,2020.9,2049.37947065,1935.46158805,28.47947065,3.0,-1.021288,-1.021288,0.0,SL,10,0.75,0.3553,True,False,351610.99,1.378,4845.2,-4948.34,341673.49
S2,LINKUSDT,-1,2023-11-20T17:00:00+00:00,2023-11-21T17:45:00+00:00,2023,14.882,15.30454704,13.61435888,0.42254704,3.0,2.989434,2.989434,0.0,TP,298,24.75,3.034,True,False,351610.99,1.378,4845.2,14484.4,351206.13
S2,XRPUSDT,-1,2023-11-20T17:00:00+00:00,2023-11-20T17:45:00+00:00,2023,0.6139,0.62227417,0.58877748,0.00837417,3.0,-1.021993,-1.021993,0.0,SL,10,0.75,0.1552,True,False,351610.99,1.378,4845.2,-4951.76,336721.73
S5,SOLUSDT,-1,2023-11-20T17:00:00+00:00,2023-11-29T08:20:00+00:00,2023,57.708,60.15902139,45.45289307,2.45102139,5.0,-1.007063,-1.007063,0.0,SL,2489,207.33,2.6552,True,False,351610.99,0.5216,1834.0,-1846.96,328270.04
S2,LINKUSDT,-1,2023-11-21T23:00:00+00:00,2023-11-22T03:50:00+00:00,2023,13.413,13.91016769,11.92149694,0.49716769,3.0,-1.008094,-1.008094,0.0,SL,59,4.83,0.3882,True,False,365640.68,1.378,5038.53,-5079.31,360561.37
S5,BTCUSDT,-1,2023-11-21T23:00:00+00:00,2023-11-22T18:15:00+00:00,2023,36385.5,37103.14778171,32797.26109146,717.64778171,5.0,-1.01521,-1.01521,0.0,SL,232,19.25,1.0796,True,False,365640.68,0.5216,1907.18,-1936.19,356691.36
S5,BTCUSDT,-1,2023-11-22T00:00:00+00:00,2023-11-22T06:30:00+00:00,2023,35737.0,36504.58722587,31899.06387064,767.58722587,5.0,-1.013967,-1.013967,0.0,SL,79,6.5,0.1645,True,False,365640.68,0.5216,1907.18,-1933.82,358627.55
S2,LINKUSDT,-1,2023-11-26T15:00:00+00:00,2023-11-27T00:25:00+00:00,2023,14.742,14.99070232,13.99589304,0.24870232,3.0,-1.017783,-1.017783,0.0,SL,114,9.42,1.6445,True,False,356691.36,1.378,4915.21,-5002.61,351688.75
S4,LINKUSDT,1,2023-11-26T20:00:00+00:00,2023-11-27T10:35:00+00:00,2023,14.67,14.28277308,22.22092503,0.38722692,19.5,-1.011365,-1.011365,0.0,SL,176,14.58,1.6399,True,False,356691.36,1.6151,5760.92,-5826.4,323594.33
S4,XRPUSDT,1,2023-11-26T20:00:00+00:00,2023-11-27T03:05:00+00:00,2023,0.618,0.60699399,0.83261716,0.01100601,19.5,-1.016845,-1.016845,0.0,SL,86,7.08,0.1817,True,False,356691.36,1.6151,5760.92,-5857.96,345830.79
S4,LINKUSDT,1,2023-11-26T21:00:00+00:00,2023-11-27T07:25:00+00:00,2023,14.8,14.40471786,22.50800181,0.39528214,19.5,-1.011232,-1.011232,0.0,SL,126,10.42,1.2776,True,False,356691.36,1.6151,5760.92,-5825.63,335062.8
S2,DOGEUSDT,-1,2023-11-27T02:00:00+00:00,2023-11-27T05:50:00+00:00,2023,0.0787,0.07989077,0.07512768,0.00119077,3.0,-1.019827,-1.019827,0.0,SL,47,3.83,0.9238,True,False,351688.75,1.378,4846.27,-4942.36,340888.43
S2,LINKUSDT,-1,2023-11-27T02:00:00+00:00,2023-11-27T14:55:00+00:00,2023,15.039,15.35350503,14.0954849,0.31450503,3.0,2.985655,2.985655,0.0,TP,156,12.92,3.0651,True,False,351688.75,1.378,4846.27,14469.29,338063.62
S4,LINKUSDT,1,2023-11-27T05:00:00+00:00,2023-11-27T07:30:00+00:00,2023,14.775,14.33728058,23.31052865,0.43771942,19.5,-1.010126,-1.010126,0.0,SL,31,2.5,0.1325,True,False,345830.79,1.6151,5585.51,-5642.07,329420.73
S2,DOGEUSDT,-1,2023-11-27T11:00:00+00:00,2023-11-28T14:50:00+00:00,2023,0.07859,0.08018955,0.07379136,0.00159955,3.0,-1.01474,-1.01474,0.0,SL,335,27.83,1.2003,False,True,,,,,
S2,SOLUSDT,-1,2023-11-27T13:00:00+00:00,2023-11-28T09:40:00+00:00,2023,54.564,55.69732714,51.16401859,1.13332714,3.0,-1.014443,-1.014443,0.0,SL,249,20.67,1.0165,False,True,,,,,
S2,DOGEUSDT,-1,2023-11-27T15:00:00+00:00,2023-11-28T14:15:00+00:00,2023,0.07769,0.07934498,0.07272505,0.00165498,3.0,-1.014083,-1.014083,0.0,SL,280,23.25,0.6163,False,True,,,,,
S2,ETHUSDT,-1,2023-11-28T06:00:00+00:00,2023-11-28T09:50:00+00:00,2023,1997.31,2020.08880465,1928.97358605,22.77880465,3.0,-1.026305,-1.026305,0.0,SL,47,3.83,0.108,True,False,338063.62,1.378,4658.52,-4781.06,333282.57
S1,SOLUSDT,1,2023-11-28T17:00:00+00:00,2023-12-09T06:05:00+00:00,2023,57.26,55.71768512,75.76777859,1.54231488,12.0,11.988862,11.988862,0.0,TP,3038,253.08,12.3392,True,False,333282.57,0.9264,3087.53,37015.97,285113.61
S1,BTCUSDT,1,2023-11-28T18:00:00+00:00,2023-11-28T23:35:00+00:00,2023,38210.75,37757.22982366,43652.99211612,453.52017634,12.0,-1.025276,-1.025276,0.0,SL,68,5.58,0.3666,True,False,333282.57,0.9264,3087.53,-3165.57,330117.0
S1,SOLUSDT,1,2023-11-29T09:00:00+00:00,2023-11-29T15:05:00+00:00,2023,61.237,59.52624431,81.76606829,1.71075569,12.0,-1.010739,-1.010739,0.0,SL,74,6.08,0.3285,True,False,328270.04,0.9264,3041.09,-3073.75,325196.29
S2,BTCUSDT,-1,2023-11-29T15:00:00+00:00,2023-12-01T04:25:00+00:00,2023,37809.0,38186.20527082,36677.38418754,377.20527082,3.0,-1.03007,-1.03007,0.0,SL,450,37.42,0.8192,True,False,328270.04,1.378,4523.56,-4659.58,306404.24
S2,DOGEUSDT,-1,2023-11-29T15:00:00+00:00,2023-11-30T08:30:00+00:00,2023,0.08064,0.08208827,0.0762952,0.00144827,3.0,-1.016704,-1.016704,0.0,SL,211,17.5,0.6214,True,False,328270.04,1.378,4523.56,-4599.12,320597.16
S2,LINKUSDT,-1,2023-11-30T13:00:00+00:00,2023-12-01T15:45:00+00:00,2023,14.618,14.88658895,13.81223314,0.26858895,3.0,-1.016328,-1.016328,0.0,SL,322,26.75,1.3441,True,False,320597.16,1.378,4417.83,-4489.96,297416.0
S2,SOLUSDT,-1,2023-11-30T15:00:00+00:00,2023-12-01T02:50:00+00:00,2023,59.643,61.03549731,55.46550808,1.39249731,3.0,-1.01285,-1.01285,0.0,SL,143,11.83,0.7598,True,False,320597.16,1.378,4417.83,-4474.6,311063.83
S3,SOLUSDT,-1,2023-11-30T15:00:00+00:00,2023-12-01T02:20:00+00:00,2023,59.643,60.48724973,51.75218193,1.85666307,4.25,-0.464351,-0.464351,0.0,SL,137,11.33,0.5698,True,False,320597.16,3.3981,10894.21,-5058.74,315538.43
S1,DOGEUSDT,1,2023-11-30T17:00:00+00:00,2023-12-04T11:10:00+00:00,2023,0.08337,0.08161584,0.10441987,0.00175416,12.0,0.985742,11.985742,-11.0,BE,1083,90.17,4.572,True,False,320597.16,0.9264,2970.01,2927.67,285181.55
S2,DOGEUSDT,-1,2023-11-30T21:00:00+00:00,2023-12-01T05:50:00+00:00,2023,0.0831,0.08446898,0.07899307,0.00136898,3.0,-1.018211,-1.018211,0.0,SL,107,8.83,0.5844,True,False,320597.16,1.378,4417.83,-4498.28,301905.96
S1,ETHUSDT,1,2023-12-01T02:00:00+00:00,2023-12-09T08:20:00+00:00,2023,2087.99,2061.7346817,2403.05381962,26.2553183,12.0,11.976142,11.976142,0.0,TP,2381,198.33,12.1743,True,False,320597.16,0.9264,2970.01,35569.29,320682.9
S1,LINKUSDT,1,2023-12-02T07:00:00+00:00,2023-12-04T11:10:00+00:00,2023,15.671,15.36406585,19.35420985,0.30693415,12.0,-1.015317,-1.015317,0.0,SL,627,52.17,2.4435,True,False,297416.0,0.9264,2755.26,-2797.46,282384.09
S2,XRPUSDT,-1,2023-12-02T23:00:00+00:00,2023-12-03T00:45:00+00:00,2023,0.6185,0.62278727,0.60563818,0.00428727,3.0,-1.043279,-1.043279,0.0,SL,22,1.75,0.0233,True,False,297416.0,1.378,4098.39,-4275.77,293140.23
S1,SOLUSDT,1,2023-12-03T01:00:00+00:00,2023-12-03T05:05:00+00:00,2023,65.289,63.73179174,83.97549909,1.55720826,12.0,-1.012578,-1.012578,0.0,SL,50,4.08,0.2138,True,False,293140.23,0.9264,2715.65,-2749.81,290390.42
S2,XRPUSDT,-1,2023-12-03T15:00:00+00:00,2023-12-03T22:30:00+00:00,2023,0.6209,0.62704751,0.60245748,0.00614751,3.0,-1.0303,-1.0303,0.0,SL,91,7.5,0.5693,True,False,290390.42,1.378,4001.58,-4122.83,286267.59
S2,LINKUSDT,-1,2023-12-04T00:00:00+00:00,2023-12-04T01:25:00+00:00,2023,15.721,15.99087312,14.91138064,0.26987312,3.0,-1.017476,-1.017476,0.0,SL,18,1.42,0.3261,True,False,286267.59,1.378,3944.77,-4013.71,282253.89
S4,LINKUSDT,1,2023-12-04T01:00:00+00:00,2023-12-04T11:10:00+00:00,2023,15.815,15.45444281,22.84586529,0.36055719,19.5,-1.013159,-1.013159,0.0,SL,123,10.17,1.6807,True,False,286267.59,1.6151,4623.51,-4684.35,277699.74
S1,DOGEUSDT,1,2023-12-04T05:00:00+00:00,2023-12-04T11:10:00+00:00,2023,0.08827,0.08647956,0.10975533,0.00179044,12.0,-1.01479,-1.01479,0.0,SL,75,6.17,1.7426,True,False,282253.89,0.9264,2614.8,-2653.47,275046.27
S1,BTCUSDT,1,2023-12-04T06:00:00+00:00,2023-12-11T02:10:00+00:00,2023,41517.1,40934.33982172,48510.22213939,582.76017828,12.0,0.978627,-1.021373,2.0,BE,1971,164.17,5.4618,True,False,282253.89,0.9264,2614.8,2558.91,325851.15
S1,BTCUSDT,1,2023-12-04T09:00:00+00:00,2023-12-11T02:10:00+00:00,2023,41705.5,41097.19638787,49005.14334556,608.30361213,12.0,0.979432,-1.020568,2.0,BE,1935,161.17,4.9227,True,False,282253.89,0.9264,2614.8,2561.02,328412.17
S2,SOLUSDT,-1,2023-12-04T10:00:00+00:00,2023-12-04T11:10:00+00:00,2023,63.241,64.5165968,59.41420961,1.2755968,3.0,2.985127,2.985127,0.0,TP,15,1.17,3.3247,True,False,282253.89,1.378,3889.46,11610.53,286656.8
S1,BTCUSDT,1,2023-12-04T13:00:00+00:00,2023-12-11T02:05:00+00:00,2023,41801.8,41081.69929545,50443.00845462,720.10070455,12.0,0.982585,-1.017415,2.0,BE,1886,157.08,4.0247,True,False,286656.8,0.9264,2655.59,2609.34,323292.24
S4,LINKUSDT,1,2023-12-04T13:00:00+00:00,2023-12-04T14:05:00+00:00,2023,16.056,15.48717029,27.14817944,0.56882971,19.5,-1.008468,-1.008468,0.0,SL,14,1.08,0.1125,True,False,286656.8,1.6151,4629.79,-4669.0,281987.8
S2,SOLUSDT,-1,2023-12-04T14:00:00+00:00,2023-12-05T18:05:00+00:00,2023,60.609,62.26477242,55.64168275,1.65577242,3.0,-1.010981,-1.010981,0.0,SL,338,28.08,0.9089,True,False,286656.8,1.378,3950.13,-3993.51,268794.93
S4,LINKUSDT,1,2023-12-04T17:00:00+00:00,2023-12-07T10:55:00+00:00,2023,15.667,15.07975126,27.11835038,0.58724874,19.5,-1.008004,-1.008004,0.0,SL,792,65.92,0.8787,True,False,281987.8,1.6151,4554.38,-4590.84,259185.13
S4,LINKUSDT,1,2023-12-05T00:00:00+00:00,2023-12-05T06:35:00+00:00,2023,15.825,15.34999522,25.08759317,0.47500478,19.5,-1.009995,-1.009995,0.0,SL,80,6.58,0.4716,True,False,281987.8,1.6151,4554.38,-4599.91,272788.44
S4,LINKUSDT,1,2023-12-05T01:00:00+00:00,2023-12-05T04:50:00+00:00,2023,16.025,15.53920985,25.49790795,0.48579015,19.5,-1.009896,-1.009896,0.0,SL,47,3.83,0.0494,True,False,281987.8,1.6151,4554.38,-4599.46,277388.34
S1,DOGEUSDT,1,2023-12-06T06:00:00+00:00,2023-12-06T21:35:00+00:00,2023,0.09974,0.09592435,0.14552775,0.00381565,12.0,-1.007842,-1.007842,0.0,SL,188,15.58,1.7952,True,False,268794.93,0.9264,2490.12,-2509.64,263775.97
S1,SOLUSDT,1,2023-12-06T09:00:00+00:00,2023-12-06T10:55:00+00:00,2023,66.08,63.50934148,96.92790228,2.57065852,12.0,-1.007712,-1.007712,0.0,SL,24,1.92,0.2789,True,False,268794.93,0.9264,2490.12,-2509.32,266285.61
S2,SOLUSDT,-1,2023-12-06T11:00:00+00:00,2023-12-07T15:40:00+00:00,2023,63.891,65.98367331,57.61298008,2.09267331,3.0,-1.009159,-1.009159,0.0,SL,345,28.67,1.1636,True,False,266285.61,1.378,3669.42,-3703.02,255482.1
S2,XRPUSDT,-1,2023-12-07T07:00:00+00:00,2023-12-08T12:05:00+00:00,2023,0.6437,0.65574089,0.60757734,0.01204089,3.0,-1.016038,-1.016038,0.0,SL,350,29.08,1.852,True,False,263775.97,1.378,3634.83,-3693.13,248097.64
S2,XRPUSDT,-1,2023-12-07T09:00:00+00:00,2023-12-08T03:10:00+00:00,2023,0.6387,0.65102683,0.6017195,0.01232683,3.0,-1.015544,-1.015544,0.0,SL,219,18.17,1.4034,True,False,263775.97,1.378,3634.83,-3691.33,251790.77
S2,XRPUSDT,-1,2023-12-09T18:00:00+00:00,2023-12-11T02:10:00+00:00,2023,0.665,0.67896142,0.62311573,0.01396142,3.0,2.985711,2.985711,0.0,TP,387,32.17,5.7301,True,False,320682.9,1.378,4419.01,13193.89,341606.06
S4,DOGEUSDT,1,2023-12-11T09:00:00+00:00,2023-12-11T18:20:00+00:00,2023,0.09777,0.09208678,0.20859289,0.00568322,19.5,-1.005161,-1.005161,0.0,SL,113,9.33,0.2938,True,False,341606.06,1.6151,5517.28,-5545.75,336060.3
S2,DOGEUSDT,-1,2023-12-11T15:00:00+00:00,2023-12-14T17:05:00+00:00,2023,0.09477,0.09845435,0.08371694,0.00368435,3.0,-1.007717,-1.007717,0.0,SL,890,74.08,1.3679,True,False,341606.06,1.378,4707.33,-4743.66,318252.85
S3,DOGEUSDT,-1,2023-12-11T15:00:00+00:00,2023-12-14T16:45:00+00:00,2023,0.09477,0.09826844,0.073892,0.00491247,4.25,-0.717942,-0.717942,0.0,SL,886,73.75,1.026,True,False,341606.06,3.3981,11608.12,-8333.95,322996.51
S2,BTCUSDT,-1,2023-12-12T05:00:00+00:00,2023-12-12T07:45:00+00:00,2023,41411.9,41993.45105081,39667.24684756,581.55105081,3.0,-1.021363,-1.021363,0.0,SL,34,2.75,0.0172,True,False,336060.3,1.378,4630.91,-4729.84,331330.46
S2,BTCUSDT,-1,2023-12-14T19:00:00+00:00,2023-12-18T02:35:00+00:00,2023,42855.35,43509.69795663,40892.3061301,654.34795663,3.0,2.980352,2.980352,0.0,TP,956,79.58,3.1395,True,False,318252.85,1.378,4385.52,13070.41,332743.07
S2,LINKUSDT,-1,2023-12-14T19:00:00+00:00,2023-12-18T02:35:00+00:00,2023,15.142,15.59860394,13.77218818,0.45660394,3.0,2.990051,2.990051,0.0,TP,956,79.58,3.1077,True,False,318252.85,1.378,4385.52,13112.94,345856.01
S2,SOLUSDT,-1,2023-12-15T13:00:00+00:00,2023-12-18T01:35:00+00:00,2023,76.943,79.21729541,70.12011376,2.27429541,3.0,2.989851,2.989851,0.0,TP,728,60.58,3.0418,True,False,318252.85,1.378,4385.52,13112.06,319672.66
S2,SOLUSDT,-1,2023-12-15T17:00:00+00:00,2023-12-15T18:25:00+00:00,2023,74.066,76.5238266,66.69252019,2.4578266,3.0,-1.00904,-1.00904,0.0,SL,18,1.42,0.0716,True,False,318252.85,1.378,4385.52,-4425.17,313827.68
S2,SOLUSDT,-1,2023-12-16T00:00:00+00:00,2023-12-16T11:55:00+00:00,2023,72.558,75.06297416,65.04307752,2.50497416,3.0,-1.00869,-1.00869,0.0,SL,144,11.92,0.5341,True,False,313827.68,1.378,4324.55,-4362.13,309465.56
S1,DOGEUSDT,1,2023-12-17T00:00:00+00:00,2023-12-17T03:10:00+00:00,2023,0.09715,0.09495531,0.12348632,0.00219469,12.0,-1.01328,-1.01328,0.0,SL,39,3.17,0.3417,True,False,309465.56,0.9264,2866.89,-2904.96,306560.6
S2,DOGEUSDT,-1,2023-12-17T01:00:00+00:00,2023-12-18T07:45:00+00:00,2023,0.0961,0.0978288,0.09091359,0.0017288,3.0,2.983324,2.983324,0.0,TP,370,30.75,3.0426,True,False,309465.56,1.378,4264.44,12722.19,358578.2
S2,DOGEUSDT,-1,2023-12-18T02:00:00+00:00,2023-12-18T10:30:00+00:00,2023,0.092,0.09372647,0.0868206,0.00172647,3.0,2.984014,2.984014,0.0,TP,103,8.5,3.261,True,False,319672.66,1.378,4405.09,13144.85,380333.72
S2,ETHUSDT,-1,2023-12-18T02:00:00+00:00,2023-12-18T21:00:00+00:00,2023,2171.08,2197.49218764,2091.84343709,26.41218764,3.0,-1.02466,-1.02466,0.0,SL,229,19.0,2.0642,True,False,319672.66,1.378,4405.09,-4513.72,365225.54
S2,LINKUSDT,-1,2023-12-18T02:00:00+00:00,2023-12-18T08:25:00+00:00,2023,13.849,14.09400358,13.11398927,0.24500358,3.0,-1.016958,-1.016958,0.0,SL,78,6.42,0.853,True,False,319672.66,1.378,4405.09,-4479.79,354098.41
S2,XRPUSDT,-1,2023-12-18T02:00:00+00:00,2023-12-18T10:25:00+00:00,2023,0.6036,0.60999119,0.58442642,0.00639119,3.0,2.971667,2.971667,0.0,TP,102,8.42,3.0041,True,False,319672.66,1.378,4405.09,13090.46,367188.87
S2,LINKUSDT,-1,2023-12-18T13:00:00+00:00,2023-12-18T14:30:00+00:00,2023,13.996,14.34945935,12.93562195,0.35345935,3.0,-1.011879,-1.011879,0.0,SL,19,1.5,0.0877,True,False,380333.72,1.378,5241.0,-5303.26,375030.46
S2,BTCUSDT,-1,2023-12-18T16:00:00+00:00,2023-12-18T20:00:00+00:00,2023,41288.0,41807.25920414,39730.22238759,519.25920414,3.0,-1.023854,-1.023854,0.0,SL,49,4.0,0.2719,True,False,375030.46,1.378,5167.92,-5291.2,369739.26
S4,LINKUSDT,1,2023-12-18T17:00:00+00:00,2023-12-26T17:35:00+00:00,2023,14.102,13.62243562,23.45350547,0.47956438,19.5,0.991178,-1.008822,2.0,BE,2312,192.58,3.9348,True,False,375030.46,1.6151,6057.12,6003.68,342978.43
S4,BTCUSDT,1,2023-12-18T19:00:00+00:00,2023-12-26T09:45:00+00:00,2023,41661.0,40983.53593465,54871.54927432,677.46406535,19.5,0.981551,-1.018449,2.0,BE,2194,182.75,4.167,True,False,375030.46,1.6151,6057.12,5945.37,348243.85
S4,ETHUSDT,1,2023-12-18T22:00:00+00:00,2023-12-19T16:55:00+00:00,2023,2217.45,2178.77413367,2971.62939344,38.67586633,19.5,-1.0172,-1.0172,0.0,SL,228,18.92,1.0133,True,False,365225.54,1.6151,5898.76,-6000.22,359225.33
S2,XRPUSDT,-1,2023-12-19T18:00:00+00:00,2023-12-19T19:30:00+00:00,2023,0.598,0.6051633,0.57651009,0.0071633,3.0,-1.025044,-1.025044,0.0,SL,19,1.5,0.0977,True,False,359225.33,1.378,4950.13,-5074.1,354151.23
S5,ETHUSDT,-1,2023-12-19T18:00:00+00:00,2023-12-19T19:30:00+00:00,2023,2142.14,2182.92246105,1938.22769473,40.78246105,5.0,-1.015758,-1.015758,0.0,SL,19,1.5,0.1743,True,False,359225.33,0.5216,1873.72,-1903.25,352247.99
S5,LINKUSDT,-1,2023-12-19T18:00:00+00:00,2023-12-20T06:20:00+00:00,2023,13.982,14.33685792,12.20771038,0.35485792,5.0,-1.011821,-1.011821,0.0,SL,149,12.33,0.1719,True,False,359225.33,0.5216,1873.72,-1895.87,350352.12
S1,ETHUSDT,1,2023-12-20T14:00:00+00:00,2023-12-20T19:35:00+00:00,2023,2249.62,2212.32977946,2697.10264648,37.29022054,12.0,-1.018098,-1.018098,0.0,SL,68,5.58,0.5347,True,False,350352.12,0.9264,3245.66,-3304.4,347047.72
S1,SOLUSDT,1,2023-12-20T14:00:00+00:00,2023-12-24T01:25:00+00:00,2023,79.3,76.61828945,111.48052664,2.68171055,12.0,11.991129,11.991129,0.0,TP,1002,83.42,12.8202,True,False,350352.12,0.9264,3245.66,38919.15,348082.31
S2,LINKUSDT,-1,2023-12-20T20:00:00+00:00,2023-12-21T08:15:00+00:00,2023,14.344,14.59886319,13.57941042,0.25486319,3.0,-1.016884,-1.016884,0.0,SL,148,12.25,1.2399,True,False,347047.72,1.378,4782.32,-4863.06,342184.65
S2,LINKUSDT,-1,2023-12-21T13:00:00+00:00,2023-12-21T22:50:00+00:00,2023,14.939,15.21474074,14.11177779,0.27574074,3.0,-1.016253,-1.016253,0.0,SL,119,9.83,1.175,True,False,342184.65,1.378,4715.3,-4791.94,316527.98
S2,ETHUSDT,-1,2023-12-21T15:00:00+00:00,2023-12-21T21:35:00+00:00,2023,2217.55,2249.18192315,2122.65423055,31.63192315,3.0,-1.021031,-1.021031,0.0,SL,80,6.58,0.5548,True,False,342184.65,1.378,4715.3,-4814.47,332581.72
S2,LINKUSDT,-1,2023-12-21T15:00:00+00:00,2023-12-21T15:45:00+00:00,2023,14.741,15.02604431,13.88586708,0.28504431,3.0,-1.015514,-1.015514,0.0,SL,10,0.75,0.442,True,False,342184.65,1.378,4715.3,-4788.46,337396.2
S3,ETHUSDT,-1,2023-12-21T15:00:00+00:00,2023-12-21T21:40:00+00:00,2023,2217.55,2257.73319231,2038.30243549,42.17589753,4.25,-0.968526,-0.968526,0.0,SL,81,6.67,0.4161,True,False,342184.65,3.3981,11627.78,-11261.8,321319.92
S2,SOLUSDT,-1,2023-12-22T07:00:00+00:00,2023-12-23T18:30:00+00:00,2023,94.768,98.65181747,83.11654758,3.88381747,3.0,-1.00732,-1.00732,0.0,SL,427,35.5,1.0958,True,False,316527.98,1.378,4361.76,-4393.68,309163.16
S1,ETHUSDT,1,2023-12-22T15:00:00+00:00,2023-12-23T02:00:00+00:00,2023,2342.35,2289.27096828,2979.2983807,53.07903172,12.0,-1.013239,-1.013239,0.0,SL,133,11.0,0.0678,True,False,316527.98,0.9264,2932.32,-2971.14,313556.84
S4,BTCUSDT,1,2023-12-25T13:00:00+00:00,2023-12-26T05:10:00+00:00,2023,43648.03,43193.490578,52511.54872908,454.539422,19.5,-1.028808,-1.028808,0.0,SL,195,16.17,0.3946,True,False,348082.31,1.6151,5621.88,-5783.83,342298.48
S2,BTCUSDT,-1,2023-12-26T06:00:00+00:00,2023-12-26T17:35:00+00:00,2023,42764.85,43140.89306207,41636.7208138,376.04306207,3.0,2.965883,2.965883,0.0,TP,140,11.58,3.1056,True,False,342298.48,1.378,4716.87,13989.69,356968.12
S2,LINKUSDT,-1,2023-12-26T06:00:00+00:00,2023-12-26T17:35:00+00:00,2023,15.23,15.55464254,14.25607237,0.32464254,3.0,2.985926,2.985926,0.0,TP,140,11.58,3.1419,True,False,342298.48,1.378,4716.87,14084.23,371052.36
S4,LINKUSDT,1,2023-12-26T08:00:00+00:00,2023-12-26T17:30:00+00:00,2023,15.316,14.8767613,23.88115474,0.4392387,19.5,-1.010461,-1.010461,0.0,SL,115,9.5,0.4508,True,False,342298.48,1.6151,5528.46,-5586.3,342657.55
S4,LINKUSDT,1,2023-12-26T11:00:00+00:00,2023-12-26T17:30:00+00:00,2023,15.353,14.90876114,24.01565779,0.44423886,19.5,-1.010368,-1.010368,0.0,SL,79,6.5,0.3624,True,False,348243.85,1.6151,5624.49,-5682.8,336974.75
S2,DOGEUSDT,-1,2023-12-26T16:00:00+00:00,2023-12-26T17:35:00+00:00,2023,0.09162,0.09291536,0.08773392,0.00129536,3.0,2.978781,2.978781,0.0,TP,20,1.58,4.7246,True,False,348243.85,1.378,4798.8,14294.57,385346.93
S2,DOGEUSDT,-1,2023-12-27T03:00:00+00:00,2023-12-27T06:40:00+00:00,2023,0.08992,0.09151319,0.08514043,0.00159319,3.0,-1.016932,-1.016932,0.0,SL,45,3.67,0.2071,True,False,385346.93,1.378,5310.08,-5399.99,379946.94
S5,LINKUSDT,-1,2023-12-27T18:00:00+00:00,2023-12-28T00:00:00+00:00,2023,16.243,16.76414047,13.63729767,0.52114047,5.0,-1.00935,-1.00935,0.0,SL,73,6.0,0.1996,True,False,379946.94,0.5216,1981.8,-2000.33,377946.61
S2,XRPUSDT,-1,2023-12-28T06:00:00+00:00,2023-12-31T22:50:00+00:00,2023,0.6453,0.65671937,0.61104189,0.01141937,3.0,2.983047,2.983047,0.0,TP,1067,88.83,3.5291,True,False,377946.61,1.378,5208.1,15536.02,393209.15
S2,ETHUSDT,-1,2023-12-28T13:00:00+00:00,2023-12-28T13:25:00+00:00,2023,2376.0,2411.50428724,2269.48713828,35.50428724,3.0,-1.020076,-1.020076,0.0,SL,6,0.42,0.4104,True,False,377946.61,1.378,5208.1,-5312.66,372633.95
S2,LINKUSDT,-1,2023-12-28T13:00:00+00:00,2023-12-30T09:40:00+00:00,2023,16.702,17.25862528,15.03212415,0.55662528,3.0,2.990998,2.990998,0.0,TP,537,44.67,3.0074,True,False,377946.61,1.378,5208.1,15577.43,388211.38
S2,BTCUSDT,-1,2023-12-29T16:00:00+00:00,2023-12-31T09:25:00+00:00,2023,42301.6,42777.03269979,40875.30190064,475.43269979,3.0,-1.026692,-1.026692,0.0,SL,498,41.42,2.142,True,False,372633.95,1.378,5134.9,-5271.96,377673.13
S2,BTCUSDT,-1,2023-12-29T17:00:00+00:00,2023-12-30T15:50:00+00:00,2023,41971.23,42463.29607837,40495.03176488,492.06607837,3.0,-1.025589,-1.025589,0.0,SL,275,22.83,1.3982,True,False,372633.95,1.378,5134.9,-5266.29,382945.08
S2,DOGEUSDT,-1,2023-12-29T17:00:00+00:00,2024-01-01T18:15:00+00:00,2024,0.09028,0.09174412,0.08588765,0.00146412,3.0,-1.018499,-1.018499,0.0,SL,880,73.25,1.8714,True,False,372633.95,1.378,5134.9,-5229.89,387979.26
S3,DOGEUSDT,-1,2023-12-29T17:00:00+00:00,2024-01-01T18:15:00+00:00,2024,0.09028,0.09188641,0.08198334,0.00195216,4.25,-0.836765,-0.836765,0.0,SL,880,73.25,1.4036,True,False,372633.95,3.3981,12662.47,-10595.52,377383.75
S4,DOGEUSDT,1,2024-01-01T07:00:00+00:00,2024-01-02T15:15:00+00:00,2024,0.08954,0.08815199,0.11660616,0.00138801,19.5,0.980647,-1.019353,2.0,BE,388,32.25,3.5735,True,False,393209.15,1.6151,6350.72,6227.82,372903.11
S1,BTCUSDT,1,2024-01-02T00:00:00+00:00,2024-01-03T11:55:00+00:00,2024,44230.3,43652.24992296,51166.90092453,578.05007704,12.0,-1.022955,-1.022955,0.0,SL,432,35.92,2.975,True,False,377383.75,0.9264,3496.08,-3576.34,365769.65
S1,DOGEUSDT,1,2024-01-02T01:00:00+00:00,2024-01-02T14:30:00+00:00,2024,0.09341,0.09213271,0.10873749,0.00127729,12.0,-1.021939,-1.021939,0.0,SL,163,13.5,0.8534,True,False,377383.75,0.9264,3496.08,-3572.78,370246.51
S1,ETHUSDT,1,2024-01-02T01:00:00+00:00,2024-01-02T14:50:00+00:00,2024,2392.14,2358.74402178,2792.89173863,33.39597822,12.0,-1.021489,-1.021489,0.0,SL,167,13.83,1.2681,True,False,377383.75,0.9264,3496.08,-3571.21,366675.3
S1,BTCUSDT,1,2024-01-02T03:00:00+00:00,2024-01-02T21:00:00+00:00,2024,45420.0,44639.60967228,54784.68393265,780.39032772,12.0,-1.01746,-1.01746,0.0,SL,217,18.0,0.6791,True,False,377383.75,0.9264,3496.08,-3557.12,369345.99
S1,ETHUSDT,1,2024-01-02T09:00:00+00:00,2024-01-02T11:35:00+00:00,2024,2429.27,2392.003796,2876.46444803,37.266204,12.0,-1.019556,-1.019556,0.0,SL,32,2.58,0.0534,True,False,377383.75,0.9264,3496.08,-3564.45,373819.29
S2,LINKUSDT,-1,2024-01-02T15:00:00+00:00,2024-01-03T12:00:00+00:00,2024,15.448,15.73127804,14.59816588,0.28327804,3.0,2.98364,2.98364,0.0,TP,253,21.0,4.6174,True,False,366675.3,1.378,5052.79,15075.69,380845.35
S2,SOLUSDT,-1,2024-01-02T15:00:00+00:00,2024-01-03T12:00:00+00:00,2024,110.205,113.20185538,101.21443386,2.99685538,3.0,2.988968,2.988968,0.0,TP,253,21.0,5.7721,True,False,366675.3,1.378,5052.79,15102.61,395947.96
S2,BTCUSDT,-1,2024-01-03T12:00:00+00:00,2024-01-03T12:05:00+00:00,2024,43702.89,44353.59188997,41750.78433009,650.70188997,3.0,2.979851,2.979851,0.0,TP,2,0.08,5.0642,True,False,396358.33,1.378,5461.82,16275.4,412633.74
S2,ETHUSDT,-1,2024-01-03T12:00:00+00:00,2024-01-03T12:00:00+00:00,2024,2309.46,2340.97576517,2214.9127045,31.51576517,3.0,2.978016,2.978016,0.0,TP,1,0.0,3.6671,True,False,10000.0,1.378,137.8,410.37,396358.33
S3,BTCUSDT,-1,2024-01-03T12:00:00+00:00,2024-01-08T15:40:00+00:00,2024,43702.89,45239.140189,40015.57929017,867.60251996,4.25,-1.785796,-1.785796,0.0,SL,1485,123.67,3.7982,True,False,396358.33,3.3981,13468.65,-24052.27,384231.91
S5,DOGEUSDT,-1,2024-01-03T15:00:00+00:00,2024-01-11T10:50:00+00:00,2024,0.08105,0.08502935,0.06115324,0.00397935,5.0,-1.00611,-1.00611,0.0,SL,2255,187.83,1.7515,True,False,412633.74,0.5216,2152.3,-2165.45,354177.95
S5,ETHUSDT,-1,2024-01-03T15:00:00+00:00,2024-01-04T14:50:00+00:00,2024,2194.11,2268.43890722,1822.46546388,74.32890722,5.0,-1.008856,-1.008856,0.0,SL,287,23.83,0.0704,True,False,412633.74,0.5216,2152.3,-2171.36,410462.38
S5,XRPUSDT,-1,2024-01-07T23:00:00+00:00,2024-01-08T00:30:00+00:00,2024,0.5504,0.55989624,0.50291881,0.00949624,5.0,-1.017388,-1.017388,0.0,SL,19,1.5,0.5476,True,False,410462.38,0.5216,2140.97,-2178.2,408284.18
S4,DOGEUSDT,1,2024-01-08T18:00:00+00:00,2024-01-09T12:55:00+00:00,2024,0.07993,0.07787514,0.11999983,0.00205486,19.5,-1.011669,-1.011669,0.0,SL,228,18.92,0.8906,False,True,,,,,
S1,BTCUSDT,1,2024-01-08T19:00:00+00:00,2024-01-09T12:55:00+00:00,2024,46969.9,45945.93367093,59257.49594885,1023.96632907,12.0,-1.013761,-1.013761,0.0,SL,216,17.92,0.2726,False,True,,,,,
S1,SOLUSDT,1,2024-01-09T05:00:00+00:00,2024-01-09T12:55:00+00:00,2024,103.357,98.66976366,159.60383603,4.68723634,12.0,-1.006615,-1.006615,0.0,SL,96,7.92,0.1133,True,False,384231.91,0.9264,3559.52,-3583.07,380648.84
S2,DOGEUSDT,-1,2024-01-09T15:00:00+00:00,2024-01-09T17:10:00+00:00,2024,0.07753,0.07927604,0.07229189,0.00174604,3.0,-1.013321,-1.013321,0.0,SL,27,2.17,0.3035,True,False,380648.84,1.378,5245.34,-5315.21,375333.63
S2,LINKUSDT,-1,2024-01-09T15:00:00+00:00,2024-01-09T21:10:00+00:00,2024,13.448,13.82913671,12.30458986,0.38113671,3.0,-1.010585,-1.010585,0.0,SL,75,6.17,0.244,True,False,380648.84,1.378,5245.34,-5300.86,370032.77
S1,ETHUSDT,1,2024-01-10T10:00:00+00:00,2024-01-10T12:25:00+00:00,2024,2426.39,2359.68702596,3226.82568853,66.70297404,12.0,-1.010913,-1.010913,0.0,SL,30,2.42,0.0298,True,False,370032.77,0.9264,3427.98,-3465.39,366567.37
S2,ETHUSDT,-1,2024-01-10T17:00:00+00:00,2024-01-10T19:10:00+00:00,2024,2408.55,2469.11622924,2226.85131227,60.56622924,3.0,-1.01193,-1.01193,0.0,SL,27,2.17,0.1212,True,False,366567.37,1.378,5051.3,-5111.56,356343.4
S2,XRPUSDT,-1,2024-01-10T17:00:00+00:00,2024-01-10T19:05:00+00:00,2024,0.5638,0.57778061,0.52185817,0.01398061,3.0,-1.012098,-1.012098,0.0,SL,26,2.08,0.0572,True,False,366567.37,1.378,5051.3,-5112.41,361454.96
S4,SOLUSDT,1,2024-01-10T22:00:00+00:00,2024-01-12T15:25:00+00:00,2024,101.652,95.97391287,212.3746991,5.67808713,19.5,-1.005371,-1.005371,0.0,SL,498,41.42,1.0019,True,False,356343.4,1.6151,5755.3,-5786.21,348391.74
S2,BTCUSDT,-1,2024-01-11T16:00:00+00:00,2024-01-12T16:35:00+00:00,2024,46813.4,47958.45464061,43378.23607817,1145.05464061,3.0,2.987735,2.987735,0.0,TP,296,24.58,3.0016,True,False,354177.95,1.378,4880.57,14581.86,362973.6
S2,BTCUSDT,-1,2024-01-11T17:00:00+00:00,2024-01-12T22:00:00+00:00,2024,46038.0,47238.17216628,42437.48350116,1200.17216628,3.0,2.988492,2.988492,0.0,TP,349,29.0,3.1795,True,False,354177.95,1.378,4880.57,14585.55,377559.15
S2,SOLUSDT,-1,2024-01-15T00:00:00+00:00,2024-01-15T02:55:00+00:00,2024,93.829,96.76954818,85.00735546,2.94054818,3.0,-1.009573,-1.009573,0.0,SL,36,2.92,0.0037,True,False,377559.15,1.378,5202.77,-5252.57,367005.63
S2,XRPUSDT,-1,2024-01-15T00:00:00+00:00,2024-01-15T02:45:00+00:00,2024,0.5765,0.58566417,0.54900748,0.00916417,3.0,-1.018872,-1.018872,0.0,SL,34,2.75,0.0,True,False,377559.15,1.378,5202.77,-5300.95,372258.2
S2,XRPUSDT,-1,2024-01-15T07:00:00+00:00,2024-01-18T16:45:00+00:00,2024,0.5796,0.58796815,0.55449554,0.00836815,3.0,2.979221,2.979221,0.0,TP,982,81.75,3.107,True,False,367005.63,1.378,5057.34,15066.93,363483.62
S2,LINKUSDT,-1,2024-01-15T15:00:00+00:00,2024-01-17T03:45:00+00:00,2024,15.421,15.83657155,14.17428534,0.41557155,3.0,-1.011132,-1.011132,0.0,SL,442,36.75,1.6556,True,False,367005.63,1.378,5057.34,-5113.64,361891.99
S1,SOLUSDT,1,2024-01-17T11:00:00+00:00,2024-01-17T16:05:00+00:00,2024,101.929,98.79725107,139.50998711,3.13174893,12.0,-1.009764,-1.009764,0.0,SL,62,5.08,0.2986,True,False,361891.99,0.9264,3352.57,-3385.3,358506.69
S2,SOLUSDT,-1,2024-01-17T14:00:00+00:00,2024-01-18T00:05:00+00:00,2024,101.125,103.57945546,93.76163361,2.45445546,3.0,-1.01236,-1.01236,0.0,SL,122,10.08,1.5584,True,False,361891.99,1.378,4986.87,-5048.51,348416.7
S2,SOLUSDT,-1,2024-01-17T16:00:00+00:00,2024-01-17T21:40:00+00:00,2024,99.409,102.13232129,91.23903612,2.72332129,3.0,-1.010951,-1.010951,0.0,SL,69,5.67,0.7744,True,False,361891.99,1.378,4986.87,-5041.48,353465.2
S2,XRPUSDT,-1,2024-01-19T15:00:00+00:00,2024-01-19T16:35:00+00:00,2024,0.5445,0.55035262,0.52694215,0.00585262,3.0,2.972089,2.972089,0.0,TP,20,1.58,3.0926,True,False,363483.62,1.378,5008.8,14886.61,378370.23
S2,BTCUSDT,-1,2024-01-19T17:00:00+00:00,2024-01-19T17:35:00+00:00,2024,40395.0,40893.06326938,38900.81019185,498.06326938,3.0,-1.024331,-1.024331,0.0,SL,8,0.58,0.2309,True,False,378370.23,1.378,5213.94,-5340.8,373029.43
S4,BTCUSDT,1,2024-01-19T18:00:00+00:00,2024-01-22T10:25:00+00:00,2024,41239.57,40484.34880933,55966.383218,755.22119067,19.5,-1.016382,-1.016382,0.0,SL,774,64.42,1.2676,True,False,373029.43,1.6151,6024.8,-6123.5,352619.58
S4,SOLUSDT,1,2024-01-19T18:00:00+00:00,2024-01-22T08:35:00+00:00,2024,91.383,87.89386106,159.42120941,3.48913894,19.5,-1.007857,-1.007857,0.0,SL,752,62.58,1.024,True,False,373029.43,1.6151,6024.8,-6072.14,364859.9
S4,XRPUSDT,1,2024-01-20T02:00:00+00:00,2024-01-22T09:45:00+00:00,2024,0.544,0.53331581,0.75234168,0.01068419,19.5,-1.015275,-1.015275,0.0,SL,670,55.75,1.067,True,False,373029.43,1.6151,6024.8,-6116.83,358743.07
S1,DOGEUSDT,1,2024-01-20T20:00:00+00:00,2024-01-22T01:10:00+00:00,2024,0.08233,0.08074047,0.10140431,0.00158953,12.0,0.984461,-1.015539,2.0,BE,351,29.17,5.1776,True,False,373029.43,0.9264,3455.74,3402.05,372937.54
S1,DOGEUSDT,1,2024-01-20T23:00:00+00:00,2024-01-22T00:25:00+00:00,2024,0.08695,0.08458998,0.1152703,0.00236002,12.0,-1.011053,-1.011053,0.0,SL,306,25.42,1.5296,True,False,373029.43,0.9264,3455.74,-3493.94,369535.49
S5,DOGEUSDT,-1,2024-01-21T04:00:00+00:00,2024-02-19T22:20:00+00:00,2024,0.08682,0.09022185,0.06981076,0.00340185,5.0,-1.007656,-1.007656,0.0,SL,8573,714.33,3.2188,True,False,373029.43,0.5216,1945.72,-1960.62,309259.05
S5,BTCUSDT,-1,2024-01-22T05:00:00+00:00,2024-01-22T06:05:00+00:00,2024,40776.8,41171.70810617,38802.25946914,394.90810617,5.0,-1.030977,-1.030977,0.0,SL,14,1.08,0.2806,True,False,372937.54,0.5216,1945.24,-2005.5,370932.04
S5,ETHUSDT,-1,2024-01-22T05:00:00+00:00,2024-01-23T08:50:00+00:00,2024,2416.62,2441.86266322,2290.40668389,25.24266322,5.0,4.971279,4.971279,0.0,TP,335,27.83,5.2043,True,False,372937.54,0.5216,1945.24,9670.34,362289.92
S5,SOLUSDT,-1,2024-01-23T09:00:00+00:00,2024-01-23T23:50:00+00:00,2024,81.0,84.25962849,64.70185753,3.25962849,5.0,-1.007455,-1.007455,0.0,SL,179,14.83,0.6258,True,False,362289.92,0.5216,1889.7,-1903.79,360386.13
S5,ETHUSDT,-1,2024-01-23T10:00:00+00:00,2024-01-26T16:05:00+00:00,2024,2215.87,2268.27397381,1953.85013097,52.40397381,5.0,-1.012685,-1.012685,0.0,SL,938,78.08,0.923,True,False,362289.92,0.5216,1889.7,-1913.68,358472.45
S1,BTCUSDT,1,2024-01-26T17:00:00+00:00,2024-02-12T17:15:00+00:00,2024,41961.15,41279.75138973,50137.93332321,681.39861027,12.0,11.981526,11.981526,0.0,TP,4900,408.25,12.086,True,False,358472.45,0.9264,3320.89,39789.32,330920.62
S2,DOGEUSDT,-1,2024-01-28T19:00:00+00:00,2024-01-29T09:30:00+00:00,2024,0.07872,0.07959811,0.07608567,0.00087811,3.0,-1.026894,-1.026894,0.0,SL,175,14.5,0.6719,True,False,358472.45,1.378,4939.75,-5072.6,353399.85
S4,ETHUSDT,1,2024-01-29T10:00:00+00:00,2024-01-29T13:20:00+00:00,2024,2273.23,2247.64447762,2772.14768646,25.58552238,19.5,-1.026654,-1.026654,0.0,SL,41,3.33,0.1395,True,False,353399.85,1.6151,5707.76,-5859.9,347539.96
S2,LINKUSDT,-1,2024-01-29T14:00:00+00:00,2024-01-29T15:50:00+00:00,2024,14.387,14.62717747,13.6664676,0.24017747,3.0,-1.01797,-1.01797,0.0,SL,23,1.83,0.5413,True,False,347539.96,1.378,4789.1,-4875.16,342664.8
S4,ETHUSDT,1,2024-01-29T16:00:00+00:00,2024-01-31T10:10:00+00:00,2024,2274.99,2244.46676574,2870.19306804,30.52323426,19.5,0.97764,-1.02236,2.0,BE,507,42.17,3.861,True,False,342664.8,1.6151,5534.38,5410.63,344839.93
S1,BTCUSDT,1,2024-01-29T17:00:00+00:00,2024-01-31T10:45:00+00:00,2024,43182.5,42535.69876251,50944.11484988,646.80123749,12.0,-1.020029,-1.020029,0.0,SL,502,41.75,1.082,True,False,342664.8,0.9264,3174.45,-3238.03,341601.91
S1,LINKUSDT,1,2024-01-30T16:00:00+00:00,2024-01-31T21:25:00+00:00,2024,15.597,15.21394845,20.1936186,0.38305155,12.0,-1.012215,-1.012215,0.0,SL,354,29.42,1.2113,True,False,342664.8,0.9264,3174.45,-3213.22,319572.94
S1,ETHUSDT,1,2024-01-30T17:00:00+00:00,2024-01-31T00:15:00+00:00,2024,2368.76,2331.80582942,2812.210047,36.95417058,12.0,-1.01923,-1.01923,0.0,SL,88,7.25,0.6516,True,False,342664.8,0.9264,3174.45,-3235.49,339429.3
S5,XRPUSDT,-1,2024-01-30T20:00:00+00:00,2024-02-03T10:25:00+00:00,2024,0.5143,0.52299316,0.47083418,0.00869316,5.0,-1.017748,-1.017748,0.0,SL,1038,86.42,3.4855,True,False,342664.8,0.5216,1787.34,-1819.06,317096.36
S2,ETHUSDT,-1,2024-01-31T00:00:00+00:00,2024-02-01T01:20:00+00:00,2024,2341.96,2369.92930311,2258.05209067,27.96930311,3.0,2.97488,2.97488,0.0,TP,305,25.33,3.7527,True,False,342664.8,1.378,4721.92,14047.15,328048.41
S1,LINKUSDT,1,2024-01-31T03:00:00+00:00,2024-01-31T10:55:00+00:00,2024,15.866,15.46607971,20.66504347,0.39992029,12.0,-1.011902,-1.011902,0.0,SL,96,7.92,0.4876,True,False,339429.3,0.9264,3144.47,-3181.9,338420.01
S2,ETHUSDT,-1,2024-01-31T11:00:00+00:00,2024-01-31T13:30:00+00:00,2024,2283.11,2309.51495618,2203.89513146,26.40495618,3.0,-1.02594,-1.02594,0.0,SL,31,2.5,0.1466,True,False,338420.01,1.378,4663.43,-4784.4,333635.61
S3,ETHUSDT,-1,2024-01-31T11:00:00+00:00,2024-01-31T13:35:00+00:00,2024,2283.11,2315.64049562,2133.48191499,35.20660824,4.25,-0.943443,-0.943443,0.0,SL,32,2.58,0.1099,True,False,338420.01,3.3981,11499.85,-10849.45,322786.16
S4,ETHUSDT,1,2024-01-31T12:00:00+00:00,2024-01-31T21:25:00+00:00,2024,2299.11,2263.49672092,2993.56894202,35.61327908,19.5,-1.019367,-1.019367,0.0,SL,114,9.42,1.4276,True,False,338420.01,1.6151,5465.82,-5571.68,314001.26
S2,BTCUSDT,-1,2024-01-31T21:00:00+00:00,2024-02-01T17:25:00+00:00,2024,42534.0,43088.59852779,40870.20441664,554.59852779,3.0,-1.023008,-1.023008,0.0,SL,246,20.42,1.1715,False,True,,,,,
S2,DOGEUSDT,-1,2024-01-31T21:00:00+00:00,2024-02-05T10:55:00+00:00,2024,0.07897,0.0800138,0.07583859,0.0010438,3.0,-1.022697,-1.022697,0.0,SL,1320,109.92,1.6957,False,True,,,,,
S2,ETHUSDT,-1,2024-01-31T21:00:00+00:00,2024-02-02T00:20:00+00:00,2024,2287.01,2319.15936468,2190.56190596,32.14936468,3.0,-1.021341,-1.021341,0.0,SL,329,27.33,1.5556,False,True,,,,,
S2,SOLUSDT,-1,2024-01-31T21:00:00+00:00,2024-02-02T07:45:00+00:00,2024,98.012,100.97718877,89.1164337,2.96518877,3.0,-1.009916,-1.009916,0.0,SL,418,34.75,1.6566,False,True,,,,,
S3,BTCUSDT,-1,2024-01-31T21:00:00+00:00,2024-02-02T00:20:00+00:00,2024,42534.0,43404.35985278,39391.2750092,739.46470372,4.25,-1.194269,-1.194269,0.0,SL,329,27.33,0.8786,False,True,,,,,
S3,ETHUSDT,-1,2024-01-31T21:00:00+00:00,2024-02-03T01:20:00+00:00,2024,2287.01,2326.95493647,2104.83026682,42.86581957,4.25,-0.947866,-0.947866,0.0,SL,629,52.33,1.1667,False,True,,,,,
S2,LINKUSDT,-1,2024-02-01T02:00:00+00:00,2024-02-01T05:40:00+00:00,2024,15.185,15.59050203,13.96849391,0.40550203,3.0,-1.011234,-1.011234,0.0,SL,45,3.67,0.0962,True,False,328048.41,1.378,4520.51,-4571.29,323477.12
S2,SOLUSDT,-1,2024-02-01T02:00:00+00:00,2024-02-01T15:05:00+00:00,2024,94.148,97.2482725,84.84718251,3.1002725,3.0,-1.00911,-1.00911,0.0,SL,158,13.08,0.338,True,False,328048.41,1.378,4520.51,-4561.69,318915.43
S1,LINKUSDT,1,2024-02-01T22:00:00+00:00,2024-02-08T20:40:00+00:00,2024,17.364,16.73759693,24.88083681,0.62640307,12.0,0.991684,-1.008316,2.0,BE,2001,166.67,3.8889,True,False,318915.43,0.9264,2954.43,2929.86,302807.32
S1,LINKUSDT,1,2024-02-02T01:00:00+00:00,2024-02-20T15:25:00+00:00,2024,17.816,17.13443676,25.99475892,0.68156324,12.0,0.992158,-1.007842,2.0,BE,5358,446.42,4.4662,True,False,318915.43,0.9264,2954.43,2931.26,296825.83
S5,XRPUSDT,-1,2024-02-03T14:00:00+00:00,2024-02-09T21:50:00+00:00,2024,0.5188,0.52763947,0.47460264,0.00883947,5.0,-1.017607,-1.017607,0.0,SL,1823,151.83,2.5341,True,False,317096.36,0.5216,1653.97,-1683.1,295264.25
S2,DOGEUSDT,-1,2024-02-04T19:00:00+00:00,2024-02-05T01:10:00+00:00,2024,0.07914,0.07972493,0.0773852,0.00058493,3.0,2.959411,2.959411,0.0,TP,75,6.17,3.214,True,False,317096.36,1.378,4369.59,12931.41,330027.77
S4,BTCUSDT,1,2024-02-05T06:00:00+00:00,2024-02-05T20:20:00+00:00,2024,42767.7,42361.1424947,50695.57135328,406.5575053,19.5,-1.031558,-1.031558,0.0,SL,173,14.33,1.9728,True,False,330027.77,1.6151,5330.28,-5498.49,324529.28
S1,LINKUSDT,1,2024-02-05T11:00:00+00:00,2024-02-05T22:30:00+00:00,2024,19.437,18.78670009,27.24059897,0.65029991,12.0,-1.008967,-1.008967,0.0,SL,139,11.5,0.5582,True,False,330027.77,0.9264,3057.38,-3084.79,321444.49
S2,DOGEUSDT,-1,2024-02-05T15:00:00+00:00,2024-02-07T22:15:00+00:00,2024,0.07939,0.08019725,0.07696824,0.00080725,3.0,-1.029504,-1.029504,0.0,SL,664,55.25,2.2793,True,False,330027.77,1.378,4547.78,-4681.96,302755.11
S2,DOGEUSDT,-1,2024-02-05T16:00:00+00:00,2024-02-07T17:05:00+00:00,2024,0.0787,0.07954174,0.07617479,0.00084174,3.0,-1.028049,-1.028049,0.0,SL,590,49.08,1.3662,True,False,330027.77,1.378,4547.78,-4675.34,307437.07
S2,ETHUSDT,-1,2024-02-05T16:00:00+00:00,2024-02-06T02:10:00+00:00,2024,2297.21,2317.6442522,2235.9072434,20.4342522,3.0,-1.033726,-1.033726,0.0,SL,123,10.17,0.7443,True,False,330027.77,1.378,4547.78,-4701.16,316743.33
S2,SOLUSDT,-1,2024-02-05T16:00:00+00:00,2024-02-06T19:15:00+00:00,2024,95.555,97.12315983,90.85052052,1.56815983,3.0,-1.01828,-1.01828,0.0,SL,328,27.25,1.5553,True,False,330027.77,1.378,4547.78,-4630.92,312112.41
S4,DOGEUSDT,1,2024-02-06T00:00:00+00:00,2024-02-27T19:20:00+00:00,2024,0.07831,0.07726722,0.09864414,0.00104278,19.5,19.477471,19.477471,0.0,TP,6281,523.33,19.6974,True,False,321444.49,1.6151,5191.65,101120.21,444937.31
S4,SOLUSDT,1,2024-02-06T16:00:00+00:00,2024-03-05T15:35:00+00:00,2024,95.696,93.334159,141.75189959,2.361841,19.5,19.487845,19.487845,0.0,TP,8060,671.58,20.089,True,False,316743.33,1.6151,5115.72,99694.39,668424.43
S1,BTCUSDT,1,2024-02-08T16:00:00+00:00,2024-02-08T17:05:00+00:00,2024,45406.4,44882.51848982,51692.97812219,523.88151018,12.0,-1.026002,-1.026002,0.0,SL,14,1.08,0.1558,True,False,302755.11,0.9264,2804.72,-2877.65,299877.45
S1,BTCUSDT,1,2024-02-09T03:00:00+00:00,2024-02-26T19:15:00+00:00,2024,46285.22,45650.22598367,53905.14819597,634.99401633,12.0,11.978133,11.978133,0.0,TP,5092,424.25,12.8788,True,False,302807.32,0.9264,2805.21,33601.14,319035.64
S1,SOLUSDT,1,2024-02-09T03:00:00+00:00,2024-02-17T13:20:00+00:00,2024,105.606,103.31930831,133.04630032,2.28669169,12.0,0.986145,-1.013855,2.0,BE,2429,202.33,5.7861,True,False,302807.32,0.9264,2805.21,2766.34,311219.66
S2,SOLUSDT,-1,2024-02-09T04:00:00+00:00,2024-02-09T08:35:00+00:00,2024,104.306,106.06276743,99.03569771,1.75676743,3.0,-1.017812,-1.017812,0.0,SL,56,4.58,0.3336,True,False,302807.32,1.378,4172.68,-4247.01,298560.31
S5,BTCUSDT,-1,2024-02-09T04:00:00+00:00,2024-02-09T09:00:00+00:00,2024,46046.5,46697.45158659,42791.74206703,650.95158659,5.0,-1.021221,-1.021221,0.0,SL,61,5.0,0.2942,True,False,302807.32,0.5216,1579.44,-1612.96,296947.35
S1,BTCUSDT,1,2024-02-09T18:00:00+00:00,2024-02-27T02:05:00+00:00,2024,47652.24,46816.65476431,57679.26282825,835.58523569,12.0,11.982891,11.982891,0.0,TP,4994,416.08,12.1206,True,False,296947.35,0.9264,2750.92,32963.98,351999.61
S2,SOLUSDT,-1,2024-02-10T11:00:00+00:00,2024-02-10T18:50:00+00:00,2024,107.394,109.43558401,101.26924798,2.04158401,3.0,-1.015781,-1.015781,0.0,SL,95,7.83,0.1274,True,False,295264.25,1.378,4068.74,-4132.95,291131.3
S1,BTCUSDT,1,2024-02-12T16:00:00+00:00,2024-02-13T14:10:00+00:00,2024,49917.8,49162.32446267,58983.50644796,755.47553733,12.0,-1.019822,-1.019822,0.0,SL,267,22.17,0.5967,True,False,291131.3,0.9264,2697.04,-2750.5,323492.56
S4,SOLUSDT,1,2024-02-12T16:00:00+00:00,2024-02-16T08:00:00+00:00,2024,108.834,106.21527831,159.89907305,2.61872169,19.5,0.987532,-1.012468,2.0,BE,1057,88.0,3.8198,True,False,291131.3,1.6151,4702.06,4643.44,308453.32
S1,ETHUSDT,1,2024-02-12T18:00:00+00:00,2024-02-25T20:10:00+00:00,2024,2609.0,2566.87056569,3114.55321176,42.12943431,12.0,11.981422,11.981422,0.0,TP,3771,314.17,12.3667,True,False,330920.62,0.9264,3065.65,36730.83,310816.89
S2,DOGEUSDT,-1,2024-02-12T20:00:00+00:00,2024-02-13T00:10:00+00:00,2024,0.08158,0.08253009,0.07872972,0.00095009,3.0,-1.02576,-1.02576,0.0,SL,51,4.17,0.0105,True,False,330920.62,1.378,4560.09,-4677.55,326243.06
S2,BTCUSDT,-1,2024-02-12T22:00:00+00:00,2024-02-14T08:55:00+00:00,2024,49835.4,50492.39235693,47864.4229292,656.99235693,3.0,-1.022756,-1.022756,0.0,SL,420,34.92,2.3356,True,False,330920.62,1.378,4560.09,-4663.86,312576.33
S2,ETHUSDT,-1,2024-02-13T17:00:00+00:00,2024-02-13T21:10:00+00:00,2024,2604.07,2648.31899234,2471.32302298,44.24899234,3.0,-1.017655,-1.017655,0.0,SL,51,4.17,0.2502,True,False,323492.56,1.378,4457.73,-4536.43,317240.19
S5,BTCUSDT,-1,2024-02-13T17:00:00+00:00,2024-02-13T20:35:00+00:00,2024,48498.2,49356.25463835,44207.92680824,858.05463835,5.0,-1.016956,-1.016956,0.0,SL,44,3.58,0.2299,True,False,323492.56,0.5216,1687.34,-1715.95,321776.62
S2,DOGEUSDT,-1,2024-02-15T16:00:00+00:00,2024-02-16T04:00:00+00:00,2024,0.08511,0.08658533,0.08068402,0.00147533,3.0,-1.017307,-1.017307,0.0,SL,145,12.0,0.793,True,False,312576.33,1.378,4307.3,-4381.85,303809.89
S2,ETHUSDT,-1,2024-02-15T22:00:00+00:00,2024-02-16T00:50:00+00:00,2024,2795.59,2842.32657372,2655.38027883,46.73657372,3.0,-1.017945,-1.017945,0.0,SL,35,2.83,0.064,True,False,312576.33,1.378,4307.3,-4384.6,308191.73
S1,DOGEUSDT,1,2024-02-19T18:00:00+00:00,2024-02-20T07:55:00+00:00,2024,0.08863,0.08681293,0.11043484,0.00181707,12.0,-1.014633,-1.014633,0.0,SL,168,13.92,1.695,True,False,311219.66,0.9264,2883.14,-2925.33,306333.72
S1,ETHUSDT,1,2024-02-19T18:00:00+00:00,2024-02-20T09:15:00+00:00,2024,2945.32,2893.94778577,3561.78657079,51.37221423,12.0,-1.0172,-1.0172,0.0,SL,184,15.25,0.8351,True,False,311219.66,0.9264,2883.14,-2932.73,298332.27
S2,BTCUSDT,-1,2024-02-19T19:00:00+00:00,2024-02-20T11:05:00+00:00,2024,51926.62,52374.70572663,50582.36282012,448.08572663,3.0,-1.034766,-1.034766,0.0,SL,194,16.08,1.3304,True,False,311219.66,1.378,4288.61,-4437.7,293894.57
S4,LINKUSDT,1,2024-02-20T03:00:00+00:00,2024-02-20T08:20:00+00:00,2024,19.809,19.40718544,27.64438394,0.40181456,19.5,-1.01479,-1.01479,0.0,SL,65,5.33,0.0995,True,False,309259.05,1.6151,4994.84,-5068.72,301265.0
S2,BTCUSDT,-1,2024-02-20T17:00:00+00:00,2024-02-20T19:50:00+00:00,2024,51428.9,52038.523151,49600.030547,609.623151,3.0,-1.025309,-1.025309,0.0,SL,35,2.83,1.0513,True,False,296825.83,1.378,4090.26,-4193.78,288472.88
S2,ETHUSDT,-1,2024-02-20T17:00:00+00:00,2024-02-20T19:25:00+00:00,2024,2898.91,2950.53241909,2744.04274273,51.62241909,3.0,-1.016847,-1.016847,0.0,SL,30,2.42,0.2695,True,False,296825.83,1.378,4090.26,-4159.17,292666.66
S2,XRPUSDT,-1,2024-02-20T17:00:00+00:00,2024-02-20T20:10:00+00:00,2024,0.5494,0.56143419,0.51329744,0.01203419,3.0,-1.013696,-1.013696,0.0,SL,39,3.17,0.4487,True,False,296825.83,1.378,4090.26,-4146.28,284326.6
S4,XRPUSDT,1,2024-02-20T19:00:00+00:00,2024-02-21T09:40:00+00:00,2024,0.556,0.54029233,0.8622996,0.01570767,19.5,-1.010619,-1.010619,0.0,SL,177,14.67,0.713,True,False,296825.83,1.6151,4794.03,-4844.94,279481.66
S4,BTCUSDT,1,2024-02-20T20:00:00+00:00,2024-02-21T09:40:00+00:00,2024,52131.2,51258.84715124,69142.08055081,872.35284876,19.5,-1.017928,-1.017928,0.0,SL,165,13.67,0.4426,False,True,,,,,
S4,XRPUSDT,1,2024-02-20T20:00:00+00:00,2024-02-21T09:25:00+00:00,2024,0.5608,0.54520002,0.86499963,0.01559998,19.5,-1.010785,-1.010785,0.0,SL,162,13.42,0.4103,False,True,,,,,
S2,BTCUSDT,-1,2024-02-20T21:00:00+00:00,2024-02-26T15:30:00+00:00,2024,51990.62,52623.4210911,50092.2167267,632.8010911,3.0,-1.024648,-1.024648,0.0,SL,1663,138.5,2.3355,False,True,,,,,
S5,BTCUSDT,-1,2024-02-21T10:00:00+00:00,2024-02-21T23:45:00+00:00,2024,51115.3,51805.05105725,47666.54471375,689.75105725,5.0,-1.022232,-1.022232,0.0,SL,166,13.75,0.8509,True,False,279481.66,0.5216,1457.78,-1490.19,277991.47
S4,DOGEUSDT,1,2024-02-23T17:00:00+00:00,2024-02-28T16:55:00+00:00,2024,0.08469,0.08292232,0.11915973,0.00176768,19.5,19.485627,19.485627,0.0,TP,1440,119.92,19.8396,True,False,277991.47,1.6151,4489.84,87487.35,530078.45
S2,DOGEUSDT,-1,2024-02-24T02:00:00+00:00,2024-02-24T04:50:00+00:00,2024,0.08408,0.08537368,0.08019896,0.00129368,3.0,-1.019498,-1.019498,0.0,SL,35,2.83,0.1391,True,False,277991.47,1.378,3830.72,-3905.41,274086.06
S2,BTCUSDT,-1,2024-02-26T10:00:00+00:00,2024-02-26T13:00:00+00:00,2024,50984.4,51291.72150323,50062.4354903,307.32150323,3.0,-1.04977,-1.04977,0.0,SL,37,3.0,0.0498,True,False,310816.89,1.378,4283.06,-4496.22,306320.67
S2,ETHUSDT,-1,2024-02-26T10:00:00+00:00,2024-02-26T13:10:00+00:00,2024,3043.01,3080.35702192,2930.96893424,37.34702192,3.0,-1.024444,-1.024444,0.0,SL,39,3.17,0.0961,True,False,310816.89,1.378,4283.06,-4387.75,301932.91
S2,LINKUSDT,-1,2024-02-26T10:00:00+00:00,2024-02-26T13:50:00+00:00,2024,18.201,18.44045597,17.48263209,0.23945597,3.0,-1.022803,-1.022803,0.0,SL,47,3.83,0.1712,True,False,310816.89,1.378,4283.06,-4380.72,297552.19
S2,SOLUSDT,-1,2024-02-26T10:00:00+00:00,2024-02-26T14:45:00+00:00,2024,101.546,103.17682703,96.65351891,1.63082703,3.0,-1.01868,-1.01868,0.0,SL,58,4.75,0.7334,True,False,310816.89,1.378,4283.06,-4363.06,291533.12
S2,XRPUSDT,-1,2024-02-26T10:00:00+00:00,2024-02-26T14:45:00+00:00,2024,0.5336,0.53808374,0.52014878,0.00448374,3.0,-1.035702,-1.035702,0.0,SL,58,4.75,0.9813,True,False,310816.89,1.378,4283.06,-4435.97,287097.15
S5,DOGEUSDT,-1,2024-02-26T10:00:00+00:00,2024-02-26T14:40:00+00:00,2024,0.08439,0.08557007,0.07848965,0.00118007,5.0,-1.021454,-1.021454,0.0,SL,57,4.67,0.1186,True,False,310816.89,0.5216,1621.22,-1656.0,295896.19
S5,XRPUSDT,-1,2024-02-26T12:00:00+00:00,2024-02-26T14:45:00+00:00,2024,0.531,0.53723233,0.49983836,0.00623233,5.0,-1.02556,-1.02556,0.0,SL,34,2.75,0.2888,True,False,310816.89,0.5216,1621.22,-1662.66,285434.49
S4,BTCUSDT,1,2024-02-26T15:00:00+00:00,2024-02-28T14:55:00+00:00,2024,51720.0,51241.8651725,61043.62913629,478.1348275,19.5,19.467549,19.467549,0.0,TP,576,47.92,19.7949,False,True,,,,,
S4,SOLUSDT,1,2024-02-26T15:00:00+00:00,2024-02-27T16:05:00+00:00,2024,103.612,101.26763448,149.32712771,2.34436552,19.5,0.986741,19.486741,-18.5,BE,302,25.08,3.7955,False,True,,,,,
S1,BTCUSDT,1,2024-02-26T16:00:00+00:00,2024-02-28T13:20:00+00:00,2024,52872.2,52253.77480303,60293.30236359,618.42519697,12.0,11.974352,11.974352,0.0,TP,545,45.33,12.058,False,True,,,,,
S4,XRPUSDT,1,2024-02-26T17:00:00+00:00,2024-02-28T17:30:00+00:00,2024,0.5462,0.53898116,0.68696745,0.00721884,19.5,0.977301,-1.022699,2.0,BE,583,48.5,8.5055,False,True,,,,,
S1,SOLUSDT,1,2024-02-26T18:00:00+00:00,2024-02-27T15:50:00+00:00,2024,109.688,106.7569537,144.86055563,2.9310463,12.0,-1.011227,-1.011227,0.0,SL,263,21.83,0.9628,False,True,,,,,
S2,LINKUSDT,-1,2024-02-26T19:00:00+00:00,2024-02-26T20:05:00+00:00,2024,18.981,19.27000737,18.11397788,0.28900737,3.0,-1.019703,-1.019703,0.0,SL,14,1.08,0.2803,False,True,,,,,
S1,BTCUSDT,1,2024-02-26T20:00:00+00:00,2024-03-04T00:40:00+00:00,2024,54531.2,53719.92864821,64266.45622154,811.27135179,12.0,11.979835,11.979835,0.0,TP,1785,148.67,12.2007,True,False,319035.64,0.9264,2955.55,35406.96,538389.01
S1,BTCUSDT,1,2024-02-27T02:00:00+00:00,2024-03-04T16:05:00+00:00,2024,55857.3,54948.15200582,66767.07593013,909.14799418,12.0,11.981568,11.981568,0.0,TP,1898,158.08,12.0227,True,False,319035.64,0.9264,2955.55,35412.08,568730.04
S2,DOGEUSDT,-1,2024-02-27T04:00:00+00:00,2024-02-27T05:10:00+00:00,2024,0.08938,0.09087201,0.08490397,0.00149201,3.0,-1.017972,-1.017972,0.0,SL,15,1.17,0.1206,True,False,351999.61,1.378,4850.55,-4937.73,347061.89
S1,DOGEUSDT,1,2024-02-27T14:00:00+00:00,2024-02-27T16:05:00+00:00,2024,0.09803,0.09483563,0.13636241,0.00319437,12.0,-1.009207,-1.009207,0.0,SL,26,2.08,0.0313,True,False,347061.89,0.9264,3215.18,-3244.78,343817.1
S1,XRPUSDT,1,2024-02-27T18:00:00+00:00,2024-02-28T17:30:00+00:00,2024,0.5744,0.56123573,0.73237128,0.01316427,12.0,-1.01309,-1.01309,0.0,SL,283,23.5,2.522,True,False,343817.1,0.9264,3185.12,-3226.81,521915.7
S5,XRPUSDT,-1,2024-02-27T21:00:00+00:00,2024-02-28T16:25:00+00:00,2024,0.5815,0.59742351,0.50188246,0.01592351,5.0,-1.010956,-1.010956,0.0,SL,234,19.42,0.3705,True,False,444937.31,0.5216,2320.79,-2346.22,442591.09
S1,BTCUSDT,1,2024-02-28T09:00:00+00:00,2024-02-28T17:30:00+00:00,2024,59448.42,58335.62019012,72802.01771851,1112.79980988,12.0,0.983973,11.983973,-11.0,BE,103,8.5,4.0902,True,False,444937.31,0.9264,4121.9,4055.84,525971.54
S1,ETHUSDT,1,2024-02-28T14:00:00+00:00,2024-02-28T17:30:00+00:00,2024,3357.68,3285.47285474,4224.16574307,72.20714526,12.0,-1.01395,-1.01395,0.0,SL,43,3.5,1.9997,True,False,444937.31,0.9264,4121.9,-4179.4,521792.14
S1,SOLUSDT,1,2024-02-28T14:00:00+00:00,2024-02-28T17:30:00+00:00,2024,113.108,109.29557828,158.8570606,3.81242172,12.0,-1.0089,-1.0089,0.0,SL,43,3.5,1.093,True,False,444937.31,0.9264,4121.9,-4158.58,517633.55
S1,DOGEUSDT,1,2024-02-28T17:00:00+00:00,2024-02-28T17:25:00+00:00,2024,0.11878,0.11186008,0.20181904,0.00691992,12.0,-1.005149,-1.005149,0.0,SL,6,0.42,0.7095,True,False,530078.45,0.9264,4910.65,-4935.93,525142.51
S1,ETHUSDT,1,2024-02-28T17:00:00+00:00,2024-02-28T17:30:00+00:00,2024,3429.61,3347.50188115,4414.90742621,82.10811885,12.0,-1.012531,-1.012531,0.0,SL,7,0.5,0.8825,True,False,530078.45,0.9264,4910.65,-4972.18,512661.37
S1,SOLUSDT,1,2024-02-28T17:00:00+00:00,2024-02-28T17:30:00+00:00,2024,116.344,112.0339036,168.06515675,4.3100964,12.0,-1.008098,-1.008098,0.0,SL,7,0.5,0.216,True,False,530078.45,0.9264,4910.65,-4950.41,507710.96
S1,SOLUSDT,1,2024-02-29T01:00:00+00:00,2024-03-05T19:55:00+00:00,2024,123.312,116.39375501,206.33093984,6.91824499,12.0,-1.005347,-1.005347,0.0,SL,1668,138.92,2.8665,True,False,507710.96,0.9264,4703.43,-4728.58,686206.42
S1,SOLUSDT,1,2024-02-29T09:00:00+00:00,2024-02-29T22:25:00+00:00,2024,131.814,124.5104581,219.45650277,7.3035419,12.0,-1.005414,-1.005414,0.0,SL,162,13.42,0.4136,True,False,507710.96,0.9264,4703.43,-4728.9,502982.06
S1,ETHUSDT,1,2024-03-04T09:00:00+00:00,2024-03-04T14:00:00+00:00,2024,3538.66,3475.182862,4300.38565605,63.477138,12.0,-1.016724,-1.016724,0.0,SL,61,5.0,0.0169,True,False,538389.01,0.9264,4987.64,-5071.05,533317.97
S1,BTCUSDT,1,2024-03-04T15:00:00+00:00,2024-03-05T16:10:00+00:00,2024,66223.7,64838.47518731,82846.39775228,1385.22481269,12.0,-1.014342,-1.014342,0.0,SL,303,25.17,2.2569,True,False,533317.97,0.9264,4940.66,-5011.52,663412.91
S2,BTCUSDT,-1,2024-03-05T16:00:00+00:00,2024-03-05T19:35:00+00:00,2024,66839.8,68510.09976469,61828.90070592,1670.29976469,3.0,2.987995,2.987995,0.0,TP,44,3.58,3.137,True,False,668424.43,1.378,9210.89,27522.09,690935.0
S2,SOLUSDT,-1,2024-03-05T19:00:00+00:00,2024-03-05T19:55:00+00:00,2024,131.279,137.07444469,113.89266592,5.79544469,3.0,2.993204,2.993204,0.0,TP,12,0.92,4.7087,True,False,663412.91,1.378,9141.83,27363.36,713569.78
S4,SOLUSDT,1,2024-03-06T06:00:00+00:00,2024-04-13T17:35:00+00:00,2024,129.707,119.97201141,319.5392776,9.73498859,19.5,0.996003,-1.003997,2.0,BE,11084,923.58,8.2915,True,False,713569.78,1.6151,11524.87,11478.8,700703.47
S2,LINKUSDT,-1,2024-03-11T04:00:00+00:00,2024-03-15T03:25:00+00:00,2024,21.252,22.01604469,18.95986593,0.76404469,3.0,2.991655,2.991655,0.0,TP,1146,95.42,3.3702,True,False,713569.78,1.378,9832.99,29416.92,660244.77
S4,ETHUSDT,1,2024-03-11T04:00:00+00:00,2024-03-14T18:50:00+00:00,2024,3870.32,3782.97059956,5573.63330862,87.34940044,19.5,-1.013293,-1.013293,0.0,SL,1043,86.83,2.6139,True,False,713569.78,1.6151,11524.87,-11678.07,642509.28
S4,ETHUSDT,1,2024-03-11T07:00:00+00:00,2024-03-14T18:50:00+00:00,2024,3888.41,3802.54237144,5562.82875694,85.86762856,19.5,-1.013585,-1.013585,0.0,SL,1007,83.83,2.4483,True,False,713569.78,1.6151,11524.87,-11681.43,630827.85
S4,SOLUSDT,1,2024-03-11T07:00:00+00:00,2024-04-12T18:30:00+00:00,2024,143.67,138.69007566,240.77852465,4.97992434,19.5,0.991345,-1.008655,2.0,BE,9355,779.5,13.4048,True,False,713569.78,1.6151,11524.87,11425.12,678750.88
S4,SOLUSDT,1,2024-03-11T08:00:00+00:00,2024-03-12T17:05:00+00:00,2024,148.26,142.88578454,253.05720146,5.37421546,19.5,-1.008276,-1.008276,0.0,SL,398,33.08,1.31,True,False,713569.78,1.6151,11524.87,-11620.25,662015.24
S2,ETHUSDT,-1,2024-03-11T11:00:00+00:00,2024-03-14T18:45:00+00:00,2024,4030.49,4103.12109328,3812.59672016,72.63109328,3.0,2.983352,2.983352,0.0,TP,958,79.75,3.1046,True,False,713569.78,1.378,9832.99,29335.28,654187.34
S2,XRPUSDT,-1,2024-03-11T11:00:00+00:00,2024-03-11T15:40:00+00:00,2024,0.6255,0.63677188,0.59168436,0.01127188,3.0,-1.016648,-1.016648,0.0,SL,57,4.67,0.8162,True,False,713569.78,1.378,9832.99,-9996.69,703573.09
S2,ETHUSDT,-1,2024-03-11T14:00:00+00:00,2024-03-12T00:15:00+00:00,2024,4026.15,4097.61081521,3811.76755437,71.46081521,3.0,-1.016902,-1.016902,0.0,SL,124,10.25,0.3451,True,False,713569.78,1.378,9832.99,-9999.19,683583.49
S2,SOLUSDT,-1,2024-03-11T14:00:00+00:00,2024-03-12T02:25:00+00:00,2024,146.984,150.75392245,135.67423266,3.76992245,3.0,-1.011697,-1.011697,0.0,SL,150,12.42,0.3936,True,False,713569.78,1.378,9832.99,-9948.01,673635.48
S2,XRPUSDT,-1,2024-03-11T14:00:00+00:00,2024-03-11T15:40:00+00:00,2024,0.6184,0.6299884,0.5836348,0.0115884,3.0,-1.016009,-1.016009,0.0,SL,21,1.67,0.0173,True,False,713569.78,1.378,9832.99,-9990.41,693582.68
S1,XRPUSDT,1,2024-03-11T16:00:00+00:00,2024-03-12T17:05:00+00:00,2024,0.6938,0.66894055,0.99211346,0.02485945,12.0,-1.008373,-1.008373,0.0,SL,302,25.08,2.0797,True,False,693582.68,0.9264,6425.35,-6479.15,655536.09
S5,XRPUSDT,-1,2024-03-12T01:00:00+00:00,2024-04-12T18:30:00+00:00,2024,0.7044,0.73977049,0.52754754,0.03537049,5.0,4.994026,4.994026,0.0,TP,9139,761.5,5.3067,True,False,683583.49,0.5216,3565.57,17806.56,696557.43
S2,XRPUSDT,-1,2024-03-12T04:00:00+00:00,2024-03-15T03:25:00+00:00,2024,0.6902,0.71574941,0.61355177,0.02554941,3.0,2.991896,2.991896,0.0,TP,858,71.42,3.3386,True,False,673635.48,1.378,9282.7,27772.86,688017.63
S2,SOLUSDT,-1,2024-03-12T17:00:00+00:00,2024-03-12T23:40:00+00:00,2024,146.456,151.13926055,132.40621835,4.68326055,3.0,-1.009382,-1.009382,0.0,SL,81,6.67,1.0369,True,False,673635.48,1.378,9282.7,-9369.79,646166.3
S2,XRPUSDT,-1,2024-03-12T17:00:00+00:00,2024-03-14T09:50:00+00:00,2024,0.6821,0.70764114,0.60547657,0.02554114,3.0,-1.008012,-1.008012,0.0,SL,491,40.83,1.0023,True,False,673635.48,1.378,9282.7,-9357.07,636809.23
S1,DOGEUSDT,1,2024-03-14T06:00:00+00:00,2024-03-14T13:50:00+00:00,2024,0.18512,0.17616507,0.2925791,0.00895493,12.0,-1.006202,-1.006202,0.0,SL,95,7.83,0.6522,True,False,646166.3,0.9264,5986.08,-6023.21,630786.02
S1,DOGEUSDT,1,2024-03-14T13:00:00+00:00,2024-03-14T13:50:00+00:00,2024,0.18612,0.17658728,0.30051266,0.00953272,12.0,-1.005857,-1.005857,0.0,SL,11,0.83,0.3693,True,False,636809.23,0.9264,5899.4,-5933.95,624852.07
S5,XRPUSDT,-1,2024-03-15T09:00:00+00:00,2024-03-15T19:00:00+00:00,2024,0.6118,0.64380753,0.45176236,0.03200753,5.0,-1.005734,-1.005734,0.0,SL,121,10.0,0.5405,True,False,688017.63,0.5216,3588.7,-3609.28,684408.35
S4,DOGEUSDT,1,2024-03-15T14:00:00+00:00,2024-03-16T13:05:00+00:00,2024,0.16517,0.15298049,0.40286553,0.01218951,19.5,-1.004065,-1.004065,0.0,SL,278,23.08,0.2478,True,False,688017.63,1.6151,11112.17,-11157.34,673251.01
S2,ETHUSDT,-1,2024-03-15T20:00:00+00:00,2024-03-19T03:40:00+00:00,2024,3690.0,3798.07096232,3365.78711304,108.07096232,3.0,2.989757,2.989757,0.0,TP,957,79.67,3.0211,True,False,684408.35,1.378,9431.15,28196.84,701447.85
S2,XRPUSDT,-1,2024-03-19T09:00:00+00:00,2024-03-19T15:25:00+00:00,2024,0.5808,0.60221233,0.51656301,0.02141233,3.0,-1.008137,-1.008137,0.0,SL,78,6.42,0.4483,True,False,701447.85,1.378,9665.95,-9744.6,691703.24
S5,ETHUSDT,-1,2024-03-19T09:00:00+00:00,2024-03-19T19:25:00+00:00,2024,3241.72,3361.1052155,2644.7939225,119.3852155,5.0,-1.008146,-1.008146,0.0,SL,126,10.42,0.3073,True,False,701447.85,0.5216,3658.75,-3688.56,688014.69
S2,SOLUSDT,-1,2024-03-25T01:00:00+00:00,2024-03-25T03:40:00+00:00,2024,181.519,185.42711161,169.79466517,3.90811161,3.0,-1.013934,-1.013934,0.0,SL,33,2.67,0.0775,True,False,688014.69,1.378,9480.84,-9612.95,678401.74
S1,BTCUSDT,1,2024-03-25T04:00:00+00:00,2024-03-27T14:10:00+00:00,2024,67407.8,66217.03056907,81697.03317112,1190.76943093,12.0,0.983017,-1.016983,2.0,BE,699,58.17,3.7624,True,False,678401.74,0.9264,6284.71,6177.98,675032.42
S1,BTCUSDT,1,2024-03-25T14:00:00+00:00,2024-04-02T02:35:00+00:00,2024,68046.6,66899.48827896,81811.94065251,1147.11172104,12.0,-1.017796,-1.017796,0.0,SL,2168,180.58,3.3488,True,False,678401.74,0.9264,6284.71,-6396.56,572288.43
S1,LINKUSDT,1,2024-03-25T14:00:00+00:00,2024-03-27T08:50:00+00:00,2024,19.131,18.75566311,23.63504264,0.37533689,12.0,0.984709,-1.015291,2.0,BE,515,42.83,4.3534,True,False,678401.74,0.9264,6284.71,6188.61,678200.69
S1,BTCUSDT,1,2024-03-25T15:00:00+00:00,2024-04-01T16:00:00+00:00,2024,69434.6,68111.65340189,85309.95917734,1322.94659811,12.0,-1.015745,-1.015745,0.0,SL,2029,169.0,1.8545,True,False,678401.74,0.9264,6284.71,-6383.67,622245.06
S1,ETHUSDT,1,2024-03-25T15:00:00+00:00,2024-03-27T16:10:00+00:00,2024,3565.1,3492.16150793,4440.36190484,72.93849207,12.0,-1.014663,-1.014663,0.0,SL,591,49.17,1.6363,True,False,678401.74,0.9264,6284.71,-6376.87,668655.55
S1,XRPUSDT,1,2024-03-25T17:00:00+00:00,2024-03-25T19:05:00+00:00,2024,0.653,0.641269,0.79377196,0.011731,12.0,-1.016699,-1.016699,0.0,SL,26,2.08,0.1108,True,False,678401.74,0.9264,6284.71,-6389.66,672012.08
S2,DOGEUSDT,-1,2024-03-27T08:00:00+00:00,2024-03-27T12:30:00+00:00,2024,0.18307,0.18898882,0.16531353,0.00591882,3.0,-1.009279,-1.009279,0.0,SL,55,4.5,0.5829,True,False,672012.08,1.378,9260.33,-9346.25,668854.44
S4,BTCUSDT,1,2024-03-27T15:00:00+00:00,2024-03-27T16:10:00+00:00,2024,70127.8,68629.73068965,99340.15155182,1498.06931035,19.5,-1.014044,-1.014044,0.0,SL,15,1.17,0.0151,True,False,675032.42,1.6151,10902.45,-11055.56,657599.99
S2,BTCUSDT,-1,2024-03-27T16:00:00+00:00,2024-03-28T06:15:00+00:00,2024,68922.1,70099.36969828,65390.29090516,1177.26969828,3.0,-1.017563,-1.017563,0.0,SL,172,14.25,0.4734,True,False,675032.42,1.378,9301.95,-9465.32,638722.15
S2,ETHUSDT,-1,2024-03-27T16:00:00+00:00,2024-03-28T06:55:00+00:00,2024,3517.3,3579.54789737,3330.55630789,62.24789737,3.0,-1.016951,-1.016951,0.0,SL,180,14.92,0.9016,True,False,675032.42,1.378,9301.95,-9459.62,625790.08
S2,LINKUSDT,-1,2024-03-27T16:00:00+00:00,2024-03-28T09:10:00+00:00,2024,19.164,19.57089481,17.94331558,0.40689481,3.0,-1.014129,-1.014129,0.0,SL,207,17.17,0.3392,True,False,675032.42,1.378,9301.95,-9433.37,616356.7
S2,SOLUSDT,-1,2024-03-27T16:00:00+00:00,2024-03-27T22:30:00+00:00,2024,181.235,185.80897645,167.51307065,4.57397645,3.0,-1.011887,-1.011887,0.0,SL,79,6.5,0.2066,True,False,675032.42,1.378,9301.95,-9412.52,648187.47
S5,XRPUSDT,-1,2024-03-27T16:00:00+00:00,2024-03-28T14:55:00+00:00,2024,0.6116,0.62549809,0.54210954,0.01389809,5.0,-1.013202,-1.013202,0.0,SL,276,22.92,0.5756,True,False,675032.42,0.5216,3520.97,-3567.45,603797.07
S5,ETHUSDT,-1,2024-03-27T19:00:00+00:00,2024-03-28T06:15:00+00:00,2024,3464.23,3548.28274807,3043.96625966,84.05274807,5.0,-1.012364,-1.012364,0.0,SL,136,11.25,0.0,True,False,657599.99,0.5216,3430.04,-3472.45,635249.7
S4,BTCUSDT,1,2024-03-27T23:00:00+00:00,2024-04-02T02:35:00+00:00,2024,69440.15,68015.90643957,97212.89942836,1424.24356043,19.5,-1.014627,-1.014627,0.0,SL,1484,123.58,1.4828,True,False,648187.47,1.6151,10468.88,-10622.0,561666.42
S2,DOGEUSDT,-1,2024-03-28T02:00:00+00:00,2024-03-28T10:35:00+00:00,2024,0.19949,0.20837637,0.1728309,0.00888637,3.0,-1.006735,-1.006735,0.0,SL,104,8.58,0.7303,True,False,648187.47,1.378,8932.02,-8992.18,607364.52
S1,SOLUSDT,1,2024-03-30T05:00:00+00:00,2024-03-30T08:40:00+00:00,2024,198.549,193.30647305,261.45932346,5.24252695,12.0,-1.011362,-1.011362,0.0,SL,45,3.67,0.3531,True,False,603797.07,0.9264,5593.58,-5657.13,598139.94
S1,ETHUSDT,1,2024-03-31T06:00:00+00:00,2024-04-01T05:45:00+00:00,2024,3609.19,3560.94623522,4188.11517739,48.24376478,12.0,-1.022443,-1.022443,0.0,SL,286,23.75,1.0756,True,False,598139.94,0.9264,5541.17,-5665.53,592474.41
S2,BTCUSDT,-1,2024-04-01T04:00:00+00:00,2024-04-01T05:50:00+00:00,2024,70650.0,71119.81029939,69240.56910183,469.81029939,3.0,2.954886,2.954886,0.0,TP,23,1.83,3.2992,True,False,598139.94,1.378,8242.37,24355.26,616829.67
S2,BTCUSDT,-1,2024-04-01T05:00:00+00:00,2024-04-01T05:50:00+00:00,2024,70512.8,70975.04527801,69126.06416598,462.24527801,3.0,2.954237,2.954237,0.0,TP,11,0.83,3.0564,True,False,598139.94,1.378,8242.37,24349.91,641179.58
S3,BTCUSDT,-1,2024-04-01T05:00:00+00:00,2024-04-02T02:35:00+00:00,2024,70512.8,70773.4245278,67893.4100913,616.32703734,4.25,4.215678,4.215678,0.0,TP,260,21.58,7.3221,True,False,598139.94,3.3981,20325.39,85685.31,647351.74
S2,BTCUSDT,-1,2024-04-01T06:00:00+00:00,2024-04-01T07:05:00+00:00,2024,69212.2,69811.65632958,67413.83101127,599.45632958,3.0,-1.034637,-1.034637,0.0,SL,14,1.08,0.5283,True,False,641179.58,1.378,8835.45,-9141.49,632038.09
S5,ETHUSDT,-1,2024-04-01T06:00:00+00:00,2024-04-01T13:25:00+00:00,2024,3511.8,3566.02901241,3240.65493796,54.22901241,5.0,-1.019428,-1.019428,0.0,SL,90,7.42,0.1555,True,False,641179.58,0.5216,3344.39,-3409.37,628628.72
S2,DOGEUSDT,-1,2024-04-01T15:00:00+00:00,2024-04-02T09:00:00+00:00,2024,0.20216,0.20920905,0.18101284,0.00704905,3.0,2.991396,2.991396,0.0,TP,217,18.0,3.1394,True,False,628628.72,1.378,8662.5,25912.98,673264.71
S2,SOLUSDT,-1,2024-04-01T15:00:00+00:00,2024-04-02T11:15:00+00:00,2024,191.479,195.52952308,179.32743076,4.05052308,3.0,2.985818,2.985818,0.0,TP,244,20.25,3.2374,True,False,628628.72,1.378,8662.5,25864.66,699129.37
S5,XRPUSDT,-1,2024-04-01T15:00:00+00:00,2024-04-01T21:30:00+00:00,2024,0.6025,0.61466713,0.54166433,0.01216713,5.0,-1.014856,-1.014856,0.0,SL,79,6.5,0.6164,True,False,628628.72,0.5216,3278.93,-3327.64,615605.06
S5,BTCUSDT,-1,2024-04-01T16:00:00+00:00,2024-04-01T19:15:00+00:00,2024,68280.9,69277.24510544,63299.17447282,996.34510544,5.0,-1.020559,-1.020559,0.0,SL,40,3.25,0.1783,True,False,622245.06,0.5216,3245.63,-3312.36,618932.7
S5,ETHUSDT,-1,2024-04-01T16:00:00+00:00,2024-04-01T22:40:00+00:00,2024,3446.03,3511.63374748,3118.01126258,65.60374748,5.0,-1.015758,-1.015758,0.0,SL,81,6.67,0.5035,True,False,622245.06,0.5216,3245.63,-3296.77,609021.35
S5,LINKUSDT,-1,2024-04-01T16:00:00+00:00,2024-04-01T22:25:00+00:00,2024,17.961,18.38439457,15.84402714,0.42339457,5.0,-1.012726,-1.012726,0.0,SL,78,6.42,0.2197,True,False,622245.06,0.5216,3245.63,-3286.93,612318.13
S4,SOLUSDT,1,2024-04-01T20:00:00+00:00,2024-04-02T02:25:00+00:00,2024,193.436,187.29765687,313.13369109,6.13834313,19.5,-1.009454,-1.009454,0.0,SL,78,6.42,0.1223,True,False,618932.7,1.6151,9996.38,-10090.89,598930.47
S4,ETHUSDT,1,2024-04-01T21:00:00+00:00,2024-04-02T02:30:00+00:00,2024,3498.29,3430.87771551,4812.8295476,67.41228449,19.5,-1.015568,-1.015568,0.0,SL,67,5.5,0.3035,True,False,618932.7,1.6151,9996.38,-10152.01,578684.98
S4,SOLUSDT,1,2024-04-01T21:00:00+00:00,2024-04-02T02:25:00+00:00,2024,193.792,187.80653852,310.50849887,5.98546148,19.5,-1.009713,-1.009713,0.0,SL,66,5.42,0.066,True,False,618932.7,1.6151,9996.38,-10093.48,588836.99
S2,LINKUSDT,-1,2024-04-02T09:00:00+00:00,2024-04-03T02:00:00+00:00,2024,17.872,18.31144348,16.55366955,0.43944348,3.0,-1.012201,-1.012201,0.0,SL,205,17.0,0.9512,True,False,673264.71,1.378,9277.59,-9390.78,689738.59
S2,XRPUSDT,-1,2024-04-02T10:00:00+00:00,2024-04-04T13:00:00+00:00,2024,0.5894,0.60111474,0.55425577,0.01171474,3.0,-1.015094,-1.015094,0.0,SL,613,51.0,2.2877,True,False,673264.71,1.378,9277.59,-9417.62,680320.97
S4,ETHUSDT,1,2024-04-05T04:00:00+00:00,2024-04-05T12:00:00+00:00,2024,3310.0,3234.75583083,4777.26129888,75.24416917,19.5,-1.013197,-1.013197,0.0,SL,97,8.0,0.1587,True,False,680320.97,1.6151,10987.86,-11132.87,669188.1
S4,ETHUSDT,1,2024-04-05T13:00:00+00:00,2024-04-12T17:25:00+00:00,2024,3264.29,3187.56395505,4760.44787661,76.72604495,19.5,0.987237,-1.012763,2.0,BE,2070,172.42,6.139,True,False,669188.1,1.6151,10808.06,10670.11,667325.76
S4,LINKUSDT,1,2024-04-05T16:00:00+00:00,2024-04-10T12:35:00+00:00,2024,17.503,17.07668343,25.81617316,0.42631657,19.5,-1.012317,-1.012317,0.0,SL,1400,116.58,2.7914,True,False,669188.1,1.6151,10808.06,-10941.18,691053.83
S4,LINKUSDT,1,2024-04-05T19:00:00+00:00,2024-04-10T12:35:00+00:00,2024,17.466,17.06324945,25.31963572,0.40275055,19.5,-1.01301,-1.01301,0.0,SL,1364,113.58,3.0466,True,False,669188.1,1.6151,10808.06,-10948.67,680105.16
S1,ETHUSDT,1,2024-04-08T09:00:00+00:00,2024-04-09T14:40:00+00:00,2024,3601.22,3535.60237616,4388.63148605,65.61762384,12.0,-1.016465,-1.016465,0.0,SL,357,29.67,2.0435,True,False,669188.1,0.9264,6199.36,-6301.43,674769.25
S1,LINKUSDT,1,2024-04-08T10:00:00+00:00,2024-04-08T17:20:00+00:00,2024,18.555,18.21174981,22.6740023,0.34325019,12.0,-1.016217,-1.016217,0.0,SL,89,7.33,0.402,True,False,669188.1,0.9264,6199.36,-6299.89,662888.2
S2,SOLUSDT,-1,2024-04-08T13:00:00+00:00,2024-04-09T14:35:00+00:00,2024,180.68,183.86262678,171.13211967,3.18262678,3.0,2.982969,2.982969,0.0,TP,308,25.58,3.0095,True,False,669188.1,1.378,9221.41,27507.19,681070.68
S2,ETHUSDT,-1,2024-04-09T07:00:00+00:00,2024-04-09T17:05:00+00:00,2024,3644.73,3700.83254592,3476.42236225,56.10254592,3.0,2.98051,2.98051,0.0,TP,122,10.08,3.0303,True,False,662888.2,1.378,9134.6,27225.76,701995.01
S2,XRPUSDT,-1,2024-04-09T08:00:00+00:00,2024-04-09T11:15:00+00:00,2024,0.6089,0.61767694,0.58256917,0.00877694,3.0,-1.020812,-1.020812,0.0,SL,40,3.25,0.8545,True,False,662888.2,1.378,9134.6,-9324.71,653563.49
S2,XRPUSDT,-1,2024-04-09T14:00:00+00:00,2024-04-12T16:15:00+00:00,2024,0.6251,0.63651272,0.59086184,0.01141272,3.0,2.983568,2.983568,0.0,TP,892,74.25,3.0405,True,False,653563.49,1.378,9006.1,26870.33,678672.95
S4,SOLUSDT,1,2024-04-10T17:00:00+00:00,2024-04-12T16:15:00+00:00,2024,171.686,166.14175182,279.79883948,5.54424818,19.5,-1.00929,-1.00929,0.0,SL,568,47.25,0.8647,True,False,680105.16,1.6151,10984.38,-11086.42,667586.53
S2,DOGEUSDT,-1,2024-04-10T18:00:00+00:00,2024-04-10T19:40:00+00:00,2024,0.19481,0.20079641,0.17685077,0.00598641,3.0,-1.009763,-1.009763,0.0,SL,21,1.67,0.6364,True,False,680105.16,1.378,9371.85,-9463.35,670641.82
S4,SOLUSDT,1,2024-04-10T20:00:00+00:00,2024-04-12T16:20:00+00:00,2024,171.483,165.87402141,280.85808248,5.60897859,19.5,-1.009172,-1.009172,0.0,SL,533,44.33,0.8909,True,False,670641.82,1.6151,10831.54,-10930.88,656655.65
S2,BTCUSDT,-1,2024-04-11T15:00:00+00:00,2024-04-11T20:15:00+00:00,2024,69630.7,70631.20920095,66629.17239716,1000.50920095,3.0,-1.020879,-1.020879,0.0,SL,64,5.25,0.0558,True,False,670641.82,1.378,9241.44,-9434.4,661207.42
S2,ETHUSDT,-1,2024-04-11T15:00:00+00:00,2024-04-12T04:50:00+00:00,2024,3495.63,3554.95827496,3317.64517512,59.32827496,3.0,-1.017676,-1.017676,0.0,SL,167,13.83,0.3472,True,False,670641.82,1.378,9241.44,-9404.8,651802.63
S5,BTCUSDT,-1,2024-04-13T02:00:00+00:00,2024-04-13T04:35:00+00:00,2024,65886.64,67413.44930658,58252.59346712,1526.80930658,5.0,-1.012946,-1.012946,0.0,SL,32,2.58,0.0099,True,False,696557.43,0.5216,3633.24,-3680.28,692877.16
S5,LINKUSDT,-1,2024-04-13T02:00:00+00:00,2024-04-22T03:00:00+00:00,2024,14.712,15.56994037,10.42229814,0.85794037,5.0,-1.005144,-1.005144,0.0,SL,2605,217.0,3.4979,True,False,696557.43,0.5216,3633.24,-3651.93,658554.25
S5,SOLUSDT,-1,2024-04-13T02:00:00+00:00,2024-04-13T04:45:00+00:00,2024,146.392,154.68668357,104.91858215,8.29468357,5.0,-1.005295,-1.005295,0.0,SL,34,2.75,0.0609,True,False,696557.43,0.5216,3633.24,-3652.48,689224.67
S5,XRPUSDT,-1,2024-04-13T02:00:00+00:00,2024-04-13T20:05:00+00:00,2024,0.5307,0.55410162,0.4136919,0.02340162,5.0,4.993197,4.993197,0.0,TP,218,18.08,5.162,True,False,696557.43,0.5216,3633.24,18141.5,747244.38
S2,LINKUSDT,-1,2024-04-13T17:00:00+00:00,2024-04-13T19:55:00+00:00,2024,14.566,15.0115597,13.22932091,0.4455597,3.0,2.990193,2.990193,0.0,TP,36,2.92,4.0803,True,False,689224.67,1.378,9497.52,28399.41,729102.88
S2,LINKUSDT,-1,2024-04-13T18:00:00+00:00,2024-04-13T20:05:00+00:00,2024,14.102,14.57776972,12.67469085,0.47576972,3.0,2.991108,2.991108,0.0,TP,26,2.08,5.0255,True,False,700703.47,1.378,9655.69,28881.22,776125.6
S2,BTCUSDT,-1,2024-04-19T02:00:00+00:00,2024-04-19T04:05:00+00:00,2024,61000.0,62205.62692394,57383.11922819,1205.62692394,3.0,-1.015179,-1.015179,0.0,SL,26,2.08,1.1612,True,False,776125.6,1.378,10695.01,-10857.35,754449.75
S2,LINKUSDT,-1,2024-04-19T02:00:00+00:00,2024-04-19T03:25:00+00:00,2024,13.1,13.44036075,12.07891774,0.34036075,3.0,-1.011547,-1.011547,0.0,SL,18,1.42,1.0812,True,False,776125.6,1.378,10695.01,-10818.51,765307.1
S2,XRPUSDT,-1,2024-04-19T02:00:00+00:00,2024-04-19T04:05:00+00:00,2024,0.4795,0.48929646,0.45011063,0.00979646,3.0,-1.014684,-1.014684,0.0,SL,26,2.08,1.378,True,False,776125.6,1.378,10695.01,-10852.06,743597.69
S3,LINKUSDT,-1,2024-04-19T02:00:00+00:00,2024-04-19T06:50:00+00:00,2024,13.1,13.72003608,11.17128907,0.45381434,4.25,-1.374937,-1.374937,0.0,SL,59,4.83,0.8109,True,False,776125.6,3.3981,26373.52,-36261.93,671550.02
S3,XRPUSDT,-1,2024-04-19T02:00:00+00:00,2024-04-19T06:45:00+00:00,2024,0.4795,0.49707965,0.42398675,0.01306194,4.25,-1.356881,-1.356881,0.0,SL,58,4.75,1.0335,True,False,776125.6,3.3981,26373.52,-35785.73,707811.96
S2,DOGEUSDT,-1,2024-04-20T01:00:00+00:00,2024-04-20T16:00:00+00:00,2024,0.15425,0.15901445,0.13995665,0.00476445,3.0,-1.009713,-1.009713,0.0,SL,181,15.0,0.7787,True,False,671550.02,1.378,9253.96,-9343.84,662206.18
S2,LINKUSDT,-1,2024-04-22T08:00:00+00:00,2024-04-24T19:00:00+00:00,2024,15.585,15.9034091,14.62977269,0.3184091,3.0,2.985316,2.985316,0.0,TP,709,59.0,3.0464,True,False,658554.25,1.378,9074.88,27091.38,713866.7
S1,XRPUSDT,1,2024-04-22T17:00:00+00:00,2024-04-24T13:45:00+00:00,2024,0.5483,0.53681792,0.68608496,0.01148208,12.0,-1.014326,-1.014326,0.0,SL,538,44.75,2.0031,True,False,658554.25,0.9264,6100.85,-6188.25,648882.31
S5,XRPUSDT,-1,2024-04-22T18:00:00+00:00,2024-04-22T20:05:00+00:00,2024,0.5434,0.55490479,0.48587606,0.01150479,5.0,-1.01417,-1.01417,0.0,SL,26,2.08,0.0782,True,False,658554.25,0.5216,3435.02,-3483.69,655070.55
S1,ETHUSDT,1,2024-04-24T05:00:00+00:00,2024-04-24T14:25:00+00:00,2024,3270.01,3220.94215964,3858.8240843,49.06784036,12.0,-1.019993,-1.019993,0.0,SL,114,9.42,0.4763,True,False,655070.55,0.9264,6068.57,-6189.9,642692.4
S2,DOGEUSDT,-1,2024-04-24T13:00:00+00:00,2024-04-24T15:40:00+00:00,2024,0.16159,0.16453676,0.15274972,0.00294676,3.0,2.983549,2.983549,0.0,TP,33,2.67,3.0746,True,False,655070.55,1.378,9026.87,26932.12,669624.52
S2,LINKUSDT,-1,2024-04-24T13:00:00+00:00,2024-04-24T15:40:00+00:00,2024,15.413,15.64064802,14.73005595,0.22764802,3.0,2.979688,2.979688,0.0,TP,33,2.67,3.0661,True,False,655070.55,1.378,9026.87,26897.26,696521.78
S2,DOGEUSDT,-1,2024-04-24T14:00:00+00:00,2024-04-24T23:05:00+00:00,2024,0.15864,0.16175235,0.14930296,0.00311235,3.0,2.984709,2.984709,0.0,TP,110,9.08,3.0234,True,False,648882.31,1.378,8941.6,26688.07,767209.35
S2,LINKUSDT,-1,2024-04-24T14:00:00+00:00,2024-04-24T22:50:00+00:00,2024,15.175,15.41413744,14.45758767,0.23913744,3.0,2.980963,2.980963,0.0,TP,107,8.83,3.2241,True,False,648882.31,1.378,8941.6,26654.57,740521.28
S3,LINKUSDT,-1,2024-04-24T14:00:00+00:00,2024-04-28T22:30:00+00:00,2024,15.175,15.43891374,13.81988782,0.31884992,4.25,4.235722,4.235722,0.0,TP,1255,104.5,4.2747,True,False,648882.31,3.3981,22049.67,93396.27,1001355.59
S2,ETHUSDT,-1,2024-04-24T16:00:00+00:00,2024-04-27T17:40:00+00:00,2024,3174.59,3217.52336444,3045.78990668,42.93336444,3.0,-1.022183,-1.022183,0.0,SL,885,73.67,2.6038,True,False,696521.78,1.378,9598.07,-9810.98,907959.32
S2,LINKUSDT,-1,2024-04-24T16:00:00+00:00,2024-04-24T17:35:00+00:00,2024,14.713,14.99851137,13.8564659,0.28551137,3.0,-1.01546,-1.01546,0.0,SL,20,1.58,0.1646,True,False,696521.78,1.378,9598.07,-9746.46,686775.33
S2,SOLUSDT,-1,2024-04-24T16:00:00+00:00,2024-04-26T01:20:00+00:00,2024,151.484,154.7798933,141.59632009,3.2958933,3.0,2.986212,2.986212,0.0,TP,401,33.33,3.0708,True,False,696521.78,1.378,9598.07,28661.87,788037.96
S3,LINKUSDT,-1,2024-04-24T16:00:00+00:00,2024-04-30T12:10:00+00:00,2024,14.713,15.03355114,13.09510225,0.38068182,4.25,4.238405,4.238405,0.0,TP,1683,140.17,4.5944,True,False,696521.78,3.3981,23668.51,100316.72,1174643.68
S3,SOLUSDT,-1,2024-04-24T16:00:00+00:00,2024-04-27T01:15:00+00:00,2024,151.484,155.40558933,132.80727128,4.3945244,4.25,4.239659,4.239659,0.0,TP,688,57.25,4.3461,True,False,696521.78,3.3981,23668.51,100346.4,917770.3
S5,DOGEUSDT,-1,2024-04-24T16:00:00+00:00,2024-05-01T07:05:00+00:00,2024,0.15266,0.1575261,0.1283295,0.0048661,5.0,4.990588,4.990588,0.0,TP,1910,159.08,5.5733,True,False,696521.78,0.5216,3633.06,18131.09,1374786.95
S2,SOLUSDT,-1,2024-04-24T19:00:00+00:00,2024-04-27T00:30:00+00:00,2024,148.61,152.11007018,138.10978945,3.50007018,3.0,2.987262,2.987262,0.0,TP,643,53.5,3.1131,True,False,713866.7,1.378,9837.08,29385.94,817423.9
S5,BTCUSDT,-1,2024-04-24T19:00:00+00:00,2024-04-25T21:15:00+00:00,2024,64100.0,65101.50850409,59092.45747953,1001.50850409,5.0,-1.019201,-1.019201,0.0,SL,316,26.25,1.3766,True,False,713866.7,0.5216,3723.53,-3795.02,759376.09
S5,SOLUSDT,-1,2024-04-25T11:00:00+00:00,2024-04-25T16:50:00+00:00,2024,143.715,148.44561509,120.06192456,4.73061509,5.0,-1.009114,-1.009114,0.0,SL,71,5.83,0.3539,True,False,767209.35,0.5216,4001.76,-4038.24,763171.11
S1,ETHUSDT,1,2024-04-27T18:00:00+00:00,2024-04-29T03:05:00+00:00,2024,3256.79,3199.15065861,3948.46209671,57.63934139,12.0,-1.016951,-1.016951,0.0,SL,398,33.08,1.8893,True,False,907959.32,0.9264,8411.34,-8553.92,992801.67
S5,ETHUSDT,-1,2024-04-29T03:00:00+00:00,2024-04-30T19:15:00+00:00,2024,3220.62,3278.4357516,2931.54124198,57.8157516,5.0,4.983289,4.983289,0.0,TP,484,40.25,5.1547,True,False,1001355.59,0.5216,5223.07,26028.07,1241392.14
S2,BTCUSDT,-1,2024-04-30T02:00:00+00:00,2024-04-30T11:40:00+00:00,2024,63580.4,64413.59406031,61080.81781908,833.19406031,3.0,2.977107,2.977107,0.0,TP,117,9.67,3.097,True,False,992801.67,1.378,13680.81,40729.23,1074326.97
S2,ETHUSDT,-1,2024-04-30T02:00:00+00:00,2024-04-30T11:25:00+00:00,2024,3171.67,3224.51203944,3013.14388169,52.84203944,3.0,2.981993,2.981993,0.0,TP,114,9.42,3.1127,True,False,992801.67,1.378,13680.81,40796.07,1033597.74
S2,BTCUSDT,-1,2024-04-30T05:00:00+00:00,2024-04-30T12:10:00+00:00,2024,63384.7,64192.52142875,60961.23571375,807.82142875,3.0,2.976461,2.976461,0.0,TP,87,7.17,3.3061,True,False,992801.67,1.378,13680.81,40720.39,1215364.07
S2,BTCUSDT,-1,2024-04-30T09:00:00+00:00,2024-04-30T19:55:00+00:00,2024,61905.0,62748.06942619,59375.79172143,843.06942619,3.0,2.977972,2.977972,0.0,TP,132,10.92,3.2678,True,False,992801.67,1.378,13680.81,40741.06,1363865.25
S2,DOGEUSDT,-1,2024-04-30T09:00:00+00:00,2024-04-30T19:15:00+00:00,2024,0.13852,0.14163837,0.1291649,0.00311837,3.0,2.986674,2.986674,0.0,TP,124,10.25,3.0144,True,False,992801.67,1.378,13680.81,40860.11,1282252.25
S2,ETHUSDT,-1,2024-04-30T09:00:00+00:00,2024-05-01T07:05:00+00:00,2024,3066.01,3121.01234705,2901.00295886,55.00234705,3.0,2.983277,2.983277,0.0,TP,266,22.08,3.9091,True,False,992801.67,1.378,13680.81,40813.64,1415600.59
S2,LINKUSDT,-1,2024-04-30T09:00:00+00:00,2024-05-01T07:05:00+00:00,2024,13.533,13.79636564,12.74290308,0.26336564,3.0,2.984585,2.984585,0.0,TP,266,22.08,3.2806,True,False,992801.67,1.378,13680.81,40831.53,1456432.12
S2,SOLUSDT,-1,2024-04-30T09:00:00+00:00,2024-04-30T19:15:00+00:00,2024,130.855,134.00504627,121.40486118,3.15004627,3.0,2.987538,2.987538,0.0,TP,124,10.25,3.113,True,False,992801.67,1.378,13680.81,40871.93,1323124.19
S2,XRPUSDT,-1,2024-04-30T09:00:00+00:00,2024-05-01T08:20:00+00:00,2024,0.5009,0.50827854,0.47876439,0.00737854,3.0,2.979634,2.979634,0.0,TP,281,23.33,3.212,True,False,992801.67,1.378,13680.81,40763.8,1547082.29
S5,ETHUSDT,-1,2024-04-30T12:00:00+00:00,2024-05-03T15:50:00+00:00,2024,3005.94,3080.32823929,2633.99880354,74.38823929,5.0,-1.012123,-1.012123,0.0,SL,911,75.83,2.5743,True,False,1074326.97,0.5216,5603.69,-5671.62,1400431.53
S5,LINKUSDT,-1,2024-04-30T12:00:00+00:00,2024-05-02T11:00:00+00:00,2024,13.19,13.54900647,11.39496766,0.35900647,5.0,-1.011022,-1.011022,0.0,SL,565,47.0,2.22,True,False,1074326.97,0.5216,5603.69,-5665.45,1477936.37
S2,BTCUSDT,-1,2024-04-30T14:00:00+00:00,2024-05-01T07:05:00+00:00,2024,60800.1,61656.31877279,58231.44368162,856.21877279,3.0,2.978697,2.978697,0.0,TP,206,17.08,3.7375,True,False,1215364.07,1.378,16747.72,49886.37,1506318.49
S5,BTCUSDT,-1,2024-04-30T20:00:00+00:00,2024-04-30T22:25:00+00:00,2024,59276.1,60601.20120878,52650.59395612,1325.10120878,5.0,-1.01342,-1.01342,0.0,SL,30,2.42,0.0147,True,False,1363865.25,0.5216,7113.92,-7209.39,1356655.86
S2,ETHUSDT,-1,2024-05-01T08:00:00+00:00,2024-05-01T12:10:00+00:00,2024,2868.48,2931.54109758,2679.29670727,63.06109758,3.0,-1.013646,-1.013646,0.0,SL,51,4.17,0.8569,True,False,1506318.49,1.378,20757.07,-21040.32,1526041.97
S2,DOGEUSDT,-1,2024-05-01T20:00:00+00:00,2024-05-02T11:20:00+00:00,2024,0.12696,0.131824,0.112368,0.004864,3.0,-1.007831,-1.007831,0.0,SL,185,15.33,0.6147,True,False,1526041.97,1.378,21028.86,-21193.54,1435464.95
S2,ETHUSDT,-1,2024-05-01T20:00:00+00:00,2024-05-02T11:00:00+00:00,2024,2924.79,2998.8857419,2702.5027743,74.0957419,3.0,-1.011842,-1.011842,0.0,SL,181,15.0,0.4695,True,False,1526041.97,1.378,21028.86,-21277.88,1456658.49
S2,LINKUSDT,-1,2024-05-01T20:00:00+00:00,2024-05-01T23:45:00+00:00,2024,12.991,13.36489724,11.86930829,0.37389724,3.0,-1.010423,-1.010423,0.0,SL,46,3.75,0.115,True,False,1526041.97,1.378,21028.86,-21248.04,1483601.82
S2,SOLUSDT,-1,2024-05-01T20:00:00+00:00,2024-05-01T23:35:00+00:00,2024,129.681,134.69224221,114.64727337,5.01124221,3.0,-1.007763,-1.007763,0.0,SL,44,3.58,0.1946,True,False,1526041.97,1.378,21028.86,-21192.11,1504849.87
S2,XRPUSDT,-1,2024-05-01T20:00:00+00:00,2024-05-02T14:40:00+00:00,2024,0.5105,0.52113562,0.47859313,0.01063562,3.0,-1.0144,-1.0144,0.0,SL,225,18.67,0.3761,True,False,1526041.97,1.378,21028.86,-21331.67,1406103.16
S5,BTCUSDT,-1,2024-05-01T20:00:00+00:00,2024-05-02T12:10:00+00:00,2024,56935.7,58870.11940071,47263.60299646,1934.41940071,5.0,-1.00883,-1.00883,0.0,SL,195,16.17,0.1069,True,False,1526041.97,0.5216,7959.83,-8030.12,1427434.83
S1,DOGEUSDT,1,2024-05-04T13:00:00+00:00,2024-05-04T17:20:00+00:00,2024,0.16486,0.15832083,0.24333008,0.00653917,12.0,-1.007563,-1.007563,0.0,SL,53,4.33,0.8243,True,False,1400431.53,0.9264,12973.6,-13071.72,1387359.82
S1,SOLUSDT,1,2024-05-06T09:00:00+00:00,2024-05-06T12:50:00+00:00,2024,154.352,150.80502864,196.91565638,3.54697136,12.0,-1.013055,-1.013055,0.0,SL,47,3.83,0.7043,True,False,1387359.82,0.9264,12852.5,-13020.29,1361320.26
S1,SOLUSDT,1,2024-05-06T10:00:00+00:00,2024-05-06T10:40:00+00:00,2024,156.33,152.71538373,199.70539521,3.61461627,12.0,-1.012975,-1.012975,0.0,SL,9,0.67,0.1439,True,False,1387359.82,0.9264,12852.5,-13019.26,1374340.56
S2,LINKUSDT,-1,2024-05-06T11:00:00+00:00,2024-05-07T03:30:00+00:00,2024,14.88,15.10536725,14.20389824,0.22536725,3.0,2.980192,2.980192,0.0,TP,199,16.5,3.1992,True,False,1374340.56,1.378,18938.41,56440.11,1367214.4
S2,SOLUSDT,-1,2024-05-06T11:00:00+00:00,2024-05-06T14:10:00+00:00,2024,152.5,155.5849649,143.2451053,3.0849649,3.0,-1.01483,-1.01483,0.0,SL,39,3.17,0.9715,True,False,1374340.56,1.378,18938.41,-19219.27,1342101.0
S2,BTCUSDT,-1,2024-05-06T15:00:00+00:00,2024-05-07T08:20:00+00:00,2024,63231.4,64072.34343522,60708.56969433,840.94343522,3.0,-1.022557,-1.022557,0.0,SL,209,17.33,0.6851,True,False,1342101.0,1.378,18494.15,-18911.32,1348303.07
S2,ETHUSDT,-1,2024-05-06T15:00:00+00:00,2024-05-07T08:50:00+00:00,2024,3075.76,3122.3614281,2935.95571569,46.6014281,3.0,-1.0198,-1.0198,0.0,SL,215,17.83,1.2394,True,False,1342101.0,1.378,18494.15,-18860.34,1329442.74
S2,LINKUSDT,-1,2024-05-06T15:00:00+00:00,2024-05-08T12:35:00+00:00,2024,14.538,14.82400262,13.67999214,0.28600262,3.0,2.98475,2.98475,0.0,TP,548,45.58,3.0105,True,False,1342101.0,1.378,18494.15,55200.42,1384643.16
S2,XRPUSDT,-1,2024-05-06T15:00:00+00:00,2024-05-06T15:50:00+00:00,2024,0.5295,0.53648169,0.50855494,0.00698169,3.0,-1.022752,-1.022752,0.0,SL,11,0.83,0.4583,True,False,1342101.0,1.378,18494.15,-18914.93,1323186.06
S1,XRPUSDT,1,2024-05-06T16:00:00+00:00,2024-05-06T16:10:00+00:00,2024,0.5592,0.54582743,0.71967078,0.01337257,12.0,-1.012545,-1.012545,0.0,SL,3,0.17,0.0075,True,False,1323186.06,0.9264,12258.0,-12411.77,1310774.29
S2,BTCUSDT,-1,2024-05-06T17:00:00+00:00,2024-05-07T08:20:00+00:00,2024,63167.0,64048.25683956,60523.22948133,881.25683956,3.0,-1.021503,-1.021503,0.0,SL,185,15.33,0.5806,False,True,,,,,
S2,ETHUSDT,-1,2024-05-07T12:00:00+00:00,2024-05-10T14:50:00+00:00,2024,3061.92,3106.8898102,2927.01056941,44.9698102,3.0,2.979573,2.979573,0.0,TP,899,74.83,3.1345,True,False,1329442.74,1.378,18319.72,54584.95,1493899.04
S3,ETHUSDT,-1,2024-05-07T12:00:00+00:00,2024-05-17T15:25:00+00:00,2024,3061.92,3108.52698102,2807.09107556,59.95974693,4.25,-0.792624,-0.792624,0.0,SL,2922,243.42,3.3986,True,False,1329442.74,3.3981,45175.79,-35807.42,1285911.75
S2,LINKUSDT,-1,2024-05-07T16:00:00+00:00,2024-05-08T20:15:00+00:00,2024,14.489,14.76528424,13.66014727,0.27628424,3.0,2.984267,2.984267,0.0,TP,340,28.25,3.0078,True,False,1329442.74,1.378,18319.72,54670.94,1439314.1
S2,BTCUSDT,-1,2024-05-10T15:00:00+00:00,2024-05-13T07:50:00+00:00,2024,61034.7,61875.20488257,58513.18535229,840.50488257,3.0,-1.021785,-1.021785,0.0,SL,779,64.83,1.0084,True,False,1493899.04,1.378,20585.93,-21034.39,1472864.65
S2,ETHUSDT,-1,2024-05-10T15:00:00+00:00,2024-05-13T08:00:00+00:00,2024,2934.59,2972.11005797,2822.02982609,37.52005797,3.0,-1.023464,-1.023464,0.0,SL,781,65.0,1.8867,True,False,1493899.04,1.378,20585.93,-21068.96,1451795.69
S4,ETHUSDT,1,2024-05-13T07:00:00+00:00,2024-05-14T14:10:00+00:00,2024,2918.35,2876.15699646,3741.11356908,42.19300354,19.5,-1.02075,-1.02075,0.0,SL,375,31.17,1.8508,True,False,1493899.04,1.6151,24127.96,-24628.62,1427167.07
S2,DOGEUSDT,-1,2024-05-13T18:00:00+00:00,2024-05-15T20:35:00+00:00,2024,0.1508,0.15516774,0.13769678,0.00436774,3.0,-1.010358,-1.010358,0.0,SL,608,50.58,1.5065,True,False,1451795.69,1.378,20005.74,-20212.96,1366667.15
S2,SOLUSDT,-1,2024-05-14T14:00:00+00:00,2024-05-15T12:30:00+00:00,2024,144.315,147.27564166,135.43307501,2.96064166,3.0,-1.014623,-1.014623,0.0,SL,271,22.5,1.0859,True,False,1451795.69,1.378,20005.74,-20298.29,1406868.78
S2,LINKUSDT,-1,2024-05-14T18:00:00+00:00,2024-05-15T12:30:00+00:00,2024,13.001,13.23898043,12.2870587,0.23798043,3.0,-1.016389,-1.016389,0.0,SL,223,18.5,0.7017,True,False,1427167.07,1.378,19666.36,-19988.67,1386880.11
S4,LINKUSDT,1,2024-05-14T19:00:00+00:00,2024-05-29T12:55:00+00:00,2024,13.086,12.77235756,19.20202759,0.31364244,19.5,19.487483,19.487483,0.0,TP,4248,353.92,19.6243,True,False,1427167.07,1.6151,23050.18,449189.9,1789104.13
S1,BTCUSDT,1,2024-05-15T15:00:00+00:00,2024-06-14T16:05:00+00:00,2024,64465.7,63345.38644326,77909.46268082,1120.31355674,12.0,0.982737,-1.017263,2.0,BE,8654,721.08,6.8537,True,False,1386880.11,0.9264,12848.06,12626.26,2223720.33
S1,ETHUSDT,1,2024-05-15T15:00:00+00:00,2024-05-16T17:25:00+00:00,2024,2975.17,2923.92016088,3590.16806946,51.24983912,12.0,-1.017416,-1.017416,0.0,SL,318,26.42,1.264,True,False,1386880.11,0.9264,12848.06,-13071.82,1353595.33
S1,SOLUSDT,1,2024-05-15T21:00:00+00:00,2024-05-26T21:30:00+00:00,2024,156.565,152.11217289,209.99892528,4.45282711,12.0,0.989452,-1.010548,2.0,BE,3175,264.5,7.274,True,False,1366667.15,0.9264,12660.8,12527.26,1268919.48
S1,SOLUSDT,1,2024-05-16T01:00:00+00:00,2024-05-16T17:25:00+00:00,2024,161.458,156.8750512,216.45338557,4.5829488,12.0,-1.010569,-1.010569,0.0,SL,198,16.42,0.7225,True,False,1366667.15,0.9264,12660.8,-12794.62,1340800.71
S2,SOLUSDT,-1,2024-05-16T15:00:00+00:00,2024-05-17T00:55:00+00:00,2024,158.507,162.10524263,147.7122721,3.59824263,3.0,-1.013215,-1.013215,0.0,SL,120,9.92,0.5856,True,False,1366667.15,1.378,18832.67,-19081.55,1321719.16
S1,LINKUSDT,1,2024-05-16T20:00:00+00:00,2024-05-23T20:00:00+00:00,2024,14.985,14.51766131,20.59306432,0.46733869,12.0,0.990381,-1.009619,2.0,BE,2017,168.0,5.2959,True,False,1340800.71,0.9264,12421.18,12301.7,1311087.72
S1,LINKUSDT,1,2024-05-16T22:00:00+00:00,2024-06-07T18:00:00+00:00,2024,15.783,15.19586613,22.82860648,0.58713387,12.0,0.991936,-1.008064,2.0,BE,6289,524.0,5.8896,True,False,1340800.71,0.9264,12421.18,12321.01,1631274.96
S1,ETHUSDT,1,2024-05-17T13:00:00+00:00,2024-05-20T22:20:00+00:00,2024,3078.32,3027.56716329,3687.35404049,50.75283671,12.0,11.981804,11.981804,0.0,TP,977,81.33,12.1619,True,False,1321719.16,0.9264,12244.41,146710.08,1395053.71
S1,ETHUSDT,1,2024-05-17T15:00:00+00:00,2024-05-20T19:20:00+00:00,2024,3090.1,3036.1691357,3737.27037165,53.9308643,12.0,0.982811,11.982811,-11.0,BE,917,76.33,3.9106,True,False,1321719.16,0.9264,12244.41,12033.94,1240798.88
S4,ETHUSDT,1,2024-05-20T05:00:00+00:00,2024-05-20T06:50:00+00:00,2024,3122.11,3080.91274789,3925.45641613,41.19725211,19.5,-1.022735,-1.022735,0.0,SL,23,1.83,0.3891,True,False,1285911.75,1.6151,20768.76,-21240.94,1264670.81
S2,BTCUSDT,-1,2024-05-20T07:00:00+00:00,2024-05-20T08:00:00+00:00,2024,66410.01,66995.72845674,64652.85462979,585.71845674,3.0,-1.034015,-1.034015,0.0,SL,13,1.0,0.0986,True,False,1264670.81,1.378,17427.16,-18019.95,1246650.86
S2,ETHUSDT,-1,2024-05-20T07:00:00+00:00,2024-05-20T09:10:00+00:00,2024,3072.14,3107.15159033,2967.10522901,35.01159033,3.0,-1.026324,-1.026324,0.0,SL,27,2.17,0.1514,True,False,1264670.81,1.378,17427.16,-17885.92,1228764.94
S4,ETHUSDT,1,2024-05-20T16:00:00+00:00,2024-05-20T19:20:00+00:00,2024,3116.96,3070.3107587,4026.62020529,46.6492413,19.5,0.979955,-1.020045,2.0,BE,41,3.33,3.9452,True,False,1228764.94,1.6151,19845.78,19447.97,1260246.85
S1,BTCUSDT,1,2024-05-20T17:00:00+00:00,2024-05-22T21:05:00+00:00,2024,68164.4,67278.18821661,78798.94140069,886.21178339,12.0,0.976925,-1.023075,2.0,BE,626,52.08,4.4779,True,False,1228764.94,0.9264,11383.28,11120.61,1300140.49
S1,BTCUSDT,1,2024-05-20T19:00:00+00:00,2024-05-21T18:20:00+00:00,2024,68681.8,67766.73881942,79662.53416692,915.06118058,12.0,0.977483,-1.022517,2.0,BE,281,23.33,3.7713,True,False,1228764.94,0.9264,11383.28,11126.96,1363872.83
S1,BTCUSDT,1,2024-05-20T20:00:00+00:00,2024-05-20T21:15:00+00:00,2024,69996.5,68922.60033232,82883.29601214,1073.89966768,12.0,-1.019554,-1.019554,0.0,SL,16,1.25,0.444,True,False,1260246.85,0.9264,11674.93,-11903.22,1248343.63
S1,DOGEUSDT,1,2024-05-20T20:00:00+00:00,2024-05-23T13:35:00+00:00,2024,0.15759,0.1538048,0.20301237,0.0037852,12.0,0.98751,-1.01249,2.0,BE,788,65.58,4.5467,True,False,1260246.85,0.9264,11674.93,11529.11,1311669.59
S1,ETHUSDT,1,2024-05-20T20:00:00+00:00,2024-05-23T20:00:00+00:00,2024,3438.29,3347.73743907,4524.92073116,90.55256093,12.0,0.988609,-1.011391,2.0,BE,865,72.0,5.6829,True,False,1260246.85,0.9264,11674.93,11541.94,1322629.66
S1,SOLUSDT,1,2024-05-20T20:00:00+00:00,2024-05-21T05:00:00+00:00,2024,187.244,181.54257243,255.66113089,5.70142757,12.0,-1.009852,-1.009852,0.0,SL,109,9.0,0.3001,True,False,1260246.85,0.9264,11674.93,-11789.95,1365700.65
S1,XRPUSDT,1,2024-05-20T20:00:00+00:00,2024-05-22T20:30:00+00:00,2024,0.5337,0.52527041,0.63485513,0.00842959,12.0,-1.018994,-1.018994,0.0,SL,583,48.5,2.8234,True,False,1260246.85,0.9264,11674.93,-11896.68,1289019.88
S2,LINKUSDT,-1,2024-05-20T21:00:00+00:00,2024-05-20T22:30:00+00:00,2024,16.836,17.28145344,15.49963969,0.44545344,3.0,-1.011339,-1.011339,0.0,SL,19,1.5,0.3884,True,False,1260246.85,1.378,17366.2,-17563.12,1377490.59
S1,ETHUSDT,1,2024-05-20T22:00:00+00:00,2024-05-23T20:00:00+00:00,2024,3651.23,3525.58682246,5158.94813044,125.64317754,12.0,-1.008718,-1.008718,0.0,SL,841,70.0,2.4009,True,False,1248343.63,0.9264,11564.66,-11665.48,1310964.19
S1,BTCUSDT,1,2024-05-21T00:00:00+00:00,2024-05-21T15:50:00+00:00,2024,71466.5,70054.00990711,88416.38111471,1412.49009289,12.0,-1.015179,-1.015179,0.0,SL,191,15.83,0.4717,True,False,1377490.59,0.9264,12761.07,-12954.77,1352745.87
S1,DOGEUSDT,1,2024-05-21T00:00:00+00:00,2024-05-23T13:40:00+00:00,2024,0.16573,0.16055028,0.22788661,0.00517972,12.0,-1.009599,-1.009599,0.0,SL,741,61.67,1.7511,True,False,1377490.59,0.9264,12761.07,-12883.57,1298786.03
S1,XRPUSDT,1,2024-05-21T00:00:00+00:00,2024-05-22T04:45:00+00:00,2024,0.5379,0.52884251,0.64658991,0.00905749,12.0,-1.017816,-1.017816,0.0,SL,346,28.75,2.164,True,False,1377490.59,0.9264,12761.07,-12988.42,1319281.3
S1,DOGEUSDT,1,2024-05-21T13:00:00+00:00,2024-05-21T19:25:00+00:00,2024,0.17007,0.16476432,0.23373811,0.00530568,12.0,-1.009616,-1.009616,0.0,SL,78,6.42,0.6389,True,False,1365700.65,0.9264,12651.85,-12773.51,1351099.32
S2,DOGEUSDT,-1,2024-05-21T16:00:00+00:00,2024-05-21T23:45:00+00:00,2024,0.16632,0.17124735,0.15153795,0.00492735,3.0,-1.010126,-1.010126,0.0,SL,94,7.75,0.6332,True,False,1352745.87,1.378,18640.84,-18829.6,1332269.73
S2,DOGEUSDT,-1,2024-05-22T13:00:00+00:00,2024-05-22T15:35:00+00:00,2024,0.16235,0.167135,0.14799499,0.004785,3.0,-1.010179,-1.010179,0.0,SL,32,2.58,0.0293,True,False,1319281.3,1.378,18179.7,-18364.75,1300916.56
S2,XRPUSDT,-1,2024-05-23T17:00:00+00:00,2024-05-24T13:40:00+00:00,2024,0.5249,0.53709733,0.48830801,0.01219733,3.0,-1.01291,-1.01291,0.0,SL,249,20.67,2.3284,True,False,1298786.03,1.378,17897.27,-18128.33,1256392.22
S4,LINKUSDT,1,2024-05-23T22:00:00+00:00,2024-06-06T19:30:00+00:00,2024,16.561,15.87657862,29.90721696,0.68442138,19.5,0.992741,-1.007259,2.0,BE,4003,333.5,3.9157,True,False,1310964.19,1.6151,21173.38,21019.68,1646009.73
S4,XRPUSDT,1,2024-05-23T22:00:00+00:00,2024-06-02T18:00:00+00:00,2024,0.5293,0.51042416,0.89737889,0.01887584,19.5,-1.008412,-1.008412,0.0,SL,2833,236.0,0.7258,True,False,1310964.19,1.6151,21173.38,-21351.49,1737831.72
S2,DOGEUSDT,-1,2024-05-24T07:00:00+00:00,2024-05-24T11:40:00+00:00,2024,0.15665,0.16277896,0.13826311,0.00612896,3.0,-1.007668,-1.007668,0.0,SL,57,4.67,0.266,True,False,1310964.19,1.378,18065.09,-18203.61,1274520.55
S2,LINKUSDT,-1,2024-05-24T07:00:00+00:00,2024-05-24T09:20:00+00:00,2024,16.874,17.39676414,15.30570759,0.52276414,3.0,-1.009684,-1.009684,0.0,SL,29,2.33,0.2908,True,False,1310964.19,1.378,18065.09,-18240.03,1292724.16
S1,LINKUSDT,1,2024-05-27T16:00:00+00:00,2024-05-31T15:30:00+00:00,2024,18.033,17.64373346,22.7041985,0.38926654,12.0,-1.013898,-1.013898,0.0,SL,1147,95.5,3.1033,True,False,1268919.48,0.9264,11755.27,-11918.64,1759183.21
S1,LINKUSDT,1,2024-05-27T17:00:00+00:00,2024-05-28T04:30:00+00:00,2024,18.443,18.01682393,23.55711289,0.42617607,12.0,-1.012983,-1.012983,0.0,SL,139,11.5,1.0348,True,False,1268919.48,0.9264,11755.27,-11907.89,1308902.24
S2,BTCUSDT,-1,2024-05-27T20:00:00+00:00,2024-05-28T18:35:00+00:00,2024,69297.9,69964.03612243,67299.49163271,666.13612243,3.0,2.968791,2.968791,0.0,TP,272,22.58,3.0324,True,False,1268919.48,1.378,17485.71,51911.42,1339914.23
S2,BTCUSDT,-1,2024-05-27T23:00:00+00:00,2024-05-28T04:25:00+00:00,2024,69631.2,70275.99111187,67696.82666438,644.79111187,3.0,2.967603,2.967603,0.0,TP,66,5.42,3.0478,True,False,1268919.48,1.378,17485.71,51890.65,1320810.13
S2,BTCUSDT,-1,2024-05-28T02:00:00+00:00,2024-05-30T17:35:00+00:00,2024,68640.7,69337.75953819,66549.52138544,697.05953819,3.0,-1.029542,-1.029542,0.0,SL,764,63.58,2.1749,True,False,1268919.48,1.378,17485.71,-18002.27,1771101.86
S4,XRPUSDT,1,2024-05-28T03:00:00+00:00,2024-05-28T04:30:00+00:00,2024,0.5312,0.52313803,0.68840841,0.00806197,19.5,-1.019767,-1.019767,0.0,SL,19,1.5,0.0372,True,False,1268919.48,1.6151,20494.32,-20899.43,1288002.81
S2,XRPUSDT,-1,2024-05-31T16:00:00+00:00,2024-06-04T08:15:00+00:00,2024,0.5178,0.52361198,0.50036406,0.00581198,3.0,-1.026728,-1.026728,0.0,SL,1060,88.25,1.6518,True,False,1759183.21,1.378,24241.54,-24889.47,1624990.04
S2,XRPUSDT,-1,2024-06-02T18:00:00+00:00,2024-06-03T01:10:00+00:00,2024,0.5127,0.51625384,0.50203847,0.00355384,3.0,-1.04328,-1.04328,0.0,SL,87,7.17,1.2662,True,False,1737831.72,1.378,23947.32,-24983.76,1712847.96
S3,XRPUSDT,-1,2024-06-02T18:00:00+00:00,2024-06-03T01:10:00+00:00,2024,0.5127,0.51685538,0.49256156,0.00473846,4.25,-0.909409,-0.909409,0.0,SL,87,7.17,0.9497,True,False,1737831.72,3.3981,59053.26,-53703.57,1659144.39
S5,SOLUSDT,-1,2024-06-02T18:00:00+00:00,2024-06-03T01:20:00+00:00,2024,162.353,164.55671646,151.33441768,2.20371646,5.0,-1.022102,-1.022102,0.0,SL,89,7.33,0.452,True,False,1737831.72,0.5216,9064.53,-9264.87,1649879.52
S1,BTCUSDT,1,2024-06-03T13:00:00+00:00,2024-06-03T14:45:00+00:00,2024,69746.23,68960.56700045,79174.18599456,785.66299955,12.0,-1.026632,-1.026632,0.0,SL,22,1.75,0.7976,False,True,,,,,
S2,ETHUSDT,-1,2024-06-03T14:00:00+00:00,2024-06-04T00:15:00+00:00,2024,3826.12,3858.65201688,3728.52394936,32.53201688,3.0,2.964717,2.964717,0.0,TP,124,10.25,3.262,False,True,,,,,
S2,BTCUSDT,-1,2024-06-03T15:00:00+00:00,2024-06-03T15:55:00+00:00,2024,68776.01,69531.135052,66510.63484399,755.125052,3.0,-1.027324,-1.027324,0.0,SL,12,0.92,0.0212,False,True,,,,,
S2,DOGEUSDT,-1,2024-06-03T15:00:00+00:00,2024-06-04T18:35:00+00:00,2024,0.15964,0.16194754,0.15271738,0.00230754,3.0,-1.020755,-1.020755,0.0,SL,332,27.58,1.0747,False,True,,,,,
S2,ETHUSDT,-1,2024-06-03T15:00:00+00:00,2024-06-04T15:15:00+00:00,2024,3771.11,3809.58972996,3655.67081012,38.47972996,3.0,-1.029401,-1.029401,0.0,SL,292,24.25,1.3282,False,True,,,,,
S2,SOLUSDT,-1,2024-06-03T15:00:00+00:00,2024-06-03T17:35:00+00:00,2024,163.427,165.65944079,156.72967764,2.23244079,3.0,-1.021962,-1.021962,0.0,SL,32,2.58,0.0246,False,True,,,,,
S1,BTCUSDT,1,2024-06-03T16:00:00+00:00,2024-06-07T18:10:00+00:00,2024,69615.27,68553.21041181,82359.98505833,1062.05958819,12.0,-1.019664,-1.019664,0.0,SL,1179,98.17,2.381,False,True,,,,,
S2,LINKUSDT,-1,2024-06-03T17:00:00+00:00,2024-06-05T05:55:00+00:00,2024,17.689,17.97429783,16.83310651,0.28529783,3.0,-1.018601,-1.018601,0.0,SL,444,36.92,0.7501,False,True,,,,,
S1,BTCUSDT,1,2024-06-04T16:00:00+00:00,2024-06-07T18:00:00+00:00,2024,70492.1,69527.21850412,82070.67795055,964.88149588,12.0,-1.021917,-1.021917,0.0,SL,889,74.0,1.712,True,False,1624990.04,0.9264,15053.91,-15383.84,1615891.11
S4,LINKUSDT,1,2024-06-06T21:00:00+00:00,2024-06-07T17:55:00+00:00,2024,17.413,17.11819704,23.16165762,0.29480296,19.5,-1.01772,-1.01772,0.0,SL,252,20.92,1.1126,True,False,1646009.73,1.6151,26584.7,-27055.78,1618953.95
S2,DOGEUSDT,-1,2024-06-07T16:00:00+00:00,2024-06-07T18:00:00+00:00,2024,0.16012,0.16210438,0.15416685,0.00198438,3.0,2.975793,2.975793,0.0,TP,25,2.0,10.6179,True,False,1646009.73,1.378,22682.01,67496.98,1683388.09
S2,LINKUSDT,-1,2024-06-07T17:00:00+00:00,2024-06-07T18:00:00+00:00,2024,17.452,17.68159872,16.76320384,0.22959872,3.0,2.977197,2.977197,0.0,TP,13,1.0,8.5845,True,False,1646009.73,1.378,22682.01,67528.82,1750916.92
S2,SOLUSDT,-1,2024-06-07T17:00:00+00:00,2024-06-07T18:00:00+00:00,2024,168.79,170.81080311,162.72759068,2.02080311,3.0,2.974942,2.974942,0.0,TP,13,1.0,5.6626,True,False,1646009.73,1.378,22682.01,67477.68,1818394.59
S2,XRPUSDT,-1,2024-06-07T17:00:00+00:00,2024-06-07T18:00:00+00:00,2024,0.5207,0.52489459,0.50811622,0.00419459,3.0,2.962759,2.962759,0.0,TP,13,1.0,15.4246,True,False,1646009.73,1.378,22682.01,67201.34,1885595.94
S3,SOLUSDT,-1,2024-06-07T17:00:00+00:00,2024-06-07T18:05:00+00:00,2024,168.79,170.66808031,157.33878239,2.69440414,4.25,4.231207,4.231207,0.0,TP,14,1.08,5.118,True,False,1646009.73,3.3981,55933.06,236664.34,2126214.87
S2,BTCUSDT,-1,2024-06-07T18:00:00+00:00,2024-06-11T04:25:00+00:00,2024,69834.0,70531.53179641,67741.40461077,697.53179641,3.0,2.969965,2.969965,0.0,TP,990,82.42,3.1783,True,False,1889550.52,1.378,26038.01,77331.97,2278541.93
S2,LINKUSDT,-1,2024-06-07T18:00:00+00:00,2024-06-07T18:00:00+00:00,2024,17.044,17.30187738,16.27036786,0.25787738,3.0,2.980172,2.980172,0.0,TP,1,0.0,6.061,True,False,10000.0,1.378,137.8,410.67,1886006.6
S2,XRPUSDT,-1,2024-06-07T18:00:00+00:00,2024-06-07T18:00:00+00:00,2024,0.5134,0.51811998,0.49924006,0.00471998,3.0,2.967368,2.967368,0.0,TP,1,0.0,12.1611,True,False,10000.0,1.378,137.8,408.9,1886415.51
S3,LINKUSDT,-1,2024-06-07T18:00:00+00:00,2024-06-07T18:00:00+00:00,2024,17.044,17.47778774,15.58269484,0.34383651,4.25,4.235129,4.235129,0.0,TP,1,0.0,4.5458,True,False,10000.0,3.3981,339.81,1439.14,1887854.65
S3,XRPUSDT,-1,2024-06-07T18:00:00+00:00,2024-06-07T18:00:00+00:00,2024,0.5134,0.521172,0.48665345,0.0062933,4.25,4.225526,4.225526,0.0,TP,1,0.0,9.1208,True,False,10000.0,3.3981,339.81,1435.88,1889290.52
S5,DOGEUSDT,-1,2024-06-07T18:00:00+00:00,2024-06-07T18:00:00+00:00,2024,0.15597,0.15903443,0.14064786,0.00306443,5.0,4.984731,4.984731,0.0,TP,1,0.0,5.5214,True,False,10000.0,0.5216,52.16,260.0,1889550.52
S5,ETHUSDT,-1,2024-06-07T18:00:00+00:00,2024-06-11T15:35:00+00:00,2024,3725.32,3775.88792953,3472.48035233,50.56792953,5.0,4.977899,4.977899,0.0,TP,1124,93.58,5.158,True,False,1889550.52,0.5216,9855.9,49061.65,2376719.09
S5,SOLUSDT,-1,2024-06-07T18:00:00+00:00,2024-06-11T14:00:00+00:00,2024,165.422,168.40494671,150.50726647,2.98294671,5.0,4.983363,4.983363,0.0,TP,1105,92.0,5.0008,True,False,1889550.52,0.5216,9855.9,49115.51,2327657.43
S5,LINKUSDT,-1,2024-06-08T12:00:00+00:00,2024-06-09T20:15:00+00:00,2024,15.872,16.22025867,14.13070663,0.34825867,5.0,-1.013673,-1.013673,0.0,SL,388,32.25,0.5542,True,False,2126214.87,0.5216,11090.34,-11241.97,2114972.89
S2,ETHUSDT,-1,2024-06-10T20:00:00+00:00,2024-06-11T02:15:00+00:00,2024,3670.07,3696.9021241,3589.57362769,26.8321241,3.0,2.958966,2.958966,0.0,TP,76,6.25,4.1022,True,False,2114972.89,1.378,29144.33,86237.07,2201209.96
S5,DOGEUSDT,-1,2024-06-11T14:00:00+00:00,2024-06-12T12:30:00+00:00,2024,0.13843,0.14164856,0.12233722,0.00321856,5.0,-1.012903,-1.012903,0.0,SL,271,22.5,1.5317,True,False,2327657.43,0.5216,12141.06,-12297.72,2364421.37
S5,SOLUSDT,-1,2024-06-11T14:00:00+00:00,2024-06-12T12:30:00+00:00,2024,151.219,154.93850684,132.62146579,3.71950684,5.0,-1.012197,-1.012197,0.0,SL,271,22.5,1.6395,True,False,2327657.43,0.5216,12141.06,-12289.15,2352132.22
S1,BTCUSDT,1,2024-06-12T13:00:00+00:00,2024-06-12T19:30:00+00:00,2024,69339.29,68435.28672585,80187.32928981,904.00327415,12.0,-1.023011,-1.023011,0.0,SL,79,6.5,0.7298,True,False,2352132.22,0.9264,21790.15,-22291.57,2307569.94
S1,BTCUSDT,1,2024-06-12T15:00:00+00:00,2024-06-12T18:00:00+00:00,2024,69960.56,69008.89125851,81380.58489784,951.66874149,12.0,-1.022054,-1.022054,0.0,SL,37,3.0,0.0404,True,False,2352132.22,0.9264,21790.15,-22270.71,2329861.51
S2,BTCUSDT,-1,2024-06-12T20:00:00+00:00,2024-06-12T21:35:00+00:00,2024,67532.92,68473.56313633,64710.990591,940.64313633,3.0,-1.021538,-1.021538,0.0,SL,20,1.58,0.1269,True,False,2307569.94,1.378,31798.31,-32483.19,2275086.76
S3,BTCUSDT,-1,2024-06-12T20:00:00+00:00,2024-06-24T06:00:00+00:00,2024,67532.92,69320.20431363,62202.60889412,1254.19084844,4.25,4.233846,4.233846,0.0,TP,3289,274.0,4.2519,True,False,2307569.94,3.3981,78413.53,331990.83,2537236.41
S2,BTCUSDT,-1,2024-06-13T16:00:00+00:00,2024-06-14T13:30:00+00:00,2024,66470.01,67364.46392329,63786.64823014,894.45392329,3.0,-1.022294,-1.022294,0.0,SL,259,21.5,0.244,True,False,2275086.76,1.378,31350.7,-32049.63,2211094.06
S2,ETHUSDT,-1,2024-06-13T16:00:00+00:00,2024-06-14T02:35:00+00:00,2024,3442.08,3496.72950174,3278.13149479,54.64950174,3.0,-1.018895,-1.018895,0.0,SL,128,10.58,0.2941,True,False,2275086.76,1.378,31350.7,-31943.07,2243143.69
S4,BTCUSDT,1,2024-06-13T17:00:00+00:00,2024-06-14T16:05:00+00:00,2024,66976.01,65758.92799974,90709.1090051,1217.08200026,19.5,-1.016509,-1.016509,0.0,SL,278,23.08,0.3208,True,False,2275086.76,1.6151,36744.93,-37351.55,2186368.78
S2,ETHUSDT,-1,2024-06-17T07:00:00+00:00,2024-06-18T00:50:00+00:00,2024,3550.3,3585.28411753,3445.34764741,34.98411753,3.0,2.969555,2.969555,0.0,TP,215,17.83,3.0099,True,False,2186368.78,1.378,30128.16,89467.23,2282113.0
S5,BTCUSDT,-1,2024-06-17T10:00:00+00:00,2024-06-17T17:35:00+00:00,2024,65722.07,66305.12385703,62806.80071486,583.05385703,5.0,-1.033816,-1.033816,0.0,SL,92,7.58,1.0757,True,False,2186368.78,0.5216,11404.1,-11789.74,2252620.54
S5,ETHUSDT,-1,2024-06-17T10:00:00+00:00,2024-06-17T18:05:00+00:00,2024,3510.75,3561.66604286,3256.16978568,50.91604286,5.0,-1.020686,-1.020686,0.0,SL,98,8.08,0.9182,True,False,2186368.78,0.5216,11404.1,-11640.0,2229410.54
S5,LINKUSDT,-1,2024-06-17T10:00:00+00:00,2024-06-17T17:40:00+00:00,2024,14.436,14.73371071,12.94744644,0.29771071,5.0,-1.014547,-1.014547,0.0,SL,93,7.67,1.4645,True,False,2186368.78,0.5216,11404.1,-11569.99,2241050.55
S2,DOGEUSDT,-1,2024-06-17T14:00:00+00:00,2024-06-17T16:15:00+00:00,2024,0.13232,0.13431902,0.12632295,0.00199902,3.0,2.980142,2.980142,0.0,TP,28,2.25,3.1616,True,False,2186368.78,1.378,30128.16,89786.2,2276154.98
S5,BTCUSDT,-1,2024-06-17T14:00:00+00:00,2024-06-17T16:25:00+00:00,2024,65180.6,65835.33658764,61906.91706182,654.73658764,5.0,-1.029866,-1.029866,0.0,SL,30,2.42,0.1309,True,False,2186368.78,0.5216,11404.1,-11744.69,2264410.28
S4,ETHUSDT,1,2024-06-17T18:00:00+00:00,2024-06-18T00:40:00+00:00,2024,3553.09,3485.35162423,4873.98832751,67.73837577,19.5,-1.015736,-1.015736,0.0,SL,81,6.67,0.3462,True,False,2241050.55,1.6151,36195.21,-36764.78,2192645.77
S4,XRPUSDT,1,2024-06-18T03:00:00+00:00,2024-06-24T05:20:00+00:00,2024,0.4904,0.47068013,0.87493738,0.01971987,19.5,-1.00746,-1.00746,0.0,SL,1757,146.33,0.9635,True,False,2282113.0,1.6151,36858.41,-37133.37,2026007.41
S5,LINKUSDT,-1,2024-06-18T14:00:00+00:00,2024-06-18T21:10:00+00:00,2024,13.284,13.75669725,10.92051375,0.47269725,5.0,-1.008431,-1.008431,0.0,SL,87,7.17,0.3469,True,False,2282113.0,0.5216,11903.5,-12003.86,2270109.14
S2,ETHUSDT,-1,2024-06-21T11:00:00+00:00,2024-06-21T20:15:00+00:00,2024,3495.21,3542.21987591,3354.18037226,47.00987591,3.0,-1.022305,-1.022305,0.0,SL,112,9.25,0.8879,True,False,2270109.14,1.378,31282.1,-31979.85,2169703.12
S2,XRPUSDT,-1,2024-06-21T13:00:00+00:00,2024-06-24T05:20:00+00:00,2024,0.489,0.49527023,0.47018931,0.00627023,3.0,2.976604,2.976604,0.0,TP,773,64.33,3.2535,True,False,2270109.14,1.378,31282.1,93114.44,2119121.85
S4,XRPUSDT,1,2024-06-21T15:00:00+00:00,2024-06-21T16:25:00+00:00,2024,0.4914,0.48222708,0.67027189,0.00917292,19.5,-1.016071,-1.016071,0.0,SL,18,1.42,0.1308,True,False,2270109.14,1.6151,36664.53,-37253.77,2232855.37
S2,SOLUSDT,-1,2024-06-21T18:00:00+00:00,2024-06-21T18:55:00+00:00,2024,129.047,131.99807756,120.19376731,2.95107756,3.0,-1.013119,-1.013119,0.0,SL,12,0.92,0.1383,True,False,2232855.37,1.378,30768.75,-31172.4,2201682.97
S4,ETHUSDT,1,2024-06-21T19:00:00+00:00,2024-06-23T20:30:00+00:00,2024,3521.93,3451.59918477,4893.38089698,70.33081523,19.5,-1.015023,-1.015023,0.0,SL,595,49.5,0.3516,True,False,2201682.97,1.6151,35559.38,-36093.59,2097678.02
S4,LINKUSDT,1,2024-06-21T19:00:00+00:00,2024-06-22T00:25:00+00:00,2024,14.186,13.77933073,22.11605071,0.40666927,19.5,-1.010465,-1.010465,0.0,SL,66,5.42,0.0492,True,False,2201682.97,1.6151,35559.38,-35931.51,2133771.61
S4,DOGEUSDT,1,2024-06-23T21:00:00+00:00,2024-06-23T23:30:00+00:00,2024,0.12363,0.12171929,0.16088894,0.00191071,19.5,-1.019411,-1.019411,0.0,SL,31,2.5,1.4236,True,False,2097678.02,1.6151,33879.6,-34537.23,2063140.78
S2,DOGEUSDT,-1,2024-06-23T23:00:00+00:00,2024-06-24T05:20:00+00:00,2024,0.12359,0.12539349,0.11817954,0.00180349,3.0,2.979441,2.979441,0.0,TP,77,6.33,3.1106,True,False,2097678.02,1.378,28906.0,86123.73,2205245.58
S2,DOGEUSDT,-1,2024-06-24T03:00:00+00:00,2024-06-25T03:10:00+00:00,2024,0.12015,0.12242922,0.11331235,0.00227922,3.0,-1.015815,-1.015815,0.0,SL,291,24.17,2.8957,True,False,2063140.78,1.378,28430.08,-28879.7,2423999.38
S2,DOGEUSDT,-1,2024-06-24T06:00:00+00:00,2024-06-25T02:05:00+00:00,2024,0.11828,0.1207269,0.11093929,0.0024469,3.0,-1.014502,-1.014502,0.0,SL,242,20.08,1.9331,True,False,2537236.41,1.378,34963.12,-35470.15,2452879.09
S5,BTCUSDT,-1,2024-06-24T06:00:00+00:00,2024-06-24T08:35:00+00:00,2024,62296.4,62909.34042318,59231.6978841,612.94042318,5.0,-1.030491,-1.030491,0.0,SL,32,2.58,0.279,True,False,2537236.41,0.5216,13234.23,-13637.75,2523598.66
S2,LINKUSDT,-1,2024-06-24T15:00:00+00:00,2024-06-25T00:05:00+00:00,2024,13.357,13.65083421,12.47549737,0.29383421,3.0,-1.013637,-1.013637,0.0,SL,110,9.08,1.215,True,False,2523598.66,1.378,34775.19,-35249.42,2488349.24
S2,XRPUSDT,-1,2024-06-24T16:00:00+00:00,2024-06-25T14:30:00+00:00,2024,0.473,0.4798438,0.4524686,0.0068438,3.0,-1.020734,-1.020734,0.0,SL,271,22.5,1.7534,True,False,2523598.66,1.378,34775.19,-35496.22,2388503.17
S2,LINKUSDT,-1,2024-06-28T18:00:00+00:00,2024-06-30T22:55:00+00:00,2024,14.089,14.33128854,13.36213439,0.24228854,3.0,-1.017445,-1.017445,0.0,SL,636,52.92,2.6786,True,False,2388503.17,1.378,32913.57,-33487.75,2342277.63
S5,BTCUSDT,-1,2024-06-28T20:00:00+00:00,2024-06-29T01:10:00+00:00,2024,60123.73,60928.12108923,56101.77455383,804.39108923,5.0,-1.022423,-1.022423,0.0,SL,63,5.17,0.0755,True,False,2388503.17,0.5216,12458.43,-12737.79,2375765.38
S1,BTCUSDT,1,2024-06-30T23:00:00+00:00,2024-07-02T14:15:00+00:00,2024,62901.0,62298.63766179,70129.34805857,602.36233821,12.0,-1.031327,-1.031327,0.0,SL,472,39.25,1.595,True,False,2342277.63,0.9264,21698.86,-22378.62,2197865.84
S1,LINKUSDT,1,2024-06-30T23:00:00+00:00,2024-07-03T13:05:00+00:00,2024,14.317,14.05604594,17.44844872,0.26095406,12.0,-1.016459,-1.016459,0.0,SL,746,62.08,1.6593,True,False,2342277.63,0.9264,21698.86,-22056.0,2175809.84
S1,BTCUSDT,1,2024-07-01T02:00:00+00:00,2024-07-01T08:35:00+00:00,2024,63640.81,62954.51117454,71876.3959055,686.29882546,12.0,-1.027819,-1.027819,0.0,SL,80,6.58,0.2587,True,False,2342277.63,0.9264,21698.86,-22302.5,2319975.13
S1,DOGEUSDT,1,2024-07-01T02:00:00+00:00,2024-07-01T10:40:00+00:00,2024,0.12702,0.12489102,0.15256775,0.00212898,12.0,-1.017899,-1.017899,0.0,SL,105,8.67,0.2161,True,False,2342277.63,0.9264,21698.86,-22087.25,2275662.8
S1,ETHUSDT,1,2024-07-01T02:00:00+00:00,2024-07-01T08:40:00+00:00,2024,3517.58,3474.06517294,4039.75792471,43.51482706,12.0,-1.024251,-1.024251,0.0,SL,81,6.67,0.1512,True,False,2342277.63,0.9264,21698.86,-22225.08,2297750.05
S1,XRPUSDT,1,2024-07-01T02:00:00+00:00,2024-07-01T22:20:00+00:00,2024,0.4794,0.4755356,0.52577278,0.0038644,12.0,-1.037217,-1.037217,0.0,SL,245,20.33,1.4232,True,False,2342277.63,0.9264,21698.86,-22506.43,2220244.46
S2,BTCUSDT,-1,2024-07-01T09:00:00+00:00,2024-07-01T17:30:00+00:00,2024,62923.91,63402.48694831,61488.17915508,478.57694831,3.0,-1.039444,-1.039444,0.0,SL,103,8.5,0.8916,True,False,2297750.05,1.378,31663.0,-32911.91,2242750.89
S2,SOLUSDT,-1,2024-07-03T05:00:00+00:00,2024-07-03T19:15:00+00:00,2024,148.15,150.80814121,140.17557637,2.65814121,3.0,2.98328,2.98328,0.0,TP,172,14.25,3.0149,True,False,2197865.84,1.378,30286.59,90353.38,2194729.65
S2,LINKUSDT,-1,2024-07-03T08:00:00+00:00,2024-07-03T19:20:00+00:00,2024,14.394,14.60953659,13.74739022,0.21553659,3.0,2.979965,2.979965,0.0,TP,137,11.33,3.2848,True,False,2197865.84,1.378,30286.59,90252.98,2284982.63
S2,SOLUSDT,-1,2024-07-03T08:00:00+00:00,2024-07-04T01:15:00+00:00,2024,146.373,149.01624426,138.44326723,2.64324426,3.0,2.983387,2.983387,0.0,TP,208,17.25,3.2222,True,False,2197865.84,1.378,30286.59,90356.62,2375339.25
S2,SOLUSDT,-1,2024-07-03T13:00:00+00:00,2024-07-04T01:55:00+00:00,2024,141.5,144.33235629,133.00293114,2.83235629,3.0,2.985012,2.985012,0.0,TP,156,12.92,3.3188,True,False,2197865.84,1.378,30286.59,90405.84,2555705.75
S2,XRPUSDT,-1,2024-07-03T13:00:00+00:00,2024-07-04T01:30:00+00:00,2024,0.4748,0.47959809,0.46040572,0.00479809,3.0,2.970313,2.970313,0.0,TP,151,12.5,3.6473,True,False,2197865.84,1.378,30286.59,89960.66,2465299.91
S4,LINKUSDT,1,2024-07-03T14:00:00+00:00,2024-07-03T17:40:00+00:00,2024,14.471,14.09371598,21.82803839,0.37728402,19.5,-1.011507,-1.011507,0.0,SL,45,3.67,0.2916,True,False,2175809.84,1.6151,35141.5,-35545.88,2104376.26
S4,XRPUSDT,1,2024-07-03T14:00:00+00:00,2024-07-03T15:05:00+00:00,2024,0.4781,0.47134522,0.60981825,0.00675478,19.5,-1.021234,-1.021234,0.0,SL,14,1.08,0.0592,True,False,2175809.84,1.6151,35141.5,-35887.7,2139922.14
S2,LINKUSDT,-1,2024-07-03T18:00:00+00:00,2024-07-04T01:55:00+00:00,2024,14.039,14.35395902,13.09412294,0.31495902,3.0,2.986628,2.986628,0.0,TP,96,7.92,3.1718,True,False,2104376.26,1.378,28998.3,86607.15,2642312.89
S2,LINKUSDT,-1,2024-07-03T20:00:00+00:00,2024-07-04T13:00:00+00:00,2024,13.733,14.05388048,12.77035856,0.32088048,3.0,2.987161,2.987161,0.0,TP,205,17.0,3.0759,True,False,2284982.63,1.378,31487.06,94056.92,2736369.81
S5,BTCUSDT,-1,2024-07-04T02:00:00+00:00,2024-07-11T12:30:00+00:00,2024,58561.1,59630.67108993,53213.24455035,1069.57108993,5.0,-1.016426,-1.016426,0.0,SL,2143,178.5,4.8913,True,False,2642312.89,0.5216,13782.3,-14008.69,2529408.87
S5,ETHUSDT,-1,2024-07-04T02:00:00+00:00,2024-07-05T02:55:00+00:00,2024,3209.31,3271.29939549,2899.36302254,61.98939549,5.0,4.984468,4.984468,0.0,TP,300,24.92,5.2833,True,False,2642312.89,0.5216,13782.3,68697.45,2805067.27
S5,DOGEUSDT,-1,2024-07-04T13:00:00+00:00,2024-07-06T16:40:00+00:00,2024,0.10726,0.11092224,0.08894879,0.00366224,5.0,-1.008786,-1.008786,0.0,SL,621,51.67,4.4426,True,False,2736369.81,0.5216,14272.9,-14398.31,2748936.71
S2,LINKUSDT,-1,2024-07-05T00:00:00+00:00,2024-07-05T02:55:00+00:00,2024,12.528,12.84108758,11.58873726,0.31308758,3.0,2.987996,2.987996,0.0,TP,36,2.92,4.8325,True,False,2736369.81,1.378,37707.18,112668.89,2917736.16
S3,LINKUSDT,-1,2024-07-05T00:00:00+00:00,2024-07-06T16:35:00+00:00,2024,12.528,12.95030876,10.75383705,0.41745011,4.25,-1.020642,-1.020642,0.0,SL,488,40.58,3.6435,True,False,2736369.81,3.3981,92984.58,-94903.97,2777777.41
S5,ETHUSDT,-1,2024-07-05T00:00:00+00:00,2024-07-10T16:00:00+00:00,2024,3059.3,3131.42117265,2698.69413674,72.12117265,5.0,-1.012726,-1.012726,0.0,SL,1633,136.0,3.5953,True,False,2736369.81,0.5216,14272.9,-14454.54,2543417.56
S5,SOLUSDT,-1,2024-07-05T00:00:00+00:00,2024-07-05T12:30:00+00:00,2024,127.751,132.62691875,103.37140625,4.87591875,5.0,-1.00786,-1.00786,0.0,SL,151,12.5,1.5755,True,False,2736369.81,0.5216,14272.9,-14385.09,2888054.27
S5,XRPUSDT,-1,2024-07-05T00:00:00+00:00,2024-07-06T16:35:00+00:00,2024,0.4327,0.44363113,0.37804433,0.01093113,5.0,-1.011875,-1.011875,0.0,SL,488,40.58,4.7113,True,False,2736369.81,0.5216,14272.9,-14442.4,2763335.02
S5,DOGEUSDT,-1,2024-07-05T03:00:00+00:00,2024-07-05T12:20:00+00:00,2024,0.09475,0.10030438,0.06697808,0.00555438,5.0,-1.005118,-1.005118,0.0,SL,113,9.33,0.6769,True,False,2917736.16,0.5216,15218.91,-15296.8,2902439.36
S5,BTCUSDT,-1,2024-07-05T09:00:00+00:00,2024-07-05T12:30:00+00:00,2024,54065.9,55669.18487518,46049.47562412,1603.28487518,5.0,-1.010117,-1.010117,0.0,SL,43,3.5,0.1219,True,False,2917736.16,0.5216,15218.91,-15372.88,2872681.38
S2,BTCUSDT,-1,2024-07-08T11:00:00+00:00,2024-07-09T08:40:00+00:00,2024,56800.0,57846.40792942,53660.77621173,1046.40792942,3.0,-1.016284,-1.016284,0.0,SL,261,21.67,1.8253,True,False,2748936.71,1.378,37880.35,-38497.19,2557872.1
S2,ETHUSDT,-1,2024-07-08T11:00:00+00:00,2024-07-09T04:30:00+00:00,2024,3013.07,3077.73289674,2819.08130978,64.66289674,3.0,-1.013979,-1.013979,0.0,SL,211,17.5,1.9555,True,False,2748936.71,1.378,37880.35,-38409.88,2710526.83
S2,XRPUSDT,-1,2024-07-08T16:00:00+00:00,2024-07-09T06:05:00+00:00,2024,0.4239,0.43491978,0.39084065,0.01101978,3.0,-1.01154,-1.01154,0.0,SL,170,14.08,0.3085,True,False,2748936.71,1.378,37880.35,-38317.49,2672209.35
S3,XRPUSDT,-1,2024-07-08T16:00:00+00:00,2024-07-09T06:25:00+00:00,2024,0.4239,0.43570198,0.36145455,0.01469305,4.25,-0.811891,-0.811891,0.0,SL,174,14.42,0.2314,True,False,2748936.71,3.3981,93411.62,-75840.05,2596369.3
S1,XRPUSDT,1,2024-07-12T11:00:00+00:00,2024-07-17T11:25:00+00:00,2024,0.4704,0.45791959,0.6201649,0.01248041,12.0,11.988693,11.988693,0.0,TP,1446,120.42,12.2192,True,False,2529408.87,0.9264,23432.44,280924.37,2254343.77
S1,DOGEUSDT,1,2024-07-13T18:00:00+00:00,2024-07-21T20:15:00+00:00,2024,0.11173,0.10964498,0.13675027,0.00208502,12.0,11.983924,11.983924,0.0,TP,2332,194.25,12.9495,True,False,2529408.87,0.9264,23432.44,280812.63,2501810.65
S5,XRPUSDT,-1,2024-07-13T21:00:00+00:00,2024-07-16T03:35:00+00:00,2024,0.5398,0.56091862,0.43420692,0.02111862,5.0,-1.007668,-1.007668,0.0,SL,656,54.58,1.2453,True,False,2529408.87,0.5216,13193.4,-13294.56,2291252.77
S2,XRPUSDT,-1,2024-07-13T23:00:00+00:00,2024-07-15T11:00:00+00:00,2024,0.5236,0.53968997,0.47533008,0.01608997,3.0,-1.009763,-1.009763,0.0,SL,433,36.0,0.6277,True,False,2529408.87,1.378,34855.25,-35195.55,2316862.83
S1,DOGEUSDT,1,2024-07-14T01:00:00+00:00,2024-07-21T20:30:00+00:00,2024,0.11332,0.11099488,0.14122145,0.00232512,12.0,11.985379,11.985379,0.0,TP,2251,187.5,12.0252,True,False,2529408.87,0.9264,23432.44,280846.72,2751146.92
S1,BTCUSDT,1,2024-07-14T06:00:00+00:00,2024-08-03T00:55:00+00:00,2024,60265.39,59429.47255987,70296.39928158,835.91744013,12.0,0.978372,-1.021628,2.0,BE,5700,474.92,11.7411,True,False,2529408.87,0.9264,23432.44,22925.65,3387151.21
S2,BTCUSDT,-1,2024-07-14T07:00:00+00:00,2024-07-14T21:20:00+00:00,2024,59849.9,60492.44357438,57922.26927687,642.54357438,3.0,-1.027944,-1.027944,0.0,SL,173,14.33,0.641,True,False,2529408.87,1.378,34855.25,-35829.25,2387455.5
S2,LINKUSDT,-1,2024-07-14T07:00:00+00:00,2024-07-14T09:05:00+00:00,2024,13.053,13.23474865,12.50775406,0.18174865,3.0,-1.021546,-1.021546,0.0,SL,26,2.08,0.2146,True,False,2529408.87,1.378,34855.25,-35606.25,2493802.62
S2,BTCUSDT,-1,2024-07-14T11:00:00+00:00,2024-07-14T21:20:00+00:00,2024,59900.7,60498.78419741,58106.44740776,598.08419741,3.0,-1.030046,-1.030046,0.0,SL,125,10.33,0.7736,True,False,2493802.62,1.378,34364.6,-35397.12,2352058.38
S2,LINKUSDT,-1,2024-07-14T11:00:00+00:00,2024-07-14T17:00:00+00:00,2024,13.151,13.33075098,12.61174706,0.17975098,3.0,-1.021949,-1.021949,0.0,SL,73,6.0,0.9736,True,False,2493802.62,1.378,34364.6,-35118.87,2423284.75
S2,BTCUSDT,-1,2024-07-14T13:00:00+00:00,2024-07-14T14:50:00+00:00,2024,59566.3,60159.96826205,57785.29521384,593.66826205,3.0,-1.030101,-1.030101,0.0,SL,23,1.83,0.2161,True,False,2493802.62,1.378,34364.6,-35399.01,2458403.62
S1,ETHUSDT,1,2024-07-15T03:00:00+00:00,2024-07-23T17:00:00+00:00,2024,3330.11,3274.78909578,3993.96085059,55.32090422,12.0,0.981941,-1.018059,2.0,BE,2473,206.0,4.1977,True,False,2352058.38,0.9264,21789.47,21395.97,2479718.37
S1,BTCUSDT,1,2024-07-15T21:00:00+00:00,2024-07-16T08:15:00+00:00,2024,63694.7,62665.63274865,76043.50701615,1029.06725135,12.0,-1.018569,-1.018569,0.0,SL,136,11.25,1.2626,True,False,2316862.83,0.9264,21463.42,-21861.97,2269390.79
S5,BTCUSDT,-1,2024-07-15T22:00:00+00:00,2024-07-15T22:40:00+00:00,2024,63499.2,64496.86244768,58510.88776161,997.66244768,5.0,-1.019094,-1.019094,0.0,SL,9,0.67,0.0355,True,False,2316862.83,0.5216,12084.76,-12315.5,2304547.33
S2,BTCUSDT,-1,2024-07-16T06:00:00+00:00,2024-07-16T15:15:00+00:00,2024,63631.9,64469.65853776,61118.62438671,837.75853776,3.0,-1.022786,-1.022786,0.0,SL,112,9.25,1.5302,True,False,2291252.77,1.378,31573.46,-32292.9,2101866.09
S2,DOGEUSDT,-1,2024-07-16T06:00:00+00:00,2024-07-16T15:50:00+00:00,2024,0.1226,0.12539176,0.11422473,0.00279176,3.0,-1.013175,-1.013175,0.0,SL,119,9.83,1.3325,True,False,2291252.77,1.378,31573.46,-31989.44,1973419.4
S2,ETHUSDT,-1,2024-07-16T06:00:00+00:00,2024-07-16T15:40:00+00:00,2024,3414.5,3464.19312767,3265.42061698,49.69312767,3.0,-1.020614,-1.020614,0.0,SL,117,9.67,1.3986,True,False,2291252.77,1.378,31573.46,-32224.32,2005408.84
S2,LINKUSDT,-1,2024-07-16T06:00:00+00:00,2024-07-16T15:15:00+00:00,2024,14.167,14.39278641,13.48964078,0.22578641,3.0,-1.018824,-1.018824,0.0,SL,112,9.25,1.6033,True,False,2291252.77,1.378,31573.46,-32167.8,2069698.29
S2,SOLUSDT,-1,2024-07-16T06:00:00+00:00,2024-07-16T15:20:00+00:00,2024,155.466,158.46119253,146.4804224,2.99519253,3.0,-1.015572,-1.015572,0.0,SL,113,9.33,0.9896,True,False,2291252.77,1.378,31573.46,-32065.13,2037633.16
S2,BTCUSDT,-1,2024-07-16T07:00:00+00:00,2024-07-16T11:45:00+00:00,2024,62899.64,63797.18471364,60207.00585909,897.54471364,3.0,-1.021024,-1.021024,0.0,SL,58,4.75,0.6124,True,False,2291252.77,1.378,31573.46,-32237.26,2237153.53
S2,LINKUSDT,-1,2024-07-16T07:00:00+00:00,2024-07-16T14:55:00+00:00,2024,13.967,14.21565881,13.22102358,0.24865881,3.0,-1.016851,-1.016851,0.0,SL,96,7.92,0.6515,True,False,2291252.77,1.378,31573.46,-32105.51,2134158.98
S3,BTCUSDT,-1,2024-07-16T07:00:00+00:00,2024-07-16T12:25:00+00:00,2024,62899.64,63970.36447136,57813.55328938,1196.72628485,4.25,-0.910479,-0.910479,0.0,SL,66,5.42,0.4593,True,False,2291252.77,3.3981,77859.06,-70889.04,2166264.49
S1,XRPUSDT,1,2024-07-16T15:00:00+00:00,2024-07-18T16:00:00+00:00,2024,0.5785,0.5576002,0.82929755,0.0208998,12.0,-1.008304,-1.008304,0.0,SL,589,49.0,2.8278,False,True,,,,,
S1,XRPUSDT,1,2024-07-17T05:00:00+00:00,2024-07-18T05:20:00+00:00,2024,0.6076,0.58691247,0.85585037,0.02068753,12.0,-1.008811,-1.008811,0.0,SL,293,24.33,1.4501,True,False,1973419.4,0.9264,18281.76,-18442.84,2235900.94
S2,LINKUSDT,-1,2024-07-17T16:00:00+00:00,2024-07-19T01:15:00+00:00,2024,14.119,14.3645128,13.38246161,0.2455128,3.0,2.982748,2.982748,0.0,TP,400,33.25,3.1974,True,False,2254343.77,1.378,31064.86,92658.64,2328559.58
S2,SOLUSDT,-1,2024-07-19T08:00:00+00:00,2024-07-19T13:35:00+00:00,2024,161.36,164.64567933,151.50296201,3.28567933,3.0,-1.014733,-1.014733,0.0,SL,68,5.58,0.6684,True,False,2328559.58,1.378,32087.55,-32560.3,2295999.28
S1,BTCUSDT,1,2024-07-19T15:00:00+00:00,2024-07-25T01:05:00+00:00,2024,65747.04,64709.06000845,78202.79989855,1037.97999155,12.0,-1.019002,-1.019002,0.0,SL,1562,130.08,2.6134,True,False,2295999.28,0.9264,21270.14,-21674.31,2461107.05
S1,SOLUSDT,1,2024-07-19T15:00:00+00:00,2024-07-31T20:55:00+00:00,2024,168.569,163.55255454,228.76634557,5.01644546,12.0,0.989919,-1.010081,2.0,BE,3528,293.92,5.0482,True,False,2295999.28,0.9264,21270.14,21055.71,2396745.91
S1,BTCUSDT,1,2024-07-19T18:00:00+00:00,2024-07-23T19:35:00+00:00,2024,66711.2,65635.97290035,79613.92519574,1075.22709965,12.0,-1.018613,-1.018613,0.0,SL,1172,97.58,1.6262,True,False,2295999.28,0.9264,21270.14,-21666.04,2423312.43
S1,DOGEUSDT,1,2024-07-20T16:00:00+00:00,2024-07-21T04:50:00+00:00,2024,0.13477,0.13112683,0.17848802,0.00364317,12.0,-1.011098,-1.011098,0.0,SL,155,12.83,0.2772,True,False,2295999.28,0.9264,21270.14,-21506.19,2274493.09
S1,DOGEUSDT,1,2024-07-20T18:00:00+00:00,2024-07-21T04:55:00+00:00,2024,0.13497,0.13106288,0.18185543,0.00390712,12.0,-1.010363,-1.010363,0.0,SL,132,10.92,0.2073,True,False,2295999.28,0.9264,21270.14,-21490.56,2253002.53
S2,BTCUSDT,-1,2024-07-21T18:00:00+00:00,2024-07-21T18:30:00+00:00,2024,66648.01,67295.89024465,64704.36926606,647.88024465,3.0,-1.030861,-1.030861,0.0,SL,7,0.5,1.3861,True,False,2253002.53,1.378,31046.37,-32004.5,2220998.03
S2,LINKUSDT,-1,2024-07-21T18:00:00+00:00,2024-07-21T20:20:00+00:00,2024,14.383,14.67165322,13.51704035,0.28865322,3.0,-1.014948,-1.014948,0.0,SL,29,2.33,1.4446,True,False,2253002.53,1.378,31046.37,-31510.46,2470300.2
S2,BTCUSDT,-1,2024-07-22T14:00:00+00:00,2024-07-22T19:35:00+00:00,2024,67098.01,67832.67843407,64894.00469778,734.66843407,3.0,-1.027399,-1.027399,0.0,SL,68,5.58,0.7324,True,False,2751146.92,1.378,37910.8,-38949.52,2532261.95
S2,DOGEUSDT,-1,2024-07-22T14:00:00+00:00,2024-07-22T15:50:00+00:00,2024,0.13763,0.14136851,0.12641447,0.00373851,3.0,-1.011044,-1.011044,0.0,SL,23,1.83,0.4494,True,False,2751146.92,1.378,37910.8,-38329.49,2712817.43
S2,ETHUSDT,-1,2024-07-22T14:00:00+00:00,2024-07-23T08:30:00+00:00,2024,3465.34,3504.219202,3348.70239401,38.879202,3.0,-1.026739,-1.026739,0.0,SL,223,18.5,1.1405,True,False,2751146.92,1.378,37910.8,-38924.5,2493337.45
S2,LINKUSDT,-1,2024-07-22T14:00:00+00:00,2024-07-24T21:30:00+00:00,2024,14.113,14.39853507,13.2563948,0.28553507,3.0,2.985172,2.985172,0.0,TP,667,55.5,3.0294,True,False,2751146.92,1.378,37910.8,113170.27,2482781.36
S2,XRPUSDT,-1,2024-07-22T14:00:00+00:00,2024-07-22T18:45:00+00:00,2024,0.6062,0.62031603,0.56385192,0.01411603,3.0,-1.012883,-1.012883,0.0,SL,58,4.75,0.1063,True,False,2751146.92,1.378,37910.8,-38399.21,2571211.47
S2,BTCUSDT,-1,2024-07-22T15:00:00+00:00,2024-07-22T18:00:00+00:00,2024,66712.0,67468.47640307,64442.57079079,756.47640307,3.0,-1.026456,-1.026456,0.0,SL,37,3.0,0.201,True,False,2751146.92,1.378,37910.8,-38913.77,2609610.68
S3,BTCUSDT,-1,2024-07-22T15:00:00+00:00,2024-07-22T17:35:00+00:00,2024,66712.0,67385.64764031,62425.30038261,1008.63520409,4.25,-0.687723,-0.687723,0.0,SL,32,2.58,0.1507,True,False,2751146.92,3.3981,93486.72,-64292.97,2648524.46
S2,ETHUSDT,-1,2024-07-23T14:00:00+00:00,2024-07-23T14:35:00+00:00,2024,3438.57,3492.5292634,3276.69220981,53.9592634,3.0,-1.019118,-1.019118,0.0,SL,8,0.58,0.0465,True,False,2493337.45,1.378,34358.19,-35015.05,2458322.4
S2,ETHUSDT,-1,2024-07-23T17:00:00+00:00,2024-07-23T19:05:00+00:00,2024,3402.0,3463.24979653,3218.25061041,61.24979653,3.0,-1.016663,-1.016663,0.0,SL,26,2.08,0.2839,True,False,2479718.37,1.378,34170.52,-34739.9,2444978.47
S5,BTCUSDT,-1,2024-07-23T17:00:00+00:00,2024-07-24T14:30:00+00:00,2024,65825.0,67004.81658074,59925.91709629,1179.81658074,5.0,-1.016738,-1.016738,0.0,SL,259,21.5,0.3462,True,False,2479718.37,0.5216,12934.21,-13150.7,2410161.73
S4,ETHUSDT,1,2024-07-23T18:00:00+00:00,2024-07-24T21:10:00+00:00,2024,3426.8,3344.56691858,5030.34508767,82.23308142,19.5,-1.012502,-1.012502,0.0,SL,327,27.17,0.8902,True,False,2479718.37,1.6151,40049.93,-40550.64,2369611.09
S2,SOLUSDT,-1,2024-07-24T19:00:00+00:00,2024-07-25T14:05:00+00:00,2024,177.841,181.87606945,165.73579164,4.03506945,3.0,2.986778,2.986778,0.0,TP,230,19.08,3.0141,True,False,2410161.73,1.378,33212.03,99196.96,2560304.01
S2,BTCUSDT,-1,2024-07-24T23:00:00+00:00,2024-07-25T22:00:00+00:00,2024,65266.6,66051.43303301,62912.10090096,784.83303301,3.0,-1.024948,-1.024948,0.0,SL,277,23.0,2.3061,True,False,2482781.36,1.378,34212.73,-35066.27,2490927.77
S2,XRPUSDT,-1,2024-07-25T14:00:00+00:00,2024-07-25T17:05:00+00:00,2024,0.606,0.62157291,0.55928127,0.01557291,3.0,-1.011674,-1.011674,0.0,SL,38,3.08,0.3596,True,False,2461107.05,1.378,33914.06,-34309.97,2525994.04
S4,SOLUSDT,1,2024-07-25T15:00:00+00:00,2024-07-30T17:35:00+00:00,2024,171.213,165.08437776,290.72113367,6.12862224,19.5,0.991619,-1.008381,2.0,BE,1472,122.58,3.7007,True,False,2560304.01,1.6151,41351.47,41004.9,2473750.48
S2,BTCUSDT,-1,2024-07-28T05:00:00+00:00,2024-07-28T18:20:00+00:00,2024,67315.2,68161.71170716,64775.66487851,846.51170716,3.0,-1.023856,-1.023856,0.0,SL,161,13.33,0.3286,True,False,2490927.77,1.378,34324.98,-35143.84,2455783.93
S1,SOLUSDT,1,2024-07-29T03:00:00+00:00,2024-07-29T14:50:00+00:00,2024,192.168,187.61347402,246.82231177,4.55452598,12.0,-1.012658,-1.012658,0.0,SL,143,11.83,0.3787,True,False,2455783.93,0.9264,22750.38,-23038.36,2432745.58
S4,XRPUSDT,1,2024-07-29T18:00:00+00:00,2024-08-01T02:15:00+00:00,2024,0.6032,0.59256338,0.81061407,0.01063662,19.5,0.982987,-1.017013,2.0,BE,676,56.25,5.1802,True,False,2432745.58,1.6151,39291.27,38622.81,2435368.72
S2,LINKUSDT,-1,2024-07-30T18:00:00+00:00,2024-08-01T04:45:00+00:00,2024,13.27,13.4714131,12.6657607,0.2014131,3.0,2.980235,2.980235,0.0,TP,418,34.75,3.118,True,False,2473750.48,1.378,34088.28,101591.09,2536959.81
S2,SOLUSDT,-1,2024-07-30T18:00:00+00:00,2024-07-31T00:55:00+00:00,2024,177.334,180.77113986,167.02258041,3.43713986,3.0,-1.015478,-1.015478,0.0,SL,84,6.92,0.6171,True,False,2473750.48,1.378,34088.28,-34615.9,2439134.58
S4,ETHUSDT,1,2024-07-30T21:00:00+00:00,2024-07-31T20:50:00+00:00,2024,3280.0,3222.13665936,4408.33514252,57.86334064,19.5,-1.017006,-1.017006,0.0,SL,287,23.83,1.188,True,False,2473750.48,1.6151,39953.54,-40632.99,2375690.19
S1,XRPUSDT,1,2024-07-31T02:00:00+00:00,2024-07-31T20:00:00+00:00,2024,0.6491,0.62865776,0.8944069,0.02044224,12.0,-1.009526,-1.009526,0.0,SL,217,18.0,0.45,True,False,2439134.58,0.9264,22596.14,-22811.39,2416323.19
S2,BTCUSDT,-1,2024-07-31T20:00:00+00:00,2024-08-01T15:30:00+00:00,2024,65228.1,66035.93962019,62804.58113942,807.83962019,3.0,2.975777,2.975777,0.0,TP,235,19.5,3.1715,True,False,2416323.19,1.378,33296.93,99084.25,2735413.73
S2,DOGEUSDT,-1,2024-07-31T20:00:00+00:00,2024-08-01T15:00:00+00:00,2024,0.12287,0.12522524,0.11580427,0.00235524,3.0,2.984349,2.984349,0.0,TP,229,19.0,3.316,True,False,2416323.19,1.378,33296.93,99369.67,2636329.48
S2,ETHUSDT,-1,2024-07-31T21:00:00+00:00,2024-08-02T14:50:00+00:00,2024,3221.68,3271.22514085,3073.04457745,49.54514085,3.0,2.980492,2.980492,0.0,TP,503,41.83,3.566,True,False,2396745.91,1.378,33027.16,98437.18,3018885.43
S2,SOLUSDT,-1,2024-07-31T21:00:00+00:00,2024-08-01T15:30:00+00:00,2024,173.495,177.48865793,161.5140262,3.99365793,3.0,2.986967,2.986967,0.0,TP,223,18.5,3.1037,True,False,2396745.91,1.378,33027.16,98651.03,2834064.76
S3,ETHUSDT,-1,2024-07-31T21:00:00+00:00,2024-08-03T00:55:00+00:00,2024,3221.68,3275.45451409,2940.92420185,66.0601878,4.25,4.235369,4.235369,0.0,TP,624,51.92,4.2843,True,False,2396745.91,3.3981,81443.82,344944.64,3732095.85
S3,SOLUSDT,-1,2024-07-31T21:00:00+00:00,2024-08-02T19:45:00+00:00,2024,173.495,177.37736579,150.8642717,5.32487725,4.25,4.240225,4.240225,0.0,TP,562,46.75,4.4123,True,False,2396745.91,3.3981,81443.82,345340.13,3364225.56
S5,BTCUSDT,-1,2024-07-31T21:00:00+00:00,2024-08-04T15:55:00+00:00,2024,64577.4,65702.96810119,58949.55949404,1125.56810119,5.0,4.982788,4.982788,0.0,TP,1092,90.92,5.0208,True,False,2396745.91,0.5216,12501.43,62291.96,4415571.8
S2,XRPUSDT,-1,2024-08-01T03:00:00+00:00,2024-08-02T06:20:00+00:00,2024,0.6123,0.62811969,0.56484092,0.01581969,3.0,2.988389,2.988389,0.0,TP,329,27.33,3.1164,True,False,2435368.72,1.378,33559.38,100288.48,2920448.25
S5,DOGEUSDT,-1,2024-08-01T05:00:00+00:00,2024-08-04T16:00:00+00:00,2024,0.11867,0.12190806,0.10247968,0.00323806,5.0,4.989005,4.989005,0.0,TP,997,83.0,5.0709,True,False,2536959.81,0.5216,13232.78,66018.42,4481590.22
S5,DOGEUSDT,-1,2024-08-01T15:00:00+00:00,2024-08-01T22:25:00+00:00,2024,0.11665,0.11977683,0.10101586,0.00312683,5.0,-1.011192,-1.011192,0.0,SL,90,7.42,1.4871,True,False,2636329.48,0.5216,13751.09,-13905.0,2820159.76
S2,BTCUSDT,-1,2024-08-02T15:00:00+00:00,2024-08-03T21:05:00+00:00,2024,63157.95,64241.11533135,59908.45400596,1083.16533135,3.0,2.982507,2.982507,0.0,TP,362,30.08,3.1001,True,False,3018885.43,1.378,41600.24,124073.01,3980555.58
S2,DOGEUSDT,-1,2024-08-02T15:00:00+00:00,2024-08-04T14:25:00+00:00,2024,0.1136,0.11644373,0.1050688,0.00284373,3.0,2.988016,2.988016,0.0,TP,570,47.42,3.0594,True,False,3018885.43,1.378,41600.24,124302.19,4228985.35
S2,ETHUSDT,-1,2024-08-02T15:00:00+00:00,2024-08-03T21:05:00+00:00,2024,3036.44,3092.73649041,2867.55052878,56.29649041,3.0,2.983819,2.983819,0.0,TP,362,30.08,3.2229,True,False,3018885.43,1.378,41600.24,124127.59,4104683.17
S2,LINKUSDT,-1,2024-08-02T15:00:00+00:00,2024-08-04T15:00:00+00:00,2024,12.038,12.33476412,11.14770764,0.29676412,3.0,2.987831,2.987831,0.0,TP,577,48.0,3.0327,True,False,3018885.43,1.378,41600.24,124294.49,4353279.84
S2,SOLUSDT,-1,2024-08-02T15:00:00+00:00,2024-08-03T17:15:00+00:00,2024,157.581,162.33100278,143.33099167,4.75000278,3.0,2.990048,2.990048,0.0,TP,316,26.25,3.0486,True,False,3018885.43,1.378,41600.24,124386.72,3856482.57
S2,BTCUSDT,-1,2024-08-04T22:00:00+00:00,2024-08-05T01:05:00+00:00,2024,58444.0,59476.75485524,55345.73543429,1032.75485524,3.0,2.983023,2.983023,0.0,TP,38,3.08,4.0126,True,False,4481590.22,1.378,61756.31,184220.5,4665810.72
S2,SOLUSDT,-1,2024-08-05T01:00:00+00:00,2024-08-05T05:10:00+00:00,2024,131.377,136.70962973,115.37911081,5.33262973,3.0,2.992609,2.992609,0.0,TP,51,4.17,3.5879,True,False,4481590.22,1.378,61756.31,184812.5,4850623.22
S5,LINKUSDT,-1,2024-08-05T04:00:00+00:00,2024-08-06T00:25:00+00:00,2024,9.307,9.92599046,6.21204768,0.61899046,5.0,-1.004511,-1.004511,0.0,SL,246,20.42,2.3312,True,False,4665810.72,0.5216,24336.87,-24446.65,4826176.57
S1,XRPUSDT,1,2024-08-08T03:00:00+00:00,2024-08-09T13:15:00+00:00,2024,0.6182,0.57311741,1.15919104,0.04508259,12.0,-1.004114,-1.004114,0.0,SL,412,34.25,0.5324,True,False,4826176.57,0.9264,44709.7,-44893.64,4736105.03
S1,BTCUSDT,1,2024-08-08T23:00:00+00:00,2024-08-09T10:20:00+00:00,2024,62301.9,60517.1116769,83719.35987724,1784.7883231,12.0,-1.010472,-1.010472,0.0,SL,137,11.33,0.2439,True,False,4826176.57,0.9264,44709.7,-45177.9,4780998.67
S5,BTCUSDT,-1,2024-08-09T00:00:00+00:00,2024-08-23T19:10:00+00:00,2024,61659.8,63480.94630002,52554.06849988,1821.14630002,5.0,-1.010157,-1.010157,0.0,SL,4263,355.17,3.0647,True,False,4826176.57,0.5216,25173.34,-25429.02,2506830.83
S2,DOGEUSDT,-1,2024-08-11T12:00:00+00:00,2024-08-11T20:00:00+00:00,2024,0.10744,0.10926347,0.10196958,0.00182347,3.0,2.982324,2.982324,0.0,TP,97,8.0,3.0053,True,False,4736105.03,1.378,65263.53,194636.98,4930742.02
S2,ETHUSDT,-1,2024-08-11T20:00:00+00:00,2024-08-12T10:55:00+00:00,2024,2597.95,2639.46695445,2473.39913665,41.51695445,3.0,-1.018773,-1.018773,0.0,SL,180,14.92,2.2116,True,False,4930742.02,1.378,67945.63,-69221.17,4740500.71
S5,LINKUSDT,-1,2024-08-11T20:00:00+00:00,2024-08-12T10:20:00+00:00,2024,10.205,10.42414505,9.10927476,0.21914505,5.0,-1.01397,-1.01397,0.0,SL,173,14.33,1.2275,True,False,4930742.02,0.5216,25718.75,-26078.04,4809721.88
S2,DOGEUSDT,-1,2024-08-11T21:00:00+00:00,2024-08-12T07:40:00+00:00,2024,0.1014,0.10351606,0.09505182,0.00211606,3.0,-1.014376,-1.014376,0.0,SL,129,10.67,0.6569,True,False,4930742.02,1.378,67945.63,-68922.41,4861819.61
S5,SOLUSDT,-1,2024-08-11T21:00:00+00:00,2024-08-12T08:05:00+00:00,2024,143.833,147.52074563,125.39427187,3.68774563,5.0,-1.011701,-1.011701,0.0,SL,134,11.08,0.7579,True,False,4930742.02,0.5216,25718.75,-26019.69,4835799.92
S2,BTCUSDT,-1,2024-08-12T14:00:00+00:00,2024-08-12T14:10:00+00:00,2024,58157.55,59208.43900909,55004.88297273,1050.88900909,3.0,-1.016602,-1.016602,0.0,SL,3,0.17,0.3402,True,False,4740500.71,1.378,65324.1,-66408.61,4674092.1
S2,DOGEUSDT,-1,2024-08-12T14:00:00+00:00,2024-08-12T14:20:00+00:00,2024,0.10284,0.10538425,0.09520724,0.00254425,3.0,-1.012126,-1.012126,0.0,SL,5,0.33,0.4323,True,False,4740500.71,1.378,65324.1,-66116.22,4475668.97
S2,ETHUSDT,-1,2024-08-12T14:00:00+00:00,2024-08-12T14:10:00+00:00,2024,2613.6,2674.70579979,2430.28260063,61.10579979,3.0,-1.012832,-1.012832,0.0,SL,3,0.17,0.3731,True,False,4740500.71,1.378,65324.1,-66162.34,4607929.76
S2,LINKUSDT,-1,2024-08-12T14:00:00+00:00,2024-08-12T14:10:00+00:00,2024,10.235,10.47945994,9.50162018,0.24445994,3.0,-1.01256,-1.01256,0.0,SL,3,0.17,0.3968,True,False,4740500.71,1.378,65324.1,-66144.57,4541785.19
S2,SOLUSDT,-1,2024-08-12T14:00:00+00:00,2024-08-12T14:35:00+00:00,2024,144.27,148.12531942,132.70404173,3.85531942,3.0,-1.011226,-1.011226,0.0,SL,8,0.58,0.3561,True,False,4740500.71,1.378,65324.1,-66057.43,4409611.54
S2,XRPUSDT,-1,2024-08-12T14:00:00+00:00,2024-08-12T14:35:00+00:00,2024,0.56,0.57176114,0.52471659,0.01176114,3.0,-1.014284,-1.014284,0.0,SL,8,0.58,0.4336,True,False,4740500.71,1.378,65324.1,-66257.19,4343354.36
S2,ETHUSDT,-1,2024-08-13T04:00:00+00:00,2024-08-13T17:00:00+00:00,2024,2655.04,2720.9506077,2457.30817691,65.9106077,3.0,-1.012085,-1.012085,0.0,SL,157,13.0,0.6827,True,False,4343354.36,1.378,59851.42,-60574.73,4282779.63
S2,ETHUSDT,-1,2024-08-14T14:00:00+00:00,2024-08-23T17:45:00+00:00,2024,2658.03,2711.78775202,2496.75674393,53.75775202,3.0,-1.014833,-1.014833,0.0,SL,2638,219.75,2.6858,True,False,4282779.63,1.378,59016.7,-59892.1,2532259.85
S2,DOGEUSDT,-1,2024-08-15T18:00:00+00:00,2024-08-17T17:30:00+00:00,2024,0.10165,0.10344804,0.09625588,0.00179804,3.0,-1.01696,-1.01696,0.0,SL,571,47.5,2.3859,True,False,4282779.63,1.378,59016.7,-60017.63,3627638.87
S2,LINKUSDT,-1,2024-08-15T18:00:00+00:00,2024-08-20T05:15:00+00:00,2024,10.322,10.51729845,9.73610466,0.19529845,3.0,-1.015856,-1.015856,0.0,SL,1288,107.25,2.1403,True,False,4282779.63,1.378,59016.7,-59952.47,3101977.41
S2,SOLUSDT,-1,2024-08-15T19:00:00+00:00,2024-08-15T22:25:00+00:00,2024,138.552,141.94644096,128.36867712,3.39444096,3.0,-1.012245,-1.012245,0.0,SL,42,3.42,0.2657,True,False,4282779.63,1.378,59016.7,-59739.36,4223040.26
S3,SOLUSDT,-1,2024-08-15T19:00:00+00:00,2024-08-15T22:30:00+00:00,2024,138.552,143.5214441,119.31683455,4.52592128,4.25,-1.10718,-1.10718,0.0,SL,43,3.5,0.1993,True,False,4282779.63,3.3981,145533.13,-161131.38,4061908.89
S4,DOGEUSDT,1,2024-08-16T05:00:00+00:00,2024-08-16T12:30:00+00:00,2024,0.10132,0.09884371,0.14960766,0.00247629,19.5,-1.012275,-1.012275,0.0,SL,91,7.5,0.2746,True,False,4061908.89,1.6151,65603.89,-66409.18,3929070.26
S4,LINKUSDT,1,2024-08-16T05:00:00+00:00,2024-08-16T12:30:00+00:00,2024,10.295,10.03704675,15.32508842,0.25795325,19.5,-1.011973,-1.011973,0.0,SL,91,7.5,0.3954,True,False,4061908.89,1.6151,65603.89,-66389.37,3862680.9
S4,XRPUSDT,1,2024-08-16T05:00:00+00:00,2024-08-16T15:25:00+00:00,2024,0.5648,0.55431218,0.76931249,0.01048782,19.5,-1.016156,-1.016156,0.0,SL,126,10.42,0.6293,True,False,4061908.89,1.6151,65603.89,-66663.79,3687656.5
S4,LINKUSDT,1,2024-08-16T07:00:00+00:00,2024-08-16T12:10:00+00:00,2024,10.381,10.1335199,15.20686195,0.2474801,19.5,-1.012584,-1.012584,0.0,SL,63,5.17,0.0647,True,False,4061908.89,1.6151,65603.89,-66429.45,3995479.44
S2,SOLUSDT,-1,2024-08-16T13:00:00+00:00,2024-08-16T13:30:00+00:00,2024,139.124,142.1648271,130.0015187,3.0408271,3.0,-1.013726,-1.013726,0.0,SL,7,0.5,0.1365,True,False,3862680.9,1.378,53227.74,-53958.35,3808722.55
S2,XRPUSDT,-1,2024-08-16T13:00:00+00:00,2024-08-16T13:30:00+00:00,2024,0.557,0.56457278,0.53428167,0.00757278,3.0,-1.022066,-1.022066,0.0,SL,7,0.5,0.1849,True,False,3862680.9,1.378,53227.74,-54402.27,3754320.28
S3,SOLUSDT,-1,2024-08-16T13:00:00+00:00,2024-08-18T00:40:00+00:00,2024,139.124,142.86108271,121.89264644,4.05443613,4.25,-0.932021,-0.932021,0.0,SL,429,35.67,0.7582,True,False,3862680.9,3.3981,131257.76,-122334.99,3505303.88
S2,SOLUSDT,-1,2024-08-16T15:00:00+00:00,2024-08-16T20:25:00+00:00,2024,138.272,141.59564684,128.30105949,3.32364684,3.0,-1.012481,-1.012481,0.0,SL,66,5.42,0.6685,False,True,,,,,
S2,BTCUSDT,-1,2024-08-19T00:00:00+00:00,2024-08-19T13:30:00+00:00,2024,58390.1,58946.13294461,56722.00116617,556.03294461,3.0,-1.031504,-1.031504,0.0,SL,163,13.5,1.0841,True,False,3505303.88,1.378,48303.09,-49824.83,3308361.14
S2,ETHUSDT,-1,2024-08-19T00:00:00+00:00,2024-08-19T02:30:00+00:00,2024,2610.67,2640.4163299,2521.43101031,29.7463299,3.0,-1.026329,-1.026329,0.0,SL,31,2.5,0.2982,True,False,3505303.88,1.378,48303.09,-49574.86,3455729.02
S2,LINKUSDT,-1,2024-08-19T00:00:00+00:00,2024-08-20T00:20:00+00:00,2024,10.079,10.22656339,9.63630984,0.14756339,3.0,-1.020491,-1.020491,0.0,SL,293,24.33,0.9826,True,False,3505303.88,1.378,48303.09,-49292.87,3161929.88
S2,SOLUSDT,-1,2024-08-19T00:00:00+00:00,2024-08-19T17:20:00+00:00,2024,142.348,144.65183753,135.4364874,2.30383753,3.0,-1.018536,-1.018536,0.0,SL,209,17.33,0.9098,True,False,3505303.88,1.378,48303.09,-49198.43,3259162.7
S2,XRPUSDT,-1,2024-08-19T00:00:00+00:00,2024-08-19T06:40:00+00:00,2024,0.5629,0.56871048,0.54546855,0.00581048,3.0,-1.029063,-1.029063,0.0,SL,81,6.67,0.413,True,False,3505303.88,1.378,48303.09,-49706.92,3406022.1
S4,XRPUSDT,1,2024-08-19T02:00:00+00:00,2024-08-27T21:35:00+00:00,2024,0.5666,0.55849033,0.72473856,0.00810967,19.5,0.97904,-1.02096,2.0,BE,2540,211.58,7.9535,True,False,3505303.88,1.6151,56614.16,55427.53,2858605.33
S2,LINKUSDT,-1,2024-08-19T10:00:00+00:00,2024-08-19T17:30:00+00:00,2024,10.013,10.15328787,9.59213639,0.14028787,3.0,-1.021412,-1.021412,0.0,SL,91,7.5,0.5631,True,False,3406022.1,1.378,46934.98,-47939.96,3211222.75
S2,SOLUSDT,-1,2024-08-19T10:00:00+00:00,2024-08-19T12:40:00+00:00,2024,140.883,143.08431614,134.27905157,2.20131614,3.0,-1.0192,-1.0192,0.0,SL,33,2.67,0.2866,True,False,3406022.1,1.378,46934.98,-47836.14,3358185.96
S4,LINKUSDT,1,2024-08-19T15:00:00+00:00,2024-09-01T22:55:00+00:00,2024,10.037,9.83865156,13.90479449,0.19834844,19.5,0.984819,-1.015181,2.0,BE,3840,319.92,13.3502,False,True,,,,,
S1,BTCUSDT,1,2024-08-20T01:00:00+00:00,2024-08-20T14:50:00+00:00,2024,60482.77,59534.72363936,71859.32632772,948.04636064,12.0,-1.019139,-1.019139,0.0,SL,167,13.83,0.9527,True,False,3161929.88,0.9264,29292.12,-29852.74,3072124.67
S5,BTCUSDT,-1,2024-08-20T07:00:00+00:00,2024-08-21T20:00:00+00:00,2024,60929.1,61795.12265331,56598.98673345,866.02265331,5.0,-1.021107,-1.021107,0.0,SL,445,37.0,2.8036,True,False,3101977.41,0.5216,16179.91,-16521.42,2629009.56
S2,BTCUSDT,-1,2024-08-20T15:00:00+00:00,2024-08-21T14:10:00+00:00,2024,59438.8,60133.36306874,57355.11079377,694.56306874,3.0,-1.025673,-1.025673,0.0,SL,279,23.17,1.3501,True,False,3072124.67,1.378,42333.88,-43420.72,2815823.03
S2,DOGEUSDT,-1,2024-08-20T15:00:00+00:00,2024-08-20T18:40:00+00:00,2024,0.10212,0.10409765,0.09618705,0.00197765,3.0,-1.015491,-1.015491,0.0,SL,45,3.67,0.541,True,False,3072124.67,1.378,42333.88,-42989.67,3029135.0
S2,ETHUSDT,-1,2024-08-20T15:00:00+00:00,2024-08-21T17:20:00+00:00,2024,2584.05,2618.34819989,2481.15540033,34.29819989,3.0,-1.022602,-1.022602,0.0,SL,317,26.33,1.4735,True,False,3072124.67,1.378,42333.88,-43290.71,2772532.33
S2,LINKUSDT,-1,2024-08-20T15:00:00+00:00,2024-08-21T00:25:00+00:00,2024,10.162,10.31693251,9.69720246,0.15493251,3.0,-1.019677,-1.019677,0.0,SL,114,9.42,0.852,True,False,3072124.67,1.378,42333.88,-43166.88,2859243.75
S2,XRPUSDT,-1,2024-08-20T15:00:00+00:00,2024-08-21T18:55:00+00:00,2024,0.5934,0.60295209,0.56474373,0.00955209,3.0,-1.018637,-1.018637,0.0,SL,336,27.92,0.9317,True,False,3072124.67,1.378,42333.88,-43122.85,2729409.47
S3,XRPUSDT,-1,2024-08-20T15:00:00+00:00,2024-08-21T18:55:00+00:00,2024,0.5934,0.60345521,0.53927148,0.01273612,4.25,-0.803481,-0.803481,0.0,SL,336,27.92,0.6988,True,False,3072124.67,3.3981,104393.87,-83878.49,2645530.98
S2,BTCUSDT,-1,2024-08-20T16:00:00+00:00,2024-08-20T19:45:00+00:00,2024,58783.7,59515.27642098,56588.97073707,731.57642098,3.0,-1.024106,-1.024106,0.0,SL,46,3.75,0.3863,True,False,3072124.67,1.378,42333.88,-43354.38,2985780.62
S3,BTCUSDT,-1,2024-08-20T16:00:00+00:00,2024-08-20T19:45:00+00:00,2024,58783.7,59545.0576421,54638.10028113,975.43522797,4.25,-0.79861,-0.79861,0.0,SL,46,3.75,0.2897,True,False,3072124.67,3.3981,104393.87,-83369.99,2902410.63
S1,LINKUSDT,1,2024-08-21T18:00:00+00:00,2024-08-27T22:10:00+00:00,2024,10.691,10.45254891,13.55241304,0.23845109,12.0,0.986549,-1.013451,2.0,BE,1779,148.17,8.3623,True,False,2772532.33,0.9264,25684.74,25339.25,3065958.6
S1,LINKUSDT,1,2024-08-21T19:00:00+00:00,2024-08-27T21:45:00+00:00,2024,10.904,10.64900971,13.96388353,0.25499029,12.0,0.987171,-1.012829,2.0,BE,1762,146.75,6.9846,False,True,,,,,
S1,BTCUSDT,1,2024-08-21T20:00:00+00:00,2024-08-22T02:45:00+00:00,2024,61570.0,60453.0092928,74973.88848644,1116.9907072,12.0,-1.016536,-1.016536,0.0,SL,82,6.75,0.2177,False,True,,,,,
S1,LINKUSDT,1,2024-08-21T20:00:00+00:00,2024-08-27T21:35:00+00:00,2024,11.116,10.84436616,14.37560614,0.27163384,12.0,0.987723,-1.012277,2.0,BE,1748,145.58,5.7762,False,True,,,,,
S2,LINKUSDT,-1,2024-08-22T18:00:00+00:00,2024-08-23T00:55:00+00:00,2024,11.319,11.51431275,10.73306175,0.19531275,3.0,-1.017386,-1.017386,0.0,SL,84,6.92,0.041,True,False,2629009.56,1.378,36227.75,-36857.61,2592151.95
S1,BTCUSDT,1,2024-08-23T18:00:00+00:00,2024-08-27T14:05:00+00:00,2024,62999.88,61920.37228662,75953.97256053,1079.50771338,12.0,-1.017508,-1.017508,0.0,SL,1106,92.08,1.8528,True,False,2532259.85,0.9264,23458.86,-23869.57,2683669.47
S1,DOGEUSDT,1,2024-08-23T18:00:00+00:00,2024-08-25T07:10:00+00:00,2024,0.1124,0.10907384,0.15231388,0.00332616,12.0,-1.010138,-1.010138,0.0,SL,447,37.17,0.9019,True,False,2532259.85,0.9264,23458.86,-23696.68,2412652.52
S1,ETHUSDT,1,2024-08-23T18:00:00+00:00,2024-08-26T18:05:00+00:00,2024,2725.99,2677.59202251,3306.76572983,48.39797749,12.0,-1.016897,-1.016897,0.0,SL,866,72.08,1.929,True,False,2532259.85,0.9264,23458.86,-23855.24,2525455.06
S1,LINKUSDT,1,2024-08-23T18:00:00+00:00,2024-08-27T11:00:00+00:00,2024,11.879,11.60545662,15.16152055,0.27354338,12.0,-1.013028,-1.013028,0.0,SL,1069,89.0,2.9465,True,False,2532259.85,0.9264,23458.86,-23764.48,2707539.05
S1,SOLUSDT,1,2024-08-23T18:00:00+00:00,2024-08-27T21:25:00+00:00,2024,148.14,145.26380163,182.65438047,2.87619837,12.0,0.984548,-1.015452,2.0,BE,1194,99.42,4.9319,True,False,2532259.85,0.9264,23458.86,23096.37,2803177.8
S2,DOGEUSDT,-1,2024-08-24T18:00:00+00:00,2024-08-26T12:30:00+00:00,2024,0.11333,0.11527781,0.10748656,0.00194781,3.0,2.982545,2.982545,0.0,TP,511,42.5,3.0906,True,False,2506830.83,1.378,34544.13,103029.42,2446374.36
S2,ETHUSDT,-1,2024-08-24T18:00:00+00:00,2024-08-26T18:05:00+00:00,2024,2781.79,2814.66427297,2683.16718109,32.87427297,3.0,2.974614,2.974614,0.0,TP,578,48.08,3.2271,True,False,2506830.83,1.378,34544.13,102755.45,2628210.51
S2,DOGEUSDT,-1,2024-08-24T22:00:00+00:00,2024-08-26T18:05:00+00:00,2024,0.11102,0.11315305,0.10462084,0.00213305,3.0,2.984386,2.984386,0.0,TP,530,44.08,3.0426,True,False,2506830.83,1.378,34544.13,103093.01,2731303.52
S2,ETHUSDT,-1,2024-08-24T22:00:00+00:00,2024-08-25T00:05:00+00:00,2024,2737.63,2774.92724126,2625.73827622,37.29724126,3.0,-1.02202,-1.02202,0.0,SL,26,2.08,0.0654,True,False,2506830.83,1.378,34544.13,-35304.79,2436349.2
S2,LINKUSDT,-1,2024-08-24T22:00:00+00:00,2024-08-26T06:35:00+00:00,2024,12.2,12.40364626,11.58906121,0.20364626,3.0,-1.017972,-1.017972,0.0,SL,392,32.58,1.3013,True,False,2506830.83,1.378,34544.13,-35164.96,2343344.94
S2,SOLUSDT,-1,2024-08-24T22:00:00+00:00,2024-08-24T23:50:00+00:00,2024,157.48,160.05945422,149.74163735,2.57945422,3.0,-1.018316,-1.018316,0.0,SL,23,1.83,0.0264,True,False,2506830.83,1.378,34544.13,-35176.84,2471653.99
S2,XRPUSDT,-1,2024-08-24T22:00:00+00:00,2024-08-26T17:45:00+00:00,2024,0.6076,0.61664102,0.58047695,0.00904102,3.0,2.979839,2.979839,0.0,TP,526,43.75,3.4067,True,False,2506830.83,1.378,34544.13,102935.94,2549310.3
S2,LINKUSDT,-1,2024-08-25T01:00:00+00:00,2024-08-26T06:30:00+00:00,2024,12.148,12.3627596,11.5037212,0.2147596,3.0,-1.01697,-1.01697,0.0,SL,355,29.5,0.9918,True,False,2436349.2,1.378,33572.89,-34142.62,2378509.89
S2,LINKUSDT,-1,2024-08-26T11:00:00+00:00,2024-08-27T14:10:00+00:00,2024,12.314,12.57224626,11.53926121,0.25824626,3.0,2.985695,2.985695,0.0,TP,327,27.17,3.2333,True,False,2343344.94,1.378,32291.29,96411.95,2780081.43
S2,BTCUSDT,-1,2024-08-27T07:00:00+00:00,2024-08-27T21:35:00+00:00,2024,62740.7,63313.02397441,61023.72807677,572.32397441,3.0,2.967113,2.967113,0.0,TP,176,14.58,3.625,True,False,2731303.52,1.378,37637.36,111674.31,2970279.63
S5,ETHUSDT,-1,2024-08-27T11:00:00+00:00,2024-08-27T21:45:00+00:00,2024,2636.66,2677.59326165,2431.99369175,40.93326165,5.0,4.980676,4.980676,0.0,TP,130,10.75,5.7816,True,False,2707539.05,0.5216,14122.52,70339.71,3040619.35
S5,ETHUSDT,-1,2024-08-27T17:00:00+00:00,2024-09-04T01:00:00+00:00,2024,2564.74,2611.30830258,2331.8984871,46.56830258,5.0,4.983478,4.983478,0.0,TP,2113,176.0,5.5804,True,False,2780081.43,0.5216,14500.9,72264.94,2511255.38
S5,BTCUSDT,-1,2024-08-28T08:00:00+00:00,2024-08-28T09:50:00+00:00,2024,58600.98,59645.80901785,53376.83491076,1044.82901785,5.0,-1.016826,-1.016826,0.0,SL,23,1.83,0.0638,True,False,3065958.6,0.5216,15992.04,-16261.12,3049697.48
S2,BTCUSDT,-1,2024-08-28T11:00:00+00:00,2024-08-29T13:55:00+00:00,2024,59757.0,60617.3626236,57175.9121292,860.3626236,3.0,-1.020837,-1.020837,0.0,SL,324,26.92,2.2049,True,False,3049697.48,1.378,42024.83,-42900.5,2879135.11
S2,BTCUSDT,-1,2024-08-28T14:00:00+00:00,2024-08-29T11:35:00+00:00,2024,59315.4,60147.18601095,56820.04196715,831.78601095,3.0,-1.021393,-1.021393,0.0,SL,260,21.58,1.7497,True,False,3049697.48,1.378,42024.83,-42923.87,2922035.61
S2,DOGEUSDT,-1,2024-08-28T14:00:00+00:00,2024-08-29T14:05:00+00:00,2024,0.10007,0.10198912,0.09431264,0.00191912,3.0,-1.015643,-1.015643,0.0,SL,290,24.08,1.7247,True,False,3049697.48,1.378,42024.83,-42682.23,2836452.88
S2,LINKUSDT,-1,2024-08-28T14:00:00+00:00,2024-08-30T15:35:00+00:00,2024,11.356,11.629134,10.53659801,0.273134,3.0,2.987527,2.987527,0.0,TP,596,49.58,3.0425,True,False,3049697.48,1.378,42024.83,125550.32,2962003.2
S2,DOGEUSDT,-1,2024-08-28T18:00:00+00:00,2024-08-28T18:50:00+00:00,2024,0.09851,0.10070783,0.09191651,0.00219783,3.0,-1.013446,-1.013446,0.0,SL,11,0.83,0.1319,True,False,3049697.48,1.378,42024.83,-42589.9,3007107.58
S2,BTCUSDT,-1,2024-08-28T20:00:00+00:00,2024-08-29T11:20:00+00:00,2024,58898.85,59929.88432235,55805.74703294,1031.03432235,3.0,-1.017138,-1.017138,0.0,SL,185,15.33,0.2675,True,False,3007107.58,1.378,41437.94,-42148.11,2964959.48
S4,ETHUSDT,1,2024-08-30T19:00:00+00:00,2024-09-01T05:25:00+00:00,2024,2534.82,2474.27419761,3715.46314668,60.54580239,19.5,-1.01256,-1.01256,0.0,SL,414,34.42,0.0,True,False,2962003.2,1.6151,47839.31,-48440.18,2913563.02
S2,BTCUSDT,-1,2024-09-01T23:00:00+00:00,2024-09-02T08:20:00+00:00,2024,57309.0,57998.21354679,55241.35935963,689.21354679,3.0,-1.024945,-1.024945,0.0,SL,113,9.33,0.3134,True,False,2913563.02,1.378,40148.9,-41150.41,2831509.72
S2,ETHUSDT,-1,2024-09-01T23:00:00+00:00,2024-09-02T00:30:00+00:00,2024,2405.09,2443.51074812,2289.82775565,38.42074812,3.0,-1.01878,-1.01878,0.0,SL,19,1.5,0.2046,True,False,2913563.02,1.378,40148.9,-40902.89,2872660.13
S2,XRPUSDT,-1,2024-09-01T23:00:00+00:00,2024-09-02T08:30:00+00:00,2024,0.5449,0.55150349,0.52508954,0.00660349,3.0,-1.024755,-1.024755,0.0,SL,115,9.5,0.3786,True,False,2913563.02,1.378,40148.9,-41142.78,2790366.93
S3,ETHUSDT,-1,2024-09-01T23:00:00+00:00,2024-09-02T09:45:00+00:00,2024,2405.09,2489.84207481,2187.37242735,51.22766415,4.25,-1.668505,-1.668505,0.0,SL,130,10.75,0.1534,True,False,2913563.02,3.3981,99005.79,-165191.65,2609807.37
S3,XRPUSDT,-1,2024-09-01T23:00:00+00:00,2024-09-02T15:10:00+00:00,2024,0.5449,0.55856035,0.50748025,0.00880465,4.25,-1.570059,-1.570059,0.0,SL,195,16.17,0.2839,True,False,2913563.02,3.3981,99005.79,-155444.92,2438990.44
S5,DOGEUSDT,-1,2024-09-01T23:00:00+00:00,2024-09-02T09:50:00+00:00,2024,0.09434,0.09679982,0.08204092,0.00245982,5.0,-1.011506,-1.011506,0.0,SL,131,10.83,0.126,True,False,2913563.02,0.5216,15197.14,-15372.0,2594435.37
S5,LINKUSDT,-1,2024-09-01T23:00:00+00:00,2024-09-02T08:30:00+00:00,2024,10.26,10.53391585,8.89042073,0.27391585,5.0,-1.011237,-1.011237,0.0,SL,115,9.5,0.0694,True,False,2913563.02,0.5216,15197.14,-15367.92,2774999.02
S2,DOGEUSDT,-1,2024-09-04T18:00:00+00:00,2024-09-06T15:15:00+00:00,2024,0.09826,0.10007164,0.09282509,0.00181164,3.0,2.983729,2.983729,0.0,TP,544,45.25,3.0249,True,False,2511255.38,1.378,34605.1,103252.24,2538630.33
S2,SOLUSDT,-1,2024-09-05T16:00:00+00:00,2024-09-06T12:30:00+00:00,2024,130.518,133.22496576,122.39710273,2.70696576,3.0,-1.014465,-1.014465,0.0,SL,247,20.5,1.1555,True,False,2511255.38,1.378,34605.1,-35105.66,2476149.72
S4,XRPUSDT,1,2024-09-06T13:00:00+00:00,2024-09-06T14:00:00+00:00,2024,0.5441,0.53572344,0.70744285,0.00837656,19.5,-1.019487,-1.019487,0.0,SL,13,1.0,0.0478,True,False,2476149.72,1.6151,39992.29,-40771.62,2435378.1
S2,DOGEUSDT,-1,2024-09-06T14:00:00+00:00,2024-09-06T19:40:00+00:00,2024,0.09538,0.097064,0.09032799,0.001684,3.0,2.983008,2.983008,0.0,TP,69,5.67,3.0107,True,False,2435378.1,1.378,33559.51,100108.29,2838673.33
S2,ETHUSDT,-1,2024-09-06T14:00:00+00:00,2024-09-06T17:35:00+00:00,2024,2362.09,2400.51690555,2246.80928336,38.42690555,3.0,2.981559,2.981559,0.0,TP,44,3.58,3.6383,True,False,2435378.1,1.378,33559.51,100059.66,2738565.04
S2,LINKUSDT,-1,2024-09-06T14:00:00+00:00,2024-09-06T20:50:00+00:00,2024,9.85,10.0207099,9.33787029,0.1707099,3.0,2.98269,2.98269,0.0,TP,83,6.83,3.1398,True,False,2435378.1,1.378,33559.51,100097.62,3038966.89
S2,SOLUSDT,-1,2024-09-06T14:00:00+00:00,2024-09-06T20:45:00+00:00,2024,130.758,133.48582441,122.57452676,2.72782441,3.0,2.98562,2.98562,0.0,TP,82,6.75,3.0086,True,False,2435378.1,1.378,33559.51,100195.94,2938869.27
S2,XRPUSDT,-1,2024-09-06T14:00:00+00:00,2024-09-06T16:45:00+00:00,2024,0.5374,0.54413367,0.51719898,0.00673367,3.0,2.976058,2.976058,0.0,TP,34,2.75,3.2226,True,False,2435378.1,1.378,33559.51,99875.05,2638505.38
S2,BTCUSDT,-1,2024-09-06T16:00:00+00:00,2024-09-08T22:20:00+00:00,2024,54045.0,55023.28402118,51110.14793646,978.28402118,3.0,-1.016573,-1.016573,0.0,SL,653,54.33,1.5282,True,False,2538630.33,1.378,34982.33,-35562.09,2847607.66
S2,SOLUSDT,-1,2024-09-06T19:00:00+00:00,2024-09-07T07:20:00+00:00,2024,124.778,127.90064188,115.41007436,3.12264188,3.0,-1.011988,-1.011988,0.0,SL,149,12.33,1.3767,True,False,2738565.04,1.378,37737.43,-38189.82,2897601.03
S5,DOGEUSDT,-1,2024-09-06T19:00:00+00:00,2024-09-07T07:25:00+00:00,2024,0.09113,0.09378783,0.07784087,0.00265783,5.0,-1.010286,-1.010286,0.0,SL,150,12.42,0.8541,True,False,2738565.04,0.5216,14284.36,-14431.28,2883169.74
S5,ETHUSDT,-1,2024-09-06T19:00:00+00:00,2024-09-07T06:50:00+00:00,2024,2209.01,2276.67401612,1870.68991938,67.66401612,5.0,-1.009794,-1.009794,0.0,SL,143,11.83,0.8721,True,False,2738565.04,0.5216,14284.36,-14424.26,2935790.85
S5,LINKUSDT,-1,2024-09-06T19:00:00+00:00,2024-09-07T05:05:00+00:00,2024,9.487,9.74850919,8.17945405,0.26150919,5.0,-1.010883,-1.010883,0.0,SL,122,10.08,0.8069,True,False,2738565.04,0.5216,14284.36,-14439.81,2950215.11
S2,SOLUSDT,-1,2024-09-06T21:00:00+00:00,2024-09-06T21:55:00+00:00,2024,121.225,124.70737744,110.77786769,3.48237744,3.0,-1.010443,-1.010443,0.0,SL,12,0.92,0.2142,True,False,3038966.89,1.378,41876.96,-42314.28,2996652.6
S5,DOGEUSDT,-1,2024-09-06T21:00:00+00:00,2024-09-06T23:20:00+00:00,2024,0.08941,0.09218302,0.07554488,0.00277302,5.0,-1.009673,-1.009673,0.0,SL,29,2.33,0.1983,True,False,3038966.89,0.5216,15851.25,-16004.58,2980648.02
S5,ETHUSDT,-1,2024-09-06T21:00:00+00:00,2024-09-07T04:10:00+00:00,2024,2169.57,2242.29744247,1805.93278763,72.72744247,5.0,-1.008949,-1.008949,0.0,SL,87,7.17,0.2691,True,False,3038966.89,0.5216,15851.25,-15993.1,2964654.92
S1,LINKUSDT,1,2024-09-09T09:00:00+00:00,2024-09-09T10:55:00+00:00,2024,10.759,10.5397259,13.39028918,0.2192741,12.0,-1.01472,-1.01472,0.0,SL,24,1.92,0.2782,True,False,2847607.66,0.9264,26380.24,-26768.55,2820839.1
S2,LINKUSDT,-1,2024-09-09T11:00:00+00:00,2024-09-09T21:15:00+00:00,2024,10.542,10.72428567,9.99514298,0.18228567,3.0,-1.01735,-1.01735,0.0,SL,124,10.25,1.3989,True,False,2820839.1,1.378,38871.16,-39545.58,2662302.52
S2,BTCUSDT,-1,2024-09-09T15:00:00+00:00,2024-09-09T16:00:00+00:00,2024,54840.0,55478.04187534,52925.87437399,638.04187534,3.0,-1.025785,-1.025785,0.0,SL,13,1.0,0.0188,True,False,2820839.1,1.378,38871.16,-39873.46,2780965.65
S2,LINKUSDT,-1,2024-09-09T15:00:00+00:00,2024-09-09T16:10:00+00:00,2024,10.315,10.49598563,9.7720431,0.18098563,3.0,-1.017098,-1.017098,0.0,SL,15,1.17,0.0442,True,False,2820839.1,1.378,38871.16,-39535.78,2741429.86
S2,SOLUSDT,-1,2024-09-09T15:00:00+00:00,2024-09-09T16:10:00+00:00,2024,127.086,129.171514,120.829458,2.085514,3.0,-1.018281,-1.018281,0.0,SL,15,1.17,0.035,True,False,2820839.1,1.378,38871.16,-39581.77,2701848.1
S1,BTCUSDT,1,2024-09-09T17:00:00+00:00,2024-10-16T11:30:00+00:00,2024,56391.2,55405.09294604,68224.48464752,986.10705396,12.0,11.982844,11.982844,0.0,TP,10591,882.5,12.0766,False,True,,,,,
S1,BTCUSDT,1,2024-09-09T20:00:00+00:00,2024-09-11T05:30:00+00:00,2024,57089.53,56087.5750592,69112.98928958,1001.9549408,12.0,-1.017093,-1.017093,0.0,SL,403,33.5,0.9965,False,True,,,,,
S2,BTCUSDT,-1,2024-09-11T02:00:00+00:00,2024-09-11T16:55:00+00:00,2024,56698.7,57417.08521061,54543.54436816,718.38521061,3.0,-1.023678,-1.023678,0.0,SL,180,14.92,1.6474,True,False,2662302.52,1.378,36686.53,-37555.19,2498093.55
S2,XRPUSDT,-1,2024-09-11T02:00:00+00:00,2024-09-11T19:15:00+00:00,2024,0.5328,0.53801751,0.51714748,0.00521751,3.0,-1.030635,-1.030635,0.0,SL,208,17.25,1.9358,True,False,2662302.52,1.378,36686.53,-37810.42,2446220.84
S2,BTCUSDT,-1,2024-09-11T14:00:00+00:00,2024-09-11T15:35:00+00:00,2024,55706.4,56500.80763423,53323.1770973,794.40763423,3.0,-1.021037,-1.021037,0.0,SL,20,1.58,0.2407,True,False,2662302.52,1.378,36686.53,-37458.3,2624844.22
S2,ETHUSDT,-1,2024-09-11T14:00:00+00:00,2024-09-11T15:35:00+00:00,2024,2286.35,2322.78685685,2177.03942944,36.43685685,3.0,-1.018824,-1.018824,0.0,SL,20,1.58,0.2895,True,False,2662302.52,1.378,36686.53,-37377.12,2587467.1
S2,XRPUSDT,-1,2024-09-11T14:00:00+00:00,2024-09-11T15:40:00+00:00,2024,0.5261,0.53157859,0.50966423,0.00547859,3.0,-1.028809,-1.028809,0.0,SL,21,1.67,0.6206,True,False,2662302.52,1.378,36686.53,-37743.43,2549723.67
S5,LINKUSDT,-1,2024-09-11T14:00:00+00:00,2024-09-11T16:35:00+00:00,2024,10.224,10.45012374,9.0933813,0.22612374,5.0,-1.013564,-1.013564,0.0,SL,32,2.58,0.2875,True,False,2662302.52,0.5216,13886.57,-14074.93,2535648.74
S5,SOLUSDT,-1,2024-09-11T14:00:00+00:00,2024-09-11T17:00:00+00:00,2024,129.552,132.62336935,114.19515323,3.07136935,5.0,-1.012654,-1.012654,0.0,SL,37,3.0,0.4685,True,False,2662302.52,0.5216,13886.57,-14062.29,2484031.26
S2,XRPUSDT,-1,2024-09-12T15:00:00+00:00,2024-09-13T04:50:00+00:00,2024,0.5602,0.5716566,0.52583021,0.0114566,3.0,-1.014669,-1.014669,0.0,SL,167,13.83,0.5848,True,False,2446220.84,1.378,33708.92,-34203.4,2412017.44
S2,DOGEUSDT,-1,2024-09-13T12:00:00+00:00,2024-09-13T14:20:00+00:00,2024,0.10441,0.10603151,0.09954547,0.00162151,3.0,-1.019317,-1.019317,0.0,SL,29,2.33,0.4687,True,False,2412017.44,1.378,33237.6,-33879.65,2378137.79
S1,LINKUSDT,1,2024-09-13T17:00:00+00:00,2024-09-15T12:05:00+00:00,2024,11.376,11.12846948,14.34636618,0.24753052,12.0,-1.013787,-1.013787,0.0,SL,518,43.08,0.7151,True,False,2378137.79,0.9264,22031.07,-22334.81,2355802.98
S5,LINKUSDT,-1,2024-09-16T00:00:00+00:00,2024-09-19T00:00:00+00:00,2024,10.799,10.95352059,10.02639705,0.15452059,5.0,-1.020966,-1.020966,0.0,SL,865,72.0,3.3652,True,False,2355802.98,0.5216,12287.87,-12545.5,2137336.03
S2,SOLUSDT,-1,2024-09-16T15:00:00+00:00,2024-09-17T05:30:00+00:00,2024,130.343,132.06836051,125.16691847,1.72536051,3.0,-1.022664,-1.022664,0.0,SL,175,14.5,0.8711,True,False,2355802.98,1.378,32462.97,-33198.71,2256203.84
S5,BTCUSDT,-1,2024-09-16T15:00:00+00:00,2024-09-17T05:30:00+00:00,2024,57604.0,58401.00243924,53618.9878038,797.00243924,5.0,-1.021683,-1.021683,0.0,SL,175,14.5,0.1979,True,False,2355802.98,0.5216,12287.87,-12554.31,2243649.54
S2,XRPUSDT,-1,2024-09-16T21:00:00+00:00,2024-09-17T05:00:00+00:00,2024,0.5807,0.58996152,0.55291545,0.00926152,3.0,-1.01881,-1.01881,0.0,SL,97,8.0,0.2807,True,False,2355802.98,1.378,32462.97,-33073.59,2289402.55
S2,BTCUSDT,-1,2024-09-17T01:00:00+00:00,2024-09-17T04:30:00+00:00,2024,57606.0,58255.42113093,55657.7366072,649.42113093,3.0,-1.026611,-1.026611,0.0,SL,43,3.5,0.0092,True,False,2355802.98,1.378,32462.97,-33326.84,2322476.14
S2,SOLUSDT,-1,2024-09-17T14:00:00+00:00,2024-09-17T14:10:00+00:00,2024,131.068,132.86873199,125.66580403,1.80073199,3.0,-1.021836,-1.021836,0.0,SL,3,0.17,0.0789,True,False,2243649.54,1.378,30917.49,-31592.6,2212056.93
S1,BTCUSDT,1,2024-09-17T15:00:00+00:00,2024-09-18T13:55:00+00:00,2024,60247.5,59325.7220017,71308.83597963,921.7779983,12.0,-1.019608,-1.019608,0.0,SL,276,22.92,1.1906,False,True,,,,,
S2,LINKUSDT,-1,2024-09-17T17:00:00+00:00,2024-09-19T00:00:00+00:00,2024,10.735,10.89957972,10.24126083,0.16457972,3.0,-1.019568,-1.019568,0.0,SL,373,31.0,2.7707,False,True,,,,,
S2,SOLUSDT,-1,2024-09-17T17:00:00+00:00,2024-09-19T00:00:00+00:00,2024,132.303,134.65371381,125.25085858,2.35071381,3.0,-1.016885,-1.016885,0.0,SL,373,31.0,2.2729,False,True,,,,,
S2,BTCUSDT,-1,2024-09-18T20:00:00+00:00,2024-09-18T23:10:00+00:00,2024,60024.6,60901.02563777,57395.32308668,876.42563777,3.0,-1.020546,-1.020546,0.0,SL,39,3.17,0.6784,True,False,2212056.93,1.378,30482.14,-31108.43,2180948.5
S2,ETHUSDT,-1,2024-09-18T20:00:00+00:00,2024-09-18T23:10:00+00:00,2024,2313.78,2349.95934282,2205.24197153,36.17934282,3.0,-1.019186,-1.019186,0.0,SL,39,3.17,0.707,True,False,2212056.93,1.378,30482.14,-31066.97,2149881.53
S4,ETHUSDT,1,2024-09-18T21:00:00+00:00,2024-10-02T19:05:00+00:00,2024,2325.0,2274.54081365,3308.95413392,50.45918635,19.5,0.986177,19.486177,-18.5,BE,4010,334.08,7.9799,True,False,2212056.93,1.6151,35726.93,35233.08,2516776.42
S4,LINKUSDT,1,2024-09-18T21:00:00+00:00,2024-09-22T21:55:00+00:00,2024,10.639,10.38781502,15.53710714,0.25118498,19.5,0.987293,-1.012707,2.0,BE,1164,96.92,4.3593,True,False,2212056.93,1.6151,35726.93,35272.95,2172608.98
S4,SOLUSDT,1,2024-09-18T21:00:00+00:00,2024-10-03T15:20:00+00:00,2024,130.721,127.36323026,196.19751,3.35776974,19.5,0.988321,19.488321,-18.5,BE,4253,354.33,9.2442,True,False,2212056.93,1.6151,35726.93,35309.68,3103656.89
S1,LINKUSDT,1,2024-09-19T01:00:00+00:00,2024-10-01T15:00:00+00:00,2024,11.106,10.83805065,14.32139221,0.26794935,12.0,0.987566,-1.012434,2.0,BE,3625,302.0,6.9789,True,False,2137336.03,0.9264,19800.28,19554.08,1991165.55
S1,ETHUSDT,1,2024-09-20T04:00:00+00:00,2024-09-25T17:35:00+00:00,2024,2519.9,2471.25191936,3103.6769677,48.64808064,12.0,0.98446,-1.01554,2.0,BE,1604,133.58,3.7432,True,False,2137336.03,0.9264,19800.28,19492.58,2144347.5
S2,SOLUSDT,-1,2024-09-20T14:00:00+00:00,2024-09-24T22:10:00+00:00,2024,147.199,150.12102245,138.43293264,2.92202245,3.0,-1.015113,-1.015113,0.0,SL,1251,104.17,2.1437,True,False,2137336.03,1.378,29452.49,-29897.61,2155757.16
S2,XRPUSDT,-1,2024-09-21T19:00:00+00:00,2024-09-22T22:00:00+00:00,2024,0.5988,0.60569623,0.5781113,0.00689623,3.0,2.973951,2.973951,0.0,TP,325,27.0,3.1611,True,False,2137336.03,1.378,29452.49,87590.26,2260199.24
S4,BTCUSDT,1,2024-09-22T23:00:00+00:00,2024-09-23T00:10:00+00:00,2024,63856.6,63085.68410721,78889.45990949,770.91589279,19.5,-1.02485,-1.02485,0.0,SL,15,1.17,0.128,True,False,2260199.24,1.6151,36504.48,-37411.61,2222787.63
S4,XRPUSDT,1,2024-09-22T23:00:00+00:00,2024-09-23T00:15:00+00:00,2024,0.5891,0.57883347,0.78929727,0.01026653,19.5,-1.017214,-1.017214,0.0,SL,16,1.25,0.0487,True,False,2260199.24,1.6151,36504.48,-37132.87,2185654.76
S2,BTCUSDT,-1,2024-09-23T05:00:00+00:00,2024-09-24T22:55:00+00:00,2024,63880.4,64616.68915811,61671.53252567,736.28915811,3.0,-1.026028,-1.026028,0.0,SL,504,41.92,1.6192,True,False,2185654.76,1.378,30118.32,-30902.24,2124854.91
S2,LINKUSDT,-1,2024-09-25T18:00:00+00:00,2024-09-26T14:20:00+00:00,2024,12.279,12.48732941,11.65401178,0.20832941,3.0,-1.017682,-1.017682,0.0,SL,245,20.33,1.944,True,False,2144347.5,1.378,29549.11,-30071.6,2114275.9
S1,DOGEUSDT,1,2024-09-26T17:00:00+00:00,2024-09-26T20:55:00+00:00,2024,0.11919,0.11595984,0.15795195,0.00323016,12.0,-1.01107,-1.01107,0.0,SL,48,3.92,0.4706,True,False,2114275.9,0.9264,19586.65,-19803.48,2094472.43
S4,XRPUSDT,1,2024-09-27T04:00:00+00:00,2024-10-01T15:10:00+00:00,2024,0.586,0.57846447,0.73294281,0.00753553,19.5,0.976671,-1.023329,2.0,BE,1287,107.17,10.6296,True,False,2094472.43,1.6151,33827.82,33038.65,2159153.58
S2,XRPUSDT,-1,2024-09-27T16:00:00+00:00,2024-09-28T07:40:00+00:00,2024,0.5881,0.59421502,0.56975493,0.00611502,3.0,-1.028852,-1.028852,0.0,SL,189,15.67,0.7195,True,False,2094472.43,1.378,28861.83,-29694.55,2064777.87
S5,BTCUSDT,-1,2024-09-27T16:00:00+00:00,2024-10-01T17:15:00+00:00,2024,65974.1,66834.11249855,61674.03750725,860.01249855,5.0,4.976986,4.976986,0.0,TP,1168,97.25,5.1442,True,False,2094472.43,0.5216,10924.77,54372.42,2213526.0
S1,BTCUSDT,1,2024-09-27T17:00:00+00:00,2024-09-28T12:40:00+00:00,2024,66303.03,65441.4483942,76642.00926955,861.5816058,12.0,-1.023087,-1.023087,0.0,SL,237,19.67,0.0517,True,False,2094472.43,0.9264,19403.19,-19851.15,2015832.96
S2,XRPUSDT,-1,2024-09-28T09:00:00+00:00,2024-09-28T09:45:00+00:00,2024,0.5993,0.60727902,0.57536295,0.00797902,3.0,-1.022533,-1.022533,0.0,SL,10,0.75,0.4637,True,False,2064777.87,1.378,28452.64,-29093.76,2035684.11
S1,XRPUSDT,1,2024-09-28T11:00:00+00:00,2024-09-30T10:00:00+00:00,2024,0.6192,0.60613603,0.77596767,0.01306397,12.0,0.985781,-1.014219,2.0,BE,565,47.0,3.59,True,False,2035684.11,0.9264,18858.58,18590.43,1958545.48
S2,DOGEUSDT,-1,2024-09-28T17:00:00+00:00,2024-09-30T14:20:00+00:00,2024,0.12893,0.13236383,0.1186285,0.00343383,3.0,2.988736,2.988736,0.0,TP,545,45.33,3.0258,True,False,2015832.96,1.378,27778.18,83021.64,1986220.65
S2,XRPUSDT,-1,2024-09-29T21:00:00+00:00,2024-09-30T09:25:00+00:00,2024,0.6419,0.6546901,0.6035297,0.0127901,3.0,-1.015056,-1.015056,0.0,SL,150,12.42,0.5395,True,False,2015832.96,1.378,27778.18,-28196.41,1939955.05
S2,ETHUSDT,-1,2024-09-30T02:00:00+00:00,2024-09-30T06:00:00+00:00,2024,2614.0,2639.65039351,2537.04881947,25.65039351,3.0,-1.030573,-1.030573,0.0,SL,49,4.0,0.5068,True,False,2015832.96,1.378,27778.18,-28627.44,1987205.52
S2,LINKUSDT,-1,2024-09-30T02:00:00+00:00,2024-10-01T14:50:00+00:00,2024,12.239,12.4397174,11.63684781,0.2007174,3.0,2.981707,2.981707,0.0,TP,443,36.83,3.4028,True,False,2015832.96,1.378,27778.18,82826.39,1971611.47
S5,BTCUSDT,-1,2024-09-30T02:00:00+00:00,2024-10-01T15:05:00+00:00,2024,64769.99,65305.927883,62090.30058499,535.937883,5.0,4.963744,4.963744,0.0,TP,446,37.08,5.402,True,False,2015832.96,0.5216,10514.58,52191.71,2126114.93
S2,SOLUSDT,-1,2024-09-30T03:00:00+00:00,2024-10-01T15:00:00+00:00,2024,155.967,158.22015101,149.20754698,2.25315101,3.0,2.979233,2.979233,0.0,TP,433,36.0,3.2253,True,False,2015832.96,1.378,27778.18,82757.67,2073923.22
S5,BTCUSDT,-1,2024-09-30T03:00:00+00:00,2024-10-01T17:20:00+00:00,2024,64376.01,64941.47231993,61548.69840035,565.46231993,5.0,4.965846,4.965846,0.0,TP,461,38.33,5.8077,True,False,2015832.96,0.5216,10514.58,52213.81,2346358.38
S1,BTCUSDT,1,2024-09-30T06:00:00+00:00,2024-09-30T09:15:00+00:00,2024,64526.0,63973.13879122,71160.33450534,552.86120878,12.0,-1.035014,-1.035014,0.0,SL,40,3.25,0.4052,True,False,1987205.52,0.9264,18409.47,-19054.06,1968151.46
S2,ETHUSDT,-1,2024-09-30T10:00:00+00:00,2024-09-30T12:10:00+00:00,2024,2606.1,2632.82529055,2525.92412834,26.72529055,3.0,-1.029254,-1.029254,0.0,SL,27,2.17,0.5755,True,False,1958545.48,1.378,26988.76,-27778.29,1930767.19
S2,SOLUSDT,-1,2024-09-30T10:00:00+00:00,2024-09-30T12:50:00+00:00,2024,154.397,156.55449101,147.92452696,2.15749101,3.0,-1.021469,-1.021469,0.0,SL,35,2.83,0.3184,True,False,1958545.48,1.378,26988.76,-27568.18,1903199.01
S2,XRPUSDT,-1,2024-09-30T10:00:00+00:00,2024-10-01T17:15:00+00:00,2024,0.6337,0.64845718,0.58942845,0.01475718,3.0,2.987117,2.987117,0.0,TP,376,31.25,3.0968,True,False,1958545.48,1.378,26988.76,80618.57,2294144.57
S5,BTCUSDT,-1,2024-09-30T10:00:00+00:00,2024-10-02T19:35:00+00:00,2024,63541.0,64223.53856008,60128.30719962,682.53856008,5.0,4.972071,4.972071,0.0,TP,692,57.58,5.0591,True,False,1958545.48,0.5216,10215.77,50793.55,2567569.97
S4,SOLUSDT,1,2024-09-30T12:00:00+00:00,2024-09-30T23:30:00+00:00,2024,155.56,152.66739469,211.96580363,2.89260531,19.5,-1.016134,-1.016134,0.0,SL,139,11.5,0.6237,True,False,1958545.48,1.6151,31632.47,-32142.83,1954077.83
S4,ETHUSDT,1,2024-09-30T18:00:00+00:00,2024-10-01T13:40:00+00:00,2024,2608.39,2569.04967301,3375.52637626,39.34032699,19.5,-1.019891,-1.019891,0.0,SL,237,19.67,1.2771,True,False,1986220.65,1.6151,32079.45,-32717.54,1888785.08
S4,SOLUSDT,1,2024-09-30T18:00:00+00:00,2024-09-30T23:30:00+00:00,2024,155.597,152.57643779,214.49796303,3.02056221,19.5,-1.015454,-1.015454,0.0,SL,67,5.5,0.4314,True,False,1986220.65,1.6151,32079.45,-32575.21,1921502.62
S2,LINKUSDT,-1,2024-10-01T15:00:00+00:00,2024-10-01T17:20:00+00:00,2024,11.611,11.82400175,10.97199476,0.21300175,3.0,2.983647,2.983647,0.0,TP,29,2.33,3.6526,True,False,2073923.22,1.378,28578.66,85268.64,2431627.02
S2,SOLUSDT,-1,2024-10-01T15:00:00+00:00,2024-10-01T17:20:00+00:00,2024,150.778,153.28008986,143.27173041,2.50208986,3.0,2.981922,2.981922,0.0,TP,29,2.33,3.3324,True,False,2073923.22,1.378,28578.66,85219.34,2516846.36
S3,LINKUSDT,-1,2024-10-01T15:00:00+00:00,2024-10-03T08:50:00+00:00,2024,11.611,11.98230017,10.4039901,0.28400233,4.25,4.237735,4.237735,0.0,TP,503,41.83,4.2711,True,False,2073923.22,3.3981,70473.98,298650.07,3068347.21
S3,SOLUSDT,-1,2024-10-01T15:00:00+00:00,2024-10-03T08:35:00+00:00,2024,150.778,154.70720899,136.59949078,3.33611982,4.25,4.236441,4.236441,0.0,TP,500,41.58,4.2792,True,False,2073923.22,3.3981,70473.98,298558.88,2769697.14
S5,SOLUSDT,-1,2024-10-01T20:00:00+00:00,2024-10-07T01:55:00+00:00,2024,145.391,150.08052225,121.94338873,4.68952225,5.0,-1.009301,-1.009301,0.0,SL,1512,125.92,2.6418,True,False,2516846.36,0.5216,13127.87,-13249.97,2701235.7
S2,LINKUSDT,-1,2024-10-02T13:00:00+00:00,2024-10-04T16:30:00+00:00,2024,10.95,11.17833826,10.26498521,0.22833826,3.0,-1.014387,-1.014387,0.0,SL,619,51.5,2.7065,True,False,2516846.36,1.378,34682.14,-35181.11,2878132.03
S2,ETHUSDT,-1,2024-10-02T15:00:00+00:00,2024-10-02T16:05:00+00:00,2024,2433.34,2474.11751916,2311.00744252,40.77751916,3.0,-1.017902,-1.017902,0.0,SL,14,1.08,0.0248,True,False,2516846.36,1.378,34682.14,-35303.02,2481543.34
S2,LINKUSDT,-1,2024-10-02T15:00:00+00:00,2024-10-04T08:35:00+00:00,2024,10.819,11.05897024,10.09908929,0.23997024,3.0,-1.013525,-1.013525,0.0,SL,500,41.58,2.0294,True,False,2516846.36,1.378,34682.14,-35151.22,3068505.67
S2,BTCUSDT,-1,2024-10-02T19:00:00+00:00,2024-10-04T08:35:00+00:00,2024,60762.1,61637.21503066,58136.75490801,875.11503066,3.0,-1.02083,-1.02083,0.0,SL,452,37.58,1.0673,True,False,2481543.34,1.378,34195.67,-34907.96,3033597.71
S2,ETHUSDT,-1,2024-10-02T19:00:00+00:00,2024-10-04T16:15:00+00:00,2024,2388.79,2432.65330643,2257.20008072,43.86330643,3.0,-1.016338,-1.016338,0.0,SL,544,45.25,1.8398,True,False,2481543.34,1.378,34195.67,-34754.36,2913313.15
S2,LINKUSDT,-1,2024-10-02T19:00:00+00:00,2024-10-03T03:30:00+00:00,2024,10.552,10.8029747,9.79907591,0.2509747,3.0,-1.012613,-1.012613,0.0,SL,103,8.5,0.4224,True,False,2481543.34,1.378,34195.67,-34626.98,2471138.26
S2,SOLUSDT,-1,2024-10-02T19:00:00+00:00,2024-10-06T14:35:00+00:00,2024,142.192,145.50745832,132.24562504,3.31545832,3.0,-1.012866,-1.012866,0.0,SL,1100,91.58,2.7719,True,False,2481543.34,1.378,34195.67,-34635.63,2843496.4
S3,ETHUSDT,-1,2024-10-02T19:00:00+00:00,2024-10-06T14:55:00+00:00,2024,2388.79,2450.70633064,2140.23126358,58.48440857,4.25,-1.070934,-1.070934,0.0,SL,1104,91.92,1.3799,True,False,2481543.34,3.3981,84325.32,-90306.86,2753189.55
S3,LINKUSDT,-1,2024-10-02T19:00:00+00:00,2024-10-03T03:20:00+00:00,2024,10.552,10.79409747,9.12981005,0.33463293,4.25,-0.732932,-0.732932,0.0,SL,101,8.33,0.3168,True,False,2481543.34,3.3981,84325.32,-61804.73,2505765.24
S2,ETHUSDT,-1,2024-10-02T20:00:00+00:00,2024-10-04T15:55:00+00:00,2024,2370.61,2414.85771311,2237.86686067,44.24771311,3.0,-1.016073,-1.016073,0.0,SL,528,43.92,1.413,True,False,2567569.97,1.378,35381.11,-35949.79,2997647.91
S3,ETHUSDT,-1,2024-10-02T20:00:00+00:00,2024-10-04T15:55:00+00:00,2024,2370.61,2403.42477131,2119.87295904,58.99695081,4.25,-0.568266,-0.568266,0.0,SL,528,43.92,1.0597,True,False,2567569.97,3.3981,87248.6,-49580.41,2948067.5
S5,XRPUSDT,-1,2024-10-02T22:00:00+00:00,2024-10-17T05:10:00+00:00,2024,0.5409,0.56589663,0.41591683,0.02499663,5.0,-1.006492,-1.006492,0.0,SL,4119,343.17,1.3722,True,False,2567569.97,0.5216,13392.44,-13479.39,1753108.1
S2,DOGEUSDT,-1,2024-10-06T17:00:00+00:00,2024-10-07T00:35:00+00:00,2024,0.11086,0.1125095,0.10591151,0.0016495,3.0,-1.020162,-1.020162,0.0,SL,92,7.58,0.7699,True,False,2753189.55,1.378,37938.95,-38703.88,2714485.67
S1,BTCUSDT,1,2024-10-07T01:00:00+00:00,2024-10-07T10:10:00+00:00,2024,63677.98,63077.0022857,70889.71257165,600.9777143,12.0,-1.031787,-1.031787,0.0,SL,111,9.17,0.4862,True,False,2714485.67,0.9264,25147.0,-25946.34,2598734.25
S1,DOGEUSDT,1,2024-10-07T01:00:00+00:00,2024-10-07T10:20:00+00:00,2024,0.11368,0.11129688,0.14227749,0.00238312,12.0,-1.014311,-1.014311,0.0,SL,113,9.33,0.7427,True,False,2714485.67,0.9264,25147.0,-25506.87,2573227.38
S1,ETHUSDT,1,2024-10-07T01:00:00+00:00,2024-10-07T09:25:00+00:00,2024,2487.99,2455.81615181,2874.07617829,32.17384819,12.0,-1.023199,-1.023199,0.0,SL,102,8.42,0.7618,True,False,2714485.67,0.9264,25147.0,-25730.38,2624680.59
S1,DOGEUSDT,1,2024-10-07T02:00:00+00:00,2024-10-07T09:15:00+00:00,2024,0.11504,0.11257996,0.14456053,0.00246004,12.0,-1.014029,-1.014029,0.0,SL,88,7.25,0.1667,True,False,2701235.7,0.9264,25024.25,-25375.31,2650410.97
S1,SOLUSDT,1,2024-10-07T02:00:00+00:00,2024-10-07T09:10:00+00:00,2024,150.376,147.72079045,182.23851465,2.65520955,12.0,-1.01699,-1.01699,0.0,SL,87,7.17,0.232,True,False,2701235.7,0.9264,25024.25,-25449.41,2675786.29
S5,DOGEUSDT,-1,2024-10-07T03:00:00+00:00,2024-10-14T22:30:00+00:00,2024,0.11427,0.11672861,0.10197694,0.00245861,5.0,-1.013943,-1.013943,0.0,SL,2251,187.5,4.5554,True,False,2701235.7,0.5216,14089.65,-14286.1,2022149.92
S2,DOGEUSDT,-1,2024-10-07T16:00:00+00:00,2024-10-08T15:25:00+00:00,2024,0.11181,0.1138272,0.10575841,0.0020172,3.0,2.983371,2.983371,0.0,TP,282,23.42,3.0141,False,True,,,,,
S2,ETHUSDT,-1,2024-10-07T16:00:00+00:00,2024-10-09T20:50:00+00:00,2024,2472.87,2504.37722889,2378.34831332,31.50722889,3.0,2.976454,2.976454,0.0,TP,635,52.83,3.7001,False,True,,,,,
S2,SOLUSDT,-1,2024-10-07T16:00:00+00:00,2024-10-08T15:30:00+00:00,2024,148.63,151.09001655,141.24995035,2.46001655,3.0,2.981875,2.981875,0.0,TP,283,23.5,3.0203,False,True,,,,,
S2,DOGEUSDT,-1,2024-10-07T19:00:00+00:00,2024-10-07T21:30:00+00:00,2024,0.10956,0.11177706,0.10290882,0.00221706,3.0,-1.014825,-1.014825,0.0,SL,31,2.5,0.0271,False,True,,,,,
S2,ETHUSDT,-1,2024-10-07T19:00:00+00:00,2024-10-08T21:45:00+00:00,2024,2423.96,2458.86563844,2319.24308468,34.90563844,3.0,-1.020833,-1.020833,0.0,SL,322,26.75,0.6861,False,True,,,,,
S2,LINKUSDT,-1,2024-10-07T19:00:00+00:00,2024-10-09T13:05:00+00:00,2024,11.231,11.44979912,10.57460264,0.21879912,3.0,2.984601,2.984601,0.0,TP,506,42.08,3.053,False,True,,,,,
S2,SOLUSDT,-1,2024-10-07T19:00:00+00:00,2024-10-10T00:35:00+00:00,2024,145.64,148.26387896,137.76836312,2.62387896,3.0,2.983348,2.983348,0.0,TP,644,53.58,3.0855,False,True,,,,,
S2,XRPUSDT,-1,2024-10-07T19:00:00+00:00,2024-10-10T13:05:00+00:00,2024,0.5356,0.54258459,0.51464623,0.00698459,3.0,-1.023005,-1.023005,0.0,SL,794,66.08,2.1476,False,True,,,,,
S2,DOGEUSDT,-1,2024-10-08T00:00:00+00:00,2024-10-09T12:00:00+00:00,2024,0.10837,0.11069053,0.1014084,0.00232053,3.0,-1.01401,-1.01401,0.0,SL,433,36.0,1.379,True,False,2573227.38,1.378,35459.07,-35955.85,2404877.15
S2,XRPUSDT,-1,2024-10-08T00:00:00+00:00,2024-10-08T20:10:00+00:00,2024,0.5282,0.53558896,0.50603312,0.00738896,3.0,-1.021446,-1.021446,0.0,SL,243,20.17,1.0286,True,False,2573227.38,1.378,35459.07,-36219.53,2440833.0
S3,DOGEUSDT,-1,2024-10-08T00:00:00+00:00,2024-10-09T12:00:00+00:00,2024,0.10837,0.11059205,0.09522032,0.00309404,4.25,-0.728679,-0.728679,0.0,SL,433,36.0,1.0342,True,False,2573227.38,3.3981,87440.84,-63716.3,2341160.85
S3,XRPUSDT,-1,2024-10-08T00:00:00+00:00,2024-10-08T04:30:00+00:00,2024,0.5282,0.5341389,0.48632922,0.00985195,4.25,-0.618899,-0.618899,0.0,SL,55,4.5,0.0203,True,False,2573227.38,3.3981,87440.84,-54117.05,2519110.33
S4,LINKUSDT,1,2024-10-08T01:00:00+00:00,2024-10-08T07:20:00+00:00,2024,11.24,10.9583583,16.73201325,0.2816417,19.5,-1.011973,-1.011973,0.0,SL,77,6.33,0.174,True,False,2573227.38,1.6151,41560.2,-42057.8,2477052.53
S4,XRPUSDT,1,2024-10-08T17:00:00+00:00,2024-10-18T00:50:00+00:00,2024,0.5299,0.5205024,0.71315326,0.0093976,19.5,0.983084,-1.016916,2.0,BE,2687,223.83,3.8946,True,False,2477052.53,1.6151,40006.88,39330.12,1773262.26
S2,DOGEUSDT,-1,2024-10-09T21:00:00+00:00,2024-10-10T00:50:00+00:00,2024,0.1062,0.10828714,0.09993857,0.00208714,3.0,-1.015265,-1.015265,0.0,SL,47,3.83,0.0767,True,False,2341160.85,1.378,32261.2,-32753.66,2308407.18
S2,XRPUSDT,-1,2024-10-10T15:00:00+00:00,2024-10-10T16:15:00+00:00,2024,0.5324,0.53900174,0.51259478,0.00660174,3.0,-1.024194,-1.024194,0.0,SL,16,1.25,0.1212,True,False,2308407.18,1.378,31809.85,-32579.46,2275827.72
S2,BTCUSDT,-1,2024-10-10T18:00:00+00:00,2024-10-10T23:10:00+00:00,2024,59589.0,60249.25423441,57608.23729676,660.25423441,3.0,-1.027075,-1.027075,0.0,SL,63,5.17,1.0435,True,False,2275827.72,1.378,31360.91,-32210.0,2243617.72
S2,SOLUSDT,-1,2024-10-10T18:00:00+00:00,2024-10-10T23:20:00+00:00,2024,136.579,138.90133838,129.61198487,2.32233838,3.0,-1.017643,-1.017643,0.0,SL,65,5.33,0.4961,True,False,2275827.72,1.378,31360.91,-31914.21,2211703.51
S1,BTCUSDT,1,2024-10-11T18:00:00+00:00,2024-10-13T15:25:00+00:00,2024,62879.9,62058.01233062,72742.55203262,821.88766938,12.0,-1.022952,-1.022952,0.0,SL,546,45.42,0.709,True,False,2211703.51,0.9264,20489.22,-20959.49,2190744.02
S2,DOGEUSDT,-1,2024-10-13T15:00:00+00:00,2024-10-13T22:00:00+00:00,2024,0.10987,0.11113691,0.10606926,0.00126691,3.0,-1.026017,-1.026017,0.0,SL,85,7.0,1.0024,True,False,2211703.51,1.378,30477.27,-31270.2,2128111.21
S2,LINKUSDT,-1,2024-10-13T15:00:00+00:00,2024-10-14T03:25:00+00:00,2024,10.724,10.84353359,10.36539923,0.11953359,3.0,-1.026915,-1.026915,0.0,SL,150,12.42,1.0374,True,False,2211703.51,1.378,30477.27,-31297.57,2036436.02
S2,SOLUSDT,-1,2024-10-13T15:00:00+00:00,2024-10-13T21:30:00+00:00,2024,145.407,146.90868443,140.90194672,1.50168443,3.0,-1.029049,-1.029049,0.0,SL,79,6.5,0.6826,True,False,2211703.51,1.378,30477.27,-31362.61,2159381.42
S2,DOGEUSDT,-1,2024-10-14T01:00:00+00:00,2024-10-14T03:20:00+00:00,2024,0.10973,0.11118787,0.10535638,0.00145787,3.0,-1.02258,-1.02258,0.0,SL,29,2.33,0.3224,True,False,2128111.21,1.378,29325.37,-29987.54,2098123.67
S2,ETHUSDT,-1,2024-10-14T01:00:00+00:00,2024-10-14T03:20:00+00:00,2024,2451.4,2471.65546739,2390.63359782,20.25546739,3.0,-1.036307,-1.036307,0.0,SL,29,2.33,0.4641,True,False,2128111.21,1.378,29325.37,-30390.09,2067733.59
S1,SOLUSDT,1,2024-10-14T04:00:00+00:00,2024-10-17T17:25:00+00:00,2024,152.43,149.65087906,185.77945131,2.77912094,12.0,-1.016454,-1.016454,0.0,SL,1026,85.42,2.7167,True,False,2036436.02,0.9264,18865.54,-19175.96,1733932.14
S4,BTCUSDT,1,2024-10-14T04:00:00+00:00,2024-10-15T15:05:00+00:00,2024,64280.8,63473.51056108,80022.94405888,807.28943892,19.5,0.976112,19.476112,-18.5,BE,422,35.08,4.5497,True,False,2036436.02,1.6151,32890.48,32104.79,1969101.28
S4,DOGEUSDT,1,2024-10-14T04:00:00+00:00,2024-10-15T15:05:00+00:00,2024,0.11272,0.11048948,0.15621523,0.00223052,19.5,-1.015161,-1.015161,0.0,SL,422,35.08,2.95,True,False,2036436.02,1.6151,32890.48,-33389.13,1935712.15
S4,XRPUSDT,1,2024-10-14T04:00:00+00:00,2024-10-15T15:05:00+00:00,2024,0.5383,0.53205485,0.66008037,0.00624515,19.5,-1.025858,-1.025858,0.0,SL,422,35.08,2.7541,True,False,2036436.02,1.6151,32890.48,-33740.96,1901971.19
S1,BTCUSDT,1,2024-10-14T08:00:00+00:00,2024-10-15T14:40:00+00:00,2024,64599.5,63745.67686212,74845.3776546,853.82313788,12.0,0.977302,11.977302,-11.0,BE,369,30.67,3.9284,True,False,2036436.02,0.9264,18865.54,18437.33,1936996.49
S1,XRPUSDT,1,2024-10-15T02:00:00+00:00,2024-10-15T03:55:00+00:00,2024,0.5546,0.54715255,0.64396943,0.00744745,12.0,-1.022341,-1.022341,0.0,SL,24,1.92,0.0,True,False,2022149.92,0.9264,18733.2,-19151.72,2002998.2
S2,DOGEUSDT,-1,2024-10-15T12:00:00+00:00,2024-10-15T13:40:00+00:00,2024,0.11289,0.11503812,0.10644565,0.00214812,3.0,-1.015766,-1.015766,0.0,SL,21,1.67,0.1257,True,False,2002998.2,1.378,27601.32,-28036.48,1946857.87
S2,LINKUSDT,-1,2024-10-15T12:00:00+00:00,2024-10-15T12:30:00+00:00,2024,11.371,11.5583653,10.80890409,0.1873653,3.0,-1.018207,-1.018207,0.0,SL,7,0.5,0.0213,True,False,2002998.2,1.378,27601.32,-28103.85,1974894.35
S2,XRPUSDT,-1,2024-10-15T12:00:00+00:00,2024-10-15T13:40:00+00:00,2024,0.536,0.54236398,0.51690807,0.00636398,3.0,-1.025267,-1.025267,0.0,SL,21,1.67,0.1414,True,False,2002998.2,1.378,27601.32,-28298.72,1918559.16
S1,BTCUSDT,1,2024-10-15T14:00:00+00:00,2024-10-15T14:30:00+00:00,2024,67646.8,66635.88906203,79777.73125564,1010.91093797,12.0,-1.020075,-1.020075,0.0,SL,7,0.5,0.3036,False,True,,,,,
S2,BTCUSDT,-1,2024-10-15T15:00:00+00:00,2024-10-15T16:05:00+00:00,2024,65345.1,66354.62368894,62316.52893317,1009.52368894,3.0,-1.019419,-1.019419,0.0,SL,14,1.08,0.568,True,False,1936996.49,1.378,26691.81,-27210.14,1874761.05
S2,DOGEUSDT,-1,2024-10-15T15:00:00+00:00,2024-10-15T16:45:00+00:00,2024,0.11263,0.11570407,0.10340778,0.00307407,3.0,-1.010992,-1.010992,0.0,SL,22,1.75,0.8295,True,False,1936996.49,1.378,26691.81,-26985.21,1793615.0
S2,ETHUSDT,-1,2024-10-15T15:00:00+00:00,2024-10-15T16:40:00+00:00,2024,2567.08,2614.91166827,2423.58499519,47.83166827,3.0,-1.016101,-1.016101,0.0,SL,21,1.67,0.6364,True,False,1936996.49,1.378,26691.81,-27121.58,1847639.47
S2,LINKUSDT,-1,2024-10-15T15:00:00+00:00,2024-10-15T18:05:00+00:00,2024,11.128,11.39342769,10.33171694,0.26542769,3.0,-1.012577,-1.012577,0.0,SL,38,3.08,0.7347,True,False,1936996.49,1.378,26691.81,-27027.51,1766587.49
S2,SOLUSDT,-1,2024-10-15T15:00:00+00:00,2024-10-15T16:40:00+00:00,2024,152.27,155.77939471,141.74181588,3.50939471,3.0,-1.013017,-1.013017,0.0,SL,21,1.67,0.5927,True,False,1936996.49,1.378,26691.81,-27039.26,1820600.21
S2,XRPUSDT,-1,2024-10-17T19:00:00+00:00,2024-10-18T07:20:00+00:00,2024,0.5427,0.55107112,0.51758664,0.00837112,3.0,-1.019449,-1.019449,0.0,SL,149,12.33,0.4181,True,False,1733932.14,1.378,23893.58,-24358.29,1748903.97
S1,LINKUSDT,1,2024-10-20T15:00:00+00:00,2024-10-21T12:40:00+00:00,2024,11.89,11.6956529,14.22216524,0.1943471,12.0,-1.018354,-1.018354,0.0,SL,261,21.67,0.7821,True,False,1748903.97,0.9264,16201.85,-16499.22,1666392.09
S2,ETHUSDT,-1,2024-10-20T17:00:00+00:00,2024-10-20T20:50:00+00:00,2024,2691.94,2714.29126958,2624.88619127,22.35126958,3.0,-1.036131,-1.036131,0.0,SL,47,3.83,0.3029,True,False,1748903.97,1.378,24099.9,-24970.65,1723933.32
S1,SOLUSDT,1,2024-10-20T22:00:00+00:00,2024-10-25T18:00:00+00:00,2024,163.76,160.99639492,196.92326091,2.76360508,12.0,0.982223,-1.017777,2.0,BE,1393,116.0,5.6231,True,False,1723933.32,0.9264,15970.52,15686.61,1588905.18
S1,SOLUSDT,1,2024-10-21T02:00:00+00:00,2024-10-21T09:30:00+00:00,2024,169.83,166.54829694,209.21043666,3.28170306,12.0,-1.015525,-1.015525,0.0,SL,91,7.5,0.6399,True,False,1723933.32,0.9264,15970.52,-16218.46,1682891.31
S2,BTCUSDT,-1,2024-10-21T03:00:00+00:00,2024-10-21T05:05:00+00:00,2024,68721.4,69180.08150801,67345.35547596,458.68150801,3.0,-1.044947,-1.044947,0.0,SL,26,2.08,0.2865,True,False,1723933.32,1.378,23755.8,-24823.55,1699109.77
S2,BTCUSDT,-1,2024-10-21T14:00:00+00:00,2024-10-21T19:50:00+00:00,2024,67312.01,67864.77081254,65653.72756239,552.76081254,3.0,-1.036532,-1.036532,0.0,SL,71,5.83,0.8527,True,False,1666392.09,1.378,22962.88,-23801.76,1642590.33
S1,LINKUSDT,1,2024-10-22T11:00:00+00:00,2024-10-23T00:15:00+00:00,2024,12.176,11.89323645,15.56916255,0.28276355,12.0,-1.012918,-1.012918,0.0,SL,160,13.25,0.5835,True,False,1642590.33,0.9264,15216.96,-15413.53,1627176.8
S2,SOLUSDT,-1,2024-10-22T16:00:00+00:00,2024-10-23T19:40:00+00:00,2024,167.75,171.47514319,156.57457043,3.72514319,3.0,-1.01351,-1.01351,0.0,SL,333,27.67,0.9798,True,False,1642590.33,1.378,22634.89,-22940.69,1604236.11
S5,ETHUSDT,-1,2024-10-23T17:00:00+00:00,2024-10-24T00:45:00+00:00,2024,2491.49,2535.25219014,2272.67904929,43.76219014,5.0,-1.01708,-1.01708,0.0,SL,94,7.75,1.1078,True,False,1627176.8,0.5216,8487.35,-8632.32,1595603.79
S4,BTCUSDT,1,2024-10-23T21:00:00+00:00,2024-10-25T23:20:00+00:00,2024,66654.4,65756.89408363,84155.76536918,897.50591637,19.5,-1.02228,-1.02228,0.0,SL,605,50.33,2.438,True,False,1604236.11,1.6151,25910.02,-26487.29,1536083.61
S4,BTCUSDT,1,2024-10-24T01:00:00+00:00,2024-10-25T18:00:00+00:00,2024,67423.5,66498.72949091,85456.52492735,924.77050909,19.5,-1.021873,-1.021873,0.0,SL,493,41.0,1.5344,True,False,1595603.79,1.6151,25770.6,-26334.28,1562570.91
S5,LINKUSDT,-1,2024-10-25T04:00:00+00:00,2024-10-30T06:10:00+00:00,2024,11.893,12.14033225,10.65633877,0.24733225,5.0,-1.014426,-1.014426,0.0,SL,1467,122.17,4.8194,True,False,1595603.79,0.5216,8322.67,-8442.73,1273727.54
S5,LINKUSDT,-1,2024-10-25T05:00:00+00:00,2024-10-30T03:55:00+00:00,2024,11.75,12.00780851,10.46095743,0.25780851,5.0,-1.013673,-1.013673,0.0,SL,1428,118.92,4.0689,True,False,1595603.79,0.5216,8322.67,-8436.47,1321195.04
S2,LINKUSDT,-1,2024-10-25T06:00:00+00:00,2024-10-25T09:05:00+00:00,2024,11.668,11.86147379,11.08757864,0.19347379,3.0,-1.018092,-1.018092,0.0,SL,38,3.08,0.5014,True,False,1595603.79,1.378,21987.42,-22385.22,1573218.57
S2,ETHUSDT,-1,2024-10-25T18:00:00+00:00,2024-10-27T22:10:00+00:00,2024,2485.8,2524.77736506,2368.86790483,38.97736506,3.0,-1.019133,-1.019133,0.0,SL,627,52.17,2.6982,True,False,1562570.91,1.378,21532.23,-21944.2,1492412.45
S2,XRPUSDT,-1,2024-10-26T14:00:00+00:00,2024-10-27T03:10:00+00:00,2024,0.5093,0.51507818,0.49196545,0.00577818,3.0,-1.026443,-1.026443,0.0,SL,159,13.17,0.675,True,False,1536083.61,1.378,21167.23,-21726.96,1514356.66
S2,DOGEUSDT,-1,2024-10-28T01:00:00+00:00,2024-10-28T02:25:00+00:00,2024,0.14213,0.14475355,0.13425935,0.00262355,3.0,-1.016252,-1.016252,0.0,SL,18,1.42,0.404,True,False,1492412.45,1.378,20565.44,-20899.67,1471512.78
S1,DOGEUSDT,1,2024-10-28T03:00:00+00:00,2024-11-03T02:40:00+00:00,2024,0.1456,0.14174973,0.19180326,0.00385027,12.0,0.988655,11.988655,-11.0,BE,1725,143.67,8.8669,True,False,1471512.78,0.9264,13632.09,13477.44,1269366.94
S2,DOGEUSDT,-1,2024-10-28T04:00:00+00:00,2024-10-28T11:10:00+00:00,2024,0.14317,0.14624251,0.13395247,0.00307251,3.0,-1.013979,-1.013979,0.0,SL,87,7.17,0.4394,True,False,1471512.78,1.378,20277.45,-20560.9,1450951.88
S1,DOGEUSDT,1,2024-10-28T15:00:00+00:00,2024-11-01T06:55:00+00:00,2024,0.15058,0.14589529,0.20679649,0.00468471,12.0,0.990357,-1.009643,2.0,BE,1056,87.92,6.2245,True,False,1450951.88,0.9264,13441.62,13312.0,1292122.02
S2,BTCUSDT,-1,2024-10-28T16:00:00+00:00,2024-10-28T17:30:00+00:00,2024,68494.2,68982.91206828,67028.06379515,488.71206828,3.0,-1.042046,-1.042046,0.0,SL,19,1.5,0.0852,True,False,1450951.88,1.378,19994.12,-20834.79,1430117.09
S2,ETHUSDT,-1,2024-10-28T16:00:00+00:00,2024-10-28T21:35:00+00:00,2024,2500.29,2528.13088725,2416.76733824,27.84088725,3.0,-1.026942,-1.026942,0.0,SL,68,5.58,0.5492,True,False,1450951.88,1.378,19994.12,-20532.8,1409584.29
S1,DOGEUSDT,1,2024-10-28T19:00:00+00:00,2024-10-31T20:45:00+00:00,2024,0.15307,0.14785088,0.21569948,0.00521912,12.0,0.991201,-1.008799,2.0,BE,886,73.75,5.1101,True,False,1430117.09,0.9264,13248.6,13132.03,1278810.02
S1,DOGEUSDT,1,2024-10-29T01:00:00+00:00,2024-10-31T19:50:00+00:00,2024,0.16792,0.16093787,0.2517056,0.00698213,12.0,-1.007215,-1.007215,0.0,SL,803,66.83,1.6929,True,False,1409584.29,0.9264,13058.39,-13152.61,1265677.99
S5,BTCUSDT,-1,2024-10-29T13:00:00+00:00,2024-10-29T14:00:00+00:00,2024,71108.0,71899.18112785,67152.09436074,791.18112785,5.0,-1.026963,-1.026963,0.0,SL,13,1.0,0.2262,True,False,1409584.29,0.5216,7352.39,-7550.63,1402033.65
S1,BTCUSDT,1,2024-10-29T14:00:00+00:00,2024-10-31T14:00:00+00:00,2024,71803.99,70941.80752414,82150.17971035,862.18247586,12.0,-1.024984,-1.024984,0.0,SL,577,48.0,2.1064,True,False,1402033.65,0.9264,12988.44,-13312.94,1222071.46
S1,BTCUSDT,1,2024-10-29T16:00:00+00:00,2024-10-31T13:45:00+00:00,2024,72374.9,71430.27031418,83710.45622984,944.62968582,12.0,-1.022985,-1.022985,0.0,SL,550,45.75,1.3182,True,False,1402033.65,0.9264,12988.44,-13286.98,1235384.4
S1,DOGEUSDT,1,2024-10-29T16:00:00+00:00,2024-10-30T15:10:00+00:00,2024,0.17275,0.16666014,0.24582834,0.00608986,12.0,-1.00851,-1.00851,0.0,SL,279,23.17,1.1478,True,False,1402033.65,0.9264,12988.44,-13098.97,1260628.57
S1,ETHUSDT,1,2024-10-29T16:00:00+00:00,2024-10-29T20:25:00+00:00,2024,2648.11,2606.33845948,3149.3684862,41.77154052,12.0,-1.019019,-1.019019,0.0,SL,54,4.42,0.8072,True,False,1402033.65,0.9264,12988.44,-13235.47,1348942.86
S1,ETHUSDT,1,2024-10-29T17:00:00+00:00,2024-10-29T19:30:00+00:00,2024,2669.2,2625.85928381,3189.28859433,43.34071619,12.0,-1.018476,-1.018476,0.0,SL,31,2.5,0.2914,True,False,1402033.65,0.9264,12988.44,-13228.41,1388805.24
S1,XRPUSDT,1,2024-10-29T17:00:00+00:00,2024-10-29T20:20:00+00:00,2024,0.53,0.52422919,0.59924969,0.00577081,12.0,-1.027552,-1.027552,0.0,SL,41,3.33,0.1733,True,False,1402033.65,0.9264,12988.44,-13346.3,1375458.94
S1,BTCUSDT,1,2024-10-29T19:00:00+00:00,2024-10-29T20:20:00+00:00,2024,73170.0,72194.18486161,84879.7816607,975.81513839,12.0,-1.022495,-1.022495,0.0,SL,17,1.33,0.4613,True,False,1402033.65,0.9264,12988.44,-13280.61,1362178.33
S2,DOGEUSDT,-1,2024-10-29T20:00:00+00:00,2024-10-29T22:20:00+00:00,2024,0.16982,0.17543589,0.15297233,0.00561589,3.0,-1.009072,-1.009072,0.0,SL,29,2.33,0.2724,True,False,1388805.24,1.378,19137.74,-19311.35,1329631.51
S2,ETHUSDT,-1,2024-10-29T20:00:00+00:00,2024-10-30T06:05:00+00:00,2024,2624.43,2660.99735791,2514.72792627,36.56735791,3.0,-1.021531,-1.021531,0.0,SL,122,10.08,0.6708,True,False,1388805.24,1.378,19137.74,-19549.79,1282170.27
S2,SOLUSDT,-1,2024-10-29T20:00:00+00:00,2024-10-30T05:00:00+00:00,2024,178.14,181.17273094,169.04180718,3.03273094,3.0,-1.017622,-1.017622,0.0,SL,109,9.0,0.6034,True,False,1388805.24,1.378,19137.74,-19474.98,1301720.06
S2,XRPUSDT,-1,2024-10-29T20:00:00+00:00,2024-10-31T14:00:00+00:00,2024,0.5263,0.53091973,0.5124408,0.00461973,3.0,2.965823,2.965823,0.0,TP,505,42.0,4.0479,True,False,1388805.24,1.378,19137.74,56759.14,1278830.6
S5,BTCUSDT,-1,2024-10-29T20:00:00+00:00,2024-11-04T21:20:00+00:00,2024,72534.6,73603.65977136,67189.30114318,1069.05977136,5.0,4.979645,4.979645,0.0,TP,1745,145.33,5.091,True,False,1388805.24,0.5216,7244.01,36072.59,1370116.52
S1,LINKUSDT,1,2024-10-30T15:00:00+00:00,2024-10-31T08:25:00+00:00,2024,12.357,12.0790398,15.69252237,0.2779602,12.0,-1.013337,-1.013337,0.0,SL,210,17.42,0.3993,True,False,1273727.54,0.9264,11799.81,-11957.19,1248671.38
S5,LINKUSDT,-1,2024-10-31T15:00:00+00:00,2024-11-04T15:40:00+00:00,2024,11.774,12.054313,10.37243502,0.280313,5.0,4.987399,4.987399,0.0,TP,1161,96.67,5.0515,True,False,1278830.6,0.5216,6670.38,33267.85,1355893.89
S2,BTCUSDT,-1,2024-11-01T16:00:00+00:00,2024-11-01T16:15:00+00:00,2024,69381.1,70364.92026392,66429.63920823,983.82026392,3.0,-1.021157,-1.021157,0.0,SL,4,0.25,0.0306,True,False,1292122.02,1.378,17805.44,-18182.15,1273939.87
S2,DOGEUSDT,-1,2024-11-01T16:00:00+00:00,2024-11-03T15:35:00+00:00,2024,0.15932,0.16473271,0.14308186,0.00541271,3.0,2.99117,2.99117,0.0,TP,572,47.58,3.1038,True,False,1292122.02,1.378,17805.44,53259.1,1322626.04
S2,SOLUSDT,-1,2024-11-01T16:00:00+00:00,2024-11-01T16:15:00+00:00,2024,164.0,167.57658771,153.27023686,3.57658771,3.0,-1.013756,-1.013756,0.0,SL,4,0.25,0.1174,True,False,1292122.02,1.378,17805.44,-18050.37,1255889.5
S4,BTCUSDT,1,2024-11-03T21:00:00+00:00,2024-11-04T16:40:00+00:00,2024,68970.06,68064.75259405,86623.55441608,905.30740595,19.5,-1.022855,-1.022855,0.0,SL,237,19.67,0.5802,True,False,1322626.04,1.6151,21361.73,-21849.96,1334043.93
S2,LINKUSDT,-1,2024-11-04T16:00:00+00:00,2024-11-05T09:00:00+00:00,2024,10.388,10.58287422,9.80337733,0.19487422,3.0,-1.015992,-1.015992,0.0,SL,205,17.0,1.6831,True,False,1355893.89,1.378,18684.22,-18983.02,1227964.77
S2,BTCUSDT,-1,2024-11-04T17:00:00+00:00,2024-11-05T04:45:00+00:00,2024,67736.8,68484.12410687,65494.8276794,747.32410687,3.0,-1.027192,-1.027192,0.0,SL,142,11.75,1.2402,True,False,1334043.93,1.378,18383.13,-18883.0,1246947.79
S2,ETHUSDT,-1,2024-11-04T17:00:00+00:00,2024-11-05T09:00:00+00:00,2024,2413.91,2445.07747351,2320.40757947,31.16747351,3.0,-1.023235,-1.023235,0.0,SL,193,16.0,1.858,True,False,1334043.93,1.378,18383.13,-18810.26,1209154.51
S2,SOLUSDT,-1,2024-11-04T17:00:00+00:00,2024-11-05T12:30:00+00:00,2024,160.1,163.06455871,151.20632386,2.96455871,3.0,-1.016201,-1.016201,0.0,SL,235,19.5,1.7102,True,False,1334043.93,1.378,18383.13,-18680.95,1190473.56
S2,DOGEUSDT,-1,2024-11-04T22:00:00+00:00,2024-11-04T22:55:00+00:00,2024,0.152,0.15741896,0.13574313,0.00541896,3.0,-1.008415,-1.008415,0.0,SL,12,0.92,0.0554,True,False,1370116.52,1.378,18880.21,-19039.08,1331727.91
S2,SOLUSDT,-1,2024-11-04T22:00:00+00:00,2024-11-04T22:55:00+00:00,2024,155.3,158.40617575,145.98147274,3.10617575,3.0,-1.014999,-1.014999,0.0,SL,12,0.92,0.0837,True,False,1370116.52,1.378,18880.21,-19163.39,1312564.52
S2,XRPUSDT,-1,2024-11-04T22:00:00+00:00,2024-11-04T22:50:00+00:00,2024,0.4972,0.50320055,0.47919835,0.00600055,3.0,-1.024858,-1.024858,0.0,SL,11,0.83,0.25,True,False,1370116.52,1.378,18880.21,-19349.53,1350766.99
S3,SOLUSDT,-1,2024-11-04T22:00:00+00:00,2024-11-05T03:50:00+00:00,2024,155.3,159.41061758,137.6983374,4.14156767,4.25,-1.003776,-1.003776,0.0,SL,71,5.83,0.0628,True,False,1370116.52,3.3981,46557.93,-46733.73,1265830.79
S4,ETHUSDT,1,2024-11-05T04:00:00+00:00,2024-11-11T19:05:00+00:00,2024,2419.73,2372.5613762,3339.51816417,47.1686238,19.5,19.48461,19.48461,0.0,TP,1910,159.08,19.7133,True,False,1265830.79,1.6151,20444.43,398351.8,1660839.58
S2,BTCUSDT,-1,2024-11-05T20:00:00+00:00,2024-11-06T00:20:00+00:00,2024,68995.99,69926.8884447,66203.2946659,930.8984447,3.0,-1.022235,-1.022235,0.0,SL,53,4.33,0.2246,False,True,,,,,
S2,ETHUSDT,-1,2024-11-05T20:00:00+00:00,2024-11-06T00:20:00+00:00,2024,2407.3,2443.31987451,2299.24037646,36.01987451,3.0,-1.02005,-1.02005,0.0,SL,53,4.33,0.1935,False,True,,,,,
S2,SOLUSDT,-1,2024-11-05T20:00:00+00:00,2024-11-05T22:55:00+00:00,2024,163.97,167.19342485,154.29972546,3.22342485,3.0,-1.01526,-1.01526,0.0,SL,36,2.92,0.2606,False,True,,,,,
S1,SOLUSDT,1,2024-11-05T21:00:00+00:00,2024-11-11T14:30:00+00:00,2024,166.72,162.19480733,221.022312,4.52519267,12.0,11.988947,11.988947,0.0,TP,1651,137.5,12.0813,False,True,,,,,
S1,DOGEUSDT,1,2024-11-06T01:00:00+00:00,2024-11-11T15:20:00+00:00,2024,0.18416,0.17363906,0.31041133,0.01052094,12.0,11.994749,11.994749,0.0,TP,1613,134.33,12.0835,True,False,1190473.56,0.9264,11028.55,132284.65,1262487.78
S1,LINKUSDT,1,2024-11-06T01:00:00+00:00,2024-11-10T05:15:00+00:00,2024,11.052,10.76628763,14.48054841,0.28571237,12.0,11.988395,11.988395,0.0,TP,1204,100.25,12.1661,True,False,1190473.56,0.9264,11028.55,132214.58,1278696.04
S1,SOLUSDT,1,2024-11-06T01:00:00+00:00,2024-11-17T04:15:00+00:00,2024,172.44,167.3636186,233.35657676,5.0763814,12.0,11.989809,11.989809,0.0,TP,3208,267.25,12.1681,True,False,1190473.56,0.9264,11028.55,132230.17,2149236.35
S1,BTCUSDT,1,2024-11-06T03:00:00+00:00,2024-11-19T18:45:00+00:00,2024,73079.0,71348.25450427,93847.94594877,1730.74549573,12.0,11.987333,11.987333,0.0,TP,3934,327.75,12.0047,True,False,1190473.56,0.9264,11028.55,132202.87,2313509.69
S1,DOGEUSDT,1,2024-11-06T03:00:00+00:00,2024-11-07T13:50:00+00:00,2024,0.19983,0.18612817,0.36425202,0.01370183,12.0,-1.004375,-1.004375,0.0,SL,419,34.83,1.4721,True,False,1190473.56,0.9264,11028.55,-11076.8,1179396.77
S1,ETHUSDT,1,2024-11-06T03:00:00+00:00,2024-11-11T23:20:00+00:00,2024,2567.77,2499.88116643,3382.4360028,67.88883357,12.0,11.988653,11.988653,0.0,TP,1685,140.33,12.135,True,False,1190473.56,0.9264,11028.55,132217.42,1751577.95
S1,LINKUSDT,1,2024-11-06T03:00:00+00:00,2024-11-18T16:00:00+00:00,2024,11.479,11.14640107,15.47018715,0.33259893,12.0,11.989646,11.989646,0.0,TP,3613,301.0,12.3181,True,False,1190473.56,0.9264,11028.55,132228.38,2212318.39
S1,SOLUSDT,1,2024-11-06T03:00:00+00:00,2024-11-21T14:55:00+00:00,2024,179.56,173.69720175,249.91357894,5.86279825,12.0,11.990812,11.990812,0.0,TP,4464,371.92,12.6066,True,False,1190473.56,0.9264,11028.55,132241.23,2404758.83
S1,SOLUSDT,1,2024-11-06T04:00:00+00:00,2024-11-22T03:10:00+00:00,2024,184.91,178.62311592,260.35260902,6.28688408,12.0,11.991176,11.991176,0.0,TP,4599,383.17,12.3543,True,False,1190473.56,0.9264,11028.55,132245.25,2515608.62
S1,ETHUSDT,1,2024-11-07T16:00:00+00:00,2024-12-02T03:00:00+00:00,2024,2848.14,2772.48008448,3756.05898624,75.65991552,12.0,11.988707,11.988707,0.0,TP,7045,587.0,12.1314,True,False,1179396.77,0.9264,10925.93,130987.79,2005508.01
S1,LINKUSDT,1,2024-11-08T13:00:00+00:00,2024-11-10T21:10:00+00:00,2024,13.316,12.95333351,17.6679979,0.36266649,12.0,0.988985,-1.011015,2.0,BE,675,56.17,4.3042,True,False,1179396.77,0.9264,10925.93,10805.58,1275703.71
S2,LINKUSDT,-1,2024-11-08T17:00:00+00:00,2024-11-08T18:55:00+00:00,2024,13.099,13.4129762,12.1570714,0.3139762,3.0,-1.012516,-1.012516,0.0,SL,24,1.92,0.3726,True,False,1179396.77,1.378,16252.09,-16455.5,1146481.46
S2,SOLUSDT,-1,2024-11-08T17:00:00+00:00,2024-11-08T18:35:00+00:00,2024,197.11,201.7364948,183.23051561,4.6264948,3.0,-1.012781,-1.012781,0.0,SL,20,1.58,0.1902,True,False,1179396.77,1.378,16252.09,-16459.81,1162936.96
S1,DOGEUSDT,1,2024-11-10T01:00:00+00:00,2024-11-11T23:20:00+00:00,2024,0.22671,0.21740394,0.33838269,0.00930606,12.0,11.992692,11.992692,0.0,TP,557,46.33,12.278,True,False,1146481.46,0.9264,10621.0,127374.43,1878952.38
S1,XRPUSDT,1,2024-11-10T02:00:00+00:00,2024-11-10T20:55:00+00:00,2024,0.5722,0.56220903,0.69209168,0.00999097,12.0,0.982818,11.982818,-11.0,BE,228,18.92,4.7143,True,False,1146481.46,0.9264,10621.0,10438.51,1275630.91
S1,BTCUSDT,1,2024-11-10T05:00:00+00:00,2024-11-13T14:50:00+00:00,2024,79122.02,78093.0225199,91469.98976115,1028.9974801,12.0,11.976932,11.976932,0.0,TP,983,81.83,12.4179,True,False,1146481.46,0.9264,10621.0,127207.05,2013793.1
S1,LINKUSDT,1,2024-11-10T05:00:00+00:00,2024-11-10T21:00:00+00:00,2024,14.402,13.99144948,19.32860625,0.41055052,12.0,-1.010524,-1.010524,0.0,SL,193,16.0,1.157,True,False,1146481.46,0.9264,10621.0,-10732.78,1264898.13
S1,XRPUSDT,1,2024-11-10T05:00:00+00:00,2024-11-10T20:40:00+00:00,2024,0.5777,0.56706794,0.7052847,0.01063206,12.0,0.983699,-1.016301,2.0,BE,189,15.67,3.9127,True,False,1146481.46,0.9264,10621.0,10447.87,1265192.39
S1,XRPUSDT,1,2024-11-10T13:00:00+00:00,2024-11-10T20:10:00+00:00,2024,0.6073,0.59177938,0.7935474,0.01552062,12.0,-1.011739,-1.011739,0.0,SL,87,7.17,0.7732,True,False,1278696.04,0.9264,11845.84,-11984.9,1254744.52
S1,SOLUSDT,1,2024-11-10T16:00:00+00:00,2024-11-10T19:45:00+00:00,2024,212.56,206.30585553,287.60973362,6.25414447,12.0,-1.010196,-1.010196,0.0,SL,46,3.75,0.4925,True,False,1278696.04,0.9264,11845.84,-11966.62,1266729.42
S2,ETHUSDT,-1,2024-11-10T20:00:00+00:00,2024-11-10T22:20:00+00:00,2024,3164.99,3220.50853656,2998.43439033,55.51853656,3.0,-1.017102,-1.017102,0.0,SL,29,2.33,1.6414,True,False,1266729.42,1.378,17455.53,-17754.06,1147827.35
S2,BTCUSDT,-1,2024-11-10T21:00:00+00:00,2024-11-10T21:50:00+00:00,2024,78950.0,79952.43402691,75942.69791928,1002.43402691,3.0,-1.023627,-1.023627,0.0,SL,11,0.83,0.4757,True,False,1264898.13,1.378,17430.3,-17842.12,1257861.59
S2,DOGEUSDT,-1,2024-11-10T21:00:00+00:00,2024-11-10T22:05:00+00:00,2024,0.25879,0.275469,0.20875299,0.016679,3.0,-1.004655,-1.004655,0.0,SL,14,1.08,0.6529,True,False,1264898.13,1.378,17430.3,-17511.43,1222642.51
S2,ETHUSDT,-1,2024-11-10T21:00:00+00:00,2024-11-10T21:50:00+00:00,2024,3120.86,3179.69971252,2944.34086245,58.83971252,3.0,-1.015912,-1.015912,0.0,SL,11,0.83,0.7988,True,False,1264898.13,1.378,17430.3,-17707.65,1240153.94
S2,LINKUSDT,-1,2024-11-10T21:00:00+00:00,2024-11-10T22:15:00+00:00,2024,14.028,14.39472489,12.92782534,0.36672489,3.0,-1.011476,-1.011476,0.0,SL,16,1.25,1.0117,True,False,1264898.13,1.378,17430.3,-17630.33,1165581.41
S2,XRPUSDT,-1,2024-11-10T21:00:00+00:00,2024-11-11T01:50:00+00:00,2024,0.5805,0.59615198,0.53354406,0.01565198,3.0,-1.011126,-1.011126,0.0,SL,59,4.83,1.1308,True,False,1264898.13,1.378,17430.3,-17624.23,1130203.13
S3,ETHUSDT,-1,2024-11-10T21:00:00+00:00,2024-11-10T22:05:00+00:00,2024,3120.86,3191.89397125,2787.43496241,78.45295002,4.25,-0.917368,-0.917368,0.0,SL,14,1.08,0.5991,True,False,1264898.13,3.3981,42982.5,-39430.77,1183211.73
S3,XRPUSDT,-1,2024-11-10T21:00:00+00:00,2024-11-11T20:00:00+00:00,2024,0.5805,0.6004652,0.49180545,0.02086931,4.25,-0.965022,-0.965022,0.0,SL,277,23.0,0.8481,True,False,1264898.13,3.3981,42982.5,-41479.06,1619360.52
S1,BTCUSDT,1,2024-11-11T16:00:00+00:00,2024-12-15T23:20:00+00:00,2024,84059.53,82379.02236962,104225.62156455,1680.50763038,12.0,11.984994,11.984994,0.0,TP,9881,823.33,12.3894,True,False,1262487.78,0.9264,11695.69,140172.74,1912919.3
S1,DOGEUSDT,1,2024-11-12T00:00:00+00:00,2024-11-26T10:45:00+00:00,2024,0.35185,0.32436192,0.68170699,0.02748808,12.0,0.99616,-1.00384,2.0,BE,4162,346.75,4.6984,True,False,1878952.38,0.9264,17406.61,17339.77,2208065.29
S1,XRPUSDT,1,2024-11-12T09:00:00+00:00,2024-11-12T09:55:00+00:00,2024,0.6864,0.65473249,1.06641012,0.03166751,12.0,-1.006503,-1.006503,0.0,SL,12,0.92,0.4137,True,False,1878952.38,0.9264,17406.61,-17519.81,1861432.57
S2,ETHUSDT,-1,2024-11-12T10:00:00+00:00,2024-11-14T15:00:00+00:00,2024,3363.15,3448.86668117,3105.99995648,85.71668117,3.0,2.988229,2.988229,0.0,TP,637,53.0,3.1865,True,False,1861432.57,1.378,25650.54,76649.69,2064546.26
S2,LINKUSDT,-1,2024-11-12T10:00:00+00:00,2024-11-13T04:35:00+00:00,2024,14.674,15.1354705,13.2895885,0.4614705,3.0,2.99046,2.99046,0.0,TP,224,18.58,3.0056,True,False,1861432.57,1.378,25650.54,76706.92,1886586.06
S2,SOLUSDT,-1,2024-11-12T10:00:00+00:00,2024-11-14T09:25:00+00:00,2024,215.85,222.60221095,195.59336715,6.75221095,3.0,-1.00959,-1.00959,0.0,SL,570,47.42,2.2215,True,False,1861432.57,1.378,25650.54,-25896.53,1987896.57
S2,XRPUSDT,-1,2024-11-12T10:00:00+00:00,2024-11-12T15:10:00+00:00,2024,0.6477,0.67536844,0.56469467,0.02766844,3.0,-1.007023,-1.007023,0.0,SL,63,5.17,1.4927,True,False,1861432.57,1.378,25650.54,-25830.68,1835601.89
S5,DOGEUSDT,-1,2024-11-12T10:00:00+00:00,2024-11-23T04:00:00+00:00,2024,0.4028,0.44604056,0.18659721,0.04324056,5.0,-1.002795,-1.002795,0.0,SL,3097,258.0,1.45,True,False,1861432.57,0.5216,9709.23,-9736.37,2482449.52
S2,DOGEUSDT,-1,2024-11-12T13:00:00+00:00,2024-11-13T00:45:00+00:00,2024,0.36995,0.40937352,0.25167945,0.03942352,3.0,-1.002815,-1.002815,0.0,SL,142,11.75,0.7313,True,False,1861432.57,1.378,25650.54,-25722.75,1809879.14
S2,XRPUSDT,-1,2024-11-15T16:00:00+00:00,2024-11-15T21:45:00+00:00,2024,0.8664,0.91500059,0.72059823,0.04860059,3.0,-1.005348,-1.005348,0.0,SL,70,5.75,0.1317,True,False,2064546.26,1.378,28449.45,-28601.6,2035944.67
S1,XRPUSDT,1,2024-11-16T15:00:00+00:00,2024-11-16T15:25:00+00:00,2024,1.1945,1.10729668,2.24093988,0.08720332,12.0,-1.004109,-1.004109,0.0,SL,6,0.42,0.8658,True,False,2035944.67,0.9264,18860.99,-18938.49,2017006.18
S2,LINKUSDT,-1,2024-11-17T02:00:00+00:00,2024-11-18T06:20:00+00:00,2024,14.182,14.58097249,12.98508254,0.39897249,3.0,-1.010664,-1.010664,0.0,SL,341,28.33,1.549,True,False,2017006.18,1.378,27794.35,-28090.74,2109844.55
S1,SOLUSDT,1,2024-11-17T05:00:00+00:00,2024-11-24T12:40:00+00:00,2024,235.38,227.09699365,334.77607614,8.28300635,12.0,0.991475,-1.008525,2.0,BE,2109,175.67,3.5325,True,False,2149236.35,0.9264,19910.53,19740.79,2398685.04
S5,SOLUSDT,-1,2024-11-17T12:00:00+00:00,2024-11-18T03:50:00+00:00,2024,235.05,243.77124768,191.44376158,8.72124768,5.0,-1.008085,-1.008085,0.0,SL,191,15.83,0.6433,True,False,2149236.35,0.5216,11210.42,-11301.05,2137935.3
S2,BTCUSDT,-1,2024-11-18T14:00:00+00:00,2024-11-18T14:30:00+00:00,2024,89553.7,90700.87276145,86112.18171564,1147.17276145,3.0,-1.023419,-1.023419,0.0,SL,7,0.5,0.072,True,False,2109844.55,1.378,29073.66,-29754.53,2080090.02
S1,LINKUSDT,1,2024-11-18T16:00:00+00:00,2024-11-19T21:20:00+00:00,2024,15.172,14.57222661,22.36928069,0.59977339,12.0,-1.007589,-1.007589,0.0,SL,353,29.33,1.4189,True,False,2212318.39,0.9264,20494.92,-20650.45,2292859.24
S2,BTCUSDT,-1,2024-11-18T19:00:00+00:00,2024-11-18T20:25:00+00:00,2024,90427.0,91999.86716624,85708.39850127,1572.86716624,3.0,-1.017248,-1.017248,0.0,SL,18,1.42,0.4806,True,False,2212318.39,1.378,30485.75,-31011.57,2181306.83
S1,DOGEUSDT,1,2024-11-19T16:00:00+00:00,2024-11-20T03:00:00+00:00,2024,0.39508,0.37720905,0.60953137,0.01787095,12.0,-1.006632,-1.006632,0.0,SL,133,11.0,1.4504,True,False,2181306.83,0.9264,20207.63,-20341.64,2272517.6
S1,BTCUSDT,1,2024-11-21T05:00:00+00:00,2024-11-21T15:35:00+00:00,2024,97591.2,95793.45220243,119164.17357088,1797.74779757,12.0,-1.016286,-1.016286,0.0,SL,128,10.58,0.4715,True,False,2272517.6,0.9264,21052.6,-21395.47,2383363.37
S1,SOLUSDT,1,2024-11-21T17:00:00+00:00,2024-11-24T12:35:00+00:00,2024,254.96,245.20282095,372.04614864,9.75717905,12.0,-1.007839,-1.007839,0.0,SL,812,67.58,0.9921,True,False,2383363.37,0.9264,22079.48,-22252.56,2402169.07
S2,ETHUSDT,-1,2024-11-22T11:00:00+00:00,2024-11-23T08:20:00+00:00,2024,3325.04,3386.92871714,3139.37384858,61.88871714,3.0,-1.016118,-1.016118,0.0,SL,257,21.33,1.0441,True,False,2515608.62,1.378,34665.09,-35223.82,2447225.7
S1,XRPUSDT,1,2024-11-22T12:00:00+00:00,2024-11-22T13:25:00+00:00,2024,1.4665,1.37971356,2.50793723,0.08678644,12.0,-1.005069,-1.005069,0.0,SL,18,1.42,0.4275,True,False,2515608.62,0.9264,23304.6,-23422.73,2492185.89
S1,DOGEUSDT,1,2024-11-23T03:00:00+00:00,2024-11-24T12:35:00+00:00,2024,0.42826,0.40664061,0.68769274,0.02161939,12.0,-1.005943,-1.005943,0.0,SL,404,33.58,2.4395,True,False,2492185.89,0.9264,23087.61,-23224.82,2378944.25
S1,LINKUSDT,1,2024-11-24T01:00:00+00:00,2024-11-24T08:50:00+00:00,2024,18.301,17.36492947,29.53384635,0.93607053,12.0,-1.005865,-1.005865,0.0,SL,95,7.83,0.0513,True,False,2447225.7,0.9264,22671.1,-22804.06,2424421.63
S2,LINKUSDT,-1,2024-11-24T12:00:00+00:00,2024-11-24T20:40:00+00:00,2024,16.714,17.35763482,14.78309554,0.64363482,3.0,-1.00779,-1.00779,0.0,SL,105,8.67,0.9338,True,False,2424421.63,1.378,33408.53,-33668.78,2309588.7
S3,LINKUSDT,-1,2024-11-24T12:00:00+00:00,2024-11-24T20:35:00+00:00,2024,16.714,17.28636348,13.06673603,0.85817976,4.25,-0.672793,-0.672793,0.0,SL,104,8.58,0.7003,True,False,2424421.63,3.3981,82384.27,-55427.56,2343257.48
S2,BTCUSDT,-1,2024-11-24T16:00:00+00:00,2024-11-24T20:55:00+00:00,2024,95986.3,96858.59352515,93369.41942456,872.29352515,3.0,-1.033012,-1.033012,0.0,SL,60,4.92,0.1907,True,False,2398685.04,1.378,33053.88,-34145.05,2275443.64
S2,BTCUSDT,-1,2024-11-25T15:00:00+00:00,2024-11-25T15:55:00+00:00,2024,95444.3,96524.18843384,92204.63469849,1079.88843384,3.0,-1.026515,-1.026515,0.0,SL,12,0.92,0.8513,True,False,2275443.64,1.378,31355.61,-32187.01,2211411.59
S2,ETHUSDT,-1,2024-11-25T15:00:00+00:00,2024-11-25T15:45:00+00:00,2024,3410.61,3476.15966629,3213.96100112,65.54966629,3.0,-1.015609,-1.015609,0.0,SL,10,0.75,0.9094,True,False,2275443.64,1.378,31355.61,-31845.04,2243598.6
S3,BTCUSDT,-1,2024-11-25T15:00:00+00:00,2024-11-29T14:50:00+00:00,2024,95444.3,97830.88884338,89324.93220826,1439.85124511,4.25,-1.677411,-1.677411,0.0,SL,1151,95.83,3.1905,True,False,2275443.64,3.3981,77321.85,-129700.52,2055036.44
S1,ETHUSDT,1,2024-11-25T16:00:00+00:00,2024-11-25T22:20:00+00:00,2024,3521.18,3412.73898459,4822.47218495,108.44101541,12.0,-1.009741,-1.009741,0.0,SL,77,6.33,0.2649,True,False,2211411.59,0.9264,20486.52,-20686.08,2190725.52
S5,BTCUSDT,-1,2024-11-25T22:00:00+00:00,2024-11-27T15:40:00+00:00,2024,93840.0,95647.93868106,84800.30659472,1807.93868106,5.0,-1.015571,-1.015571,0.0,SL,501,41.67,1.6536,True,False,2211411.59,0.5216,11534.72,-11714.33,2184736.96
S5,SOLUSDT,-1,2024-11-26T11:00:00+00:00,2024-11-27T10:35:00+00:00,2024,227.11,235.22249828,186.54750858,8.11249828,5.0,-1.008399,-1.008399,0.0,SL,284,23.58,0.6656,True,False,2208065.29,0.5216,11517.27,-11614.0,2196451.29
S1,XRPUSDT,1,2024-11-29T15:00:00+00:00,2024-12-02T14:45:00+00:00,2024,1.7434,1.66829492,2.6446609,0.07510508,12.0,11.993036,11.993036,0.0,TP,862,71.75,12.344,False,True,,,,,
S2,ETHUSDT,-1,2024-11-30T11:00:00+00:00,2024-11-30T19:40:00+00:00,2024,3644.34,3696.71447417,3487.2165775,52.37447417,3.0,-1.020875,-1.020875,0.0,SL,105,8.67,0.2746,True,False,2055036.44,1.378,28318.4,-28909.55,2026126.89
S2,LINKUSDT,-1,2024-12-01T01:00:00+00:00,2024-12-02T00:40:00+00:00,2024,18.676,19.13360605,17.30318184,0.45760605,3.0,-1.012244,-1.012244,0.0,SL,285,23.67,0.5092,True,False,2026126.89,1.378,27920.03,-28261.88,1902252.33
S2,XRPUSDT,-1,2024-12-01T01:00:00+00:00,2024-12-01T18:50:00+00:00,2024,1.8811,1.95407537,1.66217389,0.07297537,3.0,-1.007733,-1.007733,0.0,SL,215,17.83,0.4645,True,False,2026126.89,1.378,27920.03,-28135.93,1930514.21
S2,DOGEUSDT,-1,2024-12-01T03:00:00+00:00,2024-12-01T04:00:00+00:00,2024,0.41815,0.42881088,0.38616735,0.01066088,3.0,-1.011767,-1.011767,0.0,SL,13,1.0,0.0366,True,False,2026126.89,1.378,27920.03,-28248.56,1997878.32
S2,ETHUSDT,-1,2024-12-01T03:00:00+00:00,2024-12-01T07:30:00+00:00,2024,3666.63,3719.98816593,3506.5555022,53.35816593,3.0,-1.020615,-1.020615,0.0,SL,55,4.5,0.0172,True,False,2026126.89,1.378,27920.03,-28495.6,1969382.72
S5,SOLUSDT,-1,2024-12-01T03:00:00+00:00,2024-12-01T15:25:00+00:00,2024,234.67,239.19832432,212.02837838,4.52832432,5.0,-1.015547,-1.015547,0.0,SL,150,12.42,0.0155,True,False,2026126.89,0.5216,10568.28,-10732.58,1958650.14
S2,BTCUSDT,-1,2024-12-02T00:00:00+00:00,2024-12-02T01:20:00+00:00,2024,97265.0,97952.17049107,95203.4885268,687.17049107,3.0,-1.042463,-1.042463,0.0,SL,17,1.33,0.1711,True,False,1930514.21,1.378,26602.49,-27732.11,1874520.22
S1,XRPUSDT,1,2024-12-02T01:00:00+00:00,2024-12-02T08:35:00+00:00,2024,2.4243,2.2828267,4.12197957,0.1414733,12.0,-1.005141,-1.005141,0.0,SL,92,7.58,0.5188,True,False,1902252.33,0.9264,17622.47,-17713.06,1941342.31
S1,LINKUSDT,1,2024-12-02T03:00:00+00:00,2024-12-02T03:50:00+00:00,2024,19.596,19.01750539,26.53793531,0.57849461,12.0,-1.010162,-1.010162,0.0,SL,11,0.83,0.2472,True,False,2005508.01,0.9264,18579.03,-18767.83,1986740.19
S2,SOLUSDT,-1,2024-12-02T03:00:00+00:00,2024-12-02T10:55:00+00:00,2024,234.2,237.87699799,223.16900604,3.67699799,3.0,2.980892,2.980892,0.0,TP,96,7.92,3.0269,True,False,2005508.01,1.378,27635.9,82379.63,2023721.95
S2,BTCUSDT,-1,2024-12-02T04:00:00+00:00,2024-12-02T16:05:00+00:00,2024,96549.9,97387.81816679,94036.14549963,837.91816679,3.0,-1.034568,-1.034568,0.0,SL,146,12.08,2.129,True,False,1986740.19,1.378,27377.28,-28323.66,1866532.83
S2,DOGEUSDT,-1,2024-12-02T04:00:00+00:00,2024-12-03T13:55:00+00:00,2024,0.4423,0.45731798,0.39724605,0.01501798,3.0,2.991165,2.991165,0.0,TP,408,33.92,3.4006,True,False,1986740.19,1.378,27377.28,81889.96,1878918.42
S2,ETHUSDT,-1,2024-12-02T04:00:00+00:00,2024-12-03T14:30:00+00:00,2024,3687.83,3739.53580562,3532.71258315,51.70580562,3.0,2.978603,2.978603,0.0,TP,415,34.5,3.5553,True,False,1986740.19,1.378,27377.28,81546.05,2042144.0
S2,LINKUSDT,-1,2024-12-02T04:00:00+00:00,2024-12-02T05:05:00+00:00,2024,18.885,19.38934446,17.37196662,0.50434446,3.0,-1.011233,-1.011233,0.0,SL,14,1.08,0.5829,True,False,1986740.19,1.378,27377.28,-27684.81,1959055.38
S2,SOLUSDT,-1,2024-12-02T04:00:00+00:00,2024-12-03T13:55:00+00:00,2024,228.56,232.7104267,216.10871989,4.1504267,3.0,2.983479,2.983479,0.0,TP,408,33.92,3.0575,True,False,1986740.19,1.378,27377.28,81679.54,1960597.96
S2,DOGEUSDT,-1,2024-12-02T08:00:00+00:00,2024-12-05T03:15:00+00:00,2024,0.42883,0.44388293,0.38367121,0.01505293,3.0,-1.008546,-1.008546,0.0,SL,808,67.25,2.7131,True,False,1959055.38,1.378,26995.78,-27226.49,1880286.44
S2,BTCUSDT,-1,2024-12-02T09:00:00+00:00,2024-12-02T14:30:00+00:00,2024,95123.1,96050.5366342,92340.7900974,927.4366342,3.0,-1.03077,-1.03077,0.0,SL,67,5.5,0.385,True,False,1941342.31,1.378,26751.7,-27574.85,1922104.72
S2,ETHUSDT,-1,2024-12-02T09:00:00+00:00,2024-12-02T14:45:00+00:00,2024,3606.01,3664.29439015,3431.15682954,58.28439015,3.0,-1.018561,-1.018561,0.0,SL,70,5.75,0.5775,True,False,1941342.31,1.378,26751.7,-27248.24,1894856.49
S1,LINKUSDT,1,2024-12-02T10:00:00+00:00,2024-12-02T11:00:00+00:00,2024,20.785,19.64454329,34.47048048,1.14045671,12.0,-1.005468,-1.005468,0.0,SL,13,1.0,0.0947,True,False,1941342.31,0.9264,17984.6,-18082.93,2005639.01
S2,ETHUSDT,-1,2024-12-02T11:00:00+00:00,2024-12-02T14:00:00+00:00,2024,3581.7,3640.29526498,3405.91420507,58.59526498,3.0,-1.018338,-1.018338,0.0,SL,37,3.0,0.1596,True,False,2005639.01,1.378,27637.71,-28144.53,1949679.57
S2,LINKUSDT,-1,2024-12-02T11:00:00+00:00,2024-12-02T13:15:00+00:00,2024,19.799,20.72535378,17.01993867,0.92635378,3.0,-1.006412,-1.006412,0.0,SL,28,2.25,0.3616,True,False,2005639.01,1.378,27637.71,-27814.92,1977824.09
S2,BTCUSDT,-1,2024-12-02T17:00:00+00:00,2024-12-04T20:00:00+00:00,2024,96224.6,97420.85610071,92635.83169787,1196.25610071,3.0,-1.024131,-1.024131,0.0,SL,613,51.0,2.2076,True,False,1866532.83,1.378,25720.82,-26341.49,1934773.92
S2,ETHUSDT,-1,2024-12-02T17:00:00+00:00,2024-12-04T00:55:00+00:00,2024,3628.63,3692.02952936,3438.43141191,63.39952936,3.0,-1.01717,-1.01717,0.0,SL,384,31.92,1.9972,True,False,1866532.83,1.378,25720.82,-26162.45,1988833.0
S2,BTCUSDT,-1,2024-12-02T18:00:00+00:00,2024-12-02T20:00:00+00:00,2024,94604.03,95953.08209352,90556.87371945,1349.05209352,3.0,-1.021038,-1.021038,0.0,SL,25,2.0,0.086,True,False,1866532.83,1.378,25720.82,-26261.94,1840270.89
S2,ETHUSDT,-1,2024-12-02T18:00:00+00:00,2024-12-02T23:35:00+00:00,2024,3569.15,3637.70992012,3363.47023963,68.55992012,3.0,-1.015618,-1.015618,0.0,SL,68,5.58,0.0327,True,False,1866532.83,1.378,25720.82,-26122.53,1814148.36
S1,LINKUSDT,1,2024-12-02T21:00:00+00:00,2024-12-03T13:50:00+00:00,2024,25.205,23.40528778,46.80154662,1.79971222,12.0,-1.004202,-1.004202,0.0,SL,203,16.83,0.9518,True,False,1840270.89,0.9264,17048.27,-17119.91,1797028.46
S2,XRPUSDT,-1,2024-12-03T13:00:00+00:00,2024-12-09T21:00:00+00:00,2024,2.722,2.91689897,2.1373031,0.19489897,3.0,2.99581,2.99581,0.0,TP,1825,152.0,3.5506,True,False,1814148.36,1.378,24998.96,74892.15,1944620.43
S2,LINKUSDT,-1,2024-12-03T14:00:00+00:00,2024-12-03T20:40:00+00:00,2024,23.362,24.80165667,19.04302998,1.43965667,3.0,-1.004868,-1.004868,0.0,SL,81,6.67,0.5508,True,False,1960597.96,1.378,27017.04,-27148.56,2014995.44
S4,ETHUSDT,1,2024-12-03T15:00:00+00:00,2024-12-05T22:25:00+00:00,2024,3581.87,3499.89852807,5180.31370272,81.97147193,19.5,0.986891,-1.013109,2.0,BE,666,55.42,4.6129,True,False,2042144.0,1.6151,32982.67,32550.3,1850561.86
S4,ETHUSDT,1,2024-12-03T18:00:00+00:00,2024-12-05T22:25:00+00:00,2024,3580.75,3497.37642717,5206.53467014,83.37357283,19.5,0.987116,-1.012884,2.0,BE,630,52.42,4.5488,True,False,2042144.0,1.6151,32982.67,32557.72,1883119.58
S2,SOLUSDT,-1,2024-12-04T17:00:00+00:00,2024-12-04T19:05:00+00:00,2024,225.91,231.87306003,208.0208199,5.96306003,3.0,-1.011365,-1.011365,0.0,SL,26,2.08,0.1828,True,False,1988833.0,1.378,27406.12,-27717.59,1961115.41
S2,BTCUSDT,-1,2024-12-04T22:00:00+00:00,2024-12-05T02:25:00+00:00,2024,97779.4,99083.27408739,93867.77773784,1303.87408739,3.0,-1.022497,-1.022497,0.0,SL,54,4.42,0.1213,True,False,1934773.92,1.378,26661.18,-27260.98,1907512.93
S2,DOGEUSDT,-1,2024-12-05T01:00:00+00:00,2024-12-05T03:15:00+00:00,2024,0.42579,0.43897242,0.38624275,0.01318242,3.0,-1.00969,-1.00969,0.0,SL,28,2.25,1.4679,True,False,1934773.92,1.378,26661.18,-26919.53,1853366.91
S1,BTCUSDT,1,2024-12-05T03:00:00+00:00,2024-12-05T19:50:00+00:00,2024,101248.19,99157.03050309,126342.10396286,2091.15949691,12.0,-1.014525,-1.014525,0.0,SL,203,16.83,1.358,True,False,1907512.93,0.9264,17671.2,-17927.87,1818011.56
S1,BTCUSDT,1,2024-12-05T15:00:00+00:00,2024-12-05T15:40:00+00:00,2024,103600.0,101530.74961274,128431.00464707,2069.25038726,12.0,-1.01502,-1.01502,0.0,SL,9,0.67,0.0,True,False,1853366.91,0.9264,17169.59,-17427.48,1835939.44
S2,BTCUSDT,-1,2024-12-05T16:00:00+00:00,2024-12-05T22:25:00+00:00,2024,101350.1,103076.97794827,96169.4661552,1726.87794827,3.0,2.982393,2.982393,0.0,TP,78,6.42,6.4568,False,True,,,,,
S2,BTCUSDT,-1,2024-12-05T19:00:00+00:00,2024-12-05T22:25:00+00:00,2024,100258.3,101997.11922462,95041.84232615,1738.81922462,3.0,2.982702,2.982702,0.0,TP,42,3.42,5.7846,False,True,,,,,
S2,LINKUSDT,-1,2024-12-07T05:00:00+00:00,2024-12-08T11:35:00+00:00,2024,25.815,26.75950494,22.98148518,0.94450494,3.0,-1.0082,-1.0082,0.0,SL,368,30.58,1.4346,True,False,1883119.58,1.378,25949.39,-26162.17,1856957.41
S2,DOGEUSDT,-1,2024-12-08T09:00:00+00:00,2024-12-08T16:35:00+00:00,2024,0.45383,0.46644836,0.41597492,0.01261836,3.0,-1.01079,-1.01079,0.0,SL,92,7.58,0.5912,True,False,1883119.58,1.378,25949.39,-26229.38,1830728.02
S2,LINKUSDT,-1,2024-12-08T15:00:00+00:00,2024-12-09T03:05:00+00:00,2024,26.238,27.02929143,23.86412572,0.79129143,3.0,-1.009948,-1.009948,0.0,SL,146,12.08,0.8859,True,False,1856957.41,1.378,25588.87,-25843.43,1804884.59
S2,LINKUSDT,-1,2024-12-09T09:00:00+00:00,2024-12-09T20:45:00+00:00,2024,25.332,26.32348759,22.35753724,0.99148759,3.0,2.992335,2.992335,0.0,TP,142,11.75,3.0822,True,False,1804884.59,1.378,24871.31,74423.29,1869728.28
S5,ETHUSDT,-1,2024-12-09T09:00:00+00:00,2024-12-09T14:50:00+00:00,2024,3869.7,3935.80865137,3539.15674314,66.10865137,5.0,-1.017561,-1.017561,0.0,SL,71,5.83,0.4685,True,False,1804884.59,0.5216,9414.28,-9579.6,1795304.99
S5,XRPUSDT,-1,2024-12-09T09:00:00+00:00,2024-12-12T04:20:00+00:00,2024,2.3706,2.47278193,1.85969037,0.10218193,5.0,-1.00696,-1.00696,0.0,SL,809,67.33,4.6045,True,False,1804884.59,0.5216,9414.28,-9479.8,1892481.06
S2,BTCUSDT,-1,2024-12-09T16:00:00+00:00,2024-12-11T14:45:00+00:00,2024,97856.1,99269.73013031,93615.20960907,1413.63013031,3.0,-1.020767,-1.020767,0.0,SL,562,46.75,2.6997,True,False,1795304.99,1.378,24739.3,-25253.06,1942962.04
S2,DOGEUSDT,-1,2024-12-09T16:00:00+00:00,2024-12-09T21:00:00+00:00,2024,0.43418,0.44826803,0.39191592,0.01408803,3.0,2.990754,2.990754,0.0,TP,61,5.0,3.8458,True,False,1795304.99,1.378,24739.3,73989.17,2018609.6
S2,LINKUSDT,-1,2024-12-09T16:00:00+00:00,2024-12-09T21:00:00+00:00,2024,24.413,25.52068759,21.08993722,1.10768759,3.0,2.993388,2.993388,0.0,TP,61,5.0,4.2304,True,False,1795304.99,1.378,24739.3,74054.33,2092663.93
S2,LINKUSDT,-1,2024-12-09T17:00:00+00:00,2024-12-09T21:00:00+00:00,2024,23.818,24.93903134,20.45490599,1.12103134,3.0,2.993626,2.993626,0.0,TP,49,4.0,3.6493,True,False,1795304.99,1.378,24739.3,74060.22,2166724.15
S2,BTCUSDT,-1,2024-12-09T21:00:00+00:00,2024-12-10T00:30:00+00:00,2024,96252.0,97678.98644072,91971.04067784,1426.98644072,3.0,-1.020235,-1.020235,0.0,SL,43,3.5,1.5503,True,False,2166724.15,1.378,29857.46,-30461.62,2136262.52
S5,DOGEUSDT,-1,2024-12-09T21:00:00+00:00,2024-12-19T17:50:00+00:00,2024,0.41592,0.43457904,0.32262478,0.01865904,5.0,4.993313,4.993313,0.0,TP,2843,236.83,5.5421,True,False,2166724.15,0.5216,11301.63,56432.59,1738544.92
S5,LINKUSDT,-1,2024-12-09T21:00:00+00:00,2024-12-11T13:35:00+00:00,2024,22.387,23.82664411,15.18877947,1.43964411,5.0,-1.004665,-1.004665,0.0,SL,488,40.58,2.1589,True,False,2166724.15,0.5216,11301.63,-11354.36,1968215.11
S5,XRPUSDT,-1,2024-12-09T21:00:00+00:00,2024-12-10T21:05:00+00:00,2024,2.2738,2.38881507,1.69872466,0.11501507,5.0,-1.005931,-1.005931,0.0,SL,290,24.08,3.2491,True,False,2166724.15,0.5216,11301.63,-11368.66,2013209.25
S2,ETHUSDT,-1,2024-12-10T13:00:00+00:00,2024-12-11T14:50:00+00:00,2024,3676.98,3765.81576325,3410.47271026,88.83576325,3.0,-1.012417,-1.012417,0.0,SL,311,25.83,1.8491,True,False,2136262.52,1.378,29437.7,-29803.23,1913158.82
S5,DOGEUSDT,-1,2024-12-10T13:00:00+00:00,2024-12-11T15:25:00+00:00,2024,0.3945,0.41838709,0.27506453,0.02388709,5.0,-1.004955,-1.004955,0.0,SL,318,26.42,1.235,True,False,2136262.52,0.5216,11142.75,-11197.96,1901960.86
S5,DOGEUSDT,-1,2024-12-10T16:00:00+00:00,2024-12-10T21:30:00+00:00,2024,0.37283,0.39878099,0.24307507,0.02595099,5.0,-1.00431,-1.00431,0.0,SL,67,5.5,0.3017,True,False,2136262.52,0.5216,11142.75,-11190.77,2002018.48
S5,ETHUSDT,-1,2024-12-10T16:00:00+00:00,2024-12-11T08:35:00+00:00,2024,3568.12,3697.18019769,2922.81901153,129.06019769,5.0,-1.008294,-1.008294,0.0,SL,200,16.58,0.4293,True,False,2136262.52,0.5216,11142.75,-11235.16,1979569.46
S5,SOLUSDT,-1,2024-12-10T16:00:00+00:00,2024-12-10T21:30:00+00:00,2024,206.5,216.20707532,157.9646234,9.70707532,5.0,-1.006382,-1.006382,0.0,SL,67,5.5,0.343,True,False,2136262.52,0.5216,11142.75,-11213.86,1990804.62
S5,XRPUSDT,-1,2024-12-10T16:00:00+00:00,2024-12-10T20:25:00+00:00,2024,2.0415,2.20268508,1.23557461,0.16118508,5.0,-1.0038,-1.0038,0.0,SL,54,4.42,0.8773,True,False,2136262.52,0.5216,11142.75,-11185.09,2024577.92
S2,BTCUSDT,-1,2024-12-10T18:00:00+00:00,2024-12-10T20:20:00+00:00,2024,94505.3,96279.12892202,89183.81323394,1773.82892202,3.0,-1.015983,-1.015983,0.0,SL,29,2.33,0.1402,True,False,2136262.52,1.378,29437.7,-29908.2,2035763.0
S2,ETHUSDT,-1,2024-12-10T18:00:00+00:00,2024-12-10T19:55:00+00:00,2024,3527.71,3630.30331662,3219.93005014,102.59331662,3.0,-1.010316,-1.010316,0.0,SL,24,1.92,0.1462,True,False,2136262.52,1.378,29437.7,-29741.38,2065671.21
S2,SOLUSDT,-1,2024-12-10T18:00:00+00:00,2024-12-10T19:10:00+00:00,2024,203.66,211.38146325,180.49561025,7.72146325,3.0,-1.007913,-1.007913,0.0,SL,15,1.17,0.0635,True,False,2136262.52,1.378,29437.7,-29670.64,2106591.89
S5,XRPUSDT,-1,2024-12-10T18:00:00+00:00,2024-12-10T19:50:00+00:00,2024,1.9328,2.10950448,1.04927759,0.17670448,5.0,-1.003281,-1.003281,0.0,SL,23,1.83,0.1851,True,False,2136262.52,0.5216,11142.75,-11179.3,2095412.58
S2,XRPUSDT,-1,2024-12-13T16:00:00+00:00,2024-12-14T03:35:00+00:00,2024,2.3998,2.46855184,2.19354449,0.06875184,3.0,-1.010472,-1.010472,0.0,SL,140,11.58,0.2298,True,False,1892481.06,1.378,26078.39,-26351.48,1866129.58
S2,SOLUSDT,-1,2024-12-15T22:00:00+00:00,2024-12-15T23:00:00+00:00,2024,216.73,219.67087249,207.90738253,2.94087249,3.0,-1.022109,-1.022109,0.0,SL,13,1.0,0.2176,True,False,1866129.58,1.378,25715.27,-26283.8,1839845.77
S3,SOLUSDT,-1,2024-12-15T22:00:00+00:00,2024-12-15T23:05:00+00:00,2024,216.73,220.81408725,200.06505588,3.92116332,4.25,-1.058131,-1.058131,0.0,SL,14,1.08,0.1632,True,False,1866129.58,3.3981,63412.95,-67099.21,1772746.56
S2,DOGEUSDT,-1,2024-12-16T03:00:00+00:00,2024-12-16T17:10:00+00:00,2024,0.40679,0.41372945,0.38597165,0.00693945,3.0,-1.017586,-1.017586,0.0,SL,171,14.17,2.0938,True,False,1912919.3,1.378,26360.03,-26823.6,1721681.17
S2,SOLUSDT,-1,2024-12-16T03:00:00+00:00,2024-12-17T12:35:00+00:00,2024,222.2,226.03494805,210.69515585,3.83494805,3.0,-1.017382,-1.017382,0.0,SL,404,33.58,2.8814,True,False,1912919.3,1.378,26360.03,-26818.22,1585439.91
S2,BTCUSDT,-1,2024-12-16T09:00:00+00:00,2024-12-16T14:45:00+00:00,2024,104506.5,105513.04899664,101486.85301007,1006.54899664,3.0,-1.031148,-1.031148,0.0,SL,70,5.75,1.2338,True,False,1912919.3,1.378,26360.03,-27181.09,1858573.07
S2,SOLUSDT,-1,2024-12-16T09:00:00+00:00,2024-12-17T10:10:00+00:00,2024,219.9,223.51133159,209.06600524,3.61133159,3.0,-1.018268,-1.018268,0.0,SL,303,25.17,2.4229,True,False,1912919.3,1.378,26360.03,-26841.57,1612258.13
S2,BTCUSDT,-1,2024-12-16T12:00:00+00:00,2024-12-16T14:35:00+00:00,2024,103717.9,104736.63908368,100661.68274896,1018.73908368,3.0,-1.030543,-1.030543,0.0,SL,32,2.58,0.445,True,False,1912919.3,1.378,26360.03,-27165.14,1885754.16
S2,ETHUSDT,-1,2024-12-16T12:00:00+00:00,2024-12-16T16:05:00+00:00,2024,3909.1,3960.58836391,3754.63490826,51.48836391,3.0,-1.022777,-1.022777,0.0,SL,50,4.08,0.5221,True,False,1912919.3,1.378,26360.03,-26960.43,1804794.24
S2,SOLUSDT,-1,2024-12-16T12:00:00+00:00,2024-12-16T14:45:00+00:00,2024,214.04,217.732584,202.962248,3.692584,3.0,-1.017389,-1.017389,0.0,SL,34,2.75,0.2491,True,False,1912919.3,1.378,26360.03,-26818.4,1831754.67
S3,SOLUSDT,-1,2024-12-16T12:00:00+00:00,2024-12-16T16:10:00+00:00,2024,214.04,218.2392584,193.11535733,4.92344533,4.25,-0.865953,-0.865953,0.0,SL,51,4.17,0.1869,True,False,1912919.3,3.3981,65002.91,-56289.47,1748504.77
S4,SOLUSDT,1,2024-12-16T14:00:00+00:00,2024-12-18T20:00:00+00:00,2024,216.13,211.12570275,313.7137964,5.00429725,19.5,-1.012957,-1.012957,0.0,SL,649,54.0,2.5518,True,False,1912919.3,1.6151,30895.56,-31295.87,1554144.04
S2,LINKUSDT,-1,2024-12-16T17:00:00+00:00,2024-12-18T20:05:00+00:00,2024,29.44,30.55751044,26.08746867,1.11751044,3.0,2.992097,2.992097,0.0,TP,614,51.08,4.3355,False,True,,,,,
S1,ETHUSDT,1,2024-12-16T18:00:00+00:00,2024-12-17T00:10:00+00:00,2024,4033.64,3954.6611257,4981.38649166,78.9788743,12.0,-1.015322,-1.015322,0.0,SL,75,6.17,0.9667,False,True,,,,,
S2,SOLUSDT,-1,2024-12-17T01:00:00+00:00,2024-12-17T07:00:00+00:00,2024,211.63,215.75274465,199.26176606,4.12274465,3.0,-1.0154,-1.0154,0.0,SL,73,6.0,0.1164,True,False,1721681.17,1.378,23724.77,-24090.13,1697591.05
S3,SOLUSDT,-1,2024-12-17T01:00:00+00:00,2024-12-17T08:35:00+00:00,2024,211.63,217.06227446,188.26778033,5.49699286,4.25,-0.999776,-0.999776,0.0,SL,92,7.58,0.0873,True,False,1721681.17,3.3981,58504.45,-58491.34,1639099.7
S2,SOLUSDT,-1,2024-12-17T14:00:00+00:00,2024-12-17T17:05:00+00:00,2024,223.55,228.08753892,209.93738324,4.53753892,3.0,-1.01478,-1.01478,0.0,SL,38,3.08,1.4545,False,True,,,,,
S2,XRPUSDT,-1,2024-12-17T14:00:00+00:00,2024-12-18T16:20:00+00:00,2024,2.656,2.73206784,2.42779649,0.07606784,3.0,2.989525,2.989525,0.0,TP,317,26.33,3.0683,False,True,,,,,
S2,BTCUSDT,-1,2024-12-17T19:00:00+00:00,2024-12-18T20:00:00+00:00,2024,106527.0,107843.20169397,102578.39491809,1316.20169397,3.0,2.975719,2.975719,0.0,TP,301,25.0,3.2706,False,True,,,,,
S2,ETHUSDT,-1,2024-12-18T20:00:00+00:00,2024-12-19T02:10:00+00:00,2024,3768.77,3836.88813439,3564.41559683,68.11813439,3.0,2.983402,2.983402,0.0,TP,75,6.17,3.3584,True,False,1554144.04,1.378,21416.1,63892.85,1618036.89
S2,LINKUSDT,-1,2024-12-18T20:00:00+00:00,2024-12-19T02:10:00+00:00,2024,26.405,27.38638629,23.46084113,0.98138629,3.0,2.991928,2.991928,0.0,TP,75,6.17,3.1282,True,False,1554144.04,1.378,21416.1,64075.44,1682112.33
S2,XRPUSDT,-1,2024-12-18T20:00:00+00:00,2024-12-20T09:45:00+00:00,2024,2.4012,2.4819244,2.1590268,0.0807244,3.0,2.991076,2.991076,0.0,TP,454,37.75,3.0759,True,False,1554144.04,1.378,21416.1,64057.2,1916345.16
S5,BTCUSDT,-1,2024-12-18T20:00:00+00:00,2024-12-20T11:25:00+00:00,2024,102781.8,104665.66268575,93362.48657126,1883.86268575,5.0,4.983632,4.983632,0.0,TP,474,39.42,5.0863,True,False,1554144.04,0.5216,8106.42,40399.39,2000543.76
S5,DOGEUSDT,-1,2024-12-18T20:00:00+00:00,2024-12-19T17:50:00+00:00,2024,0.37416,0.38592452,0.31533739,0.01176452,5.0,4.990459,4.990459,0.0,TP,263,21.83,5.2403,True,False,1554144.04,0.5216,8106.42,40454.73,1778999.66
S5,DOGEUSDT,-1,2024-12-19T15:00:00+00:00,2024-12-20T10:05:00+00:00,2024,0.35618,0.36951932,0.28948338,0.01333932,5.0,4.99199,4.99199,0.0,TP,230,19.08,5.2109,True,False,1682112.33,0.5216,8773.9,43799.21,1960144.37
S2,SOLUSDT,-1,2024-12-19T18:00:00+00:00,2024-12-20T08:55:00+00:00,2024,197.06,202.73126328,180.04621017,5.67126328,3.0,2.989576,2.989576,0.0,TP,180,14.92,3.0081,True,False,1778999.66,1.378,24514.62,73288.31,1852287.96
S5,DOGEUSDT,-1,2024-12-20T09:00:00+00:00,2024-12-20T23:10:00+00:00,2024,0.29982,0.32053793,0.19623033,0.02071793,5.0,-1.004341,-1.004341,0.0,SL,171,14.17,1.811,True,False,1852287.96,0.5216,9661.53,-9703.47,1723618.43
S5,ETHUSDT,-1,2024-12-20T09:00:00+00:00,2024-12-20T17:25:00+00:00,2024,3290.47,3429.11478081,2597.24609593,138.64478081,5.0,-1.00712,-1.00712,0.0,SL,102,8.42,1.3738,True,False,1852287.96,0.5216,9661.53,-9730.32,1733321.9
S5,LINKUSDT,-1,2024-12-20T09:00:00+00:00,2024-12-20T15:30:00+00:00,2024,21.447,22.85769519,14.39352404,1.41069519,5.0,-1.004561,-1.004561,0.0,SL,79,6.5,1.0179,True,False,1852287.96,0.5216,9661.53,-9705.6,1824496.04
S5,SOLUSDT,-1,2024-12-20T09:00:00+00:00,2024-12-20T16:35:00+00:00,2024,181.64,191.37837232,132.94813839,9.73837232,5.0,-1.005596,-1.005596,0.0,SL,92,7.58,0.6613,True,False,1852287.96,0.5216,9661.53,-9715.6,1814780.44
S2,XRPUSDT,-1,2024-12-20T10:00:00+00:00,2024-12-20T15:25:00+00:00,2024,2.1298,2.22758768,1.83643695,0.09778768,3.0,-1.006534,-1.006534,0.0,SL,66,5.42,1.7344,True,False,1916345.16,1.378,26407.24,-26579.78,1834201.64
S3,XRPUSDT,-1,2024-12-20T10:00:00+00:00,2024-12-20T16:40:00+00:00,2024,2.1298,2.25267877,1.57566979,0.13038358,4.25,-0.947341,-0.947341,0.0,SL,81,6.67,1.3008,True,False,1916345.16,3.3981,65119.32,-61690.21,1743052.23
S5,DOGEUSDT,-1,2024-12-20T10:00:00+00:00,2024-12-20T16:35:00+00:00,2024,0.29302,0.31376808,0.1892796,0.02074808,5.0,-1.004237,-1.004237,0.0,SL,80,6.58,1.4806,True,False,1916345.16,0.5216,9995.66,-10038.01,1804742.43
S2,XRPUSDT,-1,2024-12-20T11:00:00+00:00,2024-12-20T12:45:00+00:00,2024,2.0635,2.16489928,1.75930217,0.10139928,3.0,-1.006105,-1.006105,0.0,SL,22,1.75,1.0187,True,False,1960144.37,1.378,27010.79,-27175.69,1962890.76
S3,XRPUSDT,-1,2024-12-20T11:00:00+00:00,2024-12-20T12:45:00+00:00,2024,2.0635,2.16363993,1.48890409,0.13519904,4.25,-0.745264,-0.745264,0.0,SL,22,1.75,0.7641,True,False,1960144.37,3.3981,66607.67,-49640.3,1913250.46
S5,BTCUSDT,-1,2024-12-20T12:00:00+00:00,2024-12-20T13:35:00+00:00,2024,92715.1,95441.67827604,79082.20861982,2726.57827604,5.0,-1.010201,-1.010201,0.0,SL,20,1.58,0.1623,True,False,2000543.76,0.5216,10434.84,-10541.28,1871258.16
S5,DOGEUSDT,-1,2024-12-20T12:00:00+00:00,2024-12-20T12:45:00+00:00,2024,0.26624,0.29009299,0.14697506,0.02385299,5.0,-1.003349,-1.003349,0.0,SL,10,0.75,0.0587,True,False,2000543.76,0.5216,10434.84,-10469.78,1902780.68
S5,ETHUSDT,-1,2024-12-20T12:00:00+00:00,2024-12-20T13:30:00+00:00,2024,3103.99,3260.50083216,2321.43583919,156.51083216,5.0,-1.00595,-1.00595,0.0,SL,19,1.5,0.0255,True,False,2000543.76,0.5216,10434.84,-10496.92,1892283.75
S5,LINKUSDT,-1,2024-12-20T12:00:00+00:00,2024-12-20T13:40:00+00:00,2024,20.029,21.52503256,12.54883721,1.49603256,5.0,-1.004016,-1.004016,0.0,SL,21,1.67,0.0007,True,False,2000543.76,0.5216,10434.84,-10476.74,1860781.42
S5,SOLUSDT,-1,2024-12-20T12:00:00+00:00,2024-12-20T13:30:00+00:00,2024,176.0,187.13756559,120.31217203,11.13756559,5.0,-1.004741,-1.004741,0.0,SL,19,1.5,0.0189,True,False,2000543.76,0.5216,10434.84,-10484.31,1881799.45
S5,XRPUSDT,-1,2024-12-20T12:00:00+00:00,2024-12-20T12:25:00+00:00,2024,1.9678,2.11282768,1.24266161,0.14502768,5.0,-1.004071,-1.004071,0.0,SL,6,0.42,0.04,True,False,2000543.76,0.5216,10434.84,-10477.32,1990066.45
S2,BTCUSDT,-1,2024-12-23T18:00:00+00:00,2024-12-23T22:25:00+00:00,2024,93341.2,94828.34252824,88879.77241529,1487.14252824,3.0,-1.01883,-1.01883,0.0,SL,54,4.42,0.5896,True,False,1723618.43,1.378,23751.46,-24198.7,1675227.25
S2,BTCUSDT,-1,2024-12-23T19:00:00+00:00,2024-12-23T21:15:00+00:00,2024,92707.2,94205.04306194,88213.67081419,1497.84306194,3.0,-1.018568,-1.018568,0.0,SL,28,2.25,0.1621,True,False,1723618.43,1.378,23751.46,-24192.48,1699425.95
S2,ETHUSDT,-1,2024-12-27T08:00:00+00:00,2024-12-27T09:00:00+00:00,2024,3324.04,3373.78712904,3174.79861288,49.74712904,3.0,-1.020046,-1.020046,0.0,SL,13,1.0,0.0,True,False,1675227.25,1.378,23084.63,-23547.39,1628222.43
S2,SOLUSDT,-1,2024-12-27T08:00:00+00:00,2024-12-27T08:15:00+00:00,2024,186.53,189.99525211,176.13424366,3.46525211,3.0,-1.016149,-1.016149,0.0,SL,4,0.25,0.0058,True,False,1675227.25,1.378,23084.63,-23457.43,1651769.82
S2,LINKUSDT,-1,2024-12-27T16:00:00+00:00,2024-12-30T13:35:00+00:00,2024,22.294,22.88751255,20.51346234,0.59351255,3.0,2.988731,2.988731,0.0,TP,836,69.58,3.0227,True,False,1628222.43,1.378,22436.91,67057.87,1590950.38
S2,SOLUSDT,-1,2024-12-27T16:00:00+00:00,2024-12-28T13:30:00+00:00,2024,184.0,188.04024581,171.87926256,4.04024581,3.0,-1.013663,-1.013663,0.0,SL,259,21.5,0.3317,True,False,1628222.43,1.378,22436.91,-22743.46,1605478.97
S3,LINKUSDT,-1,2024-12-27T16:00:00+00:00,2025-01-02T12:05:00+00:00,2025,22.294,22.80935126,18.93076221,0.79135007,4.25,-0.659682,-0.659682,0.0,SL,1682,140.08,3.2944,True,False,1628222.43,3.3981,55328.63,-36499.3,1321811.02
S4,SOLUSDT,1,2024-12-27T19:00:00+00:00,2025-01-08T17:10:00+00:00,2025,186.93,181.79050775,287.15009886,5.13949225,19.5,0.989089,-1.010911,2.0,BE,3435,286.17,7.0454,True,False,1628222.43,1.6151,26297.42,26010.49,1263118.1
S2,LINKUSDT,-1,2024-12-27T23:00:00+00:00,2024-12-28T17:15:00+00:00,2024,21.386,21.992254,19.56723801,0.606254,3.0,-1.010583,-1.010583,0.0,SL,220,18.25,0.5476,True,False,1628222.43,1.378,22436.91,-22674.35,1545634.9
S3,LINKUSDT,-1,2024-12-27T23:00:00+00:00,2024-12-28T17:05:00+00:00,2024,21.386,21.9226254,17.95056069,0.80833866,4.25,-0.671799,-0.671799,0.0,SL,218,18.08,0.4107,True,False,1628222.43,3.3981,55328.63,-37169.72,1568309.26
S2,DOGEUSDT,-1,2024-12-29T17:00:00+00:00,2024-12-30T01:30:00+00:00,2024,0.31607,0.32062326,0.30241021,0.00455326,3.0,-1.020825,-1.020825,0.0,SL,103,8.5,0.9619,True,False,1545634.9,1.378,21298.85,-21742.4,1523892.51
S2,SOLUSDT,-1,2024-12-29T17:00:00+00:00,2024-12-30T19:35:00+00:00,2024,192.8,195.65626858,184.23119426,2.85626858,3.0,-1.02025,-1.02025,0.0,SL,320,26.58,2.4472,True,False,1545634.9,1.378,21298.85,-21730.15,1358310.32
S5,BTCUSDT,-1,2024-12-30T05:00:00+00:00,2024-12-30T18:10:00+00:00,2024,93234.5,94292.87080933,87942.64595336,1058.37080933,5.0,-1.026428,-1.026428,0.0,SL,159,13.17,1.6101,True,False,1523892.51,0.5216,7948.62,-8158.69,1380040.47
S2,BTCUSDT,-1,2024-12-30T14:00:00+00:00,2024-12-30T17:40:00+00:00,2024,92680.52,93494.52937617,90238.49187149,814.00937617,3.0,-1.034157,-1.034157,0.0,SL,45,3.67,1.4128,True,False,1590950.38,1.378,21923.3,-22672.13,1463314.67
S2,DOGEUSDT,-1,2024-12-30T14:00:00+00:00,2024-12-30T17:45:00+00:00,2024,0.31267,0.3185318,0.2950846,0.0058618,3.0,-1.016002,-1.016002,0.0,SL,46,3.75,1.0458,True,False,1590950.38,1.378,21923.3,-22274.11,1441040.56
S2,ETHUSDT,-1,2024-12-30T14:00:00+00:00,2024-12-30T17:35:00+00:00,2024,3335.99,3379.74633548,3204.72099357,43.75633548,3.0,-1.022872,-1.022872,0.0,SL,44,3.58,0.7722,True,False,1590950.38,1.378,21923.3,-22424.73,1545929.82
S2,LINKUSDT,-1,2024-12-30T14:00:00+00:00,2024-12-30T17:45:00+00:00,2024,20.375,20.89926303,18.80221092,0.52426303,3.0,-1.011659,-1.011659,0.0,SL,46,3.75,0.557,True,False,1590950.38,1.378,21923.3,-22178.9,1418861.66
S2,SOLUSDT,-1,2024-12-30T14:00:00+00:00,2024-12-30T17:45:00+00:00,2024,189.0,192.49532916,178.51401253,3.49532916,3.0,-1.016222,-1.016222,0.0,SL,46,3.75,0.9126,True,False,1590950.38,1.378,21923.3,-22278.94,1396582.73
S5,XRPUSDT,-1,2024-12-30T14:00:00+00:00,2024-12-30T17:45:00+00:00,2024,2.0233,2.08244575,1.72757127,0.05914575,5.0,-1.010263,-1.010263,0.0,SL,46,3.75,0.4988,True,False,1590950.38,0.5216,8298.4,-8383.56,1388199.16
S2,BTCUSDT,-1,2024-12-30T15:00:00+00:00,2024-12-30T17:30:00+00:00,2024,91884.0,92782.56942073,89188.29173781,898.56942073,3.0,-1.030677,-1.030677,0.0,SL,31,2.5,0.3935,True,False,1590950.38,1.378,21923.3,-22595.84,1568354.54
S3,BTCUSDT,-1,2024-12-30T15:00:00+00:00,2024-12-30T17:35:00+00:00,2024,91884.0,93184.85694207,86792.10661586,1198.09256097,4.25,-1.108781,-1.108781,0.0,SL,32,2.58,0.2951,True,False,1590950.38,3.3981,54062.08,-59943.01,1485986.8
S2,BTCUSDT,-1,2024-12-30T22:00:00+00:00,2024-12-31T08:20:00+00:00,2024,92076.0,93392.08195474,88127.75413577,1316.08195474,3.0,-1.020989,-1.020989,0.0,SL,125,10.33,0.0973,False,True,,,,,
S2,DOGEUSDT,-1,2024-12-30T22:00:00+00:00,2024-12-31T08:25:00+00:00,2024,0.31082,0.31810208,0.28897375,0.00728208,3.0,-1.012805,-1.012805,0.0,SL,126,10.42,0.2376,False,True,,,,,
S2,ETHUSDT,-1,2024-12-30T22:00:00+00:00,2024-12-31T08:20:00+00:00,2024,3317.92,3371.91805115,3155.92584656,53.99805115,3.0,-1.018434,-1.018434,0.0,SL,125,10.33,0.0733,False,True,,,,,
S2,LINKUSDT,-1,2024-12-30T22:00:00+00:00,2024-12-31T13:45:00+00:00,2024,20.415,21.01322103,18.62033692,0.59822103,3.0,-1.010238,-1.010238,0.0,SL,190,15.75,0.3928,False,True,,,,,
S2,SOLUSDT,-1,2024-12-30T22:00:00+00:00,2024-12-31T08:30:00+00:00,2024,189.32,193.60984483,176.45046552,4.28984483,3.0,-1.01324,-1.01324,0.0,SL,127,10.5,0.3287,False,True,,,,,
S2,XRPUSDT,-1,2024-12-30T22:00:00+00:00,2024-12-31T13:15:00+00:00,2024,2.0509,2.10559066,1.88682801,0.05469066,3.0,-1.01125,-1.01125,0.0,SL,184,15.25,0.7241,False,True,,,,,
S1,XRPUSDT,1,2025-01-01T19:00:00+00:00,2025-01-08T17:10:00+00:00,2025,2.3206,2.24582869,3.21785577,0.07477131,12.0,-1.009311,-1.009311,0.0,SL,1995,166.17,2.5397,True,False,1358310.32,0.9264,12583.39,-12700.55,1250417.55
S1,LINKUSDT,1,2025-01-01T21:00:00+00:00,2025-01-07T15:05:00+00:00,2025,21.802,21.1681096,29.40868484,0.6338904,12.0,0.989682,-1.010318,2.0,BE,1658,138.08,4.7185,True,False,1358310.32,0.9264,12583.39,12453.55,1237107.61
S1,SOLUSDT,1,2025-01-02T05:00:00+00:00,2025-01-07T15:00:00+00:00,2025,204.39,199.77233778,259.80194663,4.61766222,12.0,0.986721,-1.013279,2.0,BE,1561,130.0,4.0605,True,False,1358310.32,0.9264,12583.39,12416.29,1236954.72
S1,DOGEUSDT,1,2025-01-02T11:00:00+00:00,2025-01-02T14:00:00+00:00,2025,0.34419,0.33601966,0.44223411,0.00817034,12.0,-1.012638,-1.012638,0.0,SL,37,3.0,0.0379,True,False,1358310.32,0.9264,12583.39,-12742.42,1309068.61
S1,SOLUSDT,1,2025-01-03T12:00:00+00:00,2025-01-07T15:00:00+00:00,2025,214.38,209.88328599,268.34056808,4.49671401,12.0,-1.014302,-1.014302,0.0,SL,1189,99.0,1.9481,True,False,1309068.61,0.9264,12127.21,-12300.65,1224654.06
S2,SOLUSDT,-1,2025-01-03T13:00:00+00:00,2025-01-03T14:35:00+00:00,2025,213.25,216.56378297,203.30865109,3.31378297,3.0,-1.019306,-1.019306,0.0,SL,20,1.58,0.4014,True,False,1309068.61,1.378,18038.97,-18387.23,1290681.38
S1,SOLUSDT,1,2025-01-03T15:00:00+00:00,2025-01-05T09:50:00+00:00,2025,218.15,213.20507264,277.4891283,4.94492736,12.0,-1.013235,-1.013235,0.0,SL,515,42.83,0.3114,True,False,1290681.38,0.9264,11956.87,-12115.12,1260573.11
S1,LINKUSDT,1,2025-01-03T16:00:00+00:00,2025-01-07T14:55:00+00:00,2025,23.454,22.7914561,31.40452675,0.6625439,12.0,-1.01062,-1.01062,0.0,SL,1140,94.92,2.021,True,False,1290681.38,0.9264,11956.87,-12083.85,1236603.71
S1,DOGEUSDT,1,2025-01-03T22:00:00+00:00,2025-01-07T14:55:00+00:00,2025,0.38641,0.37362488,0.53983144,0.01278512,12.0,-1.009067,-1.009067,0.0,SL,1068,88.92,0.9566,True,False,1290681.38,0.9264,11956.87,-12065.29,1224538.42
S2,DOGEUSDT,-1,2025-01-04T16:00:00+00:00,2025-01-04T21:10:00+00:00,2025,0.37922,0.38896898,0.34997305,0.00974898,3.0,-1.01167,-1.01167,0.0,SL,63,5.17,0.0226,True,False,1290681.38,1.378,17785.59,-17993.15,1272688.23
S1,SOLUSDT,1,2025-01-06T14:00:00+00:00,2025-01-07T09:45:00+00:00,2025,218.6,214.91086397,262.86963234,3.68913603,12.0,-1.017777,-1.017777,0.0,SL,238,19.75,1.2306,True,False,1260573.11,0.9264,11677.95,-11885.55,1248687.56
S5,ETHUSDT,-1,2025-01-07T22:00:00+00:00,2025-01-13T14:35:00+00:00,2025,3362.2,3451.78960727,2914.25196365,89.58960727,5.0,4.988741,4.988741,0.0,TP,1640,136.58,5.1591,True,False,1237107.61,0.5216,6452.75,32191.11,1597238.92
S5,BTCUSDT,-1,2025-01-08T07:00:00+00:00,2025-01-14T09:35:00+00:00,2025,95267.8,96741.16646794,87900.96766028,1473.36646794,5.0,-1.019398,-1.019398,0.0,SL,1760,146.58,4.0798,True,False,1237107.61,0.5216,6452.75,-6577.92,1757815.57
S4,XRPUSDT,1,2025-01-08T18:00:00+00:00,2025-01-13T11:35:00+00:00,2025,2.2798,2.18975063,4.03576266,0.09004937,19.5,0.992405,-1.007595,2.0,BE,1364,113.58,3.598,True,False,1250417.55,1.6151,20195.49,20042.11,1326724.34
S2,SOLUSDT,-1,2025-01-09T08:00:00+00:00,2025-01-13T10:25:00+00:00,2025,190.06,193.92814672,178.45555985,3.86814672,3.0,2.98526,2.98526,0.0,TP,1182,98.42,3.048,True,False,1250417.55,1.378,17230.75,51438.28,1306682.23
S3,SOLUSDT,-1,2025-01-09T08:00:00+00:00,2025-01-13T14:35:00+00:00,2025,190.06,194.28681467,168.14050194,5.15752895,4.25,4.238945,4.238945,0.0,TP,1232,102.58,4.3335,True,False,1250417.55,3.3981,42490.44,180114.63,1777353.55
S2,SOLUSDT,-1,2025-01-09T14:00:00+00:00,2025-01-09T15:15:00+00:00,2025,185.43,189.52063377,173.15809869,4.09063377,3.0,-1.013599,-1.013599,0.0,SL,16,1.25,0.1002,True,False,1250417.55,1.378,17230.75,-17465.07,1232952.48
S2,BTCUSDT,-1,2025-01-09T18:00:00+00:00,2025-01-10T05:35:00+00:00,2025,92656.6,94158.90383487,88149.6884954,1502.30383487,3.0,-1.018503,-1.018503,0.0,SL,140,11.58,1.0656,True,False,1232952.48,1.378,16990.09,-17304.45,1198426.86
S2,SOLUSDT,-1,2025-01-09T18:00:00+00:00,2025-01-10T07:35:00+00:00,2025,187.21,191.89897845,173.14306465,4.68897845,3.0,-1.011978,-1.011978,0.0,SL,164,13.58,1.1431,True,False,1232952.48,1.378,16990.09,-17193.59,1181233.26
S2,ETHUSDT,-1,2025-01-09T20:00:00+00:00,2025-01-10T04:10:00+00:00,2025,3193.66,3264.10534408,2982.32396775,70.44534408,3.0,-1.013601,-1.013601,0.0,SL,99,8.17,0.5346,True,False,1232952.48,1.378,16990.09,-17221.17,1215731.31
S1,XRPUSDT,1,2025-01-11T20:00:00+00:00,2025-01-13T06:45:00+00:00,2025,2.5292,2.45481762,3.42178857,0.07438238,12.0,-1.010201,-1.010201,0.0,SL,418,34.75,1.0029,True,False,1181233.26,0.9264,10942.94,-11054.57,1159132.19
S1,XRPUSDT,1,2025-01-11T21:00:00+00:00,2025-01-12T01:00:00+00:00,2025,2.5919,2.50973065,3.57793224,0.08216935,12.0,-1.009463,-1.009463,0.0,SL,49,4.0,0.1448,True,False,1181233.26,0.9264,10942.94,-11046.5,1170186.77
S2,DOGEUSDT,-1,2025-01-13T02:00:00+00:00,2025-01-13T11:40:00+00:00,2025,0.33568,0.34181955,0.31726134,0.00613955,3.0,2.983598,2.983598,0.0,TP,117,9.67,3.1142,True,False,1170186.77,1.378,16125.17,48111.04,1374835.38
S2,ETHUSDT,-1,2025-01-13T02:00:00+00:00,2025-01-13T09:30:00+00:00,2025,3260.15,3300.59574153,3138.81277542,40.44574153,3.0,2.975818,2.975818,0.0,TP,91,7.5,3.4404,True,False,1170186.77,1.378,16125.17,47985.58,1207117.77
S2,LINKUSDT,-1,2025-01-13T02:00:00+00:00,2025-01-13T09:30:00+00:00,2025,19.769,20.1525452,18.6183644,0.3835452,3.0,2.984537,2.984537,0.0,TP,91,7.5,3.0896,True,False,1170186.77,1.378,16125.17,48126.18,1255243.95
S2,ETHUSDT,-1,2025-01-13T07:00:00+00:00,2025-01-13T11:55:00+00:00,2025,3190.0,3233.8735985,3058.3792045,43.8735985,3.0,2.978187,2.978187,0.0,TP,60,4.92,3.077,True,False,1159132.19,1.378,15972.84,47570.11,1422405.49
S2,SOLUSDT,-1,2025-01-13T07:00:00+00:00,2025-01-13T14:30:00+00:00,2025,182.02,185.21006507,172.4498048,3.19006507,3.0,2.982882,2.982882,0.0,TP,91,7.5,3.4545,True,False,1159132.19,1.378,15972.84,47645.1,1565047.8
S2,BTCUSDT,-1,2025-01-13T09:00:00+00:00,2025-01-13T12:40:00+00:00,2025,93039.11,93921.82468707,90390.96593878,882.71468707,3.0,2.96838,2.96838,0.0,TP,45,3.67,3.1031,True,False,1159132.19,1.378,15972.84,47413.46,1469818.95
S2,ETHUSDT,-1,2025-01-13T09:00:00+00:00,2025-01-13T13:00:00+00:00,2025,3168.74,3214.09634258,3032.67097225,45.35634258,3.0,2.979041,2.979041,0.0,TP,49,4.0,3.0148,True,False,1159132.19,1.378,15972.84,47583.75,1517402.7
S2,SOLUSDT,-1,2025-01-13T09:00:00+00:00,2025-01-13T14:35:00+00:00,2025,180.48,183.69684182,170.82947455,3.21684182,3.0,2.983169,2.983169,0.0,TP,68,5.58,3.9697,True,False,1159132.19,1.378,15972.84,47649.69,1825003.24
S5,LINKUSDT,-1,2025-01-13T09:00:00+00:00,2025-01-13T22:00:00+00:00,2025,18.766,19.35453736,15.82331321,0.58853736,5.0,-1.009566,-1.009566,0.0,SL,157,13.0,1.7484,True,False,1159132.19,0.5216,6046.03,-6103.87,1771907.75
S5,BTCUSDT,-1,2025-01-13T12:00:00+00:00,2025-01-13T14:55:00+00:00,2025,90851.23,92197.46673348,84120.04633261,1346.23673348,5.0,-1.020246,-1.020246,0.0,SL,36,2.92,1.1844,True,False,1422405.49,0.5216,7419.27,-7569.48,1794975.67
S5,DOGEUSDT,-1,2025-01-13T12:00:00+00:00,2025-01-13T14:50:00+00:00,2025,0.31517,0.32450712,0.26848441,0.00933712,5.0,-1.010126,-1.010126,0.0,SL,35,2.83,0.7315,True,False,1422405.49,0.5216,7419.27,-7494.39,1810029.57
S5,ETHUSDT,-1,2025-01-13T12:00:00+00:00,2025-01-13T22:10:00+00:00,2025,3056.81,3128.44449206,2698.63753971,71.63449206,5.0,-1.012802,-1.012802,0.0,SL,123,10.17,2.189,True,False,1422405.49,0.5216,7419.27,-7514.25,1764393.5
S5,LINKUSDT,-1,2025-01-13T12:00:00+00:00,2025-01-13T14:50:00+00:00,2025,18.097,18.71525385,15.00573073,0.61825385,5.0,-1.008781,-1.008781,0.0,SL,35,2.83,0.5823,True,False,1422405.49,0.5216,7419.27,-7484.42,1802545.15
S5,SOLUSDT,-1,2025-01-13T12:00:00+00:00,2025-01-13T15:20:00+00:00,2025,175.33,179.80688118,152.9455941,4.47688118,5.0,-1.011749,-1.011749,0.0,SL,41,3.33,1.7021,True,False,1422405.49,0.5216,7419.27,-7506.44,1787469.24
S5,XRPUSDT,-1,2025-01-13T12:00:00+00:00,2025-01-13T14:40:00+00:00,2025,2.3374,2.42410221,1.90388893,0.08670221,5.0,-1.008088,-1.008088,0.0,SL,33,2.67,0.0773,True,False,1422405.49,0.5216,7419.27,-7479.27,1817523.96
S5,BTCUSDT,-1,2025-01-13T17:00:00+00:00,2025-01-13T20:45:00+00:00,2025,91343.21,93247.27082801,81822.90585995,1904.06082801,5.0,-1.014392,-1.014392,0.0,SL,46,3.75,0.049,True,False,1787469.24,0.5216,9323.44,-9457.62,1778011.62
S1,BTCUSDT,1,2025-01-14T10:00:00+00:00,2025-01-14T16:40:00+00:00,2025,97159.43,95533.0845608,116675.57527037,1626.3454392,12.0,-1.017922,-1.017922,0.0,SL,81,6.67,0.0652,True,False,1757815.57,0.9264,16284.4,-16576.25,1741239.32
S1,DOGEUSDT,1,2025-01-14T10:00:00+00:00,2025-01-19T09:15:00+00:00,2025,0.35403,0.34380904,0.47668151,0.01022096,12.0,0.989609,-1.010391,2.0,BE,1432,119.25,7.8241,True,False,1757815.57,0.9264,16284.4,16115.19,1541269.54
S1,LINKUSDT,1,2025-01-15T15:00:00+00:00,2025-01-19T09:05:00+00:00,2025,21.604,20.90136426,30.03562893,0.70263574,12.0,0.990776,-1.009224,2.0,BE,1082,90.08,5.7669,True,False,1741239.32,0.9264,16130.84,15982.05,1525154.34
S5,XRPUSDT,-1,2025-01-15T17:00:00+00:00,2025-01-15T21:50:00+00:00,2025,2.8991,3.04309441,2.17912793,0.14399441,5.0,-1.00604,-1.00604,0.0,SL,59,4.83,0.2021,True,False,1741239.32,0.5216,9082.3,-9137.16,1732102.16
S1,SOLUSDT,1,2025-01-16T12:00:00+00:00,2025-01-16T14:45:00+00:00,2025,212.66,206.70366583,284.13601002,5.95633417,12.0,-1.010711,-1.010711,0.0,SL,34,2.75,0.7521,True,False,1732102.16,0.9264,16046.19,-16218.07,1715884.09
S1,LINKUSDT,1,2025-01-16T13:00:00+00:00,2025-01-19T22:10:00+00:00,2025,22.944,22.16279799,32.31842416,0.78120201,12.0,0.991189,-1.008811,2.0,BE,975,81.17,4.8029,True,False,1732102.16,0.9264,16046.19,15904.81,1515531.68
S1,XRPUSDT,1,2025-01-16T13:00:00+00:00,2025-01-16T23:20:00+00:00,2025,3.3383,3.1713669,5.34149714,0.1669331,12.0,-1.005999,-1.005999,0.0,SL,125,10.33,0.3954,True,False,1732102.16,0.9264,16046.19,-16142.46,1627648.72
S2,SOLUSDT,-1,2025-01-16T14:00:00+00:00,2025-01-16T17:20:00+00:00,2025,209.82,214.89130284,194.60609149,5.07130284,3.0,-1.012412,-1.012412,0.0,SL,41,3.33,0.8676,True,False,1732102.16,1.378,23868.37,-24164.62,1643791.18
S2,ETHUSDT,-1,2025-01-16T15:00:00+00:00,2025-01-16T16:00:00+00:00,2025,3276.33,3333.61269329,3104.48192012,57.28269329,3.0,-1.017159,-1.017159,0.0,SL,13,1.0,0.1393,True,False,1715884.09,1.378,23644.88,-24050.61,1667955.8
S2,LINKUSDT,-1,2025-01-16T15:00:00+00:00,2025-01-16T15:55:00+00:00,2025,22.447,23.13097375,20.39507875,0.68397375,3.0,-1.009846,-1.009846,0.0,SL,12,0.92,0.0132,True,False,1715884.09,1.378,23644.88,-23877.69,1692006.4
S2,DOGEUSDT,-1,2025-01-17T14:00:00+00:00,2025-01-17T16:25:00+00:00,2025,0.40486,0.41562463,0.3725661,0.01076463,3.0,-1.011283,-1.011283,0.0,SL,30,2.42,0.0037,True,False,1627648.72,1.378,22429.0,-22682.07,1604966.66
S1,BTCUSDT,1,2025-01-17T20:00:00+00:00,2025-01-18T00:00:00+00:00,2025,105771.0,104050.03014959,126422.63820494,1720.96985041,12.0,-1.018438,-1.018438,0.0,SL,49,4.0,0.0075,True,False,1604966.66,0.9264,14868.41,-15142.55,1589824.1
S2,ETHUSDT,-1,2025-01-17T22:00:00+00:00,2025-01-18T05:55:00+00:00,2025,3472.64,3530.43771123,3299.2468663,57.79771123,3.0,2.981975,2.981975,0.0,TP,96,7.92,3.16,True,False,1604966.66,1.378,22116.44,65950.67,1640925.95
S1,DOGEUSDT,1,2025-01-18T01:00:00+00:00,2025-01-18T03:35:00+00:00,2025,0.43037,0.41461591,0.61941906,0.01575409,12.0,-1.008195,-1.008195,0.0,SL,32,2.58,0.2304,True,False,1589824.1,0.9264,14728.13,-14848.83,1574975.27
S2,ETHUSDT,-1,2025-01-18T04:00:00+00:00,2025-01-19T09:00:00+00:00,2025,3382.79,3440.66712354,3209.15862939,57.87712354,3.0,2.982466,2.982466,0.0,TP,349,29.0,3.1565,True,False,1574975.27,1.378,21703.16,64728.93,1535245.17
S2,DOGEUSDT,-1,2025-01-18T06:00:00+00:00,2025-01-18T13:55:00+00:00,2025,0.3875,0.40340385,0.33978845,0.01590385,3.0,-1.00731,-1.00731,0.0,SL,96,7.92,0.0189,True,False,1640925.95,1.378,22611.96,-22777.25,1572795.94
S2,ETHUSDT,-1,2025-01-18T06:00:00+00:00,2025-01-19T01:10:00+00:00,2025,3292.88,3355.79491774,3104.13524677,62.91491774,3.0,-1.015702,-1.015702,0.0,SL,231,19.17,1.0686,True,False,1640925.95,1.378,22611.96,-22967.01,1513194.37
S2,LINKUSDT,-1,2025-01-18T06:00:00+00:00,2025-01-18T06:35:00+00:00,2025,23.428,24.13007223,21.3217833,0.70207223,3.0,-1.010011,-1.010011,0.0,SL,8,0.58,0.0114,True,False,1640925.95,1.378,22611.96,-22838.33,1618087.62
S2,SOLUSDT,-1,2025-01-18T08:00:00+00:00,2025-01-18T08:50:00+00:00,2025,232.81,239.98082073,211.2975378,7.17082073,3.0,-1.00974,-1.00974,0.0,SL,11,0.83,0.3012,True,False,1618087.62,1.378,22297.25,-22514.42,1595573.2
S4,ETHUSDT,1,2025-01-18T09:00:00+00:00,2025-01-19T09:00:00+00:00,2025,3291.85,3207.79786964,4930.86654201,84.05213036,19.5,-1.011749,-1.011749,0.0,SL,289,24.0,1.0214,True,False,1595573.2,1.6151,25770.1,-26072.88,1509172.29
S2,SOLUSDT,-1,2025-01-18T12:00:00+00:00,2025-01-18T15:25:00+00:00,2025,238.85,246.95734215,214.52797356,8.10734215,3.0,-1.008838,-1.008838,0.0,SL,42,3.42,0.0062,True,False,1595573.2,1.378,21987.0,-22181.32,1550614.62
S1,SOLUSDT,1,2025-01-18T16:00:00+00:00,2025-01-18T16:40:00+00:00,2025,257.68,245.11034416,408.51587009,12.56965584,12.0,-1.00615,-1.00615,0.0,SL,9,0.67,1.0358,True,False,1550614.62,0.9264,14364.89,-14453.24,1536161.38
S2,DOGEUSDT,-1,2025-01-18T17:00:00+00:00,2025-01-19T01:40:00+00:00,2025,0.38842,0.40348828,0.34321517,0.01506828,3.0,-1.007733,-1.007733,0.0,SL,105,8.67,0.1341,True,False,1536161.38,1.378,21168.3,-21332.0,1470516.23
S2,LINKUSDT,-1,2025-01-18T17:00:00+00:00,2025-01-19T01:20:00+00:00,2025,23.471,24.3091452,20.95656439,0.8381452,3.0,-1.008401,-1.008401,0.0,SL,101,8.33,0.1229,True,False,1536161.38,1.378,21168.3,-21346.14,1491848.23
S2,SOLUSDT,-1,2025-01-19T06:00:00+00:00,2025-01-19T09:20:00+00:00,2025,266.29,279.0972532,227.8682404,12.8072532,3.0,-1.006238,-1.006238,0.0,SL,41,3.33,0.0383,True,False,1470516.23,1.378,20263.71,-20390.12,1520879.42
S2,ETHUSDT,-1,2025-01-19T11:00:00+00:00,2025-01-19T13:55:00+00:00,2025,3174.21,3241.90170515,2971.13488455,67.69170515,3.0,-1.014068,-1.014068,0.0,SL,36,2.92,0.6586,True,False,1520879.42,1.378,20957.72,-21252.55,1499626.87
S2,SOLUSDT,-1,2025-01-19T13:00:00+00:00,2025-01-20T02:50:00+00:00,2025,277.24,292.03472468,232.85582597,14.79472468,3.0,2.994378,2.994378,0.0,TP,167,13.83,3.0173,True,False,1520879.42,1.378,20957.72,62755.33,1557288.85
S4,LINKUSDT,1,2025-01-19T14:00:00+00:00,2025-01-27T07:25:00+00:00,2025,23.5,22.42322892,44.49703612,1.07677108,19.5,-1.006547,-1.006547,0.0,SL,2226,185.42,3.4362,True,False,1499626.87,1.6151,24220.47,-24379.04,1496491.41
S2,SOLUSDT,-1,2025-01-19T15:00:00+00:00,2025-01-27T07:25:00+00:00,2025,270.53,286.46284934,222.73145199,15.93284934,3.0,2.994906,2.994906,0.0,TP,2214,184.42,3.0641,True,False,1499626.87,1.378,20664.86,61889.31,1558380.72
S2,ETHUSDT,-1,2025-01-19T22:00:00+00:00,2025-01-20T06:40:00+00:00,2025,3232.39,3329.64104947,2940.63685158,97.25104947,3.0,-1.009971,-1.009971,0.0,SL,105,8.67,0.9372,True,False,1499626.87,1.378,20664.86,-20870.91,1536417.94
S2,LINKUSDT,-1,2025-01-19T22:00:00+00:00,2025-01-20T06:45:00+00:00,2025,24.225,25.37976265,20.76071205,1.15476265,3.0,-1.006294,-1.006294,0.0,SL,106,8.75,0.7222,True,False,1499626.87,1.378,20664.86,-20794.92,1507684.06
S2,SOLUSDT,-1,2025-01-19T22:00:00+00:00,2025-01-20T09:05:00+00:00,2025,254.87,270.74268488,207.25194535,15.87268488,3.0,-1.004817,-1.004817,0.0,SL,134,11.08,1.6128,True,False,1499626.87,1.378,20664.86,-20764.4,1465953.71
S2,LINKUSDT,-1,2025-01-20T01:00:00+00:00,2025-01-20T02:35:00+00:00,2025,23.503,24.7932041,19.63238771,1.2902041,3.0,-1.005465,-1.005465,0.0,SL,20,1.58,0.0868,True,False,1515531.68,1.378,20884.03,-20998.16,1494533.52
S2,SOLUSDT,-1,2025-01-20T01:00:00+00:00,2025-01-20T06:45:00+00:00,2025,236.05,254.10214056,181.89357833,18.05214056,3.0,-1.003923,-1.003923,0.0,SL,70,5.75,0.3756,True,False,1515531.68,1.378,20884.03,-20965.95,1486718.11
S5,DOGEUSDT,-1,2025-01-20T01:00:00+00:00,2025-01-20T06:40:00+00:00,2025,0.34692,0.37115851,0.22572745,0.02423851,5.0,-1.004294,-1.004294,0.0,SL,69,5.67,0.0144,True,False,1515531.68,0.5216,7905.01,-7938.96,1528478.99
S2,BTCUSDT,-1,2025-01-21T01:00:00+00:00,2025-01-21T12:15:00+00:00,2025,101188.1,104146.37303386,92313.28089842,2958.27303386,3.0,-1.010262,-1.010262,0.0,SL,136,11.25,0.3688,True,False,1465953.71,1.378,20200.84,-20408.14,1445545.56
S2,BTCUSDT,-1,2025-01-21T06:00:00+00:00,2025-01-21T12:15:00+00:00,2025,101371.1,104055.18471091,93318.84586727,2684.08471091,3.0,-1.01133,-1.01133,0.0,SL,76,6.25,0.1,True,False,1465953.71,1.378,20200.84,-20429.72,1425115.85
S2,BTCUSDT,-1,2025-01-23T20:00:00+00:00,2025-01-23T20:10:00+00:00,2025,103770.05,105832.72786409,97582.01640772,2062.67786409,3.0,-1.015093,-1.015093,0.0,SL,3,0.17,0.3006,True,False,1425115.85,1.378,19638.1,-19934.49,1405181.35
S2,LINKUSDT,-1,2025-01-27T00:00:00+00:00,2025-01-27T06:40:00+00:00,2025,24.867,25.43099665,23.17501005,0.56399665,3.0,2.986773,2.986773,0.0,TP,81,6.67,3.133,True,False,1405181.35,1.378,19363.4,57834.08,1463015.43
S2,LINKUSDT,-1,2025-01-27T01:00:00+00:00,2025-01-27T07:20:00+00:00,2025,24.42,25.02321118,22.61036647,0.60321118,3.0,2.987855,2.987855,0.0,TP,77,6.33,3.0487,True,False,1405181.35,1.378,19363.4,57855.03,1520870.46
S3,LINKUSDT,-1,2025-01-27T01:00:00+00:00,2025-01-30T15:10:00+00:00,2025,24.42,25.17232112,21.00180334,0.80428157,4.25,-0.944504,-0.944504,0.0,SL,1035,86.17,2.805,True,False,1405181.35,3.3981,47749.47,-45099.56,1481794.9
S5,LINKUSDT,-1,2025-01-27T02:00:00+00:00,2025-01-30T14:55:00+00:00,2025,24.125,24.94640431,20.01797844,0.82140431,5.0,-1.008811,-1.008811,0.0,SL,1020,84.92,2.3874,True,False,1405181.35,0.5216,7329.43,-7394.01,1526894.46
S5,LINKUSDT,-1,2025-01-27T03:00:00+00:00,2025-01-28T05:45:00+00:00,2025,23.787,24.62158972,19.6140514,0.83458972,5.0,-1.00855,-1.00855,0.0,SL,322,26.75,1.9447,True,False,1405181.35,0.5216,7329.43,-7392.09,1542431.48
S5,DOGEUSDT,-1,2025-01-27T05:00:00+00:00,2025-01-27T20:55:00+00:00,2025,0.32314,0.33135887,0.28204564,0.00821887,5.0,-1.011795,-1.011795,0.0,SL,192,15.92,2.2789,True,False,1405181.35,0.5216,7329.43,-7415.88,1571987.16
S5,XRPUSDT,-1,2025-01-27T05:00:00+00:00,2025-01-27T07:25:00+00:00,2025,2.9606,3.02357602,2.64571989,0.06297602,5.0,4.985897,4.985897,0.0,TP,30,2.42,5.0114,True,False,1405181.35,0.5216,7329.43,36543.76,1594924.48
S5,BTCUSDT,-1,2025-01-27T07:00:00+00:00,2025-01-27T12:55:00+00:00,2025,98956.31,100486.83242417,91303.69787914,1530.52242417,5.0,-1.019397,-1.019397,0.0,SL,72,5.92,0.77,True,False,1463015.43,0.5216,7631.09,-7779.11,1587145.38
S5,ETHUSDT,-1,2025-01-27T07:00:00+00:00,2025-01-27T15:35:00+00:00,2025,3082.75,3146.19036434,2765.54817831,63.44036434,5.0,-1.014578,-1.014578,0.0,SL,104,8.58,0.9864,True,False,1463015.43,0.5216,7631.09,-7742.33,1579403.04
S2,BTCUSDT,-1,2025-01-27T16:00:00+00:00,2025-01-28T00:05:00+00:00,2025,101070.8,102723.03083184,96114.10750449,1652.23083184,3.0,-1.018352,-1.018352,0.0,SL,98,8.08,1.3619,True,False,1579403.04,1.378,21764.17,-22163.59,1549823.57
S5,ETHUSDT,-1,2025-01-28T22:00:00+00:00,2025-01-29T02:05:00+00:00,2025,3052.37,3127.78098132,2675.31509338,75.41098132,5.0,-1.012143,-1.012143,0.0,SL,50,4.08,0.1906,True,False,1542431.48,0.5216,8045.32,-8143.02,1534288.46
S2,DOGEUSDT,-1,2025-01-31T18:00:00+00:00,2025-02-01T19:40:00+00:00,2025,0.33291,0.3391319,0.3142443,0.0062219,3.0,2.983948,2.983948,0.0,TP,309,25.67,3.0152,True,False,1481794.9,1.378,20419.13,60929.63,1522078.95
S2,BTCUSDT,-1,2025-01-31T19:00:00+00:00,2025-02-02T04:00:00+00:00,2025,102600.0,103766.82305674,99099.53082979,1166.82305674,3.0,2.973621,2.973621,0.0,TP,397,33.0,3.0295,True,False,1481794.9,1.378,20419.13,60718.76,1635414.26
S2,DOGEUSDT,-1,2025-01-31T19:00:00+00:00,2025-02-01T22:30:00+00:00,2025,0.3262,0.33304998,0.30565007,0.00684998,3.0,2.985714,2.985714,0.0,TP,331,27.5,3.0934,True,False,1481794.9,1.378,20419.13,60965.69,1583044.64
S2,LINKUSDT,-1,2025-01-31T19:00:00+00:00,2025-02-01T01:30:00+00:00,2025,24.962,25.63722724,22.93631828,0.67522724,3.0,-1.01109,-1.01109,0.0,SL,79,6.5,0.7035,True,False,1481794.9,1.378,20419.13,-20645.58,1461149.31
S5,BTCUSDT,-1,2025-01-31T21:00:00+00:00,2025-02-03T01:40:00+00:00,2025,101680.02,103245.24596319,93853.89018406,1565.22596319,5.0,4.980511,4.980511,0.0,TP,633,52.67,5.0254,True,False,1481794.9,0.5216,7729.04,38494.58,1968032.22
S5,SOLUSDT,-1,2025-02-01T22:00:00+00:00,2025-02-03T01:45:00+00:00,2025,216.02,221.57899281,188.22503596,5.55899281,5.0,4.988342,4.988342,0.0,TP,334,27.75,5.7978,True,False,1522078.95,0.5216,7939.16,39603.26,2007635.49
S5,SOLUSDT,-1,2025-02-02T00:00:00+00:00,2025-02-02T01:05:00+00:00,2025,212.88,218.61260094,184.21699529,5.73260094,5.0,-1.01114,-1.01114,0.0,SL,14,1.08,0.0907,True,False,1583044.64,0.5216,8257.16,-8349.15,1574695.5
S5,DOGEUSDT,-1,2025-02-02T03:00:00+00:00,2025-02-02T22:35:00+00:00,2025,0.30643,0.31546123,0.26127384,0.00903123,5.0,4.989821,4.989821,0.0,TP,236,19.58,5.1975,True,False,1574695.5,0.5216,8213.61,40984.45,1631632.38
S5,BTCUSDT,-1,2025-02-02T04:00:00+00:00,2025-02-02T06:25:00+00:00,2025,99160.8,100447.67791717,92726.41041413,1286.87791717,5.0,-1.023117,-1.023117,0.0,SL,30,2.42,0.1335,True,False,1635414.26,0.5216,8530.32,-8727.52,1609461.86
S5,SOLUSDT,-1,2025-02-02T04:00:00+00:00,2025-02-02T06:10:00+00:00,2025,206.98,213.77900551,172.98497247,6.79900551,5.0,-1.009133,-1.009133,0.0,SL,27,2.17,0.0529,True,False,1635414.26,0.5216,8530.32,-8608.23,1626806.03
S5,XRPUSDT,-1,2025-02-02T04:00:00+00:00,2025-02-02T06:20:00+00:00,2025,2.8321,2.91604619,2.41236906,0.08394619,5.0,-1.010121,-1.010121,0.0,SL,29,2.33,0.1287,True,False,1635414.26,0.5216,8530.32,-8616.66,1618189.38
S2,XRPUSDT,-1,2025-02-02T12:00:00+00:00,2025-02-02T17:50:00+00:00,2025,2.787,2.85539076,2.58182771,0.06839076,3.0,2.987775,2.987775,0.0,TP,71,5.83,3.7578,True,False,1609461.86,1.378,22178.38,66264.02,1667260.07
S3,XRPUSDT,-1,2025-02-02T12:00:00+00:00,2025-02-03T00:20:00+00:00,2025,2.787,2.87733908,2.39945235,0.09118768,4.25,4.240831,4.240831,0.0,TP,149,12.33,4.4611,True,False,1609461.86,3.3981,54691.12,231935.81,1929537.64
S5,BTCUSDT,-1,2025-02-02T13:00:00+00:00,2025-02-03T02:05:00+00:00,2025,98124.5,99502.888242,91232.55879001,1378.388242,5.0,4.978644,4.978644,0.0,TP,158,13.08,5.0742,True,False,1609461.86,0.5216,8394.95,41795.48,2346104.66
S5,XRPUSDT,-1,2025-02-02T13:00:00+00:00,2025-02-02T14:10:00+00:00,2025,2.7329,2.83003142,2.2472429,0.09713142,5.0,-1.008441,-1.008441,0.0,SL,15,1.17,0.0,True,False,1609461.86,0.5216,8394.95,-8465.81,1600996.04
S2,SOLUSDT,-1,2025-02-02T17:00:00+00:00,2025-02-03T01:45:00+00:00,2025,206.6,211.96600132,190.50199604,5.36600132,3.0,2.988449,2.988449,0.0,TP,106,8.75,4.2508,True,False,1600996.04,1.378,22061.73,65930.34,2073565.83
S2,XRPUSDT,-1,2025-02-02T17:00:00+00:00,2025-02-02T22:40:00+00:00,2025,2.711,2.79417414,2.46147758,0.08317414,3.0,2.990222,2.990222,0.0,TP,69,5.67,3.1368,True,False,1600996.04,1.378,22061.73,65969.46,1697601.83
S3,SOLUSDT,-1,2025-02-02T17:00:00+00:00,2025-02-03T01:55:00+00:00,2025,206.6,212.53660013,176.19265918,7.15466843,4.25,4.241337,4.241337,0.0,TP,108,8.92,4.2769,True,False,1600996.04,3.3981,54403.45,230743.35,2304309.18
S2,SOLUSDT,-1,2025-02-02T19:00:00+00:00,2025-02-02T19:40:00+00:00,2025,197.61,203.6766542,179.4100374,6.0666542,3.0,-1.009772,-1.009772,0.0,SL,9,0.67,0.4714,True,False,1667260.07,1.378,22974.84,-23199.35,1644060.71
S3,SOLUSDT,-1,2025-02-02T19:00:00+00:00,2025-02-02T19:40:00+00:00,2025,197.61,205.17666542,163.23229287,8.08887227,4.25,-0.94277,-0.94277,0.0,SL,9,0.67,0.3536,True,False,1667260.07,3.3981,56655.16,-53412.79,1590647.92
S2,BTCUSDT,-1,2025-02-07T20:00:00+00:00,2025-02-10T13:55:00+00:00,2025,96840.0,98228.71784989,92673.84645033,1388.71784989,3.0,-1.02092,-1.02092,0.0,SL,792,65.92,1.5316,True,False,2346104.66,1.378,32329.32,-33005.65,1911254.67
S2,BTCUSDT,-1,2025-02-07T21:00:00+00:00,2025-02-09T03:45:00+00:00,2025,95764.3,97196.38800347,91468.03598959,1432.08800347,3.0,-1.020061,-1.020061,0.0,SL,370,30.75,0.1371,True,False,2346104.66,1.378,32329.32,-32977.88,2089876.41
S2,LINKUSDT,-1,2025-02-07T21:00:00+00:00,2025-02-09T03:40:00+00:00,2025,18.081,18.66929785,16.31610646,0.58829785,3.0,-1.00922,-1.00922,0.0,SL,369,30.67,0.5014,True,False,2346104.66,1.378,32329.32,-32627.4,2122854.29
S2,SOLUSDT,-1,2025-02-07T21:00:00+00:00,2025-02-08T13:35:00+00:00,2025,189.72,195.11164123,173.5450763,5.39164123,3.0,-1.010556,-1.010556,0.0,SL,200,16.58,0.319,True,False,2346104.66,1.378,32329.32,-32670.59,2313434.07
S2,XRPUSDT,-1,2025-02-07T21:00:00+00:00,2025-02-09T01:55:00+00:00,2025,2.3574,2.44771247,2.08646259,0.09031247,3.0,-1.007831,-1.007831,0.0,SL,348,28.92,0.1207,True,False,2346104.66,1.378,32329.32,-32582.49,2209476.71
S3,BTCUSDT,-1,2025-02-07T21:00:00+00:00,2025-02-09T02:00:00+00:00,2025,95764.3,97028.80880035,87649.13464701,1909.45067129,4.25,-0.677283,-0.677283,0.0,SL,349,29.0,0.1028,True,False,2346104.66,3.3981,79722.98,-53995.02,2155481.69
S3,SOLUSDT,-1,2025-02-07T21:00:00+00:00,2025-02-08T13:40:00+00:00,2025,189.72,196.09916412,159.16736635,7.18885498,4.25,-0.895286,-0.895286,0.0,SL,201,16.67,0.2393,True,False,2346104.66,3.3981,79722.98,-71374.87,2242059.2
S2,DOGEUSDT,-1,2025-02-09T22:00:00+00:00,2025-02-09T22:40:00+00:00,2025,0.24173,0.24688384,0.22626847,0.00515384,3.0,-1.014071,-1.014071,0.0,SL,9,0.67,0.4327,False,True,,,,,
S2,LINKUSDT,-1,2025-02-09T22:00:00+00:00,2025-02-09T22:40:00+00:00,2025,17.598,18.0973964,16.09981081,0.4993964,3.0,-1.010572,-1.010572,0.0,SL,9,0.67,0.3344,False,True,,,,,
S2,DOGEUSDT,-1,2025-02-10T02:00:00+00:00,2025-02-10T03:30:00+00:00,2025,0.24339,0.24985744,0.22398767,0.00646744,3.0,-1.01129,-1.01129,0.0,SL,19,1.5,0.3046,True,False,2089876.41,1.378,28798.5,-29123.63,2060752.78
S2,ETHUSDT,-1,2025-02-10T02:00:00+00:00,2025-02-10T03:30:00+00:00,2025,2573.21,2633.42571751,2392.56284748,60.21571751,3.0,-1.01282,-1.01282,0.0,SL,19,1.5,0.0945,True,False,2089876.41,1.378,28798.5,-29167.69,2031585.08
S2,LINKUSDT,-1,2025-02-10T02:00:00+00:00,2025-02-10T03:30:00+00:00,2025,17.757,18.35837885,15.95286344,0.60137885,3.0,-1.008858,-1.008858,0.0,SL,19,1.5,0.1746,True,False,2089876.41,1.378,28798.5,-29053.59,2002531.49
S2,SOLUSDT,-1,2025-02-10T02:00:00+00:00,2025-02-10T03:30:00+00:00,2025,198.29,203.22358551,183.48924348,4.93358551,3.0,-1.012058,-1.012058,0.0,SL,19,1.5,0.5229,True,False,2089876.41,1.378,28798.5,-29145.75,1973385.74
S2,XRPUSDT,-1,2025-02-10T02:00:00+00:00,2025-02-10T03:35:00+00:00,2025,2.3426,2.40450748,2.15687755,0.06190748,3.0,-1.011352,-1.011352,0.0,SL,20,1.58,0.3376,True,False,2089876.41,1.378,28798.5,-29125.42,1944260.32
S2,BTCUSDT,-1,2025-02-10T15:00:00+00:00,2025-02-11T05:55:00+00:00,2025,97270.65,98303.86404092,94171.00787724,1033.21404092,3.0,-1.028243,-1.028243,0.0,SL,180,14.92,0.3913,False,True,,,,,
S2,DOGEUSDT,-1,2025-02-10T15:00:00+00:00,2025-02-11T00:15:00+00:00,2025,0.25077,0.25677449,0.23275652,0.00600449,3.0,-1.012529,-1.012529,0.0,SL,112,9.25,0.1865,False,True,,,,,
S2,SOLUSDT,-1,2025-02-10T15:00:00+00:00,2025-02-12T14:30:00+00:00,2025,204.45,209.55278929,189.14163212,5.10278929,3.0,2.98798,2.98798,0.0,TP,571,47.5,3.1649,False,True,,,,,
S2,XRPUSDT,-1,2025-02-10T15:00:00+00:00,2025-02-11T04:45:00+00:00,2025,2.424,2.48366343,2.24500971,0.05966343,3.0,-1.012188,-1.012188,0.0,SL,166,13.75,0.3386,False,True,,,,,
S1,DOGEUSDT,1,2025-02-11T06:00:00+00:00,2025-02-11T13:45:00+00:00,2025,0.26672,0.2594213,0.3543044,0.0072987,12.0,-1.010963,-1.010963,0.0,SL,94,7.75,0.4357,True,False,1911254.67,0.9264,17705.86,-17899.97,1893354.7
S2,DOGEUSDT,-1,2025-02-11T14:00:00+00:00,2025-02-12T19:55:00+00:00,2025,0.25629,0.26202497,0.23908508,0.00573497,3.0,-1.013407,-1.013407,0.0,SL,360,29.92,1.721,True,False,1893354.7,1.378,26090.43,-26440.22,1840360.84
S2,ETHUSDT,-1,2025-02-11T19:00:00+00:00,2025-02-12T13:20:00+00:00,2025,2609.67,2653.7673866,2477.37784021,44.0973866,3.0,-1.017754,-1.017754,0.0,SL,221,18.33,1.2878,True,False,1893354.7,1.378,26090.43,-26553.64,1866801.06
S4,BTCUSDT,1,2025-02-12T15:00:00+00:00,2025-02-18T17:45:00+00:00,2025,95582.9,94165.68247023,123218.64183056,1417.21752977,19.5,-1.020233,-1.020233,0.0,SL,1762,146.75,2.2884,True,False,1866801.06,1.6151,30150.7,-30760.74,1853108.8
S4,DOGEUSDT,1,2025-02-12T15:00:00+00:00,2025-02-17T05:00:00+00:00,2025,0.25318,0.24504702,0.41177312,0.00813298,19.5,0.990661,-1.009339,2.0,BE,1321,110.0,4.1117,True,False,1866801.06,1.6151,30150.7,29869.13,1852970.58
S4,XRPUSDT,1,2025-02-12T15:00:00+00:00,2025-02-24T04:30:00+00:00,2025,2.392,2.3201505,3.7930653,0.0718495,19.5,0.990012,-1.009988,2.0,BE,3331,277.5,6.1684,True,False,1866801.06,1.6151,30150.7,29849.56,1737363.79
S1,SOLUSDT,1,2025-02-14T18:00:00+00:00,2025-02-14T21:10:00+00:00,2025,204.57,199.59435125,264.277785,4.97564875,12.0,-1.012334,-1.012334,0.0,SL,39,3.17,0.1467,True,False,1840360.84,0.9264,17049.1,-17259.39,1823101.45
S2,BTCUSDT,-1,2025-02-14T21:00:00+00:00,2025-02-18T18:00:00+00:00,2025,97135.0,98235.97085812,93832.08742563,1100.97085812,3.0,2.973532,2.973532,0.0,TP,1117,93.0,3.0746,True,False,1840360.84,1.378,25360.17,75409.28,1928518.09
S2,LINKUSDT,-1,2025-02-17T00:00:00+00:00,2025-02-17T06:40:00+00:00,2025,18.69,19.03802972,17.64591083,0.34802972,3.0,-1.016111,-1.016111,0.0,SL,81,6.67,0.9741,True,False,1823101.45,1.378,25122.34,-25527.08,1827443.5
S5,SOLUSDT,-1,2025-02-17T05:00:00+00:00,2025-02-18T07:05:00+00:00,2025,183.08,186.92176363,163.87118186,3.84176363,5.0,4.985703,4.985703,0.0,TP,314,26.08,5.0159,True,False,1852970.58,0.5216,9665.09,48187.29,1737361.52
S4,ETHUSDT,1,2025-02-17T06:00:00+00:00,2025-02-17T18:00:00+00:00,2025,2669.99,2628.2505156,3483.90994588,41.7394844,19.5,0.98081,-1.01919,2.0,BE,145,12.0,4.283,True,False,1852970.58,1.6151,29927.33,29353.02,1839594.42
S4,LINKUSDT,1,2025-02-17T06:00:00+00:00,2025-02-18T06:00:00+00:00,2025,18.743,18.24907311,28.37457433,0.49392689,19.5,-1.011384,-1.011384,0.0,SL,289,24.0,2.1056,True,False,1852970.58,1.6151,29927.33,-30268.02,1689174.23
S1,ETHUSDT,1,2025-02-17T15:00:00+00:00,2025-02-17T15:40:00+00:00,2025,2825.54,2772.9108305,3457.09003402,52.6291695,12.0,-1.016106,-1.016106,0.0,SL,9,0.67,0.4412,True,False,1827443.5,0.9264,16929.44,-17202.1,1810241.39
S2,BTCUSDT,-1,2025-02-17T16:00:00+00:00,2025-02-17T21:55:00+00:00,2025,95659.45,96331.63154723,93642.9053583,672.18154723,3.0,-1.042694,-1.042694,0.0,SL,72,5.92,0.6761,True,False,1810241.39,1.378,24945.13,-26010.13,1787812.17
S2,DOGEUSDT,-1,2025-02-17T16:00:00+00:00,2025-02-18T16:35:00+00:00,2025,0.26016,0.26533807,0.24462578,0.00517807,3.0,2.984927,2.984927,0.0,TP,296,24.58,3.3101,True,False,1810241.39,1.378,24945.13,74459.38,1809465.72
S2,ETHUSDT,-1,2025-02-17T16:00:00+00:00,2025-02-18T17:35:00+00:00,2025,2754.73,2802.49960019,2611.42119943,47.76960019,3.0,2.9827,2.9827,0.0,TP,308,25.58,3.0298,True,False,1810241.39,1.378,24945.13,74403.83,1883869.55
S2,LINKUSDT,-1,2025-02-17T16:00:00+00:00,2025-02-18T08:35:00+00:00,2025,19.236,19.66272015,17.95583954,0.42672015,3.0,2.986476,2.986476,0.0,TP,200,16.58,3.0582,True,False,1810241.39,1.378,24945.13,74498.02,1811859.54
S2,XRPUSDT,-1,2025-02-17T16:00:00+00:00,2025-02-18T16:30:00+00:00,2025,2.6448,2.69817203,2.48468391,0.05337203,3.0,2.985134,2.985134,0.0,TP,295,24.5,3.0372,True,False,1810241.39,1.378,24945.13,74464.54,1735006.34
S2,ETHUSDT,-1,2025-02-17T17:00:00+00:00,2025-02-17T21:55:00+00:00,2025,2724.42,2773.29891446,2577.78325662,48.87891446,3.0,-1.016721,-1.016721,0.0,SL,60,4.92,0.7967,True,False,1810241.39,1.378,24945.13,-25362.23,1762449.94
S3,ETHUSDT,-1,2025-02-17T17:00:00+00:00,2025-02-17T21:55:00+00:00,2025,2724.42,2769.16789145,2447.43948472,65.17188595,4.25,-0.699155,-0.699155,0.0,SL,60,4.92,0.5975,True,False,1810241.39,3.3981,61513.81,-43007.69,1719442.25
S5,SOLUSDT,-1,2025-02-17T17:00:00+00:00,2025-02-24T15:05:00+00:00,2025,178.27,183.34622405,152.88887975,5.07622405,5.0,4.989464,4.989464,0.0,TP,1994,166.08,5.1239,True,False,1810241.39,0.5216,9442.22,47111.61,1828935.73
S2,ETHUSDT,-1,2025-02-17T19:00:00+00:00,2025-02-17T21:25:00+00:00,2025,2699.6,2748.19299257,2553.82102229,48.59299257,3.0,-1.016667,-1.016667,0.0,SL,30,2.42,0.2906,True,False,1839594.42,1.378,25349.61,-25772.11,1813822.3
S2,DOGEUSDT,-1,2025-02-18T06:00:00+00:00,2025-02-20T14:35:00+00:00,2025,0.25231,0.25731484,0.23729547,0.00500484,3.0,-1.015124,-1.015124,0.0,SL,680,56.58,2.064,True,False,1689174.23,1.378,23276.82,-23628.86,1694489.47
S2,DOGEUSDT,-1,2025-02-18T07:00:00+00:00,2025-02-18T09:55:00+00:00,2025,0.24783,0.25300771,0.23229686,0.00517771,3.0,-1.014359,-1.014359,0.0,SL,36,2.92,0.1912,True,False,1689174.23,1.378,23276.82,-23611.05,1788248.48
S2,LINKUSDT,-1,2025-02-18T07:00:00+00:00,2025-02-21T09:15:00+00:00,2025,18.136,18.577316,16.81205199,0.441316,3.0,-1.012329,-1.012329,0.0,SL,892,74.25,1.9555,True,False,1689174.23,1.378,23276.82,-23563.8,1670925.67
S2,XRPUSDT,-1,2025-02-18T07:00:00+00:00,2025-02-18T10:00:00+00:00,2025,2.5528,2.6066401,2.39127971,0.0538401,3.0,-1.014224,-1.014224,0.0,SL,37,3.0,0.2396,True,False,1689174.23,1.378,23276.82,-23607.91,1720639.47
S3,DOGEUSDT,-1,2025-02-18T07:00:00+00:00,2025-02-18T09:55:00+00:00,2025,0.24783,0.25304777,0.21848963,0.00690362,4.25,-0.766572,-0.766572,0.0,SL,36,2.92,0.1434,True,False,1689174.23,3.3981,57399.83,-44001.1,1744247.38
S3,LINKUSDT,-1,2025-02-18T07:00:00+00:00,2025-02-20T04:20:00+00:00,2025,18.136,18.4421316,15.63520931,0.58842134,4.25,-0.529506,-0.529506,0.0,SL,545,45.33,1.4666,True,False,1689174.23,3.3981,57399.83,-30393.55,1718118.33
S3,XRPUSDT,-1,2025-02-18T07:00:00+00:00,2025-02-18T12:35:00+00:00,2025,2.5528,2.61608401,2.24770611,0.0717868,4.25,-0.892223,-0.892223,0.0,SL,68,5.58,0.1797,True,False,1689174.23,3.3981,57399.83,-51213.45,1669426.02
S5,SOLUSDT,-1,2025-02-18T07:00:00+00:00,2025-02-18T12:35:00+00:00,2025,165.28,171.22404344,135.55978278,5.94404344,5.0,-1.008342,-1.008342,0.0,SL,68,5.58,0.3768,True,False,1689174.23,0.5216,8810.73,-8884.23,1660541.79
S2,BTCUSDT,-1,2025-02-18T17:00:00+00:00,2025-02-18T22:30:00+00:00,2025,94639.98,95472.83826594,92141.40520218,832.85826594,3.0,-1.03409,-1.03409,0.0,SL,67,5.5,1.5031,True,False,1809465.72,1.378,24934.44,-25784.45,1783362.24
S2,DOGEUSDT,-1,2025-02-18T17:00:00+00:00,2025-02-18T21:05:00+00:00,2025,0.24297,0.24888342,0.22522974,0.00591342,3.0,-1.012326,-1.012326,0.0,SL,50,4.08,0.1674,True,False,1809465.72,1.378,24934.44,-25241.78,1903276.31
S2,ETHUSDT,-1,2025-02-18T17:00:00+00:00,2025-02-19T02:10:00+00:00,2025,2633.97,2683.19424849,2486.29725453,49.22424849,3.0,-1.016053,-1.016053,0.0,SL,111,9.17,0.6052,True,False,1809465.72,1.378,24934.44,-25334.71,1758027.53
S2,XRPUSDT,-1,2025-02-18T17:00:00+00:00,2025-02-18T22:25:00+00:00,2025,2.49,2.55281261,2.30156216,0.06281261,3.0,-1.011893,-1.011893,0.0,SL,66,5.42,0.3455,True,False,1809465.72,1.378,24934.44,-25230.98,1818652.16
S3,DOGEUSDT,-1,2025-02-18T17:00:00+00:00,2025-02-18T21:05:00+00:00,2025,0.24297,0.24919134,0.20946062,0.00788456,4.25,-0.798299,-0.798299,0.0,SL,50,4.08,0.1256,True,False,1809465.72,3.3981,61487.45,-49085.37,1854190.94
S5,LINKUSDT,-1,2025-02-18T17:00:00+00:00,2025-02-19T07:40:00+00:00,2025,17.394,18.02975755,14.21521223,0.63575755,5.0,-1.008208,-1.008208,0.0,SL,177,14.67,0.1903,True,False,1809465.72,0.5216,9438.17,-9515.64,1748511.89
S5,SOLUSDT,-1,2025-02-18T17:00:00+00:00,2025-02-18T22:25:00+00:00,2025,162.37,169.20227805,128.20860975,6.83227805,5.0,-1.00713,-1.00713,0.0,SL,66,5.42,0.2342,True,False,1809465.72,0.5216,9438.17,-9505.47,1809146.69
S5,BTCUSDT,-1,2025-02-18T18:00:00+00:00,2025-02-18T21:20:00+00:00,2025,94102.16,95244.25928164,88391.66359181,1142.09928164,5.0,-1.024718,-1.024718,0.0,SL,41,3.33,0.6252,True,False,1928518.09,0.5216,10059.15,-10307.79,1843883.14
S2,BTCUSDT,-1,2025-02-21T18:00:00+00:00,2025-02-24T15:45:00+00:00,2025,96971.91,97986.93929564,93926.82211309,1015.02929564,3.0,2.971339,2.971339,0.0,TP,838,69.75,3.1081,True,False,1670925.67,1.378,23025.36,68416.14,1897351.87
S2,DOGEUSDT,-1,2025-02-21T18:00:00+00:00,2025-02-24T03:25:00+00:00,2025,0.24605,0.25158336,0.22944992,0.00553336,3.0,2.98666,2.98666,0.0,TP,690,57.42,3.2819,True,False,1670925.67,1.378,23025.36,68768.91,1707514.23
S2,LINKUSDT,-1,2025-02-21T18:00:00+00:00,2025-02-24T14:45:00+00:00,2025,17.696,18.15295813,16.3251256,0.45695813,3.0,2.988382,2.988382,0.0,TP,826,68.75,3.0353,True,False,1670925.67,1.378,23025.36,68808.56,1781824.12
S2,XRPUSDT,-1,2025-02-21T18:00:00+00:00,2025-02-24T19:40:00+00:00,2025,2.5673,2.62897579,2.38227263,0.06167579,3.0,2.987512,2.987512,0.0,TP,885,73.67,3.0628,True,False,1670925.67,1.378,23025.36,68788.53,1966140.4
S2,BTCUSDT,-1,2025-02-21T19:00:00+00:00,2025-02-24T22:00:00+00:00,2025,96543.52,97561.89470309,93488.39589072,1018.37470309,3.0,2.97156,2.97156,0.0,TP,901,75.0,3.1342,True,False,1670925.67,1.378,23025.36,68421.23,2034561.62
S3,BTCUSDT,-1,2025-02-21T19:00:00+00:00,2025-02-25T07:10:00+00:00,2025,96543.52,97325.23747031,90772.73001581,1357.83293746,4.25,4.22867,4.22867,0.0,TP,1011,84.17,4.7823,True,False,1670925.67,3.3981,56779.73,240102.72,2595379.26
S2,SOLUSDT,-1,2025-02-21T20:00:00+00:00,2025-02-22T01:35:00+00:00,2025,168.36,172.63749478,155.52751567,4.27749478,3.0,-1.011808,-1.011808,0.0,SL,68,5.58,0.2946,True,False,1670925.67,1.378,23025.36,-23297.24,1647628.43
S5,BTCUSDT,-1,2025-02-21T20:00:00+00:00,2025-02-22T12:30:00+00:00,2025,95285.11,96771.93344192,87850.99279038,1486.82344192,5.0,-1.019226,-1.019226,0.0,SL,199,16.5,0.2779,True,False,1670925.67,0.5216,8715.55,-8883.11,1638745.32
S5,DOGEUSDT,-1,2025-02-24T03:00:00+00:00,2025-02-24T22:00:00+00:00,2025,0.2351,0.23944537,0.21337317,0.00434537,5.0,4.983769,4.983769,0.0,TP,229,19.0,5.9074,True,False,1638745.32,0.5216,8547.7,42599.74,2077161.36
S5,ETHUSDT,-1,2025-02-24T04:00:00+00:00,2025-02-25T07:05:00+00:00,2025,2716.57,2775.76310797,2420.60446014,59.19310797,5.0,4.986232,4.986232,0.0,TP,326,27.08,5.1792,True,False,1707514.23,0.5216,8906.39,44409.35,2355276.54
S5,LINKUSDT,-1,2025-02-24T04:00:00+00:00,2025-02-25T00:10:00+00:00,2025,16.812,17.20589879,14.84250607,0.39389879,5.0,4.987196,4.987196,0.0,TP,243,20.17,5.0241,True,False,1707514.23,0.5216,8906.39,44417.93,2310867.19
S2,ETHUSDT,-1,2025-02-24T09:00:00+00:00,2025-02-24T22:10:00+00:00,2025,2680.24,2725.33088941,2544.96733176,45.09088941,3.0,2.982168,2.982168,0.0,TP,159,13.17,3.3652,True,False,1737363.79,1.378,23940.87,71395.71,2148557.07
S2,XRPUSDT,-1,2025-02-24T09:00:00+00:00,2025-02-24T13:30:00+00:00,2025,2.4522,2.49543561,2.32249318,0.04323561,3.0,-1.017015,-1.017015,0.0,SL,55,4.5,0.458,True,False,1737363.79,1.378,23940.87,-24348.23,1713015.56
S5,SOLUSDT,-1,2025-02-24T09:00:00+00:00,2025-02-24T22:55:00+00:00,2025,157.88,161.90018596,137.77907019,4.02018596,5.0,4.988218,4.988218,0.0,TP,168,13.92,5.154,True,False,1737363.79,0.5216,9062.09,45203.68,2193760.75
S2,BTCUSDT,-1,2025-02-24T15:00:00+00:00,2025-02-24T22:55:00+00:00,2025,94674.45,95391.83828656,92522.28514032,717.38828656,3.0,2.960409,2.960409,0.0,TP,96,7.92,3.2151,True,False,1781824.12,1.378,24553.54,72688.51,2266449.26
S5,DOGEUSDT,-1,2025-02-24T15:00:00+00:00,2025-02-28T01:50:00+00:00,2025,0.22516,0.2312987,0.19446651,0.0061387,5.0,4.988996,4.988996,0.0,TP,995,82.83,5.0793,True,False,1781824.12,0.5216,9293.99,46367.7,2838072.47
S5,LINKUSDT,-1,2025-02-24T15:00:00+00:00,2025-02-28T04:00:00+00:00,2025,16.221,16.7049576,13.801212,0.4839576,5.0,4.989945,4.989945,0.0,TP,1021,85.0,5.2608,True,False,1781824.12,0.5216,9293.99,46376.52,2884448.99
S5,SOLUSDT,-1,2025-02-24T15:00:00+00:00,2025-02-25T10:20:00+00:00,2025,155.54,160.18238901,132.32805496,4.64238901,5.0,4.989949,4.989949,0.0,TP,233,19.33,5.131,True,False,1781824.12,0.5216,9293.99,46376.56,2688121.24
S5,XRPUSDT,-1,2025-02-24T15:00:00+00:00,2025-02-25T07:30:00+00:00,2025,2.4294,2.49418703,2.10546484,0.06478703,5.0,4.988751,4.988751,0.0,TP,199,16.5,5.0103,True,False,1781824.12,0.5216,9293.99,46365.42,2641744.69
S5,BTCUSDT,-1,2025-02-24T23:00:00+00:00,2025-02-26T14:20:00+00:00,2025,92432.07,93818.24326733,85501.20366334,1386.17326733,5.0,4.979996,4.979996,0.0,TP,473,39.33,5.0,True,False,2266449.26,0.5216,11821.8,58872.51,2732811.57
S5,ETHUSDT,-1,2025-02-24T23:00:00+00:00,2025-02-28T04:00:00+00:00,2025,2506.66,2584.37396821,2118.09015893,77.71396821,5.0,4.990324,4.990324,0.0,TP,925,77.0,5.3508,True,False,2266449.26,0.5216,11821.8,58994.61,2943443.6
S5,BTCUSDT,-1,2025-02-25T00:00:00+00:00,2025-02-26T18:35:00+00:00,2025,91552.88,93057.55946252,84029.48268739,1504.67946252,5.0,4.981746,4.981746,0.0,TP,512,42.58,5.5077,True,False,2266449.26,0.5216,11821.8,58893.2,2791704.77
S5,BTCUSDT,-1,2025-02-25T14:00:00+00:00,2025-02-28T08:45:00+00:00,2025,88788.1,90884.92880729,78303.95596354,2096.82880729,5.0,4.987297,4.987297,0.0,TP,802,66.75,5.0495,True,False,2688121.24,0.5216,14021.24,69928.09,3013371.69
S5,BTCUSDT,-1,2025-02-25T15:00:00+00:00,2025-02-25T22:05:00+00:00,2025,87132.0,89409.16960677,75746.15196615,2277.16960677,5.0,-1.011479,-1.011479,0.0,SL,86,7.08,0.4881,True,False,2688121.24,0.5216,14021.24,-14182.19,2673939.05
S1,BTCUSDT,1,2025-03-02T20:00:00+00:00,2025-03-03T14:40:00+00:00,2025,93522.01,90917.51534644,124775.94584276,2604.49465356,12.0,-1.010772,-1.010772,0.0,SL,225,18.67,0.5228,True,False,3013371.69,0.9264,27915.88,-28216.59,2900803.97
S1,SOLUSDT,1,2025-03-02T20:00:00+00:00,2025-03-03T06:50:00+00:00,2025,172.04,162.11942057,291.08695315,9.92057943,12.0,-1.005203,-1.005203,0.0,SL,131,10.83,0.7459,True,False,3013371.69,0.9264,27915.88,-28061.12,2957245.82
S1,BTCUSDT,1,2025-03-02T21:00:00+00:00,2025-03-03T06:50:00+00:00,2025,94330.0,91776.64496455,124970.26042542,2553.35503545,12.0,-1.011083,-1.011083,0.0,SL,119,9.83,0.2168,True,False,3013371.69,0.9264,27915.88,-28225.27,2929020.55
S1,SOLUSDT,1,2025-03-02T21:00:00+00:00,2025-03-03T06:30:00+00:00,2025,175.42,165.5523191,293.83217078,9.8676809,12.0,-1.005333,-1.005333,0.0,SL,115,9.5,0.4074,True,False,3013371.69,0.9264,27915.88,-28064.75,2985306.94
S5,SOLUSDT,-1,2025-03-03T01:00:00+00:00,2025-03-09T17:05:00+00:00,2025,174.29,183.73012896,127.0893552,9.44012896,5.0,4.994461,4.994461,0.0,TP,1922,160.08,5.001,True,False,3013371.69,0.5216,15717.75,78501.67,3595464.57
S5,XRPUSDT,-1,2025-03-03T01:00:00+00:00,2025-03-11T00:35:00+00:00,2025,2.861,3.04396729,1.94616355,0.18296729,5.0,4.995309,4.995309,0.0,TP,2300,191.58,5.1058,True,False,3013371.69,0.5216,15717.75,78515.0,4144181.46
S2,DOGEUSDT,-1,2025-03-03T07:00:00+00:00,2025-03-03T20:35:00+00:00,2025,0.21976,0.22735469,0.19697593,0.00759469,3.0,2.991319,2.991319,0.0,TP,164,13.58,3.1483,True,False,2929020.55,1.378,40361.9,120735.33,3222479.5
S2,ETHUSDT,-1,2025-03-03T07:00:00+00:00,2025-03-03T19:15:00+00:00,2025,2371.44,2441.660891,2160.777327,70.220891,3.0,2.989869,2.989869,0.0,TP,148,12.25,3.1988,True,False,2929020.55,1.378,40361.9,120676.8,2980949.27
S2,SOLUSDT,-1,2025-03-03T07:00:00+00:00,2025-03-03T19:55:00+00:00,2025,161.75,168.48464169,141.54607493,6.73464169,3.0,2.992795,2.992795,0.0,TP,156,12.92,3.2296,True,False,2929020.55,1.378,40361.9,120794.9,3101744.17
S2,XRPUSDT,-1,2025-03-03T07:00:00+00:00,2025-03-03T21:55:00+00:00,2025,2.6768,2.80242992,2.29991025,0.12562992,3.0,2.993608,2.993608,0.0,TP,180,14.92,3.047,True,False,2929020.55,1.378,40361.9,120827.72,3343307.21
S2,BTCUSDT,-1,2025-03-03T15:00:00+00:00,2025-03-03T15:20:00+00:00,2025,89264.51,91181.48683118,83513.57950647,1916.97683118,3.0,-1.01397,-1.01397,0.0,SL,5,0.33,0.0769,True,False,2900803.97,1.378,39973.08,-40531.5,2860272.46
S2,DOGEUSDT,-1,2025-03-03T15:00:00+00:00,2025-03-04T01:40:00+00:00,2025,0.21281,0.2204915,0.18976551,0.0076815,3.0,2.991689,2.991689,0.0,TP,129,10.67,3.114,True,False,2900803.97,1.378,39973.08,119587.02,3582477.22
S2,LINKUSDT,-1,2025-03-03T15:00:00+00:00,2025-03-03T21:55:00+00:00,2025,16.123,16.6980201,14.39793969,0.5750201,3.0,2.991588,2.991588,0.0,TP,84,6.92,3.0642,True,False,2900803.97,1.378,39973.08,119582.98,3462890.2
S2,SOLUSDT,-1,2025-03-03T15:00:00+00:00,2025-03-04T02:05:00+00:00,2025,155.08,162.02930995,134.23207014,6.94930995,3.0,2.993305,2.993305,0.0,TP,134,11.08,3.2694,True,False,2900803.97,1.378,39973.08,119651.62,3702128.83
S2,XRPUSDT,-1,2025-03-03T15:00:00+00:00,2025-03-09T13:55:00+00:00,2025,2.5637,2.69018505,2.18424484,0.12648505,3.0,2.993919,2.993919,0.0,TP,1716,142.92,3.1656,True,False,2900803.97,1.378,39973.08,119676.16,3516962.89
S5,ETHUSDT,-1,2025-03-03T15:00:00+00:00,2025-03-10T18:55:00+00:00,2025,2273.5,2365.05854474,1815.70727632,91.55854474,5.0,4.992551,4.992551,0.0,TP,2064,171.92,5.0509,True,False,2900803.97,0.5216,15130.59,75540.26,3966692.88
S5,BTCUSDT,-1,2025-03-03T19:00:00+00:00,2025-03-05T10:30:00+00:00,2025,87132.8,90082.51923939,72384.20380307,2949.71923939,5.0,-1.008862,-1.008862,0.0,SL,475,39.5,1.9096,False,True,,,,,
S5,DOGEUSDT,-1,2025-03-03T19:00:00+00:00,2025-03-06T05:15:00+00:00,2025,0.20594,0.21672192,0.1520304,0.01078192,5.0,-1.00573,-1.00573,0.0,SL,700,58.25,2.1647,False,True,,,,,
S5,LINKUSDT,-1,2025-03-03T19:00:00+00:00,2025-03-05T09:10:00+00:00,2025,15.412,16.24971455,11.22342725,0.83771455,5.0,-1.005519,-1.005519,0.0,SL,459,38.17,2.8041,False,True,,,,,
S5,SOLUSDT,-1,2025-03-03T19:00:00+00:00,2025-04-07T06:15:00+00:00,2025,148.83,158.48255125,100.56724375,9.65255125,5.0,4.995374,4.995374,0.0,TP,9928,827.25,5.0484,False,True,,,,,
S5,BTCUSDT,-1,2025-03-03T20:00:00+00:00,2025-03-04T20:20:00+00:00,2025,85606.01,88654.84643657,70361.82781713,3048.83643657,5.0,-1.008423,-1.008423,0.0,SL,293,24.33,1.3467,True,False,3101744.17,0.5216,16178.7,-16314.97,3685813.86
S5,DOGEUSDT,-1,2025-03-03T20:00:00+00:00,2025-03-06T04:30:00+00:00,2025,0.19866,0.2101375,0.14127251,0.0114775,5.0,-1.005193,-1.005193,0.0,SL,679,56.5,1.3993,True,False,3101744.17,0.5216,16178.7,-16262.71,3602002.59
S5,ETHUSDT,-1,2025-03-03T20:00:00+00:00,2025-03-04T21:25:00+00:00,2025,2108.28,2214.13981379,1578.98093106,105.85981379,5.0,-1.005975,-1.005975,0.0,SL,306,25.42,1.2119,True,False,3101744.17,0.5216,16178.7,-16275.37,3650765.12
S5,LINKUSDT,-1,2025-03-03T20:00:00+00:00,2025-03-05T08:15:00+00:00,2025,14.742,15.6428778,10.23761102,0.9008778,5.0,-1.004909,-1.004909,0.0,SL,436,36.25,1.8637,True,False,3101744.17,0.5216,16178.7,-16258.12,3618265.31
S5,XRPUSDT,-1,2025-03-03T20:00:00+00:00,2025-03-04T21:25:00+00:00,2025,2.3482,2.52909378,1.44373109,0.18089378,5.0,-1.003894,-1.003894,0.0,SL,306,25.42,0.7557,True,False,3101744.17,0.5216,16178.7,-16241.7,3634523.43
S5,LINKUSDT,-1,2025-03-04T02:00:00+00:00,2025-03-04T20:20:00+00:00,2025,13.758,14.64279563,9.33402185,0.88479563,5.0,-1.004665,-1.004665,0.0,SL,221,18.33,0.7855,True,False,3582477.22,0.5216,18686.2,-18773.37,3667040.49
S2,LINKUSDT,-1,2025-03-07T01:00:00+00:00,2025-03-07T01:40:00+00:00,2025,15.927,16.57130437,13.9940869,0.64430437,3.0,-1.007416,-1.007416,0.0,SL,9,0.67,0.1009,True,False,3602002.59,1.378,49635.6,-50003.69,3551998.9
S2,XRPUSDT,-1,2025-03-07T01:00:00+00:00,2025-03-07T01:40:00+00:00,2025,2.406,2.49836706,2.12889883,0.09236706,3.0,-1.007814,-1.007814,0.0,SL,9,0.67,0.2003,True,False,3602002.59,1.378,49635.6,-50023.45,3501975.45
S5,BTCUSDT,-1,2025-03-07T01:00:00+00:00,2025-03-07T01:40:00+00:00,2025,85529.23,88509.89888801,70625.88555996,2980.66888801,5.0,-1.008608,-1.008608,0.0,SL,9,0.67,0.1105,True,False,3602002.59,0.5216,18788.05,-18949.77,3483025.68
S5,DOGEUSDT,-1,2025-03-07T01:00:00+00:00,2025-03-07T05:45:00+00:00,2025,0.19171,0.19991859,0.15066703,0.00820859,5.0,-1.007006,-1.007006,0.0,SL,58,4.75,0.0853,True,False,3602002.59,0.5216,18788.05,-18919.67,3445196.89
S5,SOLUSDT,-1,2025-03-07T01:00:00+00:00,2025-03-07T05:25:00+00:00,2025,136.4,142.74987443,104.65062785,6.34987443,5.0,-1.006444,-1.006444,0.0,SL,54,4.42,0.0819,True,False,3602002.59,0.5216,18788.05,-18909.12,3464116.56
S2,BTCUSDT,-1,2025-03-07T16:00:00+00:00,2025-03-09T21:20:00+00:00,2025,88457.99,90550.34640142,82180.92079575,2092.35640142,3.0,2.987317,2.987317,0.0,TP,641,53.33,3.1513,True,False,3445196.89,1.378,47474.81,141822.32,3737286.88
S2,SOLUSDT,-1,2025-03-07T17:00:00+00:00,2025-03-07T18:40:00+00:00,2025,142.28,146.93464853,128.31605442,4.65464853,3.0,-1.00917,-1.00917,0.0,SL,21,1.67,0.2256,True,False,3445196.89,1.378,47474.81,-47910.16,3397286.73
S2,SOLUSDT,-1,2025-03-07T20:00:00+00:00,2025-03-09T15:45:00+00:00,2025,146.29,151.5738148,130.4385556,5.2838148,3.0,2.991694,2.991694,0.0,TP,526,43.75,3.1284,False,True,,,,,
S2,BTCUSDT,-1,2025-03-10T14:00:00+00:00,2025-03-11T18:50:00+00:00,2025,81528.93,83215.29913244,76469.82260269,1686.36913244,3.0,-1.014504,-1.014504,0.0,SL,347,28.83,2.9192,True,False,3737286.88,1.378,51499.81,-52246.77,3814546.07
S2,ETHUSDT,-1,2025-03-10T14:00:00+00:00,2025-03-10T17:05:00+00:00,2025,2082.74,2133.51649124,1930.41052629,50.77649124,3.0,2.987695,2.987695,0.0,TP,38,3.08,3.0455,True,False,3737286.88,1.378,51499.81,153865.73,3891152.62
S2,LINKUSDT,-1,2025-03-10T14:00:00+00:00,2025-03-11T00:25:00+00:00,2025,13.74,14.18441962,12.40674113,0.44441962,3.0,2.990725,2.990725,0.0,TP,126,10.42,3.1164,True,False,3737286.88,1.378,51499.81,154021.78,4065666.46
S2,SOLUSDT,-1,2025-03-10T14:00:00+00:00,2025-03-11T00:35:00+00:00,2025,124.91,128.67856906,113.60429283,3.76856906,3.0,2.990056,2.990056,0.0,TP,128,10.58,3.0091,True,False,3737286.88,1.378,51499.81,153987.33,4298168.79
S2,DOGEUSDT,-1,2025-03-10T17:00:00+00:00,2025-03-11T00:50:00+00:00,2025,0.16277,0.16932935,0.14309194,0.00655935,3.0,2.992556,2.992556,0.0,TP,95,7.83,3.0613,True,False,3737286.88,1.378,51499.81,154116.08,4452284.87
S2,DOGEUSDT,-1,2025-03-10T18:00:00+00:00,2025-03-11T16:50:00+00:00,2025,0.15794,0.16468976,0.13769073,0.00674976,3.0,-1.00702,-1.00702,0.0,SL,275,22.83,2.2593,True,False,3891152.62,1.378,53620.08,-53996.5,3975982.65
S2,ETHUSDT,-1,2025-03-10T18:00:00+00:00,2025-03-19T10:30:00+00:00,2025,1916.68,1978.64883958,1730.77348127,61.96883958,3.0,-1.009279,-1.009279,0.0,SL,2503,208.5,2.6494,True,False,3891152.62,1.378,53620.08,-54117.62,3459881.15
S2,LINKUSDT,-1,2025-03-10T18:00:00+00:00,2025-03-11T18:20:00+00:00,2025,12.882,13.37540266,11.40179203,0.49340266,3.0,-1.007833,-1.007833,0.0,SL,293,24.33,2.1139,True,False,3891152.62,1.378,53620.08,-54040.09,3921942.56
S3,DOGEUSDT,-1,2025-03-10T18:00:00+00:00,2025-03-11T16:30:00+00:00,2025,0.15794,0.16389498,0.11969139,0.00899967,4.25,-0.666953,-0.666953,0.0,SL,271,22.5,1.6945,True,False,3891152.62,3.3981,132225.26,-88188.03,4029979.14
S3,ETHUSDT,-1,2025-03-10T18:00:00+00:00,2025-03-19T11:10:00+00:00,2025,1916.68,2014.65688396,1565.5232424,82.62511944,4.25,-1.192759,-1.192759,0.0,SL,2511,209.17,1.987,True,False,3891152.62,3.3981,132225.26,-157712.87,3302168.29
S2,DOGEUSDT,-1,2025-03-10T19:00:00+00:00,2025-03-11T05:10:00+00:00,2025,0.15204,0.15925584,0.13039247,0.00721584,3.0,-1.006321,-1.006321,0.0,SL,123,10.17,1.2958,True,False,3966692.88,1.378,54661.03,-55006.54,4397278.33
S2,LINKUSDT,-1,2025-03-10T19:00:00+00:00,2025-03-10T21:40:00+00:00,2025,12.459,12.98669532,10.87591403,0.52769532,3.0,-1.007083,-1.007083,0.0,SL,33,2.67,0.0948,True,False,3966692.88,1.378,54661.03,-55048.19,3911644.68
S3,DOGEUSDT,-1,2025-03-10T19:00:00+00:00,2025-03-11T09:25:00+00:00,2025,0.15204,0.16122158,0.11115022,0.00962113,4.25,-0.959056,-0.959056,0.0,SL,174,14.42,0.9718,True,False,3966692.88,3.3981,134792.19,-129273.26,4247195.52
S3,LINKUSDT,-1,2025-03-10T19:00:00+00:00,2025-03-11T09:35:00+00:00,2025,12.459,13.12876953,9.46872651,0.70359376,4.25,-0.957239,-0.957239,0.0,SL,176,14.58,0.8812,True,False,3966692.88,3.3981,134792.19,-129028.34,4118167.17
S5,ETHUSDT,-1,2025-03-10T19:00:00+00:00,2025-03-11T08:50:00+00:00,2025,1824.0,1918.91332519,1349.43337405,94.91332519,5.0,-1.005765,-1.005765,0.0,SL,167,13.83,0.7533,True,False,3966692.88,0.5216,20690.27,-20809.55,4376468.78
S2,DOGEUSDT,-1,2025-03-11T18:00:00+00:00,2025-03-11T18:20:00+00:00,2025,0.15959,0.16686244,0.13777269,0.00727244,3.0,-1.006583,-1.006583,0.0,SL,5,0.33,0.0083,True,False,3975982.65,1.378,54789.04,-55149.72,3866792.84
S5,LINKUSDT,-1,2025-03-14T20:00:00+00:00,2025-03-19T13:05:00+00:00,2025,13.922,14.52937779,10.88511103,0.60737779,5.0,-1.006876,-1.006876,0.0,SL,1358,113.08,1.1871,True,False,3814546.07,0.5216,19896.67,-20033.48,3282134.81
S5,SOLUSDT,-1,2025-03-16T14:00:00+00:00,2025-03-16T16:05:00+00:00,2025,127.77,130.77123891,112.76380546,3.00123891,5.0,-1.012772,-1.012772,0.0,SL,26,2.08,0.04,True,False,3814546.07,0.5216,19896.67,-20150.79,3794395.28
S5,XRPUSDT,-1,2025-03-16T14:00:00+00:00,2025-03-16T16:05:00+00:00,2025,2.2744,2.32896515,2.00157423,0.05456515,5.0,-1.012505,-1.012505,0.0,SL,26,2.08,0.0568,True,False,3814546.07,0.5216,19896.67,-20145.48,3774249.8
S2,DOGEUSDT,-1,2025-03-17T13:00:00+00:00,2025-03-17T17:40:00+00:00,2025,0.17103,0.17418979,0.16155064,0.00315979,3.0,-1.016238,-1.016238,0.0,SL,57,4.67,0.4462,True,False,3774249.8,1.378,52009.16,-52853.69,3721396.11
S2,SOLUSDT,-1,2025-03-17T13:00:00+00:00,2025-03-17T18:40:00+00:00,2025,127.48,129.66814684,120.91555947,2.18814684,3.0,-1.017478,-1.017478,0.0,SL,69,5.67,0.9323,True,False,3774249.8,1.378,52009.16,-52918.18,3615593.2
S2,SOLUSDT,-1,2025-03-17T15:00:00+00:00,2025-03-17T17:45:00+00:00,2025,126.27,128.52016233,119.51951301,2.25016233,3.0,-1.016835,-1.016835,0.0,SL,34,2.75,0.3689,True,False,3774249.8,1.378,52009.16,-52884.74,3668511.38
S2,ETHUSDT,-1,2025-03-18T02:00:00+00:00,2025-03-18T23:15:00+00:00,2025,1902.4,1928.15684084,1825.12947748,25.75684084,3.0,-1.022158,-1.022158,0.0,SL,256,21.25,1.2137,True,False,3615593.2,1.378,49822.87,-50926.85,3513998.78
S2,XRPUSDT,-1,2025-03-18T07:00:00+00:00,2025-03-18T08:00:00+00:00,2025,2.2511,2.29093277,2.13160168,0.03983277,3.0,-1.016954,-1.016954,0.0,SL,13,1.0,0.0326,True,False,3615593.2,1.378,49822.87,-50667.57,3564925.63
S1,ETHUSDT,1,2025-03-19T12:00:00+00:00,2025-03-20T10:10:00+00:00,2025,2026.98,1989.23155682,2479.96131815,37.74844318,12.0,-1.016109,-1.016109,0.0,SL,267,22.17,1.1314,False,True,,,,,
S1,BTCUSDT,1,2025-03-19T19:00:00+00:00,2025-03-20T16:25:00+00:00,2025,85576.1,84256.72746596,101408.57040847,1319.37253404,12.0,-1.019458,-1.019458,0.0,SL,258,21.42,1.4231,False,True,,,,,
S1,BTCUSDT,1,2025-03-20T09:00:00+00:00,2025-03-20T10:20:00+00:00,2025,86241.06,84994.57174569,101198.91905177,1246.48825431,12.0,-1.020756,-1.020756,0.0,SL,17,1.33,0.0221,True,False,3282134.81,0.9264,30405.7,-31036.8,3251098.01
S2,BTCUSDT,-1,2025-03-20T10:00:00+00:00,2025-03-24T04:05:00+00:00,2025,85877.28,86800.93860568,83106.30418295,923.65860568,3.0,-1.027893,-1.027893,0.0,SL,1082,90.08,2.9254,True,False,3282134.81,1.378,45227.82,-46489.36,2352807.24
S2,DOGEUSDT,-1,2025-03-20T11:00:00+00:00,2025-03-24T03:20:00+00:00,2025,0.17136,0.17469469,0.16135594,0.00333469,3.0,-1.015416,-1.015416,0.0,SL,1061,88.33,2.0362,True,False,3251098.01,1.378,44800.13,-45490.77,2399296.6
S2,SOLUSDT,-1,2025-03-20T11:00:00+00:00,2025-03-23T11:00:00+00:00,2025,130.38,132.89031011,122.84906968,2.51031011,3.0,-1.015581,-1.015581,0.0,SL,865,72.0,2.2467,True,False,3251098.01,1.378,44800.13,-45498.16,2831542.29
S2,BTCUSDT,-1,2025-03-20T16:00:00+00:00,2025-03-23T23:30:00+00:00,2025,84691.27,85798.3974513,81369.8876461,1107.1274513,3.0,-1.022949,-1.022949,0.0,SL,955,79.5,1.3693,True,False,3251098.01,1.378,44800.13,-45828.25,2651334.57
S2,DOGEUSDT,-1,2025-03-20T16:00:00+00:00,2025-03-24T00:20:00+00:00,2025,0.16962,0.17296989,0.15957034,0.00334989,3.0,-1.01519,-1.01519,0.0,SL,965,80.33,1.5075,True,False,3251098.01,1.378,44800.13,-45480.64,2605853.92
S2,ETHUSDT,-1,2025-03-20T16:00:00+00:00,2025-03-22T09:35:00+00:00,2025,1971.03,2003.4743531,1873.6969407,32.4443531,3.0,-1.018225,-1.018225,0.0,SL,500,41.58,1.203,True,False,3251098.01,1.378,44800.13,-45616.61,3055897.03
S2,SOLUSDT,-1,2025-03-20T16:00:00+00:00,2025-03-22T10:15:00+00:00,2025,128.85,131.39756063,121.20731812,2.54756063,3.0,-1.015173,-1.015173,0.0,SL,508,42.25,1.6133,True,False,3251098.01,1.378,44800.13,-45479.88,3010417.14
S2,XRPUSDT,-1,2025-03-20T16:00:00+00:00,2025-03-24T14:15:00+00:00,2025,2.4376,2.49769892,2.25730325,0.06009892,3.0,-1.012168,-1.012168,0.0,SL,1132,94.25,1.3711,True,False,3251098.01,1.378,44800.13,-45345.26,2307461.98
S2,BTCUSDT,-1,2025-03-20T17:00:00+00:00,2025-03-23T11:25:00+00:00,2025,83802.01,84968.74263335,80301.81209995,1166.73263335,3.0,-1.021548,-1.021548,0.0,SL,798,66.42,0.5372,True,False,3251098.01,1.378,44800.13,-45765.48,2785776.81
S2,DOGEUSDT,-1,2025-03-20T17:00:00+00:00,2025-03-21T00:55:00+00:00,2025,0.16701,0.17052561,0.15646317,0.00351561,3.0,-1.014252,-1.014252,0.0,SL,96,7.92,0.0028,True,False,3251098.01,1.378,44800.13,-45438.62,3205659.39
S2,LINKUSDT,-1,2025-03-20T17:00:00+00:00,2025-03-22T18:15:00+00:00,2025,14.11,14.43663627,13.1300912,0.32663627,3.0,-1.012959,-1.012959,0.0,SL,592,49.25,0.9185,True,False,3251098.01,1.378,44800.13,-45380.7,2965036.45
S3,BTCUSDT,-1,2025-03-20T17:00:00+00:00,2025-03-23T11:25:00+00:00,2025,83802.01,85024.67326333,77190.52507769,1555.64351113,4.25,-0.802114,-0.802114,0.0,SL,798,66.42,0.4029,True,False,3251098.01,3.3981,110475.56,-88613.99,2697162.81
S3,DOGEUSDT,-1,2025-03-20T17:00:00+00:00,2025-03-21T01:05:00+00:00,2025,0.16701,0.17065156,0.14708821,0.00468748,4.25,-0.787558,-0.787558,0.0,SL,98,8.08,0.0021,True,False,3251098.01,3.3981,110475.56,-87005.91,3118653.48
S3,LINKUSDT,-1,2025-03-20T17:00:00+00:00,2025-03-22T18:15:00+00:00,2025,14.11,14.45266363,12.25906116,0.43551502,4.25,-0.79652,-0.79652,0.0,SL,592,49.25,0.6888,True,False,3251098.01,3.3981,110475.56,-87995.99,2877040.45
S5,SOLUSDT,-1,2025-03-20T17:00:00+00:00,2025-03-22T09:20:00+00:00,2025,126.97,130.51697982,109.23510089,3.54697982,5.0,-1.010739,-1.010739,0.0,SL,485,40.33,0.6287,True,False,3251098.01,0.5216,16957.73,-17139.84,3101513.64
S1,BTCUSDT,1,2025-03-24T00:00:00+00:00,2025-03-25T03:15:00+00:00,2025,86082.5,85415.11343622,94091.13876531,667.38656378,12.0,0.961305,-1.038695,2.0,BE,328,27.25,3.9999,True,False,2651334.57,0.9264,24561.96,23611.54,2331073.52
S1,SOLUSDT,1,2025-03-24T01:00:00+00:00,2025-03-26T19:00:00+00:00,2025,134.66,132.32774848,162.64701826,2.33225152,12.0,0.982679,-1.017321,2.0,BE,793,66.0,5.4668,True,False,2605853.92,0.9264,24140.63,23722.49,2311603.46
S2,ETHUSDT,-1,2025-03-24T02:00:00+00:00,2025-03-24T03:05:00+00:00,2025,1979.59,2000.32626502,1917.38120495,20.73626502,3.0,-1.02864,-1.02864,0.0,SL,14,1.08,0.1018,True,False,2605853.92,1.378,35908.67,-36937.09,2532247.9
S2,LINKUSDT,-1,2025-03-24T02:00:00+00:00,2025-03-24T03:05:00+00:00,2025,14.166,14.39989697,13.46430908,0.23389697,3.0,-1.01817,-1.01817,0.0,SL,14,1.08,0.1154,True,False,2605853.92,1.378,35908.67,-36561.13,2495686.78
S2,SOLUSDT,-1,2025-03-24T02:00:00+00:00,2025-03-24T02:55:00+00:00,2025,132.93,134.81353231,127.27940307,1.88353231,3.0,-1.021172,-1.021172,0.0,SL,12,0.92,0.0903,True,False,2605853.92,1.378,35908.67,-36668.93,2569185.0
S2,XRPUSDT,-1,2025-03-24T02:00:00+00:00,2025-03-24T03:15:00+00:00,2025,2.414,2.44181928,2.33054217,0.02781928,3.0,-1.026032,-1.026032,0.0,SL,16,1.25,0.0503,True,False,2605853.92,1.378,35908.67,-36843.44,2458843.34
S5,BTCUSDT,-1,2025-03-24T02:00:00+00:00,2025-03-24T03:15:00+00:00,2025,85563.03,86315.22719019,81802.04404903,752.19719019,5.0,-1.034125,-1.034125,0.0,SL,16,1.25,0.0584,True,False,2605853.92,0.5216,13592.13,-14055.97,2444787.37
S1,BTCUSDT,1,2025-03-24T04:00:00+00:00,2025-03-28T06:50:00+00:00,2025,86532.07,85729.10313703,96167.67235568,802.96686297,12.0,-1.03233,-1.03233,0.0,SL,1187,98.83,2.7647,False,True,,,,,
S1,SOLUSDT,1,2025-03-24T04:00:00+00:00,2025-03-28T04:35:00+00:00,2025,138.11,135.0745785,174.53505799,3.0354215,12.0,-1.01365,-1.01365,0.0,SL,1160,96.58,3.0638,False,True,,,,,
S5,SOLUSDT,-1,2025-03-24T15:00:00+00:00,2025-03-25T13:30:00+00:00,2025,142.41,145.90170477,124.95147613,3.49170477,5.0,-1.012236,-1.012236,0.0,SL,271,22.5,1.2372,False,True,,,,,
S1,DOGEUSDT,1,2025-03-25T01:00:00+00:00,2025-03-25T04:00:00+00:00,2025,0.18605,0.18091155,0.24771138,0.00513845,12.0,-1.010862,-1.010862,0.0,SL,37,3.0,0.3581,True,False,2307461.98,0.9264,21376.33,-21608.52,2309465.01
S2,XRPUSDT,-1,2025-03-26T03:00:00+00:00,2025-03-26T21:35:00+00:00,2025,2.4399,2.47251976,2.34204072,0.03261976,3.0,2.977561,2.977561,0.0,TP,224,18.58,3.3323,True,False,2309465.01,1.378,31824.43,94759.17,2406362.64
S1,DOGEUSDT,1,2025-03-26T08:00:00+00:00,2025-03-26T17:25:00+00:00,2025,0.20115,0.19432478,0.28305263,0.00682522,12.0,-1.008841,-1.008841,0.0,SL,114,9.42,0.6725,True,False,2309465.01,0.9264,21394.88,-21584.04,2287880.97
S2,DOGEUSDT,-1,2025-03-26T14:00:00+00:00,2025-03-28T06:50:00+00:00,2025,0.1977,0.20288313,0.1821506,0.00518313,3.0,2.988557,2.988557,0.0,TP,491,40.83,3.0329,True,False,2309465.01,1.378,31824.43,95109.12,2478930.56
S1,LINKUSDT,1,2025-03-27T15:00:00+00:00,2025-03-27T17:35:00+00:00,2025,15.74,15.31667017,20.81995796,0.42332983,12.0,-1.011154,-1.011154,0.0,SL,32,2.58,0.1252,True,False,2406362.64,0.9264,22292.54,-22541.19,2383821.44
S2,LINKUSDT,-1,2025-03-27T16:00:00+00:00,2025-03-28T06:50:00+00:00,2025,15.554,15.87678327,14.58565018,0.32278327,3.0,2.985544,2.985544,0.0,TP,179,14.83,3.0268,True,False,2406362.64,1.378,33159.68,98999.68,2577930.23
S5,XRPUSDT,-1,2025-03-28T08:00:00+00:00,2025-04-06T20:35:00+00:00,2025,2.22,2.27419674,1.94901629,0.05419674,5.0,4.987711,4.987711,0.0,TP,2744,228.58,5.242,True,False,2577930.23,0.5216,13446.48,67067.18,2317552.42
S5,ETHUSDT,-1,2025-03-28T13:00:00+00:00,2025-04-02T20:10:00+00:00,2025,1883.11,1930.8500598,1644.40970098,47.7400598,5.0,-1.011834,-1.011834,0.0,SL,1527,127.17,2.4522,True,False,2577930.23,0.5216,13446.48,-13605.61,2514578.72
S5,BTCUSDT,-1,2025-03-28T15:00:00+00:00,2025-04-01T15:40:00+00:00,2025,84172.01,85256.1303534,78751.40823299,1084.1203534,5.0,-1.023292,-1.023292,0.0,SL,1161,96.67,2.669,True,False,2577930.23,0.5216,13446.48,-13759.68,2528184.33
S2,LINKUSDT,-1,2025-03-31T10:00:00+00:00,2025-03-31T12:40:00+00:00,2025,13.005,13.30476682,12.10569953,0.29976682,3.0,-1.013015,-1.013015,0.0,SL,33,2.67,0.1868,True,False,2577930.23,1.378,35523.88,-35986.22,2541944.01
S2,DOGEUSDT,-1,2025-04-02T17:00:00+00:00,2025-04-02T20:10:00+00:00,2025,0.17369,0.17774792,0.16151624,0.00405792,3.0,-1.012841,-1.012841,0.0,SL,39,3.17,0.7984,True,False,2528184.33,1.378,34838.38,-35285.74,2479292.98
S2,SOLUSDT,-1,2025-04-02T18:00:00+00:00,2025-04-02T20:10:00+00:00,2025,129.59,132.12791862,121.97624415,2.53791862,3.0,-1.015318,-1.015318,0.0,SL,27,2.17,0.2088,True,False,2528184.33,1.378,34838.38,-35372.03,2443920.95
S2,BTCUSDT,-1,2025-04-02T23:00:00+00:00,2025-04-04T08:15:00+00:00,2025,82821.6,84348.8768005,78239.7695985,1527.2768005,3.0,-1.016268,-1.016268,0.0,SL,400,33.25,1.0544,True,False,2443920.95,1.378,33677.23,-34225.09,2337501.98
S2,DOGEUSDT,-1,2025-04-02T23:00:00+00:00,2025-04-04T14:55:00+00:00,2025,0.16291,0.16838435,0.14648694,0.00547435,3.0,-1.008928,-1.008928,0.0,SL,480,39.92,1.3956,True,False,2443920.95,1.378,33677.23,-33977.9,2269806.94
S2,ETHUSDT,-1,2025-04-02T23:00:00+00:00,2025-04-03T04:40:00+00:00,2025,1796.91,1841.91512463,1661.89462611,45.00512463,3.0,-1.011978,-1.011978,0.0,SL,69,5.67,0.3642,True,False,2443920.95,1.378,33677.23,-34080.62,2409840.33
S2,LINKUSDT,-1,2025-04-02T23:00:00+00:00,2025-04-06T18:25:00+00:00,2025,12.885,13.33541022,11.53376934,0.45041022,3.0,2.991418,2.991418,0.0,TP,1098,91.42,3.0195,True,False,2443920.95,1.378,33677.23,100742.67,2250485.24
S2,SOLUSDT,-1,2025-04-02T23:00:00+00:00,2025-04-04T16:55:00+00:00,2025,118.59,122.57711867,106.62864399,3.98711867,3.0,-1.008923,-1.008923,0.0,SL,504,41.92,1.6102,True,False,2443920.95,1.378,33677.23,-33977.73,2149742.56
S3,BTCUSDT,-1,2025-04-02T23:00:00+00:00,2025-04-12T14:30:00+00:00,2025,82821.6,85008.70768005,74167.03146384,2036.36906733,4.25,-1.086225,-1.086225,0.0,SL,2779,231.5,4.0826,True,False,2443920.95,3.3981,83046.88,-90207.59,2772277.12
S3,DOGEUSDT,-1,2025-04-02T23:00:00+00:00,2025-04-04T15:00:00+00:00,2025,0.16291,0.17042744,0.13188867,0.00729914,4.25,-1.036603,-1.036603,0.0,SL,481,40.0,1.0467,True,False,2443920.95,3.3981,83046.88,-86086.64,2183720.3
S3,LINKUSDT,-1,2025-04-02T23:00:00+00:00,2025-04-07T06:45:00+00:00,2025,12.885,13.58804102,10.33267541,0.60054696,4.25,4.243563,4.243563,0.0,TP,1246,103.75,4.4376,True,False,2443920.95,3.3981,83046.88,352414.66,2669967.07
S3,SOLUSDT,-1,2025-04-02T23:00:00+00:00,2025-04-07T06:50:00+00:00,2025,118.59,125.67871187,95.99632753,5.31615823,4.25,4.243308,4.243308,0.0,TP,1247,103.83,4.4017,True,False,2443920.95,3.3981,83046.88,352393.48,3078303.77
S2,ETHUSDT,-1,2025-04-03T11:00:00+00:00,2025-04-04T08:15:00+00:00,2025,1792.39,1827.433144,1687.26056799,35.043144,3.0,-1.015344,-1.015344,0.0,SL,256,21.25,1.2818,True,False,2409840.33,1.378,33207.6,-33717.14,2303784.84
S5,BTCUSDT,-1,2025-04-03T13:00:00+00:00,2025-04-04T07:10:00+00:00,2025,81949.06,83423.286243,74577.92878498,1474.226243,5.0,-1.016676,-1.016676,0.0,SL,219,18.17,0.5005,True,False,2409840.33,0.5216,12569.73,-12779.34,2371727.07
S5,LINKUSDT,-1,2025-04-03T13:00:00+00:00,2025-04-03T21:55:00+00:00,2025,12.381,12.86531133,9.95944334,0.48431133,5.0,-1.007669,-1.007669,0.0,SL,108,8.92,0.1817,True,False,2409840.33,0.5216,12569.73,-12666.12,2397174.21
S5,DOGEUSDT,-1,2025-04-03T15:00:00+00:00,2025-04-03T23:30:00+00:00,2025,0.15555,0.16153121,0.12564394,0.00598121,5.0,-1.007802,-1.007802,0.0,SL,103,8.5,0.0217,True,False,2409840.33,0.5216,12569.73,-12667.8,2384506.41
S1,DOGEUSDT,1,2025-04-04T18:00:00+00:00,2025-04-06T07:00:00+00:00,2025,0.17158,0.16563949,0.24286614,0.00594051,12.0,-1.008665,-1.008665,0.0,SL,445,37.0,0.2037,False,True,,,,,
S5,LINKUSDT,-1,2025-04-06T18:00:00+00:00,2025-04-07T06:45:00+00:00,2025,11.868,12.19507252,10.23263738,0.32707252,5.0,4.989114,4.989114,0.0,TP,154,12.75,5.0386,True,False,2149742.56,0.5216,11213.06,55943.22,2725910.29
S5,SOLUSDT,-1,2025-04-06T19:00:00+00:00,2025-04-07T14:15:00+00:00,2025,107.67,111.02065356,90.91673219,3.35065356,5.0,-1.00964,-1.00964,0.0,SL,232,19.25,3.7246,True,False,2250485.24,0.5216,11738.53,-11851.69,3001802.5
S5,DOGEUSDT,-1,2025-04-06T21:00:00+00:00,2025-04-08T11:30:00+00:00,2025,0.14939,0.15399478,0.12636612,0.00460478,5.0,-1.009733,-1.009733,0.0,SL,463,38.5,4.2478,True,False,2317552.42,0.5216,12088.35,-12206.01,2989596.49
S5,BTCUSDT,-1,2025-04-07T07:00:00+00:00,2025-04-07T10:10:00+00:00,2025,74810.0,76881.09873228,64454.50633862,2071.09873228,5.0,-1.010836,-1.010836,0.0,SL,39,3.17,0.1458,True,False,3078303.77,0.5216,16056.43,-16230.42,3029794.79
S5,DOGEUSDT,-1,2025-04-07T07:00:00+00:00,2025-04-07T08:40:00+00:00,2025,0.13153,0.13915427,0.09340867,0.00762427,5.0,-1.005175,-1.005175,0.0,SL,21,1.67,0.0866,True,False,3078303.77,0.5216,16056.43,-16139.52,3062164.25
S5,ETHUSDT,-1,2025-04-07T07:00:00+00:00,2025-04-07T10:15:00+00:00,2025,1430.49,1512.35755551,1021.15222245,81.86755551,5.0,-1.005242,-1.005242,0.0,SL,40,3.25,0.0005,True,False,3078303.77,0.5216,16056.43,-16140.6,3013654.19
S5,LINKUSDT,-1,2025-04-07T07:00:00+00:00,2025-04-07T08:40:00+00:00,2025,10.2,10.79475818,7.22620909,0.59475818,5.0,-1.005145,-1.005145,0.0,SL,21,1.67,0.042,True,False,3078303.77,0.5216,16056.43,-16139.04,3046025.21
S1,DOGEUSDT,1,2025-04-09T18:00:00+00:00,2025-04-10T15:15:00+00:00,2025,0.16123,0.15334371,0.25586549,0.00788629,12.0,-1.006133,-1.006133,0.0,SL,256,21.25,0.3715,True,False,2989596.49,0.9264,27695.62,-27865.48,2933868.35
S1,LINKUSDT,1,2025-04-09T18:00:00+00:00,2025-04-10T15:30:00+00:00,2025,12.59,11.96813089,20.05242936,0.62186911,12.0,-1.006074,-1.006074,0.0,SL,259,21.5,0.3682,True,False,2989596.49,0.9264,27695.62,-27863.85,2906004.51
S1,SOLUSDT,1,2025-04-09T18:00:00+00:00,2025-04-10T12:05:00+00:00,2025,119.26,113.32789924,190.44520909,5.93210076,12.0,-1.006031,-1.006031,0.0,SL,218,18.08,0.2411,True,False,2989596.49,0.9264,27695.62,-27862.65,2961733.83
S1,XRPUSDT,1,2025-04-09T18:00:00+00:00,2025-04-10T15:30:00+00:00,2025,2.0692,1.95539752,3.4348298,0.11380248,12.0,-1.005455,-1.005455,0.0,SL,259,21.5,0.174,True,False,2989596.49,0.9264,27695.62,-27846.7,2878157.81
S5,DOGEUSDT,-1,2025-04-09T19:00:00+00:00,2025-04-12T14:30:00+00:00,2025,0.15943,0.16718156,0.12067222,0.00775156,5.0,-1.00617,-1.00617,0.0,SL,811,67.5,1.3817,True,False,2989596.49,0.5216,15593.74,-15689.95,2756587.17
S5,XRPUSDT,-1,2025-04-09T19:00:00+00:00,2025-04-12T13:40:00+00:00,2025,2.0037,2.12181659,1.41311704,0.11811659,5.0,-1.005089,-1.005089,0.0,SL,801,66.67,0.7061,True,False,2989596.49,0.5216,15593.74,-15673.09,2862484.71
S2,LINKUSDT,-1,2025-04-13T12:00:00+00:00,2025-04-13T17:20:00+00:00,2025,12.783,13.00714158,12.11057526,0.22414158,3.0,-1.017109,-1.017109,0.0,SL,65,5.33,0.8477,True,False,2756587.17,1.378,37985.77,-38635.67,2602180.1
S2,DOGEUSDT,-1,2025-04-13T14:00:00+00:00,2025-04-13T17:15:00+00:00,2025,0.16161,0.16475246,0.15218262,0.00314246,3.0,-1.015428,-1.015428,0.0,SL,40,3.25,0.1464,True,False,2756587.17,1.378,37985.77,-38571.82,2718015.36
S2,ETHUSDT,-1,2025-04-13T14:00:00+00:00,2025-04-13T17:15:00+00:00,2025,1573.46,1602.06396517,1487.64810448,28.60396517,3.0,-1.016503,-1.016503,0.0,SL,40,3.25,0.2185,True,False,2756587.17,1.378,37985.77,-38612.65,2679402.71
S2,LINKUSDT,-1,2025-04-13T14:00:00+00:00,2025-04-13T17:15:00+00:00,2025,12.633,12.87246646,11.91460061,0.23946646,3.0,-1.015826,-1.015826,0.0,SL,40,3.25,0.1503,True,False,2756587.17,1.378,37985.77,-38586.93,2640815.77
S2,XRPUSDT,-1,2025-04-13T14:00:00+00:00,2025-04-22T15:10:00+00:00,2025,2.1425,2.19190667,1.99427998,0.04940667,3.0,-1.013009,-1.013009,0.0,SL,2607,217.17,2.19,True,False,2756587.17,1.378,37985.77,-38479.93,1790459.42
S1,ETHUSDT,1,2025-04-14T11:00:00+00:00,2025-04-14T15:35:00+00:00,2025,1678.4,1630.72332851,2250.52005786,47.67667149,12.0,-1.010561,-1.010561,0.0,SL,56,4.58,0.2762,True,False,2602180.1,0.9264,24106.6,-24361.19,2577818.92
S2,SOLUSDT,-1,2025-04-14T14:00:00+00:00,2025-04-17T06:25:00+00:00,2025,131.49,134.99091791,120.98724627,3.50091791,3.0,-1.011268,-1.011268,0.0,SL,774,64.42,2.308,True,False,2602180.1,1.378,35858.04,-36262.09,2221055.98
S2,DOGEUSDT,-1,2025-04-14T16:00:00+00:00,2025-04-22T07:30:00+00:00,2025,0.16017,0.1645044,0.1471668,0.0043344,3.0,-1.011086,-1.011086,0.0,SL,2203,183.5,2.3233,True,False,2577818.92,1.378,35522.34,-35916.15,1951078.65
S2,ETHUSDT,-1,2025-04-14T16:00:00+00:00,2025-04-22T14:40:00+00:00,2025,1626.97,1666.8911388,1507.20658359,39.9211388,3.0,-1.012226,-1.012226,0.0,SL,2289,190.67,2.3038,True,False,2577818.92,1.378,35522.34,-35956.64,1828939.35
S2,LINKUSDT,-1,2025-04-14T16:00:00+00:00,2025-04-20T04:35:00+00:00,2025,12.706,13.06004344,11.64386967,0.35404344,3.0,-1.010766,-1.010766,0.0,SL,1592,132.58,2.2992,True,False,2577818.92,1.378,35522.34,-35904.78,2185151.2
S2,SOLUSDT,-1,2025-04-14T16:00:00+00:00,2025-04-15T09:15:00+00:00,2025,128.71,132.66790881,116.83627357,3.95790881,3.0,-1.009756,-1.009756,0.0,SL,208,17.25,0.2754,True,False,2577818.92,1.378,35522.34,-35868.9,2505969.04
S2,XRPUSDT,-1,2025-04-14T16:00:00+00:00,2025-04-14T19:10:00+00:00,2025,2.1144,2.16353054,1.96700837,0.04913054,3.0,-1.012911,-1.012911,0.0,SL,39,3.17,0.2096,True,False,2577818.92,1.378,35522.34,-35980.97,2541837.94
S4,DOGEUSDT,1,2025-04-14T18:00:00+00:00,2025-04-15T15:35:00+00:00,2025,0.16097,0.15546681,0.26828215,0.00550319,19.5,-1.008775,-1.008775,0.0,SL,260,21.58,0.1054,True,False,2577818.92,1.6151,41634.35,-41999.69,2463969.35
S2,BTCUSDT,-1,2025-04-16T18:00:00+00:00,2025-04-16T18:25:00+00:00,2025,83281.21,84345.91035992,80087.10892025,1064.70035992,3.0,-1.023466,-1.023466,0.0,SL,6,0.42,0.0049,True,False,2463969.35,1.378,33953.5,-34750.25,2394793.27
S2,DOGEUSDT,-1,2025-04-16T18:00:00+00:00,2025-04-16T18:25:00+00:00,2025,0.15066,0.15408716,0.14037852,0.00342716,3.0,-1.013188,-1.013188,0.0,SL,6,0.42,0.0438,True,False,2463969.35,1.378,33953.5,-34401.28,2360391.99
S2,ETHUSDT,-1,2025-04-16T18:00:00+00:00,2025-04-16T19:50:00+00:00,2025,1545.03,1580.82908491,1437.63274526,35.79908491,3.0,-1.012948,-1.012948,0.0,SL,23,1.83,0.0726,True,False,2463969.35,1.378,33953.5,-34393.13,2257318.07
S2,LINKUSDT,-1,2025-04-16T18:00:00+00:00,2025-04-16T18:25:00+00:00,2025,11.94,12.25177124,11.00468629,0.31177124,3.0,-1.011489,-1.011489,0.0,SL,6,0.42,0.0257,True,False,2463969.35,1.378,33953.5,-34343.59,2326048.41
S2,SOLUSDT,-1,2025-04-16T18:00:00+00:00,2025-04-16T18:25:00+00:00,2025,125.07,128.39025204,115.10924387,3.32025204,3.0,-1.011301,-1.011301,0.0,SL,6,0.42,0.0211,True,False,2463969.35,1.378,33953.5,-34337.21,2291711.2
S2,XRPUSDT,-1,2025-04-16T18:00:00+00:00,2025-04-16T18:10:00+00:00,2025,2.0517,2.0959472,1.91895841,0.0442472,3.0,-1.013911,-1.013911,0.0,SL,3,0.17,0.0203,True,False,2463969.35,1.378,33953.5,-34425.82,2429543.52
S4,SOLUSDT,1,2025-04-16T19:00:00+00:00,2025-06-21T21:30:00+00:00,2025,128.51,123.85635461,219.25608501,4.65364539,19.5,0.991716,19.491716,-18.5,BE,19039,1586.5,12.7126,False,True,,,,,
S2,DOGEUSDT,-1,2025-04-20T16:00:00+00:00,2025-04-20T19:35:00+00:00,2025,0.15279,0.15470117,0.14705649,0.00191117,3.0,-1.023984,-1.023984,0.0,SL,44,3.58,0.2302,True,False,2185151.2,1.378,30111.38,-30833.58,2154317.63
S2,SOLUSDT,-1,2025-04-20T16:00:00+00:00,2025-04-20T20:15:00+00:00,2025,135.86,137.82654672,129.96035984,1.96654672,3.0,-1.020726,-1.020726,0.0,SL,52,4.25,0.122,True,False,2185151.2,1.378,30111.38,-30735.47,2123582.16
S2,ETHUSDT,-1,2025-04-21T14:00:00+00:00,2025-04-21T14:20:00+00:00,2025,1611.01,1631.23579421,1550.33261737,20.22579421,3.0,-1.023895,-1.023895,0.0,SL,5,0.33,0.1671,True,False,2123582.16,1.378,29262.96,-29962.2,2093619.96
S2,SOLUSDT,-1,2025-04-21T14:00:00+00:00,2025-04-21T14:20:00+00:00,2025,137.1,139.28580879,130.54257363,2.18580879,3.0,-1.018817,-1.018817,0.0,SL,5,0.33,0.2059,True,False,2123582.16,1.378,29262.96,-29813.6,2063806.35
S1,BTCUSDT,1,2025-04-21T15:00:00+00:00,2025-04-21T16:55:00+00:00,2025,88153.7,87035.19741533,101575.73101609,1118.50258467,12.0,-1.023644,-1.023644,0.0,SL,24,1.92,0.1409,True,False,2063806.35,0.9264,19119.1,-19571.15,2044235.2
S2,DOGEUSDT,-1,2025-04-21T17:00:00+00:00,2025-04-22T01:15:00+00:00,2025,0.15795,0.16082294,0.14933117,0.00287294,3.0,-1.016494,-1.016494,0.0,SL,100,8.25,0.7901,True,False,2044235.2,1.378,28169.56,-28634.19,1986994.79
S2,ETHUSDT,-1,2025-04-21T17:00:00+00:00,2025-04-22T07:30:00+00:00,2025,1588.88,1614.03595477,1513.4121357,25.15595477,3.0,-1.018948,-1.018948,0.0,SL,175,14.5,2.1418,True,False,2044235.2,1.378,28169.56,-28703.32,1922375.33
S2,LINKUSDT,-1,2025-04-21T17:00:00+00:00,2025-04-22T08:10:00+00:00,2025,13.108,13.33264384,12.43406847,0.22464384,3.0,-1.017505,-1.017505,0.0,SL,183,15.17,1.144,True,False,2044235.2,1.378,28169.56,-28662.67,1893712.66
S2,SOLUSDT,-1,2025-04-21T17:00:00+00:00,2025-04-22T01:10:00+00:00,2025,135.51,138.13254078,127.64237765,2.62254078,3.0,-1.015501,-1.015501,0.0,SL,99,8.17,0.6711,True,False,2044235.2,1.378,28169.56,-28606.22,2015628.98
S2,XRPUSDT,-1,2025-04-21T17:00:00+00:00,2025-04-22T13:05:00+00:00,2025,2.0833,2.11050606,2.00168182,0.02720606,3.0,-1.022972,-1.022972,0.0,SL,242,20.08,0.9226,True,False,2044235.2,1.378,28169.56,-28816.67,1864895.99
S1,BTCUSDT,1,2025-04-22T14:00:00+00:00,2025-05-10T23:15:00+00:00,2025,90236.16,89018.98791282,104842.22504612,1217.17208718,12.0,11.977759,11.977759,0.0,TP,5296,441.25,12.0056,False,True,,,,,
S1,DOGEUSDT,1,2025-04-22T14:00:00+00:00,2025-04-24T03:50:00+00:00,2025,0.16923,0.16509676,0.21882887,0.00413324,12.0,0.987717,-1.012283,2.0,BE,455,37.83,3.9073,False,True,,,,,
S1,XRPUSDT,1,2025-04-22T14:00:00+00:00,2025-04-24T06:55:00+00:00,2025,2.1318,2.09787036,2.53895571,0.03392964,12.0,0.981151,-1.018849,2.0,BE,492,40.92,4.9897,False,True,,,,,
S1,ETHUSDT,1,2025-04-22T15:00:00+00:00,2025-05-08T19:50:00+00:00,2025,1674.64,1636.03987691,2137.84147706,38.60012309,12.0,11.986985,11.986985,0.0,TP,4667,388.83,12.0614,False,True,,,,,
S1,LINKUSDT,1,2025-04-22T15:00:00+00:00,2025-04-30T13:10:00+00:00,2025,13.813,13.48413433,17.7593881,0.32886567,12.0,0.987399,-1.012601,2.0,BE,2283,190.17,4.6706,False,True,,,,,
S1,SOLUSDT,1,2025-04-22T16:00:00+00:00,2025-04-26T11:20:00+00:00,2025,145.28,141.97124066,184.98511212,3.30875934,12.0,0.986828,-1.013172,2.0,BE,1097,91.33,3.6146,False,True,,,,,
S1,XRPUSDT,1,2025-04-22T22:00:00+00:00,2025-04-24T03:40:00+00:00,2025,2.2387,2.1854469,2.87773721,0.0532531,12.0,-1.012612,-1.012612,0.0,SL,357,29.67,1.1718,False,True,,,,,
S2,DOGEUSDT,-1,2025-04-23T14:00:00+00:00,2025-04-25T01:05:00+00:00,2025,0.17949,0.18380119,0.16655644,0.00431119,3.0,-1.01249,-1.01249,0.0,SL,422,35.08,2.2616,True,False,1790459.42,1.378,24672.53,-24980.69,1765478.73
S2,XRPUSDT,-1,2025-04-23T14:00:00+00:00,2025-04-27T20:00:00+00:00,2025,2.246,2.29347903,2.10356291,0.04747903,3.0,-1.014192,-1.014192,0.0,SL,1225,102.0,2.7275,True,False,1790459.42,1.378,24672.53,-25022.68,1740456.04
S5,LINKUSDT,-1,2025-04-23T14:00:00+00:00,2025-05-08T15:40:00+00:00,2025,14.917,15.3585315,12.7093425,0.4415315,5.0,-1.010135,-1.010135,0.0,SL,4341,361.67,3.8933,True,False,1790459.42,0.5216,9339.04,-9433.69,1548224.4
S2,SOLUSDT,-1,2025-04-25T16:00:00+00:00,2025-04-30T13:05:00+00:00,2025,152.84,155.86879148,143.75362556,3.02879148,3.0,2.984861,2.984861,0.0,TP,1406,117.08,3.163,True,False,1765478.73,1.378,24328.3,72616.58,1756150.37
S1,XRPUSDT,1,2025-04-27T20:00:00+00:00,2025-04-28T00:05:00+00:00,2025,2.2834,2.2379204,2.82915523,0.0454796,12.0,-1.015062,-1.015062,0.0,SL,50,4.08,0.2397,True,False,1740456.04,0.9264,16123.58,-16366.44,1724089.61
S1,XRPUSDT,1,2025-04-28T08:00:00+00:00,2025-04-28T13:55:00+00:00,2025,2.334,2.28204497,2.95746041,0.05195503,12.0,-1.013477,-1.013477,0.0,SL,72,5.92,0.5428,True,False,1724089.61,0.9264,15971.97,-16187.22,1707902.39
S2,BTCUSDT,-1,2025-04-28T14:00:00+00:00,2025-04-28T14:20:00+00:00,2025,93915.4,94710.74519963,91529.36440112,795.34519963,3.0,-1.035424,-1.035424,0.0,SL,5,0.33,0.165,True,False,1707902.39,1.378,23534.89,-24368.59,1683533.79
S2,SOLUSDT,-1,2025-04-28T14:00:00+00:00,2025-04-30T13:55:00+00:00,2025,147.99,150.56005668,140.27982996,2.57005668,3.0,2.982725,2.982725,0.0,TP,576,47.92,3.0116,True,False,1707902.39,1.378,23534.89,70198.12,1896562.71
S2,XRPUSDT,-1,2025-04-28T14:00:00+00:00,2025-04-30T13:15:00+00:00,2025,2.2797,2.32092087,2.15603739,0.04122087,3.0,2.983409,2.983409,0.0,TP,568,47.25,3.0543,True,False,1707902.39,1.378,23534.89,70214.22,1826364.59
S3,SOLUSDT,-1,2025-04-28T14:00:00+00:00,2025-05-01T09:30:00+00:00,2025,147.99,151.15700567,133.42634549,3.42674224,4.25,-0.937159,-0.937159,0.0,SL,811,67.5,2.2587,True,False,1707902.39,3.3981,58036.23,-54389.18,1822154.33
S4,BTCUSDT,1,2025-04-28T18:00:00+00:00,2025-07-11T05:30:00+00:00,2025,94037.9,92834.28675182,117508.35833946,1203.61324818,19.5,19.476561,19.476561,0.0,TP,21163,1763.5,19.8136,True,False,1683533.79,1.6151,27190.75,529582.38,3938669.73
S5,DOGEUSDT,-1,2025-04-30T14:00:00+00:00,2025-04-30T17:40:00+00:00,2025,0.16703,0.17148193,0.14477037,0.00445193,5.0,-1.011256,-1.011256,0.0,SL,45,3.67,0.0764,True,False,1896562.71,0.5216,9892.47,-10003.82,1876543.51
S5,SOLUSDT,-1,2025-04-30T14:00:00+00:00,2025-04-30T17:35:00+00:00,2025,140.64,144.03561265,123.66193675,3.39561265,5.0,-1.012425,-1.012425,0.0,SL,44,3.58,0.0825,True,False,1896562.71,0.5216,9892.47,-10015.39,1886547.33
S1,BTCUSDT,1,2025-05-01T15:00:00+00:00,2025-05-03T23:35:00+00:00,2025,96828.0,95700.57666444,110357.08002675,1127.42333556,12.0,-1.025765,-1.025765,0.0,SL,680,56.58,0.947,True,False,1822154.33,0.9264,16880.44,-17315.36,1787681.42
S1,ETHUSDT,1,2025-05-01T15:00:00+00:00,2025-05-02T08:00:00+00:00,2025,1847.62,1813.85570006,2252.7915993,33.76429994,12.0,-1.016416,-1.016416,0.0,SL,205,17.0,0.7431,True,False,1822154.33,0.9264,16880.44,-17157.55,1804996.78
S2,XRPUSDT,-1,2025-05-04T10:00:00+00:00,2025-05-04T15:15:00+00:00,2025,2.1787,2.20044725,2.11345824,0.02174725,3.0,-1.030055,-1.030055,0.0,SL,64,5.25,0.3955,True,False,1787681.42,1.378,24634.25,-25374.63,1762306.79
S4,XRPUSDT,1,2025-05-04T21:00:00+00:00,2025-05-04T23:25:00+00:00,2025,2.1831,2.15337104,2.76281464,0.02972896,19.5,-1.02203,-1.02203,0.0,SL,30,2.42,0.0505,True,False,1762306.79,1.6151,28463.02,-29090.06,1733216.73
S2,LINKUSDT,-1,2025-05-04T23:00:00+00:00,2025-05-05T05:55:00+00:00,2025,13.916,14.10133508,13.35999475,0.18533508,3.0,-1.022526,-1.022526,0.0,SL,84,6.92,0.8741,True,False,1762306.79,1.378,24284.59,-24831.62,1658957.18
S2,SOLUSDT,-1,2025-05-04T23:00:00+00:00,2025-05-05T05:30:00+00:00,2025,145.06,146.58968907,140.47093278,1.52968907,3.0,-1.028449,-1.028449,0.0,SL,79,6.5,1.7258,True,False,1762306.79,1.378,24284.59,-24975.46,1683788.8
S5,BTCUSDT,-1,2025-05-05T00:00:00+00:00,2025-05-05T22:15:00+00:00,2025,94230.2,94949.5152949,90633.62352552,719.3152949,5.0,-1.0393,-1.0393,0.0,SL,268,22.25,1.0915,True,False,1733216.73,0.5216,9040.46,-9395.75,1594956.03
S2,SOLUSDT,-1,2025-05-05T02:00:00+00:00,2025-05-05T02:30:00+00:00,2025,143.12,144.92304734,137.71085799,1.80304734,3.0,-1.023813,-1.023813,0.0,SL,7,0.5,0.3882,True,False,1733216.73,1.378,23883.73,-24452.47,1708764.26
S4,XRPUSDT,1,2025-05-05T06:00:00+00:00,2025-05-05T11:40:00+00:00,2025,2.1773,2.14119959,2.88125792,0.03610041,19.5,-1.018094,-1.018094,0.0,SL,69,5.67,0.6066,True,False,1658957.18,1.6151,26793.82,-27278.62,1604351.78
S4,XRPUSDT,1,2025-05-05T09:00:00+00:00,2025-05-05T10:45:00+00:00,2025,2.183,2.1500761,2.82501613,0.0329239,19.5,-1.019891,-1.019891,0.0,SL,22,1.75,0.492,True,False,1658957.18,1.6151,26793.82,-27326.77,1631630.41
S2,BTCUSDT,-1,2025-05-05T11:00:00+00:00,2025-05-05T18:35:00+00:00,2025,94121.88,94746.53585951,92247.91242148,624.65585951,3.0,-1.045203,-1.045203,0.0,SL,92,7.58,0.9001,False,True,,,,,
S2,DOGEUSDT,-1,2025-05-06T11:00:00+00:00,2025-05-06T18:20:00+00:00,2025,0.16549,0.16823975,0.15724076,0.00274975,3.0,-1.018055,-1.018055,0.0,SL,89,7.33,0.4837,True,False,1594956.03,1.378,21978.49,-22375.32,1572580.72
S4,DOGEUSDT,1,2025-05-06T19:00:00+00:00,2025-05-10T23:00:00+00:00,2025,0.16936,0.16535462,0.24746484,0.00400538,19.5,19.487315,19.487315,0.0,TP,1201,100.0,19.6835,True,False,1572580.72,1.6151,25398.75,494953.46,2663851.99
S4,ETHUSDT,1,2025-05-06T23:00:00+00:00,2025-05-10T17:30:00+00:00,2025,1810.24,1774.75882078,2502.12299474,35.48117922,19.5,19.484694,19.484694,0.0,TP,1087,90.5,19.5033,True,False,1572580.72,1.6151,25398.75,494886.89,2168898.53
S1,BTCUSDT,1,2025-05-07T00:00:00+00:00,2025-05-22T02:35:00+00:00,2025,96834.02,95658.07230769,110945.39230773,1175.94769231,12.0,11.975296,11.975296,0.0,TP,4352,362.58,12.027,True,False,1572580.72,0.9264,14568.39,174460.76,1886152.99
S1,BTCUSDT,1,2025-05-07T01:00:00+00:00,2025-05-07T03:20:00+00:00,2025,97415.65,96213.79142857,111837.95285718,1201.85857143,12.0,-1.024316,-1.024316,0.0,SL,29,2.33,0.2366,True,False,1572580.72,0.9264,14568.39,-14922.63,1557658.08
S1,BTCUSDT,1,2025-05-08T04:00:00+00:00,2025-06-05T20:55:00+00:00,2025,99152.79,97891.7281536,114285.53215675,1261.0618464,12.0,0.976412,11.976412,-11.0,BE,8268,688.92,10.1555,True,False,1557658.08,0.9264,14430.14,14089.77,2417885.56
S1,DOGEUSDT,1,2025-05-08T04:00:00+00:00,2025-05-10T06:55:00+00:00,2025,0.17934,0.17555041,0.22481513,0.00378959,12.0,11.985803,11.985803,0.0,TP,612,50.92,12.3997,True,False,1557658.08,0.9264,14430.14,172956.87,1706705.08
S1,LINKUSDT,1,2025-05-08T04:00:00+00:00,2025-05-30T00:50:00+00:00,2025,14.484,14.15206186,18.46725764,0.33193814,12.0,0.98691,-1.01309,2.0,BE,6299,524.83,10.52,True,False,1557658.08,0.9264,14430.14,14241.25,2039029.71
S1,XRPUSDT,1,2025-05-08T21:00:00+00:00,2025-05-15T23:00:00+00:00,2025,2.3115,2.26038142,2.924923,0.05111858,12.0,0.986434,-1.013566,2.0,BE,2041,170.0,6.7197,True,False,1548224.4,0.9264,14342.75,14148.18,2535099.1
S1,SOLUSDT,1,2025-05-09T11:00:00+00:00,2025-05-09T14:35:00+00:00,2025,173.96,168.35001221,241.27985348,5.60998779,12.0,-1.009303,-1.009303,0.0,SL,44,3.58,0.3922,True,False,1548224.4,0.9264,14342.75,-14476.18,1533748.22
S1,DOGEUSDT,1,2025-05-10T10:00:00+00:00,2025-05-13T02:15:00+00:00,2025,0.22939,0.21962637,0.3465535,0.00976363,12.0,-1.007048,-1.007048,0.0,SL,772,64.25,3.1075,True,False,1706705.08,0.9264,15810.92,-15922.35,2666451.61
S5,DOGEUSDT,-1,2025-05-10T11:00:00+00:00,2025-05-10T17:20:00+00:00,2025,0.22581,0.23562765,0.17672174,0.00981765,5.0,-1.0069,-1.0069,0.0,SL,77,6.33,0.3545,True,False,1706705.08,0.5216,8902.17,-8963.6,1674011.64
S2,DOGEUSDT,-1,2025-05-10T12:00:00+00:00,2025-05-10T16:35:00+00:00,2025,0.22247,0.22989336,0.20019991,0.00742336,3.0,-1.008991,-1.008991,0.0,SL,56,4.58,0.0,True,False,1706705.08,1.378,23518.4,-23729.85,1682975.23
S1,DOGEUSDT,1,2025-05-10T23:00:00+00:00,2025-05-11T06:40:00+00:00,2025,0.24567,0.23537114,0.36925627,0.01029886,12.0,-1.007156,-1.007156,0.0,SL,93,7.67,1.3652,True,False,2663851.99,0.9264,24677.92,-24854.52,2614141.0
S1,DOGEUSDT,1,2025-05-11T00:00:00+00:00,2025-05-11T01:50:00+00:00,2025,0.25058,0.24018963,0.37526439,0.01039037,12.0,-1.007235,-1.007235,0.0,SL,23,1.83,0.8806,True,False,2663851.99,0.9264,24677.92,-24856.47,2638995.52
S5,DOGEUSDT,-1,2025-05-11T02:00:00+00:00,2025-05-12T07:30:00+00:00,2025,0.24069,0.25330945,0.17759276,0.01261945,5.0,-1.005722,-1.005722,0.0,SL,355,29.5,1.4779,True,False,2638995.52,0.5216,13765.0,-13843.76,2600297.24
S2,BTCUSDT,-1,2025-05-12T12:00:00+00:00,2025-05-12T18:45:00+00:00,2025,103762.89,104739.15221494,100834.10335518,976.26221494,3.0,2.968114,2.968114,0.0,TP,82,6.75,3.1599,True,False,2600297.24,1.378,35832.1,106353.75,2682373.96
S2,BTCUSDT,-1,2025-05-12T15:00:00+00:00,2025-05-13T12:40:00+00:00,2025,102799.99,103917.81673878,99446.50978365,1117.82673878,3.0,-1.027589,-1.027589,0.0,SL,261,21.67,1.8983,True,False,2600297.24,1.378,35832.1,-36820.67,2629630.94
S2,LINKUSDT,-1,2025-05-12T15:00:00+00:00,2025-05-13T18:55:00+00:00,2025,16.896,17.40807256,15.35978232,0.51207256,3.0,-1.009899,-1.009899,0.0,SL,336,27.92,1.7419,True,False,2600297.24,1.378,35832.1,-36186.8,2593444.14
S2,SOLUSDT,-1,2025-05-12T15:00:00+00:00,2025-05-13T19:25:00+00:00,2025,175.81,180.25286802,162.48139595,4.44286802,3.0,-1.011871,-1.011871,0.0,SL,342,28.42,2.181,True,False,2600297.24,1.378,35832.1,-36257.46,2557186.69
S1,XRPUSDT,1,2025-05-12T16:00:00+00:00,2025-05-12T18:40:00+00:00,2025,2.5929,2.49316037,3.78977559,0.09973963,12.0,-1.007799,-1.007799,0.0,SL,33,2.67,0.2216,True,False,2600297.24,0.9264,24089.15,-24277.02,2576020.22
S4,BTCUSDT,1,2025-05-15T16:00:00+00:00,2025-05-30T00:55:00+00:00,2025,103211.2,101881.54641893,129139.44483081,1329.65358107,19.5,0.976713,-1.023287,2.0,BE,4140,344.92,6.5794,True,False,2557186.69,1.6151,41301.12,40339.34,2159442.33
S2,BTCUSDT,-1,2025-05-15T19:00:00+00:00,2025-05-15T22:10:00+00:00,2025,102638.4,103725.90231166,99375.89306501,1087.50231166,3.0,-1.028314,-1.028314,0.0,SL,39,3.17,0.0791,True,False,2557186.69,1.378,35238.03,-36235.76,2520950.92
S2,SOLUSDT,-1,2025-05-15T19:00:00+00:00,2025-05-16T02:15:00+00:00,2025,169.47,173.5920239,157.1039283,4.1220239,3.0,-1.012334,-1.012334,0.0,SL,88,7.25,0.7084,True,False,2557186.69,1.378,35238.03,-35672.66,2499426.44
S2,BTCUSDT,-1,2025-05-18T18:00:00+00:00,2025-05-18T22:50:00+00:00,2025,104836.66,105604.18616133,102534.08151601,767.52616133,3.0,-1.040977,-1.040977,0.0,SL,59,4.83,2.0207,True,False,2499426.44,1.378,34442.1,-35853.43,2592782.73
S2,DOGEUSDT,-1,2025-05-18T18:00:00+00:00,2025-05-21T16:40:00+00:00,2025,0.23025,0.23602648,0.21292056,0.00577648,3.0,-1.011958,-1.011958,0.0,SL,849,70.67,2.8685,True,False,2499426.44,1.378,34442.1,-34853.95,1762386.42
S2,ETHUSDT,-1,2025-05-18T18:00:00+00:00,2025-05-18T20:00:00+00:00,2025,2488.59,2533.69570198,2353.27289406,45.10570198,3.0,2.983448,2.983448,0.0,TP,25,2.0,3.9013,True,False,2499426.44,1.378,34442.1,102756.2,2602182.65
S2,LINKUSDT,-1,2025-05-18T18:00:00+00:00,2025-05-18T20:00:00+00:00,2025,15.849,16.17210016,14.87969951,0.32310016,3.0,2.985284,2.985284,0.0,TP,25,2.0,3.0486,True,False,2499426.44,1.378,34442.1,102819.44,2705002.08
S2,LINKUSDT,-1,2025-05-18T19:00:00+00:00,2025-05-18T23:50:00+00:00,2025,15.491,15.83634301,14.45497097,0.34534301,3.0,-1.013457,-1.013457,0.0,SL,59,4.83,1.8156,True,False,2499426.44,1.378,34442.1,-34905.58,2224484.5
S3,LINKUSDT,-1,2025-05-18T19:00:00+00:00,2025-05-18T23:55:00+00:00,2025,15.491,15.8985343,13.53405628,0.46045735,4.25,-0.895157,-0.895157,0.0,SL,60,4.92,1.3617,True,False,2499426.44,3.3981,84933.01,-76028.38,2054820.22
S2,BTCUSDT,-1,2025-05-18T20:00:00+00:00,2025-05-18T22:20:00+00:00,2025,103883.98,104740.78431768,101313.56704697,856.80431768,3.0,-1.036374,-1.036374,0.0,SL,29,2.33,0.6983,True,False,2705002.08,1.378,37274.93,-38630.77,2666371.32
S2,DOGEUSDT,-1,2025-05-18T20:00:00+00:00,2025-05-18T22:55:00+00:00,2025,0.22229,0.22852569,0.20358293,0.00623569,3.0,-1.010694,-1.010694,0.0,SL,36,2.92,0.6206,True,False,2705002.08,1.378,37274.93,-37673.55,2555109.18
S2,ETHUSDT,-1,2025-05-18T20:00:00+00:00,2025-05-18T23:45:00+00:00,2025,2406.78,2457.55086038,2254.46741886,50.77086038,3.0,-1.014221,-1.014221,0.0,SL,46,3.75,1.8546,True,False,2705002.08,1.378,37274.93,-37805.02,2259390.08
S2,LINKUSDT,-1,2025-05-18T20:00:00+00:00,2025-05-18T22:45:00+00:00,2025,15.169,15.53756851,14.06329447,0.36856851,3.0,-1.012347,-1.012347,0.0,SL,34,2.75,0.8275,True,False,2705002.08,1.378,37274.93,-37735.16,2628636.16
S2,SOLUSDT,-1,2025-05-18T20:00:00+00:00,2025-05-18T22:55:00+00:00,2025,166.54,169.79721141,156.76836576,3.25721141,3.0,-1.015339,-1.015339,0.0,SL,36,2.92,0.6263,True,False,2705002.08,1.378,37274.93,-37846.69,2517262.49
S2,XRPUSDT,-1,2025-05-18T20:00:00+00:00,2025-05-18T22:55:00+00:00,2025,2.368,2.40519306,2.25642081,0.03719306,3.0,-1.0191,-1.0191,0.0,SL,36,2.92,1.0056,True,False,2705002.08,1.378,37274.93,-37986.88,2479275.61
S3,ETHUSDT,-1,2025-05-18T20:00:00+00:00,2025-05-18T23:50:00+00:00,2025,2406.78,2475.01708604,2119.07845785,67.69448051,4.25,-1.018682,-1.018682,0.0,SL,47,3.83,1.391,True,False,2705002.08,3.3981,91918.68,-93635.9,2130848.6
S3,LINKUSDT,-1,2025-05-18T20:00:00+00:00,2025-05-18T22:55:00+00:00,2025,15.169,15.63485685,13.08044511,0.49142468,4.25,-0.957232,-0.957232,0.0,SL,36,2.92,0.6206,True,False,2705002.08,3.3981,91918.68,-87987.5,2391288.11
S3,SOLUSDT,-1,2025-05-18T20:00:00+00:00,2025-05-18T23:30:00+00:00,2025,166.54,170.93572114,148.08246866,4.34294855,4.25,-1.023655,-1.023655,0.0,SL,43,3.5,0.4697,True,False,2705002.08,3.3981,91918.68,-94093.01,2297195.1
S4,LINKUSDT,1,2025-05-18T21:00:00+00:00,2025-05-23T12:15:00+00:00,2025,15.276,14.75781994,25.38051115,0.51818006,19.5,0.991156,-1.008844,2.0,BE,1336,111.25,3.6242,True,False,2705002.08,1.6151,43688.49,43302.11,1929455.09
S1,BTCUSDT,1,2025-05-18T23:00:00+00:00,2025-05-19T03:05:00+00:00,2025,105899.3,104505.28668079,122627.45983055,1394.01331921,12.0,-1.02279,-1.02279,0.0,SL,50,4.08,0.8675,True,False,2391288.11,0.9264,22152.89,-22657.76,2032162.46
S4,ETHUSDT,1,2025-05-18T23:00:00+00:00,2025-05-19T04:40:00+00:00,2025,2453.61,2370.6947472,4070.45742953,82.9152528,19.5,-1.008878,-1.008878,0.0,SL,69,5.67,0.7209,True,False,2391288.11,1.6151,38621.69,-38964.58,1993197.89
S2,BTCUSDT,-1,2025-05-19T01:00:00+00:00,2025-05-20T00:15:00+00:00,2025,105260.88,106497.72800107,101550.33599678,1236.84800107,3.0,-1.025531,-1.025531,0.0,SL,280,23.25,2.6051,True,False,2054820.22,1.378,28315.42,-29038.34,1879921.5
S2,ETHUSDT,-1,2025-05-19T01:00:00+00:00,2025-05-19T17:00:00+00:00,2025,2442.21,2512.72759333,2230.65722002,70.51759333,3.0,-1.01039,-1.01039,0.0,SL,193,16.0,1.3503,True,False,2054820.22,1.378,28315.42,-28609.62,1908959.85
S2,LINKUSDT,-1,2025-05-19T01:00:00+00:00,2025-05-20T00:15:00+00:00,2025,15.462,15.92201818,14.08194545,0.46001818,3.0,-1.010084,-1.010084,0.0,SL,280,23.25,1.3695,True,False,2054820.22,1.378,28315.42,-28600.96,1851320.55
S2,SOLUSDT,-1,2025-05-19T01:00:00+00:00,2025-05-20T02:15:00+00:00,2025,168.0,172.19613068,155.41160796,4.19613068,3.0,-1.012011,-1.012011,0.0,SL,304,25.25,2.0781,True,False,2054820.22,1.378,28315.42,-28655.52,1822665.03
S2,SOLUSDT,-1,2025-05-19T07:00:00+00:00,2025-05-19T14:55:00+00:00,2025,159.56,163.77782592,146.90652223,4.21782592,3.0,-1.011349,-1.011349,0.0,SL,96,7.92,0.0569,True,False,1993197.89,1.378,27466.27,-27777.98,1937569.47
S2,XRPUSDT,-1,2025-05-19T07:00:00+00:00,2025-05-19T14:15:00+00:00,2025,2.2838,2.33278371,2.13684886,0.04898371,3.0,-1.013987,-1.013987,0.0,SL,88,7.25,0.0531,True,False,1993197.89,1.378,27466.27,-27850.44,1965347.45
S4,SOLUSDT,1,2025-05-19T17:00:00+00:00,2025-05-25T01:15:00+00:00,2025,165.64,160.63757546,263.18727851,5.00242454,19.5,0.990066,-1.009934,2.0,BE,1540,128.25,4.4039,False,True,,,,,
S2,DOGEUSDT,-1,2025-05-21T08:00:00+00:00,2025-05-21T14:55:00+00:00,2025,0.22652,0.23205588,0.20991235,0.00553588,3.0,-1.012276,-1.012276,0.0,SL,84,6.92,0.3559,True,False,1822665.03,1.378,25116.32,-25424.65,1797240.38
S1,BTCUSDT,1,2025-05-21T15:00:00+00:00,2025-05-21T17:25:00+00:00,2025,108963.0,107271.64942398,129259.20691225,1691.35057602,12.0,-1.019327,-1.019327,0.0,SL,30,2.42,0.4974,True,False,1797240.38,0.9264,16649.63,-16971.42,1745415.0
S1,DOGEUSDT,1,2025-05-21T15:00:00+00:00,2025-05-21T17:25:00+00:00,2025,0.2332,0.22623028,0.31683666,0.00696972,12.0,-1.010038,-1.010038,0.0,SL,30,2.42,0.6873,True,False,1797240.38,0.9264,16649.63,-16816.76,1728598.24
S1,XRPUSDT,1,2025-05-21T15:00:00+00:00,2025-05-21T17:25:00+00:00,2025,2.399,2.35225927,2.95988872,0.04674073,12.0,-1.015398,-1.015398,0.0,SL,30,2.42,0.629,True,False,1797240.38,0.9264,16649.63,-16906.01,1711692.23
S2,BTCUSDT,-1,2025-05-21T18:00:00+00:00,2025-05-21T19:35:00+00:00,2025,106566.9,108150.09851007,101817.30446978,1583.19851007,3.0,-1.020193,-1.020193,0.0,SL,20,1.58,0.1868,False,True,,,,,
S2,DOGEUSDT,-1,2025-05-21T18:00:00+00:00,2025-05-21T22:50:00+00:00,2025,0.22506,0.23184429,0.20470714,0.00678429,3.0,-1.009952,-1.009952,0.0,SL,59,4.83,0.1518,False,True,,,,,
S2,ETHUSDT,-1,2025-05-21T18:00:00+00:00,2025-05-21T22:50:00+00:00,2025,2471.49,2537.0822828,2274.7131516,65.5922828,3.0,-1.011304,-1.011304,0.0,SL,59,4.83,0.2127,False,True,,,,,
S2,LINKUSDT,-1,2025-05-21T18:00:00+00:00,2025-05-21T23:15:00+00:00,2025,15.647,16.10068256,14.28595233,0.45368256,3.0,-1.010347,-1.010347,0.0,SL,64,5.25,0.2116,False,True,,,,,
S2,SOLUSDT,-1,2025-05-21T18:00:00+00:00,2025-05-21T19:50:00+00:00,2025,167.03,171.0841556,154.8675332,4.0541556,3.0,-1.01236,-1.01236,0.0,SL,23,1.83,0.2097,False,True,,,,,
S2,XRPUSDT,-1,2025-05-21T18:00:00+00:00,2025-05-21T19:55:00+00:00,2025,2.3452,2.38850976,2.21527072,0.04330976,3.0,-1.016245,-1.016245,0.0,SL,24,1.92,0.1201,False,True,,,,,
S2,DOGEUSDT,-1,2025-05-23T07:00:00+00:00,2025-05-23T23:35:00+00:00,2025,0.24306,0.24922933,0.22455201,0.00616933,3.0,2.988181,2.988181,0.0,TP,200,16.58,3.049,True,False,1886152.99,1.378,25991.19,77666.37,1980792.42
S2,DOGEUSDT,-1,2025-05-23T12:00:00+00:00,2025-05-29T23:45:00+00:00,2025,0.2351,0.24201447,0.21435659,0.00691447,3.0,2.9898,2.9898,0.0,TP,1870,155.75,3.0675,True,False,1886152.99,1.378,25991.19,77708.45,2024788.46
S2,LINKUSDT,-1,2025-05-23T12:00:00+00:00,2025-05-25T15:10:00+00:00,2025,16.302,16.7352774,15.00216781,0.4332774,3.0,2.988713,2.988713,0.0,TP,615,51.17,3.0373,True,False,1886152.99,1.378,25991.19,77680.2,2027034.42
S2,SOLUSDT,-1,2025-05-23T12:00:00+00:00,2025-05-23T14:45:00+00:00,2025,177.87,181.97491291,165.55526128,4.10491291,3.0,-1.012999,-1.012999,0.0,SL,34,2.75,1.1157,True,False,1886152.99,1.378,25991.19,-26329.05,1903126.05
S2,XRPUSDT,-1,2025-05-23T12:00:00+00:00,2025-05-28T17:40:00+00:00,2025,2.3621,2.40348945,2.23793166,0.04138945,3.0,2.982879,2.982879,0.0,TP,1509,125.67,3.0708,True,False,1886152.99,1.378,25991.19,77528.57,2007034.35
S4,SOLUSDT,1,2025-05-23T14:00:00+00:00,2025-05-23T23:35:00+00:00,2025,180.03,173.922277,299.13059853,6.107723,19.5,-1.008843,-1.008843,0.0,SL,116,9.58,0.6009,True,False,1929455.09,1.6151,31162.63,-31438.2,1949354.22
S2,DOGEUSDT,-1,2025-05-26T17:00:00+00:00,2025-05-27T07:50:00+00:00,2025,0.22426,0.22834415,0.21200756,0.00408415,3.0,-1.016473,-1.016473,0.0,SL,179,14.83,1.1508,True,False,2027034.42,1.378,27932.53,-28392.67,1998641.75
S2,XRPUSDT,-1,2025-05-26T17:00:00+00:00,2025-05-27T13:05:00+00:00,2025,2.3114,2.33617778,2.23706665,0.02477778,3.0,-1.027986,-1.027986,0.0,SL,242,20.08,1.8969,True,False,2027034.42,1.378,27932.53,-28714.25,1969927.5
S2,LINKUSDT,-1,2025-05-28T16:00:00+00:00,2025-05-28T23:30:00+00:00,2025,15.438,15.70693031,14.63120907,0.26893031,3.0,-1.017222,-1.017222,0.0,SL,91,7.5,0.5169,True,False,1969927.5,1.378,27145.6,-27613.1,1979421.25
S3,LINKUSDT,-1,2025-05-28T16:00:00+00:00,2025-05-28T17:10:00+00:00,2025,15.438,15.64989303,13.91406157,0.35857375,4.25,-0.603849,-0.603849,0.0,SL,15,1.17,0.106,True,False,1969927.5,3.3981,66940.11,-40421.72,1929505.78
S4,LINKUSDT,1,2025-05-29T01:00:00+00:00,2025-05-29T12:40:00+00:00,2025,16.033,15.61920852,24.10193392,0.41379148,19.5,-1.011624,-1.011624,0.0,SL,141,11.67,0.3698,True,False,1979421.25,1.6151,31969.63,-32341.25,1947080.0
S2,ETHUSDT,-1,2025-05-29T14:00:00+00:00,2025-05-30T23:00:00+00:00,2025,2659.25,2706.1105657,2518.6683029,46.8605657,3.0,2.982976,2.982976,0.0,TP,397,33.0,3.185,True,False,1947080.0,1.378,26830.76,80035.52,2239477.85
S2,LINKUSDT,-1,2025-05-29T14:00:00+00:00,2025-05-30T00:50:00+00:00,2025,15.514,15.8120296,14.61991119,0.2980296,3.0,2.984383,2.984383,0.0,TP,131,10.83,3.097,True,False,1947080.0,1.378,26830.76,80073.27,2119102.98
S3,ETHUSDT,-1,2025-05-29T14:00:00+00:00,2025-06-05T20:55:00+00:00,2025,2659.25,2703.45605657,2393.70679437,62.48075426,4.25,4.237232,4.237232,0.0,TP,2100,174.92,4.2722,True,False,1947080.0,3.3981,66163.73,280351.06,2698236.62
S2,BTCUSDT,-1,2025-05-29T19:00:00+00:00,2025-06-03T15:20:00+00:00,2025,105787.8,106768.3671884,102846.09843481,980.5671884,3.0,-1.032365,-1.032365,0.0,SL,1397,116.33,2.8103,True,False,1947080.0,1.378,26830.76,-27699.14,2054367.83
S5,BTCUSDT,-1,2025-05-29T23:00:00+00:00,2025-06-09T10:10:00+00:00,2025,105886.3,107097.90285707,99828.28571466,1211.60285707,5.0,-1.026218,-1.026218,0.0,SL,3015,251.17,4.5526,True,False,1947080.0,0.5216,10155.97,-10422.24,2670812.07
S2,ETHUSDT,-1,2025-05-30T14:00:00+00:00,2025-06-03T00:30:00+00:00,2025,2575.54,2623.51369396,2431.61891811,47.97369396,3.0,-1.016106,-1.016106,0.0,SL,991,82.5,2.3042,True,False,2159442.33,1.378,29757.12,-30236.38,2111665.02
S2,ETHUSDT,-1,2025-05-30T17:00:00+00:00,2025-06-02T23:00:00+00:00,2025,2539.29,2590.29359717,2386.27920849,51.00359717,3.0,-1.014936,-1.014936,0.0,SL,937,78.0,1.4566,True,False,2159442.33,1.378,29757.12,-30201.57,2141901.41
S4,BTCUSDT,1,2025-05-30T19:00:00+00:00,2025-05-31T01:30:00+00:00,2025,104891.98,103422.86987656,133539.62740709,1469.11012344,19.5,-1.021419,-1.021419,0.0,SL,79,6.5,0.066,True,False,2159442.33,1.6151,34877.15,-35624.19,2203853.66
S4,XRPUSDT,1,2025-05-31T05:00:00+00:00,2025-06-05T20:40:00+00:00,2025,2.1318,2.07015376,3.33390161,0.06164624,19.5,-1.010374,-1.010374,0.0,SL,1629,135.67,2.4251,True,False,2203853.66,1.6151,35594.44,-35963.7,2230855.7
S2,BTCUSDT,-1,2025-06-02T10:00:00+00:00,2025-06-02T22:10:00+00:00,2025,104530.4,105219.71330102,102462.46009695,689.31330102,3.0,-1.045493,-1.045493,0.0,SL,147,12.17,1.3489,True,False,2203853.66,1.378,30369.1,-31750.69,2172102.97
S2,DOGEUSDT,-1,2025-06-03T03:00:00+00:00,2025-06-05T16:15:00+00:00,2025,0.1966,0.2004548,0.18503559,0.0038548,3.0,2.9847,2.9847,0.0,TP,736,61.25,3.6578,True,False,2111665.02,1.378,29098.74,86851.02,2101791.32
S2,SOLUSDT,-1,2025-06-03T03:00:00+00:00,2025-06-03T14:55:00+00:00,2025,159.79,162.58361602,151.40915195,2.79361602,3.0,-1.017159,-1.017159,0.0,SL,144,11.92,0.5978,True,False,2111665.02,1.378,29098.74,-29598.05,2082066.97
S1,BTCUSDT,1,2025-06-03T15:00:00+00:00,2025-06-03T20:30:00+00:00,2025,106550.01,105491.62741442,119250.60102693,1058.38258558,12.0,-1.030202,-1.030202,0.0,SL,67,5.5,0.2312,True,False,2082066.97,0.9264,19288.27,-19870.81,2014940.3
S1,SOLUSDT,1,2025-06-03T15:00:00+00:00,2025-06-03T20:10:00+00:00,2025,163.08,159.56487756,205.26146931,3.51512244,12.0,-1.013918,-1.013918,0.0,SL,63,5.17,0.1394,True,False,2082066.97,0.9264,19288.27,-19556.72,2034811.11
S2,SOLUSDT,-1,2025-06-03T22:00:00+00:00,2025-06-04T09:55:00+00:00,2025,154.75,157.7303631,145.80891071,2.9803631,3.0,-1.015577,-1.015577,0.0,SL,144,11.92,0.2248,False,True,,,,,
S2,BTCUSDT,-1,2025-06-05T14:00:00+00:00,2025-06-05T19:15:00+00:00,2025,104527.0,105309.49476169,102179.51571493,782.49476169,3.0,2.959925,2.959925,0.0,TP,64,5.25,3.7449,True,False,2014940.3,1.378,27765.88,82184.91,2183976.23
S2,LINKUSDT,-1,2025-06-05T14:00:00+00:00,2025-06-05T20:20:00+00:00,2025,13.665,13.91546121,12.91361638,0.25046121,3.0,2.983632,2.983632,0.0,TP,77,6.33,3.4975,True,False,2014940.3,1.378,27765.88,82843.16,2266819.39
S2,BTCUSDT,-1,2025-06-05T17:00:00+00:00,2025-06-05T20:55:00+00:00,2025,103208.8,104136.10082778,100426.89751665,927.30082778,3.0,2.96661,2.96661,0.0,TP,48,3.92,3.0589,True,False,2101791.32,1.378,28962.68,85920.99,2784157.61
S2,DOGEUSDT,-1,2025-06-05T17:00:00+00:00,2025-06-05T20:40:00+00:00,2025,0.18093,0.18486964,0.16911107,0.00393964,3.0,2.986222,2.986222,0.0,TP,45,3.67,3.3379,True,False,2101791.32,1.378,28962.68,86489.01,2317344.7
S2,LINKUSDT,-1,2025-06-05T17:00:00+00:00,2025-06-05T20:40:00+00:00,2025,13.498,13.76640662,12.69278013,0.26840662,3.0,2.984913,2.984913,0.0,TP,45,3.67,3.1668,True,False,2101791.32,1.378,28962.68,86451.09,2403795.8
S2,SOLUSDT,-1,2025-06-05T17:00:00+00:00,2025-06-06T12:30:00+00:00,2025,148.57,151.27847939,140.44456184,2.70847939,3.0,-1.016456,-1.016456,0.0,SL,235,19.5,2.6362,True,False,2101791.32,1.378,28962.68,-29439.29,2681234.31
S5,BTCUSDT,-1,2025-06-05T21:00:00+00:00,2025-06-06T02:50:00+00:00,2025,100428.9,101948.23108296,92832.24458519,1519.33108296,5.0,-1.01983,-1.01983,0.0,SL,71,5.83,0.0386,True,False,2784157.61,0.5216,14522.17,-14810.14,2754638.95
S5,ETHUSDT,-1,2025-06-05T21:00:00+00:00,2025-06-06T09:20:00+00:00,2025,2397.53,2472.21826934,2024.0886533,74.68826934,5.0,-1.00963,-1.00963,0.0,SL,149,12.33,0.2398,True,False,2784157.61,0.5216,14522.17,-14662.01,2710673.6
S5,LINKUSDT,-1,2025-06-05T21:00:00+00:00,2025-06-06T03:20:00+00:00,2025,12.663,13.11549683,10.40051587,0.45249683,5.0,-1.008395,-1.008395,0.0,SL,77,6.33,0.0508,True,False,2784157.61,0.5216,14522.17,-14644.08,2725335.62
S5,SOLUSDT,-1,2025-06-05T21:00:00+00:00,2025-06-06T02:55:00+00:00,2025,141.74,146.24464823,119.21675886,4.50464823,5.0,-1.00944,-1.00944,0.0,SL,72,5.92,0.0511,True,False,2784157.61,0.5216,14522.17,-14659.26,2739979.7
S5,XRPUSDT,-1,2025-06-05T21:00:00+00:00,2025-06-06T02:00:00+00:00,2025,2.0589,2.10703462,1.81822689,0.04813462,5.0,-1.012832,-1.012832,0.0,SL,61,5.0,0.0187,True,False,2784157.61,0.5216,14522.17,-14708.51,2769449.09
S2,DOGEUSDT,-1,2025-06-09T14:00:00+00:00,2025-06-09T16:20:00+00:00,2025,0.1829,0.18582523,0.1741243,0.00292523,3.0,-1.018757,-1.018757,0.0,SL,29,2.33,0.1299,True,False,2670812.07,1.378,36803.79,-37494.12,2558174.73
S2,LINKUSDT,-1,2025-06-09T14:00:00+00:00,2025-06-09T15:10:00+00:00,2025,13.784,13.97931294,13.19806118,0.19531294,3.0,-1.021172,-1.021172,0.0,SL,15,1.17,0.0,True,False,2670812.07,1.378,36803.79,-37583.0,2633229.07
S2,SOLUSDT,-1,2025-06-09T14:00:00+00:00,2025-06-09T16:15:00+00:00,2025,153.31,155.54775119,146.59674642,2.23775119,3.0,-1.020553,-1.020553,0.0,SL,28,2.25,0.0626,True,False,2670812.07,1.378,36803.79,-37560.22,2595668.85
S1,ETHUSDT,1,2025-06-09T22:00:00+00:00,2025-06-12T20:00:00+00:00,2025,2642.58,2596.95033199,3190.13601611,45.62966801,12.0,0.982626,-1.017374,2.0,BE,841,70.0,5.1813,True,False,2558174.73,0.9264,23698.93,23287.19,2548113.22
S1,LINKUSDT,1,2025-06-09T22:00:00+00:00,2025-06-12T04:40:00+00:00,2025,14.29,14.02794319,17.43468173,0.26205681,12.0,0.983641,-1.016359,2.0,BE,657,54.67,5.1935,True,False,2558174.73,0.9264,23698.93,23311.24,2425009.4
S1,LINKUSDT,1,2025-06-10T01:00:00+00:00,2025-06-12T00:35:00+00:00,2025,14.469,14.204886,17.63836799,0.264114,12.0,0.983565,-1.016435,2.0,BE,572,47.58,4.4753,True,False,2558174.73,0.9264,23698.93,23309.44,2401698.16
S1,BTCUSDT,1,2025-06-10T10:00:00+00:00,2025-06-10T14:45:00+00:00,2025,109475.4,108493.55120664,121257.58552038,981.84879336,12.0,-1.03345,-1.03345,0.0,SL,58,4.75,0.3845,True,False,2558174.73,0.9264,23698.93,-24491.66,2533683.07
S2,BTCUSDT,-1,2025-06-10T11:00:00+00:00,2025-06-10T19:25:00+00:00,2025,109262.1,109979.77683824,107109.06948529,717.67683824,3.0,-1.045673,-1.045673,0.0,SL,102,8.42,1.3657,True,False,2558174.73,1.378,35251.65,-36861.7,2425117.94
S1,LINKUSDT,1,2025-06-10T12:00:00+00:00,2025-06-11T22:25:00+00:00,2025,15.159,14.79298784,19.55114594,0.36601216,12.0,-1.012425,-1.012425,0.0,SL,414,34.42,1.3442,True,False,2558174.73,0.9264,23698.93,-23993.39,2378388.72
S2,BTCUSDT,-1,2025-06-10T15:00:00+00:00,2025-06-10T18:55:00+00:00,2025,108579.0,109392.55570015,106138.33289956,813.55570015,3.0,-1.040039,-1.040039,0.0,SL,48,3.92,0.3651,True,False,2533683.07,1.378,34914.15,-36312.08,2497370.99
S2,DOGEUSDT,-1,2025-06-10T15:00:00+00:00,2025-06-10T19:05:00+00:00,2025,0.1905,0.19468128,0.17795617,0.00418128,3.0,-1.013668,-1.013668,0.0,SL,50,4.08,0.4855,True,False,2533683.07,1.378,34914.15,-35391.36,2461979.63
S1,SOLUSDT,1,2025-06-11T13:00:00+00:00,2025-06-11T18:15:00+00:00,2025,167.17,162.98975746,217.33291054,4.18024254,12.0,-1.011997,-1.011997,0.0,SL,64,5.25,0.2703,True,False,2425117.94,0.9264,22466.29,-22735.82,2402382.11
S2,ETHUSDT,-1,2025-06-11T18:00:00+00:00,2025-06-12T20:35:00+00:00,2025,2828.63,2879.89539927,2674.8338022,51.26539927,3.0,2.983447,2.983447,0.0,TP,320,26.58,3.2406,True,False,2425117.94,1.378,33418.13,99701.21,2647814.43
S2,LINKUSDT,-1,2025-06-11T18:00:00+00:00,2025-06-12T10:15:00+00:00,2025,15.272,15.62175585,14.22273246,0.34975585,3.0,2.986901,2.986901,0.0,TP,196,16.25,3.531,True,False,2425117.94,1.378,33418.13,99816.63,2524826.03
S2,DOGEUSDT,-1,2025-06-11T19:00:00+00:00,2025-06-12T20:40:00+00:00,2025,0.19587,0.20035978,0.18240067,0.00448978,3.0,2.986912,2.986912,0.0,TP,309,25.67,3.0336,True,False,2402382.11,1.378,33104.83,98881.2,2746695.63
S3,DOGEUSDT,-1,2025-06-11T19:00:00+00:00,2025-06-13T01:10:00+00:00,2025,0.19587,0.19892898,0.17042794,0.00598637,4.25,4.240184,4.240184,0.0,TP,363,30.17,4.3866,True,False,2402382.11,3.3981,81635.35,346148.89,3092844.52
S5,LINKUSDT,-1,2025-06-13T01:00:00+00:00,2025-06-16T07:00:00+00:00,2025,13.21,13.71050379,10.70748105,0.50050379,5.0,-1.007918,-1.007918,0.0,SL,937,78.0,0.9111,True,False,2746695.63,0.5216,14326.76,-14440.2,3035075.81
S2,SOLUSDT,-1,2025-06-15T21:00:00+00:00,2025-06-15T22:05:00+00:00,2025,148.77,151.45243273,140.72270182,2.68243273,3.0,-1.016638,-1.016638,0.0,SL,14,1.08,0.261,True,False,3092844.52,1.378,42619.4,-43328.5,3049516.02
S2,BTCUSDT,-1,2025-06-17T00:00:00+00:00,2025-06-17T03:10:00+00:00,2025,106750.1,107698.39921477,103905.2023557,948.29921477,3.0,-1.033771,-1.033771,0.0,SL,39,3.17,0.7193,True,False,3035075.81,1.378,41823.34,-43235.76,2991840.05
S2,DOGEUSDT,-1,2025-06-17T00:00:00+00:00,2025-06-17T03:10:00+00:00,2025,0.1726,0.17574298,0.16317106,0.00314298,3.0,-1.016475,-1.016475,0.0,SL,39,3.17,1.314,True,False,3035075.81,1.378,41823.34,-42512.38,2949327.67
S2,LINKUSDT,-1,2025-06-17T00:00:00+00:00,2025-06-17T17:00:00+00:00,2025,13.559,13.80941526,12.80775422,0.25041526,3.0,2.983756,2.983756,0.0,TP,205,17.0,3.0469,True,False,3035075.81,1.378,41823.34,124790.66,3031672.48
S2,SOLUSDT,-1,2025-06-17T00:00:00+00:00,2025-06-17T03:10:00+00:00,2025,150.67,153.7068011,141.55959671,3.0368011,3.0,-1.014884,-1.014884,0.0,SL,39,3.17,1.0735,True,False,3035075.81,1.378,41823.34,-42445.84,2906881.83
S2,XRPUSDT,-1,2025-06-17T00:00:00+00:00,2025-06-18T13:15:00+00:00,2025,2.2372,2.27619347,2.12021958,0.03899347,3.0,2.982788,2.982788,0.0,TP,448,37.25,3.08,True,False,3035075.81,1.378,41823.34,124750.17,3076217.5
S3,BTCUSDT,-1,2025-06-17T00:00:00+00:00,2025-06-21T21:30:00+00:00,2025,106750.1,108030.12992148,101376.40444965,1264.39895302,4.25,4.224672,4.224672,0.0,TP,1411,117.5,4.5319,True,False,3035075.81,3.3981,103134.91,435711.17,4344731.05
S3,DOGEUSDT,-1,2025-06-17T00:00:00+00:00,2025-06-21T21:20:00+00:00,2025,0.1726,0.1768143,0.15478978,0.00419064,4.25,4.237644,4.237644,0.0,TP,1409,117.33,4.5244,True,False,3035075.81,3.3981,103134.91,437049.04,3471953.0
S3,LINKUSDT,-1,2025-06-17T00:00:00+00:00,2025-06-21T21:20:00+00:00,2025,13.559,13.92004153,12.13998019,0.33388702,4.25,4.237817,4.237817,0.0,TP,1409,117.33,4.7291,True,False,3035075.81,3.3981,103134.91,437066.88,3909019.88
S3,SOLUSDT,-1,2025-06-17T00:00:00+00:00,2025-06-21T21:30:00+00:00,2025,150.67,154.35368011,133.46146045,4.04906813,4.25,4.238837,4.238837,0.0,TP,1411,117.5,4.9913,True,False,3035075.81,3.3981,103134.91,437172.08,4781903.13
S5,BTCUSDT,-1,2025-06-17T17:00:00+00:00,2025-06-17T19:10:00+00:00,2025,103574.2,104845.56783397,97217.36083015,1271.36783397,5.0,-1.02444,-1.02444,0.0,SL,27,2.17,0.2157,True,False,3031672.48,0.5216,15813.2,-16199.68,2999479.44
S5,DOGEUSDT,-1,2025-06-17T17:00:00+00:00,2025-06-17T18:55:00+00:00,2025,0.16404,0.16835938,0.14244309,0.00431938,5.0,-1.011393,-1.011393,0.0,SL,24,1.92,0.0532,True,False,3031672.48,0.5216,15813.2,-15993.36,3015679.12
S5,ETHUSDT,-1,2025-06-17T17:00:00+00:00,2025-06-17T19:15:00+00:00,2025,2460.26,2521.29461162,2155.08694192,61.03461162,5.0,-1.012093,-1.012093,0.0,SL,28,2.25,0.1358,True,False,3031672.48,0.5216,15813.2,-16004.43,2983475.01
S5,LINKUSDT,-1,2025-06-17T17:00:00+00:00,2025-06-17T19:15:00+00:00,2025,12.82,13.16815181,11.07924094,0.34815181,5.0,-1.011047,-1.011047,0.0,SL,28,2.25,0.0689,True,False,3031672.48,0.5216,15813.2,-15987.89,2967487.11
S5,XRPUSDT,-1,2025-06-17T17:00:00+00:00,2025-06-17T19:35:00+00:00,2025,2.1476,2.19691805,1.90100974,0.04931805,5.0,-1.013064,-1.013064,0.0,SL,32,2.58,0.1379,True,False,3031672.48,0.5216,15813.2,-16019.79,2951467.33
S2,ETHUSDT,-1,2025-06-17T21:00:00+00:00,2025-06-20T08:05:00+00:00,2025,2509.8,2557.47479453,2366.7756164,47.67479453,3.0,-1.015793,-1.015793,0.0,SL,710,59.08,0.9397,True,False,2951467.33,1.378,40671.22,-41313.54,3034903.96
S2,LINKUSDT,-1,2025-06-21T20:00:00+00:00,2025-06-22T13:25:00+00:00,2025,12.189,12.38815581,11.59153256,0.19915581,3.0,2.981639,2.981639,0.0,TP,210,17.42,4.4638,True,False,3034903.96,1.378,41820.98,124695.05,4906598.18
S3,LINKUSDT,-1,2025-06-21T20:00:00+00:00,2025-06-22T20:05:00+00:00,2025,12.189,12.35591558,11.06045039,0.26554109,4.25,4.236229,4.236229,0.0,TP,290,24.08,4.3383,True,False,3034903.96,3.3981,103129.07,436878.36,5352868.18
S5,XRPUSDT,-1,2025-06-21T20:00:00+00:00,2025-06-22T14:25:00+00:00,2025,2.0697,2.09786666,1.92886669,0.02816666,5.0,4.977956,4.977956,0.0,TP,222,18.42,5.1586,True,False,3034903.96,0.5216,15830.06,78801.34,4985399.52
S5,ETHUSDT,-1,2025-06-22T02:00:00+00:00,2025-06-23T20:15:00+00:00,2025,2265.27,2341.8824596,1882.20770202,76.6124596,5.0,-1.00887,-1.00887,0.0,SL,508,42.25,2.0136,True,False,4781903.13,0.5216,24942.41,-25163.65,5455006.9
S2,DOGEUSDT,-1,2025-06-22T10:00:00+00:00,2025-06-22T20:05:00+00:00,2025,0.15373,0.15698055,0.14397835,0.00325055,3.0,2.985812,2.985812,0.0,TP,122,10.08,3.0364,True,False,4781903.13,1.378,65894.63,196748.96,5549617.14
S2,DOGEUSDT,-1,2025-06-22T16:00:00+00:00,2025-06-22T18:00:00+00:00,2025,0.14615,0.15038706,0.13343881,0.00423706,3.0,-1.010348,-1.010348,0.0,SL,25,2.0,0.1463,True,False,4985399.52,1.378,68698.81,-69409.7,4915989.82
S2,SOLUSDT,-1,2025-06-22T16:00:00+00:00,2025-06-22T22:40:00+00:00,2025,128.51,132.05178481,117.88464558,3.54178481,3.0,-1.010885,-1.010885,0.0,SL,81,6.67,0.7567,True,False,4985399.52,1.378,68698.81,-69446.59,5480170.55
S1,DOGEUSDT,1,2025-06-23T23:00:00+00:00,2025-06-26T13:35:00+00:00,2025,0.16454,0.1588261,0.23310684,0.0057139,12.0,-1.008639,-1.008639,0.0,SL,752,62.58,0.6213,True,False,5455006.9,0.9264,50535.18,-50971.76,5404035.15
S1,LINKUSDT,1,2025-06-23T23:00:00+00:00,2025-07-18T01:35:00+00:00,2025,12.848,12.36828661,18.6045607,0.47971339,12.0,11.991965,11.991965,0.0,TP,6944,578.58,12.1322,True,False,5455006.9,0.9264,50535.18,606016.16,5294614.98
S2,LINKUSDT,-1,2025-06-27T18:00:00+00:00,2025-06-28T01:55:00+00:00,2025,12.871,13.11466553,12.14000342,0.24366553,3.0,-1.015847,-1.015847,0.0,SL,96,7.92,0.6238,True,False,5404035.15,1.378,74467.6,-75647.69,5252712.06
S2,DOGEUSDT,-1,2025-06-27T19:00:00+00:00,2025-06-27T20:45:00+00:00,2025,0.15744,0.16035206,0.14870381,0.00291206,3.0,-1.016219,-1.016219,0.0,SL,22,1.75,0.0549,True,False,5404035.15,1.378,74467.6,-75675.39,5328359.75
S1,DOGEUSDT,1,2025-06-29T23:00:00+00:00,2025-06-30T03:25:00+00:00,2025,0.16926,0.16664657,0.20062118,0.00261343,12.0,-1.01943,-1.01943,0.0,SL,54,4.42,0.2793,True,False,5252712.06,0.9264,48661.12,-49606.61,5153511.54
S1,ETHUSDT,1,2025-06-29T23:00:00+00:00,2025-06-30T06:45:00+00:00,2025,2501.0,2467.63018778,2901.43774659,33.36981222,12.0,-1.022484,-1.022484,0.0,SL,94,7.75,0.7015,True,False,5252712.06,0.9264,48661.12,-49755.22,5052885.35
S1,LINKUSDT,1,2025-06-29T23:00:00+00:00,2025-06-30T02:00:00+00:00,2025,13.77,13.5544945,16.35606595,0.2155055,12.0,-1.019169,-1.019169,0.0,SL,37,3.0,0.464,True,False,5252712.06,0.9264,48661.12,-49593.91,5203118.15
S1,BTCUSDT,1,2025-06-30T01:00:00+00:00,2025-06-30T06:35:00+00:00,2025,108665.6,107947.74473487,117279.86318153,717.85526513,12.0,-1.045413,-1.045413,0.0,SL,68,5.58,0.1454,True,False,5252712.06,0.9264,48661.12,-50870.97,5102640.57
S2,LINKUSDT,-1,2025-06-30T02:00:00+00:00,2025-07-01T12:20:00+00:00,2025,13.58,13.74887069,13.07338792,0.16887069,3.0,2.975875,2.975875,0.0,TP,413,34.33,3.0852,True,False,5203118.15,1.378,71698.97,213367.17,4898366.68
S2,BTCUSDT,-1,2025-06-30T07:00:00+00:00,2025-07-01T14:40:00+00:00,2025,107571.73,108118.55811759,105931.24564722,546.82811759,3.0,2.940984,2.940984,0.0,TP,381,31.67,3.0442,True,False,5052885.35,1.378,69628.76,204777.07,5103143.75
S2,ETHUSDT,-1,2025-06-30T07:00:00+00:00,2025-06-30T17:55:00+00:00,2025,2463.0,2490.7889739,2379.6330783,27.7889739,3.0,-1.02659,-1.02659,0.0,SL,132,10.92,1.1202,True,False,5052885.35,1.378,69628.76,-71480.19,4765093.39
S3,BTCUSDT,-1,2025-06-30T07:00:00+00:00,2025-07-02T15:10:00+00:00,2025,107571.73,108354.67281176,104473.03733364,729.10415679,4.25,-1.118104,-1.118104,0.0,SL,675,56.17,3.5135,True,False,5052885.35,3.3981,171702.1,-191980.8,4865206.17
S2,ETHUSDT,-1,2025-06-30T10:00:00+00:00,2025-06-30T15:45:00+00:00,2025,2450.53,2479.81311795,2362.68064615,29.28311795,3.0,-1.025105,-1.025105,0.0,SL,70,5.75,0.6372,True,False,5052885.35,1.378,69628.76,-71376.79,4907972.65
S2,BTCUSDT,-1,2025-06-30T15:00:00+00:00,2025-06-30T15:40:00+00:00,2025,106803.32,107374.31841328,105090.32476015,570.99841328,3.0,-1.056114,-1.056114,0.0,SL,9,0.67,0.1226,True,False,5052885.35,1.378,69628.76,-73535.91,4979349.44
S2,ETHUSDT,-1,2025-06-30T15:00:00+00:00,2025-06-30T15:45:00+00:00,2025,2437.72,2466.48363502,2351.42909493,28.76363502,3.0,-1.025425,-1.025425,0.0,SL,10,0.75,0.1199,True,False,5052885.35,1.378,69628.76,-71399.07,4836573.58
S1,XRPUSDT,1,2025-06-30T20:00:00+00:00,2025-06-30T21:05:00+00:00,2025,2.3193,2.2771154,2.82551517,0.0421846,12.0,-1.016494,-1.016494,0.0,SL,14,1.08,0.1375,False,True,,,,,
S2,XRPUSDT,-1,2025-06-30T23:00:00+00:00,2025-07-01T20:00:00+00:00,2025,2.2594,2.29451885,2.15404345,0.03511885,3.0,2.980699,2.980699,0.0,TP,253,21.0,3.2575,False,True,,,,,
S2,XRPUSDT,-1,2025-07-01T00:00:00+00:00,2025-07-02T16:40:00+00:00,2025,2.2358,2.27118536,2.12964392,0.03538536,3.0,-1.018955,-1.018955,0.0,SL,489,40.67,2.566,True,False,4765093.39,1.378,65662.99,-66907.63,4798298.54
S3,XRPUSDT,-1,2025-07-01T00:00:00+00:00,2025-07-02T16:40:00+00:00,2025,2.2358,2.26293854,2.03528296,0.04718048,4.25,-0.589423,-0.589423,0.0,SL,489,40.67,1.9245,True,False,4765093.39,3.3981,161922.64,-95440.93,4702857.61
S2,BTCUSDT,-1,2025-07-01T05:00:00+00:00,2025-07-02T01:15:00+00:00,2025,106836.3,107438.25008739,105030.44973782,601.95008739,3.0,2.946755,2.946755,0.0,TP,244,20.25,3.034,True,False,4765093.39,1.378,65662.99,193492.73,5296636.48
S4,BTCUSDT,1,2025-07-01T08:00:00+00:00,2025-07-01T10:45:00+00:00,2025,107134.8,106345.23894461,122531.24058018,789.56105539,19.5,-1.040707,-1.040707,0.0,SL,34,2.75,0.0054,True,False,4765093.39,1.6151,76961.02,-80093.88,4684999.51
S2,BTCUSDT,-1,2025-07-01T10:00:00+00:00,2025-07-02T07:50:00+00:00,2025,106556.39,107154.90361618,104760.84915146,598.51361618,3.0,-1.053411,-1.053411,0.0,SL,263,21.83,2.5837,True,False,4765093.39,1.378,65662.99,-69170.11,5126563.76
S2,ETHUSDT,-1,2025-07-01T13:00:00+00:00,2025-07-02T14:25:00+00:00,2025,2436.25,2462.52950032,2357.41149904,26.27950032,3.0,-1.027812,-1.027812,0.0,SL,306,25.42,2.615,True,False,4898366.68,1.378,67499.49,-69376.79,5057186.97
S2,BTCUSDT,-1,2025-07-01T15:00:00+00:00,2025-07-02T06:05:00+00:00,2025,105925.01,106646.35967543,103760.96097372,721.34967543,3.0,-1.044053,-1.044053,0.0,SL,182,15.08,1.2685,True,False,5103143.75,1.378,70321.32,-73419.19,5195733.87
S5,BTCUSDT,-1,2025-07-01T20:00:00+00:00,2025-07-02T04:50:00+00:00,2025,105340.1,106312.08359173,100480.18204136,971.98359173,5.0,-1.032513,-1.032513,0.0,SL,107,8.83,0.3396,True,False,5103143.75,0.5216,26618.0,-27483.43,5269153.05
S4,BTCUSDT,1,2025-07-02T07:00:00+00:00,2025-07-04T14:00:00+00:00,2025,106964.4,106045.91553569,124874.84705405,918.48446431,19.5,0.965063,19.465063,-18.5,BE,661,55.0,3.8812,True,False,5195733.87,1.6151,83916.3,80984.51,4609029.22
S1,BTCUSDT,1,2025-07-02T15:00:00+00:00,2025-07-04T19:25:00+00:00,2025,108140.0,107214.35106156,119247.78726129,925.64893844,12.0,-1.035048,-1.035048,0.0,SL,630,52.42,2.5811,True,False,5057186.97,0.9264,46849.78,-48491.77,4468061.3
S1,BTCUSDT,1,2025-07-02T16:00:00+00:00,2025-07-04T14:05:00+00:00,2025,108737.75,107783.5474143,120188.18102834,954.2025857,12.0,-1.034187,-1.034187,0.0,SL,554,46.08,1.8774,True,False,4865206.17,0.9264,45071.27,-46612.12,4562417.1
S1,DOGEUSDT,1,2025-07-02T16:00:00+00:00,2025-07-04T15:20:00+00:00,2025,0.16572,0.16289339,0.19963936,0.00282661,12.0,-1.017589,-1.017589,0.0,SL,569,47.33,3.4175,True,False,4865206.17,0.9264,45071.27,-45864.03,4516553.07
S1,DOGEUSDT,1,2025-07-02T17:00:00+00:00,2025-07-03T00:20:00+00:00,2025,0.17182,0.16819957,0.21526512,0.00362043,12.0,-1.014238,-1.014238,0.0,SL,89,7.33,0.2182,False,True,,,,,
S1,ETHUSDT,1,2025-07-02T17:00:00+00:00,2025-07-04T14:10:00+00:00,2025,2559.78,2514.36859056,3104.71691329,45.41140944,12.0,-1.016911,-1.016911,0.0,SL,543,45.17,1.6564,False,True,,,,,
S1,XRPUSDT,1,2025-07-02T20:00:00+00:00,2025-07-04T07:30:00+00:00,2025,2.2638,2.22175947,2.76828637,0.04204053,12.0,-1.016154,-1.016154,0.0,SL,427,35.5,1.1869,False,True,,,,,
S1,DOGEUSDT,1,2025-07-03T06:00:00+00:00,2025-07-03T15:35:00+00:00,2025,0.17394,0.16991088,0.22228944,0.00402912,12.0,-1.012951,-1.012951,0.0,SL,116,9.58,0.3574,True,False,4702857.61,0.9264,43567.27,-44131.51,4658726.1
S2,BTCUSDT,-1,2025-07-03T15:00:00+00:00,2025-07-09T19:35:00+00:00,2025,109669.9,110596.08208709,106891.35373874,926.18208709,3.0,-1.035523,-1.035523,0.0,SL,1784,148.58,2.6668,True,False,4702857.61,1.378,64805.38,-67107.46,3409087.34
S2,SOLUSDT,-1,2025-07-03T15:00:00+00:00,2025-07-09T13:05:00+00:00,2025,152.18,154.64742547,144.77772358,2.46742547,3.0,-1.018503,-1.018503,0.0,SL,1706,142.08,2.8653,True,False,4702857.61,1.378,64805.38,-66004.47,3542627.91
S2,BTCUSDT,-1,2025-07-03T16:00:00+00:00,2025-07-09T19:20:00+00:00,2025,109089.9,110029.58693801,106270.83918597,939.68693801,3.0,-1.034828,-1.034828,0.0,SL,1769,147.33,2.0112,True,False,4658726.1,1.378,64197.25,-66433.11,3476194.8
S2,ETHUSDT,-1,2025-07-03T16:00:00+00:00,2025-07-08T17:10:00+00:00,2025,2569.14,2611.2375518,2442.84734461,42.0975518,3.0,-1.018308,-1.018308,0.0,SL,1455,121.17,2.2821,True,False,4658726.1,1.378,64197.25,-65372.57,3733680.39
S2,LINKUSDT,-1,2025-07-03T16:00:00+00:00,2025-07-08T18:45:00+00:00,2025,13.61,13.86484065,12.84547804,0.25484065,3.0,-1.016022,-1.016022,0.0,SL,1474,122.75,2.6801,True,False,4658726.1,1.378,64197.25,-65225.81,3668454.58
S2,SOLUSDT,-1,2025-07-03T16:00:00+00:00,2025-07-03T20:55:00+00:00,2025,150.09,152.70582365,142.24252904,2.61582365,3.0,-1.017213,-1.017213,0.0,SL,60,4.92,0.1109,True,False,4658726.1,1.378,64197.25,-65302.27,4528044.71
S2,XRPUSDT,-1,2025-07-03T16:00:00+00:00,2025-07-03T18:55:00+00:00,2025,2.2428,2.27934672,2.13315985,0.03654672,3.0,-1.01841,-1.01841,0.0,SL,36,2.92,0.0137,True,False,4658726.1,1.378,64197.25,-65379.12,4593346.98
S2,SOLUSDT,-1,2025-07-04T08:00:00+00:00,2025-07-06T16:50:00+00:00,2025,150.42,152.62251699,143.81244902,2.20251699,3.0,-1.020488,-1.020488,0.0,SL,683,56.83,2.4109,True,False,4528044.71,1.378,62396.46,-63674.83,4404386.47
S1,XRPUSDT,1,2025-07-06T13:00:00+00:00,2025-07-06T18:45:00+00:00,2025,2.2731,2.24565391,2.60245304,0.02744609,12.0,-1.024846,-1.024846,0.0,SL,70,5.75,0.5939,True,False,4468061.3,0.9264,41392.12,-42420.55,4361965.92
S1,SOLUSDT,1,2025-07-06T17:00:00+00:00,2025-07-06T19:35:00+00:00,2025,153.05,150.74011147,180.76866236,2.30988853,12.0,-1.019878,-1.019878,0.0,SL,32,2.58,0.039,True,False,4404386.47,0.9264,40802.24,-41613.3,4320352.61
S1,LINKUSDT,1,2025-07-07T07:00:00+00:00,2025-07-07T13:15:00+00:00,2025,13.668,13.44860288,16.30076539,0.21939712,12.0,-1.018689,-1.018689,0.0,SL,76,6.25,0.2507,True,False,4320352.61,0.9264,40023.75,-40771.75,4279580.86
S2,BTCUSDT,-1,2025-07-07T13:00:00+00:00,2025-07-08T10:40:00+00:00,2025,108346.86,108879.11073317,106750.10780048,532.25073317,3.0,-1.061069,-1.061069,0.0,SL,261,21.67,1.7234,True,False,4320352.61,1.378,59534.46,-63170.17,4037323.86
S3,BTCUSDT,-1,2025-07-07T13:00:00+00:00,2025-07-08T10:35:00+00:00,2025,108346.86,108695.24507332,105330.77251201,709.66764423,4.25,-0.536715,-0.536715,0.0,SL,260,21.58,1.2926,True,False,4320352.61,3.3981,146809.9,-78795.08,4100494.03
S1,XRPUSDT,1,2025-07-07T14:00:00+00:00,2025-07-07T14:40:00+00:00,2025,2.343,2.30610444,2.78574676,0.03689556,12.0,-1.019051,-1.019051,0.0,SL,9,0.67,0.019,True,False,4279580.86,0.9264,39646.04,-40401.33,4239179.53
S2,ETHUSDT,-1,2025-07-07T15:00:00+00:00,2025-07-08T06:45:00+00:00,2025,2530.2,2560.27146001,2439.98561997,30.07146001,3.0,-1.025242,-1.025242,0.0,SL,190,15.75,0.8257,True,False,4239179.53,1.378,58415.89,-59890.43,4179289.1
S2,LINKUSDT,-1,2025-07-07T15:00:00+00:00,2025-07-08T13:55:00+00:00,2025,13.476,13.66425353,12.91123941,0.18825353,3.0,-1.021475,-1.021475,0.0,SL,276,22.92,1.5139,True,False,4239179.53,1.378,58415.89,-59670.38,3858681.04
S2,SOLUSDT,-1,2025-07-07T15:00:00+00:00,2025-07-09T05:40:00+00:00,2025,151.61,153.4993017,145.94209489,1.8893017,3.0,-1.024074,-1.024074,0.0,SL,465,38.67,2.1225,True,False,4239179.53,1.378,58415.89,-59822.2,3608632.38
S2,DOGEUSDT,-1,2025-07-07T17:00:00+00:00,2025-07-08T10:40:00+00:00,2025,0.16708,0.16989012,0.15864963,0.00281012,3.0,-1.017837,-1.017837,0.0,SL,213,17.67,0.5338,True,False,4239179.53,1.378,58415.89,-59457.86,3977866.0
S2,LINKUSDT,-1,2025-07-07T17:00:00+00:00,2025-07-08T13:55:00+00:00,2025,13.397,13.59068289,12.81595133,0.19368289,3.0,-1.020751,-1.020751,0.0,SL,252,20.92,1.0636,True,False,4239179.53,1.378,58415.89,-59628.08,3799052.96
S2,XRPUSDT,-1,2025-07-07T21:00:00+00:00,2025-07-08T12:30:00+00:00,2025,2.2644,2.30051947,2.15604159,0.03611947,3.0,-1.018808,-1.018808,0.0,SL,187,15.5,0.479,True,False,4239179.53,1.378,58415.89,-59514.58,3918351.42
S1,ETHUSDT,1,2025-07-09T19:00:00+00:00,2025-07-16T16:35:00+00:00,2025,2716.89,2669.75689583,3282.48725001,47.13310417,12.0,11.982707,11.982707,0.0,TP,1988,165.58,12.1142,True,False,3542627.91,0.9264,32818.9,393259.32,4310054.49
S1,BTCUSDT,1,2025-07-09T20:00:00+00:00,2025-07-09T20:50:00+00:00,2025,111718.8,110598.20045597,125165.99452834,1120.59954403,12.0,-1.029909,-1.029909,0.0,SL,11,0.83,0.1898,False,True,,,,,
S2,BTCUSDT,-1,2025-07-09T21:00:00+00:00,2025-07-10T16:15:00+00:00,2025,110714.97,111642.39825388,107932.68523837,927.42825388,3.0,-1.035814,-1.035814,0.0,SL,232,19.25,0.3049,False,True,,,,,
S1,BTCUSDT,1,2025-07-09T23:00:00+00:00,2025-08-02T17:50:00+00:00,2025,111328.0,110097.29816391,126096.42203308,1230.70183609,12.0,0.972862,-1.027138,2.0,BE,6851,570.83,9.6612,False,True,,,,,
S1,ETHUSDT,1,2025-07-09T23:00:00+00:00,2025-07-17T07:40:00+00:00,2025,2779.12,2723.07158507,3451.70097921,56.04841493,12.0,11.985125,11.985125,0.0,TP,2121,176.67,12.3657,False,True,,,,,
S1,BTCUSDT,1,2025-07-10T18:00:00+00:00,2025-07-25T07:50:00+00:00,2025,113722.83,112599.05373915,127208.14513019,1123.77626085,12.0,0.969641,-1.030359,2.0,BE,4199,349.83,8.4493,True,False,3409087.34,0.9264,31581.79,30622.99,4757507.72
S1,BTCUSDT,1,2025-07-10T22:00:00+00:00,2025-07-15T02:15:00+00:00,2025,116490.52,114956.20193862,134902.3367366,1534.31806138,12.0,0.977223,-1.022777,2.0,BE,1204,100.25,4.3847,True,False,3409087.34,0.9264,31581.79,30862.45,3808474.25
S1,SOLUSDT,1,2025-07-10T22:00:00+00:00,2025-07-11T22:25:00+00:00,2025,163.77,160.30978558,205.29257302,3.46021442,12.0,-1.014199,-1.014199,0.0,SL,294,24.42,1.2745,True,False,3409087.34,0.9264,31581.79,-32030.21,3918754.21
S1,DOGEUSDT,1,2025-07-10T23:00:00+00:00,2025-07-11T22:20:00+00:00,2025,0.19388,0.18909791,0.25126512,0.00478209,12.0,0.987837,-1.012163,2.0,BE,281,23.33,4.1509,True,False,3409087.34,0.9264,31581.79,31197.66,3950784.43
S1,BTCUSDT,1,2025-07-11T03:00:00+00:00,2025-07-15T02:15:00+00:00,2025,116614.7,115096.68813815,134830.84234215,1518.01186185,12.0,0.976954,-1.023046,2.0,BE,1144,95.25,4.35,True,False,3409087.34,0.9264,31581.79,30853.95,3839328.2
S1,DOGEUSDT,1,2025-07-11T03:00:00+00:00,2025-07-12T15:30:00+00:00,2025,0.19886,0.19332681,0.2652583,0.00553319,12.0,-1.010782,-1.010782,0.0,SL,439,36.5,2.6874,True,False,3409087.34,0.9264,31581.79,-31922.3,3886831.91
S1,XRPUSDT,1,2025-07-11T03:00:00+00:00,2025-07-17T09:00:00+00:00,2025,2.5874,2.53131468,3.26042381,0.05608532,12.0,11.98616,11.98616,0.0,TP,1801,150.0,12.1369,True,False,3409087.34,0.9264,31581.79,378544.33,4688598.82
S1,XRPUSDT,1,2025-07-11T11:00:00+00:00,2025-07-11T16:05:00+00:00,2025,2.647,2.58704961,3.36640462,0.05995039,12.0,0.986754,11.986754,-11.0,BE,62,5.08,5.5162,True,False,3938669.73,0.9264,36487.84,36004.52,3974674.24
S2,LINKUSDT,-1,2025-07-11T16:00:00+00:00,2025-07-11T18:00:00+00:00,2025,15.484,15.79426395,14.55320815,0.31026395,3.0,-1.014972,-1.014972,0.0,SL,25,2.0,0.2224,True,False,3938669.73,1.378,54274.87,-55087.47,3919586.77
S2,SOLUSDT,-1,2025-07-11T16:00:00+00:00,2025-07-14T02:45:00+00:00,2025,162.27,165.31826391,153.12520828,3.04826391,3.0,-1.01597,-1.01597,0.0,SL,706,58.75,1.5123,True,False,3938669.73,1.378,54274.87,-55141.64,3777611.8
S2,XRPUSDT,-1,2025-07-12T16:00:00+00:00,2025-07-13T01:45:00+00:00,2025,2.6812,2.76438293,2.4316512,0.08318293,3.0,-1.00967,-1.00967,0.0,SL,118,9.75,0.137,True,False,3886831.91,1.378,53560.54,-54078.47,3832753.44
S2,BTCUSDT,-1,2025-07-14T16:00:00+00:00,2025-07-15T14:50:00+00:00,2025,119863.1,121081.92659334,116206.62021998,1218.82659334,3.0,2.970497,2.970497,0.0,TP,275,22.83,3.1859,True,False,3777611.8,1.378,52055.49,154630.68,3993958.88
S2,ETHUSDT,-1,2025-07-15T15:00:00+00:00,2025-07-15T15:40:00+00:00,2025,2976.91,3030.08314772,2817.39055684,53.17314772,3.0,-1.016796,-1.016796,0.0,SL,9,0.67,0.2001,True,False,3993958.88,1.378,55036.75,-55961.15,3937997.73
S5,BTCUSDT,-1,2025-07-15T15:00:00+00:00,2025-07-15T23:00:00+00:00,2025,115979.6,117938.29123462,106186.14382688,1958.69123462,5.0,-1.017764,-1.017764,0.0,SL,97,8.0,0.1172,True,False,3993958.88,0.5216,20832.49,-21202.56,3916795.17
S1,ETHUSDT,1,2025-07-16T00:00:00+00:00,2025-08-09T05:05:00+00:00,2025,3137.62,3056.1437122,4115.33545359,81.4762878,12.0,11.988447,11.988447,0.0,TP,6974,581.08,13.2846,True,False,3916795.17,0.9264,36285.19,435003.08,5726933.82
S1,XRPUSDT,1,2025-07-18T01:00:00+00:00,2025-07-18T07:40:00+00:00,2025,3.6557,3.49310992,5.60678094,0.16259008,12.0,-1.006745,-1.006745,0.0,SL,81,6.67,0.0547,True,False,4688598.82,0.9264,43435.18,-43728.15,5250886.83
S1,DOGEUSDT,1,2025-07-18T02:00:00+00:00,2025-07-23T13:40:00+00:00,2025,0.23238,0.22165132,0.3611242,0.01072868,12.0,0.993502,-1.006498,2.0,BE,1581,131.67,5.1535,True,False,5294614.98,0.9264,49049.31,48730.59,4726884.72
S1,ETHUSDT,1,2025-07-18T02:00:00+00:00,2025-07-18T20:05:00+00:00,2025,3615.56,3506.80909316,4920.57088202,108.75090684,12.0,-1.009974,-1.009974,0.0,SL,218,18.08,0.5413,True,False,5294614.98,0.9264,49049.31,-49538.53,5124430.06
S1,DOGEUSDT,1,2025-07-18T06:00:00+00:00,2025-07-18T18:15:00+00:00,2025,0.24465,0.23328502,0.38102979,0.01136498,12.0,-1.006458,-1.006458,0.0,SL,148,12.25,0.857,True,False,5294614.98,0.9264,49049.31,-49366.07,5173968.59
S5,DOGEUSDT,-1,2025-07-18T08:00:00+00:00,2025-07-18T13:30:00+00:00,2025,0.23927,0.25129215,0.17915924,0.01202215,5.0,-1.005971,-1.005971,0.0,SL,67,5.5,0.2653,True,False,5250886.83,0.5216,27388.63,-27552.16,5223334.66
S4,BTCUSDT,1,2025-07-21T01:00:00+00:00,2025-07-22T01:15:00+00:00,2025,117352.05,116341.50569713,137057.66390591,1010.54430287,19.5,-1.034838,-1.034838,0.0,SL,292,24.25,2.3438,True,False,5124430.06,1.6151,82764.67,-85648.03,4953336.12
S4,BTCUSDT,1,2025-07-21T03:00:00+00:00,2025-07-21T18:45:00+00:00,2025,118183.92,117089.49139192,139525.27785765,1094.42860808,19.5,-1.032396,-1.032396,0.0,SL,190,15.75,1.4041,True,False,5124430.06,1.6151,82764.67,-85445.91,5038984.15
S2,ETHUSDT,-1,2025-07-22T05:00:00+00:00,2025-07-22T16:00:00+00:00,2025,3654.74,3729.96713095,3429.05860715,75.22713095,3.0,-1.014575,-1.014575,0.0,SL,133,11.0,0.5079,True,False,4953336.12,1.378,68256.97,-69251.82,4678154.13
S2,LINKUSDT,-1,2025-07-22T05:00:00+00:00,2025-07-22T15:00:00+00:00,2025,18.865,19.43757487,17.14727538,0.57257487,3.0,-1.009884,-1.009884,0.0,SL,121,10.0,0.4139,True,False,4953336.12,1.378,68256.97,-68931.62,4815404.14
S2,SOLUSDT,-1,2025-07-22T05:00:00+00:00,2025-07-22T06:20:00+00:00,2025,194.36,199.71401516,178.29795453,5.35401516,3.0,-1.010891,-1.010891,0.0,SL,17,1.33,0.0,True,False,4953336.12,1.378,68256.97,-69000.36,4884335.76
S2,SOLUSDT,-1,2025-07-22T14:00:00+00:00,2025-07-22T15:10:00+00:00,2025,199.06,204.86807643,181.63577071,5.80807643,3.0,-1.010282,-1.010282,0.0,SL,15,1.17,0.3736,True,False,4884335.76,1.378,67306.15,-67998.19,4747405.95
S5,XRPUSDT,-1,2025-07-23T17:00:00+00:00,2025-08-08T02:45:00+00:00,2025,3.2305,3.33825975,2.69170123,0.10775975,5.0,-1.008994,-1.008994,0.0,SL,4438,369.75,4.6761,True,False,4726884.72,0.5216,24655.43,-24877.18,5605675.91
S5,BTCUSDT,-1,2025-07-25T15:00:00+00:00,2025-07-25T18:55:00+00:00,2025,114934.5,116525.66022266,106978.69888671,1591.16022266,5.0,-1.02167,-1.02167,0.0,SL,48,3.92,0.038,True,False,4757507.72,0.5216,24815.16,-25352.9,4732154.81
S2,BTCUSDT,-1,2025-07-28T08:00:00+00:00,2025-07-29T16:35:00+00:00,2025,118900.01,119524.65955679,117026.06132962,624.64955679,3.0,2.942896,2.942896,0.0,TP,392,32.58,3.1206,True,False,4732154.81,1.378,65209.09,191903.58,4569138.14
S2,BTCUSDT,-1,2025-07-28T15:00:00+00:00,2025-07-29T03:45:00+00:00,2025,117985.94,118665.94925808,115945.91222575,680.00925808,3.0,-1.052052,-1.052052,0.0,SL,154,12.75,0.8212,True,False,4732154.81,1.378,65209.09,-68603.36,4586139.47
S2,DOGEUSDT,-1,2025-07-28T15:00:00+00:00,2025-07-30T11:45:00+00:00,2025,0.2321,0.23750407,0.2158878,0.00540407,3.0,2.987115,2.987115,0.0,TP,538,44.75,3.0699,True,False,4732154.81,1.378,65209.09,194787.06,4958535.09
S2,ETHUSDT,-1,2025-07-28T15:00:00+00:00,2025-07-29T07:05:00+00:00,2025,3783.48,3837.38293129,3621.77120614,53.90293129,3.0,-1.021057,-1.021057,0.0,SL,194,16.08,1.0439,True,False,4732154.81,1.378,65209.09,-66582.2,4377234.56
S2,LINKUSDT,-1,2025-07-28T15:00:00+00:00,2025-07-30T10:55:00+00:00,2025,18.471,18.82615523,17.40553431,0.35515523,3.0,2.984398,2.984398,0.0,TP,528,43.92,3.0128,True,False,4732154.81,1.378,65209.09,194609.89,4763748.03
S3,BTCUSDT,-1,2025-07-28T15:00:00+00:00,2025-07-29T03:55:00+00:00,2025,117985.94,118753.02092581,114132.5542042,906.67901078,4.25,-0.885073,-0.885073,0.0,SL,156,12.92,0.6159,True,False,4732154.81,3.3981,160803.35,-142322.71,4443816.76
S3,DOGEUSDT,-1,2025-07-28T15:00:00+00:00,2025-08-01T08:05:00+00:00,2025,0.2321,0.23846041,0.20147696,0.00720542,4.25,4.240336,4.240336,0.0,TP,1070,89.08,4.3495,True,False,4732154.81,3.3981,160803.35,681860.25,5899903.19
S3,LINKUSDT,-1,2025-07-28T15:00:00+00:00,2025-08-01T00:50:00+00:00,2025,18.471,18.86151552,16.45845371,0.4735403,4.25,4.238298,4.238298,0.0,TP,983,81.83,4.2953,True,False,4732154.81,3.3981,160803.35,681532.53,5218042.94
S4,XRPUSDT,1,2025-07-28T20:00:00+00:00,2025-07-29T00:40:00+00:00,2025,3.1591,3.08541222,4.59601167,0.07368778,19.5,-1.012861,-1.012861,0.0,SL,57,4.67,0.0434,True,False,4732154.81,1.6151,76429.03,-77411.99,4654742.83
S2,ETHUSDT,-1,2025-07-29T11:00:00+00:00,2025-08-01T00:10:00+00:00,2025,3828.72,3884.84095704,3660.35712888,56.12095704,3.0,2.979533,2.979533,0.0,TP,735,61.17,3.0819,False,True,,,,,
S2,BTCUSDT,-1,2025-07-29T15:00:00+00:00,2025-07-30T14:50:00+00:00,2025,117823.66,118587.17724218,115533.10827347,763.51724218,3.0,-1.046295,-1.046295,0.0,SL,287,23.83,1.1433,False,True,,,,,
S2,ETHUSDT,-1,2025-07-29T15:00:00+00:00,2025-07-31T00:40:00+00:00,2025,3780.61,3840.98185311,3599.49444068,60.37185311,3.0,-1.018787,-1.018787,0.0,SL,405,33.67,1.8321,False,True,,,,,
S2,BTCUSDT,-1,2025-07-29T16:00:00+00:00,2025-07-30T03:50:00+00:00,2025,117400.02,118182.22065345,115053.41803965,782.20065345,3.0,-1.045027,-1.045027,0.0,SL,143,11.83,0.5744,False,True,,,,,
S4,BTCUSDT,1,2025-07-29T17:00:00+00:00,2025-07-30T18:55:00+00:00,2025,117739.03,116655.25109573,138872.71863329,1083.77890427,19.5,-1.032591,-1.032591,0.0,SL,312,25.92,0.9453,True,False,4569138.14,1.6151,73796.15,-76201.24,4882333.85
S2,BTCUSDT,-1,2025-07-30T16:00:00+00:00,2025-07-31T07:15:00+00:00,2025,118000.01,118852.1637703,115443.5486891,852.1537703,3.0,-1.041542,-1.041542,0.0,SL,184,15.25,2.5861,True,False,4958535.09,1.378,68328.61,-71167.12,4536510.42
S2,BTCUSDT,-1,2025-07-30T19:00:00+00:00,2025-07-30T22:05:00+00:00,2025,116476.9,117400.15618927,113707.1314322,923.25618927,3.0,-1.037848,-1.037848,0.0,SL,38,3.08,0.7372,True,False,4882333.85,1.378,67278.56,-69824.92,4744230.95
S2,DOGEUSDT,-1,2025-07-30T19:00:00+00:00,2025-07-31T00:40:00+00:00,2025,0.21663,0.22219956,0.19992131,0.00556956,3.0,-1.011669,-1.011669,0.0,SL,69,5.67,1.422,True,False,4882333.85,1.378,67278.56,-68063.63,4607677.54
S2,ETHUSDT,-1,2025-07-30T19:00:00+00:00,2025-07-30T23:30:00+00:00,2025,3736.39,3798.65162583,3549.60512252,62.26162583,3.0,-1.018003,-1.018003,0.0,SL,55,4.5,1.0663,True,False,4882333.85,1.378,67278.56,-68489.78,4675741.17
S2,XRPUSDT,-1,2025-07-30T19:00:00+00:00,2025-07-30T19:45:00+00:00,2025,3.049,3.11057323,2.86428032,0.06157323,3.0,-1.014855,-1.014855,0.0,SL,10,0.75,0.7958,True,False,4882333.85,1.378,67278.56,-68277.98,4814055.87
S2,SOLUSDT,-1,2025-07-31T20:00:00+00:00,2025-08-01T13:45:00+00:00,2025,175.22,178.32242295,165.91273116,3.10242295,3.0,2.983056,2.983056,0.0,TP,214,17.75,3.2104,True,False,4536510.42,1.378,62513.11,186480.12,6086383.31
S2,DOGEUSDT,-1,2025-08-05T13:00:00+00:00,2025-08-06T18:15:00+00:00,2025,0.20317,0.20705198,0.19152406,0.00388198,3.0,-1.015701,-1.015701,0.0,SL,352,29.25,1.9732,True,False,6086383.31,1.378,83870.36,-85187.21,5745727.23
S2,SOLUSDT,-1,2025-08-05T13:00:00+00:00,2025-08-07T07:20:00+00:00,2025,167.12,170.12680907,158.0995728,3.00680907,3.0,-1.016674,-1.016674,0.0,SL,509,42.33,2.0221,True,False,6086383.31,1.378,83870.36,-85268.82,5660458.41
S2,DOGEUSDT,-1,2025-08-05T15:00:00+00:00,2025-08-06T15:00:00+00:00,2025,0.19912,0.20335206,0.18642381,0.00423206,3.0,-1.014115,-1.014115,0.0,SL,289,24.0,0.853,True,False,6086383.31,1.378,83870.36,-85054.19,5830914.44
S2,LINKUSDT,-1,2025-08-05T15:00:00+00:00,2025-08-06T14:55:00+00:00,2025,16.359,16.65737817,15.4638655,0.29837817,3.0,-1.016448,-1.016448,0.0,SL,288,23.92,1.1261,True,False,6086383.31,1.378,83870.36,-85249.86,6001133.45
S2,SOLUSDT,-1,2025-08-05T15:00:00+00:00,2025-08-06T14:55:00+00:00,2025,164.2,167.39161088,154.62516736,3.19161088,3.0,-1.015434,-1.015434,0.0,SL,288,23.92,0.9901,True,False,6086383.31,1.378,83870.36,-85164.82,5915968.63
S5,LINKUSDT,-1,2025-08-07T15:00:00+00:00,2025-08-07T16:25:00+00:00,2025,17.595,18.00471464,15.54642681,0.40971464,5.0,-1.012883,-1.012883,0.0,SL,18,1.42,0.2099,True,False,5660458.41,0.5216,29524.95,-29905.32,5630553.09
S1,LINKUSDT,1,2025-08-07T16:00:00+00:00,2025-08-12T14:05:00+00:00,2025,17.832,17.40483641,22.95796311,0.42716359,12.0,11.987476,11.987476,0.0,TP,1418,118.08,12.068,True,False,5660458.41,0.9264,52438.49,628605.1,5566146.94
S1,BTCUSDT,1,2025-08-07T20:00:00+00:00,2025-08-08T10:50:00+00:00,2025,117461.99,116324.44771914,131112.49737028,1137.54228086,12.0,-1.030978,-1.030978,0.0,SL,179,14.83,0.1477,True,False,5630553.09,0.9264,52161.44,-53777.3,5551898.61
S1,LINKUSDT,1,2025-08-07T20:00:00+00:00,2025-08-12T15:50:00+00:00,2025,18.285,17.81462611,23.92948668,0.47037389,12.0,11.988338,11.988338,0.0,TP,1391,115.83,12.3009,True,False,5630553.09,0.9264,52161.44,625329.02,6191475.96
S1,XRPUSDT,1,2025-08-07T23:00:00+00:00,2025-08-08T15:05:00+00:00,2025,3.3237,3.2365825,4.36911001,0.0871175,12.0,-1.011446,-1.011446,0.0,SL,194,16.08,0.6612,True,False,5630553.09,0.9264,52161.44,-52758.48,5499140.12
S1,ETHUSDT,1,2025-08-08T14:00:00+00:00,2025-08-19T23:40:00+00:00,2025,3998.94,3919.65447641,4950.36628307,79.28552359,12.0,0.984869,11.984869,-11.0,BE,3285,273.67,10.0278,True,False,5551898.61,0.9264,51432.79,50654.56,6704973.57
S1,SOLUSDT,1,2025-08-08T14:00:00+00:00,2025-08-08T15:10:00+00:00,2025,178.55,174.99731211,221.18225468,3.55268789,12.0,-1.015077,-1.015077,0.0,SL,15,1.17,0.1379,True,False,5551898.61,0.9264,51432.79,-52208.24,5446931.88
S2,DOGEUSDT,-1,2025-08-08T15:00:00+00:00,2025-08-08T17:55:00+00:00,2025,0.22343,0.22818057,0.2091783,0.00475057,3.0,-1.01411,-1.01411,0.0,SL,36,2.92,0.8273,True,False,5551898.61,1.378,76505.16,-77584.65,5369347.23
S2,LINKUSDT,-1,2025-08-08T15:00:00+00:00,2025-08-08T23:00:00+00:00,2025,19.433,19.92241369,17.96475893,0.48941369,3.0,-1.011912,-1.011912,0.0,SL,97,8.0,0.7437,True,False,5551898.61,1.378,76505.16,-77416.49,5291930.74
S2,XRPUSDT,-1,2025-08-08T15:00:00+00:00,2025-08-09T09:45:00+00:00,2025,3.2792,3.34639336,3.07761993,0.06719336,3.0,-1.014641,-1.014641,0.0,SL,226,18.75,1.1043,True,False,5551898.61,1.378,76505.16,-77625.27,5574047.28
S2,SOLUSDT,-1,2025-08-08T19:00:00+00:00,2025-08-09T05:05:00+00:00,2025,177.52,180.61869742,168.22390775,3.09869742,3.0,-1.017187,-1.017187,0.0,SL,122,10.08,0.3259,True,False,5369347.23,1.378,73989.6,-75261.26,5651672.56
S2,DOGEUSDT,-1,2025-08-09T14:00:00+00:00,2025-08-09T16:05:00+00:00,2025,0.23749,0.24269767,0.22186698,0.00520767,3.0,-1.013681,-1.013681,0.0,SL,26,2.08,0.3341,True,False,5574047.28,1.378,76810.37,-77861.21,5496186.07
S1,DOGEUSDT,1,2025-08-09T15:00:00+00:00,2025-08-10T07:35:00+00:00,2025,0.23999,0.23291526,0.32488688,0.00707474,12.0,-1.010177,-1.010177,0.0,SL,200,16.58,0.9527,True,False,5574047.28,0.9264,51637.97,-52163.49,5444022.57
S2,SOLUSDT,-1,2025-08-10T03:00:00+00:00,2025-08-11T04:25:00+00:00,2025,183.2,186.20157395,174.19527816,3.00157395,3.0,-1.01831,-1.01831,0.0,SL,306,25.42,1.9257,True,False,5496186.07,1.378,75737.44,-77124.2,5036904.19
S1,BTCUSDT,1,2025-08-10T04:00:00+00:00,2025-08-10T07:40:00+00:00,2025,118480.0,117584.27508663,129228.69896046,895.72491337,12.0,-1.039682,-1.039682,0.0,SL,45,3.67,0.2881,True,False,5496186.07,0.9264,50916.67,-52937.14,5391085.43
S2,SOLUSDT,-1,2025-08-10T06:00:00+00:00,2025-08-11T02:15:00+00:00,2025,181.93,185.15192528,172.26422417,3.22192528,3.0,-1.01694,-1.01694,0.0,SL,244,20.25,1.3998,True,False,5496186.07,1.378,75737.44,-77020.44,5114028.39
S1,LINKUSDT,1,2025-08-10T07:00:00+00:00,2025-08-10T08:00:00+00:00,2025,22.6,21.69094212,33.50869459,0.90905788,12.0,-1.007458,-1.007458,0.0,SL,13,1.0,0.1089,True,False,5496186.07,0.9264,50916.67,-51296.4,5339789.03
S2,DOGEUSDT,-1,2025-08-10T08:00:00+00:00,2025-08-11T02:05:00+00:00,2025,0.23234,0.23796861,0.21545418,0.00562861,3.0,-1.012384,-1.012384,0.0,SL,218,18.08,0.5277,True,False,5339789.03,1.378,73582.29,-74493.54,5191048.82
S2,LINKUSDT,-1,2025-08-10T08:00:00+00:00,2025-08-10T16:00:00+00:00,2025,21.889,22.61627245,19.70718264,0.72727245,3.0,-1.009029,-1.009029,0.0,SL,97,8.0,1.0093,True,False,5339789.03,1.378,73582.29,-74246.67,5265542.36
S1,BTCUSDT,1,2025-08-11T02:00:00+00:00,2025-08-11T19:50:00+00:00,2025,120050.0,119057.45544395,131960.53467256,992.54455605,12.0,-1.036286,-1.036286,0.0,SL,215,17.83,2.2995,True,False,5265542.36,0.9264,48779.98,-50550.01,4937541.84
S1,BTCUSDT,1,2025-08-11T03:00:00+00:00,2025-08-11T11:25:00+00:00,2025,121875.99,120669.68434081,136351.65791024,1206.30565919,12.0,-1.03031,-1.03031,0.0,SL,102,8.42,0.3784,True,False,5114028.39,0.9264,47376.36,-48812.34,4988091.85
S2,XRPUSDT,-1,2025-08-11T11:00:00+00:00,2025-08-13T13:25:00+00:00,2025,3.2548,3.31043785,3.08788646,0.05563785,3.0,-1.01755,-1.01755,0.0,SL,606,50.42,2.7391,True,False,5036904.19,1.378,69408.54,-70626.66,6088320.71
S2,XRPUSDT,-1,2025-08-11T12:00:00+00:00,2025-08-12T19:35:00+00:00,2025,3.2137,3.27197443,3.03887671,0.05827443,3.0,-1.016544,-1.016544,0.0,SL,380,31.58,1.9099,False,True,,,,,
S2,BTCUSDT,-1,2025-08-11T13:00:00+00:00,2025-08-11T16:05:00+00:00,2025,119643.7,120630.36159376,116683.71521871,986.66159376,3.0,-1.036378,-1.036378,0.0,SL,38,3.08,0.2643,False,True,,,,,
S4,SOLUSDT,1,2025-08-11T16:00:00+00:00,2025-08-11T19:50:00+00:00,2025,180.1,175.90172758,261.96631225,4.19827242,19.5,-1.01287,-1.01287,0.0,SL,47,3.83,0.3811,False,True,,,,,
S1,LINKUSDT,1,2025-08-12T16:00:00+00:00,2025-08-14T12:30:00+00:00,2025,24.007,23.05287516,35.45649806,0.95412484,12.0,-1.007548,-1.007548,0.0,SL,535,44.5,0.7462,True,False,6191475.96,0.9264,57357.83,-57790.77,5688348.99
S1,SOLUSDT,1,2025-08-12T17:00:00+00:00,2025-08-14T13:00:00+00:00,2025,184.79,180.26166355,239.13003742,4.52833645,12.0,0.987758,-1.012242,2.0,BE,529,44.0,5.5892,True,False,6191475.96,0.9264,57357.83,56655.66,6156798.24
S5,LINKUSDT,-1,2025-08-12T17:00:00+00:00,2025-08-13T04:00:00+00:00,2025,23.635,24.61425878,18.73870611,0.97925878,5.0,-1.007241,-1.007241,0.0,SL,133,11.0,0.5361,True,False,6191475.96,0.5216,32294.74,-32528.58,6158947.37
S1,ETHUSDT,1,2025-08-12T18:00:00+00:00,2025-08-15T15:45:00+00:00,2025,4498.55,4393.30956949,5761.43516607,105.24043051,12.0,-1.012824,-1.012824,0.0,SL,838,69.75,2.8074,True,False,6191475.96,0.9264,57357.83,-58093.39,6098704.85
S1,ETHUSDT,1,2025-08-12T21:00:00+00:00,2025-08-14T12:30:00+00:00,2025,4620.25,4505.94035502,5991.96573975,114.30964498,12.0,-1.012126,-1.012126,0.0,SL,475,39.5,1.52,True,False,6191475.96,0.9264,57357.83,-58053.35,5630295.64
S2,BTCUSDT,-1,2025-08-13T15:00:00+00:00,2025-08-13T18:00:00+00:00,2025,120880.0,121910.09149415,117789.72551755,1030.09149415,3.0,-1.035205,-1.035205,0.0,SL,37,3.0,0.5992,True,False,6088320.71,1.378,83897.06,-86850.66,6001470.06
S2,DOGEUSDT,-1,2025-08-13T15:00:00+00:00,2025-08-14T00:30:00+00:00,2025,0.24071,0.2467582,0.2225654,0.0060482,3.0,-1.01194,-1.01194,0.0,SL,115,9.5,0.2497,True,False,6088320.71,1.378,83897.06,-84898.79,5746139.76
S2,SOLUSDT,-1,2025-08-13T15:00:00+00:00,2025-08-13T18:10:00+00:00,2025,196.3,200.67596345,183.17210965,4.37596345,3.0,-1.013458,-1.013458,0.0,SL,39,3.17,0.3885,True,False,6088320.71,1.378,83897.06,-85026.15,5916443.91
S2,XRPUSDT,-1,2025-08-13T15:00:00+00:00,2025-08-13T22:45:00+00:00,2025,3.2397,3.29376129,3.07751612,0.05406129,3.0,-1.017978,-1.017978,0.0,SL,94,7.75,0.2682,True,False,6088320.71,1.378,83897.06,-85405.36,5831038.55
S2,BTCUSDT,-1,2025-08-14T06:00:00+00:00,2025-08-14T12:30:00+00:00,2025,122166.0,123288.5718682,118798.2843954,1122.5718682,3.0,2.967352,2.967352,0.0,TP,79,6.5,3.533,True,False,5746139.76,1.378,79181.81,234960.29,5865255.93
S3,BTCUSDT,-1,2025-08-14T06:00:00+00:00,2025-08-18T02:15:00+00:00,2025,122166.0,123266.25718682,115804.75941353,1496.76249093,4.25,4.225514,4.225514,0.0,TP,1108,92.25,4.2665,True,False,5746139.76,3.3981,195259.58,825072.07,6866774.21
S2,BTCUSDT,-1,2025-08-14T11:00:00+00:00,2025-08-14T12:35:00+00:00,2025,120952.9,122033.55891678,117710.92324965,1080.65891678,3.0,2.966422,2.966422,0.0,TP,20,1.58,3.2785,True,False,5746139.76,1.378,79181.81,234886.65,6100142.58
S1,LINKUSDT,1,2025-08-17T15:00:00+00:00,2025-08-18T02:20:00+00:00,2025,25.597,24.78101677,35.38879882,0.81598323,12.0,-1.009411,-1.009411,0.0,SL,137,11.33,0.9081,True,False,6098704.85,0.9264,56498.4,-57030.11,6809744.1
S1,LINKUSDT,1,2025-08-17T16:00:00+00:00,2025-08-17T18:55:00+00:00,2025,26.29,25.40644414,36.89267033,0.88355586,12.0,-1.008926,-1.008926,0.0,SL,36,2.92,0.0543,True,False,6098704.85,0.9264,56498.4,-57002.71,6041702.14
S2,DOGEUSDT,-1,2025-08-18T02:00:00+00:00,2025-08-19T15:50:00+00:00,2025,0.22856,0.23349177,0.21376469,0.00493177,3.0,2.986097,2.986097,0.0,TP,455,37.83,3.0415,True,False,6041702.14,1.378,83254.66,248606.48,6100508.48
S3,DOGEUSDT,-1,2025-08-18T02:00:00+00:00,2025-08-22T16:00:00+00:00,2025,0.22856,0.23399318,0.2006133,0.00657569,4.25,-0.836679,-0.836679,0.0,SL,1321,110.0,3.2118,True,False,6041702.14,3.3981,205303.08,-171772.78,6466170.36
S2,DOGEUSDT,-1,2025-08-18T03:00:00+00:00,2025-08-19T23:45:00+00:00,2025,0.22441,0.22949307,0.20916078,0.00508307,3.0,2.986755,2.986755,0.0,TP,538,44.75,3.012,True,False,6809744.1,1.378,93838.27,280271.93,6985245.5
S2,ETHUSDT,-1,2025-08-18T03:00:00+00:00,2025-08-19T23:30:00+00:00,2025,4318.72,4391.19348371,4101.29954888,72.47348371,3.0,2.982123,2.982123,0.0,TP,535,44.5,3.0179,True,False,6809744.1,1.378,93838.27,279837.27,6654319.01
S3,DOGEUSDT,-1,2025-08-18T03:00:00+00:00,2025-08-22T14:15:00+00:00,2025,0.22441,0.22944831,0.19560592,0.00677743,4.25,-0.753328,-0.753328,0.0,SL,1288,107.25,2.5039,True,False,6809744.1,3.3981,231401.91,-174321.54,6637943.13
S3,ETHUSDT,-1,2025-08-18T03:00:00+00:00,2025-08-22T14:00:00+00:00,2025,4318.72,4407.70734837,3908.03692565,96.63131161,4.25,-0.934303,-0.934303,0.0,SL,1285,107.0,2.6774,True,False,6809744.1,3.3981,231401.91,-216199.5,6848190.25
S2,LINKUSDT,-1,2025-08-18T14:00:00+00:00,2025-08-18T22:00:00+00:00,2025,25.047,25.9611169,22.30464931,0.9141169,3.0,-1.00822,-1.00822,0.0,SL,97,8.0,0.3216,True,False,6809744.1,1.378,93838.27,-94609.62,6715134.48
S5,ETHUSDT,-1,2025-08-18T14:00:00+00:00,2025-08-22T14:00:00+00:00,2025,4285.2,4397.6837438,3722.78128101,112.4837438,5.0,-1.011429,-1.011429,0.0,SL,1153,96.0,2.0021,True,False,6809744.1,0.5216,35519.63,-35925.58,6812264.67
S4,XRPUSDT,1,2025-08-18T20:00:00+00:00,2025-08-19T03:20:00+00:00,2025,3.0808,3.01859504,4.2937968,0.06220496,19.5,-1.014858,-1.014858,0.0,SL,89,7.33,0.2267,True,False,6809744.1,1.6151,109984.18,-111618.32,6603516.16
S2,BTCUSDT,-1,2025-08-19T02:00:00+00:00,2025-08-19T17:05:00+00:00,2025,115798.0,116683.45645627,113141.63063118,885.45645627,3.0,2.960767,2.960767,0.0,TP,182,15.08,3.039,True,False,6715134.48,1.378,92534.55,273973.25,6374481.73
S2,BTCUSDT,-1,2025-08-19T04:00:00+00:00,2025-08-19T13:25:00+00:00,2025,114810.01,115720.32431689,112079.06704934,910.31431689,3.0,-1.037836,-1.037836,0.0,SL,114,9.42,0.4878,True,False,6603516.16,1.378,90996.45,-94439.39,6124656.19
S2,DOGEUSDT,-1,2025-08-19T04:00:00+00:00,2025-08-19T13:25:00+00:00,2025,0.21624,0.22111754,0.20160738,0.00487754,3.0,-1.0133,-1.0133,0.0,SL,114,9.42,0.3998,True,False,6603516.16,1.378,90996.45,-92206.71,6032449.49
S2,ETHUSDT,-1,2025-08-19T04:00:00+00:00,2025-08-19T09:30:00+00:00,2025,4217.43,4300.11769478,3969.36691567,82.68769478,3.0,-1.015301,-1.015301,0.0,SL,67,5.5,0.3074,True,False,6603516.16,1.378,90996.45,-92388.79,6418713.64
S2,LINKUSDT,-1,2025-08-19T04:00:00+00:00,2025-08-20T08:55:00+00:00,2025,24.189,25.15733578,21.28399265,0.96833578,3.0,-1.007494,-1.007494,0.0,SL,348,28.92,0.854,True,False,6603516.16,1.378,90996.45,-91678.38,6893567.12
S2,SOLUSDT,-1,2025-08-19T04:00:00+00:00,2025-08-19T09:25:00+00:00,2025,178.46,181.8975144,168.14745679,3.4375144,3.0,-1.015575,-1.015575,0.0,SL,66,5.42,0.352,True,False,6603516.16,1.378,90996.45,-92413.72,6511102.43
S2,XRPUSDT,-1,2025-08-19T04:00:00+00:00,2025-08-20T13:50:00+00:00,2025,2.9892,3.03667126,2.84678621,0.04747126,3.0,2.981109,2.981109,0.0,TP,407,33.83,3.2335,True,False,6603516.16,1.378,90996.45,271270.34,7164837.47
S3,DOGEUSDT,-1,2025-08-19T04:00:00+00:00,2025-08-19T13:30:00+00:00,2025,0.21624,0.22140775,0.1886006,0.00650339,4.25,-0.8046,-0.8046,0.0,SL,115,9.5,0.2998,True,False,6603516.16,3.3981,224394.08,-180547.48,5851902.01
S3,SOLUSDT,-1,2025-08-19T04:00:00+00:00,2025-08-19T11:45:00+00:00,2025,178.46,182.48375144,158.98075171,4.58335254,4.25,-0.889587,-0.889587,0.0,SL,94,7.75,0.264,True,False,6603516.16,3.3981,224394.08,-199618.06,6219095.58
S5,BTCUSDT,-1,2025-08-19T15:00:00+00:00,2025-08-22T14:10:00+00:00,2025,113882.66,115153.29800601,107529.46996993,1270.63800601,5.0,-1.026888,-1.026888,0.0,SL,855,71.17,1.7297,False,True,,,,,
S5,XRPUSDT,-1,2025-08-19T15:00:00+00:00,2025-08-22T14:15:00+00:00,2025,2.9414,3.00510592,2.62287038,0.06370592,5.0,-1.013851,-1.013851,0.0,SL,856,71.25,2.5147,False,True,,,,,
S5,BTCUSDT,-1,2025-08-19T17:00:00+00:00,2025-08-21T01:55:00+00:00,2025,113388.31,114649.81736233,107080.77318836,1261.50736233,5.0,-1.026965,-1.026965,0.0,SL,396,32.92,0.8613,False,True,,,,,
S5,XRPUSDT,-1,2025-08-19T17:00:00+00:00,2025-08-20T19:50:00+00:00,2025,2.9093,2.97358623,2.58786885,0.06428623,5.0,-1.013577,-1.013577,0.0,SL,323,26.83,1.4295,False,True,,,,,
S2,XRPUSDT,-1,2025-08-20T14:00:00+00:00,2025-08-20T14:35:00+00:00,2025,2.8378,2.8867756,2.69087321,0.0489756,3.0,-1.017383,-1.017383,0.0,SL,8,0.58,0.4165,True,False,7164837.47,1.378,98731.46,-100447.71,7064389.76
S1,BTCUSDT,1,2025-08-22T15:00:00+00:00,2025-08-24T16:55:00+00:00,2025,115808.24,114248.64531318,134523.37624183,1559.59468682,12.0,-1.022277,-1.022277,0.0,SL,600,49.92,1.0393,False,True,,,,,
S1,ETHUSDT,1,2025-08-22T15:00:00+00:00,2025-08-25T19:35:00+00:00,2025,4611.79,4474.93995195,6253.9905766,136.85004805,12.0,-1.01011,-1.01011,0.0,SL,920,76.58,2.5274,False,True,,,,,
S1,BTCUSDT,1,2025-08-22T18:00:00+00:00,2025-08-23T11:50:00+00:00,2025,117024.01,115376.90305141,136789.29338313,1647.10694859,12.0,-1.021314,-1.021314,0.0,SL,215,17.83,0.2459,False,True,,,,,
S1,SOLUSDT,1,2025-08-23T05:00:00+00:00,2025-08-25T07:50:00+00:00,2025,204.68,198.84078838,274.75053947,5.83921162,12.0,-1.010516,-1.010516,0.0,SL,611,50.83,1.5379,True,False,6466170.36,0.9264,59902.6,-60532.54,6405637.82
S2,DOGEUSDT,-1,2025-08-25T07:00:00+00:00,2025-09-07T23:20:00+00:00,2025,0.22271,0.22883226,0.20434323,0.00612226,3.0,-1.010913,-1.010913,0.0,SL,3941,328.33,2.9597,True,False,6466170.36,1.378,89103.83,-90076.22,4652550.41
S2,ETHUSDT,-1,2025-08-25T07:00:00+00:00,2025-08-25T20:30:00+00:00,2025,4629.11,4719.25998534,4358.66004399,90.14998534,3.0,2.984595,2.984595,0.0,TP,163,13.5,3.0961,True,False,6466170.36,1.378,89103.83,265938.84,6581974.89
S2,XRPUSDT,-1,2025-08-25T07:00:00+00:00,2025-08-26T19:35:00+00:00,2025,2.9546,3.00541464,2.80215608,0.05081464,3.0,-1.017443,-1.017443,0.0,SL,440,36.58,2.6449,True,False,6466170.36,1.378,89103.83,-90658.07,6193134.93
S3,DOGEUSDT,-1,2025-08-25T07:00:00+00:00,2025-09-07T22:45:00+00:00,2025,0.22271,0.22753223,0.18801722,0.00816301,4.25,-0.598926,-0.598926,0.0,SL,3934,327.75,2.2198,True,False,6466170.36,3.3981,219726.93,-131600.17,4742626.63
S3,XRPUSDT,-1,2025-08-25T07:00:00+00:00,2025-08-26T19:35:00+00:00,2025,2.9546,2.99858146,2.66665038,0.06775285,4.25,-0.662228,-0.662228,0.0,SL,440,36.58,1.9837,True,False,6466170.36,3.3981,219726.93,-145509.33,6047625.6
S2,ETHUSDT,-1,2025-08-25T08:00:00+00:00,2025-08-25T14:15:00+00:00,2025,4589.6,4680.83855781,4315.88432656,91.23855781,3.0,-1.015091,-1.015091,0.0,SL,76,6.25,0.7848,True,False,6405637.82,1.378,88269.69,-89601.77,6316036.05
S2,LINKUSDT,-1,2025-08-25T08:00:00+00:00,2025-08-28T13:55:00+00:00,2025,24.973,25.69747617,22.7995715,0.72447617,3.0,-1.010341,-1.010341,0.0,SL,936,77.92,2.9097,True,False,6405637.82,1.378,88269.69,-89182.49,5713607.83
S2,LINKUSDT,-1,2025-08-25T11:00:00+00:00,2025-08-28T13:50:00+00:00,2025,24.412,25.13029068,22.25712795,0.71829068,3.0,-1.010196,-1.010196,0.0,SL,899,74.83,2.1537,True,False,6405637.82,1.378,88269.69,-89169.69,5802790.31
S2,SOLUSDT,-1,2025-08-25T11:00:00+00:00,2025-08-27T03:50:00+00:00,2025,195.86,201.47654404,179.01036789,5.61654404,3.0,-1.010462,-1.010462,0.0,SL,491,40.83,1.9122,True,False,6405637.82,1.378,88269.69,-89193.17,5891960.0
S5,DOGEUSDT,-1,2025-08-25T20:00:00+00:00,2025-08-27T03:45:00+00:00,2025,0.21371,0.22051242,0.17969791,0.00680242,5.0,-1.009425,-1.009425,0.0,SL,382,31.75,1.1761,True,False,6316036.05,0.5216,32944.44,-33254.95,5981153.16
S5,ETHUSDT,-1,2025-08-25T20:00:00+00:00,2025-08-26T14:50:00+00:00,2025,4418.77,4549.47692908,3765.23535462,130.70692908,5.0,-1.010142,-1.010142,0.0,SL,227,18.83,0.8322,True,False,6316036.05,0.5216,32944.44,-33278.57,6444760.79
S5,LINKUSDT,-1,2025-08-25T20:00:00+00:00,2025-08-26T21:55:00+00:00,2025,23.658,24.5142949,19.37652551,0.8562949,5.0,-1.008288,-1.008288,0.0,SL,312,25.92,0.9261,True,False,6316036.05,0.5216,32944.44,-33217.49,6014408.11
S5,XRPUSDT,-1,2025-08-25T20:00:00+00:00,2025-08-26T16:25:00+00:00,2025,2.8753,2.94509312,2.52633442,0.06979312,5.0,-1.012359,-1.012359,0.0,SL,246,20.42,0.7895,True,False,6316036.05,0.5216,32944.44,-33351.6,6411409.19
S2,BTCUSDT,-1,2025-08-25T21:00:00+00:00,2025-08-26T18:40:00+00:00,2025,109561.96,110853.09853636,105688.54439091,1291.13853636,3.0,-1.025457,-1.025457,0.0,SL,261,21.67,0.6934,True,False,6581974.89,1.378,90699.61,-93008.55,6283792.99
S5,DOGEUSDT,-1,2025-08-25T21:00:00+00:00,2025-08-26T12:35:00+00:00,2025,0.20701,0.21444653,0.16982735,0.00743653,5.0,-1.008351,-1.008351,0.0,SL,188,15.58,0.1748,True,False,6581974.89,0.5216,34331.58,-34618.28,6512635.12
S5,LINKUSDT,-1,2025-08-25T21:00:00+00:00,2025-08-26T12:35:00+00:00,2025,23.173,24.07641669,18.65591654,0.90341669,5.0,-1.007695,-1.007695,0.0,SL,188,15.58,0.3409,True,False,6581974.89,0.5216,34331.58,-34595.76,6478039.36
S5,SOLUSDT,-1,2025-08-25T21:00:00+00:00,2025-08-26T16:55:00+00:00,2025,186.2,193.14655283,151.46723585,6.94655283,5.0,-1.008041,-1.008041,0.0,SL,240,19.92,0.1555,True,False,6581974.89,0.5216,34331.58,-34607.64,6376801.55
S5,XRPUSDT,-1,2025-08-25T21:00:00+00:00,2025-08-26T04:15:00+00:00,2025,2.8245,2.89910789,2.45146053,0.07460789,5.0,-1.011357,-1.011357,0.0,SL,88,7.25,0.0576,True,False,6581974.89,0.5216,34331.58,-34721.48,6547253.4
S2,LINKUSDT,-1,2025-08-28T16:00:00+00:00,2025-09-01T20:35:00+00:00,2025,24.775,25.5366073,22.4901781,0.7616073,3.0,2.990241,2.990241,0.0,TP,1208,100.58,3.1053,True,False,5713607.83,1.378,78733.52,235432.19,5246838.18
S2,SOLUSDT,-1,2025-08-28T16:00:00+00:00,2025-08-29T00:25:00+00:00,2025,210.99,215.99174373,195.98476881,5.00174373,3.0,-1.012655,-1.012655,0.0,SL,102,8.42,0.7917,True,False,5713607.83,1.378,78733.52,-79729.89,5633877.94
S2,LINKUSDT,-1,2025-08-29T02:00:00+00:00,2025-09-05T17:40:00+00:00,2025,24.28,25.02129836,22.05610493,0.74129836,3.0,2.990174,2.990174,0.0,TP,2205,183.67,3.0352,True,False,5633877.94,1.378,77634.84,232141.67,4979046.13
S2,DOGEUSDT,-1,2025-08-29T08:00:00+00:00,2025-08-29T12:30:00+00:00,2025,0.21454,0.21849582,0.20267255,0.00395582,3.0,-1.01627,-1.01627,0.0,SL,55,4.5,0.7432,True,False,5633877.94,1.378,77634.84,-78897.96,5554979.98
S2,LINKUSDT,-1,2025-08-29T08:00:00+00:00,2025-09-11T12:10:00+00:00,2025,23.529,24.21121386,21.48235842,0.68221386,3.0,-1.010347,-1.010347,0.0,SL,3795,316.17,2.4538,True,False,5633877.94,1.378,77634.84,-78438.13,3916394.75
S3,DOGEUSDT,-1,2025-08-29T08:00:00+00:00,2025-08-29T12:30:00+00:00,2025,0.21454,0.21838558,0.1921237,0.00527442,4.25,-0.741303,-0.741303,0.0,SL,55,4.5,0.5574,True,False,5633877.94,3.3981,191444.81,-141918.61,5413061.37
S3,LINKUSDT,-1,2025-08-29T08:00:00+00:00,2025-08-29T12:30:00+00:00,2025,23.529,23.99522139,19.66312146,0.90961848,4.25,-0.520306,-0.520306,0.0,SL,55,4.5,0.3386,True,False,5633877.94,3.3981,191444.81,-99609.88,5313451.49
S2,DOGEUSDT,-1,2025-08-29T09:00:00+00:00,2025-08-29T12:30:00+00:00,2025,0.21276,0.2167579,0.20076629,0.0039979,3.0,-1.015965,-1.015965,0.0,SL,43,3.5,0.2902,True,False,5633877.94,1.378,77634.84,-78874.28,5234577.21
S3,DOGEUSDT,-1,2025-08-29T09:00:00+00:00,2025-08-29T12:30:00+00:00,2025,0.21276,0.21578979,0.19010522,0.00533054,4.25,-0.580358,-0.580358,0.0,SL,43,3.5,0.2176,True,False,5633877.94,3.3981,191444.81,-111106.52,5123470.69
S2,DOGEUSDT,-1,2025-08-29T14:00:00+00:00,2025-08-31T01:55:00+00:00,2025,0.21461,0.2191422,0.2010134,0.0045322,3.0,-1.014206,-1.014206,0.0,SL,432,35.92,1.0922,False,True,,,,,
S2,ETHUSDT,-1,2025-08-29T14:00:00+00:00,2025-08-30T07:40:00+00:00,2025,4329.67,4407.48945514,4096.21163458,77.81945514,3.0,-1.016691,-1.016691,0.0,SL,213,17.67,0.9599,False,True,,,,,
S5,BTCUSDT,-1,2025-08-29T14:00:00+00:00,2025-09-02T03:15:00+00:00,2025,109106.14,110534.02619858,101966.70900708,1427.88619858,5.0,-1.022923,-1.022923,0.0,SL,1024,85.25,1.3269,False,True,,,,,
S5,BTCUSDT,-1,2025-08-29T15:00:00+00:00,2025-09-01T08:00:00+00:00,2025,108154.4,109688.4571844,100484.114078,1534.0571844,5.0,-1.021151,-1.021151,0.0,SL,781,65.0,0.6146,False,True,,,,,
S5,XRPUSDT,-1,2025-08-29T15:00:00+00:00,2025-09-03T14:35:00+00:00,2025,2.8218,2.87840893,2.53875536,0.05660893,5.0,-1.014954,-1.014954,0.0,SL,1436,119.58,2.2311,False,True,,,,,
S5,XRPUSDT,-1,2025-09-01T03:00:00+00:00,2025-09-01T07:45:00+00:00,2025,2.7324,2.77436442,2.5225779,0.04196442,5.0,-1.019534,-1.019534,0.0,SL,58,4.75,0.7721,True,False,5123470.69,0.5216,26724.02,-27246.05,5096224.64
S4,BTCUSDT,1,2025-09-01T08:00:00+00:00,2025-09-01T10:35:00+00:00,2025,109390.2,108313.84557983,130379.11119332,1076.35442017,19.5,-1.030489,-1.030489,0.0,SL,32,2.58,0.4502,True,False,5096224.64,1.6151,82309.12,-84818.65,5011405.99
S2,SOLUSDT,-1,2025-09-01T22:00:00+00:00,2025-09-02T01:20:00+00:00,2025,194.97,198.43244734,184.58265798,3.46244734,3.0,-1.016893,-1.016893,0.0,SL,41,3.33,0.2628,True,False,5246838.18,1.378,72301.43,-73522.82,5173315.36
S4,BTCUSDT,1,2025-09-01T23:00:00+00:00,2025-09-25T17:30:00+00:00,2025,108444.96,107138.51299792,133920.67654058,1306.44700208,19.5,0.975098,-1.024902,2.0,BE,6847,570.5,7.2256,True,False,5246838.18,1.6151,84741.68,82631.45,5532808.2
S2,DOGEUSDT,-1,2025-09-02T13:00:00+00:00,2025-09-02T13:35:00+00:00,2025,0.20683,0.21057203,0.19560392,0.00374203,3.0,-1.016582,-1.016582,0.0,SL,8,0.58,0.0321,True,False,5173315.36,1.378,71288.29,-72470.39,5100844.97
S2,ETHUSDT,-1,2025-09-02T13:00:00+00:00,2025-09-02T13:35:00+00:00,2025,4275.33,4340.20993045,4080.69020864,64.87993045,3.0,-1.019769,-1.019769,0.0,SL,8,0.58,0.0413,True,False,5173315.36,1.378,71288.29,-72697.58,5028147.39
S3,DOGEUSDT,-1,2025-09-02T13:00:00+00:00,2025-09-02T13:35:00+00:00,2025,0.20683,0.2121342,0.18562518,0.00498937,4.25,-1.075537,-1.075537,0.0,SL,8,0.58,0.0241,True,False,5173315.36,3.3981,175794.43,-189073.41,4839073.97
S3,ETHUSDT,-1,2025-09-02T13:00:00+00:00,2025-09-02T13:45:00+00:00,2025,4275.33,4357.90799305,3907.67706077,86.50657394,4.25,-0.969413,-0.969413,0.0,SL,10,0.75,0.031,True,False,5173315.36,3.3981,175794.43,-170417.4,4668656.57
S2,ETHUSDT,-1,2025-09-02T16:00:00+00:00,2025-09-03T10:15:00+00:00,2025,4293.12,4369.91163163,4062.7451051,76.79163163,3.0,-1.016772,-1.016772,0.0,SL,220,18.25,0.5051,False,True,,,,,
S2,LINKUSDT,-1,2025-09-02T16:00:00+00:00,2025-09-02T20:20:00+00:00,2025,22.842,23.33513155,21.36260536,0.49313155,3.0,-1.013896,-1.013896,0.0,SL,53,4.33,0.1034,False,True,,,,,
S2,SOLUSDT,-1,2025-09-02T16:00:00+00:00,2025-09-02T17:30:00+00:00,2025,200.19,204.23991163,188.04026511,4.04991163,3.0,-1.014829,-1.014829,0.0,SL,19,1.5,0.2025,False,True,,,,,
S2,BTCUSDT,-1,2025-09-05T00:00:00+00:00,2025-09-05T05:30:00+00:00,2025,110679.5,111581.65283975,107973.04148075,902.15283975,3.0,-1.036805,-1.036805,0.0,SL,67,5.5,0.3162,True,False,4668656.57,1.378,64334.09,-66701.9,4601954.67
S1,BTCUSDT,1,2025-09-05T13:00:00+00:00,2025-09-05T14:15:00+00:00,2025,113214.78,112053.21094893,127153.60861281,1161.56905107,12.0,-1.02924,-1.02924,0.0,SL,16,1.25,0.082,True,False,4601954.67,0.9264,42632.51,-43879.08,4558075.58
S2,ETHUSDT,-1,2025-09-05T14:00:00+00:00,2025-09-05T14:50:00+00:00,2025,4441.22,4500.89164846,4262.20505461,59.67164846,3.0,2.977672,2.977672,0.0,TP,11,0.83,3.0185,True,False,4601954.67,1.378,63414.94,188828.88,4746904.46
S2,LINKUSDT,-1,2025-09-05T14:00:00+00:00,2025-09-06T19:45:00+00:00,2025,22.984,23.34347702,21.90556895,0.35947702,3.0,2.980819,2.980819,0.0,TP,358,29.75,3.1407,True,False,4601954.67,1.378,63414.94,189028.44,4967145.65
S2,BTCUSDT,-1,2025-09-05T15:00:00+00:00,2025-09-05T20:00:00+00:00,2025,110569.99,111664.48279195,107286.51162414,1094.49279195,3.0,-1.030307,-1.030307,0.0,SL,61,5.0,0.3317,True,False,4746904.46,1.378,65412.34,-67394.8,4778117.21
S2,DOGEUSDT,-1,2025-09-05T15:00:00+00:00,2025-09-05T18:50:00+00:00,2025,0.21296,0.21633739,0.20282784,0.00337739,3.0,-1.018916,-1.018916,0.0,SL,47,3.83,0.2043,True,False,4746904.46,1.378,65412.34,-66649.68,4912396.45
S2,ETHUSDT,-1,2025-09-05T15:00:00+00:00,2025-09-08T13:05:00+00:00,2025,4270.99,4345.69903072,4046.86290785,74.70903072,3.0,-1.01715,-1.01715,0.0,SL,842,70.08,0.6825,True,False,4746904.46,1.378,65412.34,-66534.17,4425161.05
S2,LINKUSDT,-1,2025-09-05T15:00:00+00:00,2025-09-08T03:00:00+00:00,2025,22.19,22.62044294,20.89867117,0.43044294,3.0,-1.015465,-1.015465,0.0,SL,721,60.0,0.7783,True,False,4746904.46,1.378,65412.34,-66423.95,4586126.47
S2,SOLUSDT,-1,2025-09-05T15:00:00+00:00,2025-09-07T22:40:00+00:00,2025,202.13,205.74120167,191.29639499,3.61120167,3.0,-1.016792,-1.016792,0.0,SL,669,55.67,0.8307,True,False,4746904.46,1.378,65412.34,-66510.75,4874226.8
S2,XRPUSDT,-1,2025-09-05T15:00:00+00:00,2025-09-05T19:15:00+00:00,2025,2.8074,2.84482324,2.69513027,0.03742324,3.0,-1.022505,-1.022505,0.0,SL,52,4.25,0.2191,True,False,4746904.46,1.378,65412.34,-66884.45,4845512.0
S2,BTCUSDT,-1,2025-09-05T22:00:00+00:00,2025-09-08T08:30:00+00:00,2025,110605.01,111671.58143713,107405.29568862,1066.57143713,3.0,-1.03111,-1.03111,0.0,SL,703,58.5,0.7079,True,False,4778117.21,1.378,65842.46,-67890.81,4491695.21
S5,DOGEUSDT,-1,2025-09-07T18:00:00+00:00,2025-09-07T22:10:00+00:00,2025,0.22133,0.22477429,0.20410853,0.00344429,5.0,-1.019278,-1.019278,0.0,SL,51,4.17,0.3397,True,False,4967145.65,0.5216,25908.63,-26408.1,4940737.55
S5,XRPUSDT,-1,2025-09-07T18:00:00+00:00,2025-09-08T03:05:00+00:00,2025,2.8585,2.89366591,2.68267047,0.03516591,5.0,-1.024386,-1.024386,0.0,SL,110,9.08,0.273,True,False,4967145.65,0.5216,25908.63,-26540.44,4559586.03
S1,DOGEUSDT,1,2025-09-07T23:00:00+00:00,2025-09-12T16:30:00+00:00,2025,0.2277,0.22400342,0.27205898,0.00369658,12.0,11.981521,11.981521,0.0,TP,1363,113.5,12.2383,True,False,4742626.63,0.9264,43935.69,526416.43,4388083.88
S1,DOGEUSDT,1,2025-09-08T03:00:00+00:00,2025-09-10T01:00:00+00:00,2025,0.23213,0.22785841,0.28338903,0.00427159,12.0,0.983697,11.983697,-11.0,BE,553,46.0,4.0617,True,False,4586126.47,0.9264,42485.88,41793.23,4195152.8
S1,SOLUSDT,1,2025-09-08T11:00:00+00:00,2025-09-09T02:45:00+00:00,2025,215.16,211.42857523,259.93709721,3.73142477,12.0,-1.017298,-1.017298,0.0,SL,190,15.75,0.4851,True,False,4491695.21,0.9264,41611.06,-42330.85,4340181.45
S1,BTCUSDT,1,2025-09-08T15:00:00+00:00,2025-09-09T00:20:00+00:00,2025,112586.3,111749.17702324,122631.77572112,837.12297676,12.0,-1.040348,-1.040348,0.0,SL,113,9.33,0.3908,True,False,4425161.05,0.9264,40994.69,-42648.75,4382512.3
S2,ETHUSDT,-1,2025-09-08T17:00:00+00:00,2025-09-09T07:15:00+00:00,2025,4337.53,4379.24406607,4212.38780178,41.71406607,3.0,-1.031195,-1.031195,0.0,SL,172,14.25,1.499,True,False,4425161.05,1.378,60978.72,-62880.95,4213751.69
S2,BTCUSDT,-1,2025-09-09T02:00:00+00:00,2025-09-09T04:20:00+00:00,2025,111364.73,112003.66448469,109447.92654593,638.93448469,3.0,-1.052289,-1.052289,0.0,SL,29,2.33,0.3971,True,False,4382512.3,1.378,60391.02,-63548.81,4276632.65
S2,BTCUSDT,-1,2025-09-09T15:00:00+00:00,2025-09-10T07:50:00+00:00,2025,111708.8,112477.96534952,109401.30395145,769.16534952,3.0,-1.04357,-1.04357,0.0,SL,203,16.83,1.2922,True,False,4213751.69,1.378,58065.5,-60595.41,3994832.88
S2,BTCUSDT,-1,2025-09-09T16:00:00+00:00,2025-09-09T21:10:00+00:00,2025,110830.1,111659.88925312,108340.73224064,829.78925312,3.0,-1.040069,-1.040069,0.0,SL,63,5.17,0.1103,True,False,4213751.69,1.378,58065.5,-60392.12,4153359.57
S3,BTCUSDT,-1,2025-09-09T16:00:00+00:00,2025-09-10T06:40:00+00:00,2025,110830.1,111876.47892531,106127.96089898,1106.38567083,4.25,-0.975815,-0.975815,0.0,SL,177,14.67,0.0827,True,False,4213751.69,3.3981,143187.5,-139724.51,4055428.29
S2,DOGEUSDT,-1,2025-09-12T02:00:00+00:00,2025-09-12T14:15:00+00:00,2025,0.25895,0.26447086,0.24238742,0.00552086,3.0,-1.014071,-1.014071,0.0,SL,148,12.25,0.2155,True,False,3916394.75,1.378,53967.92,-54727.3,3861667.45
S1,DOGEUSDT,1,2025-09-13T10:00:00+00:00,2025-09-13T17:00:00+00:00,2025,0.29849,0.28949328,0.40645064,0.00899672,12.0,-1.009953,-1.009953,0.0,SL,85,7.0,0.9226,True,False,4388083.88,0.9264,40651.21,-41055.81,4347028.07
S2,XRPUSDT,-1,2025-09-13T17:00:00+00:00,2025-09-15T08:00:00+00:00,2025,3.11,3.15290739,2.98127783,0.04290739,3.0,2.978255,2.978255,0.0,TP,469,39.0,3.3328,True,False,4347028.07,1.378,59902.05,178403.57,4525431.64
S2,BTCUSDT,-1,2025-09-15T09:00:00+00:00,2025-09-15T19:05:00+00:00,2025,114737.28,115454.58443748,112585.36668757,717.30443748,3.0,-1.047987,-1.047987,0.0,SL,122,10.08,0.5539,True,False,4525431.64,1.378,62360.45,-65352.94,4460078.7
S2,ETHUSDT,-1,2025-09-15T09:00:00+00:00,2025-09-17T22:25:00+00:00,2025,4508.27,4562.98372697,4344.12881909,54.71372697,3.0,-1.024719,-1.024719,0.0,SL,738,61.42,1.9043,True,False,4525431.64,1.378,62360.45,-63901.94,3968891.46
S3,BTCUSDT,-1,2025-09-15T09:00:00+00:00,2025-09-16T05:55:00+00:00,2025,114737.28,115878.35044375,110672.5548543,956.40591663,4.25,-1.229072,-1.229072,0.0,SL,252,20.92,0.4154,True,False,4525431.64,3.3981,153778.69,-189005.09,4183745.55
S3,ETHUSDT,-1,2025-09-15T09:00:00+00:00,2025-09-17T23:00:00+00:00,2025,4508.27,4600.4113727,4198.22554716,72.95163596,4.25,-1.281587,-1.281587,0.0,SL,745,62.0,1.4282,True,False,4525431.64,3.3981,153778.69,-197080.77,3771810.68
S5,LINKUSDT,-1,2025-09-15T09:00:00+00:00,2025-09-15T21:55:00+00:00,2025,23.237,23.8161616,20.34119198,0.5791616,5.0,-1.012037,-1.012037,0.0,SL,156,12.92,0.4696,True,False,4525431.64,0.5216,23604.65,-23888.78,4372750.64
S5,SOLUSDT,-1,2025-09-15T09:00:00+00:00,2025-09-16T16:00:00+00:00,2025,232.0,238.09505199,201.52474005,6.09505199,5.0,-1.011419,-1.011419,0.0,SL,373,31.0,0.3249,True,False,4525431.64,0.5216,23604.65,-23874.19,4032934.69
S2,LINKUSDT,-1,2025-09-15T13:00:00+00:00,2025-09-15T21:20:00+00:00,2025,23.23,23.63283279,22.02150163,0.40283279,3.0,-1.0173,-1.0173,0.0,SL,101,8.33,0.6578,True,False,4525431.64,1.378,62360.45,-63439.28,4396639.42
S2,XRPUSDT,-1,2025-09-15T17:00:00+00:00,2025-09-16T08:50:00+00:00,2025,3.0049,3.04839065,2.87442804,0.04349065,3.0,-1.020728,-1.020728,0.0,SL,191,15.83,0.9795,True,False,4525431.64,1.378,62360.45,-63653.06,4056808.89
S4,BTCUSDT,1,2025-09-15T18:00:00+00:00,2025-09-22T02:30:00+00:00,2025,115120.02,114163.72588302,133767.75528108,956.29411698,19.5,-1.036114,-1.036114,0.0,SL,1831,152.5,2.8912,True,False,4525431.64,1.6151,73090.25,-75729.83,4091009.7
S2,BTCUSDT,-1,2025-09-15T23:00:00+00:00,2025-09-16T05:55:00+00:00,2025,115224.0,115912.0845768,113159.74626961,688.0845768,3.0,-1.050237,-1.050237,0.0,SL,84,6.92,0.5188,True,False,4372750.64,1.378,60256.5,-63283.61,4120461.94
S2,ETHUSDT,-1,2025-09-17T18:00:00+00:00,2025-09-17T18:00:00+00:00,2025,4426.0,4478.27192524,4269.18422427,52.27192524,3.0,-1.025402,-1.025402,0.0,SL,1,0.0,0.4193,True,False,10000.0,1.378,137.8,-141.3,4032793.39
S4,LINKUSDT,1,2025-09-17T20:00:00+00:00,2025-09-21T17:15:00+00:00,2025,23.435,22.8856423,34.14747509,0.5493577,19.5,-1.012798,-1.012798,0.0,SL,1120,93.25,2.6467,True,False,4032793.39,1.6151,65133.65,-65967.23,3705843.46
S2,LINKUSDT,-1,2025-09-19T12:00:00+00:00,2025-09-22T00:30:00+00:00,2025,23.848,24.27611405,22.56365786,0.42811405,3.0,2.983289,2.983289,0.0,TP,727,60.5,3.478,True,False,3771810.68,1.378,51975.55,155058.09,3860901.55
S3,LINKUSDT,-1,2025-09-19T12:00:00+00:00,2025-09-22T06:00:00+00:00,2025,23.848,24.2578114,21.42202041,0.57081873,4.25,4.237466,4.237466,0.0,TP,793,66.0,6.6851,True,False,3771810.68,3.3981,128169.9,543115.59,4634125.29
S2,LINKUSDT,-1,2025-09-19T15:00:00+00:00,2025-09-22T00:50:00+00:00,2025,23.575,24.00122214,22.29633357,0.42622214,3.0,2.983407,2.983407,0.0,TP,695,57.83,3.1908,True,False,3771810.68,1.378,51975.55,155064.22,4166739.53
S2,ETHUSDT,-1,2025-09-22T00:00:00+00:00,2025-09-22T00:30:00+00:00,2025,4443.0,4471.05905465,4358.82283604,28.05905465,3.0,2.952497,2.952497,0.0,TP,7,0.5,3.5336,True,False,3705843.46,1.378,51066.52,150773.76,4011675.3
S2,BTCUSDT,-1,2025-09-22T01:00:00+00:00,2025-09-22T06:00:00+00:00,2025,114335.8,114810.14551912,112912.76344265,474.34551912,3.0,2.927688,2.927688,0.0,TP,61,5.0,5.3459,True,False,4166739.53,1.378,57417.67,168101.03,4802226.31
S5,DOGEUSDT,-1,2025-09-22T01:00:00+00:00,2025-10-02T06:30:00+00:00,2025,0.24978,0.25585625,0.21939874,0.00607625,5.0,-1.012332,-1.012332,0.0,SL,2947,245.5,4.8319,True,False,4166739.53,0.5216,21733.71,-22001.73,5014960.8
S5,ETHUSDT,-1,2025-09-22T01:00:00+00:00,2025-09-22T06:00:00+00:00,2025,4333.44,4387.55549624,4062.86251882,54.11549624,5.0,4.975977,4.975977,0.0,TP,61,5.0,6.1454,True,False,4166739.53,0.5216,21733.71,108146.46,4910372.77
S5,LINKUSDT,-1,2025-09-22T01:00:00+00:00,2025-09-22T06:00:00+00:00,2025,22.318,22.71661259,20.32493703,0.39861259,5.0,4.983203,4.983203,0.0,TP,61,5.0,5.7349,True,False,4166739.53,0.5216,21733.71,108303.51,5018676.28
S2,BTCUSDT,-1,2025-09-22T05:00:00+00:00,2025-09-22T06:00:00+00:00,2025,114380.1,114910.19405031,112789.81784908,530.09405031,3.0,2.935268,2.935268,0.0,TP,13,1.0,4.8672,True,False,4091009.7,1.378,56374.11,165473.13,5184149.41
S5,BTCUSDT,-1,2025-09-22T06:00:00+00:00,2025-09-25T17:30:00+00:00,2025,113691.18,114477.68691943,109758.64540287,786.50691943,5.0,4.956634,4.956634,0.0,TP,1003,83.5,5.2718,True,False,5184149.41,0.5216,27040.52,134029.98,5666838.18
S5,DOGEUSDT,-1,2025-09-22T06:00:00+00:00,2025-09-24T14:50:00+00:00,2025,0.24398,0.25046157,0.21157217,0.00648157,5.0,-1.011293,-1.011293,0.0,SL,683,56.83,2.504,True,False,5184149.41,0.5216,27040.52,-27345.89,4976012.85
S5,ETHUSDT,-1,2025-09-22T06:00:00+00:00,2025-09-25T17:20:00+00:00,2025,4217.7,4285.41715696,3879.11421521,67.71715696,5.0,4.981315,4.981315,0.0,TP,1001,83.33,5.1344,True,False,5184149.41,0.5216,27040.52,134697.36,5450176.76
S5,LINKUSDT,-1,2025-09-22T06:00:00+00:00,2025-10-01T08:45:00+00:00,2025,21.672,22.13315195,19.36624026,0.46115195,5.0,-1.014099,-1.014099,0.0,SL,2626,218.75,4.016,True,False,5184149.41,0.5216,27040.52,-27421.77,5063721.49
S5,SOLUSDT,-1,2025-09-22T06:00:00+00:00,2025-09-25T09:55:00+00:00,2025,224.93,229.44299533,202.36502333,4.51299533,5.0,4.985048,4.985048,0.0,TP,912,75.92,5.2138,True,False,5184149.41,0.5216,27040.52,134798.31,5110811.15
S5,XRPUSDT,-1,2025-09-22T06:00:00+00:00,2025-09-23T16:50:00+00:00,2025,2.8449,2.8923175,2.60781249,0.0474175,5.0,-1.017999,-1.017999,0.0,SL,419,34.83,3.6801,True,False,5184149.41,0.5216,27040.52,-27527.23,5101932.4
S5,DOGEUSDT,-1,2025-09-22T08:00:00+00:00,2025-09-24T14:10:00+00:00,2025,0.2376,0.24580053,0.19659733,0.00820053,5.0,-1.008692,-1.008692,0.0,SL,651,54.17,0.8207,True,False,5184149.41,0.5216,27040.52,-27275.56,5003358.74
S5,SOLUSDT,-1,2025-09-22T08:00:00+00:00,2025-09-25T23:35:00+00:00,2025,221.82,227.815797,191.84101501,5.995797,5.0,4.988901,4.988901,0.0,TP,1052,87.58,5.1203,True,False,5184149.41,0.5216,27040.52,134902.49,5742037.64
S5,XRPUSDT,-1,2025-09-22T08:00:00+00:00,2025-09-22T15:05:00+00:00,2025,2.8045,2.87250489,2.46447556,0.06800489,5.0,-1.012372,-1.012372,0.0,SL,86,7.08,0.2382,True,False,5184149.41,0.5216,27040.52,-27375.07,5156774.34
S5,LINKUSDT,-1,2025-09-22T10:00:00+00:00,2025-09-23T00:15:00+00:00,2025,21.091,21.71500882,17.9709559,0.62400882,5.0,-1.01014,-1.01014,0.0,SL,172,14.25,0.0865,True,False,5184149.41,0.5216,27040.52,-27314.71,5129459.63
S2,DOGEUSDT,-1,2025-09-24T04:00:00+00:00,2025-09-24T05:45:00+00:00,2025,0.23438,0.239356,0.219452,0.004976,3.0,-1.014131,-1.014131,0.0,SL,22,1.75,0.7054,True,False,5101932.4,1.378,70304.63,-71298.1,5030634.3
S2,DOGEUSDT,-1,2025-09-24T16:00:00+00:00,2025-09-25T11:15:00+00:00,2025,0.24546,0.25031436,0.23089691,0.00485436,3.0,2.984831,2.984831,0.0,TP,232,19.25,3.057,True,False,4976012.85,1.378,68569.46,204668.24,5315479.39
S5,BTCUSDT,-1,2025-09-25T18:00:00+00:00,2025-09-26T18:25:00+00:00,2025,108793.9,110235.2053932,101587.37303402,1441.3053932,5.0,-1.022645,-1.022645,0.0,SL,294,24.42,0.1525,True,False,5666838.18,0.5216,29558.23,-30227.57,5549783.33
S5,DOGEUSDT,-1,2025-09-25T18:00:00+00:00,2025-09-25T19:20:00+00:00,2025,0.22134,0.22859844,0.18504779,0.00725844,5.0,-1.009148,-1.009148,0.0,SL,17,1.33,0.1006,True,False,5666838.18,0.5216,29558.23,-29828.63,5637009.55
S5,ETHUSDT,-1,2025-09-25T18:00:00+00:00,2025-09-25T19:25:00+00:00,2025,3837.04,3944.65236792,3298.97816041,107.61236792,5.0,-1.010697,-1.010697,0.0,SL,18,1.42,0.1328,True,False,5666838.18,0.5216,29558.23,-29874.41,5607135.14
S2,BTCUSDT,-1,2025-09-26T15:00:00+00:00,2025-09-26T17:25:00+00:00,2025,108796.8,109794.26588784,105804.40233649,997.46588784,3.0,-1.032722,-1.032722,0.0,SL,30,2.42,0.0434,True,False,5742037.64,1.378,79125.28,-81714.42,5580010.9
S2,XRPUSDT,-1,2025-09-26T15:00:00+00:00,2025-09-26T16:20:00+00:00,2025,2.7065,2.76062388,2.54412835,0.05412388,3.0,-1.015002,-1.015002,0.0,SL,17,1.33,0.0296,True,False,5742037.64,1.378,79125.28,-80312.32,5661725.32
S2,LINKUSDT,-1,2025-09-29T13:00:00+00:00,2025-09-29T13:40:00+00:00,2025,20.987,21.23939792,20.22980625,0.25239792,3.0,-1.024945,-1.024945,0.0,SL,9,0.67,0.3804,True,False,5549783.33,1.378,76476.01,-78383.71,5471399.62
S2,DOGEUSDT,-1,2025-09-29T16:00:00+00:00,2025-09-29T20:40:00+00:00,2025,0.23365,0.23734531,0.22256407,0.00369531,3.0,-1.018969,-1.018969,0.0,SL,57,4.67,0.8633,True,False,5471399.62,1.378,75395.89,-76826.07,5240830.33
S2,LINKUSDT,-1,2025-09-29T16:00:00+00:00,2025-09-29T19:55:00+00:00,2025,21.38,21.70287217,20.4113835,0.32287217,3.0,-1.019865,-1.019865,0.0,SL,48,3.92,0.5978,True,False,5471399.62,1.378,75395.89,-76893.63,5394506.0
S2,SOLUSDT,-1,2025-09-29T16:00:00+00:00,2025-09-29T19:55:00+00:00,2025,209.97,213.23706768,200.16879695,3.26706768,3.0,-1.019281,-1.019281,0.0,SL,48,3.92,0.753,True,False,5471399.62,1.378,75395.89,-76849.59,5317656.4
S2,SOLUSDT,-1,2025-09-30T01:00:00+00:00,2025-10-01T08:40:00+00:00,2025,211.16,214.34714362,201.59856913,3.18714362,3.0,-1.019876,-1.019876,0.0,SL,381,31.67,2.1932,True,False,5240830.33,1.378,72218.64,-73654.06,5091143.26
S2,BTCUSDT,-1,2025-09-30T10:00:00+00:00,2025-09-30T13:35:00+00:00,2025,112743.1,113383.47883828,110821.96348515,640.37883828,3.0,-1.052817,-1.052817,0.0,SL,44,3.58,0.1996,True,False,5240830.33,1.378,72218.64,-76033.01,5164797.32
S1,DOGEUSDT,1,2025-10-01T09:00:00+00:00,2025-10-04T15:25:00+00:00,2025,0.24216,0.23689213,0.30537441,0.00526787,12.0,0.986209,-1.013791,2.0,BE,942,78.42,4.3908,True,False,5063721.49,0.9264,46910.32,46263.38,4990999.26
S5,DOGEUSDT,-1,2025-10-01T11:00:00+00:00,2025-10-01T19:15:00+00:00,2025,0.2414,0.24691903,0.21380486,0.00551903,5.0,-1.013122,-1.013122,0.0,SL,100,8.25,0.0036,True,False,5063721.49,0.5216,26412.37,-26758.95,5036962.53
S2,XRPUSDT,-1,2025-10-02T21:00:00+00:00,2025-10-07T14:05:00+00:00,2025,3.0577,3.10350334,2.92028998,0.04580334,3.0,2.979973,2.979973,0.0,TP,1358,113.08,3.1482,True,False,5014960.8,1.378,69106.16,205934.49,4846784.27
S2,DOGEUSDT,-1,2025-10-03T02:00:00+00:00,2025-10-03T16:00:00+00:00,2025,0.25671,0.26146703,0.24243892,0.00475703,3.0,-1.016189,-1.016189,0.0,SL,169,14.0,0.864,True,False,5014960.8,1.378,69106.16,-70224.92,4944735.88
S2,BTCUSDT,-1,2025-10-05T10:00:00+00:00,2025-10-06T00:15:00+00:00,2025,122998.0,124019.1339794,119934.59806181,1021.1339794,3.0,-1.036136,-1.036136,0.0,SL,172,14.25,0.8207,True,False,4990999.26,1.378,68775.97,-71261.26,4919738.0
S2,LINKUSDT,-1,2025-10-05T18:00:00+00:00,2025-10-06T13:40:00+00:00,2025,22.25,22.57752561,21.26742318,0.32752561,3.0,-1.02038,-1.02038,0.0,SL,237,19.67,2.3845,True,False,4990999.26,1.378,68775.97,-70177.62,4640849.78
S2,LINKUSDT,-1,2025-10-05T20:00:00+00:00,2025-10-06T12:20:00+00:00,2025,21.937,22.28124402,20.90426795,0.34424402,3.0,-1.019118,-1.019118,0.0,SL,197,16.33,1.3595,True,False,4990999.26,1.378,68775.97,-70090.83,4779147.74
S2,XRPUSDT,-1,2025-10-05T20:00:00+00:00,2025-10-06T00:15:00+00:00,2025,2.9521,2.98744218,2.84607347,0.03534218,3.0,-1.025059,-1.025059,0.0,SL,52,4.25,0.1867,True,False,4990999.26,1.378,68775.97,-70499.43,4849238.57
S2,SOLUSDT,-1,2025-10-06T08:00:00+00:00,2025-10-06T13:35:00+00:00,2025,231.24,234.81186218,220.52441346,3.57186218,3.0,-1.019422,-1.019422,0.0,SL,68,5.58,0.0,True,False,4849238.57,1.378,66822.51,-68120.33,4711027.41
S1,ETHUSDT,1,2025-10-06T14:00:00+00:00,2025-10-07T15:05:00+00:00,2025,4636.81,4569.86025366,5440.20695606,66.94974634,12.0,-1.020777,-1.020777,0.0,SL,302,25.08,1.7504,False,True,,,,,
S2,ETHUSDT,-1,2025-10-07T15:00:00+00:00,2025-10-09T08:15:00+00:00,2025,4591.69,4656.5219862,4397.19404139,64.8319862,3.0,2.978753,2.978753,0.0,TP,496,41.25,3.5177,True,False,4846784.27,1.378,66788.69,198947.0,5045731.28
S5,DOGEUSDT,-1,2025-10-07T15:00:00+00:00,2025-10-10T20:55:00+00:00,2025,0.25474,0.26175252,0.21967742,0.00701252,5.0,4.989102,4.989102,0.0,TP,936,77.92,5.8724,True,False,4846784.27,0.5216,25280.83,126128.62,5248567.7
S5,LINKUSDT,-1,2025-10-07T15:00:00+00:00,2025-10-10T20:55:00+00:00,2025,22.178,22.78269355,19.15453227,0.60469355,5.0,4.988997,4.988997,0.0,TP,936,77.92,5.0819,True,False,4846784.27,0.5216,25280.83,126125.97,5374693.67
S2,SOLUSDT,-1,2025-10-09T09:00:00+00:00,2025-10-09T12:05:00+00:00,2025,219.88,223.91169351,207.78491948,4.03169351,3.0,-1.016361,-1.016361,0.0,SL,38,3.08,0.0298,True,False,5045731.28,1.378,69530.18,-70667.76,4975063.52
S3,SOLUSDT,-1,2025-10-09T09:00:00+00:00,2025-10-09T12:35:00+00:00,2025,219.88,225.12316935,197.03373679,5.37559134,4.25,-0.987637,-0.987637,0.0,SL,44,3.58,0.0223,True,False,5045731.28,3.3981,171458.99,-169339.25,4805724.27
S2,SOLUSDT,-1,2025-10-09T14:00:00+00:00,2025-10-10T15:30:00+00:00,2025,222.18,226.28845574,209.85463277,4.10845574,3.0,2.983776,2.983776,0.0,TP,307,25.5,3.2713,True,False,4805724.27,1.378,66222.88,197594.24,4924834.51
S4,SOLUSDT,1,2025-10-09T18:00:00+00:00,2025-10-10T15:20:00+00:00,2025,219.21,213.32080663,334.04927081,5.88919337,19.5,-1.011167,-1.011167,0.0,SL,257,21.33,0.8728,True,False,4805724.27,1.6151,77617.25,-78484.0,4727240.27
S2,LINKUSDT,-1,2025-10-10T15:00:00+00:00,2025-10-10T18:10:00+00:00,2025,22.288,22.70412251,21.03963246,0.41612251,3.0,2.983932,2.983932,0.0,TP,39,3.17,3.0472,True,False,4805724.27,1.378,66222.88,197604.57,5122439.08
S2,DOGEUSDT,-1,2025-10-10T16:00:00+00:00,2025-10-10T20:55:00+00:00,2025,0.23773,0.24331445,0.22097664,0.00558445,3.0,2.987229,2.987229,0.0,TP,60,4.92,4.3281,True,False,4924834.51,1.378,67864.22,202725.96,5577419.64
S2,LINKUSDT,-1,2025-10-10T16:00:00+00:00,2025-10-10T20:55:00+00:00,2025,21.364,21.87093519,19.84319443,0.50693519,3.0,2.987357,2.987357,0.0,TP,60,4.92,4.4562,True,False,4924834.51,1.378,67864.22,202734.65,5780154.29
S2,SOLUSDT,-1,2025-10-10T16:00:00+00:00,2025-10-10T20:55:00+00:00,2025,210.57,215.11633793,196.9309862,4.54633793,3.0,2.986105,2.986105,0.0,TP,60,4.92,3.9262,True,False,4924834.51,1.378,67864.22,202649.69,5982803.97
S3,LINKUSDT,-1,2025-10-10T16:00:00+00:00,2025-10-10T21:10:00+00:00,2025,21.364,22.37669352,18.49136725,0.67591359,4.25,4.240518,4.240518,0.0,TP,63,5.17,5.9046,True,False,4924834.51,3.3981,167350.8,709654.09,6903333.33
S2,LINKUSDT,-1,2025-10-10T19:00:00+00:00,2025-10-10T20:55:00+00:00,2025,20.918,21.41776845,19.41869466,0.49976845,3.0,2.987443,2.987443,0.0,TP,24,1.92,3.6277,True,False,5122439.08,1.378,70587.21,210875.27,6193679.24
S3,LINKUSDT,-1,2025-10-10T19:00:00+00:00,2025-10-10T21:10:00+00:00,2025,20.918,21.20397684,18.08597881,0.66635793,4.25,4.240583,4.240583,0.0,TP,27,2.17,5.32,True,False,5122439.08,3.3981,174065.6,738139.63,7641472.96
S5,ETHUSDT,-1,2025-10-10T19:00:00+00:00,2025-10-10T21:15:00+00:00,2025,4051.85,4154.00991357,3541.05043214,102.15991357,5.0,4.988101,4.988101,0.0,TP,28,2.25,6.1055,True,False,5122439.08,0.5216,26718.64,133275.29,7908062.62
S5,SOLUSDT,-1,2025-10-10T19:00:00+00:00,2025-10-10T21:10:00+00:00,2025,207.36,213.32108573,177.55457134,5.96108573,5.0,4.989564,4.989564,0.0,TP,27,2.17,5.2876,True,False,5122439.08,0.5216,26718.64,133314.38,7774787.34
S2,BTCUSDT,-1,2025-10-16T16:00:00+00:00,2025-10-17T10:20:00+00:00,2025,108473.9,109998.83223858,103899.10328427,1524.93223858,3.0,2.97866,2.97866,0.0,TP,221,18.33,3.2814,True,False,7908062.62,1.378,108973.1,324593.82,8755188.33
S2,ETHUSDT,-1,2025-10-16T16:00:00+00:00,2025-10-19T14:20:00+00:00,2025,3905.03,3993.77473268,3638.79580195,88.74473268,3.0,-1.013201,-1.013201,0.0,SL,845,70.33,2.6371,True,False,7908062.62,1.378,108973.1,-110411.66,8316144.35
S2,LINKUSDT,-1,2025-10-16T16:00:00+00:00,2025-10-17T07:55:00+00:00,2025,17.652,18.12030573,16.24708282,0.46830573,3.0,2.988692,2.988692,0.0,TP,192,15.92,3.1625,True,False,7908062.62,1.378,108973.1,325687.04,8104819.3
S2,SOLUSDT,-1,2025-10-16T16:00:00+00:00,2025-10-20T05:50:00+00:00,2025,187.5,193.00338467,170.98984599,5.50338467,3.0,-1.010221,-1.010221,0.0,SL,1031,85.83,2.453,True,False,7908062.62,1.378,108973.1,-110086.92,7943255.27
S3,LINKUSDT,-1,2025-10-16T16:00:00+00:00,2025-10-20T06:20:00+00:00,2025,17.652,18.21883057,14.99826755,0.62440764,4.25,-0.91627,-0.91627,0.0,SL,1037,86.33,3.1534,True,False,7908062.62,3.3981,268723.88,-246223.63,7697031.65
S3,SOLUSDT,-1,2025-10-16T16:00:00+00:00,2025-10-21T15:20:00+00:00,2025,187.5,194.75033847,156.31415353,7.33784623,4.25,-0.99574,-0.99574,0.0,SL,1433,119.33,1.8398,True,False,7908062.62,3.3981,268723.88,-267579.11,7199143.97
S4,ETHUSDT,1,2025-10-16T17:00:00+00:00,2025-10-16T20:30:00+00:00,2025,3962.8,3837.02699763,6415.37354622,125.77300237,19.5,-1.009452,-1.009452,0.0,SL,43,3.5,0.0041,True,False,7908062.62,1.6151,127723.12,-128930.36,7779132.26
S2,BTCUSDT,-1,2025-10-16T18:00:00+00:00,2025-10-20T03:50:00+00:00,2025,108220.5,109821.75361388,103416.73915837,1601.25361388,3.0,-1.020275,-1.020275,0.0,SL,983,81.83,2.9667,True,False,7908062.62,1.378,108973.1,-111182.53,8053342.19
S2,DOGEUSDT,-1,2025-10-16T18:00:00+00:00,2025-10-19T13:50:00+00:00,2025,0.19122,0.19708127,0.1736362,0.00586127,3.0,-1.009787,-1.009787,0.0,SL,815,67.83,2.7025,True,False,7908062.62,1.378,108973.1,-110039.62,8426556.0
S2,ETHUSDT,-1,2025-10-16T18:00:00+00:00,2025-10-19T17:05:00+00:00,2025,3920.14,4013.01084094,3641.52747719,92.87084094,3.0,-1.012663,-1.012663,0.0,SL,854,71.08,2.6827,True,False,7908062.62,1.378,108973.1,-110353.03,8164524.72
S2,LINKUSDT,-1,2025-10-16T18:00:00+00:00,2025-10-17T07:55:00+00:00,2025,17.72,18.22633759,16.20098723,0.50633759,3.0,2.989501,2.989501,0.0,TP,168,13.92,3.0592,True,False,7908062.62,1.378,108973.1,325775.2,8430594.5
S5,BTCUSDT,-1,2025-10-17T07:00:00+00:00,2025-10-19T16:40:00+00:00,2025,106699.1,108579.73881005,97295.90594974,1880.63881005,5.0,-1.017021,-1.017021,0.0,SL,693,57.67,1.717,True,False,7779132.26,0.5216,40575.95,-41266.6,8274877.75
S5,DOGEUSDT,-1,2025-10-17T07:00:00+00:00,2025-10-18T07:00:00+00:00,2025,0.18247,0.18909007,0.14936963,0.00662007,5.0,-1.008269,-1.008269,0.0,SL,289,24.0,1.071,True,False,7779132.26,0.5216,40575.95,-40911.48,8581289.68
S5,BTCUSDT,-1,2025-10-17T08:00:00+00:00,2025-10-19T09:45:00+00:00,2025,105633.75,107569.03032362,95957.34838191,1935.28032362,5.0,-1.016375,-1.016375,0.0,SL,598,49.75,1.1181,True,False,8430594.5,0.5216,43973.98,-44694.05,8536595.63
S5,DOGEUSDT,-1,2025-10-17T08:00:00+00:00,2025-10-17T16:00:00+00:00,2025,0.17852,0.18534578,0.14439108,0.00682578,5.0,-1.007846,-1.007846,0.0,SL,97,8.0,0.46,True,False,8430594.5,0.5216,43973.98,-44319.0,8710869.33
S5,LINKUSDT,-1,2025-10-17T08:00:00+00:00,2025-10-17T16:00:00+00:00,2025,16.2,16.83491185,13.02544077,0.63491185,5.0,-1.007655,-1.007655,0.0,SL,97,8.0,0.8143,True,False,8430594.5,0.5216,43973.98,-44310.6,8666558.72
S5,XRPUSDT,-1,2025-10-17T08:00:00+00:00,2025-10-17T16:00:00+00:00,2025,2.2382,2.31517334,1.8533333,0.07697334,5.0,-1.008723,-1.008723,0.0,SL,97,8.0,0.6509,True,False,8430594.5,0.5216,43973.98,-44357.57,8622201.16
S2,XRPUSDT,-1,2025-10-21T05:00:00+00:00,2025-10-21T14:50:00+00:00,2025,2.4228,2.46119408,2.30761777,0.03839408,3.0,-1.018931,-1.018931,0.0,SL,119,9.83,0.586,True,False,7697031.65,1.378,106065.1,-108073.01,7466723.09
S5,BTCUSDT,-1,2025-10-21T05:00:00+00:00,2025-10-21T12:20:00+00:00,2025,107743.5,109212.27320849,100399.63395757,1468.77320849,5.0,-1.022007,-1.022007,0.0,SL,89,7.33,0.2215,True,False,7697031.65,0.5216,40147.72,-41031.25,7656000.4
S5,DOGEUSDT,-1,2025-10-21T05:00:00+00:00,2025-10-21T14:10:00+00:00,2025,0.19314,0.19758273,0.17092636,0.00444273,5.0,-1.013042,-1.013042,0.0,SL,111,9.17,0.2588,True,False,7697031.65,0.5216,40147.72,-40671.32,7574796.1
S5,LINKUSDT,-1,2025-10-21T05:00:00+00:00,2025-10-21T12:20:00+00:00,2025,17.731,18.28534945,14.95925275,0.55434945,5.0,-1.009596,-1.009596,0.0,SL,89,7.33,0.1335,True,False,7697031.65,0.5216,40147.72,-40532.97,7615467.42
S4,ETHUSDT,1,2025-10-21T15:00:00+00:00,2025-10-21T21:20:00+00:00,2025,4019.95,3930.86372783,5757.13230728,89.08627217,19.5,-1.013537,-1.013537,0.0,SL,77,6.33,0.993,True,False,7466723.09,1.6151,120595.04,-122227.54,7076916.43
S2,BTCUSDT,-1,2025-10-21T17:00:00+00:00,2025-10-22T07:05:00+00:00,2025,112507.5,114121.88870492,107664.33388524,1614.38870492,3.0,2.979093,2.979093,0.0,TP,170,14.08,3.056,False,True,,,,,
S2,DOGEUSDT,-1,2025-10-21T17:00:00+00:00,2025-10-22T11:00:00+00:00,2025,0.20086,0.20497395,0.18851815,0.00411395,3.0,2.985353,2.985353,0.0,TP,217,18.0,3.6121,False,True,,,,,
S2,ETHUSDT,-1,2025-10-21T17:00:00+00:00,2025-10-22T11:00:00+00:00,2025,4028.04,4104.28959182,3799.29122453,76.24959182,3.0,2.984152,2.984152,0.0,TP,217,18.0,3.4497,False,True,,,,,
S2,LINKUSDT,-1,2025-10-21T17:00:00+00:00,2025-10-22T21:10:00+00:00,2025,18.344,18.86746193,16.77361422,0.52346193,3.0,2.989487,2.989487,0.0,TP,339,28.17,3.1578,False,True,,,,,
S2,SOLUSDT,-1,2025-10-21T17:00:00+00:00,2025-10-22T19:50:00+00:00,2025,192.56,196.77024597,179.9292621,4.21024597,3.0,2.986279,2.986279,0.0,TP,323,26.83,3.0877,False,True,,,,,
S2,XRPUSDT,-1,2025-10-21T17:00:00+00:00,2025-10-22T21:00:00+00:00,2025,2.4864,2.53209176,2.34932471,0.04569176,3.0,2.983675,2.983675,0.0,TP,337,28.0,3.1669,False,True,,,,,
S2,XRPUSDT,-1,2025-10-24T15:00:00+00:00,2025-10-24T19:05:00+00:00,2025,2.474,2.50972014,2.36683957,0.03572014,3.0,-1.020778,-1.020778,0.0,SL,50,4.08,0.4087,True,False,7076916.43,1.378,97519.91,-99546.18,6977370.26
S1,XRPUSDT,1,2025-10-25T14:00:00+00:00,2025-10-29T18:40:00+00:00,2025,2.5963,2.55059508,3.14475902,0.04570492,12.0,-1.017042,-1.017042,0.0,SL,1209,100.67,2.2011,True,False,6977370.26,0.9264,64638.36,-65739.92,6260105.93
S1,XRPUSDT,1,2025-10-25T19:00:00+00:00,2025-10-25T21:45:00+00:00,2025,2.641,2.59305705,3.21631543,0.04794295,12.0,-1.016526,-1.016526,0.0,SL,34,2.75,0.2649,True,False,6977370.26,0.9264,64638.36,-65706.57,6911663.69
S2,XRPUSDT,-1,2025-10-25T20:00:00+00:00,2025-10-26T09:05:00+00:00,2025,2.6036,2.64241027,2.48716919,0.03881027,3.0,-1.020126,-1.020126,0.0,SL,158,13.08,0.3968,True,False,6977370.26,1.378,96148.16,-98083.24,6813580.44
S1,SOLUSDT,1,2025-10-27T01:00:00+00:00,2025-10-27T09:00:00+00:00,2025,203.15,199.73546721,244.12439348,3.41453279,12.0,-1.017849,-1.017849,0.0,SL,97,8.0,0.6297,True,False,6813580.44,0.9264,63121.01,-64247.66,6749332.79
S2,BTCUSDT,-1,2025-10-27T19:00:00+00:00,2025-10-28T20:15:00+00:00,2025,115342.18,116224.56849729,112695.01450813,882.38849729,3.0,2.960785,2.960785,0.0,TP,304,25.25,3.2777,True,False,6749332.79,1.378,93005.81,275370.19,6697475.87
S2,BTCUSDT,-1,2025-10-27T21:00:00+00:00,2025-10-28T13:45:00+00:00,2025,114405.4,115282.45031144,111774.24906569,877.05031144,3.0,-1.039133,-1.039133,0.0,SL,202,16.75,1.1213,True,False,6749332.79,1.378,93005.81,-96645.4,6532771.07
S2,ETHUSDT,-1,2025-10-27T21:00:00+00:00,2025-10-28T20:30:00+00:00,2025,4127.0,4183.64239138,3957.07282585,56.64239138,3.0,2.978142,2.978142,0.0,TP,283,23.5,3.0011,True,False,6749332.79,1.378,93005.81,276984.5,6974460.36
S3,BTCUSDT,-1,2025-10-27T21:00:00+00:00,2025-10-28T13:15:00+00:00,2025,114405.4,114982.50503114,109435.44823518,1169.40041525,4.25,-0.522855,-0.522855,0.0,SL,196,16.25,0.8409,True,False,6749332.79,3.3981,229349.08,-119916.31,6629416.48
S4,DOGEUSDT,1,2025-10-28T07:00:00+00:00,2025-10-28T14:45:00+00:00,2025,0.20115,0.19717998,0.27856535,0.00397002,19.5,-1.0152,-1.0152,0.0,SL,94,7.75,0.4685,True,False,6749332.79,1.6151,109008.47,-110665.4,6422105.67
S2,DOGEUSDT,-1,2025-10-28T20:00:00+00:00,2025-10-30T04:25:00+00:00,2025,0.19671,0.20023581,0.18613258,0.00352581,3.0,2.983263,2.983263,0.0,TP,390,32.42,3.2134,True,False,6422105.67,1.378,88496.62,264008.68,6787958.69
S2,ETHUSDT,-1,2025-10-28T20:00:00+00:00,2025-10-29T18:40:00+00:00,2025,4037.22,4102.34527128,3841.84418615,65.12527128,3.0,2.981403,2.981403,0.0,TP,273,22.67,3.0897,True,False,6422105.67,1.378,88496.62,263844.08,6523950.01
S2,SOLUSDT,-1,2025-10-28T20:00:00+00:00,2025-10-29T11:20:00+00:00,2025,195.24,199.16336821,183.46989537,3.92336821,3.0,-1.014929,-1.014929,0.0,SL,185,15.33,1.3305,True,False,6422105.67,1.378,88496.62,-89817.78,6325845.86
S3,DOGEUSDT,-1,2025-10-28T20:00:00+00:00,2025-10-30T19:35:00+00:00,2025,0.19671,0.20152258,0.17673042,0.00470108,4.25,4.237447,4.237447,0.0,TP,572,47.58,4.2543,True,False,6422105.67,3.3981,218229.57,924736.25,7712694.94
S3,ETHUSDT,-1,2025-10-28T20:00:00+00:00,2025-11-03T10:55:00+00:00,2025,4037.22,4123.79252713,3668.17679605,86.83369505,4.25,4.236052,4.236052,0.0,TP,1620,134.92,4.4578,True,False,6422105.67,3.3981,218229.57,924431.82,8824242.36
S2,SOLUSDT,-1,2025-10-28T21:00:00+00:00,2025-10-29T10:25:00+00:00,2025,192.37,196.36884191,180.37347428,3.99884191,3.0,-1.014432,-1.014432,0.0,SL,162,13.42,0.5877,True,False,6974460.36,1.378,96108.06,-97495.1,6415663.64
S2,XRPUSDT,-1,2025-10-28T21:00:00+00:00,2025-10-29T09:35:00+00:00,2025,2.5904,2.63727668,2.44976996,0.04687668,3.0,-1.016578,-1.016578,0.0,SL,152,12.58,0.6037,True,False,6974460.36,1.378,96108.06,-97701.34,6728402.3
S3,SOLUSDT,-1,2025-10-28T21:00:00+00:00,2025-10-29T05:40:00+00:00,2025,192.37,195.64988419,169.70989585,5.33178921,4.25,-0.62598,-0.62598,0.0,SL,105,8.67,0.4408,True,False,6974460.36,3.3981,236999.14,-148356.72,6826103.64
S3,XRPUSDT,-1,2025-10-28T21:00:00+00:00,2025-10-29T09:35:00+00:00,2025,2.5904,2.64638767,2.32476548,0.06250224,4.25,-0.908204,-0.908204,0.0,SL,152,12.58,0.4528,True,False,6974460.36,3.3981,236999.14,-215243.56,6513158.74
S2,XRPUSDT,-1,2025-10-30T13:00:00+00:00,2025-10-31T19:55:00+00:00,2025,2.4997,2.54995336,2.34893993,0.05025336,3.0,-1.014923,-1.014923,0.0,SL,372,30.92,2.4715,True,False,6787958.69,1.378,93538.07,-94933.94,7541239.31
S2,LINKUSDT,-1,2025-10-30T14:00:00+00:00,2025-11-02T11:50:00+00:00,2025,17.12,17.60330029,15.67009914,0.48330029,3.0,-1.010627,-1.010627,0.0,SL,839,69.83,1.6739,True,False,6787958.69,1.378,93538.07,-94532.1,7299424.0
S3,LINKUSDT,-1,2025-10-30T14:00:00+00:00,2025-11-02T05:55:00+00:00,2025,17.12,17.52633003,14.38129837,0.64440038,4.25,-0.638525,-0.638525,0.0,SL,768,63.92,1.2554,True,False,6787958.69,3.3981,230661.62,-147283.21,7393956.1
S5,ETHUSDT,-1,2025-10-30T14:00:00+00:00,2025-10-31T01:15:00+00:00,2025,3764.65,3858.92292042,3293.28539789,94.27292042,5.0,-1.01198,-1.01198,0.0,SL,136,11.25,0.9223,True,False,6787958.69,0.5216,35405.99,-35830.16,7636173.25
S5,ETHUSDT,-1,2025-10-30T20:00:00+00:00,2025-10-30T22:55:00+00:00,2025,3685.25,3781.49160551,3204.04197245,96.24160551,5.0,-1.011487,-1.011487,0.0,SL,36,2.92,0.0719,True,False,7712694.94,0.5216,40229.42,-40691.53,7672003.41
S2,LINKUSDT,-1,2025-11-03T01:00:00+00:00,2025-11-03T04:00:00+00:00,2025,17.267,17.59460191,16.28419426,0.32760191,3.0,2.984188,2.984188,0.0,TP,37,3.0,3.0677,True,False,7299424.0,1.378,100586.06,300167.72,7599591.72
S2,LINKUSDT,-1,2025-11-03T02:00:00+00:00,2025-11-03T06:10:00+00:00,2025,17.049,17.38320178,16.04639467,0.33420178,3.0,2.984696,2.984696,0.0,TP,51,4.17,3.0909,True,False,7299424.0,1.378,100586.06,300218.82,7899810.54
S2,XRPUSDT,-1,2025-11-03T03:00:00+00:00,2025-11-03T15:25:00+00:00,2025,2.4606,2.49299318,2.36342045,0.03239318,3.0,2.977212,2.977212,0.0,TP,150,12.42,3.5687,True,False,7299424.0,1.378,100586.06,299466.03,9123708.39
S5,BTCUSDT,-1,2025-11-03T04:00:00+00:00,2025-11-04T16:50:00+00:00,2025,107937.45,109086.80990951,102190.65045245,1149.35990951,5.0,4.971827,4.971827,0.0,TP,443,36.83,5.0204,True,False,7599591.72,0.5216,39639.47,197080.59,9288834.81
S5,DOGEUSDT,-1,2025-11-03T04:00:00+00:00,2025-11-04T18:30:00+00:00,2025,0.175,0.17914493,0.15427534,0.00414493,5.0,4.987334,4.987334,0.0,TP,463,38.5,5.052,True,False,7599591.72,0.5216,39639.47,197695.28,9881616.73
S5,ETHUSDT,-1,2025-11-03T04:00:00+00:00,2025-11-04T17:00:00+00:00,2025,3734.74,3800.28468699,3407.01656505,65.54468699,5.0,4.982906,4.982906,0.0,TP,445,37.0,5.0372,True,False,7599591.72,0.5216,39639.47,197519.75,9486354.57
S5,LINKUSDT,-1,2025-11-03T04:00:00+00:00,2025-11-04T20:15:00+00:00,2025,16.354,16.86033061,13.82234694,0.50633061,5.0,4.99031,4.99031,0.0,TP,484,40.25,5.2693,True,False,7599591.72,0.5216,39639.47,197813.25,10079429.98
S5,SOLUSDT,-1,2025-11-03T04:00:00+00:00,2025-11-04T07:40:00+00:00,2025,177.42,181.6496451,156.2717745,4.2296451,5.0,4.987416,4.987416,0.0,TP,333,27.67,5.0382,True,False,7599591.72,0.5216,39639.47,197698.53,9020118.82
S5,XRPUSDT,-1,2025-11-03T04:00:00+00:00,2025-11-04T17:15:00+00:00,2025,2.4285,2.47430585,2.19947077,0.04580585,5.0,4.984095,4.984095,0.0,TP,448,37.25,5.0889,True,False,7599591.72,0.5216,39639.47,197566.89,9683921.45
S5,DOGEUSDT,-1,2025-11-03T06:00:00+00:00,2025-11-04T20:15:00+00:00,2025,0.17383,0.17819344,0.15201281,0.00436344,5.0,4.988049,4.988049,0.0,TP,460,38.25,5.1175,True,False,7599591.72,0.5216,39639.47,197723.62,10277153.6
S5,BTCUSDT,-1,2025-11-03T16:00:00+00:00,2025-11-03T17:20:00+00:00,2025,105718.8,107340.53760009,97610.11199954,1621.73760009,5.0,-1.019557,-1.019557,0.0,SL,17,1.33,0.2582,True,False,9123708.39,0.5216,47589.26,-48519.97,9075188.42
S5,ETHUSDT,-1,2025-11-03T16:00:00+00:00,2025-11-04T21:30:00+00:00,2025,3587.38,3681.32611081,3117.64944593,93.94611081,5.0,4.988544,4.988544,0.0,TP,355,29.5,5.2557,True,False,9123708.39,0.5216,47589.26,237401.13,11277775.61
S2,BTCUSDT,-1,2025-11-03T19:00:00+00:00,2025-11-04T14:35:00+00:00,2025,106905.9,108230.5310607,102932.00681791,1324.6310607,3.0,2.975788,2.975788,0.0,TP,236,19.58,3.0468,True,False,9075188.42,1.378,125056.1,372140.43,9266130.8
S2,BTCUSDT,-1,2025-11-04T06:00:00+00:00,2025-11-04T20:15:00+00:00,2025,104164.3,105679.44981288,99618.85056137,1515.14981288,3.0,2.979375,2.979375,0.0,TP,172,14.25,3.0899,True,False,9075188.42,1.378,125056.1,372589.01,10649742.61
S2,DOGEUSDT,-1,2025-11-04T06:00:00+00:00,2025-11-04T06:15:00+00:00,2025,0.16105,0.16604262,0.14607213,0.00499262,3.0,-1.009677,-1.009677,0.0,SL,4,0.25,0.0461,True,False,9075188.42,1.378,125056.1,-126266.26,8948922.16
S2,ETHUSDT,-1,2025-11-04T06:00:00+00:00,2025-11-04T15:00:00+00:00,2025,3490.31,3570.81637242,3248.79088274,80.50637242,3.0,-1.013006,-1.013006,0.0,SL,109,9.0,0.3765,True,False,9075188.42,1.378,125056.1,-126682.58,9091754.22
S2,LINKUSDT,-1,2025-11-04T06:00:00+00:00,2025-11-04T11:05:00+00:00,2025,14.691,15.20496442,13.14910673,0.51396442,3.0,-1.008575,-1.008575,0.0,SL,62,5.08,0.3405,True,False,9075188.42,1.378,125056.1,-126128.45,8893990.37
S2,XRPUSDT,-1,2025-11-04T06:00:00+00:00,2025-11-04T06:15:00+00:00,2025,2.2494,2.30777287,2.0742814,0.05837287,3.0,-1.011561,-1.011561,0.0,SL,4,0.25,0.0137,True,False,9075188.42,1.378,125056.1,-126501.87,8822420.29
S5,SOLUSDT,-1,2025-11-04T06:00:00+00:00,2025-11-04T14:45:00+00:00,2025,157.59,163.84470416,126.31647921,6.25470416,5.0,-1.007559,-1.007559,0.0,SL,106,8.75,0.2846,True,False,9075188.42,0.5216,47336.18,-47694.0,9218436.8
S2,DOGEUSDT,-1,2025-11-04T16:00:00+00:00,2025-11-07T15:50:00+00:00,2025,0.16387,0.16930748,0.14755756,0.00543748,3.0,-1.009041,-1.009041,0.0,SL,863,71.83,2.2823,True,False,9091754.22,1.378,125284.37,-126417.07,11079658.14
S2,SOLUSDT,-1,2025-11-04T16:00:00+00:00,2025-11-04T21:30:00+00:00,2025,161.39,165.99128416,147.58614753,4.60128416,3.0,2.989478,2.989478,0.0,TP,67,5.5,3.1252,True,False,9091754.22,1.378,125284.37,374534.88,11652310.49
S5,BTCUSDT,-1,2025-11-04T16:00:00+00:00,2025-11-09T23:00:00+00:00,2025,103157.7,105175.18865612,93070.25671941,2017.48865612,5.0,-1.01534,-1.01534,0.0,SL,1525,127.0,2.1159,True,False,9091754.22,0.5216,47422.59,-48150.05,10824654.89
S2,DOGEUSDT,-1,2025-11-04T17:00:00+00:00,2025-11-05T05:10:00+00:00,2025,0.16007,0.16570409,0.14316773,0.00563409,3.0,-1.008523,-1.008523,0.0,SL,147,12.17,1.5282,True,False,9486354.57,1.378,130721.97,-131836.11,11520474.38
S2,ETHUSDT,-1,2025-11-04T17:00:00+00:00,2025-11-04T20:15:00+00:00,2025,3428.3,3515.94641285,3165.36076146,87.64641285,3.0,2.988265,2.988265,0.0,TP,40,3.25,3.4871,True,False,9486354.57,1.378,130721.97,390631.88,11040374.48
S2,SOLUSDT,-1,2025-11-04T17:00:00+00:00,2025-11-05T18:25:00+00:00,2025,158.15,162.872621,143.98213699,4.722621,3.0,-1.010046,-1.010046,0.0,SL,306,25.42,2.6426,True,False,9486354.57,1.378,130721.97,-132035.2,11388439.18
S2,XRPUSDT,-1,2025-11-04T17:00:00+00:00,2025-11-05T18:50:00+00:00,2025,2.2395,2.30102639,2.05492083,0.06152639,3.0,-1.01092,-1.01092,0.0,SL,311,25.83,2.8281,True,False,9486354.57,1.378,130721.97,-132149.45,11206075.21
S5,BTCUSDT,-1,2025-11-04T17:00:00+00:00,2025-11-05T18:45:00+00:00,2025,102227.4,104295.65375211,91886.13123945,2068.25375211,5.0,-1.014828,-1.014828,0.0,SL,310,25.75,1.6142,True,False,9486354.57,0.5216,49480.83,-50214.53,11338224.66
S1,DOGEUSDT,1,2025-11-07T18:00:00+00:00,2025-11-08T16:05:00+00:00,2025,0.17955,0.17288917,0.25947996,0.00666083,12.0,-1.008087,-1.008087,0.0,SL,266,22.08,0.5615,True,False,11079658.14,0.9264,102641.95,-103472.02,10872804.94
S1,LINKUSDT,1,2025-11-07T18:00:00+00:00,2025-11-08T14:15:00+00:00,2025,15.948,15.28371145,23.91946265,0.66428855,12.0,-1.007202,-1.007202,0.0,SL,244,20.25,0.3989,True,False,11079658.14,0.9264,102641.95,-103381.18,10976276.96
S1,BTCUSDT,1,2025-11-10T01:00:00+00:00,2025-11-10T14:50:00+00:00,2025,106267.9,104715.08456439,124901.68522728,1552.81543561,12.0,-1.020531,-1.020531,0.0,SL,167,13.83,0.2564,True,False,10824654.89,0.9264,100279.6,-102338.44,10722316.44
S5,BTCUSDT,-1,2025-11-10T02:00:00+00:00,2025-11-11T01:15:00+00:00,2025,105683.0,107265.52861878,97770.35690611,1582.52861878,5.0,-1.020034,-1.020034,0.0,SL,280,23.25,0.6736,True,False,10824654.89,0.5216,56461.4,-57592.55,10512685.52
S1,XRPUSDT,1,2025-11-10T10:00:00+00:00,2025-11-11T06:00:00+00:00,2025,2.5378,2.47159431,3.33226822,0.06620569,12.0,-1.0115,-1.0115,0.0,SL,241,20.0,0.6359,True,False,10824654.89,0.9264,100279.6,-101432.82,10411252.7
S2,BTCUSDT,-1,2025-11-10T15:00:00+00:00,2025-11-10T17:55:00+00:00,2025,104846.6,105931.20845731,101592.77462806,1084.60845731,3.0,-1.029,-1.029,0.0,SL,36,2.92,0.2117,True,False,10722316.44,1.378,147753.52,-152038.37,10570278.07
S2,SOLUSDT,-1,2025-11-11T05:00:00+00:00,2025-11-11T23:30:00+00:00,2025,166.8,170.59191726,155.42424822,3.79191726,3.0,2.986804,2.986804,0.0,TP,223,18.5,3.0644,True,False,10512685.52,1.378,144864.81,432682.78,10843935.49
S2,SOLUSDT,-1,2025-11-11T06:00:00+00:00,2025-11-11T23:45:00+00:00,2025,165.03,168.76535174,153.82394478,3.73535174,3.0,2.986746,2.986746,0.0,TP,214,17.75,3.0064,True,False,10411252.7,1.378,143467.06,428499.67,11272435.16
S3,SOLUSDT,-1,2025-11-11T06:00:00+00:00,2025-11-13T19:15:00+00:00,2025,165.03,167.17353517,143.8630068,4.98046899,4.25,4.240059,4.240059,0.0,TP,736,61.25,4.3169,True,False,10411252.7,3.3981,353784.78,1500068.33,10864300.51
S2,BTCUSDT,-1,2025-11-12T16:00:00+00:00,2025-11-13T05:55:00+00:00,2025,102173.51,103368.49428122,98588.55715633,1194.98428122,3.0,-1.025651,-1.025651,0.0,SL,168,13.92,1.2239,True,False,11272435.16,1.378,155334.16,-159318.63,9802342.88
S2,ETHUSDT,-1,2025-11-12T16:00:00+00:00,2025-11-13T05:30:00+00:00,2025,3426.33,3493.67702527,3224.2889242,67.34702527,3.0,-1.015263,-1.015263,0.0,SL,163,13.5,0.8364,True,False,11272435.16,1.378,155334.16,-157705.02,10867910.08
S2,LINKUSDT,-1,2025-11-12T16:00:00+00:00,2025-11-13T05:35:00+00:00,2025,15.366,15.76292041,14.17523876,0.39692041,3.0,-1.011614,-1.011614,0.0,SL,164,13.58,1.1564,True,False,11272435.16,1.378,155334.16,-157138.21,10710771.87
S3,BTCUSDT,-1,2025-11-12T16:00:00+00:00,2025-11-14T12:30:00+00:00,2025,102173.51,104395.29842812,95401.9324064,1593.31237497,4.25,4.230762,4.230762,0.0,TP,535,44.5,4.3834,True,False,11272435.16,3.3981,383048.62,1620587.54,12484888.05
S3,ETHUSDT,-1,2025-11-12T16:00:00+00:00,2025-11-13T05:45:00+00:00,2025,3426.33,3526.69470253,3044.69685682,89.79603369,4.25,-1.129143,-1.129143,0.0,SL,166,13.75,0.6273,True,False,11272435.16,3.3981,383048.62,-432516.67,10278255.21
S3,LINKUSDT,-1,2025-11-12T16:00:00+00:00,2025-11-13T06:15:00+00:00,2025,15.366,15.96669204,13.11678432,0.52922722,4.25,-1.143747,-1.143747,0.0,SL,172,14.25,0.8673,True,False,11272435.16,3.3981,383048.62,-438110.71,9364232.17
S2,BTCUSDT,-1,2025-11-12T17:00:00+00:00,2025-11-13T05:45:00+00:00,2025,101393.1,102608.28326114,97747.55021659,1215.18326114,3.0,-1.025032,-1.025032,0.0,SL,154,12.75,0.5613,True,False,11272435.16,1.378,155334.16,-159222.48,10119032.73
S2,SOLUSDT,-1,2025-11-12T17:00:00+00:00,2025-11-13T05:50:00+00:00,2025,152.72,156.21379077,142.23862769,3.49379077,3.0,-1.013114,-1.013114,0.0,SL,155,12.83,0.6955,True,False,11272435.16,1.378,155334.16,-157371.21,9961661.52
S3,BTCUSDT,-1,2025-11-12T17:00:00+00:00,2025-11-13T01:10:00+00:00,2025,101393.1,102406.69832611,94507.06152023,1620.24434818,4.25,-0.644357,-0.644357,0.0,SL,99,8.17,0.421,True,False,11272435.16,3.3981,383048.62,-246820.06,11025615.1
S2,ETHUSDT,-1,2025-11-13T14:00:00+00:00,2025-11-13T18:05:00+00:00,2025,3436.48,3503.11190383,3236.5842885,66.63190383,3.0,2.984528,2.984528,0.0,TP,50,4.08,3.0688,False,True,,,,,
S2,DOGEUSDT,-1,2025-11-13T16:00:00+00:00,2025-11-13T19:10:00+00:00,2025,0.17265,0.17625955,0.16182136,0.00360955,3.0,2.985651,2.985651,0.0,TP,39,3.17,3.017,False,True,,,,,
S2,LINKUSDT,-1,2025-11-13T16:00:00+00:00,2025-11-14T04:35:00+00:00,2025,15.31,15.70125882,14.13622354,0.39125882,3.0,2.988261,2.988261,0.0,TP,152,12.58,3.6012,False,True,,,,,
S2,SOLUSDT,-1,2025-11-13T16:00:00+00:00,2025-11-13T19:55:00+00:00,2025,153.05,156.50444245,142.68667264,3.45444245,3.0,2.986708,2.986708,0.0,TP,48,3.92,3.219,False,True,,,,,
S2,XRPUSDT,-1,2025-11-13T16:00:00+00:00,2025-11-14T04:35:00+00:00,2025,2.4331,2.49370006,2.25129982,0.06060006,3.0,2.987955,2.987955,0.0,TP,152,12.58,3.0446,False,True,,,,,
S2,DOGEUSDT,-1,2025-11-13T17:00:00+00:00,2025-11-14T12:35:00+00:00,2025,0.16969,0.17344565,0.15842304,0.00375565,3.0,2.986445,2.986445,0.0,TP,236,19.58,3.094,False,True,,,,,
S2,ETHUSDT,-1,2025-11-13T17:00:00+00:00,2025-11-14T12:30:00+00:00,2025,3326.74,3404.65072621,3093.00782137,77.91072621,3.0,2.98719,2.98719,0.0,TP,235,19.5,3.0643,False,True,,,,,
S2,LINKUSDT,-1,2025-11-13T17:00:00+00:00,2025-11-14T23:00:00+00:00,2025,15.008,15.41191891,13.79624328,0.40391891,3.0,2.988853,2.988853,0.0,TP,361,30.0,3.3175,False,True,,,,,
S2,SOLUSDT,-1,2025-11-13T17:00:00+00:00,2025-11-14T04:35:00+00:00,2025,151.03,154.52376799,140.54869602,3.49376799,3.0,2.987031,2.987031,0.0,TP,140,11.58,3.5921,False,True,,,,,
S2,XRPUSDT,-1,2025-11-13T17:00:00+00:00,2025-11-15T21:40:00+00:00,2025,2.4009,2.46236791,2.21649626,0.06146791,3.0,2.988282,2.988282,0.0,TP,633,52.67,3.1138,False,True,,,,,
S2,DOGEUSDT,-1,2025-11-13T18:00:00+00:00,2025-11-16T17:55:00+00:00,2025,0.16558,0.16956453,0.1536264,0.00398453,3.0,2.987533,2.987533,0.0,TP,864,71.92,3.0443,False,True,,,,,
S2,LINKUSDT,-1,2025-11-13T18:00:00+00:00,2025-11-16T17:55:00+00:00,2025,14.652,15.06949613,13.39951162,0.41749613,3.0,2.989472,2.989472,0.0,TP,864,71.92,3.0348,False,True,,,,,
S2,SOLUSDT,-1,2025-11-13T18:00:00+00:00,2025-11-14T12:40:00+00:00,2025,147.04,150.77707028,135.82878916,3.73707028,3.0,2.988196,2.988196,0.0,TP,225,18.67,3.0425,False,True,,,,,
S2,XRPUSDT,-1,2025-11-13T18:00:00+00:00,2025-11-16T16:45:00+00:00,2025,2.3553,2.41839878,2.16600367,0.06309878,3.0,2.988802,2.988802,0.0,TP,850,70.75,3.0951,False,True,,,,,
S3,DOGEUSDT,-1,2025-11-13T18:00:00+00:00,2025-11-21T07:30:00+00:00,2025,0.16558,0.17028845,0.14300097,0.00531271,4.25,4.24065,4.24065,0.0,TP,2179,181.5,5.9593,False,True,,,,,
S3,LINKUSDT,-1,2025-11-13T18:00:00+00:00,2025-11-21T07:30:00+00:00,2025,14.652,15.06374961,12.28618862,0.5566615,4.25,4.242104,4.242104,0.0,TP,2179,181.5,5.348,False,True,,,,,
S3,SOLUSDT,-1,2025-11-13T18:00:00+00:00,2025-11-21T07:30:00+00:00,2025,147.04,151.60370703,125.86326842,4.98276037,4.25,4.241147,4.241147,0.0,TP,2179,181.5,5.222,False,True,,,,,
S5,ETHUSDT,-1,2025-11-13T18:00:00+00:00,2025-11-21T07:30:00+00:00,2025,3254.4,3361.71804198,2717.80979012,107.31804198,5.0,4.990903,4.990903,0.0,TP,2179,181.5,5.7003,False,True,,,,,
S2,DOGEUSDT,-1,2025-11-13T19:00:00+00:00,2025-11-18T00:40:00+00:00,2025,0.16258,0.16671064,0.15018808,0.00413064,3.0,2.988192,2.988192,0.0,TP,1221,101.67,3.1061,False,True,,,,,
S2,XRPUSDT,-1,2025-11-13T20:00:00+00:00,2025-11-17T19:45:00+00:00,2025,2.3135,2.37727777,2.12216669,0.06377777,3.0,2.989118,2.989118,0.0,TP,1150,95.75,3.0402,True,False,10864300.51,1.378,149710.06,447501.04,12525306.3
S4,ETHUSDT,1,2025-11-17T01:00:00+00:00,2025-11-17T18:25:00+00:00,2025,3134.86,3032.92858385,5122.52261493,101.93141615,19.5,-1.009226,-1.009226,0.0,SL,210,17.42,0.8669,True,False,12484888.05,1.6151,201643.43,-203503.79,12077805.26
S4,SOLUSDT,1,2025-11-17T01:00:00+00:00,2025-11-17T16:15:00+00:00,2025,139.12,134.77186159,223.90869899,4.34813841,19.5,-1.009599,-1.009599,0.0,SL,184,15.25,0.9613,True,False,12484888.05,1.6151,201643.43,-203579.0,12281309.05
S2,BTCUSDT,-1,2025-11-17T02:00:00+00:00,2025-11-18T02:55:00+00:00,2025,94732.5,96065.34049877,90733.9785037,1332.84049877,3.0,2.978677,2.978677,0.0,TP,300,24.92,3.0349,True,False,12484888.05,1.378,172041.76,512456.83,12626146.23
S2,DOGEUSDT,-1,2025-11-17T16:00:00+00:00,2025-11-18T19:25:00+00:00,2025,0.15834,0.16219304,0.14678088,0.00385304,3.0,-1.012328,-1.012328,0.0,SL,330,27.42,2.3514,True,False,12484888.05,1.378,172041.76,-174162.69,10126618.08
S2,LINKUSDT,-1,2025-11-17T16:00:00+00:00,2025-11-21T07:30:00+00:00,2025,13.706,14.07372271,12.60283186,0.36772271,3.0,2.988818,2.988818,0.0,TP,1051,87.5,5.5232,True,False,12484888.05,1.378,172041.76,514201.5,11348727.34
S2,SOLUSDT,-1,2025-11-17T16:00:00+00:00,2025-11-18T15:20:00+00:00,2025,137.06,140.49758951,126.74723147,3.43758951,3.0,-1.011961,-1.011961,0.0,SL,281,23.33,2.4319,True,False,12484888.05,1.378,172041.76,-174099.55,11402092.46
S2,XRPUSDT,-1,2025-11-17T16:00:00+00:00,2025-11-19T17:35:00+00:00,2025,2.2081,2.26205411,2.04623767,0.05395411,3.0,2.987722,2.987722,0.0,TP,596,49.58,3.0637,True,False,12484888.05,1.378,172041.76,514012.94,10640631.03
S2,BTCUSDT,-1,2025-11-17T18:00:00+00:00,2025-11-20T16:20:00+00:00,2025,92724.0,94205.92117741,88278.23646777,1481.92117741,3.0,2.981229,2.981229,0.0,TP,845,70.33,3.0076,True,False,12281309.05,1.378,169236.44,504532.58,11145163.6
S2,DOGEUSDT,-1,2025-11-17T18:00:00+00:00,2025-11-18T15:30:00+00:00,2025,0.15604,0.1604327,0.14286191,0.0043927,3.0,-1.010657,-1.010657,0.0,SL,259,21.5,1.5389,True,False,12281309.05,1.378,169236.44,-171039.99,10818741.76
S2,ETHUSDT,-1,2025-11-17T18:00:00+00:00,2025-11-18T16:15:00+00:00,2025,3057.51,3135.45924005,2823.66227984,77.94924005,3.0,-1.011767,-1.011767,0.0,SL,268,22.25,1.4651,True,False,12281309.05,1.378,169236.44,-171227.84,10300780.77
S2,LINKUSDT,-1,2025-11-17T18:00:00+00:00,2025-11-18T15:30:00+00:00,2025,13.371,13.7756104,12.1571688,0.4046104,3.0,-1.009914,-1.009914,0.0,SL,259,21.5,0.7934,True,False,12281309.05,1.378,169236.44,-170914.25,10647827.51
S2,SOLUSDT,-1,2025-11-17T18:00:00+00:00,2025-11-18T04:55:00+00:00,2025,131.95,135.76238585,120.51284244,3.81238585,3.0,-1.010383,-1.010383,0.0,SL,132,10.92,0.8525,True,False,12281309.05,1.378,169236.44,-170993.62,12455152.61
S2,XRPUSDT,-1,2025-11-17T18:00:00+00:00,2025-11-18T15:20:00+00:00,2025,2.1632,2.22181655,1.98735034,0.05861655,3.0,-1.011071,-1.011071,0.0,SL,257,21.33,0.9912,True,False,12281309.05,1.378,169236.44,-171110.06,11230982.41
S3,SOLUSDT,-1,2025-11-17T18:00:00+00:00,2025-11-18T05:20:00+00:00,2025,131.95,136.24123859,110.34648017,5.08318114,4.25,-0.851991,-0.851991,0.0,SL,137,11.33,0.6394,True,False,12281309.05,3.3981,417331.16,-355562.39,12099590.21
S2,SOLUSDT,-1,2025-11-17T19:00:00+00:00,2025-11-18T02:30:00+00:00,2025,130.44,134.27364401,118.93906798,3.83364401,3.0,-1.010208,-1.010208,0.0,SL,91,7.5,0.4539,True,False,12077805.26,1.378,166432.16,-168131.1,12357175.2
S3,SOLUSDT,-1,2025-11-17T19:00:00+00:00,2025-11-18T02:30:00+00:00,2025,130.44,133.4333644,108.7160173,5.11152534,4.25,-0.593266,-0.593266,0.0,SL,91,7.5,0.3404,True,False,12077805.26,3.3981,410415.9,-243485.8,12113689.4
S2,BTCUSDT,-1,2025-11-17T20:00:00+00:00,2025-11-18T16:10:00+00:00,2025,91678.93,93153.10986726,87256.39039823,1474.17986726,3.0,-1.018657,-1.018657,0.0,SL,243,20.17,1.8091,True,False,12525306.3,1.378,172598.72,-175818.9,10472008.61
S2,DOGEUSDT,-1,2025-11-17T20:00:00+00:00,2025-11-18T08:35:00+00:00,2025,0.15218,0.15662613,0.13884162,0.00444613,3.0,-1.010268,-1.010268,0.0,SL,152,12.58,0.6523,True,False,12525306.3,1.378,172598.72,-174370.96,11750705.72
S2,ETHUSDT,-1,2025-11-17T20:00:00+00:00,2025-11-18T08:35:00+00:00,2025,2980.99,3061.59220188,2739.18339435,80.60220188,3.0,-1.011095,-1.011095,0.0,SL,152,12.58,0.4675,True,False,12525306.3,1.378,172598.72,-174513.7,11576192.01
S2,XRPUSDT,-1,2025-11-17T20:00:00+00:00,2025-11-18T08:30:00+00:00,2025,2.1257,2.18318085,1.95325744,0.05748085,3.0,-1.011094,-1.011094,0.0,SL,151,12.5,0.3584,True,False,12525306.3,1.378,172598.72,-174513.53,11925076.68
S3,BTCUSDT,-1,2025-11-17T20:00:00+00:00,2025-11-18T15:20:00+00:00,2025,91678.93,92765.31798673,83325.24408554,1965.57315634,4.25,-0.566701,-0.566701,0.0,SL,233,19.33,1.3568,True,False,12525306.3,3.3981,425622.43,-241200.66,10989781.75
S2,DOGEUSDT,-1,2025-11-20T17:00:00+00:00,2025-11-21T07:30:00+00:00,2025,0.1506,0.1542037,0.13978889,0.0036037,3.0,2.987463,2.987463,0.0,TP,175,14.5,4.6286,True,False,11145163.6,1.378,153580.35,458815.63,11807542.96
S2,LINKUSDT,-1,2025-11-20T17:00:00+00:00,2025-11-20T22:15:00+00:00,2025,12.959,13.29309211,11.95672368,0.33409211,3.0,-1.011637,-1.011637,0.0,SL,64,5.25,0.5986,True,False,11145163.6,1.378,153580.35,-155367.57,10989796.04
S2,SOLUSDT,-1,2025-11-20T17:00:00+00:00,2025-11-20T22:30:00+00:00,2025,132.53,136.14333203,121.6900039,3.61333203,3.0,-1.011003,-1.011003,0.0,SL,67,5.5,0.4151,True,False,11145163.6,1.378,153580.35,-155270.2,10834525.84
S3,SOLUSDT,-1,2025-11-20T17:00:00+00:00,2025-11-24T20:20:00+00:00,2025,132.53,139.0613332,112.05445181,4.81777604,4.25,-1.363926,-1.363926,0.0,SL,1193,99.33,2.3891,True,False,11145163.6,3.3981,378723.8,-516551.24,10560219.24
S2,DOGEUSDT,-1,2025-11-21T00:00:00+00:00,2025-11-21T07:30:00+00:00,2025,0.14886,0.15292151,0.13667548,0.00406151,3.0,2.989005,2.989005,0.0,TP,91,7.5,3.6784,True,False,10834525.84,1.378,149299.77,446257.75,12253800.71
S5,BTCUSDT,-1,2025-11-21T00:00:00+00:00,2025-11-24T19:00:00+00:00,2025,86637.22,88797.39107751,75836.36461247,2160.17107751,5.0,-1.012032,-1.012032,0.0,SL,1093,91.0,2.7948,True,False,10834525.84,0.5216,56512.89,-57192.85,11076770.48
S2,DOGEUSDT,-1,2025-11-21T03:00:00+00:00,2025-11-24T17:25:00+00:00,2025,0.14535,0.14949157,0.13292529,0.00414157,3.0,-1.010529,-1.010529,0.0,SL,1038,86.42,2.9433,True,False,10834525.84,1.378,149299.77,-150871.74,11133963.33
S5,BTCUSDT,-1,2025-11-21T03:00:00+00:00,2025-11-23T19:30:00+00:00,2025,85396.3,87566.91200338,74543.23998309,2170.61200338,5.0,-1.011803,-1.011803,0.0,SL,775,64.5,2.2097,True,False,10834525.84,0.5216,56512.89,-57179.91,11284835.07
S5,BTCUSDT,-1,2025-11-21T10:00:00+00:00,2025-11-21T14:30:00+00:00,2025,82207.83,84771.88551024,69387.5524488,2564.05551024,5.0,-1.009618,-1.009618,0.0,SL,55,4.5,0.6271,True,False,12253800.71,0.5216,63915.82,-64530.57,12189270.14
S2,BTCUSDT,-1,2025-11-21T16:00:00+00:00,2025-11-21T17:05:00+00:00,2025,82905.0,85150.63986164,76168.08041507,2245.63986164,3.0,-1.011075,-1.011075,0.0,SL,14,1.08,0.2547,True,False,12189270.14,1.378,167968.14,-169828.39,12019441.75
S2,DOGEUSDT,-1,2025-11-21T16:00:00+00:00,2025-11-21T17:05:00+00:00,2025,0.1379,0.14311925,0.12224226,0.00521925,3.0,-1.007926,-1.007926,0.0,SL,14,1.08,0.4253,True,False,12189270.14,1.378,167968.14,-169299.46,11850142.3
S2,ETHUSDT,-1,2025-11-21T16:00:00+00:00,2025-11-21T17:15:00+00:00,2025,2703.69,2797.15001584,2423.30995249,93.46001584,3.0,-1.008679,-1.008679,0.0,SL,16,1.25,0.3222,True,False,12189270.14,1.378,167968.14,-169425.94,11511393.22
S2,SOLUSDT,-1,2025-11-21T16:00:00+00:00,2025-11-21T17:05:00+00:00,2025,125.34,130.00138205,111.35585385,4.66138205,3.0,-1.008067,-1.008067,0.0,SL,14,1.08,0.3947,True,False,12189270.14,1.378,167968.14,-169323.14,11680819.15
S2,XRPUSDT,-1,2025-11-21T16:00:00+00:00,2025-11-21T17:15:00+00:00,2025,1.9102,1.97846101,1.70541696,0.06826101,3.0,-1.008395,-1.008395,0.0,SL,16,1.25,0.3677,True,False,12189270.14,1.378,167968.14,-169378.24,11342014.98
S2,BTCUSDT,-1,2025-11-28T17:00:00+00:00,2025-12-01T00:30:00+00:00,2025,90936.24,91969.2131715,87837.3204855,1032.9731715,3.0,2.97359,2.97359,0.0,TP,667,55.5,3.0845,True,False,10560219.24,1.378,145519.82,432716.28,13015317.96
S2,DOGEUSDT,-1,2025-11-28T17:00:00+00:00,2025-12-01T00:05:00+00:00,2025,0.15042,0.15303465,0.14257606,0.00261465,3.0,2.982741,2.982741,0.0,TP,662,55.08,3.2968,True,False,10560219.24,1.378,145519.82,434047.94,11273061.2
S2,ETHUSDT,-1,2025-11-28T17:00:00+00:00,2025-12-01T00:20:00+00:00,2025,3023.67,3070.47809096,2883.24572711,46.80809096,3.0,2.980621,2.980621,0.0,TP,665,55.33,3.117,True,False,10560219.24,1.378,145519.82,433739.43,12140824.85
S2,LINKUSDT,-1,2025-11-28T17:00:00+00:00,2025-11-30T16:20:00+00:00,2025,13.178,13.40003896,12.51188313,0.22203896,3.0,-1.017805,-1.017805,0.0,SL,569,47.33,1.234,True,False,10560219.24,1.378,145519.82,-148110.8,10412108.43
S2,SOLUSDT,-1,2025-11-28T17:00:00+00:00,2025-12-01T00:05:00+00:00,2025,138.74,141.1289954,131.57301381,2.3889954,3.0,2.982578,2.982578,0.0,TP,662,55.08,3.424,True,False,10560219.24,1.378,145519.82,434024.22,11707085.42
S2,XRPUSDT,-1,2025-11-28T17:00:00+00:00,2025-12-01T00:55:00+00:00,2025,2.1901,2.23320436,2.06078693,0.04310436,3.0,2.984757,2.984757,0.0,TP,672,55.92,3.1018,True,False,10560219.24,1.378,145519.82,434341.3,14339132.1
S3,SOLUSDT,-1,2025-11-28T17:00:00+00:00,2025-12-01T15:10:00+00:00,2025,138.74,141.87889954,125.20235942,3.1853272,4.25,4.236933,4.236933,0.0,TP,843,70.17,4.2821,True,False,10560219.24,3.3981,358846.81,1520409.89,16304630.46
S2,SOLUSDT,-1,2025-11-30T18:00:00+00:00,2025-11-30T23:55:00+00:00,2025,138.41,140.09689033,133.34932902,1.68689033,3.0,2.975385,2.975385,0.0,TP,72,5.92,3.1122,True,False,10412108.43,1.378,143478.85,426904.83,10839013.27
S2,BTCUSDT,-1,2025-12-01T00:00:00+00:00,2025-12-01T00:20:00+00:00,2025,90320.5,90962.09394291,88395.71817128,641.59394291,3.0,2.957767,2.957767,0.0,TP,5,0.33,3.0339,True,False,10839013.27,1.378,149361.6,441776.82,12582601.67
S2,DOGEUSDT,-1,2025-12-01T00:00:00+00:00,2025-12-01T00:30:00+00:00,2025,0.1459,0.14771608,0.14045175,0.00181608,3.0,2.975899,2.975899,0.0,TP,7,0.5,3.1551,True,False,10839013.27,1.378,149361.6,444485.04,13459803.0
S2,LINKUSDT,-1,2025-12-01T00:00:00+00:00,2025-12-01T00:30:00+00:00,2025,12.944,13.13127361,12.38217916,0.18727361,3.0,2.979265,2.979265,0.0,TP,7,0.5,3.0704,True,False,10839013.27,1.378,149361.6,444987.8,13904790.8
S2,SOLUSDT,-1,2025-12-01T00:00:00+00:00,2025-12-01T01:00:00+00:00,2025,133.37,135.36443921,127.38668236,1.99443921,3.0,2.979939,2.979939,0.0,TP,13,1.0,3.0084,True,False,10839013.27,1.378,149361.6,445088.47,14784220.57
S5,BTCUSDT,-1,2025-12-01T01:00:00+00:00,2025-12-02T14:05:00+00:00,2025,86970.6,88258.8544055,80529.32797249,1288.2544055,5.0,-1.020253,-1.020253,0.0,SL,446,37.08,2.4435,True,False,14784220.57,0.5216,77114.49,-78676.29,15832783.79
S5,DOGEUSDT,-1,2025-12-01T01:00:00+00:00,2025-12-02T15:00:00+00:00,2025,0.13884,0.14217563,0.12216187,0.00333563,5.0,-1.012487,-1.012487,0.0,SL,457,38.0,2.1555,True,False,14784220.57,0.5216,77114.49,-78077.42,15442426.75
S5,ETHUSDT,-1,2025-12-01T01:00:00+00:00,2025-12-02T14:45:00+00:00,2025,2834.82,2895.62272408,2530.8063796,60.80272408,5.0,-1.013987,-1.013987,0.0,SL,454,37.75,1.9201,True,False,14784220.57,0.5216,77114.49,-78193.09,15598556.69
S5,LINKUSDT,-1,2025-12-01T01:00:00+00:00,2025-12-02T14:40:00+00:00,2025,12.243,12.582434,10.54583001,0.339434,5.0,-1.010821,-1.010821,0.0,SL,453,37.67,1.4848,True,False,14784220.57,0.5216,77114.49,-77948.95,15754834.84
S5,SOLUSDT,-1,2025-12-01T01:00:00+00:00,2025-12-02T13:25:00+00:00,2025,127.48,130.84359141,110.66204296,3.36359141,5.0,-1.01137,-1.01137,0.0,SL,438,36.42,1.317,True,False,14784220.57,0.5216,77114.49,-77991.29,15911460.08
S5,XRPUSDT,-1,2025-12-01T01:00:00+00:00,2025-12-02T15:00:00+00:00,2025,2.0567,2.10193673,1.83051635,0.04523673,5.0,-1.01364,-1.01364,0.0,SL,457,38.0,1.6403,True,False,14784220.57,0.5216,77114.49,-78166.34,15364260.41
S5,DOGEUSDT,-1,2025-12-01T04:00:00+00:00,2025-12-02T14:45:00+00:00,2025,0.13709,0.14047091,0.12018546,0.00338091,5.0,-1.012164,-1.012164,0.0,SL,418,34.75,1.609,True,False,14784220.57,0.5216,77114.49,-78052.52,15520504.17
S5,XRPUSDT,-1,2025-12-01T05:00:00+00:00,2025-12-02T14:40:00+00:00,2025,2.0288,2.07715761,1.78701196,0.04835761,5.0,-1.012586,-1.012586,0.0,SL,405,33.67,0.9575,True,False,14784220.57,0.5216,77114.49,-78085.06,15676749.78
S5,LINKUSDT,-1,2025-12-01T17:00:00+00:00,2025-12-01T22:05:00+00:00,2025,11.77,12.10834582,10.07827088,0.33834582,5.0,-1.010436,-1.010436,0.0,SL,62,5.08,0.0266,True,False,16304630.46,0.5216,85044.95,-85932.48,16218697.98
S2,BTCUSDT,-1,2025-12-02T09:00:00+00:00,2025-12-02T10:50:00+00:00,2025,86438.1,87445.49540614,83415.91378157,1007.39540614,3.0,-1.025741,-1.025741,0.0,SL,23,1.83,0.0212,True,False,16218697.98,1.378,223493.66,-229246.61,15989451.37
S1,BTCUSDT,1,2025-12-02T15:00:00+00:00,2025-12-07T14:30:00+00:00,2025,89271.99,87789.09479286,107066.73248566,1482.89520714,12.0,-1.01806,-1.01806,0.0,SL,1435,119.5,3.2895,False,True,,,,,
S1,XRPUSDT,1,2025-12-02T16:00:00+00:00,2025-12-04T18:40:00+00:00,2025,2.1542,2.10098222,2.79281331,0.05321778,12.0,-1.012144,-1.012144,0.0,SL,609,50.67,1.2101,False,True,,,,,
S1,SOLUSDT,1,2025-12-02T17:00:00+00:00,2025-12-05T14:35:00+00:00,2025,139.34,135.21186572,188.87761137,4.12813428,12.0,-1.010126,-1.010126,0.0,SL,836,69.58,1.8241,False,True,,,,,
S1,LINKUSDT,1,2025-12-03T03:00:00+00:00,2025-12-05T16:35:00+00:00,2025,13.937,13.56663662,18.38136055,0.37036338,12.0,-1.011289,-1.011289,0.0,SL,740,61.58,2.6569,True,False,15364260.41,0.9264,142334.51,-143941.32,14995319.19
S5,LINKUSDT,-1,2025-12-03T15:00:00+00:00,2025-12-03T22:45:00+00:00,2025,14.256,14.67478211,12.16208946,0.41878211,5.0,-1.010212,-1.010212,0.0,SL,94,7.75,0.0024,True,False,15364260.41,0.5216,80139.98,-80958.37,15283302.04
S1,SOLUSDT,1,2025-12-03T22:00:00+00:00,2025-12-04T13:45:00+00:00,2025,145.45,141.81166769,189.10998775,3.63833231,12.0,-1.011993,-1.011993,0.0,SL,190,15.75,0.3903,True,False,15364260.41,0.9264,142334.51,-144041.53,15139260.51
S2,ETHUSDT,-1,2025-12-04T17:00:00+00:00,2025-12-05T19:00:00+00:00,2025,3167.16,3224.7742254,2994.31732381,57.6142254,3.0,2.983508,2.983508,0.0,TP,313,26.0,3.2832,True,False,15139260.51,1.378,208619.01,622416.48,15617735.67
S4,SOLUSDT,1,2025-12-07T16:00:00+00:00,2025-12-11T00:35:00+00:00,2025,131.93,129.27932189,183.61822312,2.65067811,19.5,0.985068,-1.014932,2.0,BE,968,80.58,4.8931,True,False,15617735.67,1.6151,252242.05,248475.57,14517189.74
S4,XRPUSDT,1,2025-12-07T16:00:00+00:00,2025-12-07T22:05:00+00:00,2025,2.0516,2.01364484,2.79172553,0.03795516,19.5,-1.016216,-1.016216,0.0,SL,74,6.08,1.5334,True,False,15617735.67,1.6151,252242.05,-256332.41,15361403.27
S4,ETHUSDT,1,2025-12-07T17:00:00+00:00,2025-12-12T15:40:00+00:00,2025,3038.51,2975.87694607,4259.85455162,62.63305393,19.5,0.985446,-1.014554,2.0,BE,1425,118.67,6.5079,True,False,15617735.67,1.6151,252242.05,248570.92,15462823.91
S4,SOLUSDT,1,2025-12-07T17:00:00+00:00,2025-12-11T00:35:00+00:00,2025,131.89,129.20437033,184.25977862,2.68562967,19.5,0.985267,-1.014733,2.0,BE,956,79.58,4.8443,True,False,15617735.67,1.6151,252242.05,248525.77,14765715.51
S2,XRPUSDT,-1,2025-12-07T20:00:00+00:00,2025-12-08T09:05:00+00:00,2025,2.0862,2.11821284,1.99016147,0.03201284,3.0,-1.01955,-1.01955,0.0,SL,158,13.08,2.3616,True,False,15617735.67,1.378,215212.4,-219419.8,14923231.47
S2,SOLUSDT,-1,2025-12-07T22:00:00+00:00,2025-12-08T06:45:00+00:00,2025,133.04,135.46663661,125.76009017,2.42663661,3.0,-1.016447,-1.016447,0.0,SL,106,8.75,1.3805,True,False,15617735.67,1.378,215212.4,-218752.0,15142651.27
S4,SOLUSDT,1,2025-12-08T00:00:00+00:00,2025-12-10T15:35:00+00:00,2025,132.17,128.67866267,200.2510779,3.49133733,19.5,0.988643,-1.011357,2.0,BE,764,63.58,3.6462,True,False,15361403.27,1.6151,248102.02,245284.33,14268714.17
S2,BTCUSDT,-1,2025-12-08T04:00:00+00:00,2025-12-08T09:05:00+00:00,2025,91039.3,92162.90848262,87668.47455213,1123.60848262,3.0,-1.024307,-1.024307,0.0,SL,62,5.08,0.0535,True,False,15361403.27,1.378,211680.14,-216825.45,14706406.03
S2,BTCUSDT,-1,2025-12-08T15:00:00+00:00,2025-12-09T15:40:00+00:00,2025,90809.1,91767.9558636,87932.5324092,958.8558636,3.0,-1.028412,-1.028412,0.0,SL,297,24.67,1.502,True,False,14706406.03,1.378,202654.28,-208412.09,14497993.94
S2,SOLUSDT,-1,2025-12-08T16:00:00+00:00,2025-12-09T15:50:00+00:00,2025,135.45,137.89617608,128.11147175,2.44617608,3.0,-1.016612,-1.016612,0.0,SL,287,23.83,1.6066,True,False,14706406.03,1.378,202654.28,-206020.77,14291973.17
S1,BTCUSDT,1,2025-12-09T17:00:00+00:00,2025-12-09T21:45:00+00:00,2025,94146.9,92559.10944211,113200.38669464,1587.79055789,12.0,-1.017788,-1.017788,0.0,SL,58,4.75,0.257,True,False,14291973.17,0.9264,132400.84,-134755.99,14023429.84
S1,ETHUSDT,1,2025-12-09T17:00:00+00:00,2025-12-11T00:40:00+00:00,2025,3365.02,3278.80502347,4399.59971839,86.21497653,12.0,-1.011709,-1.011709,0.0,SL,381,31.67,0.9407,True,False,14291973.17,0.9264,132400.84,-133951.12,14631764.39
S1,LINKUSDT,1,2025-12-09T17:00:00+00:00,2025-12-09T20:25:00+00:00,2025,14.841,14.41583607,19.94296719,0.42516393,12.0,-1.010472,-1.010472,0.0,SL,42,3.42,0.3881,True,False,14291973.17,0.9264,132400.84,-133787.34,14158185.83
S2,SOLUSDT,-1,2025-12-09T21:00:00+00:00,2025-12-11T02:15:00+00:00,2025,140.12,143.03765303,131.36704092,2.91765303,3.0,2.985593,2.985593,0.0,TP,352,29.25,3.0812,True,False,14158185.83,1.378,195099.8,582488.6,15214252.99
S2,DOGEUSDT,-1,2025-12-10T22:00:00+00:00,2025-12-12T15:55:00+00:00,2025,0.14448,0.14742219,0.13565344,0.00294219,3.0,2.985268,2.985268,0.0,TP,504,41.92,3.2595,True,False,14268714.17,1.378,196622.88,586972.0,16049795.9
S2,LINKUSDT,-1,2025-12-10T22:00:00+00:00,2025-12-14T22:30:00+00:00,2025,14.242,14.57654855,13.23835435,0.33454855,3.0,2.987229,2.987229,0.0,TP,1159,96.5,3.0429,True,False,14268714.17,1.378,196622.88,587357.57,16413047.33
S2,SOLUSDT,-1,2025-12-10T22:00:00+00:00,2025-12-14T23:30:00+00:00,2025,137.08,140.14100155,127.89699536,3.06100155,3.0,2.986565,2.986565,0.0,TP,1171,97.5,3.0546,True,False,14268714.17,1.378,196622.88,587227.02,17000274.34
S2,BTCUSDT,-1,2025-12-12T01:00:00+00:00,2025-12-14T23:30:00+00:00,2025,91521.0,92794.0997674,87701.7006978,1273.0997674,3.0,2.978434,2.978434,0.0,TP,847,70.5,3.1551,True,False,15214252.99,1.378,209652.41,624435.85,17624710.2
S2,LINKUSDT,-1,2025-12-12T16:00:00+00:00,2025-12-13T08:15:00+00:00,2025,13.522,13.82717259,12.60648222,0.30517259,3.0,-1.013293,-1.013293,0.0,SL,196,16.25,0.8389,True,False,16049795.9,1.378,221166.19,-224106.15,15825689.75
S2,BTCUSDT,-1,2025-12-15T15:00:00+00:00,2025-12-15T18:25:00+00:00,2025,88004.3,88824.47202461,85543.78392618,820.17202461,3.0,2.96781,2.96781,0.0,TP,42,3.42,3.0529,True,False,17624710.2,1.378,242868.51,720787.58,19069197.6
S2,DOGEUSDT,-1,2025-12-15T15:00:00+00:00,2025-12-15T18:00:00+00:00,2025,0.13353,0.13551323,0.1275803,0.00198323,3.0,2.979801,2.979801,0.0,TP,37,3.0,3.0254,True,False,17624710.2,1.378,242868.51,723699.82,18348410.02
S2,ETHUSDT,-1,2025-12-15T15:00:00+00:00,2025-12-15T18:35:00+00:00,2025,3046.75,3094.12988915,2904.61033256,47.37988915,3.0,2.980709,2.980709,0.0,TP,44,3.58,3.2976,True,False,17624710.2,1.378,242868.51,723920.34,19793117.94
S3,ETHUSDT,-1,2025-12-15T15:00:00+00:00,2025-12-18T19:50:00+00:00,2025,3046.75,3150.11798891,2778.2639615,63.17318553,4.25,4.235531,4.235531,0.0,TP,923,76.83,4.3338,True,False,17624710.2,3.3981,598905.28,2536681.87,20061395.15
S2,SOLUSDT,-1,2025-12-15T16:00:00+00:00,2025-12-16T13:20:00+00:00,2025,126.78,129.21929263,119.4621221,2.43929263,3.0,-1.015592,-1.015592,0.0,SL,257,21.33,1.3324,True,False,17624710.2,1.378,242868.51,-246655.31,19255760.25
S3,SOLUSDT,-1,2025-12-15T16:00:00+00:00,2025-12-17T14:50:00+00:00,2025,126.78,130.78392926,112.95734174,3.25239018,4.25,-1.242767,-1.242767,0.0,SL,563,46.83,0.9993,True,False,17624710.2,3.3981,598905.28,-744299.71,17971626.16
S5,LINKUSDT,-1,2025-12-15T16:00:00+00:00,2025-12-17T15:05:00+00:00,2025,12.773,13.14571078,10.90944612,0.37271078,5.0,-1.010281,-1.010281,0.0,SL,566,47.08,0.8398,True,False,17624710.2,0.5216,91930.49,-92875.63,17878750.53
S5,DOGEUSDT,-1,2025-12-15T18:00:00+00:00,2025-12-16T10:40:00+00:00,2025,0.12786,0.13109753,0.11167236,0.00323753,5.0,-1.011848,-1.011848,0.0,SL,201,16.67,0.4077,True,False,18348410.02,0.5216,95705.31,-96839.22,19696278.72
S5,ETHUSDT,-1,2025-12-15T18:00:00+00:00,2025-12-17T15:05:00+00:00,2025,2935.41,3010.69882967,2558.96585166,75.28882967,5.0,-1.011697,-1.011697,0.0,SL,542,45.08,0.8688,True,False,18348410.02,0.5216,95705.31,-96824.77,17781925.76
S5,LINKUSDT,-1,2025-12-15T18:00:00+00:00,2025-12-16T10:45:00+00:00,2025,12.579,12.9544496,10.70175201,0.3754496,5.0,-1.010051,-1.010051,0.0,SL,202,16.75,0.317,True,False,18348410.02,0.5216,95705.31,-96667.24,19599611.48
S5,XRPUSDT,-1,2025-12-15T18:00:00+00:00,2025-12-16T12:05:00+00:00,2025,1.8904,1.926812,1.70834002,0.036412,5.0,-1.015575,-1.015575,0.0,SL,218,18.08,1.093,True,False,18348410.02,0.5216,95705.31,-97195.92,19502415.56
S2,SOLUSDT,-1,2025-12-16T14:00:00+00:00,2025-12-16T14:30:00+00:00,2025,126.69,129.09533912,119.47398263,2.40533912,3.0,-1.015801,-1.015801,0.0,SL,7,0.5,0.2661,True,False,19255760.25,1.378,265344.38,-269537.08,18986223.17
S2,XRPUSDT,-1,2025-12-16T14:00:00+00:00,2025-12-16T15:45:00+00:00,2025,1.9077,1.93836032,1.81571904,0.03066032,3.0,-1.018666,-1.018666,0.0,SL,22,1.75,0.3164,True,False,19255760.25,1.378,265344.38,-270297.29,18715925.87
S2,BTCUSDT,-1,2025-12-17T16:00:00+00:00,2025-12-18T13:30:00+00:00,2025,87191.0,88585.44261563,83007.67215311,1394.44261563,3.0,-1.018758,-1.018758,0.0,SL,259,21.5,1.3461,True,False,17781925.76,1.378,245034.94,-249631.3,17438662.15
S2,DOGEUSDT,-1,2025-12-17T16:00:00+00:00,2025-12-18T17:20:00+00:00,2025,0.12987,0.13254474,0.12184577,0.00267474,3.0,2.985434,2.985434,0.0,TP,305,25.33,3.2078,True,False,17781925.76,1.378,245034.94,731535.63,16792656.22
S2,ETHUSDT,-1,2025-12-17T16:00:00+00:00,2025-12-18T13:45:00+00:00,2025,2903.23,2963.61417317,2722.07748049,60.38417317,3.0,-1.014424,-1.014424,0.0,SL,262,21.75,1.8831,True,False,17781925.76,1.378,245034.94,-248569.32,16309183.91
S2,LINKUSDT,-1,2025-12-17T16:00:00+00:00,2025-12-18T14:00:00+00:00,2025,12.561,12.8659073,11.6462781,0.3049073,3.0,-1.012359,-1.012359,0.0,SL,265,22.0,1.6628,True,False,17781925.76,1.378,245034.94,-248063.32,16061120.59
S2,SOLUSDT,-1,2025-12-17T16:00:00+00:00,2025-12-18T19:40:00+00:00,2025,126.69,129.74567663,117.5229701,3.05567663,3.0,2.987562,2.987562,0.0,TP,333,27.67,3.0795,True,False,17781925.76,1.378,245034.94,732057.07,17524713.29
S2,XRPUSDT,-1,2025-12-17T16:00:00+00:00,2025-12-18T19:50:00+00:00,2025,1.91,1.94564622,1.80306133,0.03564622,3.0,2.983925,2.983925,0.0,TP,335,27.83,3.1224,True,False,17781925.76,1.378,245034.94,731165.87,20792561.03
S2,SOLUSDT,-1,2025-12-17T18:00:00+00:00,2025-12-18T13:40:00+00:00,2025,122.97,126.30545587,112.96363238,3.33545587,3.0,-1.01106,-1.01106,0.0,SL,237,19.67,0.5187,True,False,17781925.76,1.378,245034.94,-247745.02,16557753.23
S2,XRPUSDT,-1,2025-12-17T18:00:00+00:00,2025-12-18T13:30:00+00:00,2025,1.8717,1.91012327,1.75643018,0.03842327,3.0,-1.014614,-1.014614,0.0,SL,235,19.5,1.2076,True,False,17781925.76,1.378,245034.94,-248615.88,17190046.28
S3,XRPUSDT,-1,2025-12-17T18:00:00+00:00,2025-12-18T13:30:00+00:00,2025,1.8717,1.90374233,1.65396811,0.05123103,4.25,-0.636408,-0.636408,0.0,SL,235,19.5,0.9057,True,False,17781925.76,3.3981,604247.62,-384548.02,16805498.26
S5,ETHUSDT,-1,2025-12-17T19:00:00+00:00,2025-12-18T13:10:00+00:00,2025,2812.56,2901.30841519,2368.81792407,88.74841519,5.0,-1.009507,-1.009507,0.0,SL,219,18.17,0.2596,True,False,17781925.76,0.5216,92750.52,-93632.3,17688293.46
S2,XRPUSDT,-1,2025-12-18T19:00:00+00:00,2025-12-19T12:45:00+00:00,2025,1.8425,1.88216678,1.72349966,0.03966678,3.0,-1.013935,-1.013935,0.0,SL,214,17.75,1.8202,False,True,,,,,
S2,BTCUSDT,-1,2025-12-18T20:00:00+00:00,2025-12-19T02:50:00+00:00,2025,84447.0,85899.14057793,80090.57826621,1452.14057793,3.0,-1.017446,-1.017446,0.0,SL,83,6.83,0.0264,True,False,20792561.03,1.378,286521.49,-291520.14,20211329.26
S2,DOGEUSDT,-1,2025-12-18T20:00:00+00:00,2025-12-18T22:00:00+00:00,2025,0.12017,0.12340785,0.11045644,0.00323785,3.0,-1.011134,-1.011134,0.0,SL,25,2.0,0.0463,True,False,20792561.03,1.378,286521.49,-289711.62,20502849.41
S2,ETHUSDT,-1,2025-12-18T20:00:00+00:00,2025-12-19T03:00:00+00:00,2025,2780.4,2848.90897388,2574.87307835,68.50897388,3.0,-1.012175,-1.012175,0.0,SL,85,7.0,0.0342,True,False,20792561.03,1.378,286521.49,-290009.89,19921319.37
S2,LINKUSDT,-1,2025-12-18T20:00:00+00:00,2025-12-19T03:10:00+00:00,2025,11.75,12.08952825,10.73141524,0.33952825,3.0,-1.010382,-1.010382,0.0,SL,87,7.17,0.0471,True,False,20792561.03,1.378,286521.49,-289496.16,19631823.22
S2,SOLUSDT,-1,2025-12-18T20:00:00+00:00,2025-12-19T03:25:00+00:00,2025,117.48,120.82055907,107.45832279,3.34055907,3.0,-1.01055,-1.01055,0.0,SL,90,7.42,0.2305,True,False,20792561.03,1.378,286521.49,-289544.29,19342278.92
S2,XRPUSDT,-1,2025-12-18T20:00:00+00:00,2025-12-19T03:30:00+00:00,2025,1.8052,1.84701558,1.67975325,0.04181558,3.0,-1.012951,-1.012951,0.0,SL,91,7.5,0.8346,True,False,20792561.03,1.378,286521.49,-290232.23,19052046.69
S2,BTCUSDT,-1,2025-12-22T20:00:00+00:00,2025-12-26T02:20:00+00:00,2025,88011.0,88920.77648686,85281.67053941,909.77648686,3.0,-1.029022,-1.029022,0.0,SL,941,78.33,1.7488,True,False,19052046.69,1.378,262537.2,-270156.56,19286125.96
S2,DOGEUSDT,-1,2025-12-22T20:00:00+00:00,2025-12-25T22:45:00+00:00,2025,0.13186,0.13400106,0.12543682,0.00214106,3.0,2.981524,2.981524,0.0,TP,898,74.75,4.1381,True,False,19052046.69,1.378,262537.2,782760.97,18775116.72
S2,ETHUSDT,-1,2025-12-22T20:00:00+00:00,2025-12-23T00:15:00+00:00,2025,2979.16,3020.08567811,2856.38296566,40.92567811,3.0,-1.021838,-1.021838,0.0,SL,52,4.25,0.4437,True,False,19052046.69,1.378,262537.2,-268270.49,18516746.2
S2,LINKUSDT,-1,2025-12-22T20:00:00+00:00,2025-12-22T22:55:00+00:00,2025,12.441,12.6590966,11.78671021,0.2180966,3.0,-1.017113,-1.017113,0.0,SL,36,2.92,0.4264,True,False,19052046.69,1.378,262537.2,-267030.0,18785016.69
S2,SOLUSDT,-1,2025-12-22T20:00:00+00:00,2025-12-23T00:35:00+00:00,2025,124.58,126.4411848,118.99644561,1.8611848,3.0,-1.020081,-1.020081,0.0,SL,56,4.58,0.2525,True,False,19052046.69,1.378,262537.2,-267809.21,18248936.99
S2,XRPUSDT,-1,2025-12-22T20:00:00+00:00,2025-12-25T23:30:00+00:00,2025,1.901,1.9242286,1.83131421,0.0232286,3.0,2.975448,2.975448,0.0,TP,907,75.5,3.0135,True,False,19052046.69,1.378,262537.2,781165.8,19556282.52
S2,ETHUSDT,-1,2025-12-23T18:00:00+00:00,2025-12-23T18:35:00+00:00,2025,2909.4,2952.34432226,2780.56703323,42.94432226,3.0,-1.020324,-1.020324,0.0,SL,8,0.58,0.0494,True,False,18248936.99,1.378,251470.35,-256581.24,17992355.75
S2,BTCUSDT,-1,2025-12-26T04:00:00+00:00,2025-12-29T03:30:00+00:00,2025,88844.88,89617.60877084,86526.69368747,772.72877084,3.0,-1.034493,-1.034493,0.0,SL,859,71.5,2.8794,True,False,19286125.96,1.378,265762.82,-274929.77,17189520.94
S2,BTCUSDT,-1,2025-12-26T15:00:00+00:00,2025-12-29T00:30:00+00:00,2025,87380.44,88211.10512841,84888.44461477,830.66512841,3.0,-1.031558,-1.031558,0.0,SL,691,57.5,0.9156,True,False,19286125.96,1.378,265762.82,-274149.76,17464450.71
S2,ETHUSDT,-1,2025-12-26T15:00:00+00:00,2025-12-27T22:15:00+00:00,2025,2916.39,2950.62081737,2813.69754789,34.23081737,3.0,-1.025559,-1.025559,0.0,SL,376,31.25,0.6833,True,False,19286125.96,1.378,265762.82,-272555.45,18096202.18
S2,LINKUSDT,-1,2025-12-26T15:00:00+00:00,2025-12-27T14:45:00+00:00,2025,12.14,12.31665425,11.61003726,0.17665425,3.0,-1.020617,-1.020617,0.0,SL,286,23.75,0.5831,True,False,19286125.96,1.378,265762.82,-271242.05,18912767.47
S2,SOLUSDT,-1,2025-12-26T15:00:00+00:00,2025-12-27T21:15:00+00:00,2025,122.2,123.98130519,116.85608442,1.78130519,3.0,-1.02058,-1.02058,0.0,SL,364,30.25,1.0273,True,False,19286125.96,1.378,265762.82,-271232.21,18641535.25
S2,XRPUSDT,-1,2025-12-26T15:00:00+00:00,2025-12-27T22:00:00+00:00,2025,1.843,1.86394689,1.78015933,0.02094689,3.0,-1.026395,-1.026395,0.0,SL,373,31.0,0.8641,True,False,19286125.96,1.378,265762.82,-272777.63,18368757.63
S5,DOGEUSDT,-1,2025-12-26T15:00:00+00:00,2025-12-27T23:45:00+00:00,2025,0.12261,0.12488895,0.11121524,0.00227895,5.0,-1.01614,-1.01614,0.0,SL,394,32.75,0.9171,True,False,19286125.96,0.5216,100596.43,-102220.06,17993982.12
S5,DOGEUSDT,-1,2025-12-26T17:00:00+00:00,2025-12-27T03:30:00+00:00,2025,0.12068,0.12307603,0.10869983,0.00239603,5.0,-1.01511,-1.01511,0.0,SL,127,10.5,0.0292,True,False,19286125.96,0.5216,100596.43,-102116.45,19184009.52
S2,LINKUSDT,-1,2025-12-28T19:00:00+00:00,2025-12-28T23:50:00+00:00,2025,12.36,12.48383485,11.98849544,0.12383485,3.0,-1.029943,-1.029943,0.0,SL,59,4.83,0.3795,True,False,17993982.12,1.378,247957.07,-255381.65,17738600.47
S1,ETHUSDT,1,2025-12-29T04:00:00+00:00,2025-12-29T07:05:00+00:00,2025,3042.3,3004.23236928,3499.11156859,38.06763072,12.0,-1.023975,-1.023975,0.0,SL,38,3.08,0.3599,True,False,17189520.94,0.9264,159243.72,-163061.59,17026459.35
S1,XRPUSDT,1,2025-12-29T04:00:00+00:00,2025-12-29T07:20:00+00:00,2025,1.9141,1.89158785,2.18424576,0.02251215,12.0,-1.025508,-1.025508,0.0,SL,41,3.33,0.1288,True,False,17189520.94,0.9264,159243.72,-163305.71,16863153.64
S2,XRPUSDT,-1,2025-12-29T06:00:00+00:00,2025-12-29T19:00:00+00:00,2025,1.9018,1.91846206,1.85181381,0.01666206,3.0,2.965758,2.965758,0.0,TP,157,13.0,3.2409,True,False,17189520.94,1.378,236871.6,702503.84,17565657.48
S2,BTCUSDT,-1,2025-12-29T10:00:00+00:00,2025-12-30T14:50:00+00:00,2025,88100.5,88836.32567741,85893.02296778,735.82567741,3.0,-1.035919,-1.035919,0.0,SL,347,28.83,1.7586,True,False,16863153.64,1.378,232374.26,-240720.91,17324936.57
S4,BTCUSDT,1,2025-12-29T18:00:00+00:00,2026-01-20T22:30:00+00:00,2026,87850.0,86796.33031392,108396.55887854,1053.66968608,19.5,0.974987,-1.025013,2.0,BE,6391,532.5,9.5613,True,False,16863153.64,1.6151,272356.79,265544.33,18968527.3
S4,SOLUSDT,1,2025-12-29T18:00:00+00:00,2026-01-20T16:45:00+00:00,2026,123.82,121.36688314,171.65577869,2.45311686,19.5,0.984858,-1.015142,2.0,BE,6322,526.75,10.183,True,False,16863153.64,1.6151,272356.79,268232.77,17651236.83
S4,XRPUSDT,1,2025-12-29T22:00:00+00:00,2025-12-31T19:25:00+00:00,2025,1.8526,1.82893933,2.31398303,0.02366067,19.5,-1.02349,-1.02349,0.0,SL,546,45.42,1.3989,True,False,17565657.48,1.6151,283702.93,-290367.12,17034569.45
S5,DOGEUSDT,-1,2025-12-31T18:00:00+00:00,2026-01-01T08:55:00+00:00,2026,0.11793,0.12025183,0.10632085,0.00232183,5.0,-1.015238,-1.015238,0.0,SL,180,14.92,0.8097,True,False,17324936.57,0.5216,90366.87,-91743.88,16851090.19
S5,DOGEUSDT,-1,2025-12-31T19:00:00+00:00,2026-01-01T08:45:00+00:00,2026,0.11713,0.11945027,0.10552865,0.00232027,5.0,-1.015144,-1.015144,0.0,SL,166,13.75,0.4655,True,False,17324936.57,0.5216,90366.87,-91735.39,16942834.07
S1,LINKUSDT,1,2026-01-02T01:00:00+00:00,2026-01-19T00:00:00+00:00,2026,12.67,12.50504171,14.64949944,0.16495829,12.0,0.976958,-1.023042,2.0,BE,4885,407.0,10.5117,True,False,16851090.19,0.9264,156108.5,152511.45,14734778.72
S1,LINKUSDT,1,2026-01-02T04:00:00+00:00,2026-01-08T07:00:00+00:00,2026,12.924,12.72860811,15.26870273,0.19539189,12.0,0.980157,-1.019843,2.0,BE,1765,147.0,6.6891,True,False,16851090.19,0.9264,156108.5,153010.84,16014818.46
S1,DOGEUSDT,1,2026-01-02T17:00:00+00:00,2026-01-06T16:05:00+00:00,2026,0.13835,0.13380469,0.19289373,0.00454531,12.0,0.990869,-1.009131,2.0,BE,1142,95.08,4.0063,True,False,16851090.19,0.9264,156108.5,154683.07,18142975.71
S1,LINKUSDT,1,2026-01-02T17:00:00+00:00,2026-01-03T07:15:00+00:00,2026,13.304,13.01139941,16.8152071,0.29260059,12.0,-1.01364,-1.01364,0.0,SL,172,14.25,0.4648,True,False,16851090.19,0.9264,156108.5,-158237.82,16692852.37
S1,XRPUSDT,1,2026-01-02T17:00:00+00:00,2026-01-05T20:25:00+00:00,2026,1.962,1.93026463,2.3428244,0.03173537,12.0,11.981453,11.981453,0.0,TP,906,75.42,12.223,True,False,16851090.19,0.9264,156108.5,1870406.65,17988292.63
S1,XRPUSDT,1,2026-01-02T22:00:00+00:00,2026-01-11T20:05:00+00:00,2026,2.0163,1.97583644,2.50186277,0.04046356,12.0,0.985051,-1.014949,2.0,BE,2570,214.08,9.9151,True,False,16851090.19,0.9264,156108.5,153774.83,16168593.3
S2,ETHUSDT,-1,2026-01-05T06:00:00+00:00,2026-01-05T11:20:00+00:00,2026,3148.0,3178.17024421,3057.48926738,30.17024421,3.0,-1.031302,-1.031302,0.0,SL,65,5.33,0.5479,True,False,16692852.37,1.378,230027.51,-237227.83,16117885.98
S3,ETHUSDT,-1,2026-01-05T06:00:00+00:00,2026-01-05T08:20:00+00:00,2026,3148.0,3171.00702442,2977.03528282,40.22699228,4.25,-0.595407,-0.595407,0.0,SL,29,2.33,0.4109,True,False,16692852.37,3.3981,567239.82,-337738.56,16355113.81
S1,BTCUSDT,1,2026-01-05T11:00:00+00:00,2026-01-06T17:40:00+00:00,2026,93048.3,92236.35253591,102791.66956907,811.94746409,12.0,-1.03438,-1.03438,0.0,SL,369,30.67,2.144,True,False,16355113.81,0.9264,151513.77,-156722.82,17832664.11
S1,BTCUSDT,1,2026-01-05T16:00:00+00:00,2026-01-06T16:25:00+00:00,2026,93957.74,92972.6702252,105778.57729765,985.0697748,12.0,-1.028615,-1.028615,0.0,SL,294,24.42,0.8439,True,False,16117885.98,0.9264,149316.1,-153588.78,17989386.93
S1,XRPUSDT,1,2026-01-05T17:00:00+00:00,2026-01-06T17:45:00+00:00,2026,2.1931,2.14772788,2.7375655,0.04537212,12.0,0.985499,-1.014501,2.0,BE,298,24.75,4.9458,True,False,16117885.98,0.9264,149316.1,147150.86,17979814.98
S1,XRPUSDT,1,2026-01-05T19:00:00+00:00,2026-01-06T17:55:00+00:00,2026,2.2659,2.21143322,2.91950137,0.05446678,12.0,-1.01248,-1.01248,0.0,SL,276,22.92,2.7833,True,False,16117885.98,0.9264,149316.1,-151179.56,17828635.42
S2,XRPUSDT,-1,2026-01-06T17:00:00+00:00,2026-01-08T06:15:00+00:00,2026,2.2811,2.33429512,2.12151463,0.05319512,3.0,2.987135,2.987135,0.0,TP,448,37.25,3.0247,True,False,17989386.93,1.378,247893.75,740492.1,15861807.63
S2,ETHUSDT,-1,2026-01-06T18:00:00+00:00,2026-01-06T20:20:00+00:00,2026,3194.48,3239.9453709,3058.0838873,45.4653709,3.0,-1.021079,-1.021079,0.0,SL,29,2.33,0.3029,True,False,17828635.42,1.378,245678.6,-250857.26,17577778.16
S2,LINKUSDT,-1,2026-01-06T18:00:00+00:00,2026-01-06T21:10:00+00:00,2026,13.511,13.80288663,12.6353401,0.29188663,3.0,-1.013887,-1.013887,0.0,SL,39,3.17,0.1713,True,False,17828635.42,1.378,245678.6,-249090.33,17079173.7
S2,SOLUSDT,-1,2026-01-06T18:00:00+00:00,2026-01-06T20:55:00+00:00,2026,136.45,139.07198942,128.58403175,2.62198942,3.0,-1.015612,-1.015612,0.0,SL,36,2.92,0.1259,True,False,17828635.42,1.378,245678.6,-249514.13,17328264.03
S3,ETHUSDT,-1,2026-01-06T18:00:00+00:00,2026-01-06T21:15:00+00:00,2026,3194.48,3263.30653709,2936.84289823,60.62049453,4.25,-1.151176,-1.151176,0.0,SL,40,3.25,0.2272,True,False,17828635.42,3.3981,605834.86,-697422.55,15769660.3
S3,LINKUSDT,-1,2026-01-06T18:00:00+00:00,2026-01-06T21:15:00+00:00,2026,13.511,13.86318866,11.85697574,0.38918218,4.25,-0.91536,-0.91536,0.0,SL,40,3.25,0.1285,True,False,17828635.42,3.3981,605834.86,-554557.0,15215103.3
S3,SOLUSDT,-1,2026-01-06T18:00:00+00:00,2026-01-06T21:10:00+00:00,2026,136.45,139.39219894,121.59205998,3.49598589,4.25,-0.853303,-0.853303,0.0,SL,39,3.17,0.0944,True,False,17828635.42,3.3981,605834.86,-516960.7,16562212.99
S5,BTCUSDT,-1,2026-01-06T18:00:00+00:00,2026-01-06T21:10:00+00:00,2026,91547.5,92743.21010903,85568.94945485,1195.71010903,5.0,-1.022969,-1.022969,0.0,SL,39,3.17,0.2831,True,False,17828635.42,0.5216,92994.16,-95130.15,16467082.85
S5,XRPUSDT,-1,2026-01-06T18:00:00+00:00,2026-01-06T21:30:00+00:00,2026,2.2079,2.28551777,1.81981113,0.07761777,5.0,-1.008534,-1.008534,0.0,SL,43,3.5,0.0567,True,False,17828635.42,0.5216,92994.16,-93787.77,15121315.52
S2,BTCUSDT,-1,2026-01-07T10:00:00+00:00,2026-01-13T09:20:00+00:00,2026,91672.0,92582.68428865,88939.94713404,910.68428865,3.0,-1.030199,-1.030199,0.0,SL,1721,143.33,2.6046,True,False,15121315.52,1.378,208371.73,-214664.35,15341446.06
S1,SOLUSDT,1,2026-01-12T01:00:00+00:00,2026-01-12T14:20:00+00:00,2026,141.26,138.82976443,170.42282685,2.43023557,12.0,-1.017438,-1.017438,0.0,SL,161,13.33,1.2921,True,False,16168593.3,0.9264,149785.85,-152397.81,16016195.48
S2,BTCUSDT,-1,2026-01-12T04:00:00+00:00,2026-01-13T09:00:00+00:00,2026,91766.2,92395.41422034,89878.55733898,629.21422034,3.0,-1.043753,-1.043753,0.0,SL,349,29.0,2.7021,True,False,16168593.3,1.378,222803.22,-232551.52,15556110.41
S2,DOGEUSDT,-1,2026-01-12T04:00:00+00:00,2026-01-13T16:00:00+00:00,2026,0.14036,0.14260952,0.13361144,0.00224952,3.0,-1.018719,-1.018719,0.0,SL,433,36.0,2.4539,True,False,16168593.3,1.378,222803.22,-226973.87,14424924.54
S2,XRPUSDT,-1,2026-01-12T04:00:00+00:00,2026-01-13T16:40:00+00:00,2026,2.0817,2.1117693,1.99149211,0.0300693,3.0,-1.020769,-1.020769,0.0,SL,441,36.67,1.603,True,False,16168593.3,1.378,222803.22,-227430.62,14197493.92
S2,BTCUSDT,-1,2026-01-12T07:00:00+00:00,2026-01-13T09:20:00+00:00,2026,91836.35,92466.39858312,89946.20425063,630.04858312,3.0,-1.043728,-1.043728,0.0,SL,317,26.33,2.8099,True,False,16168593.3,1.378,222803.22,-232545.95,15108900.11
S2,DOGEUSDT,-1,2026-01-12T08:00:00+00:00,2026-01-13T09:20:00+00:00,2026,0.13785,0.14013984,0.13098048,0.00228984,3.0,-1.01806,-1.01806,0.0,SL,305,25.33,1.3145,True,False,16168593.3,1.378,222803.22,-226827.04,14882073.07
S2,ETHUSDT,-1,2026-01-12T08:00:00+00:00,2026-01-13T13:30:00+00:00,2026,3133.96,3162.37713196,3048.70860413,28.41713196,3.0,-1.033085,-1.033085,0.0,SL,355,29.5,2.5551,True,False,16168593.3,1.378,222803.22,-230174.66,14651898.41
S2,XRPUSDT,-1,2026-01-12T08:00:00+00:00,2026-01-12T15:15:00+00:00,2026,2.0524,2.08140115,1.96539654,0.02900115,3.0,-1.021231,-1.021231,0.0,SL,88,7.25,0.6517,True,False,16168593.3,1.378,222803.22,-227533.55,15788661.93
S1,XRPUSDT,1,2026-01-13T20:00:00+00:00,2026-01-15T03:15:00+00:00,2026,2.1384,2.09682272,2.63732731,0.04157728,12.0,-1.01543,-1.01543,0.0,SL,376,31.25,1.282,False,True,,,,,
S1,DOGEUSDT,1,2026-01-13T23:00:00+00:00,2026-01-14T11:50:00+00:00,2026,0.14964,0.14612806,0.19178328,0.00351194,12.0,-1.012783,-1.012783,0.0,SL,155,12.83,0.3559,False,True,,,,,
S1,LINKUSDT,1,2026-01-13T23:00:00+00:00,2026-01-15T03:25:00+00:00,2026,14.128,13.84965165,17.4681802,0.27834835,12.0,-1.015227,-1.015227,0.0,SL,342,28.42,0.9916,False,True,,,,,
S1,XRPUSDT,1,2026-01-13T23:00:00+00:00,2026-01-14T11:10:00+00:00,2026,2.1737,2.12482366,2.76021607,0.04887634,12.0,-1.013342,-1.013342,0.0,SL,147,12.17,0.3683,False,True,,,,,
S2,DOGEUSDT,-1,2026-01-15T04:00:00+00:00,2026-01-18T23:20:00+00:00,2026,0.14263,0.14541412,0.13427763,0.00278412,3.0,2.984631,2.984631,0.0,TP,1097,91.33,3.5128,True,False,14197493.92,1.378,195641.47,583917.59,14582267.28
S2,LINKUSDT,-1,2026-01-15T04:00:00+00:00,2026-01-15T09:35:00+00:00,2026,13.753,13.98345032,13.06164905,0.23045032,3.0,-1.017904,-1.017904,0.0,SL,68,5.58,0.0608,True,False,14197493.92,1.378,195641.47,-199144.23,13998349.69
S2,LINKUSDT,-1,2026-01-15T19:00:00+00:00,2026-01-19T00:00:00+00:00,2026,13.66,13.90820449,12.91538653,0.24820449,3.0,2.983489,2.983489,0.0,TP,925,77.0,5.4794,True,False,13998349.69,1.378,192897.26,575506.85,15310285.57
S2,ETHUSDT,-1,2026-01-19T00:00:00+00:00,2026-01-19T00:20:00+00:00,2026,3282.77,3310.52707114,3199.49878659,27.75707114,3.0,2.96452,2.96452,0.0,TP,5,0.33,3.8826,True,False,15310805.19,1.378,210982.9,625463.01,15936268.2
S5,BTCUSDT,-1,2026-01-19T00:00:00+00:00,2026-01-20T14:45:00+00:00,2026,93673.14,94355.87819671,90259.44901645,682.73819671,5.0,4.958839,4.958839,0.0,TP,466,38.75,5.0461,True,False,15310805.19,0.5216,79861.16,396018.63,16729882.25
S5,DOGEUSDT,-1,2026-01-19T00:00:00+00:00,2026-01-19T00:00:00+00:00,2026,0.13156,0.13389371,0.11989144,0.00233371,5.0,4.983088,4.983088,0.0,TP,1,0.0,5.262,True,False,10000.0,0.5216,52.16,259.92,15310545.49
S5,LINKUSDT,-1,2026-01-19T00:00:00+00:00,2026-01-20T17:45:00+00:00,2026,13.301,13.5180661,12.2156695,0.2170661,5.0,4.981617,4.981617,0.0,TP,502,41.75,5.2104,True,False,15310805.19,0.5216,79861.16,397837.71,18049074.54
S5,SOLUSDT,-1,2026-01-19T00:00:00+00:00,2026-01-20T14:15:00+00:00,2026,137.79,139.72014174,128.13929129,1.93014174,5.0,4.978583,4.978583,0.0,TP,460,38.25,5.2017,True,False,15310805.19,0.5216,79861.16,397595.41,16333863.61
S5,XRPUSDT,-1,2026-01-19T00:00:00+00:00,2026-01-19T00:00:00+00:00,2026,1.9904,2.01860904,1.84935482,0.02820904,5.0,4.978832,4.978832,0.0,TP,1,0.0,5.3104,True,False,10000.0,0.5216,52.16,259.7,15310805.19
S2,XRPUSDT,-1,2026-01-19T23:00:00+00:00,2026-01-20T17:45:00+00:00,2026,1.9794,2.00602987,1.89951039,0.02662987,3.0,2.977701,2.977701,0.0,TP,226,18.75,3.1168,True,False,15936268.2,1.378,219601.78,653908.43,18702982.97
S3,XRPUSDT,-1,2026-01-19T23:00:00+00:00,2026-01-25T18:10:00+00:00,2026,1.9794,2.00206299,1.8284974,0.03550649,4.25,4.233276,4.233276,0.0,TP,1671,139.17,4.3006,True,False,15936268.2,3.3981,541530.33,2292447.35,22336769.19
S2,SOLUSDT,-1,2026-01-20T07:00:00+00:00,2026-01-20T16:40:00+00:00,2026,131.16,132.68036975,126.59889075,1.52036975,3.0,2.974119,2.974119,0.0,TP,117,9.67,3.1374,True,False,15936268.2,1.378,219601.78,653121.81,17383004.06
S3,SOLUSDT,-1,2026-01-20T07:00:00+00:00,2026-01-25T16:00:00+00:00,2026,131.16,133.13203698,122.54457141,2.02715967,4.25,4.23059,4.23059,0.0,TP,1549,129.0,4.5186,True,False,15936268.2,3.3981,541530.33,2290992.8,20044321.84
S5,ETHUSDT,-1,2026-01-20T07:00:00+00:00,2026-01-21T16:40:00+00:00,2026,3115.2,3160.69103969,2887.74480153,45.49103969,5.0,4.979456,4.979456,0.0,TP,405,33.67,5.0384,True,False,15936268.2,0.5216,83123.57,413910.18,19382437.49
S2,BTCUSDT,-1,2026-01-21T17:00:00+00:00,2026-01-21T19:25:00+00:00,2026,87602.39,88780.19743594,84068.96769218,1177.80743594,3.0,-1.022313,-1.022313,0.0,SL,30,2.42,0.337,True,False,19382437.49,1.378,267089.99,-273049.57,18566911.86
S2,DOGEUSDT,-1,2026-01-21T17:00:00+00:00,2026-01-21T18:45:00+00:00,2026,0.12069,0.12321649,0.11311052,0.00252649,3.0,-1.014331,-1.014331,0.0,SL,22,1.75,0.186,True,False,19382437.49,1.378,267089.99,-270917.66,19111519.83
S2,ETHUSDT,-1,2026-01-21T17:00:00+00:00,2026-01-21T19:25:00+00:00,2026,2889.94,2947.94482138,2715.92553586,58.00482138,3.0,-1.014947,-1.014947,0.0,SL,30,2.42,0.4422,True,False,19382437.49,1.378,267089.99,-271082.18,18295829.68
S2,LINKUSDT,-1,2026-01-21T17:00:00+00:00,2026-01-21T19:25:00+00:00,2026,11.989,12.2198452,11.29646439,0.2308452,3.0,-1.015581,-1.015581,0.0,SL,30,2.42,0.4549,True,False,19382437.49,1.378,267089.99,-271251.52,18024578.16
S2,SOLUSDT,-1,2026-01-21T17:00:00+00:00,2026-01-21T18:50:00+00:00,2026,125.51,127.76064846,118.75805463,2.25064846,3.0,-1.01673,-1.01673,0.0,SL,23,1.83,0.1511,True,False,19382437.49,1.378,267089.99,-271558.4,18839961.43
S2,XRPUSDT,-1,2026-01-21T17:00:00+00:00,2026-01-21T19:25:00+00:00,2026,1.8781,1.91428181,1.76955456,0.03618181,3.0,-1.015572,-1.015572,0.0,SL,30,2.42,0.2239,True,False,19382437.49,1.378,267089.99,-271249.11,17753329.04
S2,DOGEUSDT,-1,2026-01-23T20:00:00+00:00,2026-01-25T19:25:00+00:00,2026,0.12468,0.12668155,0.11867536,0.00200155,3.0,2.981312,2.981312,0.0,TP,570,47.42,3.1226,True,False,17753329.04,1.378,244640.87,729350.77,23066119.96
S2,XRPUSDT,-1,2026-01-26T21:00:00+00:00,2026-01-27T20:15:00+00:00,2026,1.8907,1.9180672,1.80859841,0.0273672,3.0,-1.020726,-1.020726,0.0,SL,280,23.25,0.6504,True,False,23066119.96,1.378,317851.13,-324438.92,22417300.3
S2,DOGEUSDT,-1,2026-01-27T18:00:00+00:00,2026-01-27T18:55:00+00:00,2026,0.12214,0.1239237,0.11678889,0.0017837,3.0,-1.020543,-1.020543,0.0,SL,12,0.92,0.1233,True,False,23066119.96,1.378,317851.13,-324380.75,22741739.22
S2,LINKUSDT,-1,2026-01-27T22:00:00+00:00,2026-01-29T14:30:00+00:00,2026,12.025,12.2055502,11.4833494,0.1805502,3.0,2.980019,2.980019,0.0,TP,487,40.5,3.0186,True,False,22417300.3,1.378,308910.4,920558.86,23337859.16
S2,XRPUSDT,-1,2026-01-29T03:00:00+00:00,2026-01-29T15:40:00+00:00,2026,1.8735,1.89803675,1.79988974,0.02453675,3.0,2.977094,2.977094,0.0,TP,153,12.67,3.6272,True,False,22417300.3,1.378,308910.4,919655.29,24257514.45
S5,BTCUSDT,-1,2026-01-29T19:00:00+00:00,2026-02-02T03:15:00+00:00,2026,83477.02,85073.74032656,75493.41836718,1596.72032656,5.0,4.984316,4.984316,0.0,TP,964,80.25,5.0886,True,False,24257514.45,0.5216,126527.2,630651.52,26748942.32
S5,DOGEUSDT,-1,2026-01-29T19:00:00+00:00,2026-01-30T00:00:00+00:00,2026,0.11459,0.11745106,0.10028469,0.00286106,5.0,-1.012015,-1.012015,0.0,SL,61,5.0,0.0489,True,False,24257514.45,0.5216,126527.2,-128047.42,24001494.13
S5,ETHUSDT,-1,2026-01-29T19:00:00+00:00,2026-01-31T17:10:00+00:00,2026,2762.35,2827.70248822,2435.58755891,65.35248822,5.0,4.987319,4.987319,0.0,TP,555,46.17,6.3011,True,False,24257514.45,0.5216,126527.2,631031.49,25487362.69
S5,LINKUSDT,-1,2026-01-29T19:00:00+00:00,2026-01-29T21:45:00+00:00,2026,10.836,11.12051959,9.41340207,0.28451959,5.0,-1.011426,-1.011426,0.0,SL,34,2.75,0.0387,True,False,24257514.45,0.5216,126527.2,-127972.9,24129541.55
S5,SOLUSDT,-1,2026-01-29T19:00:00+00:00,2026-01-30T19:00:00+00:00,2026,115.68,118.63655651,100.89721747,2.95655651,5.0,-1.011738,-1.011738,0.0,SL,289,24.0,1.3292,True,False,24257514.45,0.5216,126527.2,-128012.37,23873481.76
S5,XRPUSDT,-1,2026-01-29T19:00:00+00:00,2026-01-31T17:10:00+00:00,2026,1.7838,1.82344547,1.58557266,0.03964547,5.0,4.986502,4.986502,0.0,TP,555,46.17,6.7776,True,False,24257514.45,0.5216,126527.2,630928.11,26118290.8
S2,XRPUSDT,-1,2026-01-30T21:00:00+00:00,2026-01-31T16:45:00+00:00,2026,1.738,1.78003709,1.61188872,0.04203709,3.0,2.987597,2.987597,0.0,TP,238,19.75,3.152,True,False,23873481.76,1.378,328976.58,982849.44,24856331.2
S5,SOLUSDT,-1,2026-01-31T15:00:00+00:00,2026-02-04T15:35:00+00:00,2026,109.06,112.59655157,91.37724216,3.53655157,5.0,4.990749,4.990749,0.0,TP,1160,96.58,5.0529,True,False,23873481.76,0.5216,124524.08,621468.43,27370410.76
S5,BTCUSDT,-1,2026-02-05T03:00:00+00:00,2026-02-06T00:10:00+00:00,2026,71454.44,73676.84357431,60342.42212843,2222.40357431,5.0,4.990354,4.990354,0.0,TP,255,21.17,5.154,True,False,27370410.76,0.5216,142764.06,712443.21,28795608.69
S5,XRPUSDT,-1,2026-02-05T03:00:00+00:00,2026-02-05T20:20:00+00:00,2026,1.4521,1.51046275,1.16028626,0.05836275,5.0,4.992536,4.992536,0.0,TP,209,17.33,5.1368,True,False,27370410.76,0.5216,142764.06,712754.72,28083165.48
S5,BTCUSDT,-1,2026-02-05T18:00:00+00:00,2026-02-06T15:45:00+00:00,2026,66181.68,68801.86233631,53080.76831845,2620.18233631,5.0,-1.007578,-1.007578,0.0,SL,262,21.75,2.3593,True,False,27370410.76,0.5216,142764.06,-143845.93,28507932.11
S5,SOLUSDT,-1,2026-02-05T18:00:00+00:00,2026-02-06T17:25:00+00:00,2026,82.64,87.53411563,58.16942183,4.89411563,5.0,-1.005066,-1.005066,0.0,SL,282,23.42,3.1364,True,False,27370410.76,0.5216,142764.06,-143487.31,28364444.8
S5,BTCUSDT,-1,2026-02-05T20:00:00+00:00,2026-02-06T14:30:00+00:00,2026,65265.66,67886.39385121,52161.99074397,2620.73385121,5.0,-1.007471,-1.007471,0.0,SL,223,18.5,2.0092,True,False,27370410.76,0.5216,142764.06,-143830.65,28651778.03
S2,ETHUSDT,-1,2026-02-10T07:00:00+00:00,2026-02-13T16:05:00+00:00,2026,2007.66,2055.83685181,1863.12944456,48.17685181,3.0,-1.012502,-1.012502,0.0,SL,974,81.08,2.364,True,False,28364444.8,1.378,390862.05,-395748.61,27174852.64
S2,DOGEUSDT,-1,2026-02-12T17:00:00+00:00,2026-02-12T23:05:00+00:00,2026,0.09136,0.09303973,0.08632081,0.00167973,3.0,-1.016317,-1.016317,0.0,SL,74,6.08,0.4346,True,False,28364444.8,1.378,390862.05,-397239.75,27570601.24
S2,LINKUSDT,-1,2026-02-12T17:00:00+00:00,2026-02-12T19:25:00+00:00,2026,8.208,8.37561871,7.70514387,0.16761871,3.0,-1.01469,-1.01469,0.0,SL,30,2.42,0.2028,True,False,28364444.8,1.378,390862.05,-396603.81,27967840.99
S5,DOGEUSDT,-1,2026-02-14T13:00:00+00:00,2026-02-14T14:30:00+00:00,2026,0.09958,0.10152206,0.08986971,0.00194206,5.0,-1.015383,-1.015383,0.0,SL,19,1.5,0.2884,True,False,27174852.64,0.5216,141744.03,-143924.48,27030928.16
S1,DOGEUSDT,1,2026-02-14T15:00:00+00:00,2026-02-15T17:45:00+00:00,2026,0.10322,0.10087486,0.13136171,0.00234514,12.0,0.986796,-1.013204,2.0,BE,322,26.75,6.1276,True,False,27030928.16,0.9264,250414.52,247108.05,27019357.0
S1,DOGEUSDT,1,2026-02-14T19:00:00+00:00,2026-02-15T12:45:00+00:00,2026,0.10718,0.10443136,0.14016367,0.00274864,12.0,0.988302,-1.011698,2.0,BE,214,17.75,3.7873,True,False,27030928.16,0.9264,250414.52,247485.17,27025480.39
S1,XRPUSDT,1,2026-02-15T06:00:00+00:00,2026-02-15T12:45:00+00:00,2026,1.5819,1.53971402,2.08813178,0.04218598,12.0,-1.011249,-1.011249,0.0,SL,82,6.75,2.0718,True,False,27030928.16,0.9264,250414.52,-253231.43,26772248.96
S1,XRPUSDT,1,2026-02-15T08:00:00+00:00,2026-02-15T09:50:00+00:00,2026,1.6481,1.59893556,2.23807332,0.04916444,12.0,-1.010057,-1.010057,0.0,SL,23,1.83,0.4312,True,False,27030928.16,0.9264,250414.52,-252932.94,26777995.22
S5,XRPUSDT,-1,2026-02-15T09:00:00+00:00,2026-02-23T01:05:00+00:00,2026,1.6152,1.66916698,1.34536508,0.05396698,5.0,4.991021,4.991021,0.0,TP,2210,184.08,5.042,True,False,27030928.16,0.5216,140993.32,703700.63,29341112.27
S5,XRPUSDT,-1,2026-02-15T10:00:00+00:00,2026-02-24T14:30:00+00:00,2026,1.5896,1.64462648,1.31446758,0.05502648,5.0,4.991334,4.991334,0.0,TP,2647,220.5,5.0121,True,False,26777995.22,0.5216,139674.02,697159.7,32186993.85
S2,BTCUSDT,-1,2026-02-15T13:00:00+00:00,2026-02-16T13:00:00+00:00,2026,69285.0,70065.43384071,66943.69847788,780.43384071,3.0,-1.026633,-1.026633,0.0,SL,289,24.0,1.6086,True,False,26772248.96,1.378,368921.59,-378747.08,26199817.18
S2,DOGEUSDT,-1,2026-02-15T13:00:00+00:00,2026-02-16T15:30:00+00:00,2026,0.10861,0.11190438,0.09872687,0.00329438,3.0,2.99011,2.99011,0.0,TP,319,26.5,3.0871,True,False,26772248.96,1.378,368921.59,1103116.14,27302933.31
S2,LINKUSDT,-1,2026-02-15T13:00:00+00:00,2026-02-19T16:05:00+00:00,2026,8.832,8.9960647,8.33980589,0.1640647,3.0,2.98385,2.98385,0.0,TP,1190,99.08,3.011,True,False,26772248.96,1.378,368921.59,1100806.69,29389758.46
S2,SOLUSDT,-1,2026-02-15T13:00:00+00:00,2026-02-18T14:45:00+00:00,2026,87.28,89.02715155,82.03854535,1.74715155,3.0,2.985013,2.985013,0.0,TP,886,73.75,3.2396,True,False,26772248.96,1.378,368921.59,1101235.74,26484282.05
S2,XRPUSDT,-1,2026-02-15T13:00:00+00:00,2026-02-19T13:40:00+00:00,2026,1.5204,1.56435098,1.38854706,0.04395098,3.0,2.989622,2.989622,0.0,TP,1161,96.67,3.0102,True,False,26772248.96,1.378,368921.59,1102936.1,27214052.93
S3,XRPUSDT,-1,2026-02-15T13:00:00+00:00,2026-02-28T09:45:00+00:00,2026,1.5204,1.5698951,1.27134445,0.05860131,4.25,4.242217,4.242217,0.0,TP,3706,308.75,4.261,True,False,26772248.96,3.3981,909747.79,3859347.55,32039148.13
S5,ETHUSDT,-1,2026-02-15T13:00:00+00:00,2026-02-25T17:00:00+00:00,2026,2009.78,2053.82914501,1789.53427496,44.04914501,5.0,-1.013688,-1.013688,0.0,SL,2929,244.0,4.8532,True,False,26772248.96,0.5216,139644.05,-141555.5,31273720.04
S4,BTCUSDT,1,2026-02-15T15:00:00+00:00,2026-02-15T19:05:00+00:00,2026,69139.9,68071.46674096,89974.34855137,1068.43325904,19.5,-1.019413,-1.019413,0.0,SL,50,4.08,0.0993,True,False,26772248.96,1.6151,432398.59,-440792.75,26578564.26
S2,SOLUSDT,-1,2026-02-15T20:00:00+00:00,2026-02-17T00:45:00+00:00,2026,85.28,87.05686559,79.94940323,1.77686559,3.0,-1.014398,-1.014398,0.0,SL,346,28.75,1.5589,True,False,26578564.26,1.378,366252.62,-371525.92,25831619.62
S2,BTCUSDT,-1,2026-02-16T14:00:00+00:00,2026-02-19T14:35:00+00:00,2026,68355.5,69258.19250094,65647.42249717,902.69250094,3.0,2.977283,2.977283,0.0,TP,872,72.58,3.0173,True,False,26199817.18,1.378,361033.48,1074898.84,28288951.78
S2,ETHUSDT,-1,2026-02-16T14:00:00+00:00,2026-02-16T21:55:00+00:00,2026,1966.76,2003.08451769,1857.78644694,36.32451769,3.0,-1.016243,-1.016243,0.0,SL,96,7.92,0.8636,True,False,26199817.18,1.378,361033.48,-366897.75,26936035.57
S2,LINKUSDT,-1,2026-02-16T14:00:00+00:00,2026-02-16T21:55:00+00:00,2026,8.757,8.9288151,8.24155471,0.1718151,3.0,-1.01529,-1.01529,0.0,SL,96,7.92,0.6751,True,False,26199817.18,1.378,361033.48,-366553.68,26569481.88
S2,SOLUSDT,-1,2026-02-16T14:00:00+00:00,2026-02-16T21:55:00+00:00,2026,84.09,85.80753153,78.93740541,1.71753153,3.0,-1.014688,-1.014688,0.0,SL,96,7.92,0.9199,True,False,26199817.18,1.378,361033.48,-366336.34,26203145.54
S4,BTCUSDT,1,2026-02-16T21:00:00+00:00,2026-02-17T14:40:00+00:00,2026,68530.0,67337.67527876,91780.33206414,1192.32472124,19.5,-1.017243,-1.017243,0.0,SL,213,17.67,0.5967,True,False,27302933.31,1.6151,440969.68,-448573.32,25383046.31
S2,BTCUSDT,-1,2026-02-18T19:00:00+00:00,2026-02-19T06:30:00+00:00,2026,66360.0,67244.74956934,63705.75129197,884.74956934,3.0,-1.022501,-1.022501,0.0,SL,139,11.5,0.5538,True,False,26484282.05,1.378,364953.41,-373165.22,26111116.83
S4,XRPUSDT,1,2026-02-19T19:00:00+00:00,2026-02-20T13:35:00+00:00,2026,1.4125,1.38008856,2.04452308,0.03241144,19.5,-1.013074,-1.013074,0.0,SL,224,18.58,0.4844,True,False,29389758.46,1.6151,474673.99,-480879.88,28908878.59
S1,LINKUSDT,1,2026-02-20T16:00:00+00:00,2026-02-22T17:30:00+00:00,2026,8.825,8.63101266,11.15284807,0.19398734,12.0,-1.013648,-1.013648,0.0,SL,595,49.5,1.196,True,False,28908878.59,0.9264,267811.85,-271466.95,28637411.64
S5,ETHUSDT,-1,2026-02-23T01:00:00+00:00,2026-02-24T13:30:00+00:00,2026,1928.13,1952.31226905,1807.21865475,24.18226905,5.0,4.97608,4.97608,0.0,TP,439,36.5,5.4639,True,False,28637411.64,0.5216,149372.74,743290.7,30322252.27
S5,SOLUSDT,-1,2026-02-23T01:00:00+00:00,2026-02-25T02:05:00+00:00,2026,81.33,82.6716554,74.62172301,1.3416554,5.0,-1.018186,-1.018186,0.0,SL,590,49.08,4.2932,True,False,28637411.64,0.5216,149372.74,-152089.23,32034904.62
S5,XRPUSDT,-1,2026-02-23T01:00:00+00:00,2026-02-23T09:30:00+00:00,2026,1.3639,1.38512719,1.25776407,0.02122719,5.0,-1.019276,-1.019276,0.0,SL,103,8.5,1.6441,True,False,28637411.64,0.5216,149372.74,-152252.05,28722003.19
S5,BTCUSDT,-1,2026-02-23T02:00:00+00:00,2026-02-23T06:20:00+00:00,2026,64427.64,65378.40018247,59673.83908764,950.76018247,5.0,-1.020329,-1.020329,0.0,SL,53,4.33,0.1069,True,False,29341112.27,0.5216,153043.24,-156154.46,29029453.48
S5,ETHUSDT,-1,2026-02-23T02:00:00+00:00,2026-02-23T09:30:00+00:00,2026,1854.93,1889.33924983,1682.88375084,34.40924983,5.0,-1.016172,-1.016172,0.0,SL,91,7.5,0.1604,True,False,29341112.27,0.5216,153043.24,-155518.26,28566484.93
S5,LINKUSDT,-1,2026-02-23T02:00:00+00:00,2026-02-23T07:40:00+00:00,2026,8.199,8.37368008,7.32559959,0.17468008,5.0,-1.014081,-1.014081,0.0,SL,69,5.67,0.1603,True,False,29341112.27,0.5216,153043.24,-155198.24,28874255.24
S5,SOLUSDT,-1,2026-02-23T02:00:00+00:00,2026-02-23T09:30:00+00:00,2026,77.88,79.69010858,68.82945708,1.81010858,5.0,-1.012908,-1.012908,0.0,SL,91,7.5,0.453,True,False,29341112.27,0.5216,153043.24,-155018.72,28411466.21
S5,XRPUSDT,-1,2026-02-23T02:00:00+00:00,2026-02-23T06:10:00+00:00,2026,1.3315,1.35633953,1.20730235,0.02483953,5.0,-1.016081,-1.016081,0.0,SL,51,4.17,0.0322,True,False,29341112.27,0.5216,153043.24,-155504.33,29185607.94
S2,XRPUSDT,-1,2026-02-23T14:00:00+00:00,2026-02-24T04:10:00+00:00,2026,1.3951,1.41839255,1.32522236,0.02329255,3.0,2.982032,2.982032,0.0,TP,171,14.17,3.0611,True,False,28411466.21,1.378,391510.0,1167495.36,29578961.57
S2,DOGEUSDT,-1,2026-02-23T16:00:00+00:00,2026-02-24T13:30:00+00:00,2026,0.09491,0.09651443,0.09009671,0.00160443,3.0,2.982253,2.982253,0.0,TP,259,21.5,3.0603,True,False,28411466.21,1.378,391510.0,1167581.88,31489834.15
S5,LINKUSDT,-1,2026-02-25T04:00:00+00:00,2026-02-25T12:15:00+00:00,2026,8.501,8.70196696,7.49616519,0.20096696,5.0,-1.01269,-1.01269,0.0,SL,100,8.25,0.7414,True,False,32034904.62,0.5216,167094.06,-169214.49,31865690.13
S2,BTCUSDT,-1,2026-02-25T06:00:00+00:00,2026-02-25T12:20:00+00:00,2026,64847.9,65804.91671433,61976.84985702,957.01671433,3.0,-1.020328,-1.020328,0.0,SL,77,6.33,0.1174,True,False,32034904.62,1.378,441440.99,-450414.6,31415275.54
S1,ETHUSDT,1,2026-02-25T13:00:00+00:00,2026-02-26T16:45:00+00:00,2026,1952.65,1909.91887843,2465.42345884,42.73112157,12.0,0.986291,-1.013709,2.0,BE,334,27.75,4.6172,True,False,31415275.54,0.9264,291031.11,287041.37,30967732.45
S1,LINKUSDT,1,2026-02-25T13:00:00+00:00,2026-02-26T16:35:00+00:00,2026,8.81,8.60529174,11.26649912,0.20470826,12.0,0.987089,-1.012911,2.0,BE,332,27.58,3.8054,True,False,31415275.54,0.9264,291031.11,287273.61,30680691.09
S1,DOGEUSDT,1,2026-02-25T15:00:00+00:00,2026-02-26T14:45:00+00:00,2026,0.10082,0.09814219,0.13295373,0.00267781,12.0,-1.011295,-1.011295,0.0,SL,286,23.75,1.9979,True,False,31415275.54,0.9264,291031.11,-294318.31,30686502.89
S1,ETHUSDT,1,2026-02-25T15:00:00+00:00,2026-02-27T12:45:00+00:00,2026,1996.61,1950.77867579,2546.58589053,45.83132421,12.0,-1.013069,-1.013069,0.0,SL,550,45.75,3.3457,True,False,31415275.54,0.9264,291031.11,-294834.6,28179800.59
S1,LINKUSDT,1,2026-02-25T15:00:00+00:00,2026-02-26T16:50:00+00:00,2026,9.12,8.88676686,11.91879771,0.23323314,12.0,-1.011731,-1.011731,0.0,SL,311,25.83,2.0109,True,False,31415275.54,0.9264,291031.11,-294445.2,30085187.84
S1,SOLUSDT,1,2026-02-25T15:00:00+00:00,2026-02-27T11:40:00+00:00,2026,85.59,83.48680232,110.82837217,2.10319768,12.0,-1.012209,-1.012209,0.0,SL,537,44.67,3.0905,True,False,31415275.54,0.9264,291031.11,-294584.31,28474635.18
S1,XRPUSDT,1,2026-02-25T15:00:00+00:00,2026-02-26T16:45:00+00:00,2026,1.4354,1.40257597,1.82928835,0.03282403,12.0,-1.013119,-1.013119,0.0,SL,310,25.75,1.767,True,False,31415275.54,0.9264,291031.11,-294849.15,30672883.3
S1,ETHUSDT,1,2026-02-25T17:00:00+00:00,2026-02-26T16:45:00+00:00,2026,2045.53,1995.17074596,2649.84104847,50.35925404,12.0,-1.012186,-1.012186,0.0,SL,286,23.75,2.0735,True,False,31273720.04,0.9264,289719.74,-293250.27,30379633.04
S1,LINKUSDT,1,2026-02-25T17:00:00+00:00,2026-02-25T23:45:00+00:00,2026,9.447,9.18871224,12.54645313,0.25828776,12.0,-1.010973,-1.010973,0.0,SL,82,6.75,0.5498,True,False,31273720.04,0.9264,289719.74,-292898.84,30980821.2
S1,SOLUSDT,1,2026-02-25T17:00:00+00:00,2026-02-26T15:35:00+00:00,2026,87.51,85.250202,114.627576,2.259798,12.0,-1.011617,-1.011617,0.0,SL,272,22.58,2.0267,True,False,31273720.04,0.9264,289719.74,-293085.42,30393417.48
S2,ETHUSDT,-1,2026-02-26T17:00:00+00:00,2026-02-26T19:00:00+00:00,2026,1982.88,2026.07891803,1853.28324592,43.19891803,3.0,-1.01377,-1.01377,0.0,SL,25,2.0,0.2174,True,False,30085187.84,1.378,414573.89,-420282.57,29664905.27
S2,XRPUSDT,-1,2026-02-26T17:00:00+00:00,2026-02-27T04:15:00+00:00,2026,1.3882,1.41819368,1.29821895,0.02999368,3.0,-1.013885,-1.013885,0.0,SL,136,11.25,0.2134,True,False,30085187.84,1.378,414573.89,-420330.25,28769219.5
S5,DOGEUSDT,-1,2026-02-26T17:00:00+00:00,2026-02-27T04:00:00+00:00,2026,0.09571,0.09867123,0.08090387,0.00296123,5.0,-1.009696,-1.009696,0.0,SL,133,11.0,0.1216,True,False,30085187.84,0.5216,156924.34,-158445.88,29189549.74
S5,LINKUSDT,-1,2026-02-26T17:00:00+00:00,2026-02-27T03:35:00+00:00,2026,8.885,9.15092795,7.55536023,0.26592795,5.0,-1.010023,-1.010023,0.0,SL,128,10.58,0.1203,True,False,30085187.84,0.5216,156924.34,-158497.19,29506408.07
S5,SOLUSDT,-1,2026-02-26T17:00:00+00:00,2026-02-27T03:45:00+00:00,2026,84.54,87.21459523,71.16702387,2.67459523,5.0,-1.009483,-1.009483,0.0,SL,130,10.75,0.0523,True,False,30085187.84,0.5216,156924.34,-158412.45,29347995.62
S2,BTCUSDT,-1,2026-02-28T15:00:00+00:00,2026-02-28T17:55:00+00:00,2026,64435.62,65463.1709719,61352.96708429,1027.5509719,3.0,-1.018812,-1.018812,0.0,SL,36,2.92,0.2529,True,False,32039148.13,1.378,441499.46,-449804.95,31589343.19
S2,DOGEUSDT,-1,2026-02-28T15:00:00+00:00,2026-02-28T18:50:00+00:00,2026,0.09021,0.09227416,0.08401751,0.00206416,3.0,-1.013111,-1.013111,0.0,SL,47,3.83,0.2422,True,False,32039148.13,1.378,441499.46,-447287.96,31142055.22
S2,XRPUSDT,-1,2026-02-28T15:00:00+00:00,2026-02-28T18:55:00+00:00,2026,1.3175,1.3480165,1.22595051,0.0305165,3.0,-1.012952,-1.012952,0.0,SL,48,3.92,0.2589,True,False,32039148.13,1.378,441499.46,-447217.76,30694837.46
S1,BTCUSDT,1,2026-03-04T09:00:00+00:00,2026-03-06T13:55:00+00:00,2026,71011.4,69292.67560842,91636.09269898,1718.72439158,12.0,-1.012395,-1.012395,0.0,SL,636,52.92,1.7679,True,False,30694837.46,0.9264,284356.97,-287881.58,30119205.68
S1,BTCUSDT,1,2026-03-04T16:00:00+00:00,2026-03-05T15:15:00+00:00,2026,73396.87,71551.69985396,95538.91175247,1845.17014604,12.0,-1.011933,-1.011933,0.0,SL,280,23.25,0.354,True,False,30694837.46,0.9264,284356.97,-287750.21,30407087.26
S1,BTCUSDT,1,2026-03-10T15:00:00+00:00,2026-03-10T18:55:00+00:00,2026,71467.81,69915.35974388,90097.2130735,1552.45025612,12.0,-1.013811,-1.013811,0.0,SL,48,3.92,0.1992,True,False,30119205.68,0.9264,279024.32,-282877.93,29836327.75
S5,BTCUSDT,-1,2026-03-13T15:00:00+00:00,2026-03-16T03:30:00+00:00,2026,72382.72,73700.32209759,65794.70951207,1317.60209759,5.0,-1.016481,-1.016481,0.0,SL,727,60.5,1.5678,True,False,29836327.75,0.5216,155626.29,-158191.16,29259233.69
S2,BTCUSDT,-1,2026-03-13T18:00:00+00:00,2026-03-15T21:35:00+00:00,2026,71037.93,72167.28997314,67649.85008058,1129.35997314,3.0,-1.01887,-1.01887,0.0,SL,620,51.58,0.6384,True,False,29836327.75,1.378,411144.6,-418902.89,29417424.86
S1,BTCUSDT,1,2026-03-16T06:00:00+00:00,2026-03-16T08:40:00+00:00,2026,74207.49,73029.77238143,88340.10142281,1177.71761857,12.0,-1.018903,-1.018903,0.0,SL,33,2.67,0.0,True,False,29259233.69,0.9264,271057.54,-276181.34,28983052.35
S2,BTCUSDT,-1,2026-03-16T07:00:00+00:00,2026-03-16T21:35:00+00:00,2026,73714.36,74598.57405579,71061.71783264,884.21405579,3.0,-1.02501,-1.02501,0.0,SL,176,14.58,0.9337,True,False,29259233.69,1.378,403192.24,-413276.08,28569776.27
S2,BTCUSDT,-1,2026-03-17T04:00:00+00:00,2026-03-18T14:50:00+00:00,2026,74463.98,75482.15669478,71409.44991565,1018.17669478,3.0,2.97806,2.97806,0.0,TP,419,34.83,3.0869,True,False,28569776.27,1.378,393691.52,1172436.96,29742213.23
S4,BTCUSDT,1,2026-03-22T23:00:00+00:00,2026-03-23T00:40:00+00:00,2026,68339.38,67452.56940624,85632.1865783,886.81059376,19.5,-1.023119,-1.023119,0.0,SL,21,1.67,0.1518,True,False,29742213.23,1.6151,480366.49,-491472.08,29250741.15
S4,BTCUSDT,1,2026-03-23T05:00:00+00:00,2026-03-23T07:05:00+00:00,2026,68541.0,67549.12345198,87882.59268639,991.87654802,19.5,-1.020731,-1.020731,0.0,SL,26,2.08,0.3775,True,False,29250741.15,1.6151,472428.72,-482222.64,28768518.51
S2,BTCUSDT,-1,2026-03-23T07:00:00+00:00,2026-03-23T08:15:00+00:00,2026,67874.2,68682.04649215,65450.66052355,807.84649215,3.0,-1.025206,-1.025206,0.0,SL,16,1.25,0.4601,True,False,29250741.15,1.378,403075.21,-413235.13,28355283.39
S2,BTCUSDT,-1,2026-03-23T16:00:00+00:00,2026-03-24T07:55:00+00:00,2026,70131.48,71360.8467319,66443.37980431,1229.3667319,3.0,-1.017114,-1.017114,0.0,SL,192,15.92,0.0101,True,False,28355283.39,1.378,390735.81,-397422.86,27957860.53
S5,BTCUSDT,-1,2026-03-27T11:00:00+00:00,2026-03-30T04:25:00+00:00,2026,66502.41,67604.15748271,60993.67258647,1101.74748271,5.0,-1.018108,-1.018108,0.0,SL,786,65.42,1.3637,True,False,27957860.53,0.5216,145828.2,-148468.86,27809391.67
S2,BTCUSDT,-1,2026-03-30T07:00:00+00:00,2026-03-30T11:25:00+00:00,2026,67305.14,68001.35688626,65216.48934121,696.21688626,3.0,-1.029002,-1.029002,0.0,SL,54,4.42,0.111,True,False,27809391.67,1.378,383213.42,-394327.37,27415064.3
S2,BTCUSDT,-1,2026-03-31T10:00:00+00:00,2026-03-31T12:35:00+00:00,2026,66125.0,66929.68134721,63710.95595838,804.68134721,3.0,-1.024653,-1.024653,0.0,SL,32,2.58,0.0311,True,False,27415064.3,1.378,377779.59,-387092.99,27027971.31
S3,BTCUSDT,-1,2026-03-31T10:00:00+00:00,2026-03-31T13:35:00+00:00,2026,66125.0,67004.79813472,61565.13903249,1072.90846294,4.25,-0.838502,-0.838502,0.0,SL,44,3.58,0.0233,True,False,27415064.3,3.3981,931591.3,-781141.17,26246830.14
S2,BTCUSDT,-1,2026-04-01T08:00:00+00:00,2026-04-02T12:05:00+00:00,2026,68692.0,69565.16026076,66072.51921773,873.16026076,3.0,2.976399,2.976399,0.0,TP,338,28.08,3.0044,True,False,26246830.14,1.378,361681.32,1076507.92,27323338.06
S1,BTCUSDT,1,2026-04-05T23:00:00+00:00,2026-04-14T14:20:00+00:00,2026,68338.43,67722.002163,75735.56404401,616.427837,12.0,11.966741,11.966741,0.0,TP,2489,207.33,12.0067,True,False,27323338.06,0.9264,253123.4,3029062.21,29562473.38
S1,BTCUSDT,1,2026-04-06T00:00:00+00:00,2026-04-06T23:05:00+00:00,2026,69034.18,68337.4870085,77394.49589801,696.6929915,12.0,-1.029727,-1.029727,0.0,SL,278,23.08,1.8908,True,False,27323338.06,0.9264,253123.4,-260648.0,26916111.03
S5,BTCUSDT,-1,2026-04-06T02:00:00+00:00,2026-04-06T09:10:00+00:00,2026,68810.17,69534.71303859,65187.45480705,724.54303859,5.0,-1.028491,-1.028491,0.0,SL,87,7.17,0.0463,True,False,27323338.06,0.5216,142518.53,-146579.03,27176759.04
S2,BTCUSDT,-1,2026-04-07T11:00:00+00:00,2026-04-07T17:35:00+00:00,2026,68237.93,68881.62306196,66306.85081413,643.69306196,3.0,-1.031803,-1.031803,0.0,SL,80,6.58,0.786,True,False,26916111.03,1.378,370904.01,-382699.87,26533411.16
