tf_rule,bar_start_utc,bar_end_utc,hour_utc,weekday,weekday_name,event,atr,atr_roc_1,d_atr,close,fwd_range_pct_48m,fwd_range_pct_192m,fwd_range_pct_288m
4h,2022-03-11T20:00:00+00:00,2022-03-12T00:00:00+00:00,0,5,Saturday,expand,0.02211027075879105,0.23977234452478902,0.004276133018554531,0.8025,6.591900311526487,8.822429906542066,8.822429906542066
4h,2022-03-21T16:00:00+00:00,2022-03-21T20:00:00+00:00,20,0,Monday,expand,0.015255459036249423,0.13018581138461505,0.0017572723818269683,0.8467,2.621944017952049,3.862052675091526,4.535254517538679
4h,2022-03-26T20:00:00+00:00,2022-03-27T00:00:00+00:00,0,6,Sunday,contract,0.011372694468987003,-0.042564379008927955,-0.0005055918822297664,0.8327,1.4410952323766075,1.849405548216641,3.650774588687401
4h,2022-03-28T12:00:00+00:00,2022-03-28T16:00:00+00:00,16,0,Monday,expand,0.013839466489306994,0.14483084292402792,0.0017508102700533046,0.8789,4.733189213789961,7.099783820684948,7.099783820684948
4h,2022-03-28T16:00:00+00:00,2022-03-28T20:00:00+00:00,20,0,Monday,expand,0.01582236174007078,0.143278301392316,0.001982895250763785,0.8982,5.744822979291915,5.744822979291915,6.6354932086395
4h,2022-03-28T20:00:00+00:00,2022-03-29T00:00:00+00:00,0,1,Tuesday,expand,0.018377907330065724,0.16151479987484563,0.0025555455899949446,0.864,1.9212962962963032,3.37962962962963,5.057870370370378
4h,2022-03-31T12:00:00+00:00,2022-03-31T16:00:00+00:00,16,3,Thursday,expand,0.022340912169108162,0.35923663880459467,0.005904545217760911,0.8231,2.9401044830518765,4.191471267160731,5.1148098651439575
4h,2022-04-03T04:00:00+00:00,2022-04-03T08:00:00+00:00,8,6,Sunday,contract,0.02044760496829181,-0.047129696229132545,-0.001011354228330142,0.8313,0.9743774810537706,3.007337904486951,3.007337904486951
4h,2022-04-03T08:00:00+00:00,2022-04-03T12:00:00+00:00,12,6,Sunday,contract,0.019565633184842394,-0.043133256184139546,-0.0008819717834494152,0.8334,1.2359011279097643,2.735781137509004,3.467722582193429
4h,2022-04-06T00:00:00+00:00,2022-04-06T04:00:00+00:00,4,2,Wednesday,expand,0.01754108921421735,0.11521644258221597,0.001812223906598659,0.809,1.4338689740420338,7.651421508034619,8.244746600741667
4h,2022-04-09T08:00:00+00:00,2022-04-09T12:00:00+00:00,12,5,Saturday,contract,0.01602161661642738,-0.05155501316554656,-0.0008708935858790373,0.7621,1.5352315969032848,2.007610549796612,2.007610549796612
4h,2022-04-09T20:00:00+00:00,2022-04-10T00:00:00+00:00,0,6,Sunday,contract,0.014611148581009816,-0.045771767307334454,-0.0007008575831546054,0.7622,1.102072946733136,1.7055890842298624,2.755182366832855
4h,2022-04-10T12:00:00+00:00,2022-04-10T16:00:00+00:00,16,6,Sunday,contract,0.012520038906242746,-0.04416264300803152,-0.000578464531249441,0.7591,1.6598603609537683,5.532867869845875,9.35318139902517
4h,2022-04-11T08:00:00+00:00,2022-04-11T12:00:00+00:00,12,0,Monday,expand,0.015518340210953005,0.1413335443105015,0.0019216661376189985,0.7077,1.7662851490744762,4.987989260986294,4.987989260986294
4h,2022-04-15T00:00:00+00:00,2022-04-15T04:00:00+00:00,4,4,Friday,expand,0.01981701832974307,0.2092721860305733,0.0034294601284813007,0.7863,4.336767137224981,4.362202721607528,4.7055831107719746
4h,2022-04-16T08:00:00+00:00,2022-04-16T12:00:00+00:00,12,5,Saturday,contract,0.018952732083067792,-0.04181692967915385,-0.0008271332371590605,0.7747,2.078223828578805,2.4525622821737465,2.6461856202401024
4h,2022-04-17T04:00:00+00:00,2022-04-17T08:00:00+00:00,8,6,Sunday,contract,0.016680646184102026,-0.044000741239703656,-0.0007677420141617014,0.7781,1.4008482200231358,4.960801953476427,7.736794756458043
4h,2022-04-21T00:00:00+00:00,2022-04-21T04:00:00+00:00,4,3,Thursday,contract,0.014467742255690242,-0.04259511716234632,-0.000643672481206942,0.7543,1.657165583985146,3.473419064032878,7.02638207609705
4h,2022-04-23T08:00:00+00:00,2022-04-23T12:00:00+00:00,12,5,Saturday,contract,0.014791815715253554,-0.04656665670043292,-0.0007224473627118148,0.7112,0.899887514060737,2.151293588301475,2.151293588301475
4h,2022-04-24T04:00:00+00:00,2022-04-24T08:00:00+00:00,8,6,Sunday,contract,0.0123679858696593,-0.053944622841990086,-0.0007052296822814847,0.7107,1.2100745743633112,2.51864359082595,9.483607710707755
4h,2022-04-25T00:00:00+00:00,2022-04-25T04:00:00+00:00,4,0,Monday,expand,0.013164821535490067,0.11779421836414516,0.0013873214203469174,0.6791,5.198056250920335,6.405536739802677,9.159181269327055
4h,2022-04-25T04:00:00+00:00,2022-04-25T08:00:00+00:00,8,0,Monday,expand,0.01474590571152649,0.12009917276691495,0.0015810841760364232,0.6513,3.1168432366037133,8.030093658836176,9.381237524950107
4h,2022-04-30T20:00:00+00:00,2022-05-01T00:00:00+00:00,0,6,Sunday,expand,0.017425347794772873,0.18258294537045616,0.0026903578619405476,0.5839,3.2026031854769736,5.309128275389626,6.353827710224358
4h,2022-05-01T08:00:00+00:00,2022-05-01T12:00:00+00:00,12,6,Sunday,contract,0.01633505433859913,-0.04598148775158051,-0.0007873118721999327,0.589,3.073005093378609,6.044142614601032,7.249575551782696
4h,2022-05-04T16:00:00+00:00,2022-05-04T20:00:00+00:00,20,2,Wednesday,expand,0.015862757416302276,0.11300410382576165,0.0016105571218228976,0.6387,1.800532331297959,3.5384374510725007,12.353217472992027
4h,2022-05-05T12:00:00+00:00,2022-05-05T16:00:00+00:00,16,3,Thursday,expand,0.017298890509481024,0.17566041819382416,0.002584700730039918,0.6006,4.512154512154514,6.310356310356317,6.310356310356317
4h,2022-05-07T08:00:00+00:00,2022-05-07T12:00:00+00:00,12,5,Saturday,contract,0.015057372177600491,-0.046087837296420076,-0.0007274901675077359,0.5982,0.9695753928452069,5.265797392176525,5.867602808425279
4h,2022-05-07T12:00:00+00:00,2022-05-07T16:00:00+00:00,16,5,Saturday,contract,0.014396131307771886,-0.04391475896519814,-0.0006612408698286054,0.5947,1.2779552715655038,5.750798722044729,5.750798722044729
4h,2022-05-09T16:00:00+00:00,2022-05-09T20:00:00+00:00,20,0,Monday,expand,0.02009465730734224,0.1981667359384196,0.0033234878994352138,0.4883,5.918492729879168,12.819987712471839,13.3114888388286
4h,2022-05-11T12:00:00+00:00,2022-05-11T16:00:00+00:00,16,2,Wednesday,expand,0.029514911073104326,0.2437048793677774,0.005783468378991973,0.4457,9.266322638546107,25.17388377832622,25.17388377832622
4h,2022-05-14T04:00:00+00:00,2022-05-14T08:00:00+00:00,8,5,Saturday,contract,0.03005319498130216,-0.04346535452343847,-0.0013656303831770904,0.428,7.2897196261682256,9.042056074766357,9.042056074766357
4h,2022-05-15T16:00:00+00:00,2022-05-15T20:00:00+00:00,20,6,Sunday,contract,0.023346259561176037,-0.04332974652663735,-0.001057404581628927,0.4315,4.5422943221320855,9.779837775202772,9.779837775202772
4h,2022-05-17T08:00:00+00:00,2022-05-17T12:00:00+00:00,12,1,Tuesday,contract,0.01913183084861258,-0.050875989624159734,-0.0010255254498932748,0.4304,4.112453531598511,6.110594795539031,6.110594795539031
4h,2022-05-18T04:00:00+00:00,2022-05-18T08:00:00+00:00,8,2,Wednesday,contract,0.01740468251932586,-0.043963653719828244,-0.0008003601937942965,0.4269,1.2883579292574383,6.1841180604356945,9.323026469899274
4h,2022-05-18T08:00:00+00:00,2022-05-18T12:00:00+00:00,12,2,Wednesday,contract,0.01655434805365973,-0.04885664904958398,-0.0008503344656661319,0.4266,5.602437880918888,8.743553680262542,8.743553680262542
4h,2022-05-19T16:00:00+00:00,2022-05-19T20:00:00+00:00,20,3,Thursday,contract,0.015769666433409834,-0.04504321213974005,-0.0007438204948776797,0.4167,1.8958483321334336,6.503479721622273,9.47924166066714
4h,2022-05-21T08:00:00+00:00,2022-05-21T12:00:00+00:00,12,5,Saturday,contract,0.012787224951485302,-0.04419948339523849,-0.0005913249962680948,0.4107,1.7774531288044737,2.167031896761631,3.2383735086437735
4h,2022-05-21T16:00:00+00:00,2022-05-21T20:00:00+00:00,20,5,Saturday,contract,0.01183847457551539,-0.044920786183016204,-0.0005568057365781028,0.4153,1.2039489525644125,3.0821093185648873,3.0821093185648873
4h,2022-05-22T00:00:00+00:00,2022-05-22T04:00:00+00:00,4,6,Sunday,contract,0.010875011241133171,-0.04185025181235913,-0.0004750008647025489,0.4127,1.1146110976496226,3.101526532590254,3.779985461594379
4h,2022-05-29T04:00:00+00:00,2022-05-29T08:00:00+00:00,8,6,Sunday,contract,0.008787692504984342,-0.05059261295958428,-0.0004682840388449457,0.3835,1.1734028683181237,2.2946544980443218,6.101694915254232
4h,2022-05-30T20:00:00+00:00,2022-05-31T00:00:00+00:00,0,1,Tuesday,expand,0.008748570269037732,0.10979148627302115,0.0008654945946894015,0.4186,2.2216913521261286,6.712852365026281,6.712852365026281
4h,2022-06-04T16:00:00+00:00,2022-06-04T20:00:00+00:00,20,5,Saturday,contract,0.00780811278654632,-0.043426230926019715,-0.00035447021434971415,0.3901,1.3073570879261711,2.0763906690592147,2.6147141758523422
4h,2022-06-05T04:00:00+00:00,2022-06-05T08:00:00+00:00,8,6,Sunday,contract,0.007081531994184494,-0.049374850303812945,-0.0003678101533988098,0.3908,1.6376663254861867,2.2517911975434943,3.5823950870010273
4h,2022-06-07T00:00:00+00:00,2022-06-07T04:00:00+00:00,4,1,Tuesday,expand,0.007656869713571994,0.12225025673766998,0.0008340869451098484,0.3883,1.2619108936389287,7.288179242853462,7.7259850630955516
4h,2022-06-07T16:00:00+00:00,2022-06-07T20:00:00+00:00,20,1,Tuesday,expand,0.00847230726492424,0.15314982963819257,0.0011252071334673626,0.414,3.8647342995169116,5.531400966183583,5.531400966183583
4h,2022-06-09T04:00:00+00:00,2022-06-09T08:00:00+00:00,8,3,Thursday,contract,0.007804259312641439,-0.04611015754058989,-0.00037725071635703617,0.4019,0.9703906444389189,1.9407812888778377,5.001244090569795
4h,2022-06-11T12:00:00+00:00,2022-06-11T16:00:00+00:00,16,5,Saturday,expand,0.009198999574619417,0.11154798105409092,0.0009231538788754302,0.3602,3.2481954469738996,8.300943920044414,8.300943920044414
4h,2022-06-12T12:00:00+00:00,2022-06-12T16:00:00+00:00,16,6,Sunday,expand,0.01137976978100233,0.10800313301542874,0.0011092484783844347,0.3601,3.026936961955003,13.940572063315738,17.328519855595655
4h,2022-06-23T08:00:00+00:00,2022-06-23T12:00:00+00:00,12,3,Thursday,contract,0.008575538257497173,-0.0427240558685259,-0.00038273371211516687,0.3278,2.043929225137291,16.320927394752896,19.310555216595493
4h,2022-06-24T00:00:00+00:00,2022-06-24T04:00:00+00:00,4,4,Friday,expand,0.010792285718772823,0.2931802737788012,0.002446747252402088,0.3674,3.4567229178007595,9.471965160587914,9.471965160587914
4h,2022-06-27T08:00:00+00:00,2022-06-27T12:00:00+00:00,12,0,Monday,contract,0.00966995486430622,-0.043157117790200594,-0.0004361503741774006,0.3621,4.501518917426121,6.572769953051641,6.572769953051641
4h,2022-07-01T16:00:00+00:00,2022-07-01T20:00:00+00:00,20,4,Friday,contract,0.01057110390736181,-0.046957817923631406,-0.0005208541467201372,0.3144,2.3536895674300307,3.3396946564885526,3.3396946564885526
4h,2022-07-02T04:00:00+00:00,2022-07-02T08:00:00+00:00,8,5,Saturday,contract,0.009607330643029847,-0.04661990900134627,-0.00046979466484844967,0.3116,1.2516046213093757,2.8562259306803655,3.2092426187419796
4h,2022-07-02T08:00:00+00:00,2022-07-02T12:00:00+00:00,12,5,Saturday,contract,0.009199664168527716,-0.042432855665053504,-0.00040766647450213127,0.3116,1.5083440308087235,2.3106546854942187,3.2092426187419796
4h,2022-07-03T08:00:00+00:00,2022-07-03T12:00:00+00:00,12,6,Sunday,contract,0.007640677872531205,-0.04829646922799302,-0.00038774445173316626,0.312,1.1538461538461693,5.256410256410264,5.256410256410264
4h,2022-07-08T00:00:00+00:00,2022-07-08T04:00:00+00:00,4,4,Friday,expand,0.007526604073609211,0.11223280853647633,0.0007594919943377503,0.3547,2.28361996053004,5.892303354947836,5.892303354947836
4h,2022-07-10T12:00:00+00:00,2022-07-10T16:00:00+00:00,16,6,Sunday,expand,0.007944047983670401,0.12354616194735657,0.0008735347704868944,0.3243,2.3743447425223683,4.224483502929384,4.224483502929384
4h,2022-07-13T12:00:00+00:00,2022-07-13T16:00:00+00:00,16,2,Wednesday,expand,0.00847993460333222,0.12812303213404586,0.0009630819535898314,0.3112,2.7313624678663264,5.012853470437019,5.012853470437019
4h,2022-07-27T16:00:00+00:00,2022-07-27T20:00:00+00:00,20,2,Wednesday,expand,0.008887956258999657,0.13243026538588176,0.0010393879800769477,0.3531,2.095723591050683,2.9453412630982623,7.250070801472673
4h,2022-07-30T12:00:00+00:00,2022-07-30T16:00:00+00:00,16,5,Saturday,expand,0.010910069913696788,0.20562503249079267,0.0018607638527925584,0.4015,4.5579078455790745,6.351183063511822,7.048567870485677
4h,2022-08-02T00:00:00+00:00,2022-08-02T04:00:00+00:00,4,1,Tuesday,expand,0.011605810168559572,0.12274166593211855,0.0012687838331877227,0.3706,1.5110631408526698,3.2110091743119176,4.263356718834318
4h,2022-08-06T04:00:00+00:00,2022-08-06T08:00:00+00:00,8,5,Saturday,contract,0.006598181821737282,-0.05401936998409129,-0.00037678321705671494,0.3748,0.5602988260405672,1.5474919957310638,2.1611526147278535
4h,2022-08-06T08:00:00+00:00,2022-08-06T12:00:00+00:00,12,5,Saturday,contract,0.006276883120184622,-0.0486950360316174,-0.00032129870155265996,0.3741,0.5346164127238712,2.1384656508954696,2.1384656508954696
4h,2022-08-06T12:00:00+00:00,2022-08-06T16:00:00+00:00,16,5,Saturday,contract,0.0059713914687428635,-0.048669322909548396,-0.0003054916514417588,0.3747,1.254336802775549,2.135041366426462,2.135041366426462
4h,2022-08-07T04:00:00+00:00,2022-08-07T08:00:00+00:00,8,6,Sunday,contract,0.005438604012358519,-0.04766409306688124,-0.0002722003086429621,0.3715,0.45760430686405906,1.7227456258411888,2.4764468371466988
4h,2022-08-07T08:00:00+00:00,2022-08-07T12:00:00+00:00,12,6,Sunday,contract,0.005171560868618623,-0.0491014133650981,-0.0002670431437398965,0.3718,0.9413663259817113,1.6406670252824083,3.523399677245831
4h,2022-08-10T12:00:00+00:00,2022-08-10T16:00:00+00:00,16,2,Wednesday,expand,0.0065794670048963675,0.11789614124448411,0.0006938871534695103,0.3771,1.670644391408122,3.447361442588176,3.447361442588176
4h,2022-08-19T04:00:00+00:00,2022-08-19T08:00:00+00:00,8,4,Friday,expand,0.01013683282919913,0.3071265643745478,0.0023817820900616056,0.3447,3.3652451407020596,4.090513489991297,4.090513489991297
4h,2022-08-20T08:00:00+00:00,2022-08-20T12:00:00+00:00,12,5,Saturday,contract,0.00878746574925694,-0.04343719135727098,-0.0003990358268659202,0.3412,0.8792497069167651,3.077373974208678,4.601406799531064
4h,2022-08-20T12:00:00+00:00,2022-08-20T16:00:00+00:00,16,5,Saturday,contract,0.008374075338595731,-0.04704318883930392,-0.0004133904106612095,0.341,2.844574780058663,3.577712609970671,4.604105571847505
4h,2022-08-26T08:00:00+00:00,2022-08-26T12:00:00+00:00,12,4,Friday,expand,0.007024853190149376,0.1961434178238748,0.0011519343699885106,0.3531,5.919003115264806,7.844803171905975,9.062588501840846
4h,2022-08-26T12:00:00+00:00,2022-08-26T16:00:00+00:00,16,4,Friday,expand,0.008015935105138709,0.1410822245195218,0.000991081914989333,0.34,2.470588235294123,4.970588235294125,4.970588235294125
4h,2022-08-28T08:00:00+00:00,2022-08-28T12:00:00+00:00,12,6,Sunday,contract,0.006769647944445514,-0.04316004208198687,-0.0003053575341881148,0.3351,1.01462250074605,5.6699492688749675,5.6699492688749675
4h,2022-09-03T08:00:00+00:00,2022-09-03T12:00:00+00:00,12,5,Saturday,contract,0.005600796536929597,-0.048369374444803936,-0.0002846766566868917,0.3287,0.6693033160936963,1.1256464861575848,1.642835412230002
4h,2022-09-03T12:00:00+00:00,2022-09-03T16:00:00+00:00,16,5,Saturday,contract,0.005357882498577481,-0.04337133776426805,-0.00024291403835211608,0.3292,1.123936816524903,1.4884568651275867,1.6403402187120342
4h,2022-09-03T20:00:00+00:00,2022-09-04T00:00:00+00:00,0,6,Sunday,contract,0.005008072154385685,-0.04416296016367194,-0.00023139016572197493,0.3294,0.6375227686703069,1.6393442622950865,1.6393442622950865
4h,2022-09-06T00:00:00+00:00,2022-09-06T04:00:00+00:00,4,1,Tuesday,expand,0.004958899598700453,0.13446819083227846,0.0005877769539461191,0.334,1.6467065868263489,4.850299401197603,7.664670658682637
4h,2022-09-06T16:00:00+00:00,2022-09-06T20:00:00+00:00,20,1,Tuesday,expand,0.005691368998294552,0.11630549190197059,0.0005929716155158018,0.3231,2.4760136180749015,4.023522129371715,6.901887960383777
4h,2022-09-11T08:00:00+00:00,2022-09-11T12:00:00+00:00,12,6,Sunday,contract,0.006256474274243464,-0.04750490547760633,-0.00031203648263410967,0.3546,0.7332205301748423,3.6379018612521214,3.6379018612521214
4h,2022-09-13T12:00:00+00:00,2022-09-13T16:00:00+00:00,16,1,Tuesday,expand,0.007223173916740035,0.151817379763588,0.0009520635448661526,0.339,2.2713864306784615,3.1268436578171084,3.1268436578171084
4h,2022-09-17T12:00:00+00:00,2022-09-17T16:00:00+00:00,16,5,Saturday,expand,0.009373699956540072,0.17928943609369608,0.0014251000033430692,0.3708,2.9395900755124114,7.038834951456299,8.171521035598703
4h,2022-09-18T04:00:00+00:00,2022-09-18T08:00:00+00:00,8,6,Sunday,expand,0.010586967525477428,0.11245803846504199,0.0010702332672709643,0.3867,5.120248254460833,10.964572019653476,15.076286527023525
4h,2022-09-18T20:00:00+00:00,2022-09-19T00:00:00+00:00,0,0,Monday,expand,0.014250603381277621,0.17917175744333225,0.0021653382014401833,0.3576,7.24272930648769,7.24272930648769,14.904921700223719
4h,2022-09-19T16:00:00+00:00,2022-09-19T20:00:00+00:00,20,0,Monday,expand,0.016297321021830024,0.11530001781789556,0.001684821459859225,0.3899,4.154911515773287,5.847653244421657,13.849705052577582
4h,2022-09-20T12:00:00+00:00,2022-09-20T16:00:00+00:00,16,1,Tuesday,expand,0.017891535919107988,0.1509710866555356,0.002346804929299385,0.4195,5.458879618593558,8.295589988081048,8.295589988081048
4h,2022-09-21T16:00:00+00:00,2022-09-21T20:00:00+00:00,20,2,Wednesday,expand,0.02055971187786584,0.16798184632130342,0.002956945240164169,0.4071,6.7550970277573,12.724146401375572,28.617047408499136
4h,2022-09-22T16:00:00+00:00,2022-09-22T20:00:00+00:00,20,3,Thursday,expand,0.024038476690926205,0.18219628115656672,0.003704732562236447,0.4831,3.9536327882426012,17.30490581660111,21.27923825294969
4h,2022-09-23T00:00:00+00:00,2022-09-23T04:00:00+00:00,4,4,Friday,expand,0.027086747759012902,0.14358939493247247,0.003401019403152853,0.5382,8.008175399479732,19.100706057227786,19.100706057227786
4h,2022-09-25T04:00:00+00:00,2022-09-25T08:00:00+00:00,8,6,Sunday,contract,0.027177057894951888,-0.042747124583838,-0.001213619838073221,0.4909,4.176003259319632,7.720513342839691,12.079853330617238
4h,2022-09-26T20:00:00+00:00,2022-09-27T00:00:00+00:00,0,1,Tuesday,contract,0.023421225260077613,-0.0464182818138672,-0.0011400942507752004,0.4679,3.6973712331694766,4.9583244282966445,11.348578756144471
4h,2022-09-27T20:00:00+00:00,2022-09-28T00:00:00+00:00,0,2,Wednesday,contract,0.021510509781262732,-0.043477455994283876,-0.0009777315216355983,0.4454,7.251908396946563,7.476425684777727,8.711270767849125
4h,2022-09-29T08:00:00+00:00,2022-09-29T12:00:00+00:00,12,3,Thursday,contract,0.018127141134700164,-0.048174902239273454,-0.0009174723949769391,0.4401,3.271983640081805,18.950238582140415,18.950238582140415
4h,2022-09-29T20:00:00+00:00,2022-09-30T00:00:00+00:00,0,4,Friday,expand,0.02111272925398552,0.21242005067701553,0.0036990208266164983,0.4874,3.2416906032006523,6.524415264669675,6.934755847353302
4h,2022-10-01T04:00:00+00:00,2022-10-01T08:00:00+00:00,8,5,Saturday,contract,0.01921245873490975,-0.04843313349948164,-0.0009778814411469001,0.4756,1.9133725820016811,3.952901597981493,3.952901597981493
4h,2022-10-01T20:00:00+00:00,2022-10-02T00:00:00+00:00,0,6,Sunday,contract,0.017124175706157783,-0.04636843351105946,-0.0008326289004736767,0.4751,0.9682172174279083,6.482845716691221,7.661544937907807
4h,2022-10-02T00:00:00+00:00,2022-10-02T04:00:00+00:00,4,6,Sunday,contract,0.016229591727146515,-0.052240995091493936,-0.0008945839790112688,0.474,1.097046413502106,6.4978902953586495,7.6793248945147665
4h,2022-10-02T04:00:00+00:00,2022-10-02T08:00:00+00:00,8,6,Sunday,contract,0.015441763746636047,-0.048542686332195495,-0.0007878279805104676,0.4755,6.225026288117775,7.402733964248162,8.475289169295479
4h,2022-10-02T16:00:00+00:00,2022-10-02T20:00:00+00:00,20,6,Sunday,contract,0.015403409238833602,-0.045763703371342945,-0.000738723787602584,0.4614,4.334633723450373,5.439965322930215,5.439965322930215
4h,2022-10-07T08:00:00+00:00,2022-10-07T12:00:00+00:00,12,4,Friday,contract,0.012143200208768879,-0.042129841398025336,-0.0005340923237514526,0.4901,3.77473984901041,11.099775556008991,11.099775556008991
4h,2022-10-07T16:00:00+00:00,2022-10-07T20:00:00+00:00,20,4,Friday,expand,0.014718881812662968,0.16841955508566597,0.0021216244759490067,0.5181,2.296853889210581,3.6865469986489106,3.6865469986489106
4h,2022-10-10T20:00:00+00:00,2022-10-11T00:00:00+00:00,0,1,Tuesday,expand,0.014056144370226403,0.12113833742578928,0.001518758125367203,0.4938,2.7541514783313086,4.698258404212232,5.326042932361277
4h,2022-10-12T20:00:00+00:00,2022-10-13T00:00:00+00:00,0,3,Thursday,contract,0.012711512672683122,-0.045137290692501164,-0.0006008855902063914,0.4879,5.042016806722692,10.166017626562814,10.186513629842175
4h,2022-10-15T04:00:00+00:00,2022-10-15T08:00:00+00:00,8,5,Saturday,contract,0.013829475734178575,-0.051339449933743064,-0.0007484212103214243,0.4861,1.9337584859082422,2.4891997531372145,2.4891997531372145
4h,2022-10-16T04:00:00+00:00,2022-10-16T08:00:00+00:00,8,6,Sunday,contract,0.01122636889431364,-0.04280451666960383,-0.0005020283764856654,0.4836,1.3027295285359743,3.804797353184444,4.880066170388753
4h,2022-10-20T16:00:00+00:00,2022-10-20T20:00:00+00:00,20,3,Thursday,expand,0.011667488980104019,0.23470672172336826,0.0022178854630689193,0.4379,5.320849509020322,5.320849509020322,5.320849509020322
4h,2022-10-22T04:00:00+00:00,2022-10-22T08:00:00+00:00,8,5,Saturday,contract,0.010931704712832105,-0.04522661829915464,-0.0005178234394486256,0.4588,2.1578029642545817,2.877070619006113,2.877070619006113
4h,2022-10-22T20:00:00+00:00,2022-10-23T00:00:00+00:00,0,6,Sunday,contract,0.00982228546187,-0.04859688875512358,-0.0005017142662976908,0.4651,1.7415609546334112,3.0531068587400534,4.472156525478389
4h,2022-10-24T16:00:00+00:00,2022-10-24T20:00:00+00:00,20,0,Monday,contract,0.009614843651983137,-0.04225680903179241,-0.0004242187424602431,0.4561,1.6663012497259364,3.5737776803332686,6.467879850909894
4h,2022-11-04T08:00:00+00:00,2022-11-04T12:00:00+00:00,12,4,Friday,expand,0.010447163869885532,0.3385840383008538,0.0026425258561626483,0.4888,4.1939443535188135,5.52373158756138,5.52373158756138
4h,2022-11-08T00:00:00+00:00,2022-11-08T04:00:00+00:00,4,1,Tuesday,expand,0.01225859935064225,0.11115156323533859,0.0012262615884121343,0.4397,5.13986809188083,29.019786217875826,29.019786217875826
4h,2022-11-08T16:00:00+00:00,2022-11-08T20:00:00+00:00,20,1,Tuesday,expand,0.020661918368744623,0.6614718904556671,0.008226006279327337,0.3928,7.917515274949088,14.383910386965375,18.024439918533613
4h,2022-11-11T08:00:00+00:00,2022-11-11T12:00:00+00:00,12,4,Friday,contract,0.02317141059420903,-0.04462867689946837,-0.0010824161995545423,0.3887,8.00102907126319,8.00102907126319,8.927193208129665
4h,2022-11-12T08:00:00+00:00,2022-11-12T12:00:00+00:00,12,5,Saturday,contract,0.020360905811304113,-0.04736648841021873,-0.0010123773701003168,0.3714,1.9924609585352766,3.66182014001077,7.054388799138396
4h,2022-11-12T12:00:00+00:00,2022-11-12T16:00:00+00:00,16,5,Saturday,contract,0.01943512682478239,-0.045468457793648054,-0.000925778986521724,0.3696,3.0844155844155754,4.437229437229429,6.493506493506485
4h,2022-11-12T20:00:00+00:00,2022-11-13T00:00:00+00:00,0,6,Sunday,contract,0.018013961394837876,-0.044919108274075636,-0.0008472277996029107,0.3634,2.2014309301045696,6.246560264171711,10.154100165107332
4h,2022-11-17T20:00:00+00:00,2022-11-18T00:00:00+00:00,0,4,Friday,contract,0.013200935072626643,-0.04560810909958535,-0.0006308411594328194,0.3817,2.4364684307047355,3.170028818443804,3.6678019386952996
4h,2022-11-18T04:00:00+00:00,2022-11-18T08:00:00+00:00,8,4,Friday,contract,0.012299275649356645,-0.04821288435613014,-0.000623021203796665,0.381,1.4960629921259798,2.8608923884514343,2.8608923884514343
4h,2022-11-18T20:00:00+00:00,2022-11-19T00:00:00+00:00,0,5,Saturday,contract,0.010785821319795793,-0.053246060309193544,-0.0006066016399842913,0.3827,1.4371570420695075,2.116540371047817,3.4753070290044366
4h,2022-11-19T08:00:00+00:00,2022-11-19T12:00:00+00:00,12,5,Saturday,contract,0.009570899941542045,-0.04432586781290804,-0.0004439153801186167,0.3802,1.3150973172014595,4.971067859021561,6.338769068911103
4h,2022-11-19T16:00:00+00:00,2022-11-19T20:00:00+00:00,20,5,Saturday,contract,0.00880552086796227,-0.047475864747984375,-0.0004388862206124826,0.3814,1.9140010487676908,6.318825380178293,7.236497115888834
4h,2022-11-25T04:00:00+00:00,2022-11-25T08:00:00+00:00,8,4,Friday,expand,0.011078566211123284,0.11558049753191524,0.0011478025991443642,0.4152,3.7090558766859267,5.1059730250481685,5.1059730250481685
4h,2022-11-27T04:00:00+00:00,2022-11-27T08:00:00+00:00,8,6,Sunday,contract,0.009073741898345528,-0.0427950966855396,-0.00040567245371888813,0.4003,2.7229577816637436,3.972020984261796,9.243067699225575
4h,2022-11-28T00:00:00+00:00,2022-11-28T04:00:00+00:00,4,0,Monday,expand,0.010248202294175052,0.13699014895620554,0.0012347536696788418,0.3804,1.3669821240799112,3.943217665615145,4.652996845425865
4h,2022-11-29T08:00:00+00:00,2022-11-29T12:00:00+00:00,12,1,Tuesday,contract,0.00912776645172606,-0.04374101046522749,-0.00041752049628662226,0.3924,1.2996941896024448,5.708460754332322,5.708460754332322
4h,2022-12-01T16:00:00+00:00,2022-12-01T20:00:00+00:00,20,3,Thursday,contract,0.008043476723639595,-0.0442695861375878,-0.00037257513258765786,0.3969,0.9574200050390592,3.754094230284713,3.754094230284713
4h,2022-12-02T08:00:00+00:00,2022-12-02T12:00:00+00:00,12,4,Friday,contract,0.007797921144936237,-0.044290388040533424,-0.00036137854961048026,0.3902,1.5889287544848751,2.9472065607380857,2.9472065607380857
4h,2022-12-04T04:00:00+00:00,2022-12-04T08:00:00+00:00,8,6,Sunday,contract,0.006564291383878388,-0.04865426445908905,-0.00033571472183679604,0.3897,0.8211444701052041,1.8219142930459316,2.463433410315627
4h,2022-12-05T16:00:00+00:00,2022-12-05T20:00:00+00:00,20,0,Monday,expand,0.006458170290261296,0.11920153476366058,0.0006878330545952863,0.3844,1.795005202913636,2.6274713839750254,2.6274713839750254
4h,2022-12-07T04:00:00+00:00,2022-12-07T08:00:00+00:00,8,2,Wednesday,expand,0.006876957293816036,0.12627073246692744,0.0007710032850910724,0.3771,1.4850172368072112,2.041898700609914,3.924688411561915
4h,2022-12-07T16:00:00+00:00,2022-12-07T20:00:00+00:00,20,2,Wednesday,contract,0.006408117774968596,-0.04371436422718311,-0.0002929321365360473,0.3816,1.2578616352201328,3.170859538784067,3.7473794549266337
4h,2022-12-10T00:00:00+00:00,2022-12-10T04:00:00+00:00,4,5,Saturday,contract,0.0053680812762353525,-0.04864251727977187,-0.0002744677904796449,0.3877,0.41269022440030706,0.9027598658756779,1.0575187000257913
4h,2022-12-10T04:00:00+00:00,2022-12-10T08:00:00+00:00,8,5,Saturday,contract,0.005098932613647113,-0.05013870855118541,-0.0002691486625882398,0.3876,0.5933952528379836,1.0577915376676967,1.0577915376676967
4h,2022-12-11T08:00:00+00:00,2022-12-11T12:00:00+00:00,12,6,Sunday,contract,0.003935076482129751,-0.04186236482506678,-0.00017192896016382866,0.3858,0.6998444790046748,4.613789528252977,4.613789528252977
4h,2022-12-11T20:00:00+00:00,2022-12-12T00:00:00+00:00,0,0,Monday,expand,0.004162850958906363,0.11627803440389006,0.00043362684931489304,0.3806,3.441933788754598,3.441933788754598,5.25486074619023
4h,2022-12-12T00:00:00+00:00,2022-12-12T04:00:00+00:00,4,0,Monday,expand,0.004801218747555909,0.15334870139507784,0.0006383677886495458,0.3738,1.177100053504552,2.43445692883895,4.654895666131628
4h,2022-12-14T16:00:00+00:00,2022-12-14T20:00:00+00:00,20,2,Wednesday,expand,0.006408206418908022,0.14566196278091414,0.0008147533523916919,0.3818,1.8072289156626409,2.6453640649554737,3.6668412781560917
4h,2022-12-15T04:00:00+00:00,2022-12-15T08:00:00+00:00,8,3,Thursday,contract,0.00634195681572191,-0.050029808991317926,-0.00033399667813245517,0.3805,0.9198423127463726,2.7332457293035386,2.7332457293035386
4h,2022-12-16T08:00:00+00:00,2022-12-16T12:00:00+00:00,12,4,Friday,expand,0.006948111862068376,0.23271541229321668,0.0013116837029178187,0.3649,1.3702384214853396,6.138668128254309,6.138668128254309
4h,2022-12-16T20:00:00+00:00,2022-12-17T00:00:00+00:00,0,5,Saturday,expand,0.007908746997435939,0.1640721209146343,0.001114711769428003,0.3508,2.0809578107183664,2.309007981755985,3.0501710376282745
4h,2022-12-17T12:00:00+00:00,2022-12-17T16:00:00+00:00,16,5,Saturday,contract,0.007206117841362142,-0.044921126090172514,-0.0003389321416432389,0.3523,1.7030939540164647,2.583025830258302,2.583025830258302
4h,2022-12-19T00:00:00+00:00,2022-12-19T04:00:00+00:00,4,0,Monday,expand,0.006615165737126718,0.11957501380815394,0.000706525712528717,0.341,1.6422287390029304,4.193548387096768,4.193548387096768
4h,2022-12-21T16:00:00+00:00,2022-12-21T20:00:00+00:00,20,2,Wednesday,contract,0.0062702413207870915,-0.04196167787535554,-0.0002746339477528543,0.343,1.4868804664723012,1.865889212827977,1.9825072886297295
4h,2022-12-24T08:00:00+00:00,2022-12-24T12:00:00+00:00,12,5,Saturday,contract,0.004493061172624288,-0.05029134178201278,-0.00023792778250956385,0.352,0.42613636363636404,1.3068181818181799,1.647727272727265
4h,2022-12-24T12:00:00+00:00,2022-12-24T16:00:00+00:00,16,5,Saturday,contract,0.00427927108886541,-0.0475822775486513,-0.0002137900837588776,0.3512,0.3986332574031768,1.3097949886104763,2.818906605922541
4h,2022-12-24T16:00:00+00:00,2022-12-24T20:00:00+00:00,20,5,Saturday,contract,0.0040736088682321635,-0.048060105649388785,-0.0002056622206332466,0.352,0.42613636363636404,1.647727272727265,2.8124999999999902
4h,2022-12-24T20:00:00+00:00,2022-12-25T00:00:00+00:00,0,6,Sunday,contract,0.0038897796633584375,-0.04512686682005951,-0.000183829204873726,0.3515,1.0810810810810885,2.588904694167851,2.588904694167851
4h,2022-12-25T04:00:00+00:00,2022-12-25T08:00:00+00:00,8,6,Sunday,contract,0.0036988406280998765,-0.047517067077876396,-0.0001845262021615314,0.3485,0.6312769010042985,1.8077474892395904,2.4677187948350063
4h,2022-12-26T16:00:00+00:00,2022-12-26T20:00:00+00:00,20,0,Monday,expand,0.004371946194007131,0.20907529141941383,0.0007560041389225278,0.366,1.4480874316939811,3.9071038251366215,3.9071038251366215
4h,2022-12-29T00:00:00+00:00,2022-12-29T04:00:00+00:00,4,3,Thursday,expand,0.0063413082074965715,0.12652234209723368,0.0007122070609618027,0.3459,1.4744145706851672,1.6478751084128311,4.220873084706564
4h,2023-01-02T00:00:00+00:00,2023-01-02T04:00:00+00:00,4,0,Monday,expand,0.0068927696069482165,0.6563407530579137,0.0027313254148501357,0.3282,4.11334552102377,8.957952468007308,8.957952468007308
4h,2023-01-07T08:00:00+00:00,2023-01-07T12:00:00+00:00,12,5,Saturday,contract,0.005471312670347688,-0.0516186190333342,-0.000297793282334439,0.3425,1.021897810218979,3.591240875912402,3.591240875912402
4h,2023-01-08T04:00:00+00:00,2023-01-08T08:00:00+00:00,8,6,Sunday,contract,0.005198462685397829,-0.04788018566363261,-0.0002614202065690666,0.34,1.2352941176470533,2.8529411764705843,4.999999999999988
4h,2023-01-09T12:00:00+00:00,2023-01-09T16:00:00+00:00,16,0,Monday,expand,0.006319204560933647,0.12274067091024521,0.0006908304183897178,0.3552,1.9425675675675567,4.110360360360345,4.110360360360345
4h,2023-01-11T04:00:00+00:00,2023-01-11T08:00:00+00:00,8,2,Wednesday,expand,0.006799765555841204,0.1601149603202019,0.0009384795726276015,0.3618,1.8794914317302454,5.362078496406862,6.218905472636821
4h,2023-01-14T00:00:00+00:00,2023-01-14T04:00:00+00:00,4,5,Saturday,expand,0.00901774124752483,0.12130517048606215,0.0009755583655750126,0.4014,2.5660189337319323,8.594917787742894,8.594917787742894
4h,2023-01-14T08:00:00+00:00,2023-01-14T12:00:00+00:00,12,5,Saturday,expand,0.010922950361386201,0.1990946614444602,0.0018136192029702888,0.3925,2.9808917197452196,3.490445859872609,4.764331210191082
4h,2023-01-18T04:00:00+00:00,2023-01-18T08:00:00+00:00,8,2,Wednesday,contract,0.00958740408931326,-0.04947546632965949,-0.0004990310837933287,0.3889,2.0056569812291007,8.459758292620206,8.459758292620206
4h,2023-01-18T12:00:00+00:00,2023-01-18T16:00:00+00:00,16,2,Wednesday,expand,0.01081260862803031,0.14301422140292885,0.0013528762593822824,0.3813,7.343299239444015,7.343299239444015,8.523472331497517
4h,2023-01-18T16:00:00+00:00,2023-01-18T20:00:00+00:00,20,2,Wednesday,expand,0.01204027944031386,0.11354066853959455,0.0012276708122835496,0.3897,3.515524762637924,3.6181678214010784,5.286117526302285
4h,2023-01-21T04:00:00+00:00,2023-01-21T08:00:00+00:00,8,5,Saturday,contract,0.009076659265405422,-0.04202747039559518,-0.00039820455887733947,0.4103,5.727516451377033,5.727516451377033,5.727516451377033
4h,2023-01-21T08:00:00+00:00,2023-01-21T12:00:00+00:00,12,5,Saturday,expand,0.010106897889305034,0.1135041642277177,0.0010302386238996118,0.4088,1.9324853228962726,3.840508806262229,3.840508806262229
4h,2023-01-22T08:00:00+00:00,2023-01-22T12:00:00+00:00,12,6,Sunday,contract,0.008931462814465397,-0.046257931972206956,-0.0004331894472665715,0.4041,2.251917842118287,4.206879485275912,9.23038851769364
4h,2023-01-26T08:00:00+00:00,2023-01-26T12:00:00+00:00,12,3,Thursday,contract,0.0094470654557258,-0.043215271771982255,-0.0004266973427481391,0.411,2.2871046228710377,4.087591240875908,4.087591240875908
4h,2023-01-28T08:00:00+00:00,2023-01-28T12:00:00+00:00,12,5,Saturday,contract,0.007492312667959375,-0.04408880020990369,-0.0003455625129199511,0.4108,1.3631937682570578,2.166504381694246,2.2395326192794514
4h,2023-01-28T16:00:00+00:00,2023-01-28T20:00:00+00:00,20,5,Saturday,contract,0.0070387798004343605,-0.043273249304144,-0.0003183676769564882,0.4095,1.0744810744810647,2.2466422466422435,3.0036630036629983
4h,2023-01-29T04:00:00+00:00,2023-01-29T08:00:00+00:00,8,6,Sunday,contract,0.006560203797942521,-0.05075755763514178,-0.0003507849075340408,0.4098,1.122498779892629,1.8789653489507039,3.538311371400673
4h,2023-01-30T08:00:00+00:00,2023-01-30T12:00:00+00:00,12,0,Monday,expand,0.007442337483996933,0.10961536688481344,0.0007352048089233143,0.3975,1.635220125786165,4.981132075471708,4.981132075471708
4h,2023-01-30T16:00:00+00:00,2023-01-30T20:00:00+00:00,20,0,Monday,expand,0.008176811402017764,0.10871603129727547,0.0008017837383063253,0.3948,1.8996960486322065,3.596757852076999,5.851063829787237
4h,2023-02-04T04:00:00+00:00,2023-02-04T08:00:00+00:00,8,5,Saturday,contract,0.00616297116411233,-0.04713244441847919,-0.00030484393570094984,0.4096,0.6591796875000087,3.2958984375000027,3.2958984375000027
4h,2023-02-05T04:00:00+00:00,2023-02-05T08:00:00+00:00,8,6,Sunday,contract,0.005889471725970612,-0.04478297072724757,-0.00027611320969004975,0.4099,0.6586972432300648,4.464503537448167,4.488899731641871
4h,2023-02-08T04:00:00+00:00,2023-02-08T08:00:00+00:00,8,2,Wednesday,contract,0.005954489449456577,-0.04390272018357022,-0.0002734222653428169,0.4019,0.796217964667823,2.214481214232387,4.428962428464788
4h,2023-02-09T00:00:00+00:00,2023-02-09T04:00:00+00:00,4,3,Thursday,expand,0.006324133640665118,0.11645999872686197,0.0006596820276411428,0.3906,1.2800819252432167,8.03891449052739,9.88223246287763
4h,2023-02-09T12:00:00+00:00,2023-02-09T16:00:00+00:00,16,3,Thursday,expand,0.00679333877862291,0.13649602113587922,0.0008158970170290087,0.4018,6.321553011448476,8.113489298158292,8.113489298158292
4h,2023-02-09T16:00:00+00:00,2023-02-09T20:00:00+00:00,20,3,Thursday,expand,0.008122386008721273,0.19563976910448977,0.001329047230098362,0.3876,4.643962848297218,4.643962848297218,4.643962848297218
4h,2023-02-11T04:00:00+00:00,2023-02-11T08:00:00+00:00,8,5,Saturday,contract,0.007337360235723701,-0.047315383947358236,-0.00036441232582490064,0.3814,0.4719454640797126,1.2060828526481364,1.2060828526481364
4h,2023-02-11T08:00:00+00:00,2023-02-11T12:00:00+00:00,12,5,Saturday,contract,0.006941834504600582,-0.05390572609443478,-0.0003955257311231194,0.3823,0.49699189118492215,1.2032435260266787,1.2032435260266787
4h,2023-02-11T12:00:00+00:00,2023-02-11T16:00:00+00:00,16,5,Saturday,contract,0.00658170346855768,-0.05187836670612522,-0.0003601310360429018,0.3822,0.7326007326007246,1.2035583464154875,1.2035583464154875
4h,2023-02-12T00:00:00+00:00,2023-02-12T04:00:00+00:00,4,6,Sunday,contract,0.005832435320853217,-0.0433092491038688,-0.00026403348621947733,0.3811,0.5772763054316545,1.3119916032537404,5.011807924429285
4h,2023-02-12T04:00:00+00:00,2023-02-12T08:00:00+00:00,8,6,Sunday,contract,0.00557297565507799,-0.04448564819014067,-0.0002594596657752267,0.3809,0.7351010763980111,3.622998162247303,5.014439485429248
4h,2023-02-12T20:00:00+00:00,2023-02-13T00:00:00+00:00,0,0,Monday,expand,0.005590622596956538,0.11181766769108226,0.0005622598002341097,0.3744,3.3119658119658175,4.674145299145303,4.674145299145303
4h,2023-02-18T00:00:00+00:00,2023-02-18T04:00:00+00:00,4,5,Saturday,contract,0.007100247645878241,-0.04648849657328902,-0.00034617289583678806,0.3948,0.9371833839918899,1.6717325227963515,2.4062816616008127
4h,2023-02-20T12:00:00+00:00,2023-02-20T16:00:00+00:00,16,0,Monday,expand,0.007245990567641002,0.12752592972019472,0.0008195391871045404,0.4027,2.5577352868139993,3.62552768810529,5.165135336478765
4h,2023-02-25T04:00:00+00:00,2023-02-25T08:00:00+00:00,8,5,Saturday,contract,0.0063841072770047325,-0.04360700867284606,-0.0002910851751542114,0.3778,0.8470089994706143,2.9115934356802415,2.9115934356802415
4h,2023-02-26T00:00:00+00:00,2023-02-26T04:00:00+00:00,4,6,Sunday,contract,0.005903828656216378,-0.04722108757601862,-0.0002926022043243373,0.3781,0.34382438508330276,1.5339857180639969,1.6397778365511726
4h,2023-02-26T04:00:00+00:00,2023-02-26T08:00:00+00:00,8,6,Sunday,contract,0.00557498375220092,-0.05570027911789144,-0.000328844904015458,0.3774,0.6624271330153688,1.6428192898781089,1.8018018018018092
4h,2023-03-02T04:00:00+00:00,2023-03-02T08:00:00+00:00,8,3,Thursday,contract,0.005099348523336857,-0.0419036230143317,-0.00022302680948744786,0.3787,0.7657776604172204,2.0068655928175327,8.661209400580933
4h,2023-03-03T00:00:00+00:00,2023-03-03T04:00:00+00:00,4,4,Friday,expand,0.006806020020072199,0.3490772465876475,0.0017610753830713689,0.3643,1.564644523744162,2.168542410101554,4.721383475157835
4h,2023-03-04T08:00:00+00:00,2023-03-04T12:00:00+00:00,12,5,Saturday,contract,0.00596348713973247,-0.05328550517718378,-0.00033565285690249826,0.3753,0.4529709565680733,3.0109245936584,3.0109245936584
4h,2023-03-04T12:00:00+00:00,2023-03-04T16:00:00+00:00,16,5,Saturday,contract,0.005658952344037293,-0.051066563666445575,-0.0003045347956951777,0.3749,2.0805548146172392,3.014137103227521,3.014137103227521
4h,2023-03-05T08:00:00+00:00,2023-03-05T12:00:00+00:00,12,6,Sunday,contract,0.005444784153690874,-0.04769175663858349,-0.00027267570413006675,0.3714,0.4577275175013556,3.231017770597741,3.6348949919224585
4h,2023-03-05T12:00:00+00:00,2023-03-05T16:00:00+00:00,16,6,Sunday,contract,0.005177299571284385,-0.04912675596610527,-0.0002674845824064886,0.3707,1.0790396547073116,2.8594550849743725,3.2640949554896146
4h,2023-03-13T04:00:00+00:00,2023-03-13T08:00:00+00:00,8,0,Monday,contract,0.0083220896527139,-0.04351624141374566,-0.0003786222809779947,0.3675,3.591836734693875,6.8843537414965965,6.8843537414965965
4h,2023-03-13T12:00:00+00:00,2023-03-13T16:00:00+00:00,16,0,Monday,expand,0.00972261811892168,0.12134304414093044,0.0010521062985444883,0.3731,1.983382471187339,2.4122219244170484,6.110962208523181
4h,2023-03-14T00:00:00+00:00,2023-03-14T04:00:00+00:00,4,1,Tuesday,contract,0.00885655685396171,-0.04207073214743673,-0.00038896591184320664,0.3707,1.7264634475317016,6.150526031831666,6.150526031831666
4h,2023-03-14T12:00:00+00:00,2023-03-14T16:00:00+00:00,16,1,Tuesday,expand,0.00936175488635345,0.11587855981108497,0.0009721727010497307,0.3846,4.186167446697868,5.070202808112329,7.072282891315654
4h,2023-03-21T12:00:00+00:00,2023-03-21T16:00:00+00:00,16,1,Tuesday,expand,0.011549400436850293,0.2617882099415263,0.0023961999663961314,0.4289,12.193984611797624,15.434833294474245,15.434833294474245
4h,2023-03-21T16:00:00+00:00,2023-03-21T20:00:00+00:00,20,1,Tuesday,expand,0.014460157548503844,0.2520266855036295,0.002910757111653551,0.4742,7.971320118093632,10.88148460565163,17.882749894559264
4h,2023-03-21T20:00:00+00:00,2023-03-22T00:00:00+00:00,0,2,Wednesday,expand,0.01612728915218214,0.1152913858708815,0.001667131603678297,0.4694,4.985087345547503,8.883681295270561,14.273540690242864
4h,2023-03-26T16:00:00+00:00,2023-03-26T20:00:00+00:00,20,6,Sunday,contract,0.014718255808286094,-0.04405700680594005,-0.000678327369868165,0.4476,2.2117962466487855,8.489722966934758,10.54512957998212
4h,2023-03-31T16:00:00+00:00,2023-03-31T20:00:00+00:00,20,4,Friday,contract,0.018220733044743063,-0.04368655000808075,-0.0008323640803648454,0.5353,2.9889781430973312,9.63945451148888,9.63945451148888
4h,2023-04-01T00:00:00+00:00,2023-04-01T04:00:00+00:00,4,5,Saturday,contract,0.017229101451844784,-0.04611907680267513,-0.0008330078039880638,0.5318,5.791650996615277,6.995110943963898,6.995110943963898
4h,2023-04-01T20:00:00+00:00,2023-04-02T00:00:00+00:00,0,6,Sunday,contract,0.016748445151870895,-0.05325914995794012,-0.0009421880886054494,0.5092,3.69206598586018,5.184603299293005,5.479183032207391
4h,2023-04-02T08:00:00+00:00,2023-04-02T12:00:00+00:00,12,6,Sunday,contract,0.015592104226917045,-0.04608277636382796,-0.0007532387866859228,0.5144,4.004665629860022,5.093312597200623,5.093312597200623
4h,2023-04-02T20:00:00+00:00,2023-04-03T00:00:00+00:00,0,0,Monday,contract,0.01506488811462709,-0.042837374590127375,-0.000674222162663626,0.5177,4.249565385358298,4.249565385358298,8.325284914042875
4h,2023-04-08T04:00:00+00:00,2023-04-08T08:00:00+00:00,8,5,Saturday,contract,0.009659306862491569,-0.048922914319817545,-0.0004968697586531998,0.5103,0.5878894767783662,1.9596315892612206,2.057613168724271
4h,2023-04-08T08:00:00+00:00,2023-04-08T12:00:00+00:00,12,5,Saturday,contract,0.009183642086599315,-0.049244193466854935,-0.00047566477589225387,0.51,0.5490196078431203,1.7450980392156898,1.8431372549019536
4h,2023-04-08T12:00:00+00:00,2023-04-08T16:00:00+00:00,16,5,Saturday,contract,0.008727667651842215,-0.049650719230712737,-0.00045597443475709973,0.5089,1.6309687561407122,1.7292198860286951,2.4169777952446516
4h,2023-04-09T08:00:00+00:00,2023-04-09T12:00:00+00:00,12,6,Sunday,contract,0.007639036944159161,-0.051925706826390416,-0.0004183874572430135,0.5031,1.5305108328364112,2.126813754720729,2.126813754720729
4h,2023-04-14T04:00:00+00:00,2023-04-14T08:00:00+00:00,8,4,Friday,expand,0.008460674507800954,0.191006300615572,0.0013568711917076202,0.5282,1.9310867095797022,4.486936766376362,4.486936766376362
4h,2023-04-18T20:00:00+00:00,2023-04-19T00:00:00+00:00,0,2,Wednesday,expand,0.007849175420799154,0.12764970366043848,0.000888524967630833,0.5327,2.571804017270497,14.698704711845304,14.698704711845304
4h,2023-04-19T08:00:00+00:00,2023-04-19T12:00:00+00:00,12,2,Wednesday,expand,0.012489992128096107,0.4502506028270492,0.003877692913223372,0.4971,1.5087507543753897,3.6210018105009087,3.6210018105009087
4h,2023-04-26T16:00:00+00:00,2023-04-26T20:00:00+00:00,20,2,Wednesday,expand,0.011515593521431666,0.21592569480288515,0.0020449543445052593,0.4481,6.918098638696714,8.7034144164249,8.7034144164249
4h,2023-04-26T20:00:00+00:00,2023-04-27T00:00:00+00:00,0,3,Thursday,expand,0.012907336841329402,0.12085728080863256,0.0013917433198977359,0.4611,2.494036000867493,3.2097158967685924,3.2097158967685924
4h,2023-04-28T00:00:00+00:00,2023-04-28T04:00:00+00:00,4,4,Friday,contract,0.010909357229154286,-0.041946330015175226,-0.0004776428637810991,0.4674,3.3804022250748784,4.022250748823274,4.81386392811297
4h,2023-04-29T04:00:00+00:00,2023-04-29T08:00:00+00:00,8,5,Saturday,contract,0.010085760596219824,-0.04296155286293868,-0.00045275081509383447,0.478,1.4435146443514564,2.615062761506267,2.615062761506267
4h,2023-04-29T20:00:00+00:00,2023-04-30T00:00:00+00:00,0,6,Sunday,contract,0.009034066753140212,-0.047324885021858276,-0.00044877436562616897,0.4777,0.9420138162026385,1.8002930709650402,2.867908729328028
4h,2023-04-30T08:00:00+00:00,2023-04-30T12:00:00+00:00,12,6,Sunday,contract,0.007998084787408547,-0.043231315065629716,-0.00036139113749296403,0.4748,1.6217354675652873,5.033698399326028,5.033698399326028
4h,2023-05-01T08:00:00+00:00,2023-05-01T12:00:00+00:00,12,0,Monday,contract,0.00769732758228749,-0.04301086791932229,-0.0003459482755605774,0.4647,2.0443296750591795,2.883580804820319,2.883580804820319
4h,2023-05-05T20:00:00+00:00,2023-05-06T00:00:00+00:00,0,5,Saturday,contract,0.005929303824444234,-0.0461488939951894,-0.00028686952495725077,0.4668,1.4995715509854342,3.920308483290485,3.920308483290485
4h,2023-05-07T08:00:00+00:00,2023-05-07T12:00:00+00:00,12,6,Sunday,contract,0.005368827554049513,-0.046045140068074475,-0.00025914058108073186,0.4571,0.5906803762852724,8.51017282870269,8.51017282870269
4h,2023-05-08T00:00:00+00:00,2023-05-08T04:00:00+00:00,4,0,Monday,expand,0.007361916487172222,0.31162218856389257,0.0017490833471405995,0.4379,1.8725736469513552,7.74149349166476,7.74149349166476
4h,2023-05-08T16:00:00+00:00,2023-05-08T20:00:00+00:00,20,0,Monday,expand,0.008558764493703812,0.19867160649058446,0.0014185565774073967,0.4198,2.3582658408765993,2.3582658408765993,2.3582658408765993
4h,2023-05-10T16:00:00+00:00,2023-05-10T20:00:00+00:00,20,2,Wednesday,expand,0.008356520284055254,0.12352178215788046,0.0009187292089188294,0.4296,1.6527001862197381,3.002793296089391,5.283985102420856
4h,2023-05-12T04:00:00+00:00,2023-05-12T08:00:00+00:00,8,4,Friday,expand,0.009262202615475461,0.1842986446071475,0.0014413690295788095,0.4238,2.1000471920717363,4.058518168947614,4.058518168947614
4h,2023-05-13T04:00:00+00:00,2023-05-13T08:00:00+00:00,8,5,Saturday,contract,0.008346828044145155,-0.0486326704094312,-0.000426679080318855,0.4266,0.5860290670417257,1.3361462728551428,1.7580872011251776
4h,2023-05-13T08:00:00+00:00,2023-05-13T12:00:00+00:00,12,5,Saturday,contract,0.007929197469563358,-0.050034644582709786,-0.0004176305745817975,0.4261,1.1264961276695673,1.689744191504338,1.689744191504338
4h,2023-05-13T20:00:00+00:00,2023-05-14T00:00:00+00:00,0,6,Sunday,contract,0.007045716778655503,-0.05221145443309494,-0.0003881320598965775,0.4238,1.6517225106182174,2.642756016989143,2.642756016989143
4h,2023-05-14T04:00:00+00:00,2023-05-14T08:00:00+00:00,8,6,Sunday,contract,0.006710847630575409,-0.047086397906791366,-0.0003316036638904155,0.4253,0.37620503174229725,2.0691276745826417,2.468845520808843
4h,2023-05-14T08:00:00+00:00,2023-05-14T12:00:00+00:00,12,6,Sunday,contract,0.006345787085534308,-0.05439857453741648,-0.0003650605450411012,0.426,1.4788732394366133,2.4647887323943687,2.4647887323943687
4h,2023-05-16T20:00:00+00:00,2023-05-17T00:00:00+00:00,0,2,Wednesday,expand,0.0067804008593761195,0.1939651937400726,0.0011015076262018367,0.4424,4.90506329113924,5.424954792043392,5.424954792043392
4h,2023-05-17T00:00:00+00:00,2023-05-17T04:00:00+00:00,4,2,Wednesday,expand,0.007846086512277825,0.1571714821887038,0.0010656856529017052,0.4589,3.3994334277620406,4.9901939420352965,4.9901939420352965
4h,2023-05-18T08:00:00+00:00,2023-05-18T12:00:00+00:00,12,3,Thursday,expand,0.009743493308903329,0.17273118788019248,0.0014351158993151265,0.4651,2.3650827778972165,4.579660288110081,4.579660288110081
4h,2023-05-20T04:00:00+00:00,2023-05-20T08:00:00+00:00,8,5,Saturday,contract,0.008943789024046645,-0.04236603214603463,-0.00039567607877281745,0.4642,1.335631193451095,1.8957345971563928,1.8957345971563928
4h,2023-05-20T12:00:00+00:00,2023-05-20T16:00:00+00:00,16,5,Saturday,contract,0.008330103801346344,-0.04774915943868985,-0.00041770029241125495,0.4662,0.8580008580008588,1.4800514800514717,3.646503646503638
4h,2023-05-21T00:00:00+00:00,2023-05-21T04:00:00+00:00,4,6,Sunday,contract,0.007508760222870959,-0.043213546405350245,-0.00033913540175930547,0.4673,0.6633854055210767,3.3811256152364604,4.558099721806117
4h,2023-05-21T04:00:00+00:00,2023-05-21T08:00:00+00:00,8,6,Sunday,contract,0.0071938487783801755,-0.04193920635947246,-0.0003149114444907838,0.469,1.172707889125789,3.176972281449887,4.349680170575688
4h,2023-05-22T20:00:00+00:00,2023-05-23T00:00:00+00:00,0,1,Tuesday,contract,0.007292979431004117,-0.04428330258550284,-0.0003379214946926225,0.4614,1.4737754659731195,1.9722583441699173,1.9722583441699173
4h,2023-05-24T12:00:00+00:00,2023-05-24T16:00:00+00:00,16,2,Wednesday,expand,0.007040953196448946,0.1138939498202498,0.0007199266771962367,0.4505,1.842397336293002,2.663706992230857,2.8412874583795733
4h,2023-05-24T20:00:00+00:00,2023-05-25T00:00:00+00:00,0,3,Thursday,contract,0.006828679031631998,-0.04237988337389187,-0.0003022060793563064,0.4528,2.4955830388692526,2.826855123674907,2.826855123674907
4h,2023-05-28T12:00:00+00:00,2023-05-28T16:00:00+00:00,16,6,Sunday,contract,0.005879280802538517,-0.049487429492786617,-0.0003060985232721976,0.4721,1.927557720821859,3.198474899385724,3.198474899385724
4h,2023-05-29T16:00:00+00:00,2023-05-29T20:00:00+00:00,20,0,Monday,expand,0.00689353842260913,0.15321750581222493,0.0009158816597993006,0.4845,2.4355005159958787,4.582043343653262,8.710010319917455
4h,2023-05-30T16:00:00+00:00,2023-05-30T20:00:00+00:00,20,1,Tuesday,expand,0.009247617768225773,0.13664404045957923,0.0011117217101364839,0.5198,4.790303963062723,5.444401692958829,5.521354367064267
4h,2023-05-30T20:00:00+00:00,2023-05-31T00:00:00+00:00,0,2,Wednesday,expand,0.010365645070495363,0.12089895260496819,0.0011180273022695902,0.5202,2.249134948096894,5.171088043060368,5.24798154555942
4h,2023-06-02T08:00:00+00:00,2023-06-02T12:00:00+00:00,12,4,Friday,contract,0.0093844342826416,-0.04972994895222804,-0.0004911103294339692,0.5146,1.8460940536338817,3.303536727555386,4.722114263505634
4h,2023-06-05T12:00:00+00:00,2023-06-05T16:00:00+00:00,16,0,Monday,expand,0.01126944389718353,0.21809323291047233,0.002017735084832042,0.5039,5.913871799960308,6.350466362373481,6.429847191903162
4h,2023-06-05T16:00:00+00:00,2023-06-05T20:00:00+00:00,20,0,Monday,expand,0.012593055047384704,0.11745132788069279,0.001323611150201175,0.5042,3.3320111067036855,3.609678698928984,6.763189210630695
4h,2023-06-10T04:00:00+00:00,2023-06-10T08:00:00+00:00,8,5,Saturday,expand,0.013779811457815193,0.2951197768765901,0.003140014503244984,0.4893,2.1459227467811175,6.539955037809121,6.539955037809121
4h,2023-06-11T04:00:00+00:00,2023-06-11T08:00:00+00:00,8,6,Sunday,contract,0.012862685544352995,-0.043270336972791035,-0.0005817450418733102,0.5055,1.266073194856592,5.182987141444116,5.182987141444116
4h,2023-06-11T12:00:00+00:00,2023-06-11T16:00:00+00:00,16,6,Sunday,contract,0.011858131923447233,-0.043781176728497795,-0.0005429332248805541,0.5082,4.19126328217237,4.2109405745769335,4.2109405745769335
4h,2023-06-13T08:00:00+00:00,2023-06-13T12:00:00+00:00,12,1,Tuesday,expand,0.013302009409245513,0.18015646742495894,0.002030614660827266,0.5614,10.313501959387237,10.313501959387237,12.041325258282853
4h,2023-06-13T12:00:00+00:00,2023-06-13T16:00:00+00:00,16,1,Tuesday,expand,0.01648758016572797,0.23948041671571363,0.0031855707564824587,0.5076,2.6989755713160055,5.713159968479111,5.713159968479111
4h,2023-06-14T20:00:00+00:00,2023-06-15T00:00:00+00:00,0,3,Thursday,expand,0.0168114954263725,0.13319703362700674,0.0019760388133559636,0.4797,1.667708984782157,3.898269751928287,3.898269751928287
4h,2023-06-17T16:00:00+00:00,2023-06-17T20:00:00+00:00,20,5,Saturday,contract,0.012339482201044789,-0.04602649771443135,-0.0005953447846957522,0.4798,0.7711546477699118,3.418090871196337,4.939558149228845
4h,2023-06-17T20:00:00+00:00,2023-06-18T00:00:00+00:00,0,6,Sunday,contract,0.011722376329541593,-0.050010678037279765,-0.0006171058715031957,0.479,1.9832985386221313,4.572025052192073,4.968684759916502
4h,2023-06-18T04:00:00+00:00,2023-06-18T08:00:00+00:00,8,6,Sunday,contract,0.011073375508635352,-0.042396672637416755,-0.0004902596545104127,0.4825,2.010362694300515,3.544041450777203,3.544041450777203
4h,2023-06-22T00:00:00+00:00,2023-06-22T04:00:00+00:00,4,3,Thursday,expand,0.011118765208662786,0.1438813267855661,0.0013985565224105545,0.5163,1.8012783265543242,7.824907999225244,7.824907999225244
4h,2023-06-22T08:00:00+00:00,2023-06-22T12:00:00+00:00,12,3,Thursday,expand,0.012818221021755156,0.16647484007494517,0.0018293676137111428,0.4931,3.346177245994719,3.346177245994719,3.346177245994719
4h,2023-06-24T08:00:00+00:00,2023-06-24T12:00:00+00:00,12,5,Saturday,contract,0.010382617178064765,-0.04650164877566887,-0.0005063551675434444,0.4922,3.8399024786672022,3.8399024786672022,3.9211702559934953
4h,2023-06-28T16:00:00+00:00,2023-06-28T20:00:00+00:00,20,2,Wednesday,expand,0.009637000961592701,0.24635384430568097,0.0019048460798774822,0.4591,2.1999564365062194,3.5939882378566796,4.138531910259206
4h,2023-06-30T12:00:00+00:00,2023-06-30T16:00:00+00:00,16,4,Friday,expand,0.010484438925425657,0.20743370073017187,0.0018011970057364868,0.4645,3.444564047362759,3.444564047362759,3.444564047362759
4h,2023-07-01T08:00:00+00:00,2023-07-01T12:00:00+00:00,12,5,Saturday,contract,0.009695290990989744,-0.04685094249534871,-0.00047656084546074916,0.4704,1.275510204081634,5.612244897959191,5.612244897959191
4h,2023-07-01T20:00:00+00:00,2023-07-02T00:00:00+00:00,0,6,Sunday,contract,0.008671922123616792,-0.04709718254244932,-0.0004286093941243685,0.4732,5.579036348267125,5.579036348267125,5.579036348267125
4h,2023-07-02T00:00:00+00:00,2023-07-02T04:00:00+00:00,4,6,Sunday,expand,0.00993821340050131,0.14602198438059633,0.001266291276884518,0.4934,3.5670855289825707,3.5670855289825707,3.5670855289825707
4h,2023-07-05T08:00:00+00:00,2023-07-05T12:00:00+00:00,12,2,Wednesday,expand,0.008878777662858656,0.14960946586374058,0.001155478641318563,0.4777,1.9258949131253895,2.0096294745656262,3.0981787732886708
4h,2023-07-05T20:00:00+00:00,2023-07-06T00:00:00+00:00,0,3,Thursday,contract,0.008382607334293173,-0.04372376492002572,-0.0003832774872533206,0.4773,1.1523151058034788,4.860674628116488,4.860674628116488
4h,2023-07-07T20:00:00+00:00,2023-07-08T00:00:00+00:00,0,5,Saturday,contract,0.00760408613565387,-0.04818236820767985,-0.00038492970274260543,0.4683,0.5338458253256464,1.0676916506512928,2.1353833013025856
4h,2023-07-08T00:00:00+00:00,2023-07-08T04:00:00+00:00,4,5,Saturday,contract,0.007239508554535737,-0.04794495677905464,-0.00036457758111813326,0.4669,0.5997001499250308,2.1417862497322786,2.1417862497322786
4h,2023-07-08T04:00:00+00:00,2023-07-08T08:00:00+00:00,8,5,Saturday,contract,0.006922400800640325,-0.0438023867927797,-0.0003171077538954119,0.4667,0.6642382686950914,1.992714806085286,1.992714806085286
4h,2023-07-09T00:00:00+00:00,2023-07-09T04:00:00+00:00,4,6,Sunday,contract,0.0060638202469063245,-0.044413450534307675,-0.00028183232668510527,0.4702,0.6380263717566999,1.1059123777116084,1.9991492981709953
4h,2023-07-13T12:00:00+00:00,2023-07-13T16:00:00+00:00,16,3,Thursday,expand,0.016786320992723248,2.6244416489580455,0.012154898385175136,0.5919,64.70687616151378,64.70687616151378,64.70687616151378
4h,2023-07-13T16:00:00+00:00,2023-07-13T20:00:00+00:00,20,3,Thursday,expand,0.042944440921814445,1.558299757310167,0.026158119929091197,0.8218,8.238014115356545,13.652956923825757,20.394256510099794
4h,2023-07-15T04:00:00+00:00,2023-07-15T08:00:00+00:00,8,5,Saturday,contract,0.04945524615990904,-0.04380786648354795,-0.002265788166146858,0.725,2.634482758620675,4.579310344827587,4.9793103448275895
4h,2023-07-15T08:00:00+00:00,2023-07-15T12:00:00+00:00,12,5,Saturday,contract,0.0472870142913441,-0.04384230262557309,-0.002168231868564942,0.7181,2.339507032446724,5.027154992340903,8.982035928143715
4h,2023-07-15T12:00:00+00:00,2023-07-15T16:00:00+00:00,16,5,Saturday,contract,0.045109370413390935,-0.046051625601402746,-0.0021776438779531615,0.723,4.260027662517296,4.661134163208861,11.244813278008305
4h,2023-07-15T20:00:00+00:00,2023-07-16T00:00:00+00:00,0,6,Sunday,contract,0.04211675306052587,-0.04469588054012652,-0.0019705194661942885,0.7144,4.1013437849944,11.38017917133259,12.863941769316922
4h,2023-07-16T04:00:00+00:00,2023-07-16T08:00:00+00:00,8,6,Sunday,contract,0.03917975136341261,-0.04906449003509139,-0.0020215193356471206,0.7149,6.840117498950894,10.672821373618694,10.672821373618694
4h,2023-07-17T04:00:00+00:00,2023-07-17T08:00:00+00:00,8,0,Monday,contract,0.03729106016608225,-0.04677986047699889,-0.0018300815512371019,0.7494,4.523618895116084,7.365892714171342,7.365892714171342
4h,2023-07-18T00:00:00+00:00,2023-07-18T04:00:00+00:00,4,1,Tuesday,contract,0.03406684101536037,-0.0418981872362616,-0.001489757001181563,0.738,3.116531165311641,5.745257452574525,11.910569105691055
4h,2023-07-20T16:00:00+00:00,2023-07-20T20:00:00+00:00,20,3,Thursday,contract,0.03166585795132066,-0.04736129476227169,-0.001574296765486205,0.7924,4.11408379606259,5.666330136294793,5.666330136294793
4h,2023-07-21T12:00:00+00:00,2023-07-21T16:00:00+00:00,16,4,Friday,contract,0.027842500141904602,-0.05097733331750498,-0.0014955769339926664,0.775,3.0580645161290247,3.793548387096772,4.270967741935472
4h,2023-07-22T04:00:00+00:00,2023-07-22T08:00:00+00:00,8,5,Saturday,contract,0.024523140008146007,-0.05379000057464489,-0.0013940876929343128,0.7738,2.145257172395961,8.051176014474013,8.451796329800969
4h,2023-07-23T12:00:00+00:00,2023-07-23T16:00:00+00:00,16,6,Sunday,contract,0.021568111830224123,-0.048423346922850774,-0.001097547063863398,0.7399,2.9193134207325397,4.568184889849987,10.21759697256386
4h,2023-07-28T20:00:00+00:00,2023-07-29T00:00:00+00:00,0,5,Saturday,contract,0.013920279551689363,-0.05197022293901232,-0.0007630984270530269,0.7116,0.5059021922428241,1.756604834176513,1.784710511523334
4h,2023-07-29T00:00:00+00:00,2023-07-29T04:00:00+00:00,4,5,Saturday,contract,0.01318311672656869,-0.05295603600368859,-0.0007371628251206727,0.7106,0.7036307345904875,1.7590768364762266,1.787222065859843
4h,2023-07-29T04:00:00+00:00,2023-07-29T08:00:00+00:00,8,5,Saturday,contract,0.012598608388956642,-0.0443376441046035,-0.0005845083376120486,0.7113,1.3355827358358026,1.7854632363278566,1.7854632363278566
4h,2023-07-29T12:00:00+00:00,2023-07-29T16:00:00+00:00,16,5,Saturday,contract,0.011757473559865684,-0.05007608275766817,-0.0006198056584512026,0.7079,1.0312190987427723,1.2007345670292502,4.068371238875555
4h,2023-07-30T00:00:00+00:00,2023-07-30T04:00:00+00:00,4,6,Sunday,contract,0.010459719173114033,-0.046690288415243586,-0.0005122860902395492,0.7097,0.47907566577426497,5.523460617162184,7.876567563759328
4h,2023-07-30T04:00:00+00:00,2023-07-30T08:00:00+00:00,8,6,Sunday,contract,0.009955453517891599,-0.048210247988169086,-0.0005042656552224339,0.71,3.690140845070423,7.873239436619711,7.873239436619711
4h,2023-07-30T08:00:00+00:00,2023-07-30T12:00:00+00:00,12,6,Sunday,expand,0.011115778266613627,0.11655167156742108,0.0011603247487220279,0.7193,1.6265813985819606,5.936326984568324,5.936326984568324
4h,2023-07-31T08:00:00+00:00,2023-07-31T12:00:00+00:00,12,0,Monday,contract,0.011687475573434416,-0.04456840631710657,-0.0005451904287257295,0.7041,2.172986791648911,6.973441272546503,6.973441272546503
4h,2023-07-31T20:00:00+00:00,2023-08-01T00:00:00+00:00,0,1,Tuesday,expand,0.014840773992286957,0.13108469505225329,0.0017199404621317735,0.6973,3.786031837085899,3.9007600745733546,5.306180983794625
4h,2023-08-01T08:00:00+00:00,2023-08-01T12:00:00+00:00,12,1,Tuesday,contract,0.01432513865198778,-0.04573430630721487,-0.0006865491270759763,0.6874,2.560372417806235,3.986034332266508,3.986034332266508
4h,2023-08-04T20:00:00+00:00,2023-08-05T00:00:00+00:00,0,5,Saturday,expand,0.01413508426895146,0.1239511254376986,0.001558839671619119,0.6353,3.998111128600675,3.998111128600675,3.998111128600675
4h,2023-08-05T20:00:00+00:00,2023-08-06T00:00:00+00:00,0,6,Sunday,contract,0.013092760027328818,-0.04377988511922626,-0.0005994430790252966,0.6285,1.6547334924423351,2.418456642800317,2.784407319013536
4h,2023-08-10T20:00:00+00:00,2023-08-11T00:00:00+00:00,0,4,Friday,contract,0.012157570817104188,-0.051364124082019735,-0.0006582746782387901,0.6329,0.7110127982303599,2.496444936008854,2.496444936008854
4h,2023-08-11T00:00:00+00:00,2023-08-11T04:00:00+00:00,4,4,Friday,contract,0.011610601473025313,-0.04499001916644041,-0.0005469693440788743,0.635,1.4803149606299155,2.4881889763779586,2.4881889763779586
4h,2023-08-11T08:00:00+00:00,2023-08-11T12:00:00+00:00,12,4,Friday,contract,0.010970365555822847,-0.04211546223863838,-0.0004823358119863709,0.6329,1.437825880865855,1.437825880865855,1.437825880865855
4h,2023-08-11T20:00:00+00:00,2023-08-12T00:00:00+00:00,0,5,Saturday,contract,0.009849049973084114,-0.05218167290153153,-0.0005422346133141607,0.6314,0.8869179600886821,0.8869179600886821,1.9638897687678125
4h,2023-08-12T04:00:00+00:00,2023-08-12T08:00:00+00:00,8,5,Saturday,contract,0.009049435946179669,-0.05197297634135101,-0.0004961104573984326,0.6302,0.3966994604887253,1.650269755633127,1.650269755633127
4h,2023-08-12T08:00:00+00:00,2023-08-12T12:00:00+00:00,12,5,Saturday,contract,0.008581619092881116,-0.051695691983548175,-0.0004678168532985527,0.63,0.4126984126984201,1.6031746031746028,1.6031746031746028
4h,2023-08-12T12:00:00+00:00,2023-08-12T16:00:00+00:00,16,5,Saturday,contract,0.008154360586246754,-0.049787633546773846,-0.00042725850663436274,0.6305,1.6019032513877873,1.6019032513877873,1.6019032513877873
4h,2023-08-13T04:00:00+00:00,2023-08-13T08:00:00+00:00,8,6,Sunday,contract,0.00740592442481762,-0.04185709876027888,-0.0003235326480628955,0.6289,0.47702337414533347,2.4169184290030197,2.4169184290030197
4h,2023-08-13T08:00:00+00:00,2023-08-13T12:00:00+00:00,12,6,Sunday,contract,0.0070912155373306475,-0.04249420726362896,-0.0003147088874869723,0.6275,0.5418326693227203,2.4223107569721103,2.4223107569721103
4h,2023-08-15T16:00:00+00:00,2023-08-15T20:00:00+00:00,20,1,Tuesday,expand,0.010428292830360716,0.49970858650987315,0.0034747467053568752,0.6021,1.594419531639253,3.6870951669157943,5.132037867463883
4h,2023-08-16T20:00:00+00:00,2023-08-17T00:00:00+00:00,0,3,Thursday,expand,0.012034597172169398,0.10812389405922684,0.0011742617559869772,0.5887,2.734839476813318,3.7540343128928164,31.662986240869717
4h,2023-08-17T20:00:00+00:00,2023-08-18T00:00:00+00:00,0,4,Friday,expand,0.02326058421687629,0.9266715719557033,0.01118764736793259,0.5057,6.505833498121412,8.068024520466679,8.107573660272896
4h,2023-08-18T08:00:00+00:00,2023-08-18T12:00:00+00:00,12,4,Friday,contract,0.02376989924361414,-0.04384541460329028,-0.0010899922495087831,0.5083,2.951013181192212,5.941373204800316,5.941373204800316
4h,2023-08-19T00:00:00+00:00,2023-08-19T04:00:00+00:00,4,5,Saturday,contract,0.02145343326470387,-0.04764734652104241,-0.0010733410203618322,0.5054,1.3256826276216935,4.847645429362896,4.847645429362896
4h,2023-08-19T04:00:00+00:00,2023-08-19T08:00:00+00:00,8,5,Saturday,contract,0.020399616602939312,-0.04912111962509724,-0.001053816661764559,0.5052,0.9501187648455889,4.3942992874109255,5.14647664291368
4h,2023-08-19T08:00:00+00:00,2023-08-19T12:00:00+00:00,12,5,Saturday,contract,0.019285358274157925,-0.054621532868457834,-0.0011142583287813874,0.5031,4.412641621943947,4.412641621943947,11.051480818922677
4h,2023-08-20T00:00:00+00:00,2023-08-20T04:00:00+00:00,4,6,Sunday,contract,0.017250081155461918,-0.046556242599296804,-0.0008423139350355255,0.5182,2.1806252412196017,7.892705519104602,7.892705519104602
4h,2023-08-22T08:00:00+00:00,2023-08-22T12:00:00+00:00,12,1,Tuesday,contract,0.014494814366228582,-0.047008226038682155,-0.0007149857204791239,0.5166,2.2841656987998302,4.5102593883081665,4.5102593883081665
4h,2023-08-23T08:00:00+00:00,2023-08-23T12:00:00+00:00,12,2,Wednesday,contract,0.013121124812503906,-0.045446659653622934,-0.0006247019086541451,0.5191,1.6181853207474617,4.083991523791177,4.083991523791177
4h,2023-08-24T00:00:00+00:00,2023-08-24T04:00:00+00:00,4,3,Thursday,contract,0.01214844454836329,-0.04388256748984998,-0.0005575726575664051,0.5284,0.9841029523088537,4.0310370931112764,4.0310370931112764
4h,2023-08-26T00:00:00+00:00,2023-08-26T04:00:00+00:00,4,5,Saturday,contract,0.010230738085236694,-0.04337713897909823,-0.00046390292963359274,0.5235,1.1461318051575944,1.986628462273155,1.986628462273155
4h,2023-08-26T16:00:00+00:00,2023-08-26T20:00:00+00:00,20,5,Saturday,contract,0.008969755061756691,-0.04323845858455866,-0.00040536577398129006,0.526,1.1406844106463887,1.65399239543727,1.65399239543727
4h,2023-08-27T00:00:00+00:00,2023-08-27T04:00:00+00:00,4,6,Sunday,contract,0.00836779900733103,-0.04451326514326026,-0.0003898306928716115,0.5246,1.08654212733512,1.3152878383530342,2.725886389630191
4h,2023-08-29T12:00:00+00:00,2023-08-29T16:00:00+00:00,16,1,Tuesday,expand,0.00871486684229227,0.31723897868992723,0.0020988563967467505,0.5348,2.0755422587883317,2.898279730740476,4.506357516828722
4h,2023-08-30T20:00:00+00:00,2023-08-31T00:00:00+00:00,0,3,Thursday,contract,0.007931629720787195,-0.049165356572002716,-0.00041012536313747225,0.5279,0.795605228262925,3.352907747679494,6.686872513733672
4h,2023-08-31T16:00:00+00:00,2023-08-31T20:00:00+00:00,20,3,Thursday,expand,0.009210896118284493,0.1653399803698814,0.0013068541447473492,0.5097,2.001177163037078,2.001177163037078,5.0814204433980725
4h,2023-09-02T08:00:00+00:00,2023-09-02T12:00:00+00:00,12,5,Saturday,contract,0.00802701458248531,-0.04421225481636848,-0.0003713088140373279,0.497,1.4084507042253422,1.770623742454712,2.334004024144858
4h,2023-09-03T08:00:00+00:00,2023-09-03T12:00:00+00:00,12,6,Sunday,contract,0.006993936761823216,-0.044093273467327276,-0.0003226105201402452,0.5022,1.0951812027080743,2.727996814018329,2.727996814018329
4h,2023-09-06T00:00:00+00:00,2023-09-06T04:00:00+00:00,4,2,Wednesday,contract,0.006250794721338182,-0.04186708613212409,-0.00027313805548755034,0.504,0.93253968253969,2.797619047619048,2.797619047619048
4h,2023-09-06T08:00:00+00:00,2023-09-06T12:00:00+00:00,12,2,Wednesday,contract,0.005872879121970172,-0.04350871628674824,-0.0002671445478438575,0.5012,1.9553072625698165,2.8132482043096574,2.8132482043096574
4h,2023-09-09T08:00:00+00:00,2023-09-09T12:00:00+00:00,12,5,Saturday,contract,0.005108140045194454,-0.04881745734386822,-0.0002621646188611087,0.5035,0.5362462760675124,1.0526315789473628,1.8669314796424956
4h,2023-09-09T16:00:00+00:00,2023-09-09T20:00:00+00:00,20,5,Saturday,contract,0.004719263610397255,-0.04393450531595633,-0.00021686643156901882,0.5035,0.17874875868917814,1.7874875868917597,2.442899702085409
4h,2023-09-09T20:00:00+00:00,2023-09-10T00:00:00+00:00,0,6,Sunday,contract,0.004446459066797452,-0.05780659147727474,-0.00027280454359980295,0.5035,0.8937437934458687,2.363455809334651,2.363455809334651
4h,2023-09-11T04:00:00+00:00,2023-09-11T08:00:00+00:00,8,0,Monday,expand,0.006112358198267915,0.23055516074994964,0.0011452032155178536,0.4853,5.893261899855762,5.893261899855762,5.893261899855762
4h,2023-09-11T08:00:00+00:00,2023-09-11T12:00:00+00:00,12,0,Monday,expand,0.007718618326963065,0.2627889394882523,0.00160626012869515,0.4694,1.7043033659991496,4.4951001278227425,4.537707711972729
4h,2023-09-16T04:00:00+00:00,2023-09-16T08:00:00+00:00,8,5,Saturday,contract,0.007366521489480688,-0.04360795727504685,-0.0003358862684215919,0.4989,0.7015433954700347,1.162557626778908,2.104630186410093
4h,2023-09-16T20:00:00+00:00,2023-09-17T00:00:00+00:00,0,6,Sunday,contract,0.006446712834783893,-0.04606180447604524,-0.0003112856026756825,0.4995,1.5615615615615563,1.6616616616616564,2.262262262262258
4h,2023-09-22T12:00:00+00:00,2023-09-22T16:00:00+00:00,16,4,Friday,contract,0.008009891411295555,-0.04327413817026815,-0.00036229933933043003,0.5104,1.6849529780564365,1.6849529780564365,1.782915360501567
4h,2023-09-23T00:00:00+00:00,2023-09-23T04:00:00+00:00,4,5,Saturday,contract,0.007468342358096331,-0.0449388793673281,-0.0003514109506227931,0.511,0.6457925636007767,1.1350293542074201,1.643835616438349
4h,2023-09-23T08:00:00+00:00,2023-09-23T12:00:00+00:00,12,5,Saturday,contract,0.006815560502644281,-0.04951369989065846,-0.0003550431155880237,0.5123,0.9369510052703329,1.4444661331251147,1.4444661331251147
4h,2023-09-23T16:00:00+00:00,2023-09-23T20:00:00+00:00,20,5,Saturday,contract,0.006387906759933076,-0.042521356196679516,-0.0002836851353794651,0.5098,0.9611612397018469,1.255394272263625,1.275009807767742
4h,2023-09-24T04:00:00+00:00,2023-09-24T08:00:00+00:00,8,6,Sunday,contract,0.005776505521710266,-0.05148983265770424,-0.00031357734782386324,0.508,0.7283464566928988,2.834645669291332,4.0748031496062875
4h,2023-09-29T12:00:00+00:00,2023-09-29T16:00:00+00:00,16,4,Friday,expand,0.00804876022621108,0.402925379119623,0.0023116338287529955,0.5317,1.8055294338913022,4.5326311829979335,4.5326311829979335
4h,2023-09-29T20:00:00+00:00,2023-09-30T00:00:00+00:00,0,5,Saturday,expand,0.009048165705253438,0.1089032134122343,0.000888602638057432,0.5211,1.6503550182306548,1.6503550182306548,1.6503550182306548
4h,2023-09-30T04:00:00+00:00,2023-09-30T08:00:00+00:00,8,5,Saturday,contract,0.008607857164223623,-0.04528501962867937,-0.00040829670494028046,0.5151,1.0095127159774981,1.261890894971862,1.261890894971862
4h,2023-09-30T12:00:00+00:00,2023-09-30T16:00:00+00:00,16,5,Saturday,contract,0.008009836024254053,-0.04239409000082239,-0.00035460277109646,0.5164,0.7552285050348596,1.1231603408210742,1.8202943454686222
4h,2023-10-01T04:00:00+00:00,2023-10-01T08:00:00+00:00,8,6,Sunday,contract,0.0069115375543711026,-0.043757671249619934,-0.0003162721195670067,0.5176,1.1978361669242628,2.2797527047913513,2.357032457496134
4h,2023-10-02T16:00:00+00:00,2023-10-02T20:00:00+00:00,20,0,Monday,expand,0.00824604231969172,0.22310512409231964,0.0015041505907929442,0.5162,1.5304145679968824,2.0340953118946055,2.2859356838434564
4h,2023-10-03T20:00:00+00:00,2023-10-04T00:00:00+00:00,0,2,Wednesday,expand,0.00998064516269087,0.29065588492488525,0.002247642679793011,0.5386,4.64166357222429,4.64166357222429,4.64166357222429
4h,2023-10-04T00:00:00+00:00,2023-10-04T04:00:00+00:00,4,2,Wednesday,expand,0.011053456222498665,0.10748914948084942,0.0010728110598077958,0.5353,2.1670091537455733,2.8021670091537483,2.8021670091537483
4h,2023-10-05T20:00:00+00:00,2023-10-06T00:00:00+00:00,0,4,Friday,contract,0.009381552178025065,-0.04823996175386491,-0.0004755040136942366,0.5223,0.8998659774076273,2.067777139574963,2.680451847597169
4h,2023-10-07T00:00:00+00:00,2023-10-07T04:00:00+00:00,4,5,Saturday,contract,0.0076403559057214585,-0.050115782276304865,-0.000403104300440116,0.5233,0.7452703993884989,0.9363653735906776,0.9363653735906776
4h,2023-10-07T08:00:00+00:00,2023-10-07T12:00:00+00:00,12,5,Saturday,contract,0.007010817081974113,-0.04914706679279168,-0.0003623705447672425,0.5219,0.44069745161907814,0.766430350641886,0.9005556620042225
4h,2023-10-07T12:00:00+00:00,2023-10-07T16:00:00+00:00,16,5,Saturday,contract,0.006674330147547388,-0.047995394900814725,-0.0003364869344267248,0.5223,0.6892590465249948,0.7466973004020706,1.589125023932601
4h,2023-10-07T20:00:00+00:00,2023-10-08T00:00:00+00:00,0,6,Sunday,contract,0.00611511119865056,-0.05261624701074019,-0.0003396239383577325,0.5212,0.4412893323100477,1.592478894858015,1.592478894858015
4h,2023-10-08T00:00:00+00:00,2023-10-08T04:00:00+00:00,4,6,Sunday,contract,0.005842603255889803,-0.044563039642008806,-0.00027250794276075657,0.5224,0.5742725880551307,1.4739663093414874,1.8759571209800767
4h,2023-10-08T16:00:00+00:00,2023-10-08T20:00:00+00:00,20,6,Sunday,contract,0.005279779039761266,-0.045605118417842205,-0.0002522906953662512,0.5178,0.6179992275009618,7.31942835071457,7.31942835071457
4h,2023-10-09T08:00:00+00:00,2023-10-09T12:00:00+00:00,12,0,Monday,expand,0.007417564794737123,0.351560954447657,0.0019294180927125273,0.4977,1.105083383564386,3.315250150693203,3.315250150693203
4h,2023-10-14T00:00:00+00:00,2023-10-14T04:00:00+00:00,4,5,Saturday,contract,0.006097726597728127,-0.04571819132958588,-0.0002921328152098541,0.485,0.6391752577319685,1.0309278350515474,1.0309278350515474
4h,2023-10-14T08:00:00+00:00,2023-10-14T12:00:00+00:00,12,5,Saturday,contract,0.005634774464367623,-0.04229190745217548,-0.0002488288049513551,0.4852,0.618301731244848,0.7625721352019746,0.7625721352019746
4h,2023-10-14T20:00:00+00:00,2023-10-15T00:00:00+00:00,0,6,Sunday,contract,0.00499679282004944,-0.0483010477624759,-0.00025359944769611214,0.4862,0.6375976964212241,0.6787330316742018,1.0900863842040254
4h,2023-10-15T04:00:00+00:00,2023-10-15T08:00:00+00:00,8,6,Sunday,contract,0.004599785645858957,-0.0537966311279765,-0.00026152197275837886,0.4861,0.4731536720839269,1.0285949393128995,2.8800658300761186
4h,2023-10-16T04:00:00+00:00,2023-10-16T08:00:00+00:00,8,0,Monday,expand,0.0048227975340715285,0.17147506662584555,0.000705938651225267,0.4929,1.0955569080949514,4.341651450598505,4.767701359302094
4h,2023-10-16T12:00:00+00:00,2023-10-16T16:00:00+00:00,16,0,Monday,expand,0.005945167261520862,0.22227284913414613,0.001081140979883012,0.4919,1.5450294775360836,2.2972148810733954,3.3136816426102946
4h,2023-10-19T20:00:00+00:00,2023-10-20T00:00:00+00:00,0,4,Friday,expand,0.0077853206807392775,0.39417150674084755,0.00220112917840467,0.5193,3.601001347968407,4.274985557481224,4.274985557481224
4h,2023-10-21T08:00:00+00:00,2023-10-21T12:00:00+00:00,12,5,Saturday,contract,0.008454709868615122,-0.044797878077699194,-0.0003965161437396274,0.5174,3.9427908774642613,3.9427908774642613,4.889833784306144
4h,2023-10-22T12:00:00+00:00,2023-10-22T16:00:00+00:00,16,6,Sunday,contract,0.008362656398566018,-0.046172891417678774,-0.00040481972296661783,0.5182,1.0227711308375302,2.566576611346966,4.091084523350057
4h,2023-10-24T12:00:00+00:00,2023-10-24T16:00:00+00:00,16,1,Tuesday,expand,0.013914238351068023,0.32420187864092376,0.0034065970499178467,0.5536,3.540462427745656,4.461705202312129,4.461705202312129
4h,2023-10-26T20:00:00+00:00,2023-10-27T00:00:00+00:00,0,4,Friday,contract,0.012693657872595883,-0.042883858093207605,-0.0005687429132766007,0.5535,1.8970189701897135,2.493224932249329,6.323396567299013
4h,2023-10-27T16:00:00+00:00,2023-10-27T20:00:00+00:00,20,4,Friday,expand,0.012938654304177092,0.12179007861712354,0.0014047188996786867,0.5451,0.9356081452944401,1.852871032838011,1.852871032838011
4h,2023-10-27T20:00:00+00:00,2023-10-28T00:00:00+00:00,0,5,Saturday,contract,0.012378750425307299,-0.04327373355118047,-0.0005599038788697934,0.5432,0.9572901325478613,1.8593519882179672,1.8593519882179672
4h,2023-10-28T04:00:00+00:00,2023-10-28T08:00:00+00:00,8,5,Saturday,contract,0.01124698378508639,-0.05216582366675937,-0.0006189987526989561,0.5451,1.0456796917996563,1.375894331315346,1.8895615483397497
4h,2023-10-28T16:00:00+00:00,2023-10-28T20:00:00+00:00,20,5,Saturday,contract,0.009917246128219674,-0.04811855108280794,-0.0005013266252476695,0.5447,0.6792729943087802,2.9190380025702267,3.9471268588213633
4h,2023-10-28T20:00:00+00:00,2023-10-29T00:00:00+00:00,0,6,Sunday,contract,0.00947315711906112,-0.04477946835411217,-0.00044408900915855407,0.5447,1.0280888562511565,3.194418946208917,3.9471268588213633
4h,2023-10-30T12:00:00+00:00,2023-10-30T16:00:00+00:00,16,0,Monday,expand,0.009651767547763148,0.11309169407847586,0.000980633265556679,0.5781,2.629302888773567,3.027157931153792,11.018854869399775
4h,2023-10-31T08:00:00+00:00,2023-10-31T12:00:00+00:00,12,1,Tuesday,expand,0.0135435762035752,0.3983511807372524,0.003858186445878837,0.6044,5.344142951687623,5.344142951687623,5.62541363335538
4h,2023-11-03T20:00:00+00:00,2023-11-04T00:00:00+00:00,0,5,Saturday,contract,0.013912224596976006,-0.04545401689620221,-0.0006624788151520025,0.6124,0.6041802743305088,1.6655780535597626,1.6655780535597626
4h,2023-11-04T00:00:00+00:00,2023-11-04T04:00:00+00:00,4,5,Saturday,contract,0.013182779982906293,-0.052431917626478364,-0.0007294446140697127,0.6119,1.2093479326687486,1.6669390423271753,3.67707141689818
4h,2023-11-04T16:00:00+00:00,2023-11-04T20:00:00+00:00,20,5,Saturday,contract,0.011297625444913233,-0.04918615260917447,-0.0005844327265317837,0.6125,0.9959183673469377,7.11836734693877,8.097959183673465
4h,2023-11-05T08:00:00+00:00,2023-11-05T12:00:00+00:00,12,6,Sunday,expand,0.012830913690445821,0.1596929743451898,0.0017668527930426257,0.6462,3.5437944908697045,9.563602599814311,11.792014856081716
4h,2023-11-07T00:00:00+00:00,2023-11-07T04:00:00+00:00,4,1,Tuesday,expand,0.021100736727239406,0.21477877770370624,0.0037307125594431244,0.6907,2.5191834370928,6.775734761835812,6.775734761835812
4h,2023-11-09T16:00:00+00:00,2023-11-09T20:00:00+00:00,20,3,Thursday,expand,0.026074162885478848,0.23108242349320207,0.004894295162655472,0.6583,3.964757709251103,4.435667628740696,5.711681604131867
4h,2023-11-10T20:00:00+00:00,2023-11-11T00:00:00+00:00,0,5,Saturday,contract,0.02272529791989686,-0.04439628901299375,-0.0010557921476843715,0.6599,2.9095317472344284,7.3041369904531015,7.3041369904531015
4h,2023-11-12T08:00:00+00:00,2023-11-12T12:00:00+00:00,12,6,Sunday,contract,0.01996976409021544,-0.04548097029891218,-0.0009515203146319602,0.6658,1.456893962150786,2.4331631120456754,3.4394713127065235
4h,2023-11-12T16:00:00+00:00,2023-11-12T20:00:00+00:00,20,6,Sunday,contract,0.018390765975746987,-0.04395063050511261,-0.0008454435365959148,0.6615,1.5873015873015803,3.4618291761148954,4.429327286470159
4h,2023-11-13T20:00:00+00:00,2023-11-14T00:00:00+00:00,0,1,Tuesday,expand,0.023484232520837006,0.41813488883164984,0.006924289806089456,0.6706,2.520131225767973,4.264837458991958,12.854160453325388
4h,2023-11-14T16:00:00+00:00,2023-11-14T20:00:00+00:00,20,1,Tuesday,expand,0.02551353759846927,0.1536976423389611,0.003398958646271596,0.6224,1.992287917737784,3.2776349614395848,4.193444730077124
4h,2023-11-15T00:00:00+00:00,2023-11-15T04:00:00+00:00,4,2,Wednesday,contract,0.023264223745618907,-0.05340929602960598,-0.0013126325958168414,0.6266,1.4522821576763656,3.2397063517395615,3.8461538461538476
4h,2023-11-15T04:00:00+00:00,2023-11-15T08:00:00+00:00,8,2,Wednesday,contract,0.022252493478074706,-0.04348867508354881,-0.001011730267544201,0.6296,1.8265565438373499,3.335451080050811,3.8278271918678364
4h,2023-11-15T12:00:00+00:00,2023-11-15T16:00:00+00:00,16,2,Wednesday,contract,0.020364139784666453,-0.052145529247216715,-0.0011203184449743407,0.6403,2.32703420271748,3.4046540684054243,6.8717788536623345
4h,2023-11-16T00:00:00+00:00,2023-11-16T04:00:00+00:00,4,3,Thursday,contract,0.01839734515558025,-0.04662845051224895,-0.0008997957811984793,0.6467,1.2061233957012398,7.839802072058136,7.839802072058136
4h,2023-11-19T04:00:00+00:00,2023-11-19T08:00:00+00:00,8,6,Sunday,contract,0.014078095288827029,-0.0512101433562,-0.0007598534837559255,0.6103,1.0322792069473985,3.473701458299197,3.473701458299197
4h,2023-11-20T00:00:00+00:00,2023-11-20T04:00:00+00:00,4,0,Monday,contract,0.012473815846958211,-0.041799165728139576,-0.0005441396805352505,0.6232,1.444159178433891,3.0327342747111725,3.706675224646985
4h,2023-11-24T00:00:00+00:00,2023-11-24T04:00:00+00:00,4,4,Friday,contract,0.011666195725956471,-0.04270867227955499,-0.0005204765943043425,0.6207,1.240534879974211,1.7238601578862465,1.7238601578862465
4h,2023-11-25T04:00:00+00:00,2023-11-25T08:00:00+00:00,8,5,Saturday,contract,0.009505857639790687,-0.050013509108433274,-0.0005004505876762058,0.6226,1.2206874397687022,1.3331191776421416,1.3331191776421416
4h,2023-11-25T12:00:00+00:00,2023-11-25T16:00:00+00:00,16,5,Saturday,contract,0.008929030311860334,-0.04703389284824455,-0.00044069463937387345,0.6194,0.4036164029706261,0.8556667742977029,3.2773651921214055
4h,2023-11-25T16:00:00+00:00,2023-11-25T20:00:00+00:00,20,5,Saturday,contract,0.008469813861013172,-0.05142959927431201,-0.0004592164508471618,0.6207,0.7572096020621939,2.8677299822780613,5.284356371838255
4h,2023-11-26T04:00:00+00:00,2023-11-26T08:00:00+00:00,8,6,Sunday,contract,0.007583630121226655,-0.0444275818087454,-0.0003525869324020499,0.6218,2.6375040205853924,5.2750080411708025,5.998713412672885
4h,2023-12-01T20:00:00+00:00,2023-12-02T00:00:00+00:00,0,5,Saturday,contract,0.00655468461118871,-0.04220378733979069,-0.0002888218931683603,0.6129,0.44052863436123935,0.9136890194158998,2.039484418339055
4h,2023-12-02T00:00:00+00:00,2023-12-02T04:00:00+00:00,4,5,Saturday,contract,0.0062793499961038045,-0.04200577623748891,-0.0002753346150849052,0.6132,0.5707762557077721,1.9406392694063963,1.9406392694063963
4h,2023-12-03T08:00:00+00:00,2023-12-03T12:00:00+00:00,12,6,Sunday,expand,0.006575566621516614,0.11657098178592507,0.0006864948752679581,0.6287,1.6860187688881905,2.2586289168124862,13.726737712740583
4h,2023-12-04T08:00:00+00:00,2023-12-04T12:00:00+00:00,12,0,Monday,expand,0.012649405507701416,0.8112042517381273,0.005665430345561432,0.62,2.1935483870967656,3.3064516129032198,3.951612903225801
4h,2023-12-06T08:00:00+00:00,2023-12-06T12:00:00+00:00,12,2,Wednesday,expand,0.013288027245538351,0.11785214584182824,0.0014009209811124326,0.621,1.400966183574868,3.8647342995168934,5.57165861513687
4h,2023-12-11T00:00:00+00:00,2023-12-11T04:00:00+00:00,4,0,Monday,expand,0.01917571736451085,0.3116082774081357,0.004555714048883783,0.6275,2.0079681274900314,4.541832669322705,4.541832669322705
4h,2023-12-12T08:00:00+00:00,2023-12-12T12:00:00+00:00,12,1,Tuesday,contract,0.0157743828027443,-0.04371536739012005,-0.0007211063694418651,0.6197,1.9202840083911605,3.6469259319025262,5.212199451347425
4h,2023-12-14T12:00:00+00:00,2023-12-14T16:00:00+00:00,16,3,Thursday,expand,0.01494244736591435,0.11386585933794668,0.0015275040487758226,0.6234,1.7965992941931326,3.464870067372484,4.732114212383716
4h,2023-12-16T04:00:00+00:00,2023-12-16T08:00:00+00:00,8,5,Saturday,contract,0.012310371250204653,-0.052741192895130906,-0.000685413173092661,0.6203,0.6609704981460571,1.4186683862646976,2.1280025793970645
4h,2023-12-16T08:00:00+00:00,2023-12-16T12:00:00+00:00,12,5,Saturday,contract,0.01172391616090432,-0.04763910668336524,-0.0005864550893003324,0.6243,0.6727534839019672,1.617811949383309,2.1624219125420403
4h,2023-12-16T12:00:00+00:00,2023-12-16T16:00:00+00:00,16,5,Saturday,contract,0.011186493577982582,-0.04583985210623376,-0.0005374225829217379,0.6251,1.3917773156294881,2.111662134058549,2.271636538153894
4h,2023-12-16T20:00:00+00:00,2023-12-17T00:00:00+00:00,0,6,Sunday,contract,0.010529680687138037,-0.04352903352754267,-0.00047920620670292846,0.6207,1.0633156114064846,1.981633639439339,2.5616239729337704
4h,2023-12-24T20:00:00+00:00,2023-12-25T00:00:00+00:00,0,0,Monday,expand,0.009354774877051107,0.20806477485972352,0.001611171163303761,0.6129,1.4521129058574023,6.68950889215207,6.68950889215207
4h,2023-12-25T04:00:00+00:00,2023-12-25T08:00:00+00:00,8,0,Monday,contract,0.008813555888885901,-0.05457189340132684,-0.0005087350683758412,0.6166,5.4168018164126,5.4168018164126,5.4168018164126
4h,2023-12-25T08:00:00+00:00,2023-12-25T12:00:00+00:00,12,0,Monday,expand,0.010569730468251201,0.1992583471989866,0.0017561745793652998,0.6427,2.3027851252528277,2.582853586432231,5.274622685545362
4h,2023-12-26T16:00:00+00:00,2023-12-26T20:00:00+00:00,20,1,Tuesday,expand,0.013645913490662322,0.14270605849520868,0.0017041605007182877,0.617,1.0696920583468477,3.144246353322524,4.554294975688819
4h,2024-01-01T12:00:00+00:00,2024-01-01T16:00:00+00:00,16,0,Monday,contract,0.008777058484860833,-0.044204311438446386,-0.00040592757575852977,0.6218,1.0453522032808076,2.573174654229658,3.441621100032161
4h,2024-01-03T08:00:00+00:00,2024-01-03T12:00:00+00:00,12,2,Wednesday,expand,0.009919720616132015,0.14958873668556016,0.0012907907218360042,0.6188,22.301228183581117,22.301228183581117,22.301228183581117
4h,2024-01-03T12:00:00+00:00,2024-01-03T16:00:00+00:00,16,2,Wednesday,expand,0.019068312000694008,0.9222630090694321,0.009148591384561993,0.5767,2.8611062944338403,4.629790185538399,4.629790185538399
4h,2024-01-05T00:00:00+00:00,2024-01-05T04:00:00+00:00,4,4,Friday,expand,0.01758858227098372,0.1124423502041827,0.001777801363770478,0.5761,1.0241277555979702,5.033848290227396,5.033848290227396
4h,2024-01-05T04:00:00+00:00,2024-01-05T08:00:00+00:00,8,4,Friday,contract,0.01675368353734202,-0.04746822232619918,-0.0008348987336417001,0.5734,2.4764562260202476,5.057551447506108,5.057551447506108
4h,2024-01-06T00:00:00+00:00,2024-01-06T04:00:00+00:00,4,5,Saturday,contract,0.015246365022071025,-0.04915523509254771,-0.000788181924774695,0.5716,2.9916025192442275,3.0265920223932787,3.0265920223932787
4h,2024-01-06T16:00:00+00:00,2024-01-06T20:00:00+00:00,20,5,Saturday,contract,0.013711352858063583,-0.04301191050217035,-0.0006162579121587342,0.5693,1.1944493237309026,1.721412260671005,2.2308097663797724
4h,2024-01-07T04:00:00+00:00,2024-01-07T08:00:00+00:00,8,6,Sunday,contract,0.01214382005436067,-0.04502851201300595,-0.0005726015426431343,0.5693,1.6511505357456657,4.918320744774288,6.745125592833302
4h,2024-01-08T00:00:00+00:00,2024-01-08T04:00:00+00:00,4,0,Monday,expand,0.013987298408854454,0.15507790543942845,0.0018779001223958106,0.5596,2.412437455325225,5.557541100786279,5.557541100786279
4h,2024-01-10T12:00:00+00:00,2024-01-10T16:00:00+00:00,16,2,Wednesday,expand,0.014924102593088403,0.12447094304315098,0.0016519921082239677,0.5708,3.065872459705689,9.442887175893475,11.124737210932025
4h,2024-01-10T20:00:00+00:00,2024-01-11T00:00:00+00:00,0,3,Thursday,expand,0.017878945603224183,0.1834016988647551,0.002770850338213518,0.6011,1.6303443686574481,6.471468973548503,6.471468973548503
4h,2024-01-13T04:00:00+00:00,2024-01-13T08:00:00+00:00,8,5,Saturday,contract,0.017054468490068905,-0.050348409387002135,-0.000904189883851457,0.5747,1.2006264137811062,1.2702279450147858,1.2702279450147858
4h,2024-01-13T08:00:00+00:00,2024-01-13T12:00:00+00:00,12,5,Saturday,contract,0.01632914931220684,-0.042529568029893716,-0.0007253191778620639,0.5746,1.0442046641141673,1.1486251305255917,1.5837104072398185
4h,2024-01-13T12:00:00+00:00,2024-01-13T16:00:00+00:00,16,5,Saturday,contract,0.015591352932763496,-0.045182781131887007,-0.0007377963794433454,0.5743,0.8880376110047001,1.1492251436531515,1.5845376980672117
4h,2024-01-13T16:00:00+00:00,2024-01-13T20:00:00+00:00,20,5,Saturday,contract,0.014841970580423245,-0.04806397209863078,-0.0007493823523402506,0.5745,0.5918189730200102,1.4621409921670954,2.7676240208877325
4h,2024-01-13T20:00:00+00:00,2024-01-14T00:00:00+00:00,0,6,Sunday,contract,0.014024686967535867,-0.05506570764702812,-0.0008172836128873782,0.5748,0.7132915796798873,1.461377870563668,3.8274182324286747
4h,2024-01-14T00:00:00+00:00,2024-01-14T04:00:00+00:00,4,6,Sunday,contract,0.01331578075556902,-0.05054702565610292,-0.0007089062119668473,0.5741,0.818672705103647,2.7172966382163484,3.832085002612788
4h,2024-01-14T04:00:00+00:00,2024-01-14T08:00:00+00:00,8,6,Sunday,contract,0.01270036784445695,-0.04621681014496193,-0.0006154129111120704,0.5757,0.8858780614903585,3.8214347750564563,3.8214347750564563
4h,2024-01-14T08:00:00+00:00,2024-01-14T12:00:00+00:00,12,6,Sunday,contract,0.012157484426995739,-0.042745487698464646,-0.0005428834174612106,0.5768,0.728155339805822,3.814147018030517,3.814147018030517
4h,2024-01-14T12:00:00+00:00,2024-01-14T16:00:00+00:00,16,6,Sunday,contract,0.011589092682210327,-0.046752413971700935,-0.0005683917447854119,0.5776,2.3545706371191235,3.808864265927981,4.345567867036014
4h,2024-01-17T00:00:00+00:00,2024-01-17T04:00:00+00:00,4,2,Wednesday,contract,0.009492420406586604,-0.047047938781197174,-0.00046864772358358106,0.5748,1.1482254697285907,2.5922059846903314,2.5922059846903314
4h,2024-01-18T16:00:00+00:00,2024-01-18T20:00:00+00:00,20,3,Thursday,expand,0.00891430148833057,0.12075117838864924,0.0009604383470514927,0.5467,1.2621181635265972,1.755990488384844,5.926467898298881
4h,2024-01-19T16:00:00+00:00,2024-01-19T20:00:00+00:00,20,4,Friday,expand,0.009989232158872378,0.13366100442524953,0.0011777513723944307,0.5458,1.0443385855624843,2.528398680835457,2.528398680835457
4h,2024-01-23T08:00:00+00:00,2024-01-23T12:00:00+00:00,12,1,Tuesday,expand,0.010030494861141227,0.11424298117492859,0.0010284234722199026,0.5049,3.386809269162211,4.634581105169336,4.654387007328177
4h,2024-01-27T12:00:00+00:00,2024-01-27T16:00:00+00:00,16,5,Saturday,contract,0.007380688417329609,-0.04461520038886713,-0.0003446683397945842,0.5298,0.5662514156285395,1.3778784446961065,1.453378633446591
4h,2024-01-27T16:00:00+00:00,2024-01-27T20:00:00+00:00,20,5,Saturday,contract,0.007067782101806066,-0.04239527505169427,-0.000312906315523543,0.5298,0.5473763684409236,1.2457531143827745,2.623631559078902
4h,2024-01-27T20:00:00+00:00,2024-01-28T00:00:00+00:00,0,6,Sunday,contract,0.00677008338024849,-0.042120529081039915,-0.00029769872155757573,0.5301,0.8488964346349649,1.4525561214865195,2.791926051688367
4h,2024-01-31T12:00:00+00:00,2024-01-31T16:00:00+00:00,16,2,Wednesday,expand,0.009307882627727446,0.16336947489639675,0.001307085951713272,0.5084,1.35719905586153,4.425649095200634,4.701022816679786
4h,2024-02-03T04:00:00+00:00,2024-02-03T08:00:00+00:00,8,5,Saturday,contract,0.00760828049245695,-0.04727868487317621,-0.0003775600378813004,0.5077,3.880244238723665,3.880244238723665,3.880244238723665
4h,2024-02-03T08:00:00+00:00,2024-02-03T12:00:00+00:00,12,5,Saturday,expand,0.008471974742995743,0.113520295603597,0.0008636942505387936,0.5215,2.0134228187919376,2.147651006711407,3.4324065196548474
4h,2024-02-10T16:00:00+00:00,2024-02-10T20:00:00+00:00,20,5,Saturday,contract,0.00598715613848519,-0.04288180232531602,-0.00026824277988348084,0.5229,0.66934404283803,2.8112449799196875,2.8112449799196875
4h,2024-02-15T00:00:00+00:00,2024-02-15T04:00:00+00:00,4,3,Thursday,expand,0.008550468675654647,0.14232885343664425,0.0010653485634111795,0.5529,2.8576596129498872,2.8576596129498872,6.83667932718393
4h,2024-02-15T20:00:00+00:00,2024-02-16T00:00:00+00:00,0,4,Friday,expand,0.010706101561086605,0.12526859031980941,0.0011918383414548771,0.5625,3.8399999999999914,4.924444444444434,4.924444444444434
4h,2024-02-17T04:00:00+00:00,2024-02-17T08:00:00+00:00,8,5,Saturday,contract,0.011235460327823691,-0.045954433146286,-0.0005411892559864396,0.5613,1.959736326385179,4.044183146267582,4.044183146267582
4h,2024-02-17T20:00:00+00:00,2024-02-18T00:00:00+00:00,0,6,Sunday,contract,0.010732053894808738,-0.04341520718041214,-0.00048708106883144434,0.55,1.127272727272724,2.399999999999998,2.8545454545454425
4h,2024-02-20T12:00:00+00:00,2024-02-20T16:00:00+00:00,16,1,Tuesday,expand,0.011923779087352154,0.20786734665262352,0.0020520169932806004,0.555,3.0810810810810816,4.18018018018018,6.162162162162163
4h,2024-02-24T12:00:00+00:00,2024-02-24T16:00:00+00:00,16,5,Saturday,contract,0.00917858690348951,-0.04542861649145513,-0.00043681437719150437,0.5437,0.9380172889461089,1.1403347434247002,1.269082214456505
4h,2024-02-24T20:00:00+00:00,2024-02-25T00:00:00+00:00,0,6,Sunday,contract,0.008488169319845544,-0.044905851811784414,-0.00039908994768042896,0.5453,1.1369888134971748,1.2653585182468399,1.2653585182468399
4h,2024-02-25T04:00:00+00:00,2024-02-25T08:00:00+00:00,8,6,Sunday,contract,0.00795153375027499,-0.04482967786362735,-0.0003731949038673077,0.547,0.8409506398537565,1.2614259597806246,2.340036563071304
4h,2024-02-27T16:00:00+00:00,2024-02-27T20:00:00+00:00,20,1,Tuesday,expand,0.011151997202423717,0.24841564934417626,0.0022190771382750996,0.5942,2.776842813867378,3.1302591719959527,15.634466509592729
4h,2024-02-28T16:00:00+00:00,2024-02-28T20:00:00+00:00,20,2,Wednesday,expand,0.01763085953299561,0.48897645781841415,0.005789933882077257,0.5656,3.1294200848656186,8.75176803394625,11.82814710042432
4h,2024-03-03T04:00:00+00:00,2024-03-03T08:00:00+00:00,8,6,Sunday,expand,0.021783427801330673,0.16026916239159017,0.0030089670922053384,0.6107,2.996561323071882,4.372032094318005,6.20599312264615
4h,2024-03-05T16:00:00+00:00,2024-03-05T20:00:00+00:00,20,1,Tuesday,expand,0.029431618968113797,0.3069876434374199,0.006912952387068176,0.5677,6.499911925312674,11.713933415536376,11.713933415536376
4h,2024-03-06T20:00:00+00:00,2024-03-07T00:00:00+00:00,0,3,Thursday,contract,0.026469581381700504,-0.05067832263828609,-0.0014130447216692717,0.6128,3.524804177545684,3.949086161879895,5.385117493472589
4h,2024-03-08T20:00:00+00:00,2024-03-09T00:00:00+00:00,0,5,Saturday,contract,0.020572133369098213,-0.04897457371544167,-0.0010593948745460137,0.6204,1.8375241779497045,2.707930367504842,2.707930367504842
4h,2024-03-09T04:00:00+00:00,2024-03-09T08:00:00+00:00,8,5,Saturday,contract,0.0190443394866204,-0.04381394447291498,-0.0008726414989707956,0.6296,2.3030495552732,2.3030495552732,2.3030495552732
4h,2024-03-09T20:00:00+00:00,2024-03-10T00:00:00+00:00,0,6,Sunday,contract,0.016341026657574063,-0.0511046730973741,-0.0008800789736595413,0.6206,0.8862391234289314,4.366741862713505,5.188527231711248
4h,2024-03-10T00:00:00+00:00,2024-03-10T04:00:00+00:00,4,6,Sunday,contract,0.015566667610604485,-0.047387417155375755,-0.000774359046969578,0.623,0.9630818619582673,4.349919743178172,7.6725521669342
4h,2024-03-10T04:00:00+00:00,2024-03-10T08:00:00+00:00,8,6,Sunday,contract,0.014883334209847023,-0.04389721794354717,-0.0006833334007574614,0.627,1.8660287081339784,5.135566188197768,7.6236044657097395
4h,2024-03-10T16:00:00+00:00,2024-03-10T20:00:00+00:00,20,6,Sunday,contract,0.014322224948627515,-0.046217774865155214,-0.0006940173037405795,0.6126,2.9546196539340523,8.243552073130916,26.85275873326805
4h,2024-03-11T12:00:00+00:00,2024-03-11T16:00:00+00:00,16,0,Monday,expand,0.020288585425437985,0.29327918556785004,0.004600878044197083,0.6937,9.629522848493597,9.629522848493597,9.87458555571573
4h,2024-03-11T16:00:00+00:00,2024-03-11T20:00:00+00:00,20,0,Monday,expand,0.02361082932362099,0.16374941024806744,0.003322243898183006,0.7315,3.6637047163362864,8.380041011619946,11.182501708817496
4h,2024-03-12T20:00:00+00:00,2024-03-13T00:00:00+00:00,0,2,Wednesday,contract,0.02599145377045175,-0.04948643049486856,-0.001353188751573215,0.6886,2.6285216381063035,5.010165553296556,5.010165553296556
4h,2024-03-13T04:00:00+00:00,2024-03-13T08:00:00+00:00,8,2,Wednesday,contract,0.024254365751052782,-0.04614688420495183,-0.0011734127500809821,0.6966,1.794430089003726,4.464542061441288,4.464542061441288
4h,2024-03-14T00:00:00+00:00,2024-03-14T04:00:00+00:00,4,3,Thursday,contract,0.02111208856950534,-0.041931512683994865,-0.0009240068130388739,0.6861,2.055094009619589,10.348345722197939,15.099839673516982
4h,2024-03-15T00:00:00+00:00,2024-03-15T04:00:00+00:00,4,4,Friday,expand,0.02681601509257483,0.14815677812848627,0.0034603065313403986,0.6372,2.7620841180163134,7.972379158819829,8.458882611424977
4h,2024-03-17T16:00:00+00:00,2024-03-17T20:00:00+00:00,20,6,Sunday,contract,0.02180007658281239,-0.05090429338679514,-0.0011692366602163336,0.6224,1.381748071979425,4.177377892030852,5.462724935732653
4h,2024-03-17T20:00:00+00:00,2024-03-18T00:00:00+00:00,0,0,Monday,contract,0.020857213969754356,-0.04325042664306078,-0.0009428626130580341,0.6198,3.6786060019360973,4.969344949983873,12.02000645369474
4h,2024-03-18T20:00:00+00:00,2024-03-19T00:00:00+00:00,0,1,Tuesday,expand,0.022654564199458778,0.16839157056558718,0.0032650335231185594,0.6457,6.845284187703269,12.110887409013463,12.110887409013463
4h,2024-03-19T16:00:00+00:00,2024-03-19T20:00:00+00:00,20,1,Tuesday,contract,0.023946583092814108,-0.04464166493640387,-0.0011189679302164648,0.6076,5.381830151415415,6.533903884134309,6.797235023041474
4h,2024-03-20T08:00:00+00:00,2024-03-20T12:00:00+00:00,12,2,Wednesday,contract,0.02314100009667493,-0.04489576928861039,-0.001087769238205763,0.5967,2.6646556058320803,8.580526227585054,9.535780124015428
4h,2024-03-21T00:00:00+00:00,2024-03-21T04:00:00+00:00,4,3,Thursday,contract,0.022241675441512204,-0.04410712443566256,-0.001026282726270169,0.6077,2.0075695244363976,9.445450057594208,9.445450057594208
4h,2024-03-23T08:00:00+00:00,2024-03-23T12:00:00+00:00,12,5,Saturday,contract,0.018057589074206886,-0.04653654897877857,-0.00088135300570822,0.6196,2.3079406068431214,3.1149128469980605,3.3570045190445335
4h,2024-03-25T00:00:00+00:00,2024-03-25T04:00:00+00:00,4,0,Monday,contract,0.013575517195387748,-0.04375616563841267,-0.0006211936304144471,0.6318,1.5036403925292916,5.84045584045583,5.84045584045583
4h,2024-03-25T16:00:00+00:00,2024-03-25T20:00:00+00:00,20,0,Monday,expand,0.014873376890292311,0.11361477016422183,0.0015174325469005882,0.6559,3.1254764445799776,3.1254764445799776,5.137978350358296
4h,2024-03-26T20:00:00+00:00,2024-03-27T00:00:00+00:00,0,2,Wednesday,contract,0.013441220021942493,-0.04712268298451816,-0.0006647092324571138,0.6323,0.9963624861616277,4.728767989878211,4.728767989878211
4h,2024-03-31T08:00:00+00:00,2024-03-31T12:00:00+00:00,12,6,Sunday,contract,0.010722053386022399,-0.04404436290927438,-0.0004940041066170998,0.6272,0.51020408163265,1.4190051020408019,6.0267857142857055
4h,2024-03-31T12:00:00+00:00,2024-03-31T16:00:00+00:00,16,6,Sunday,contract,0.010184763858449368,-0.050110693188065825,-0.0005372895275730302,0.6275,0.8764940239043746,6.0239043824701115,6.294820717131472
4h,2024-04-01T04:00:00+00:00,2024-04-01T08:00:00+00:00,8,0,Monday,expand,0.010998488665170031,0.18381954234358266,0.0017078085642176898,0.6157,1.364300795842125,3.3945103134643544,5.9606951437388265
4h,2024-04-01T20:00:00+00:00,2024-04-02T00:00:00+00:00,0,1,Tuesday,contract,0.011124454257755132,-0.04443206961452917,-0.0005172657121350135,0.6115,6.00163532297628,6.508585445625502,6.508585445625502
4h,2024-04-02T00:00:00+00:00,2024-04-02T04:00:00+00:00,4,1,Tuesday,expand,0.012951278953629764,0.16421701717197568,0.0018268246958746317,0.5959,1.6445712367847007,4.0778654136600085,6.209095485819774
4h,2024-04-04T12:00:00+00:00,2024-04-04T16:00:00+00:00,16,3,Thursday,expand,0.014710424681347372,0.1671666346614349,0.0021068904091271178,0.5944,1.8842530282638117,4.828398384925985,6.174293405114412
4h,2024-04-05T20:00:00+00:00,2024-04-06T00:00:00+00:00,0,5,Saturday,contract,0.013427258433018013,-0.0465762675863971,-0.0006559429563860013,0.5872,0.9707084468664915,2.0265667574931916,2.3160762942779196
4h,2024-04-06T04:00:00+00:00,2024-04-06T08:00:00+00:00,8,5,Saturday,contract,0.012234217730510432,-0.04979247892006322,-0.0006410936715777246,0.5902,0.8132836326668971,2.067095899695017,2.067095899695017
4h,2024-04-06T08:00:00+00:00,2024-04-06T12:00:00+00:00,12,5,Saturday,contract,0.011703202178331118,-0.0434041279856443,-0.0005310155521793137,0.5884,1.7845003399048376,2.0734194425560823,2.107409925220951
4h,2024-04-07T04:00:00+00:00,2024-04-07T08:00:00+00:00,8,6,Sunday,contract,0.01019124945409482,-0.05351752862504211,-0.0005762499580072994,0.596,0.6879194630872472,2.2818791946308634,2.936241610738267
4h,2024-04-07T08:00:00+00:00,2024-04-07T12:00:00+00:00,12,6,Sunday,contract,0.00975616020737376,-0.04269243419865876,-0.00043508924672105986,0.5977,1.338464112430968,2.5598126150242564,4.115777145725291
4h,2024-04-09T12:00:00+00:00,2024-04-09T16:00:00+00:00,16,1,Tuesday,expand,0.01330219710032876,0.13150365134589492,0.0015459848384362478,0.6225,2.265060240963838,4.321285140562254,5.702811244979915
4h,2024-04-12T16:00:00+00:00,2024-04-12T20:00:00+00:00,20,4,Friday,expand,0.018127662258335713,0.6054498919615674,0.006836333672435713,0.5363,2.7782957300018487,3.822487413760969,15.028901734104046
4h,2024-04-13T16:00:00+00:00,2024-04-13T20:00:00+00:00,20,5,Saturday,expand,0.020155967756511847,0.26654624120191106,0.004241848634114476,0.4917,17.4496644295302,18.08013016066708,18.08013016066708
4h,2024-04-13T20:00:00+00:00,2024-04-14T00:00:00+00:00,0,6,Sunday,expand,0.024844827202475283,0.23262884236598325,0.004688859445963436,0.4786,4.116172168825741,7.354784788967825,9.068115336397826
4h,2024-04-15T08:00:00+00:00,2024-04-15T12:00:00+00:00,12,0,Monday,contract,0.021764668418527422,-0.04639170831910244,-0.001058820647579034,0.5112,5.105633802816904,6.533646322378714,7.668231611893586
4h,2024-04-16T20:00:00+00:00,2024-04-17T00:00:00+00:00,0,2,Wednesday,contract,0.018788226306284666,-0.04230093590113271,-0.0008298635620218979,0.496,1.1693548387096717,7.076612903225811,7.358870967741941
4h,2024-04-17T00:00:00+00:00,2024-04-17T04:00:00+00:00,4,2,Wednesday,contract,0.01786049585583576,-0.04937828804726396,-0.0009277304504489055,0.4974,2.5331724969843297,7.338158423803787,7.338158423803787
4h,2024-04-18T20:00:00+00:00,2024-04-19T00:00:00+00:00,0,4,Friday,contract,0.015445199481573035,-0.05659465971568156,-0.0009265538062748421,0.5022,7.208283552369565,7.526881720430108,8.861011549183578
4h,2024-04-20T04:00:00+00:00,2024-04-20T08:00:00+00:00,8,5,Saturday,contract,0.015145032687715226,-0.04299330682337865,-0.0006803871298242514,0.5137,2.686392836285755,3.4845240412692284,4.574654467588079
4h,2024-04-20T20:00:00+00:00,2024-04-21T00:00:00+00:00,0,6,Sunday,contract,0.013498018497340546,-0.04877708197391717,-0.0006921552690262005,0.5285,1.6272469252601802,2.89498580889309,3.519394512771987
4h,2024-04-27T20:00:00+00:00,2024-04-28T00:00:00+00:00,0,6,Sunday,contract,0.009724267548342866,-0.045486855305839846,-0.0004634051960263723,0.5176,1.3717156105100456,1.7194744976816112,3.3037094281298316
4h,2024-04-28T04:00:00+00:00,2024-04-28T08:00:00+00:00,8,6,Sunday,contract,0.009134189875867064,-0.04221847493138664,-0.0004026299904513128,0.5232,1.4334862385321008,3.000764525993872,4.854740061162075
4h,2024-04-28T12:00:00+00:00,2024-04-28T16:00:00+00:00,16,6,Sunday,contract,0.008637643311334348,-0.04212035660303948,-0.00037981871625649387,0.5198,0.6733358984224813,4.540207772220097,4.540207772220097
4h,2024-04-28T16:00:00+00:00,2024-04-28T20:00:00+00:00,20,6,Sunday,contract,0.008270668789096184,-0.04248549158734283,-0.00036697452223816325,0.5192,2.234206471494596,4.102465331278888,4.102465331278888
4h,2024-05-04T04:00:00+00:00,2024-05-04T08:00:00+00:00,8,5,Saturday,contract,0.008961997587409185,-0.0432133158711141,-0.0004047690451853183,0.5275,1.8957345971564,2.5402843601895673,3.2606635071090038
4h,2024-05-06T12:00:00+00:00,2024-05-06T16:00:00+00:00,16,0,Monday,expand,0.009858438945036355,0.24404983217964182,0.0019339662349972062,0.5592,4.971387696709574,7.010014306151627,7.010014306151627
4h,2024-05-06T16:00:00+00:00,2024-05-06T20:00:00+00:00,20,0,Monday,expand,0.011139979020390897,0.12999421941947387,0.0012815400753545415,0.5464,1.7203513909223946,3.111273792093687,3.111273792093687
4h,2024-05-10T12:00:00+00:00,2024-05-10T16:00:00+00:00,16,4,Friday,expand,0.009245199047191113,0.106365686713914,0.0008888308425237593,0.5009,1.8167298862048307,1.8965861449391002,2.1561189858255205
4h,2024-05-11T16:00:00+00:00,2024-05-11T20:00:00+00:00,20,5,Saturday,contract,0.007578380233722772,-0.05449641176379616,-0.0004367984795171356,0.5063,0.5727829350187663,1.1060635986569107,1.6195931266047772
4h,2024-05-11T20:00:00+00:00,2024-05-12T00:00:00+00:00,0,6,Sunday,contract,0.0072442102170282895,-0.044095176856852714,-0.00033417001669448256,0.5057,0.6130116669962412,1.1073759145738458,2.6497923670160106
4h,2024-05-12T12:00:00+00:00,2024-05-12T16:00:00+00:00,16,6,Sunday,contract,0.00633807757206749,-0.04671911832061193,-0.0003106213516975015,0.5047,1.1690112938379267,3.9627501486031336,4.814741430552801
4h,2024-05-13T00:00:00+00:00,2024-05-13T04:00:00+00:00,4,0,Monday,expand,0.007034933099793107,0.11680518134421947,0.0007357743769389963,0.4931,2.900020279862093,4.421009937132436,4.421009937132436
4h,2024-05-15T20:00:00+00:00,2024-05-16T00:00:00+00:00,0,3,Thursday,contract,0.007639203761429279,-0.043709715082651535,-0.00034916952010994543,0.5186,0.732741997686083,2.043964519861154,2.043964519861154
4h,2024-05-18T04:00:00+00:00,2024-05-18T08:00:00+00:00,8,5,Saturday,contract,0.006071412605432989,-0.04328996705184063,-0.0002747240465717643,0.5226,0.5549177190968263,1.358591657099119,1.358591657099119
4h,2024-05-18T20:00:00+00:00,2024-05-19T00:00:00+00:00,0,6,Sunday,contract,0.005357947610989471,-0.045992184076312004,-0.00025830366238380545,0.521,0.633397312859879,2.4760076775431905,3.3973128598848246
4h,2024-05-20T16:00:00+00:00,2024-05-20T20:00:00+00:00,20,0,Monday,expand,0.0068460809485464845,0.15515475854995642,0.000919532234727188,0.5338,1.7984263769202047,3.465717497189972,5.4140127388535095
4h,2024-05-23T12:00:00+00:00,2024-05-23T16:00:00+00:00,16,3,Thursday,expand,0.01118177624664206,0.3630575448970914,0.002978324904104452,0.5293,2.607217079161163,7.349329302852822,7.802758360098233
4h,2024-05-23T20:00:00+00:00,2024-05-24T00:00:00+00:00,0,4,Friday,expand,0.012985307069808716,0.14218879263682438,0.0016165148407839437,0.529,1.7580340264650236,3.9508506616256933,3.9508506616256933
4h,2024-05-24T16:00:00+00:00,2024-05-24T20:00:00+00:00,20,4,Friday,contract,0.012207709432584793,-0.047462982914390994,-0.0006082853409680629,0.5334,0.9748781402324885,1.9872515935508164,2.1372328458942778
4h,2024-05-25T00:00:00+00:00,2024-05-25T04:00:00+00:00,4,5,Saturday,contract,0.01107093313319812,-0.05434500707960632,-0.0006362256256306226,0.5351,0.6914595402728531,2.0183143337693945,2.0183143337693945
4h,2024-05-25T04:00:00+00:00,2024-05-25T08:00:00+00:00,8,5,Saturday,contract,0.010544437909398257,-0.047556535430701596,-0.0005264952237998641,0.5352,1.4760837070254142,2.0179372197309475,2.0179372197309475
4h,2024-05-25T16:00:00+00:00,2024-05-25T20:00:00+00:00,20,5,Saturday,contract,0.009873917670170554,-0.04942366951599875,-0.000513378282320804,0.5396,0.7598220904373802,1.6123054114158712,2.464788732394383
4h,2024-05-26T00:00:00+00:00,2024-05-26T04:00:00+00:00,4,6,Sunday,contract,0.00904281676662666,-0.044250746179863465,-0.00041867821281743253,0.5404,0.46262028127312116,1.9985196150999318,2.738712065136942
4h,2024-05-26T04:00:00+00:00,2024-05-26T08:00:00+00:00,8,6,Sunday,contract,0.008575472711867609,-0.051681247870002944,-0.0004673440547590512,0.5399,1.1298388590479707,2.7227264308205306,3.0375995554732302
4h,2024-05-26T16:00:00+00:00,2024-05-26T20:00:00+00:00,20,6,Sunday,contract,0.007912104062672435,-0.0482292056726501,-0.00040093108174403015,0.5312,1.073042168674706,1.939006024096381,3.2944277108433657
4h,2024-05-31T20:00:00+00:00,2024-06-01T00:00:00+00:00,0,5,Saturday,contract,0.007025488040710737,-0.04221499322303701,-0.00030965292620851754,0.5179,0.5599536590075116,0.9075111025294316,0.9075111025294316
4h,2024-06-01T00:00:00+00:00,2024-06-01T04:00:00+00:00,4,5,Saturday,contract,0.006730810323517106,-0.04194409206677974,-0.000294677717193631,0.5197,0.36559553588609056,0.7311910717721811,0.808158553011349
4h,2024-06-01T04:00:00+00:00,2024-06-01T08:00:00+00:00,8,5,Saturday,contract,0.006385752443265885,-0.05126542922263111,-0.00034505788025122105,0.5192,0.5970724191063158,0.8089368258859749,1.1171032357473087
4h,2024-06-01T12:00:00+00:00,2024-06-01T16:00:00+00:00,16,5,Saturday,contract,0.0058759804230200715,-0.0447200325119379,-0.0002750754171553923,0.5205,0.5187319884726294,0.9029779058597575,1.6714697406339925
4h,2024-06-02T00:00:00+00:00,2024-06-02T04:00:00+00:00,4,6,Sunday,contract,0.0051989901564778096,-0.0465394657626258,-0.0002537684735752152,0.5195,0.6352261790183024,2.5794032723772795,2.5794032723772795
4h,2024-06-07T16:00:00+00:00,2024-06-07T20:00:00+00:00,20,4,Friday,expand,0.010235261979764376,1.0071058114561913,0.00513574907847966,0.493,2.292089249492907,2.3123732251521343,2.677484787018265
4h,2024-06-08T00:00:00+00:00,2024-06-08T04:00:00+00:00,4,5,Saturday,contract,0.009846220788674387,-0.045105199536222496,-0.00046509390682110754,0.4999,0.5201040208041591,2.2804560912182477,2.2804560912182477
4h,2024-06-08T04:00:00+00:00,2024-06-08T08:00:00+00:00,8,5,Saturday,contract,0.009328633589483359,-0.052567092522075365,-0.0005175871991910282,0.5004,1.8185451638688934,2.178257394084725,2.178257394084725
4h,2024-06-08T20:00:00+00:00,2024-06-09T00:00:00+00:00,0,6,Sunday,contract,0.008403290398511927,-0.043793984266748076,-0.0003848684921932237,0.4926,0.7917174177831943,1.3398294762484764,1.7661388550548083
4h,2024-06-09T04:00:00+00:00,2024-06-09T08:00:00+00:00,8,6,Sunday,contract,0.007675796313002634,-0.05021643485009408,-0.0004058304856155862,0.4939,0.5466693662684713,1.3767969224539325,1.8019842073294114
4h,2024-06-09T08:00:00+00:00,2024-06-09T12:00:00+00:00,12,6,Sunday,contract,0.0073203822906453015,-0.0463032117925366,-0.0003554140223573322,0.4943,0.7687639085575501,1.6184503338053717,1.6589115921505126
4h,2024-06-09T20:00:00+00:00,2024-06-10T00:00:00+00:00,0,0,Monday,contract,0.006484941651803105,-0.0472932566896902,-0.0003219185886002415,0.4985,0.9428284854563654,2.607823470411236,2.607823470411236
4h,2024-06-11T00:00:00+00:00,2024-06-11T04:00:00+00:00,4,1,Tuesday,expand,0.007639102940569882,0.15010169246609428,0.0009969920814946204,0.488,2.4795081967213117,3.8319672131147646,3.8319672131147646
4h,2024-06-11T20:00:00+00:00,2024-06-12T00:00:00+00:00,0,2,Wednesday,contract,0.007959599326383751,-0.05185899052403786,-0.00043535379433721,0.4803,1.6656256506350213,5.184259837601505,5.184259837601505
4h,2024-06-15T00:00:00+00:00,2024-06-15T04:00:00+00:00,4,5,Saturday,contract,0.008052823448873168,-0.044302029823256706,-0.0003732941114517833,0.4769,0.6919689662402956,5.976095617529874,5.976095617529874
4h,2024-06-15T04:00:00+00:00,2024-06-15T08:00:00+00:00,8,5,Saturday,contract,0.00771333605966794,-0.04215756018502215,-0.00033948738920522824,0.4783,0.5017771273259488,5.603177921806396,5.603177921806396
4h,2024-06-15T08:00:00+00:00,2024-06-15T12:00:00+00:00,12,5,Saturday,contract,0.007333812055405946,-0.04920361323895606,-0.0003795240042619944,0.4801,1.291397625494685,5.415538429493848,5.415538429493848
4h,2024-06-15T16:00:00+00:00,2024-06-15T20:00:00+00:00,20,5,Saturday,expand,0.008263337945732675,0.139326731147281,0.0010105124657128692,0.4941,1.7607771706132334,2.3072252580449346,2.428658166363087
4h,2024-06-16T04:00:00+00:00,2024-06-16T08:00:00+00:00,8,6,Sunday,contract,0.007626404324626345,-0.04181326489183157,-0.0003328003326635628,0.4884,2.2727272727272725,2.457002457002459,3.5012285012285016
4h,2024-06-17T12:00:00+00:00,2024-06-17T16:00:00+00:00,16,0,Monday,expand,0.009479944816222413,0.13147407966477065,0.001101542706444433,0.5094,5.045151158225364,10.816647035728305,10.816647035728305
4h,2024-06-17T16:00:00+00:00,2024-06-17T20:00:00+00:00,20,0,Monday,expand,0.01063852018649224,0.12221330321324575,0.0011585753702698272,0.5178,3.1286210892236586,10.544611819235232,10.544611819235232
4h,2024-06-18T00:00:00+00:00,2024-06-18T04:00:00+00:00,4,1,Tuesday,expand,0.013368928119985662,0.21141792922467562,0.0023331593753857186,0.4898,3.5933033891384136,6.8395263372805175,6.8395263372805175
4h,2024-06-20T20:00:00+00:00,2024-06-21T00:00:00+00:00,0,4,Friday,contract,0.009752364939768776,-0.045563677446005646,-0.00046556653382836925,0.4885,0.9211873080859783,2.7430910951893486,3.377686796315243
4h,2024-06-22T00:00:00+00:00,2024-06-22T04:00:00+00:00,4,5,Saturday,contract,0.008799525657673656,-0.05140851617716313,-0.0004768865890518205,0.4871,0.4927119687949114,0.9648942722233591,1.0264832683227274
4h,2024-06-22T04:00:00+00:00,2024-06-22T08:00:00+00:00,8,5,Saturday,contract,0.008342416682125538,-0.05194700184202472,-0.00045710897554811745,0.4863,0.5757762697923029,0.8225375282747283,1.0692987867571422
4h,2024-06-22T08:00:00+00:00,2024-06-22T12:00:00+00:00,12,5,Saturday,contract,0.007946529776259427,-0.04745470298964305,-0.0003958869058661111,0.4855,0.617919670442843,0.8238928939237907,0.9680741503604494
4h,2024-06-22T12:00:00+00:00,2024-06-22T16:00:00+00:00,16,5,Saturday,contract,0.007593206220812326,-0.04446262272906465,-0.0003533235554471015,0.4858,0.4734458624948588,0.7410456978180304,1.708522025524902
4h,2024-06-22T16:00:00+00:00,2024-06-22T20:00:00+00:00,20,5,Saturday,contract,0.007215120062182875,-0.04979268936396708,-0.0003780861586294504,0.4877,0.3485749436128839,0.9637071970473615,1.906909985646909
4h,2024-06-22T20:00:00+00:00,2024-06-23T00:00:00+00:00,0,6,Sunday,contract,0.006821182914884101,-0.05459883465606419,-0.0003939371472987743,0.4864,0.6578947368421126,1.7064144736842053,3.4128289473684217
4h,2024-06-23T04:00:00+00:00,2024-06-23T08:00:00+00:00,8,6,Sunday,contract,0.0062366322072214975,-0.049659953482656616,-0.0003258947851708842,0.4875,0.8410256410256395,3.2820512820512846,4.32820512820513
4h,2024-06-24T08:00:00+00:00,2024-06-24T12:00:00+00:00,12,0,Monday,expand,0.007411383245334355,0.12216042713063224,0.0008068166734358211,0.4755,2.1661409043112463,4.5005257623554105,4.5005257623554105
4h,2024-06-29T08:00:00+00:00,2024-06-29T12:00:00+00:00,12,5,Saturday,contract,0.005142979015244254,-0.04897433079066671,-0.0002648445396341752,0.4765,0.4826862539349474,1.4480587618048304,1.4480587618048304
4h,2024-06-29T16:00:00+00:00,2024-06-29T20:00:00+00:00,20,5,Saturday,contract,0.004715629865185099,-0.04540148745922523,-0.00022427922039885279,0.4743,0.6325110689437071,1.2017710309930387,1.2017710309930387
4h,2024-07-02T08:00:00+00:00,2024-07-02T12:00:00+00:00,12,1,Tuesday,expand,0.004668725566076916,0.11237228634436236,0.0004716364949171577,0.4861,1.501748611396838,2.530343550709726,2.530343550709726
4h,2024-07-04T00:00:00+00:00,2024-07-04T04:00:00+00:00,4,3,Thursday,expand,0.0075655676546547024,0.29721765344365014,0.0017334178727188652,0.4593,1.371652514696271,5.1817983888526,17.200087089048555
4h,2024-07-05T00:00:00+00:00,2024-07-05T04:00:00+00:00,4,4,Friday,expand,0.01169771408830454,0.36058878129936867,0.00310017583936119,0.3983,5.096660808435849,10.2686417273412,11.323123273914144
4h,2024-07-05T20:00:00+00:00,2024-07-06T00:00:00+00:00,0,5,Saturday,contract,0.011887452878616155,-0.047974646711600566,-0.0005990348368166282,0.4249,2.000470698987999,3.8126618027771224,6.166156742763004
4h,2024-07-06T20:00:00+00:00,2024-07-07T00:00:00+00:00,0,6,Sunday,contract,0.010213696387344508,-0.052206474810092995,-0.000562592029795729,0.4487,1.2703365277468204,6.151103186984625,6.931134388232676
4h,2024-07-09T04:00:00+00:00,2024-07-09T08:00:00+00:00,8,1,Tuesday,contract,0.010700206849681608,-0.04201160598112341,-0.00046924668074473964,0.4342,1.312759097190231,2.1418701059419565,2.855826807922609
4h,2024-07-09T20:00:00+00:00,2024-07-10T00:00:00+00:00,0,2,Wednesday,contract,0.00927717898359424,-0.05022171667144859,-0.0004905522295072483,0.4355,1.0332950631458104,2.663605051664753,2.663605051664753
4h,2024-07-13T12:00:00+00:00,2024-07-13T16:00:00+00:00,16,5,Saturday,expand,0.013034371877323606,0.11126373233984599,0.0013050483171289477,0.536,6.623134328358205,9.757462686567166,9.757462686567166
4h,2024-07-13T16:00:00+00:00,2024-07-13T20:00:00+00:00,20,5,Saturday,expand,0.014639059600371917,0.12311201016445206,0.001604687723048311,0.5604,6.97715917201999,8.529621698786592,8.529621698786592
4h,2024-07-13T20:00:00+00:00,2024-07-14T00:00:00+00:00,0,6,Sunday,expand,0.01638626962891678,0.11935261391383878,0.0017472100285448652,0.5255,3.368220742150343,4.966698382492867,4.966698382492867
4h,2024-07-16T00:00:00+00:00,2024-07-16T04:00:00+00:00,4,1,Tuesday,expand,0.015548343545178008,0.11564204324671201,0.0016116658811401504,0.5652,5.396319886765742,11.075725406935595,11.075725406935595
4h,2024-07-16T12:00:00+00:00,2024-07-16T16:00:00+00:00,16,1,Tuesday,expand,0.018620703632928594,0.1270045873104355,0.002098407412851642,0.5844,3.3367556468172603,7.5804243668720055,10.438056125941126
4h,2024-07-18T20:00:00+00:00,2024-07-19T00:00:00+00:00,0,4,Friday,contract,0.021204753035531352,-0.044389040492087584,-0.0009849810027331776,0.5693,5.339891094326362,5.515545406639729,8.308448972422273
4h,2024-07-27T08:00:00+00:00,2024-07-27T12:00:00+00:00,12,5,Saturday,contract,0.014403584060409291,-0.04246267732583042,-0.0006387372354161001,0.6002,2.332555814728426,4.398533822059311,5.331556147950688
4h,2024-07-28T20:00:00+00:00,2024-07-29T00:00:00+00:00,0,0,Monday,contract,0.012390620937406388,-0.04330152359174311,-0.0005608169951851066,0.601,1.4642262895174758,3.1447587354409183,3.4442595673876775
4h,2024-07-30T08:00:00+00:00,2024-07-30T12:00:00+00:00,12,1,Tuesday,expand,0.013407262857365149,0.18646986979355606,0.0021071336263565332,0.6294,3.9402605656180563,7.483317445185897,7.483317445185897
4h,2024-08-05T00:00:00+00:00,2024-08-05T04:00:00+00:00,4,0,Monday,expand,0.022075399859522588,0.23085270349282472,0.004140353856959798,0.473,10.126849894291755,14.101479915433401,17.82241014799155
4h,2024-08-06T16:00:00+00:00,2024-08-06T20:00:00+00:00,20,1,Tuesday,contract,0.024108189173161994,-0.04511739267048254,-0.0011390914748586195,0.5116,2.286942924159508,3.948397185301015,9.323690383111797
4h,2024-08-07T08:00:00+00:00,2024-08-07T12:00:00+00:00,12,2,Wednesday,contract,0.02084817500454706,-0.04727375341278539,-0.0010344750003497792,0.5138,4.9046321525885554,29.602958349552356,29.602958349552356
4h,2024-08-07T20:00:00+00:00,2024-08-08T00:00:00+00:00,0,3,Thursday,expand,0.030447317961002147,0.3410077452032343,0.0077425140029998354,0.6001,7.565405765705716,7.565405765705716,10.648225295784028
4h,2024-08-09T20:00:00+00:00,2024-08-10T00:00:00+00:00,0,5,Saturday,contract,0.024368747880976045,-0.045406604325657574,-0.0011591344523827693,0.5801,2.827098776073086,4.171694535424927,4.171694535424927
4h,2024-08-10T04:00:00+00:00,2024-08-10T08:00:00+00:00,8,5,Saturday,contract,0.022713869346351796,-0.04561776101865678,-0.0010856822574116728,0.586,1.058020477815697,3.5665529010238965,3.5665529010238965
4h,2024-08-10T08:00:00+00:00,2024-08-10T12:00:00+00:00,12,5,Saturday,contract,0.02153430725018381,-0.05193135868580845,-0.0011795620961679854,0.5889,2.2584479538121887,3.5489896417048783,4.856512141280346
4h,2024-08-11T04:00:00+00:00,2024-08-11T08:00:00+00:00,8,6,Sunday,contract,0.01848342290757291,-0.044472562846880836,-0.0008602633005825346,0.5911,3.265098968025712,8.03586533581458,8.03586533581458
4h,2024-08-14T20:00:00+00:00,2024-08-15T00:00:00+00:00,0,3,Thursday,contract,0.012938204709548777,-0.04452643326067951,-0.0006029388238114452,0.5684,1.2315270935960603,2.0935960591133043,4.099225897255451
4h,2024-08-17T00:00:00+00:00,2024-08-17T04:00:00+00:00,4,5,Saturday,contract,0.010829407025211383,-0.04497205513050995,-0.0005099543865547222,0.5627,0.6753154433979076,1.6172027723476095,1.6172027723476095
4h,2024-08-17T04:00:00+00:00,2024-08-17T08:00:00+00:00,8,5,Saturday,contract,0.010327306523410571,-0.046364542456655,-0.0005021005018008111,0.5645,0.531443755535873,1.576616474756405,1.576616474756405
4h,2024-08-17T08:00:00+00:00,2024-08-17T12:00:00+00:00,12,5,Saturday,contract,0.009803927486024102,-0.05067914234946369,-0.0005233790373864698,0.5647,0.8323003364618251,1.22188772799715,1.2573047635912866
4h,2024-08-17T20:00:00+00:00,2024-08-18T00:00:00+00:00,0,6,Sunday,contract,0.008679857393146839,-0.045507936470626564,-0.00041383518408822165,0.5661,0.8302420067126014,3.621268327150693,3.92156862745098
4h,2024-08-18T04:00:00+00:00,2024-08-18T08:00:00+00:00,8,6,Sunday,contract,0.007981611731846005,-0.04930809321763652,-0.0004139701332189199,0.5649,1.0798371393166923,3.9298990971853422,4.230837316339181
4h,2024-08-19T16:00:00+00:00,2024-08-19T20:00:00+00:00,20,0,Monday,expand,0.01105095585976823,0.15844293428275447,0.0015114649338639798,0.6019,1.528493105166969,3.505565708589468,4.602093370991868
4h,2024-08-27T20:00:00+00:00,2024-08-28T00:00:00+00:00,0,2,Wednesday,expand,0.012101153682740338,0.22790917430857904,0.002246065101327667,0.5662,1.748498763687746,4.380077711056171,5.104203461674326
4h,2024-08-29T00:00:00+00:00,2024-08-29T04:00:00+00:00,4,3,Thursday,contract,0.012811178881607464,-0.04205294998456999,-0.0005623983755082707,0.5706,1.1566771819137838,3.2947774272695476,3.452506133894155
4h,2024-08-30T08:00:00+00:00,2024-08-30T12:00:00+00:00,12,4,Friday,contract,0.010381772752049498,-0.04311943405997698,-0.0004678286732345688,0.5634,3.8516151934682377,3.958111466098704,4.632587859424922
4h,2024-08-31T00:00:00+00:00,2024-08-31T04:00:00+00:00,4,5,Saturday,contract,0.010743151592338757,-0.04800922756815518,-0.0005417808917183645,0.5647,0.7260492296794745,1.7354347441119036,2.372941384806086
4h,2024-08-31T04:00:00+00:00,2024-08-31T08:00:00+00:00,8,5,Saturday,contract,0.01026864076431456,-0.04416868029327481,-0.000474510828024197,0.5662,1.3599434828682317,1.7308371600141153,3.4086895090074147
4h,2024-08-31T20:00:00+00:00,2024-09-01T00:00:00+00:00,0,6,Sunday,contract,0.00901049950201967,-0.05034982490895423,-0.0004777307309245891,0.5661,1.3955131602190456,2.7203674262497737,4.239533651298361
4h,2024-09-04T00:00:00+00:00,2024-09-04T04:00:00+00:00,4,2,Wednesday,expand,0.010417862374222955,0.14919072294594482,0.0013524721250597737,0.5527,1.1036728785959824,3.2386466437488743,3.2386466437488743
4h,2024-09-06T12:00:00+00:00,2024-09-06T16:00:00+00:00,16,4,Friday,expand,0.009927354211106996,0.1146338451584612,0.0010209727529917698,0.526,2.699619771863116,5.399239543726232,5.779467680608361
4h,2024-09-07T00:00:00+00:00,2024-09-07T04:00:00+00:00,4,5,Saturday,contract,0.01041683571494245,-0.04321761728344875,-0.0004705258242263359,0.5217,1.6867931761548625,2.070155261644608,2.070155261644608
4h,2024-09-07T08:00:00+00:00,2024-09-07T12:00:00+00:00,12,5,Saturday,contract,0.009815536917475878,-0.047159901604221344,-0.0004858105321135335,0.5271,1.0434452665528267,1.878201479795109,1.878201479795109
4h,2024-09-08T04:00:00+00:00,2024-09-08T08:00:00+00:00,8,6,Sunday,contract,0.008370482255720041,-0.04869866639949294,-0.00042849863505538613,0.5289,0.6617508035545372,2.060881073927022,2.0797882397428644
4h,2024-09-12T12:00:00+00:00,2024-09-12T16:00:00+00:00,16,3,Thursday,expand,0.00946494903584042,0.5436637669965778,0.0033334654587815022,0.5574,1.7043415859346884,3.677789738069602,3.677789738069602
4h,2024-09-16T16:00:00+00:00,2024-09-16T20:00:00+00:00,20,0,Monday,expand,0.010110170207846218,0.11154908644060613,0.0010146022917041364,0.5867,1.8067155275268543,2.0623828191580023,2.5396284302028334
4h,2024-09-21T08:00:00+00:00,2024-09-21T12:00:00+00:00,12,5,Saturday,contract,0.008036339670491834,-0.04599029230766838,-0.0003874107438839869,0.5843,0.8043813109703982,5.15146328940613,5.15146328940613
4h,2024-09-21T16:00:00+00:00,2024-09-21T20:00:00+00:00,20,5,Saturday,expand,0.009155313287311843,0.1740546838803576,0.0013572835932837085,0.5999,1.5669278213035633,2.467077846307724,3.600600100016662
4h,2024-09-28T04:00:00+00:00,2024-09-28T08:00:00+00:00,8,5,Saturday,expand,0.008577954653030656,0.19789209577906353,0.0014170804113053364,0.6075,4.609053497942391,5.004115226337445,6.123456790123458
4h,2024-09-28T08:00:00+00:00,2024-09-28T12:00:00+00:00,12,5,Saturday,expand,0.00996524360638561,0.16172724262010574,0.0013872889533549544,0.617,2.1555915721231913,2.998379254457044,4.100486223662883
4h,2024-09-29T12:00:00+00:00,2024-09-29T16:00:00+00:00,16,6,Sunday,expand,0.013502291402289687,0.22037996446132113,0.0024382852767469484,0.6596,2.0012128562765295,4.032747119466337,6.7616737416616095
4h,2024-10-01T12:00:00+00:00,2024-10-01T16:00:00+00:00,16,1,Tuesday,expand,0.015923061159305717,0.1187795891192045,0.001690533756976486,0.6115,8.242027800490597,8.242027800490597,8.48732624693376
4h,2024-10-01T16:00:00+00:00,2024-10-01T20:00:00+00:00,20,1,Tuesday,expand,0.01838569964792674,0.1546586089184121,0.0024626384886210217,0.6102,5.719436250409709,7.030481809242879,9.554244509996726
4h,2024-10-02T20:00:00+00:00,2024-10-03T00:00:00+00:00,0,3,Thursday,expand,0.021446042607736724,0.11947240698824002,0.002288765953251025,0.5379,3.9412530210076215,6.971556051310649,6.971556051310649
4h,2024-10-03T20:00:00+00:00,2024-10-04T00:00:00+00:00,0,4,Friday,contract,0.019695360414427533,-0.04936364807200866,-0.0010227200318790423,0.5214,2.435749904104343,2.665899501342544,4.602991944764101
4h,2024-10-04T08:00:00+00:00,2024-10-04T12:00:00+00:00,12,4,Friday,contract,0.017530468961551495,-0.04815868673267565,-0.0008869591508885756,0.5249,2.476662221375502,4.496094494189361,4.496094494189361
4h,2024-10-04T20:00:00+00:00,2024-10-05T00:00:00+00:00,0,5,Saturday,contract,0.016318673581825306,-0.05277102210922757,-0.0009091287370634818,0.5338,1.6298239040839342,1.6485575121768508,1.779692768827288
4h,2024-10-05T08:00:00+00:00,2024-10-05T12:00:00+00:00,12,5,Saturday,contract,0.014452997762124714,-0.05078760118273584,-0.000773307520163434,0.5311,0.8284692148371229,1.7887403502165438,1.7887403502165438
4h,2024-10-05T12:00:00+00:00,2024-10-05T16:00:00+00:00,16,5,Saturday,contract,0.013734926493401519,-0.0496832062483924,-0.0007180712687231954,0.5301,1.7921146953405138,1.7921146953405138,2.1128089039803997
4h,2024-10-06T00:00:00+00:00,2024-10-06T04:00:00+00:00,4,6,Sunday,contract,0.012477453901604653,-0.04293879466228878,-0.0005598041462772738,0.5289,0.7751937984496109,1.6827377576101377,3.0818680279826016
4h,2024-10-06T04:00:00+00:00,2024-10-06T08:00:00+00:00,8,6,Sunday,contract,0.01187906433720432,-0.04795766581220373,-0.0005983895644003333,0.531,0.6967984934086697,1.6760828625235438,3.069679849340863
4h,2024-10-06T08:00:00+00:00,2024-10-06T12:00:00+00:00,12,6,Sunday,contract,0.011294845455975441,-0.04918054693913476,-0.000584218881228879,0.5304,1.3386123680241528,2.8280542986425363,2.8280542986425363
4h,2024-10-07T04:00:00+00:00,2024-10-07T08:00:00+00:00,8,0,Monday,contract,0.009890092583978207,-0.044515717031716195,-0.0004607763526137069,0.54,2.185185185185191,3.2962962962962825,4.037037037037024
4h,2024-10-12T04:00:00+00:00,2024-10-12T08:00:00+00:00,8,5,Saturday,contract,0.007252018484505072,-0.044125472133470955,-0.0003347706526542439,0.5379,0.7436326454731369,1.1712214166201844,1.4686744748094474
4h,2024-10-13T04:00:00+00:00,2024-10-13T08:00:00+00:00,8,6,Sunday,contract,0.0059664989833603825,-0.05097820544139875,-0.0003204999217969601,0.5363,1.1933619242961164,2.3307850083908384,2.7969420100689937
4h,2024-10-18T20:00:00+00:00,2024-10-19T00:00:00+00:00,0,5,Saturday,contract,0.007723756560653422,-0.046744853366040395,-0.0003787505046656458,0.5465,0.8417200365965322,1.3174748398902278,1.7749313815187635
4h,2024-10-19T12:00:00+00:00,2024-10-19T16:00:00+00:00,16,5,Saturday,contract,0.006732684587901462,-0.04404533629615737,-0.00031020650676164864,0.5443,0.7532610692632726,1.249311041704927,1.6351276869373543
4h,2024-10-25T20:00:00+00:00,2024-10-26T00:00:00+00:00,0,5,Saturday,expand,0.008840735897774909,0.2564686400219083,0.0018045587770942383,0.5017,2.6908511062387905,3.3486147099860433,3.3486147099860433
4h,2024-10-26T08:00:00+00:00,2024-10-26T12:00:00+00:00,12,5,Saturday,contract,0.008325654798619343,-0.0535650525413649,-0.0004712042152784125,0.5144,1.8273716951788639,2.2161741835147892,2.2161741835147892
4h,2024-10-26T20:00:00+00:00,2024-10-27T00:00:00+00:00,0,6,Sunday,contract,0.007765329297582615,-0.04326727161663668,-0.0003511791767371259,0.5133,0.9740892265731551,1.2273524254821688,1.383206701733878
4h,2024-10-27T04:00:00+00:00,2024-10-27T08:00:00+00:00,8,6,Sunday,contract,0.007177248220874806,-0.05160776676822676,-0.00039055755545190814,0.5148,0.8935508935508812,1.3791763791763783,1.5734265734265724
4h,2024-11-01T00:00:00+00:00,2024-11-01T04:00:00+00:00,4,4,Friday,expand,0.007266561387425645,0.11619074281842545,0.0007564183548134122,0.5193,2.330059695744271,2.888503755054884,3.254380897361838
4h,2024-11-02T08:00:00+00:00,2024-11-02T12:00:00+00:00,12,5,Saturday,contract,0.007540201379739387,-0.04705491655690919,-0.00037232318305687254,0.5113,1.3299432818306334,3.0510463524349705,3.0510463524349705
4h,2024-11-02T20:00:00+00:00,2024-11-03T00:00:00+00:00,0,6,Sunday,contract,0.006914075230061015,-0.04478434856158853,-0.0003241596330816219,0.5103,2.704291593180478,3.8604742308446003,3.8604742308446003
4h,2024-11-06T00:00:00+00:00,2024-11-06T04:00:00+00:00,4,2,Wednesday,expand,0.009060097594880811,0.14415878605872834,0.0011415309542399318,0.534,2.397003745318358,3.052434456928856,9.719101123595514
4h,2024-11-07T00:00:00+00:00,2024-11-07T04:00:00+00:00,4,3,Thursday,expand,0.011576943946061099,0.23891769329284163,0.0022325427733799127,0.56,2.24999999999999,3.982142857142854,3.982142857142854
4h,2024-11-10T12:00:00+00:00,2024-11-10T16:00:00+00:00,16,6,Sunday,expand,0.013098828418242902,0.1624835266898077,0.0018308593524428499,0.6052,4.163912756113682,8.972240581625911,8.972240581625911
4h,2024-11-10T20:00:00+00:00,2024-11-11T00:00:00+00:00,0,0,Monday,expand,0.015544397972872706,0.11324054680472928,0.0015812001559328687,0.5888,2.411684782608694,4.823369565217388,10.767663043478263
4h,2024-11-12T08:00:00+00:00,2024-11-12T12:00:00+00:00,12,1,Tuesday,expand,0.023391431492312105,0.2974168288489163,0.005362197577514452,0.648,12.0216049382716,17.901234567901234,17.901234567901234
4h,2024-11-12T12:00:00+00:00,2024-11-12T16:00:00+00:00,16,1,Tuesday,expand,0.027284900671432667,0.16644852113476682,0.0038934691791205622,0.6792,6.183745583038858,14.899882214369839,14.899882214369839
4h,2024-11-13T00:00:00+00:00,2024-11-13T04:00:00+00:00,4,2,Wednesday,expand,0.03300245144866529,0.10994508461863273,0.0032690421962565178,0.6677,5.526434027257741,16.219859218211766,16.219859218211766
4h,2024-11-14T16:00:00+00:00,2024-11-14T20:00:00+00:00,20,3,Thursday,expand,0.039260450123907595,0.12259980926583558,0.00428765768277635,0.7908,11.86140617096611,11.86140617096611,20.46029337379868
4h,2024-11-16T12:00:00+00:00,2024-11-16T16:00:00+00:00,16,5,Saturday,expand,0.07033769961312994,0.22617140143073033,0.012974023106682324,1.1106,10.994057266342526,18.251395641995327,18.251395641995327
4h,2024-11-19T08:00:00+00:00,2024-11-19T12:00:00+00:00,12,1,Tuesday,contract,0.0678099329296391,-0.04434974044206952,-0.0031469179176645545,1.1012,4.994551398474406,6.18416273156557,7.591718125681066
4h,2024-11-20T04:00:00+00:00,2024-11-20T08:00:00+00:00,8,2,Wednesday,contract,0.060349318415028906,-0.04194617007368007,-0.002642255262694536,1.0825,5.866050808314077,8.018475750577366,8.018475750577366
4h,2024-11-21T16:00:00+00:00,2024-11-21T20:00:00+00:00,20,3,Thursday,expand,0.06222056614236894,0.10729737079646728,0.0060291872198177734,1.1725,8.537313432835827,26.515991471215365,28.776119402985085
4h,2024-11-22T00:00:00+00:00,2024-11-22T04:00:00+00:00,4,4,Friday,expand,0.07204579427581811,0.10965603872400709,0.007119554286475524,1.3853,5.240742077528333,10.784667581029378,20.2699776221757
4h,2024-12-01T12:00:00+00:00,2024-12-01T16:00:00+00:00,16,6,Sunday,contract,0.07709591539668234,-0.04406145448408827,-0.003553531953590941,1.902,14.111461619348065,32.41850683491062,46.06729758149316
4h,2024-12-01T16:00:00+00:00,2024-12-01T20:00:00+00:00,20,6,Sunday,expand,0.09076049286834789,0.17724126370842175,0.013664577471665551,2.126,13.08090310442146,19.79774223894638,37.62464722483538
4h,2024-12-01T20:00:00+00:00,2024-12-02T00:00:00+00:00,0,0,Monday,expand,0.1041418862348945,0.1474363232685052,0.013381393366546604,2.2942,9.471711271903052,23.55941068782145,28.763839246796262
4h,2024-12-02T12:00:00+00:00,2024-12-02T16:00:00+00:00,16,0,Monday,expand,0.1466840252174828,0.1953366726634942,0.023970459598655153,2.7005,10.879466765413815,13.20866506202555,23.329013145713752
4h,2024-12-03T12:00:00+00:00,2024-12-03T16:00:00+00:00,16,1,Tuesday,expand,0.2074375539841994,0.1858131393754392,0.03250480353967697,2.5266,5.085886171139091,8.184912530673644,8.184912530673644
4h,2024-12-04T00:00:00+00:00,2024-12-04T04:00:00+00:00,4,2,Wednesday,contract,0.19165080397350076,-0.042118542830760664,-0.00842698492103855,2.5463,4.642029611593287,14.212779326866446,19.868043828299886
4h,2024-12-09T20:00:00+00:00,2024-12-10T00:00:00+00:00,0,1,Tuesday,expand,0.12653131678594823,0.20308724221418406,0.021359129478004002,2.2122,10.609348160202519,11.007142211373296,23.27547238043577
4h,2024-12-11T20:00:00+00:00,2024-12-12T00:00:00+00:00,0,3,Thursday,contract,0.1349575497675953,-0.04447322935291609,-0.006281349982122736,2.3939,3.312586156481053,5.60173775011488,7.423033543589966
4h,2024-12-13T20:00:00+00:00,2024-12-14T00:00:00+00:00,0,5,Saturday,contract,0.09988994831263195,-0.0484296332840678,-0.0050838421778947734,2.422,3.3484723369116316,6.924029727497934,7.390586292320389
4h,2024-12-16T04:00:00+00:00,2024-12-16T08:00:00+00:00,8,0,Monday,contract,0.07424661296222057,-0.0527469226140288,-0.0041343548432477145,2.4037,3.3614843782501964,10.84161917044557,10.84161917044557
4h,2024-12-16T16:00:00+00:00,2024-12-16T20:00:00+00:00,20,0,Monday,expand,0.08344380782725895,0.13563063964161604,0.009965860936364687,2.4756,2.754887703990953,11.669898206495393,11.669898206495393
4h,2024-12-20T08:00:00+00:00,2024-12-20T12:00:00+00:00,12,4,Friday,expand,0.12758051032190604,0.14112815386265165,0.015778422282930304,1.968,14.45121951219512,18.03353658536585,21.534552845528466
4h,2024-12-28T00:00:00+00:00,2024-12-28T04:00:00+00:00,4,5,Saturday,contract,0.061438681175043426,-0.04488975916500748,-0.0028875908596187397,2.1544,1.1975492016338574,2.715373189751207,2.9056813962123917
4h,2024-12-28T08:00:00+00:00,2024-12-28T12:00:00+00:00,12,5,Saturday,contract,0.056079271013175176,-0.047777955939213856,-0.0028137900779365635,2.1692,1.6319380416743543,2.2496773003872375,2.2496773003872375
4h,2024-12-29T00:00:00+00:00,2024-12-29T04:00:00+00:00,4,6,Sunday,contract,0.04903290450352186,-0.043419286443355354,-0.0022256080387324656,2.1867,1.006082224356347,2.8307495312571485,5.848996204326149
4h,2025-01-07T12:00:00+00:00,2025-01-07T16:00:00+00:00,16,1,Tuesday,expand,0.058103694293782274,0.1720785316342721,0.008530485054324438,2.3123,3.5808502356960688,4.774466980928073,5.232885006270813
4h,2025-01-10T08:00:00+00:00,2025-01-10T12:00:00+00:00,12,4,Friday,contract,0.06286558370797818,-0.04751132906328892,-0.003135814131382933,2.3089,3.179002988436048,5.370522759755732,8.311317077396161
4h,2025-01-11T04:00:00+00:00,2025-01-11T08:00:00+00:00,8,5,Saturday,contract,0.05912253743173667,-0.04890703897623605,-0.0030401951870566643,2.3436,4.501621437105315,11.614610001706787,11.614610001706787
4h,2025-01-15T00:00:00+00:00,2025-01-15T04:00:00+00:00,4,2,Wednesday,expand,0.08783669801996916,0.1408346112162977,0.010843330921540842,2.8309,3.9033522907909157,11.434526122434564,17.199477198064216
4h,2025-01-15T12:00:00+00:00,2025-01-15T16:00:00+00:00,16,2,Wednesday,expand,0.11011316528785432,0.16230056881617871,0.015375910362472753,2.9705,4.608651742130948,11.082309375525996,17.438141726981986
4h,2025-01-19T20:00:00+00:00,2025-01-20T00:00:00+00:00,0,0,Monday,expand,0.13704070805738366,0.17843938396841397,0.020750714764816644,2.9555,7.643376755202174,15.7908983251565,15.7908983251565
4h,2025-01-22T00:00:00+00:00,2025-01-22T04:00:00+00:00,4,2,Wednesday,contract,0.12897476973858515,-0.048127920115034306,-0.0065211361337373375,3.1771,1.287337509049124,4.507255043907973,5.420037140788774
4h,2025-01-22T04:00:00+00:00,2025-01-22T08:00:00+00:00,8,2,Wednesday,contract,0.12268371475725762,-0.04877740812469511,-0.006291054981327537,3.1714,2.9797565743835537,5.0387841331903935,5.9563599672069065
4h,2025-01-24T08:00:00+00:00,2025-01-24T12:00:00+00:00,12,4,Friday,contract,0.1031091985193853,-0.04496466296341051,-0.004854553732260403,3.1968,2.1208708708708732,3.828828828828824,3.9946196196196175
4h,2025-01-24T16:00:00+00:00,2025-01-24T20:00:00+00:00,20,4,Friday,contract,0.09628089056008225,-0.04281087533143324,-0.004306222350775532,3.1406,1.9932496975100225,2.1620072597592768,2.1779277844997775
4h,2025-01-25T00:00:00+00:00,2025-01-25T04:00:00+00:00,4,5,Saturday,contract,0.08991974747272395,-0.04213433228476238,-0.003955365190209545,3.1318,1.3666262213423643,2.1840475126125556,2.1840475126125556
4h,2025-01-26T04:00:00+00:00,2025-01-26T08:00:00+00:00,8,6,Sunday,contract,0.06814307324351848,-0.049305563505055106,-0.0035340825571937434,3.1416,1.1299974535268753,4.325821237585941,15.883626177743828
4h,2025-01-26T12:00:00+00:00,2025-01-26T16:00:00+00:00,16,6,Sunday,contract,0.06250346621507465,-0.05026420460954073,-0.003307958939621103,3.1141,1.0275842137375175,15.805529687550173,15.805529687550173
4h,2025-01-27T04:00:00+00:00,2025-01-27T08:00:00+00:00,8,0,Monday,expand,0.08787789719306402,0.30951974375946456,0.020770930985148928,2.8087,4.108662370491676,12.151529177199413,15.37010004628475
4h,2025-01-27T12:00:00+00:00,2025-01-27T16:00:00+00:00,16,0,Monday,expand,0.09955492155932558,0.10808941765727709,0.009711159880051876,2.9548,4.9884932990388435,9.178286178421548,11.422092865845402
4h,2025-01-29T00:00:00+00:00,2025-01-29T04:00:00+00:00,4,2,Wednesday,contract,0.09589695034814416,-0.04210430118831199,-0.004215150026780343,3.0826,1.680399662622464,5.488873029261014,5.501849088431843
4h,2025-01-30T04:00:00+00:00,2025-01-30T08:00:00+00:00,8,3,Thursday,contract,0.09046142915018437,-0.042938758424972856,-0.004058571473091105,3.1081,0.6370451401177581,2.3068755831536913,2.7476593417200195
4h,2025-01-30T08:00:00+00:00,2025-01-30T12:00:00+00:00,12,3,Thursday,contract,0.0854141842108855,-0.055794441749526524,-0.005047244939298881,3.1012,2.3087836966335646,2.3603766284019065,3.121372371985038
4h,2025-01-31T04:00:00+00:00,2025-01-31T08:00:00+00:00,8,4,Friday,contract,0.07361101084780951,-0.04396905768922266,-0.003385462372908432,3.0781,1.4359507488385697,3.6775933205548865,3.6775933205548865
4h,2025-02-02T16:00:00+00:00,2025-02-02T20:00:00+00:00,20,6,Sunday,expand,0.10054852272005275,0.19157287089753527,0.01616549825230365,2.6672,10.08548290341932,35.82408518296341,38.081133773245355
4h,2025-02-02T20:00:00+00:00,2025-02-03T00:00:00+00:00,0,0,Monday,expand,0.11258077109719186,0.11966608809001889,0.012032248377139107,2.5784,31.65141172820353,32.16723549488055,39.39264660254422
4h,2025-02-03T00:00:00+00:00,2025-02-03T04:00:00+00:00,4,0,Monday,expand,0.16283214459024958,0.44635840564349416,0.05025137349305772,2.2576,14.519844082211211,29.106130403968827,29.4029057406095
4h,2025-02-05T04:00:00+00:00,2025-02-05T08:00:00+00:00,8,2,Wednesday,contract,0.16094760233356958,-0.04771946302045016,-0.008065200179505322,2.5093,2.415016139959351,9.002510660343512,9.002510660343512
4h,2025-02-05T08:00:00+00:00,2025-02-05T12:00:00+00:00,12,2,Wednesday,contract,0.15377991645260033,-0.04453428182244035,-0.007167685880969249,2.548,3.7048665620094114,8.865777080062784,8.865777080062784
4h,2025-02-06T00:00:00+00:00,2025-02-06T04:00:00+00:00,4,3,Thursday,contract,0.14112196464501028,-0.04254561105313748,-0.006270920357308474,2.4232,2.1541762958071984,8.043083525916146,8.043083525916146
4h,2025-02-06T04:00:00+00:00,2025-02-06T08:00:00+00:00,8,3,Thursday,contract,0.13477039574179525,-0.04500765645654303,-0.006351568903215032,2.4392,2.0498524106264275,7.990324696621847,8.420793702853395
4h,2025-02-06T08:00:00+00:00,2025-02-06T12:00:00+00:00,12,3,Thursday,contract,0.12871536747452414,-0.04492847434292513,-0.006055028267271112,2.4481,6.817531963563582,7.2709448143458335,7.699848862383085
4h,2025-02-08T20:00:00+00:00,2025-02-09T00:00:00+00:00,0,6,Sunday,contract,0.09529750548058473,-0.0472924923786151,-0.004730577344660383,2.4179,4.073783034864967,5.297985855494451,8.110343686670248
4h,2025-02-14T08:00:00+00:00,2025-02-14T12:00:00+00:00,12,4,Friday,expand,0.07859403646136341,0.13902304147647504,0.009592766426048976,2.7317,2.5881319324962475,5.740015375041184,5.740015375041184
4h,2025-02-22T04:00:00+00:00,2025-02-22T08:00:00+00:00,8,5,Saturday,contract,0.06834314132640863,-0.043538559699874524,-0.0031110108712622125,2.5798,1.2055198077370475,1.7249399178230949,2.818047910690759
4h,2025-02-22T12:00:00+00:00,2025-02-22T16:00:00+00:00,16,5,Saturday,contract,0.06250556573552582,-0.04837408809111887,-0.003177351210425075,2.589,1.0467361915797568,2.8080339899575204,3.4878331402085765
4h,2025-02-22T20:00:00+00:00,2025-02-23T00:00:00+00:00,0,6,Sunday,contract,0.057099696986244175,-0.04796703920951939,-0.0028768997681726458,2.5726,1.4693306382648013,3.195211070512315,3.195211070512315
4h,2025-02-24T00:00:00+00:00,2025-02-24T04:00:00+00:00,4,0,Monday,expand,0.059017785226418325,0.1281999027264289,0.006706324213352426,2.4884,2.459411670149491,5.019289503295282,11.786690242726246
4h,2025-02-24T20:00:00+00:00,2025-02-25T00:00:00+00:00,0,1,Tuesday,expand,0.07530887489229289,0.16921894399078052,0.010899317315977472,2.2769,5.4767446967368025,11.928499275330505,13.224120514734944
4h,2025-02-25T04:00:00+00:00,2025-02-25T08:00:00+00:00,8,1,Tuesday,expand,0.0890698972285587,0.12980084451732865,0.010233084828572422,2.1503,6.896712086685573,14.00269729805143,14.00269729805143
4h,2025-03-02T12:00:00+00:00,2025-03-02T16:00:00+00:00,16,6,Sunday,expand,0.10243145502126258,0.40622256379017263,0.029589888075287493,2.5972,15.905590636069613,15.905590636069613,18.519944555675337
4h,2025-03-02T16:00:00+00:00,2025-03-02T20:00:00+00:00,20,6,Sunday,expand,0.12462206537688668,0.2166386326448042,0.0221906103556241,2.8703,4.442044385604291,15.402571159809078,21.837438595268782
4h,2025-03-05T04:00:00+00:00,2025-03-05T08:00:00+00:00,8,2,Wednesday,contract,0.14271671201869057,-0.046763152420332244,-0.00700128553989926,2.4458,3.880121023795912,5.0004088641753235,5.625971052416385
4h,2025-03-05T20:00:00+00:00,2025-03-06T00:00:00+00:00,0,3,Thursday,contract,0.12534005393497033,-0.05686304654751295,-0.007556927225766952,2.498,3.1545236188951242,7.045636509207371,7.045636509207371
4h,2025-03-08T04:00:00+00:00,2025-03-08T08:00:00+00:00,8,5,Saturday,contract,0.11102825483430775,-0.044314673409989624,-0.005148327294946756,2.3606,2.8170804032873002,2.8170804032873002,2.8170804032873002
4h,2025-03-09T04:00:00+00:00,2025-03-09T08:00:00+00:00,8,6,Sunday,contract,0.08913964485839901,-0.045185529324568985,-0.00421843421987686,2.3382,4.3067316739372075,11.098280728765719,11.098280728765719
4h,2025-03-12T20:00:00+00:00,2025-03-13T00:00:00+00:00,0,3,Thursday,contract,0.09035954117750246,-0.047638999211414235,-0.004519964705961721,2.2382,1.4699311947100417,6.00929318202127,6.00929318202127
4h,2025-03-13T00:00:00+00:00,2025-03-13T04:00:00+00:00,4,3,Thursday,contract,0.0862552882362523,-0.045421356591306306,-0.004104252941250164,2.2397,1.6609367325981113,6.005268562753943,6.005268562753943
4h,2025-03-19T04:00:00+00:00,2025-03-19T08:00:00+00:00,8,2,Wednesday,contract,0.051324409850304904,-0.04278712195911705,-0.002294185373100374,2.2924,2.4472168905950014,12.907869481765836,12.907869481765836
4h,2025-03-19T12:00:00+00:00,2025-03-19T16:00:00+00:00,16,2,Wednesday,expand,0.06740370033010985,0.30461661572572774,0.015738176897683885,2.5532,4.4101519661601145,5.737897540341535,5.737897540341535
4h,2025-03-22T16:00:00+00:00,2025-03-22T20:00:00+00:00,20,5,Saturday,contract,0.05223138586115119,-0.04464559832950654,-0.002440875835473158,2.3799,1.0714735913273512,2.9328963401823547,2.9328963401823547
4h,2025-04-02T20:00:00+00:00,2025-04-03T00:00:00+00:00,0,3,Thursday,expand,0.07160956965255037,0.23804008897875195,0.01376849464211153,2.021,3.240969816922321,6.1306284017812915,6.1306284017812915
4h,2025-04-05T04:00:00+00:00,2025-04-05T08:00:00+00:00,8,5,Saturday,contract,0.06186503934663653,-0.04371531285707553,-0.002828079949741262,2.1355,2.036993678295475,2.8564738937017067,4.256614376024349
4h,2025-04-05T16:00:00+00:00,2025-04-05T20:00:00+00:00,20,5,Saturday,contract,0.05782958871886314,-0.043791611594917845,-0.002648429901451005,2.1184,1.4964123867069412,3.899169184290041,8.71412386706949
4h,2025-04-06T20:00:00+00:00,2025-04-07T00:00:00+00:00,0,0,Monday,expand,0.06167668858563503,0.11010136185015296,0.00611717780110501,1.9204,8.045198916892305,20.391585086440333,20.391585086440333
4h,2025-04-07T00:00:00+00:00,2025-04-07T04:00:00+00:00,4,0,Monday,expand,0.06830692511523252,0.10749987850582698,0.0066302365295974955,1.8223,12.297645832190089,21.48932667508095,21.48932667508095
4h,2025-04-07T04:00:00+00:00,2025-04-07T08:00:00+00:00,8,0,Monday,expand,0.0794350018927159,0.16291286364758073,0.011128076777483384,1.6772,8.412830908657286,19.782971619365615,19.782971619365615
4h,2025-04-07T12:00:00+00:00,2025-04-07T16:00:00+00:00,16,0,Monday,expand,0.09635824142790302,0.1493159575135956,0.012518596813238247,1.8732,4.6818278881059205,5.968396327140728,7.367072389493921
4h,2025-04-09T16:00:00+00:00,2025-04-09T20:00:00+00:00,20,2,Wednesday,expand,0.1041018608426293,0.1362674971823863,0.012484472242874661,2.0376,2.787593246957203,5.791126815861804,8.240086376128787
4h,2025-04-10T08:00:00+00:00,2025-04-10T12:00:00+00:00,12,3,Thursday,contract,0.09136639024173092,-0.044998845721194614,-0.0043051069416716325,1.9985,6.284713535151372,6.284713535151372,6.284713535151372
4h,2025-04-11T04:00:00+00:00,2025-04-11T08:00:00+00:00,8,4,Friday,contract,0.08060214444134697,-0.05236553523910814,-0.0044540111108728325,2.0037,1.896491490742129,4.00758596596296,4.00758596596296
4h,2025-04-12T00:00:00+00:00,2025-04-12T04:00:00+00:00,4,5,Saturday,contract,0.06891088165656618,-0.047840537340708034,-0.0034623755120435362,2.0123,2.4797495403269694,8.820752372906613,8.820752372906613
4h,2025-04-12T08:00:00+00:00,2025-04-12T12:00:00+00:00,12,5,Saturday,contract,0.0644277499997943,-0.04626313143468341,-0.0031252115384457074,2.0608,6.177212732919253,6.177212732919253,9.137228260869561
4h,2025-04-18T08:00:00+00:00,2025-04-18T12:00:00+00:00,12,4,Friday,contract,0.04291339578484803,-0.04943603971556698,-0.002231799675757533,2.0791,1.4525515848203445,1.6834207108845243,2.073012361117809
4h,2025-04-19T20:00:00+00:00,2025-04-20T00:00:00+00:00,0,6,Sunday,contract,0.033494639404884174,-0.04766721353538772,-0.0016765107234526094,2.0865,0.747663551401872,2.7078840162952416,2.7078840162952416
4h,2025-04-22T12:00:00+00:00,2025-04-22T16:00:00+00:00,16,1,Tuesday,expand,0.03742954174174547,0.14486703606763318,0.004736189096788787,2.1542,1.4715439606350311,5.8026181413053575,7.52019311113174
4h,2025-04-22T20:00:00+00:00,2025-04-23T00:00:00+00:00,0,2,Wednesday,expand,0.041775982420178485,0.12846181970087867,0.004755693659986279,2.2138,1.9468786701599226,5.054657150600772,5.054657150600772
4h,2025-04-23T12:00:00+00:00,2025-04-23T16:00:00+00:00,16,2,Wednesday,expand,0.04739388103661803,0.1096983906527611,0.004685086074106289,2.2265,2.295081967213111,4.828205704019759,6.004940489557608
4h,2025-04-26T16:00:00+00:00,2025-04-26T20:00:00+00:00,20,5,Saturday,contract,0.040161570141554206,-0.045802835297116595,-0.0019278130878118763,2.198,0.7688808007279407,2.211101000909917,5.818926296633299
4h,2025-04-27T08:00:00+00:00,2025-04-27T12:00:00+00:00,12,6,Sunday,contract,0.03611339818859148,-0.04440046790225294,-0.0016779537068147277,2.1795,4.496444138563885,5.593025923376906,8.708419362239045
4h,2025-04-27T12:00:00+00:00,2025-04-27T16:00:00+00:00,16,6,Sunday,expand,0.04053386974654922,0.12240530605492017,0.004420471557957738,2.227,3.1162999550965385,5.765603951504249,6.650202065559044
4h,2025-04-30T12:00:00+00:00,2025-04-30T16:00:00+00:00,16,2,Wednesday,expand,0.04730040230169473,0.12536400369727185,0.005269199822946567,2.1563,3.2555766822798433,3.320502712980574,5.017854658442706
4h,2025-05-12T12:00:00+00:00,2025-05-12T16:00:00+00:00,16,0,Monday,expand,0.06884279959673366,0.1831799946872641,0.010658246184866632,2.5929,7.196575263218802,7.5359635928882795,7.5359635928882795
4h,2025-05-12T16:00:00+00:00,2025-05-12T20:00:00+00:00,20,0,Monday,expand,0.07725402819696699,0.12218022290645503,0.008411228600233328,2.5323,2.1877344706393442,5.852387157919681,7.325356395371804
4h,2025-05-16T04:00:00+00:00,2025-05-16T08:00:00+00:00,8,4,Friday,contract,0.07185767877132883,-0.04415977432665086,-0.0033198214439483925,2.4064,2.838264627659585,3.299534574468091,5.327460106382982
4h,2025-05-17T04:00:00+00:00,2025-05-17T08:00:00+00:00,8,5,Saturday,contract,0.06383986709307972,-0.04349624049327927,-0.00290306669946766,2.3793,1.7610221493716656,3.576682217458905,4.2155255747488685
4h,2025-05-18T00:00:00+00:00,2025-05-18T04:00:00+00:00,4,6,Sunday,contract,0.05571408913062793,-0.04724311911573287,-0.002762622240817532,2.3572,1.6884439165111171,3.8817240794162524,5.014423892754109
4h,2025-05-24T04:00:00+00:00,2025-05-24T08:00:00+00:00,8,5,Saturday,contract,0.05095834454954822,-0.0451968638964475,-0.002412180349965272,2.3349,1.2120433423272845,1.6574585635359094,2.895198937855996
4h,2025-05-24T12:00:00+00:00,2025-05-24T16:00:00+00:00,16,5,Saturday,contract,0.04676561341262065,-0.05217437419239823,-0.0025742779548169684,2.3514,0.6124011227353998,2.666496555243684,3.801990303648887
4h,2025-05-24T16:00:00+00:00,2025-05-24T20:00:00+00:00,20,5,Saturday,contract,0.04445378388314776,-0.04943438909001874,-0.0023118295294728905,2.3476,1.2608621570966216,3.1265973760436343,3.6292383711024003
4h,2025-05-30T00:00:00+00:00,2025-05-30T04:00:00+00:00,4,4,Friday,expand,0.043956373753290374,0.16526387789131713,0.006234125095900739,2.2164,2.282981411297609,4.078686157733272,6.587258617578069
4h,2025-06-07T08:00:00+00:00,2025-06-07T12:00:00+00:00,12,5,Saturday,contract,0.03449917899680153,-0.04350539358017358,-0.0015691676151385753,2.1818,0.5591713264277197,1.127509395911651,3.8362819690164236
4h,2025-06-07T12:00:00+00:00,2025-06-07T16:00:00+00:00,16,5,Saturday,contract,0.03290638049702999,-0.04616917115387609,-0.001592798499771536,2.1821,0.6553320196141321,2.6259108198524417,5.847578021172272
4h,2025-06-07T20:00:00+00:00,2025-06-08T00:00:00+00:00,0,6,Sunday,contract,0.030157542367337076,-0.044962949776229166,-0.001419810951333634,2.1756,0.5056076484647968,5.865048722191586,5.924802353373792
4h,2025-06-08T00:00:00+00:00,2025-06-08T04:00:00+00:00,4,6,Sunday,contract,0.028789146483955867,-0.04537491373512215,-0.0013683958833812099,2.1741,2.4193919322938218,5.652913849408951,5.712708707051197
4h,2025-06-13T00:00:00+00:00,2025-06-13T04:00:00+00:00,4,4,Friday,expand,0.042228494742663866,0.14060182050245418,0.005205500404410479,2.1238,1.8363311046237734,3.310104529616726,3.310104529616726
4h,2025-06-15T04:00:00+00:00,2025-06-15T08:00:00+00:00,8,6,Sunday,contract,0.033988354848995025,-0.042658240225430966,-0.0015144888345380789,2.1502,0.9952562552320651,1.6696121291042612,2.9578643847083836
4h,2025-06-16T20:00:00+00:00,2025-06-17T00:00:00+00:00,0,1,Tuesday,expand,0.040660037441374745,0.14749019895650273,0.005226150966048067,2.2372,2.4897192919721016,4.232969783658144,5.162703379224027
4h,2025-06-19T12:00:00+00:00,2025-06-19T16:00:00+00:00,16,3,Thursday,contract,0.03663550628725831,-0.044413394097314485,-0.001702731252865998,2.1446,1.5200969877832677,1.8138580621094813,2.3314370978270924
4h,2025-06-19T20:00:00+00:00,2025-06-20T00:00:00+00:00,0,4,Friday,contract,0.034779594706870705,-0.043130109691844165,-0.0015676611312977276,2.1639,0.8688017006331231,2.3106428208327476,4.399463930865575
4h,2025-06-21T08:00:00+00:00,2025-06-21T12:00:00+00:00,12,5,Saturday,contract,0.0311065739034631,-0.043761935404733276,-0.0014235826079587038,2.1361,1.5261457796919602,7.284303169327277,7.284303169327277
4h,2025-06-21T20:00:00+00:00,2025-06-22T00:00:00+00:00,0,6,Sunday,expand,0.037981320286409805,0.16744439768682784,0.00544759074719927,2.0618,2.4056649529537233,7.997865942380458,8.822388204481529
4h,2025-06-22T12:00:00+00:00,2025-06-22T16:00:00+00:00,16,6,Sunday,expand,0.044872872987821465,0.11364037608986033,0.0045790097701675775,1.9333,2.850049138778251,6.5949412920912405,6.827703925929764
4h,2025-06-22T20:00:00+00:00,2025-06-23T00:00:00+00:00,0,0,Monday,expand,0.05056028334153991,0.10869591371282938,0.004956901281419984,2.0159,1.4584056748846606,2.698546554888647,10.387420010913242
4h,2025-06-25T04:00:00+00:00,2025-06-25T08:00:00+00:00,8,2,Wednesday,contract,0.045781219219772386,-0.04367604079907006,-0.0020908630169055864,2.1846,1.0894442918612124,2.696145747505262,2.696145747505262
4h,2025-06-26T04:00:00+00:00,2025-06-26T08:00:00+00:00,8,3,Thursday,contract,0.040852265393374894,-0.043843851032408065,-0.001873251184105744,2.1886,1.1879740473361875,4.559992689390483,5.396143653477113
4h,2025-06-28T08:00:00+00:00,2025-06-28T12:00:00+00:00,12,5,Saturday,contract,0.03943741885294127,-0.047801408103547605,-0.0019798014502262484,2.1915,1.127081907369369,1.5286333561487402,1.5286333561487402
4h,2025-06-28T20:00:00+00:00,2025-06-29T00:00:00+00:00,0,6,Sunday,contract,0.035547561669064115,-0.04789698539530507,-0.0017882739745433765,2.1843,0.6912969830151486,1.071281417387705,2.0693128233301246
4h,2025-06-29T04:00:00+00:00,2025-06-29T08:00:00+00:00,8,6,Sunday,contract,0.03228794858199916,-0.0527788256658126,-0.0017990729678460798,2.1836,0.6640410331562537,1.9280087928191987,2.2348415460707067
4h,2025-06-30T16:00:00+00:00,2025-06-30T20:00:00+00:00,20,0,Monday,expand,0.036694810209475126,0.26625407386067157,0.007715783830040374,2.3192,3.9496378061400534,5.795101759227314,7.343049327354266
4h,2025-06-30T20:00:00+00:00,2025-07-01T00:00:00+00:00,0,1,Tuesday,expand,0.040616609480226905,0.1068761290319773,0.003921799270751779,2.2358,1.3373289202969871,3.519992843724841,4.839431076124881
4h,2025-07-05T20:00:00+00:00,2025-07-06T00:00:00+00:00,0,6,Sunday,contract,0.029984099626993988,-0.04292921691990326,-0.0013449307405380174,2.2163,0.6407074854487305,3.708884176329932,3.7224202499661607
4h,2025-07-07T12:00:00+00:00,2025-07-07T16:00:00+00:00,16,0,Monday,expand,0.03291539560206949,0.12275701114361537,0.003598815722917724,2.3381,3.173516958213946,4.537872631623972,4.537872631623972
4h,2025-07-11T12:00:00+00:00,2025-07-11T16:00:00+00:00,16,4,Friday,expand,0.06949152857143007,0.45759435734689724,0.02181603626373614,2.7773,5.645771072624493,7.1364274655240685,7.1364274655240685
4h,2025-07-11T20:00:00+00:00,2025-07-12T00:00:00+00:00,0,5,Saturday,expand,0.08446871596210039,0.11542475111172279,0.00874086800291532,2.7335,5.824035119809761,6.830071337113594,6.830071337113594
4h,2025-07-17T20:00:00+00:00,2025-07-18T00:00:00+00:00,0,4,Friday,expand,0.11447434526125268,0.11595119612097005,0.011894281133749782,3.484,5.740528128587835,9.098737083811717,9.098737083811717
4h,2025-07-23T12:00:00+00:00,2025-07-23T16:00:00+00:00,16,2,Wednesday,expand,0.09496118351071216,0.11915872690969631,0.010110678191483674,3.3219,4.870706523375175,11.087028507781692,11.087028507781692
4h,2025-07-26T04:00:00+00:00,2025-07-26T08:00:00+00:00,8,5,Saturday,contract,0.10001248781170227,-0.04720333867050108,-0.004954806754746327,3.154,1.7913760304375466,2.048192771084337,2.6981610653138928
4h,2025-07-26T12:00:00+00:00,2025-07-26T16:00:00+00:00,16,5,Saturday,contract,0.09179699204172291,-0.05270615301829806,-0.005107460926286361,3.1909,1.917954182205645,2.601147011814854,2.601147011814854
4h,2025-07-31T04:00:00+00:00,2025-07-31T08:00:00+00:00,8,3,Thursday,contract,0.07508361453284669,-0.0496398342636819,-0.003921816502526682,3.154,1.017755231452132,5.3804692454026695,7.926442612555486
4h,2025-08-07T20:00:00+00:00,2025-08-08T00:00:00+00:00,0,4,Friday,expand,0.07813261172473632,0.1815462066880722,0.012005183713481818,3.3181,3.1765166812332346,5.313281697356918,5.313281697356918
4h,2025-08-09T00:00:00+00:00,2025-08-09T04:00:00+00:00,4,5,Saturday,contract,0.08151187275080059,-0.042567140162783845,-0.0036239902116000644,3.2903,1.4436373582955926,3.093942801568243,4.27620581709874
4h,2025-08-14T12:00:00+00:00,2025-08-14T16:00:00+00:00,16,3,Thursday,expand,0.08244821795186931,0.19002611629590915,0.013165521696010055,3.0941,1.7937364661775743,3.6715038298697498,4.2661840276655605
4h,2025-08-16T16:00:00+00:00,2025-08-16T20:00:00+00:00,20,5,Saturday,contract,0.062363598030938674,-0.049101654656816374,-0.0032202767716106584,3.0985,0.5906083588833301,1.9106019041471725,2.278521865418744
4h,2025-08-16T20:00:00+00:00,2025-08-17T00:00:00+00:00,0,6,Sunday,contract,0.05921619817158591,-0.05046854188546557,-0.0031473998593527647,3.1039,1.3273623505911887,2.042591578336935,2.274557814362569
4h,2025-08-22T12:00:00+00:00,2025-08-22T16:00:00+00:00,16,4,Friday,expand,0.07294279943977153,0.24803553689661784,0.014496707735402202,3.016,2.8017241379310427,4.568965517241376,4.568965517241376
4h,2025-08-23T16:00:00+00:00,2025-08-23T20:00:00+00:00,20,5,Saturday,contract,0.06650206921092476,-0.05062662267809648,-0.003546313016224989,3.0291,1.0861311940840417,3.053712323792539,4.374236571919046
4h,2025-08-26T16:00:00+00:00,2025-08-26T20:00:00+00:00,20,1,Tuesday,expand,0.06855930756264975,0.1093320625258909,0.006756976341334639,3.0596,1.9512354556151232,2.670283697215326,2.670283697215326
4h,2025-08-30T16:00:00+00:00,2025-08-30T20:00:00+00:00,20,5,Saturday,contract,0.0498636332095418,-0.04375871507347728,-0.0022818179391955254,2.8091,0.6728133565910919,2.4954611797372843,2.5346196290626786
4h,2025-08-30T20:00:00+00:00,2025-08-31T00:00:00+00:00,0,6,Sunday,contract,0.04765194512314598,-0.044354731976742445,-0.0022116880863958174,2.8167,1.8248304753789777,2.410622359498699,3.5289523200908763
4h,2025-09-06T00:00:00+00:00,2025-09-06T04:00:00+00:00,4,5,Saturday,contract,0.044420726413301824,-0.0456472899288054,-0.0021246712625616893,2.8255,0.4813307379225014,1.2245620244204634,1.2245620244204634
4h,2025-09-06T04:00:00+00:00,2025-09-06T08:00:00+00:00,8,5,Saturday,contract,0.04221924595520886,-0.0495597581545566,-0.002201480458092965,2.8189,0.7024016460321416,1.0039377061974604,1.5112277838873387
4h,2025-09-06T16:00:00+00:00,2025-09-06T20:00:00+00:00,20,5,Saturday,contract,0.037288368572738276,-0.043769465572292776,-0.001706797582518342,2.793,0.6552094522019327,1.5395631936985372,4.829931972789116
4h,2025-09-07T08:00:00+00:00,2025-09-07T12:00:00+00:00,12,6,Sunday,contract,0.0316993543004472,-0.04672629353805846,-0.001553796484649761,2.8304,3.5507348784624013,3.5507348784624013,4.472866026003385
4h,2025-09-07T12:00:00+00:00,2025-09-07T16:00:00+00:00,16,6,Sunday,expand,0.03661368613612953,0.15502939867809862,0.00491433183568233,2.8991,1.7591666379221191,2.104101272808801,5.042944362043389
4h,2025-09-10T20:00:00+00:00,2025-09-11T00:00:00+00:00,0,3,Thursday,contract,0.04026137053742004,-0.04569413934073041,-0.0019277977336476931,2.9822,1.1233317684930468,3.1151498893434444,3.564482596740663
4h,2025-09-13T20:00:00+00:00,2025-09-14T00:00:00+00:00,0,6,Sunday,contract,0.04524303000013087,-0.04255726357069045,-0.0020110023077023823,3.1181,1.395080337384956,3.7747346140277775,3.7747346140277775
4h,2025-09-22T00:00:00+00:00,2025-09-22T04:00:00+00:00,4,0,Monday,expand,0.037827643495748006,0.1415371291121681,0.004690181269557864,2.9026,8.096189623096544,8.096189623096544,8.096189623096544
4h,2025-09-22T04:00:00+00:00,2025-09-22T08:00:00+00:00,8,0,Monday,expand,0.05191138324605175,0.3723134313636749,0.01408373975030374,2.8046,1.2229908008272121,3.0378663624046185,3.3730300221065317
4h,2025-09-24T08:00:00+00:00,2025-09-24T12:00:00+00:00,12,2,Wednesday,contract,0.04928601336937274,-0.04726515310347068,-0.00244507795149021,2.8789,2.768418493174488,4.407933585744557,6.5580603702803195
4h,2025-09-27T00:00:00+00:00,2025-09-27T04:00:00+00:00,4,5,Saturday,contract,0.05463859811293292,-0.04251399524224786,-0.0024260460086871216,2.7824,0.9524151811385841,1.455577918343867,2.4008050603795192
4h,2025-09-27T12:00:00+00:00,2025-09-27T16:00:00+00:00,16,5,Saturday,contract,0.04873341838706762,-0.048272450034858916,-0.0024718014143898237,2.7826,1.1571911162222384,2.379069934593539,2.379069934593539
4h,2025-10-02T16:00:00+00:00,2025-10-02T20:00:00+00:00,20,3,Thursday,expand,0.048692463672012166,0.11327499175814681,0.0049544258713837,3.0894,2.1104421570531473,2.8096070434388483,2.971450767139254
4h,2025-10-04T04:00:00+00:00,2025-10-04T08:00:00+00:00,8,5,Saturday,contract,0.04650600659205586,-0.046382877661638844,-0.0022620005070812105,3.0168,1.3159639352956873,2.7578891540705435,4.292627950145856
4h,2025-10-04T16:00:00+00:00,2025-10-04T20:00:00+00:00,20,5,Saturday,contract,0.04536712699808554,-0.04325990624058185,-0.0020513174613912,2.9495,0.9187997965757024,4.326156975758608,4.326156975758608
4h,2025-10-07T12:00:00+00:00,2025-10-07T16:00:00+00:00,16,1,Tuesday,expand,0.048390151700041684,0.13292793643973866,0.005677680638458325,2.8835,1.9316802496965446,2.580197676434896,2.580197676434896
4h,2025-10-10T12:00:00+00:00,2025-10-10T16:00:00+00:00,16,4,Friday,expand,0.04814259517672039,0.13937359544793804,0.005889031140252257,2.74,4.872262773722618,57.81021897810218,57.81021897810218
4h,2025-10-10T16:00:00+00:00,2025-10-10T20:00:00+00:00,20,4,Friday,expand,0.05423955266409748,0.1266437229857793,0.00609695748737709,2.6752,56.709778708133975,56.709778708133975,56.709778708133975
4h,2025-10-10T20:00:00+00:00,2025-10-11T00:00:00+00:00,0,5,Saturday,expand,0.15872958461666192,1.9264545303252292,0.10449003195256444,2.3666,6.663567987830632,8.835460153807142,8.835460153807142
4h,2025-10-11T04:00:00+00:00,2025-10-11T08:00:00+00:00,8,5,Saturday,contract,0.15182346836844832,-0.04306532777942618,-0.006832574489880616,2.4102,4.451912704339887,7.584432827151268,8.065720687079907
4h,2025-10-12T08:00:00+00:00,2025-10-12T12:00:00+00:00,12,6,Sunday,contract,0.12150235158122193,-0.04774870657247088,-0.006092488583170921,2.3956,6.4576723993989,9.28786107864417,11.754883953915515
4h,2025-10-14T20:00:00+00:00,2025-10-15T00:00:00+00:00,0,2,Wednesday,contract,0.0945154200762985,-0.04419659135528409,-0.004370416928946019,2.502,1.8545163868904788,4.952038369304571,6.914468425259794
4h,2025-10-15T04:00:00+00:00,2025-10-15T08:00:00+00:00,8,2,Wednesday,contract,0.08678013261680839,-0.04719518673042511,-0.004298471739754492,2.5059,2.8652380382297813,6.903707250887907,6.903707250887907
4h,2025-10-18T20:00:00+00:00,2025-10-19T00:00:00+00:00,0,6,Sunday,contract,0.06582753934838077,-0.046387574780631935,-0.0032021184114139067,2.3582,1.407853447544733,4.126028326689855,4.308370791281501
4h,2025-10-19T20:00:00+00:00,2025-10-20T00:00:00+00:00,0,0,Monday,contract,0.056964486759159993,-0.042988324842345604,-0.002558806673781548,2.3894,3.628525989788231,5.478362768895957,8.286599146229175
4h,2025-10-24T20:00:00+00:00,2025-10-25T00:00:00+00:00,0,5,Saturday,contract,0.04508899585218222,-0.0421426045752078,-0.0019837689117063323,2.5093,2.31140158609972,4.674610449129246,6.045510700195289
4h,2025-10-31T04:00:00+00:00,2025-10-31T08:00:00+00:00,8,4,Friday,contract,0.06010544656774077,-0.04369903847113277,-0.0027465728129031433,2.474,2.0169765561843187,3.5650767987065497,3.5650767987065497
4h,2025-11-01T08:00:00+00:00,2025-11-01T12:00:00+00:00,12,5,Saturday,contract,0.05173241989800921,-0.051522769992566775,-0.002810186146000704,2.4992,1.2243918053777103,1.5685019206145838,3.197023047375154
4h,2025-11-01T16:00:00+00:00,2025-11-01T20:00:00+00:00,20,5,Saturday,contract,0.04800703552430381,-0.04412176722975614,-0.0022159258095618625,2.505,0.9261477045908227,2.614770459081841,3.1257485029940133
4h,2025-11-02T00:00:00+00:00,2025-11-02T04:00:00+00:00,4,6,Sunday,contract,0.04426116838575178,-0.04269344807653663,-0.001973936029673197,2.5056,1.2212643678160993,3.1250000000000013,5.192369093231167
4h,2025-11-03T12:00:00+00:00,2025-11-03T16:00:00+00:00,16,0,Monday,expand,0.05538170739694854,0.13104876527270815,0.006416791738696255,2.327,3.2831972496776975,7.013321873657061,7.125053717232486
4h,2025-11-05T04:00:00+00:00,2025-11-05T08:00:00+00:00,8,2,Wednesday,contract,0.07834998374632185,-0.041815609841511225,-0.003419229518947839,2.2453,1.8483053489511465,7.673807509018836,9.45530664053801
4h,2025-11-08T20:00:00+00:00,2025-11-09T00:00:00+00:00,0,6,Sunday,contract,0.05905251591052325,-0.050409129592390745,-0.0031348089161940956,2.2854,2.122166797934706,4.1699483679005835,6.869694583005165
4h,2025-11-15T04:00:00+00:00,2025-11-15T08:00:00+00:00,8,5,Saturday,contract,0.0681975813358198,-0.04738281484845652,-0.0033921216412169247,2.2842,1.97005516154452,3.331582173189751,4.303476052885039
4h,2025-11-21T04:00:00+00:00,2025-11-21T08:00:00+00:00,8,4,Friday,expand,0.06822099300097016,0.10721555655185733,0.006606077461463848,1.9181,4.342839268025648,9.253949220582868,9.253949220582868
4h,2025-11-24T16:00:00+00:00,2025-11-24T20:00:00+00:00,20,0,Monday,expand,0.06587829257326844,0.11093804712155952,0.00657859287897937,2.2338,2.89193302891933,4.516966603993205,6.177813591189916
4h,2025-11-28T20:00:00+00:00,2025-11-29T00:00:00+00:00,0,5,Saturday,contract,0.05076605672302772,-0.04329513374627825,-0.0022973889786944354,2.1782,0.734551464511983,2.6948856854283343,2.6948856854283343
4h,2025-11-29T00:00:00+00:00,2025-11-29T04:00:00+00:00,4,5,Saturday,contract,0.04828276695709716,-0.04891634147357604,-0.0024832897659305547,2.1845,1.103227283131162,2.687113756008239,2.687113756008239
4h,2025-12-01T00:00:00+00:00,2025-12-01T04:00:00+00:00,4,0,Monday,expand,0.04375708697283392,0.15127106128044598,0.005749454848243553,2.049,2.0302586627623382,3.743289409468044,3.743289409468044
4h,2025-12-02T12:00:00+00:00,2025-12-02T16:00:00+00:00,16,1,Tuesday,expand,0.04901514957615639,0.16465519845179144,0.006929603878757198,2.1542,2.274626311391697,3.9504224306006743,3.9504224306006743
4h,2025-12-06T20:00:00+00:00,2025-12-07T00:00:00+00:00,0,6,Sunday,contract,0.03406104566216888,-0.04251453870846411,-0.0015123881278591295,2.0298,2.0987289388117154,4.187604690117262,6.015370972509601
4h,2025-12-07T08:00:00+00:00,2025-12-07T12:00:00+00:00,12,6,Sunday,contract,0.0338509902768896,-0.0466861850636654,-0.0016577684828376765,2.0325,3.3161131611316064,6.007380073800731,6.6715867158671545
4h,2025-12-13T08:00:00+00:00,2025-12-13T12:00:00+00:00,12,5,Saturday,contract,0.03572318428007964,-0.04350590094431761,-0.0016248603292368796,2.0325,0.782287822878219,1.7613776137761403,2.6765067650676504
4h,2025-12-14T00:00:00+00:00,2025-12-14T04:00:00+00:00,4,6,Sunday,contract,0.030717460595151902,-0.041794103472425626,-0.001339804661165525,2.0232,0.7661130881771375,2.1648873072360644,3.8750494266508513
4h,2025-12-15T12:00:00+00:00,2025-12-15T16:00:00+00:00,16,0,Monday,expand,0.03235785984692054,0.11487142085925384,0.0033340107810061158,1.9239,3.2901917979104898,4.095846977493632,5.067830968345544
4h,2025-12-16T20:00:00+00:00,2025-12-17T00:00:00+00:00,0,2,Wednesday,contract,0.035080839917846246,-0.041973753948943204,-0.0015369876859881657,1.9286,1.4362750181478823,4.718448615576063,7.279892149745922
4h,2025-12-17T12:00:00+00:00,2025-12-17T16:00:00+00:00,16,2,Wednesday,expand,0.03705715766591021,0.10745475875005583,0.0035956032564684326,1.91,3.979057591623029,5.06282722513089,5.65445026178011
4h,2025-12-18T16:00:00+00:00,2025-12-18T20:00:00+00:00,20,3,Thursday,expand,0.04557104500929071,0.1467861850821346,0.005832996537746868,1.8052,1.4624418346997552,5.844227786394855,8.154221138931975
4h,2025-12-19T08:00:00+00:00,2025-12-19T12:00:00+00:00,12,4,Friday,contract,0.044789176814617644,-0.05223285822184531,-0.0024683982165090573,1.8696,2.2571673085151915,3.1718014548566495,5.1133932391955454
4h,2025-12-20T00:00:00+00:00,2025-12-20T04:00:00+00:00,4,5,Saturday,contract,0.04116844228973069,-0.04354943352751761,-0.001874495560748514,1.9031,1.0614260942672478,3.1632599443014047,3.1632599443014047
4h,2025-12-20T16:00:00+00:00,2025-12-20T20:00:00+00:00,20,5,Saturday,contract,0.03764931487497393,-0.049057286613990225,-0.0019422549903826136,1.9242,0.7431659910612192,1.7046045109656047,2.873921629768222
4h,2025-12-20T20:00:00+00:00,2025-12-21T00:00:00+00:00,0,6,Sunday,contract,0.03598150666961865,-0.044298500806555174,-0.0016678082053552812,1.9323,1.2834445996998476,2.861874450137149,2.861874450137149
4h,2025-12-21T04:00:00+00:00,2025-12-21T08:00:00+00:00,8,6,Sunday,contract,0.03350548279166098,-0.047675100141439164,-0.0016773448301277694,1.9243,1.449877877669804,2.873772280829399,2.873772280829399
4h,2025-12-24T20:00:00+00:00,2025-12-25T00:00:00+00:00,0,3,Thursday,contract,0.02789395318307297,-0.046524426205845404,-0.0013610733217748437,1.8618,0.9668063164679351,2.008808679772257,3.3515952304221726
4h,2025-12-25T04:00:00+00:00,2025-12-25T08:00:00+00:00,8,3,Thursday,contract,0.026023867795608845,-0.04279118990757491,-0.001163374445816056,1.8735,1.4945289564985336,3.330664531625301,3.544168668267948
4h,2025-12-27T04:00:00+00:00,2025-12-27T08:00:00+00:00,8,5,Saturday,contract,0.026137496494720185,-0.053582617155432,-0.001479807422670773,1.8468,0.6064544076240036,1.976391596274636,1.9926359107645626
4h,2025-12-27T12:00:00+00:00,2025-12-27T16:00:00+00:00,16,5,Saturday,contract,0.024008351569427103,-0.04236770366472187,-0.0010621808899559312,1.8486,0.7897868657362299,1.9906956615817344,1.9906956615817344
4h,2025-12-28T00:00:00+00:00,2025-12-28T04:00:00+00:00,4,6,Sunday,contract,0.022544587608611995,-0.04261207208876583,-0.0010034298160470877,1.8738,0.40559291279752646,1.4515956879069332,3.468886754189357
4h,2025-12-28T04:00:00+00:00,2025-12-28T08:00:00+00:00,8,6,Sunday,contract,0.021477117065139713,-0.04734930449845576,-0.001067470543472282,1.8728,0.7849209739427678,1.3188808201623328,3.4867577958137623
4h,2025-12-29T00:00:00+00:00,2025-12-29T04:00:00+00:00,4,0,Monday,expand,0.02262002648908738,0.1228804335613447,0.0024753825777625027,1.9141,1.3792382843111635,3.615276108876231,3.8973930306671547
4h,2026-01-02T16:00:00+00:00,2026-01-02T20:00:00+00:00,20,4,Friday,expand,0.027472132946645567,0.18253664573941086,0.004240605157950342,1.991,2.7122049221496756,3.9477649422400805,3.9477649422400805
4h,2026-01-05T00:00:00+00:00,2026-01-05T04:00:00+00:00,4,0,Monday,expand,0.03487223494169942,0.1086489080479549,0.003417520389100037,2.1418,1.7228499393033971,8.081987113642743,14.436455317956865
4h,2026-01-05T16:00:00+00:00,2026-01-05T20:00:00+00:00,20,0,Monday,expand,0.04201152129763319,0.16162214754519777,0.005845267592489746,2.2771,4.079750559922698,6.25356813490843,9.3979184049888
4h,2026-01-06T16:00:00+00:00,2026-01-06T20:00:00+00:00,20,1,Tuesday,expand,0.06005043970878248,0.13088331824365373,0.006949966176247491,2.227,3.73596766951056,4.153569824876527,6.699595868881904
4h,2026-01-10T00:00:00+00:00,2026-01-10T04:00:00+00:00,4,5,Saturday,contract,0.05186679493797049,-0.05264148614342712,-0.0028820611490746745,2.0899,0.9856930953634121,1.4641848892291582,1.4641848892291582
4h,2026-01-10T04:00:00+00:00,2026-01-10T08:00:00+00:00,8,5,Saturday,contract,0.04963345244240116,-0.0430591961242307,-0.002233342495569328,2.0993,0.7240508741008745,1.3385414185681055,1.3385414185681055
4h,2026-01-10T08:00:00+00:00,2026-01-10T12:00:00+00:00,12,5,Saturday,contract,0.04717392012508676,-0.04955392374061918,-0.0024595323173143974,2.1017,1.1229005091116746,1.3370128943236539,1.3370128943236539
4h,2026-01-10T16:00:00+00:00,2026-01-10T20:00:00+00:00,20,5,Saturday,contract,0.04319792092418194,-0.05038787211205975,-0.0022921477633986234,2.0933,0.6353604356757315,0.7834519657956321,1.3089380404146604
4h,2026-01-10T20:00:00+00:00,2026-01-11T00:00:00+00:00,0,6,Sunday,contract,0.041062355143883233,-0.049436772293900644,-0.0021355657802987066,2.0897,0.478537589127637,1.2585538594056558,3.1439919605685067
4h,2026-01-11T00:00:00+00:00,2026-01-11T04:00:00+00:00,4,6,Sunday,contract,0.03884361549074873,-0.05403342417550083,-0.002218739653134502,2.0943,0.6207324643078785,1.255789523945948,3.509525855894577
4h,2026-01-11T04:00:00+00:00,2026-01-11T08:00:00+00:00,8,6,Sunday,contract,0.03699764295569524,-0.04752319040675135,-0.001845972535053489,2.0914,0.5020560390169242,3.141436358420201,3.5143922731184905
4h,2026-01-11T08:00:00+00:00,2026-01-11T12:00:00+00:00,12,6,Sunday,contract,0.03510495417314558,-0.05115700978076254,-0.0018926887825496605,2.0951,1.2553100090687792,3.5081857667891807,3.603646603980712
4h,2026-01-17T04:00:00+00:00,2026-01-17T08:00:00+00:00,8,5,Saturday,contract,0.03350058375642588,-0.04850379583742859,-0.0017077372120327741,2.0571,0.5736230615915409,1.3611394681833444,1.788926158183848
4h,2026-01-17T08:00:00+00:00,2026-01-17T12:00:00+00:00,12,5,Saturday,contract,0.03195054205953829,-0.046269095134507054,-0.0015500416968875913,2.0607,1.2180327073324442,1.7518319017809383,1.7858009414276672
4h,2026-01-18T20:00:00+00:00,2026-01-19T00:00:00+00:00,0,0,Monday,expand,0.029146995224619315,0.15185225751467835,0.003842538828875447,1.9904,7.5261254019292565,7.5261254019292565,9.460409967845667
4h,2026-01-19T00:00:00+00:00,2026-01-19T04:00:00+00:00,4,0,Monday,expand,0.03776506699428935,0.29567616501308147,0.008618071769670037,1.9657,1.0835834562751232,3.922266876939521,3.922266876939521
4h,2026-01-21T16:00:00+00:00,2026-01-21T20:00:00+00:00,20,2,Wednesday,expand,0.04301538858073436,0.14469268647970424,0.0054372778014819614,1.9725,2.5652724968314313,2.5652724968314313,4.50190114068441
4h,2026-01-22T04:00:00+00:00,2026-01-22T08:00:00+00:00,8,3,Thursday,contract,0.04026509063843784,-0.04881799111669305,-0.0020665454337259748,1.9468,1.1403328539141153,3.2668995274296333,3.2668995274296333
4h,2026-01-23T08:00:00+00:00,2026-01-23T12:00:00+00:00,12,4,Friday,contract,0.03372065505224606,-0.04304981718026102,-0.001516973465557389,1.9128,1.8820577164366274,4.114387285654537,4.114387285654537
4h,2026-01-24T00:00:00+00:00,2026-01-24T04:00:00+00:00,4,5,Saturday,contract,0.03245385331495208,-0.04817521307578543,-0.0016426041011501705,1.9224,0.5774032459425774,0.9259259259259278,1.5397419891801951
4h,2026-01-24T04:00:00+00:00,2026-01-24T08:00:00+00:00,8,5,Saturday,contract,0.0309285780781698,-0.046998278508874725,-0.0015252752367822843,1.9179,0.3754106053496061,0.7560352468846111,1.590281036550392
4h,2026-01-24T08:00:00+00:00,2026-01-24T12:00:00+00:00,12,5,Saturday,contract,0.02923367964401482,-0.05480039948397375,-0.0016948984341549796,1.916,0.6315240083507306,1.3726513569937366,1.9728601252609632
4h,2026-01-24T12:00:00+00:00,2026-01-24T16:00:00+00:00,16,5,Saturday,contract,0.028009845383728048,-0.041863845919832166,-0.0012238342602867713,1.9118,0.5753739930955069,1.5378177633643737,2.066115702479344
4h,2026-01-24T16:00:00+00:00,2026-01-24T20:00:00+00:00,20,5,Saturday,contract,0.026794856427747465,-0.0433772103821185,-0.001214988955980583,1.9156,0.47504698266862116,1.9158488202129973,5.893714762998538
4h,2026-01-24T20:00:00+00:00,2026-01-25T00:00:00+00:00,0,6,Sunday,contract,0.025530938111479797,-0.047170184310404206,-0.0012639183162676676,1.9135,0.9877188398223108,1.7350405016984527,5.570943297622148
4h,2026-01-25T04:00:00+00:00,2026-01-25T08:00:00+00:00,8,6,Sunday,contract,0.02398177826959227,-0.042922478451604684,-0.0010755214053532504,1.8939,1.362268335181374,5.3857120228100674,5.3857120228100674
4h,2026-01-25T16:00:00+00:00,2026-01-25T20:00:00+00:00,20,6,Sunday,expand,0.027597801333197607,0.160437054118852,0.0038155537436001807,1.817,1.5575123830489814,4.727572922399553,7.369290038525037
4h,2026-01-29T12:00:00+00:00,2026-01-29T16:00:00+00:00,16,3,Thursday,expand,0.034114548428227885,0.15160969605826846,0.00449118858244401,1.8,3.5999999999999983,7.622222222222222,7.622222222222222
4h,2026-01-30T00:00:00+00:00,2026-01-30T04:00:00+00:00,4,4,Friday,expand,0.04081212204694484,0.142778813084262,0.005099067534850392,1.7467,2.4388847541077445,4.173584473578759,4.173584473578759
4h,2026-01-31T16:00:00+00:00,2026-01-31T20:00:00+00:00,20,5,Saturday,expand,0.05279648174224425,0.16065510893290158,0.007307962942904304,1.5817,5.23487386988683,6.910286400708096,6.910286400708096
4h,2026-02-02T20:00:00+00:00,2026-02-03T00:00:00+00:00,0,1,Tuesday,contract,0.0507085703687551,-0.0427065304557086,-0.002262197720673459,1.6189,2.124899623200938,2.8784977453826657,6.677373525233188
4h,2026-02-06T00:00:00+00:00,2026-02-06T04:00:00+00:00,4,4,Friday,expand,0.07503009039389721,0.11508798696792044,0.007743839200469435,1.2691,5.689070995193448,22.047120006303686,22.047120006303686
4h,2026-02-07T20:00:00+00:00,2026-02-08T00:00:00+00:00,0,6,Sunday,contract,0.0709139875814818,-0.04408354581086438,-0.003270306737037071,1.4224,2.0106861642294684,4.20416197975252,4.20416197975252
4h,2026-02-08T00:00:00+00:00,2026-02-08T04:00:00+00:00,4,6,Sunday,contract,0.06789155989709024,-0.04262103694167141,-0.0030224276843915654,1.4161,1.1722335993220783,4.22286561683496,4.22286561683496
4h,2026-02-08T04:00:00+00:00,2026-02-08T08:00:00+00:00,8,6,Sunday,contract,0.06422787704729807,-0.05396374535134507,-0.0036636828497921686,1.42,3.1056338028169037,4.211267605633793,4.211267605633793
4h,2026-02-10T20:00:00+00:00,2026-02-11T00:00:00+00:00,0,2,Wednesday,contract,0.04346214280339817,-0.05003975123333304,-0.0022893956002614096,1.3988,1.9087789533886148,5.34029167858164,5.626251072347726
4h,2026-02-12T04:00:00+00:00,2026-02-12T08:00:00+00:00,8,3,Thursday,contract,0.039560099183389645,-0.04202377026777071,-0.0017353922448761355,1.381,2.2737146994931114,4.518464880521362,4.518464880521362
4h,2026-02-14T00:00:00+00:00,2026-02-14T04:00:00+00:00,4,5,Saturday,contract,0.03269171671245265,-0.043637293939260635,-0.001491670516342504,1.4156,1.2644814919468794,6.541395874540832,9.63549025148346
4h,2026-02-15T04:00:00+00:00,2026-02-15T08:00:00+00:00,8,6,Sunday,expand,0.03971986419112412,0.19671945359308873,0.006529241216067377,1.6482,6.819560732920765,13.657323140395587,13.657323140395587
4h,2026-02-15T08:00:00+00:00,2026-02-15T12:00:00+00:00,12,6,Sunday,expand,0.044911302463186684,0.13070130972962035,0.0051914382720625665,1.5619,3.495742365068185,7.766182213970161,7.766182213970161
4h,2026-02-18T04:00:00+00:00,2026-02-18T08:00:00+00:00,8,2,Wednesday,contract,0.03496845396148158,-0.045296808748869544,-0.001659111843190883,1.4862,2.065670838379772,5.651998385143324,6.001883999461726
4h,2026-02-21T04:00:00+00:00,2026-02-21T08:00:00+00:00,8,5,Saturday,contract,0.028984524579598568,-0.045071655570041336,-0.0013680403522768024,1.4303,1.3214011046633516,2.586869887436197,3.313990072012872
4h,2026-02-22T04:00:00+00:00,2026-02-22T08:00:00+00:00,8,6,Sunday,contract,0.024461648659562515,-0.04636689795569404,-0.0011893575891971063,1.4203,0.6688727733577459,3.3021192705766347,6.773216926001554
4h,2026-02-22T08:00:00+00:00,2026-02-22T12:00:00+00:00,12,6,Sunday,contract,0.023392959469593768,-0.04368835497729118,-0.0010686891899687467,1.4224,2.6574803149606336,6.594488188976384,6.594488188976384
4h,2026-02-23T00:00:00+00:00,2026-02-23T04:00:00+00:00,4,0,Monday,expand,0.02642835577392407,0.1260964435662173,0.0029593572481596865,1.3403,3.1634708647317757,6.692531522793413,7.364022979929867
4h,2026-02-28T00:00:00+00:00,2026-02-28T04:00:00+00:00,4,5,Saturday,contract,0.030461448578053853,-0.04338930434105692,-0.0013816498906195109,1.354,5.044313146233384,6.595273264401767,9.121122599704574
4h,2026-03-01T00:00:00+00:00,2026-03-01T04:00:00+00:00,4,6,Sunday,contract,0.034323111550245276,-0.05849701046852274,-0.0021325470423265644,1.3796,,,
