ts,event_side,gap_low,gap_high,gap_bps,gap_size,atr,regime_bias,structure_regime,close,aligned,r_stop_anchor,reason_stop_anchor,r_tp_anchor,reason_tp_anchor
2022-03-03 16:00:00+00:00,bearish,42761.4,43310.0,129.34987892606085,548.5999999999985,526.779136199713,bearish,BALANCE,42412.1,True,1.0,tp,1.0414231739656648,tp
2022-03-04 01:00:00+00:00,bearish,41686.5,42362.1,162.7857666062682,675.5999999999985,523.1357159490343,bearish,IMBALANCE,41502.4,True,1.0,tp,1.2914430794968228,tp
2022-03-04 20:00:00+00:00,bearish,39888.7,40552.0,168.1053490599996,663.3000000000029,542.6675009780977,bearish,IMBALANCE,39457.4,True,0.0,time,1.2222954181049743,tp
2022-03-06 10:00:00+00:00,bearish,38720.0,39087.5,96.10330516918104,367.5,351.3221266652732,bearish,IMBALANCE,38240.1,True,-1.0,sl,-1.0,sl
2022-03-06 11:00:00+00:00,bearish,38359.1,38555.0,51.10759204714771,195.90000000000146,347.877689046325,bearish,IMBALANCE,38330.9,True,-1.0,sl,-1.0,sl
2022-03-07 00:00:00+00:00,bearish,38524.0,38918.7,102.8092155815733,394.6999999999971,428.98008612055276,bearish,IMBALANCE,38391.5,True,1.0,tp,0.9200893299487081,tp
2022-03-07 03:00:00+00:00,bearish,37950.0,38261.0,82.16905159476654,311.0,444.7158342590575,bearish,IMBALANCE,37848.8,True,-1.0,sl,-1.0,sl
2022-03-07 19:00:00+00:00,bearish,38020.0,38502.0,129.2616798118465,482.0,521.7368315619264,bearish,BALANCE,37288.7,True,-1.0,sl,-1.0,sl
2022-03-09 04:00:00+00:00,bullish,39500.0,41194.9,407.12254270835376,1694.9000000000015,594.9347153757863,bullish,BALANCE,41631.2,True,-1.0,sl,-1.0,sl
2022-03-11 02:00:00+00:00,bearish,38724.2,39101.9,98.74251653551656,377.70000000000437,502.8022386831186,bearish,BALANCE,38251.0,True,-1.0,sl,-1.0,sl
2022-03-11 14:00:00+00:00,bearish,39596.9,39710.0,28.77525785785851,113.09999999999854,528.0410502304841,bearish,BALANCE,39304.6,True,1.0,tp,0.21418789306367544,tp
2022-03-13 23:00:00+00:00,bearish,37869.7,38631.1,201.72903027525163,761.4000000000015,328.96238564134376,bearish,BALANCE,37743.7,True,-1.0,sl,-1.0,sl
2022-03-14 23:00:00+00:00,bullish,38768.7,39312.0,137.01082872259477,543.3000000000029,398.6418911635361,bullish,BALANCE,39653.8,True,-1.0,sl,-1.0,sl
2022-03-15 08:00:00+00:00,bearish,38470.8,38707.1,61.62006263706633,236.29999999999563,390.8487591278841,bearish,BALANCE,38347.9,True,-1.0,sl,-1.0,sl
2022-03-16 02:00:00+00:00,bullish,39419.1,39458.5,9.64084193423709,39.400000000001455,546.3398522878323,bullish,BALANCE,40867.8,True,-1.0,sl,-1.0,both_sl_first
2022-03-16 09:00:00+00:00,bullish,39659.9,40209.0,135.61976081920128,549.0999999999985,612.7356565204453,bullish,BALANCE,40488.2,True,-1.0,sl,0.8961450083029004,tp
2022-03-16 20:00:00+00:00,bullish,40575.0,40750.0,42.44729259040061,175.0,680.6855832912677,bullish,BALANCE,41227.6,True,-1.0,sl,0.2570937365146404,tp
2022-03-18 16:00:00+00:00,bullish,40796.6,40874.2,18.75021142313103,77.59999999999854,347.61237682438167,bullish,BALANCE,41386.2,True,1.0,tp,0.22323716062389318,tp
2022-03-18 17:00:00+00:00,bullish,41086.0,41319.8,56.154947303698556,233.8000000000029,349.0829213369256,bullish,BALANCE,41634.8,True,1.0,tp,0.6697549083884948,tp
2022-03-21 03:00:00+00:00,bearish,40967.0,41156.0,46.31070316309453,189.0,332.74348622160585,bearish,BALANCE,40811.3,True,-1.0,sl,-1.0,sl
2022-03-22 04:00:00+00:00,bullish,41999.0,42223.2,52.14875187242329,224.1999999999971,431.417187422028,bullish,BALANCE,42992.4,True,-1.0,sl,-1.0,sl
2022-03-22 05:00:00+00:00,bullish,42500.0,42810.0,72.34539089848307,310.0,421.1873883204544,bullish,BALANCE,42850.0,True,-1.0,sl,-1.0,sl
2022-03-22 11:00:00+00:00,bullish,42587.8,42734.6,34.15780533773777,146.79999999999563,424.9761391979086,bullish,BALANCE,42977.0,True,-1.0,sl,0.3454311582694075,tp
2022-03-24 00:00:00+00:00,bullish,42548.0,42739.2,44.43401247033985,191.1999999999971,372.0697860994622,bullish,BALANCE,43030.1,True,-1.0,sl,-1.0,sl
2022-03-24 15:00:00+00:00,bullish,43050.0,43450.0,90.97732390201742,400.0,394.98345429308057,bullish,BALANCE,43967.0,True,1.0,tp,1.0127006477167364,tp
2022-03-24 16:00:00+00:00,bullish,43665.0,43820.0,35.24745990885689,155.0,393.0560647007177,bullish,IMBALANCE,43974.8,True,1.0,tp,0.3943457789361977,tp
2022-03-25 12:00:00+00:00,bullish,44328.3,44412.2,18.723958856386606,83.89999999999418,323.5302312296529,bullish,IMBALANCE,44808.9,True,-1.0,sl,0.2593266158810317,tp
2022-03-27 21:00:00+00:00,bullish,44872.3,45832.8,206.30048777554163,960.5,393.70046939502976,bullish,BALANCE,46558.3,True,0.0,time,2.439671970612405,tp
2022-03-29 05:00:00+00:00,bullish,47415.5,47490.0,15.645935626950493,74.5,369.3528980660921,bullish,BALANCE,47616.2,True,-1.0,sl,0.20170411655107398,tp
2022-03-29 12:00:00+00:00,bullish,47607.8,47777.4,35.464848814352926,169.59999999999854,334.9266766419169,bullish,BALANCE,47822.0,True,-1.0,sl,-1.0,both_sl_first
2022-03-31 14:00:00+00:00,bearish,46912.4,47110.0,42.33039991088306,197.59999999999854,335.3243249385422,bearish,BALANCE,46680.4,True,1.0,tp,0.5892802439435758,tp
2022-03-31 17:00:00+00:00,bearish,45899.0,46335.9,95.34221942895084,436.90000000000146,371.5495779482423,bearish,BALANCE,45824.4,True,1.0,tp,1.175886142604797,tp
2022-04-01 02:00:00+00:00,bearish,45060.3,45338.3,62.62051069504262,278.0,418.69231116779326,bearish,IMBALANCE,44394.4,True,-1.0,sl,-1.0,sl
2022-04-01 03:00:00+00:00,bearish,44585.0,44861.1,61.926656947403515,276.09999999999854,412.55714608437967,bearish,IMBALANCE,44585.0,True,-1.0,sl,-1.0,sl
2022-04-03 22:00:00+00:00,bullish,46466.6,46551.6,18.207327913975732,85.0,372.71552293653866,bullish,BALANCE,46684.5,True,-1.0,sl,-1.0,sl
2022-04-04 18:00:00+00:00,bearish,45520.0,45556.0,7.9140359824835995,36.0,362.56727250781734,bearish,BALANCE,45488.8,True,-1.0,sl,-1.0,sl
2022-04-06 00:00:00+00:00,bearish,45494.2,45770.0,61.316140506892594,275.8000000000029,417.5875044076293,bearish,BALANCE,44980.0,True,1.0,tp,-1.0,sl
2022-04-06 14:00:00+00:00,bearish,44430.2,44653.1,50.38085120810104,222.90000000000146,414.9549719676112,bearish,IMBALANCE,44243.0,True,1.0,tp,0.5371667170128474,tp
2022-04-06 23:00:00+00:00,bearish,43609.0,43776.0,38.69350343028334,167.0,468.7655479941467,bearish,IMBALANCE,43159.7,True,-1.0,sl,0.3562548500302449,tp
2022-04-08 18:00:00+00:00,bearish,43330.0,43390.5,14.091527381817505,60.5,417.5189883900249,bearish,BALANCE,42933.6,True,1.0,tp,0.14490358925540445,tp
2022-04-10 22:00:00+00:00,bearish,42729.4,43078.0,82.82763962611104,348.59999999999854,296.48523363010554,bearish,BALANCE,42087.4,True,1.0,tp,-1.0,sl
2022-04-10 23:00:00+00:00,bearish,42398.0,42650.0,59.80009681920437,252.0,307.2077169422408,bearish,BALANCE,42140.4,True,1.0,tp,0.8202918940587006,tp
2022-04-11 10:00:00+00:00,bearish,41632.5,42060.0,102.80371584331512,427.5,340.7414972906803,bearish,BALANCE,41584.1,True,1.0,tp,1.254616779579716,tp
2022-04-12 19:00:00+00:00,bearish,39709.7,39923.1,54.32638088037287,213.40000000000146,420.52858920794296,bearish,BALANCE,39281.1,True,-1.0,sl,-1.0,sl
2022-04-12 20:00:00+00:00,bearish,39581.0,39607.9,6.810850774006718,26.900000000001455,415.990832835947,bearish,BALANCE,39495.8,True,-1.0,sl,0.06466488652313654,tp
2022-04-13 11:00:00+00:00,bearish,39977.6,40003.5,6.524307453580801,25.900000000001455,349.7705732850931,bearish,BALANCE,39697.7,True,-1.0,sl,0.07404853918025446,tp
2022-04-16 16:00:00+00:00,bearish,40213.5,40373.6,39.84053830763529,160.09999999999854,203.71930520354414,bearish,BALANCE,40185.2,True,-1.0,sl,-1.0,sl
2022-04-17 17:00:00+00:00,bearish,40262.8,40306.1,10.802369036866672,43.299999999995634,198.08118806589522,bearish,BALANCE,40083.8,True,1.0,tp,0.21859723491557012,tp
2022-04-18 00:00:00+00:00,bearish,39750.0,39900.1,37.80123250654119,150.09999999999854,245.5389559826513,bearish,BALANCE,39707.7,True,1.0,tp,0.6113082928095706,tp
2022-04-18 05:00:00+00:00,bearish,38967.3,39721.0,193.8015392012911,753.6999999999971,312.18187842801115,bearish,BALANCE,38890.3,True,-1.0,sl,-1.0,sl
2022-04-19 14:00:00+00:00,bullish,41080.0,41347.0,64.26719749285719,267.0,332.11636450735926,bullish,IMBALANCE,41545.3,True,1.0,tp,-1.0,sl
2022-04-20 21:00:00+00:00,bullish,41255.0,41351.2,23.196876861235197,96.19999999999709,325.05800995246875,bullish,BALANCE,41471.1,True,1.0,tp,0.29594717574892065,tp
2022-04-21 08:00:00+00:00,bullish,41586.3,41716.4,31.053973285467062,130.09999999999854,293.4906500231194,bullish,BALANCE,41894.8,True,1.0,tp,0.44328499047498987,tp
2022-04-21 11:00:00+00:00,bullish,41956.0,42210.7,60.045263803101776,254.6999999999971,333.22666111545,bullish,BALANCE,42418.0,True,1.0,tp,0.7643446030020835,tp
2022-04-22 16:00:00+00:00,bearish,39520.0,39780.0,66.05842105129436,260.0,400.55991888264214,bearish,IMBALANCE,39359.1,True,-1.0,sl,-1.0,sl
2022-04-24 00:00:00+00:00,bearish,39635.7,39760.0,31.436122456722327,124.30000000000291,221.90050445643504,bearish,BALANCE,39540.5,True,-1.0,sl,0.560160961799019,tp
2022-04-25 01:00:00+00:00,bearish,39130.0,39401.7,69.5430939382065,271.6999999999971,305.3905114641187,bearish,BALANCE,39069.3,True,1.0,tp,0.8896805558804072,tp
2022-04-25 07:00:00+00:00,bearish,38658.7,38918.6,67.61678790338564,259.90000000000146,317.5265713251929,bearish,BALANCE,38437.2,True,-1.0,sl,0.8185141763579392,tp
2022-04-27 19:00:00+00:00,bearish,38888.0,38941.0,13.646850409920487,53.0,417.64870705660866,bearish,BALANCE,38836.8,True,-1.0,sl,-1.0,sl
2022-04-29 11:00:00+00:00,bearish,38935.6,39033.0,25.143464893372983,97.40000000000146,342.11521576183884,bearish,BALANCE,38737.7,True,-1.0,sl,-1.0,both_sl_first
2022-04-29 17:00:00+00:00,bearish,38720.6,38825.1,27.058518902123254,104.5,392.004851305072,bearish,BALANCE,38620.0,True,1.0,tp,0.2665783335387208,tp
2022-05-01 00:00:00+00:00,bearish,37785.6,38135.0,92.77575828383473,349.40000000000146,259.6919104633875,bearish,IMBALANCE,37660.7,True,-1.0,sl,-1.0,sl
2022-05-01 19:00:00+00:00,bearish,37995.1,38357.0,95.76607568139758,361.90000000000146,273.79683068521706,bearish,BALANCE,37790.0,True,-1.0,sl,-1.0,sl
2022-05-02 05:00:00+00:00,bullish,38696.7,38867.1,43.70418626601113,170.40000000000146,306.3071973847872,bullish,BALANCE,38989.4,True,-1.0,sl,-1.0,sl
2022-05-03 19:00:00+00:00,bearish,37779.6,38051.0,71.97545302898946,271.40000000000146,284.391291703782,bearish,BALANCE,37707.3,True,-1.0,sl,-1.0,sl
2022-05-04 19:00:00+00:00,bullish,39250.0,39530.9,70.48013809992209,280.90000000000146,392.45977834722635,bullish,BALANCE,39855.2,True,-1.0,sl,-1.0,sl
2022-05-05 16:00:00+00:00,bearish,37332.3,38111.0,210.4151016812664,778.6999999999971,477.91065246529377,bearish,BALANCE,37007.8,True,1.0,tp,1.6293840616087607,tp
2022-05-05 19:00:00+00:00,bearish,36373.4,36740.2,101.09139014441506,366.79999999999563,552.3915100095668,bearish,BALANCE,36284.0,True,1.0,tp,0.6640217913444062,tp
2022-05-06 11:00:00+00:00,bearish,36112.6,36150.9,10.708494100543229,38.30000000000291,415.40700933109554,bearish,IMBALANCE,35766.0,True,-1.0,sl,-1.0,both_sl_first
2022-05-07 22:00:00+00:00,bearish,35319.1,35723.7,115.51385966464967,404.59999999999854,264.0018037860792,bearish,IMBALANCE,35026.1,True,-1.0,sl,-1.0,sl
2022-05-08 02:00:00+00:00,bearish,34924.4,35051.2,36.68036877077246,126.79999999999563,358.71997651848744,bearish,IMBALANCE,34568.9,True,1.0,tp,0.3534790597129222,tp
2022-05-09 03:00:00+00:00,bearish,33826.0,34030.0,60.77397443918134,204.0,391.0817074554734,bearish,IMBALANCE,33567.0,True,1.0,tp,0.5216301251400947,tp
2022-05-09 11:00:00+00:00,bearish,33160.3,33411.0,75.72210862060025,250.6999999999971,427.5775843650549,bearish,IMBALANCE,33107.9,True,1.0,tp,0.5863263397502043,tp
2022-05-09 15:00:00+00:00,bearish,32675.2,32730.2,17.00685530876719,55.0,472.1048023492904,bearish,IMBALANCE,32339.9,True,1.0,tp,0.11649955629832319,tp
2022-05-09 17:00:00+00:00,bearish,31900.0,32044.0,46.066732780959086,144.0,548.3459775358676,bearish,IMBALANCE,31259.0,True,1.0,tp,0.26260792619853,tp
2022-05-09 18:00:00+00:00,bearish,31450.0,31581.0,42.57213702378515,131.0,591.3212648547342,bearish,IMBALANCE,30771.3,True,-1.0,sl,0.22153777952190146,tp
2022-05-11 07:00:00+00:00,bearish,30794.4,31070.0,90.0685972371551,275.59999999999854,685.0747065434972,bearish,BALANCE,30598.9,True,-1.0,sl,-1.0,sl
2022-05-11 17:00:00+00:00,bearish,30437.4,30778.3,114.01375924334121,340.8999999999978,1004.4449830091392,bearish,BALANCE,29899.9,True,1.0,tp,0.3393914109448997,tp
2022-05-12 05:00:00+00:00,bearish,27846.9,28333.0,179.35217742619793,486.09999999999854,1012.7617072263877,bearish,IMBALANCE,27103.1,True,-1.0,sl,-1.0,sl
2022-05-12 18:00:00+00:00,bearish,28779.7,28912.9,47.00966309741472,133.20000000000073,1032.5674190086754,bearish,BALANCE,28334.6,True,-1.0,sl,0.12899884070318665,tp
2022-05-17 22:00:00+00:00,bullish,30203.2,30226.9,7.813221157016314,23.700000000000728,392.3847551715258,bullish,BALANCE,30333.2,True,1.0,tp,0.06039990006655728,tp
2022-05-22 10:00:00+00:00,bullish,29585.1,30095.2,169.00185865600358,510.1000000000022,202.18345867832622,bullish,BALANCE,30183.1,True,0.0,time,-1.0,sl
2022-05-22 23:00:00+00:00,bullish,30071.9,30266.0,64.09325056135205,194.09999999999854,245.65998661259522,bullish,BALANCE,30284.0,True,-1.0,sl,0.7901164641276893,tp
2022-05-26 09:00:00+00:00,bearish,29253.0,29560.0,105.21301351318932,307.0,296.05932632822834,bearish,BALANCE,29178.9,True,1.0,tp,1.0369543287403231,tp
2022-05-27 00:00:00+00:00,bearish,29387.0,29472.0,29.238760276564275,85.0,321.42848729889516,bearish,BALANCE,29071.0,True,1.0,tp,0.2644445136592986,tp
2022-05-27 15:00:00+00:00,bearish,28966.4,29115.0,51.53369977978483,148.59999999999854,336.3896955543933,bearish,BALANCE,28835.5,True,1.0,tp,0.44174956000092563,tp
2022-05-27 18:00:00+00:00,bearish,28478.0,28644.5,58.5189949494417,166.5,339.13682985896577,bearish,BALANCE,28452.3,True,-1.0,sl,-1.0,sl
2022-05-29 23:00:00+00:00,bullish,29234.8,29386.9,51.64194915254312,152.10000000000218,159.44882429209767,bullish,BALANCE,29452.8,True,1.0,tp,0.9539110788384897,tp
2022-05-30 02:00:00+00:00,bullish,29460.5,29749.5,95.67413851893785,289.0,205.7181730939282,bullish,BALANCE,30206.7,True,1.0,tp,1.4048345639743207,tp
2022-05-30 03:00:00+00:00,bullish,29771.0,30192.7,138.96578087103262,421.7000000000007,209.25973215864755,bullish,IMBALANCE,30345.6,True,1.0,tp,2.015198985728869,tp
2022-05-30 07:00:00+00:00,bullish,30469.2,30532.4,20.63653254008964,63.20000000000073,232.23346548789894,bullish,IMBALANCE,30625.3,True,-1.0,both_sl_first,0.27213993412716925,tp
2022-05-30 21:00:00+00:00,bullish,30892.1,31207.7,99.27900041523606,315.6000000000022,346.92966110346697,bullish,IMBALANCE,31789.2,True,0.0,time,-1.0,sl
2022-05-31 16:00:00+00:00,bullish,31739.9,31815.3,23.45366035740324,75.39999999999782,346.49426638912456,bullish,IMBALANCE,32148.5,True,-1.0,sl,-1.0,sl
2022-06-01 21:00:00+00:00,bearish,29759.9,30000.0,81.1623009393999,240.09999999999854,358.7181985253712,bearish,BALANCE,29582.7,True,-1.0,sl,-1.0,sl
2022-06-03 10:00:00+00:00,bearish,30260.0,30376.9,39.21029328896928,116.90000000000146,254.3593669860475,bearish,BALANCE,29813.6,True,1.0,tp,0.45958598413406576,tp
2022-06-03 11:00:00+00:00,bearish,29946.7,30150.0,68.34991931145753,203.29999999999927,257.14084077275834,bearish,BALANCE,29744.0,True,1.0,tp,0.7906173106887404,tp
2022-06-06 01:00:00+00:00,bullish,30035.9,30285.3,80.88526227711077,249.39999999999782,234.7300809434013,bullish,BALANCE,30833.8,True,1.0,tp,1.0624969709789056,tp
2022-06-06 02:00:00+00:00,bullish,30400.0,30832.4,139.89452910155666,432.40000000000146,240.6493608760154,bullish,BALANCE,30909.0,True,1.0,tp,1.796805104430676,tp
2022-06-10 13:00:00+00:00,bearish,29704.0,29959.4,86.91509273438878,255.40000000000146,261.7315052265676,bearish,BALANCE,29385.0,True,1.0,tp,-1.0,sl
2022-06-10 17:00:00+00:00,bearish,29184.1,29342.9,54.56275919887676,158.8000000000029,301.58937215680936,bearish,BALANCE,29104.1,True,-1.0,sl,0.5265437533967066,tp
2022-06-11 09:00:00+00:00,bearish,29185.6,29274.6,30.622496868935716,89.0,232.59884331957136,bearish,BALANCE,29063.6,True,1.0,tp,0.3826330291665367,tp
2022-06-12 02:00:00+00:00,bearish,28337.7,28369.6,11.638300589210973,31.899999999997817,335.344115380214,bearish,IMBALANCE,27409.5,True,1.0,tp,-1.0,both_sl_first
2022-06-12 03:00:00+00:00,bearish,27747.0,28137.6,141.83933590430695,390.59999999999854,347.2552499959129,bearish,IMBALANCE,27538.2,True,1.0,tp,-1.0,both_sl_first
2022-06-12 20:00:00+00:00,bearish,27545.4,27864.2,116.49364364199737,318.7999999999993,350.1292646330885,bearish,IMBALANCE,27366.3,True,1.0,tp,0.9105208624422774,tp
2022-06-12 23:00:00+00:00,bearish,27168.5,27324.1,58.57397222629977,155.59999999999854,373.43633177802303,bearish,BALANCE,26564.7,True,1.0,tp,0.41667075953522925,tp
2022-06-13 00:00:00+00:00,bearish,26877.0,26906.9,11.37258332604377,29.900000000001455,391.19802236530694,bearish,IMBALANCE,26291.3,True,1.0,tp,0.07643187922887879,tp
2022-06-13 01:00:00+00:00,bearish,26458.1,26538.7,31.29039897199866,80.60000000000218,425.9767350534992,bearish,IMBALANCE,25758.7,True,1.0,tp,0.1892122112957161,tp
2022-06-13 02:00:00+00:00,bearish,25849.2,26254.9,160.15443039973502,405.7000000000007,433.4426825496779,bearish,IMBALANCE,25331.8,True,1.0,tp,0.9359945762921094,tp
2022-06-13 08:00:00+00:00,bearish,24934.3,25035.9,42.030538330114375,101.60000000000218,554.1160561042442,bearish,IMBALANCE,24172.9,True,1.0,tp,0.18335509119571206,tp
2022-06-13 23:00:00+00:00,bearish,22639.8,22855.4,95.94375097345623,215.60000000000218,628.7254545719294,bearish,IMBALANCE,22471.5,True,1.0,tp,0.3429159714024849,tp
2022-06-14 01:00:00+00:00,bearish,21874.7,21900.0,12.143203405856227,25.299999999999272,686.6510297074291,bearish,IMBALANCE,20834.7,True,-1.0,sl,-1.0,sl
2022-06-14 22:00:00+00:00,bearish,21647.3,21828.7,84.05697709980328,181.40000000000146,554.1923669538384,bearish,BALANCE,21580.6,True,-1.0,sl,-1.0,sl
2022-06-15 04:00:00+00:00,bearish,21481.7,21837.3,168.2620648537637,355.59999999999854,550.0430523665856,bearish,IMBALANCE,21133.7,True,1.0,tp,0.6464948488486733,tp
2022-06-15 08:00:00+00:00,bearish,20746.6,20955.6,103.18236124687736,209.0,569.9337624594452,bearish,IMBALANCE,20255.4,True,-1.0,sl,-1.0,sl
2022-06-16 10:00:00+00:00,bearish,21367.0,21593.0,106.43859293831741,226.0,530.1701917127264,bearish,BALANCE,21232.9,True,1.0,tp,0.4262782093989531,tp
2022-06-18 07:00:00+00:00,bearish,19587.0,20381.0,412.5768385390415,794.0,357.6007886130922,bearish,IMBALANCE,19244.9,True,1.0,tp,2.2203530453034555,tp
2022-06-19 02:00:00+00:00,bearish,18523.9,18850.0,177.53895403913293,326.09999999999854,449.96772285734096,bearish,BALANCE,18367.8,True,-1.0,sl,0.724718648549344,tp
2022-06-20 09:00:00+00:00,bullish,20150.0,20473.6,156.75788270286174,323.59999999999854,477.1076331450733,bullish,BALANCE,20643.3,True,-1.0,sl,0.6782536633648889,tp
2022-06-20 21:00:00+00:00,bullish,20180.0,20317.9,67.55664421310543,137.90000000000146,446.092732758143,bullish,BALANCE,20412.5,True,1.0,tp,0.309128550800147,tp
2022-06-21 14:00:00+00:00,bullish,21150.0,21416.2,123.36410484558667,266.2000000000007,397.4782768697581,bullish,IMBALANCE,21578.4,True,-1.0,sl,-1.0,sl
2022-06-22 16:00:00+00:00,bearish,20335.8,20620.1,139.97479173641574,284.2999999999993,367.2556560914243,bearish,BALANCE,20310.8,True,1.0,tp,0.7741201402470067,tp
2022-06-23 20:00:00+00:00,bullish,20443.0,20736.0,140.82543893799354,293.0,294.49679831520143,bullish,BALANCE,20805.9,True,1.0,tp,0.9949174377318701,tp
2022-06-25 22:00:00+00:00,bullish,21243.8,21384.0,65.44062733383156,140.20000000000073,200.83020176420038,bullish,BALANCE,21424.0,True,1.0,tp,0.6981021717271986,tp
2022-06-27 14:00:00+00:00,bearish,20830.0,21161.0,159.08872440642122,331.0,202.99036009134434,bearish,BALANCE,20806.0,True,-1.0,sl,-1.0,sl
2022-06-28 19:00:00+00:00,bearish,20360.0,20585.1,111.17916094554077,225.09999999999854,208.01361066315397,bearish,BALANCE,20246.6,True,1.0,tp,1.08214072763014,tp
2022-06-30 07:00:00+00:00,bearish,19461.4,19951.6,252.37470074909112,490.1999999999971,198.48868822627796,bearish,IMBALANCE,19423.5,True,1.0,tp,2.4696621474024307,tp
2022-06-30 09:00:00+00:00,bearish,19249.9,19300.0,26.176642701888554,50.099999999998545,218.54687913388264,bearish,IMBALANCE,19139.2,True,1.0,tp,0.22924143414240705,tp
2022-06-30 19:00:00+00:00,bearish,19038.2,19059.0,10.99290217902537,20.799999999999272,227.72299376806197,bearish,IMBALANCE,18921.3,True,-1.0,both_sl_first,0.0913390415953534,tp
2022-07-01 04:00:00+00:00,bearish,19748.5,20260.0,263.66387109079005,511.5,380.52707089213067,bearish,BALANCE,19399.7,True,0.0,time,-1.0,sl
2022-07-01 05:00:00+00:00,bearish,19564.0,19670.5,54.73580338282684,106.5,371.98942297126416,bearish,BALANCE,19457.1,True,-1.0,sl,0.2862984628684656,tp
2022-07-01 11:00:00+00:00,bearish,19220.0,19358.7,72.31491136600663,138.70000000000073,349.2712518543646,bearish,BALANCE,19180.0,True,-1.0,sl,-1.0,sl
2022-07-04 12:00:00+00:00,bullish,19554.4,19624.5,35.584840147414916,70.09999999999854,173.98038569738657,bullish,BALANCE,19699.4,True,-1.0,sl,-1.0,sl
2022-07-04 16:00:00+00:00,bullish,19641.1,19666.3,12.770291841709561,25.200000000000728,197.4441247371681,bullish,BALANCE,19733.3,True,1.0,tp,0.12763104515541374,tp
2022-07-04 23:00:00+00:00,bullish,20033.0,20103.3,34.756212116717236,70.29999999999927,223.09920994961234,bullish,BALANCE,20226.6,True,1.0,tp,0.315106449798174,tp
2022-07-05 19:00:00+00:00,bullish,19788.0,20045.7,126.36812992821032,257.7000000000007,263.4927427566825,bullish,BALANCE,20392.8,True,-1.0,sl,0.9780155510315818,tp
2022-07-05 20:00:00+00:00,bullish,20129.7,20349.7,107.54843345929535,220.0,273.20754684549087,bullish,BALANCE,20455.9,True,-1.0,sl,-1.0,sl
2022-07-06 23:00:00+00:00,bullish,20424.2,20482.0,28.120910183369393,57.79999999999927,224.97681294744498,bullish,BALANCE,20554.1,True,-1.0,sl,-1.0,sl
2022-07-07 15:00:00+00:00,bullish,20548.8,20822.0,130.83100675704833,273.2000000000007,194.21803364333536,bullish,IMBALANCE,20881.9,True,1.0,tp,1.4066664916488185,tp
2022-07-07 19:00:00+00:00,bullish,21097.1,21306.6,96.11061666773712,209.5,252.70160503142694,bullish,IMBALANCE,21797.8,True,1.0,tp,-1.0,sl
2022-07-07 20:00:00+00:00,bullish,21394.5,21515.0,55.75477154424523,120.5,256.51577610061065,bullish,IMBALANCE,21612.5,True,1.0,tp,0.46975668253923214,tp
2022-07-08 02:00:00+00:00,bullish,21734.3,21867.0,60.362081513828564,132.70000000000073,285.33218112303507,bullish,IMBALANCE,21984.0,True,1.0,tp,0.465071971474472,tp
2022-07-08 15:00:00+00:00,bullish,21478.5,21690.0,96.3672069001654,211.5,321.2580140586421,bullish,BALANCE,21947.3,True,-1.0,sl,-1.0,sl
2022-07-10 14:00:00+00:00,bearish,21076.3,21261.0,88.55922248167238,184.70000000000073,186.79416055830023,bearish,BALANCE,20856.1,True,1.0,tp,-1.0,both_sl_first
2022-07-10 23:00:00+00:00,bearish,20874.7,20953.8,37.930736844123636,79.09999999999854,198.4817521632574,bearish,BALANCE,20853.8,True,1.0,tp,0.3985253008797315,tp
2022-07-11 02:00:00+00:00,bearish,20589.9,20666.0,37.04316672832344,76.09999999999854,200.62795535811853,bearish,IMBALANCE,20543.6,True,1.0,tp,0.37930905423504313,tp
2022-07-11 22:00:00+00:00,bearish,20232.2,20376.8,72.30614602241118,144.59999999999854,203.41674803799327,bearish,IMBALANCE,19998.3,True,1.0,tp,0.7108559221140915,tp
2022-07-11 23:00:00+00:00,bearish,20048.0,20133.5,42.84790746856567,85.5,201.60126603527945,bearish,IMBALANCE,19954.3,True,1.0,tp,0.4241044795077727,tp
2022-07-12 20:00:00+00:00,bearish,19544.3,19693.5,76.71148358569666,149.20000000000073,198.5189972477999,bearish,BALANCE,19449.5,True,-1.0,sl,0.7515653517721668,tp
2022-07-13 13:00:00+00:00,bearish,19347.6,19747.0,207.1318922955656,399.40000000000146,266.21805005191146,bearish,BALANCE,19282.4,True,-1.0,sl,-1.0,sl
2022-07-14 16:00:00+00:00,bullish,19940.0,20130.0,93.99751648666967,190.0,269.59750030109893,bullish,BALANCE,20213.3,True,1.0,tp,0.7047543088782369,tp
2022-07-14 18:00:00+00:00,bullish,20473.2,20616.7,69.37394247038917,143.5,283.3039670963557,bullish,BALANCE,20685.0,True,1.0,tp,0.5065230870953311,tp
2022-07-15 08:00:00+00:00,bullish,20684.4,20711.3,12.897781485689128,26.899999999997817,257.59718266376,bullish,BALANCE,20856.3,True,1.0,tp,0.10442660793813907,tp
2022-07-15 19:00:00+00:00,bullish,20914.9,20932.0,8.082545954708694,17.099999999998545,234.5722154484757,bullish,BALANCE,21156.7,True,-1.0,sl,-1.0,both_sl_first
2022-07-16 17:00:00+00:00,bullish,20950.0,21217.4,125.8945386064037,267.40000000000146,201.1737672489567,bullish,BALANCE,21240.0,True,-1.0,sl,-1.0,sl
2022-07-17 07:00:00+00:00,bullish,21382.8,21460.0,35.97390493942252,77.20000000000073,208.31636305752843,bullish,IMBALANCE,21460.0,True,-1.0,sl,0.3705901872849086,tp
2022-07-18 03:00:00+00:00,bullish,20999.1,21186.3,87.99473535771398,187.20000000000073,218.33933958856306,bullish,BALANCE,21274.0,True,1.0,tp,0.8573809939736942,tp
2022-07-18 06:00:00+00:00,bullish,21319.5,21767.0,201.6737797046324,447.5,266.0865630743707,bullish,BALANCE,22189.3,True,0.0,time,-1.0,sl
2022-07-18 07:00:00+00:00,bullish,21873.4,22106.0,104.57034446172732,232.59999999999854,268.18037999763004,bullish,BALANCE,22243.4,True,1.0,tp,0.8673266851290703,tp
2022-07-19 00:00:00+00:00,bullish,21849.0,22181.5,148.85016048957152,332.5,393.36254886098703,bullish,BALANCE,22337.9,True,-1.0,sl,-1.0,sl
2022-07-19 15:00:00+00:00,bullish,22441.8,22469.6,12.02619807753838,27.799999999999272,382.0738194606459,bullish,BALANCE,23116.2,True,1.0,tp,0.07276080847215109,tp
2022-07-19 16:00:00+00:00,bullish,22630.2,22942.4,134.4119584450925,312.2000000000007,390.32568949917106,bullish,BALANCE,23227.1,True,1.0,tp,0.7998448690389443,tp
2022-07-25 01:00:00+00:00,bearish,22324.3,22503.0,80.49767110822847,178.70000000000073,231.1092165562772,bearish,BALANCE,22199.4,True,1.0,tp,0.7732274924504621,tp
2022-07-25 03:00:00+00:00,bearish,21945.7,22107.0,73.79449171927865,161.29999999999927,235.15080407148403,bearish,BALANCE,21858.0,True,1.0,tp,-1.0,sl
2022-07-25 23:00:00+00:00,bearish,21749.4,21966.0,101.69014084506975,216.59999999999854,259.98851566091804,bearish,BALANCE,21300.0,True,0.0,time,0.8331137221556775,tp
2022-07-26 00:00:00+00:00,bearish,21334.4,21501.0,79.38739236718267,166.59999999999854,268.57505025656684,bearish,IMBALANCE,20985.7,True,0.0,time,0.6203107840465698,tp
2022-07-26 01:00:00+00:00,bearish,21110.6,21232.0,57.63387770603943,121.40000000000146,260.14826095252624,bearish,IMBALANCE,21064.0,True,1.0,tp,0.46665697304874665,tp
2022-07-27 19:00:00+00:00,bullish,21750.0,22544.9,349.1947741589724,794.9000000000015,271.37368174423943,bullish,BALANCE,22763.8,True,1.0,tp,2.9291712994820367,tp
2022-07-27 23:00:00+00:00,bullish,22780.4,22801.5,9.197466555657115,21.099999999998545,263.1722543809147,bullish,IMBALANCE,22941.1,True,-1.0,sl,0.08017562508492404,tp
2022-07-28 03:00:00+00:00,bullish,22794.3,23100.0,132.18487721983712,305.7000000000007,286.3215758374974,bullish,IMBALANCE,23126.7,True,-1.0,sl,-1.0,sl
2022-07-28 16:00:00+00:00,bullish,23135.0,23661.7,221.65176223040535,526.7000000000007,335.0241898126265,bullish,IMBALANCE,23762.5,True,1.0,tp,1.5721252853251466,tp
2022-07-29 15:00:00+00:00,bullish,23757.2,23866.0,45.327667374911165,108.79999999999927,300.38266933132,bullish,BALANCE,24003.0,True,-1.0,sl,-1.0,sl
2022-07-30 13:00:00+00:00,bullish,24073.0,24323.6,102.32497366336413,250.59999999999854,245.02089474369384,bullish,IMBALANCE,24490.6,True,-1.0,sl,-1.0,sl
2022-07-31 22:00:00+00:00,bearish,23586.0,23764.2,76.25454125319364,178.20000000000073,232.52249579459274,bearish,BALANCE,23369.1,True,1.0,tp,0.7663774612045252,tp
2022-07-31 23:00:00+00:00,bearish,23460.4,23512.7,22.45589327654208,52.29999999999927,229.7280318092648,bearish,BALANCE,23290.1,True,1.0,tp,0.2276605061563512,tp
2022-08-01 18:00:00+00:00,bearish,22989.0,23131.7,62.193554010765425,142.70000000000073,220.85434585820144,bearish,BALANCE,22944.5,True,-1.0,sl,-1.0,sl
2022-08-02 02:00:00+00:00,bearish,23062.6,23154.1,39.94237820848612,91.5,232.3094838070099,bearish,BALANCE,22908.0,True,1.0,tp,0.3938711347489074,tp
2022-08-02 19:00:00+00:00,bearish,23084.0,23137.1,23.151781509966405,53.099999999998545,249.3434589792391,bearish,BALANCE,22935.6,True,-1.0,sl,0.21295926597545137,tp
2022-08-03 01:00:00+00:00,bearish,22820.0,22920.0,43.88004949669583,100.0,232.03154855652744,bearish,BALANCE,22789.4,True,-1.0,sl,-1.0,sl
2022-08-04 07:00:00+00:00,bearish,23016.8,23042.8,11.33638543710486,26.0,192.22730620004788,bearish,BALANCE,22935.0,True,1.0,tp,0.13525653828255804,tp
2022-08-04 17:00:00+00:00,bearish,22649.0,22750.6,44.90647431137449,101.59999999999854,213.6076082052443,bearish,BALANCE,22624.8,True,1.0,tp,0.47563848897355604,tp
2022-08-07 18:00:00+00:00,bullish,23128.0,23179.5,22.19110201443499,51.5,113.53559008168395,bullish,BALANCE,23207.5,True,1.0,tp,0.4536022577849676,tp
2022-08-08 07:00:00+00:00,bullish,23450.0,23670.5,92.65951724601628,220.5,139.01013401784886,bullish,BALANCE,23796.8,True,1.0,tp,1.586215289683047,tp
2022-08-08 09:00:00+00:00,bullish,23848.0,24055.0,85.92991108122244,207.0,155.88373800518602,bullish,IMBALANCE,24089.4,True,-1.0,sl,-1.0,sl
2022-08-09 14:00:00+00:00,bearish,23116.8,23190.6,31.971580817051198,73.79999999999927,179.1792029585925,bearish,BALANCE,23083.0,True,1.0,tp,0.41187815762889757,tp
2022-08-10 01:00:00+00:00,bearish,22930.0,23123.1,84.4308025954486,193.09999999999854,175.9470712911293,bearish,BALANCE,22870.8,True,-1.0,sl,-1.0,sl
2022-08-10 21:00:00+00:00,bullish,23695.1,23763.0,28.352269643029246,67.90000000000146,248.50186214211956,bullish,BALANCE,23948.7,True,1.0,tp,0.27323738910724676,tp
2022-08-11 02:00:00+00:00,bullish,24090.0,24182.4,38.09209712660323,92.40000000000146,252.66394601269934,bullish,BALANCE,24257.0,True,1.0,tp,0.3657031462468996,tp
2022-08-11 05:00:00+00:00,bullish,24363.4,24463.2,40.657030651652875,99.79999999999927,243.4703314103138,bullish,IMBALANCE,24546.8,True,-1.0,both_sl_first,0.4099062067312391,tp
2022-08-15 02:00:00+00:00,bullish,24399.0,24626.4,91.2956026352879,227.40000000000146,179.53996214155174,bullish,BALANCE,24908.1,True,-1.0,sl,1.2665703907229022,tp
2022-08-15 03:00:00+00:00,bullish,24647.5,24773.7,50.77224504246472,126.20000000000073,197.16567913144084,bullish,BALANCE,24856.1,True,-1.0,sl,-1.0,sl
2022-08-17 08:00:00+00:00,bearish,23860.4,24150.8,122.04090723798305,290.3999999999978,198.6728545342102,bearish,BALANCE,23795.3,True,1.0,tp,1.4616994389135096,tp
2022-08-17 14:00:00+00:00,bearish,23469.8,23510.1,17.26324086290471,40.29999999999927,198.9003942104026,bearish,BALANCE,23344.4,True,-1.0,sl,-1.0,sl
2022-08-19 00:00:00+00:00,bearish,23200.0,23309.5,47.7684082868373,109.5,157.04732565474362,bearish,IMBALANCE,22923.1,True,1.0,tp,0.6972420545430137,tp
2022-08-19 01:00:00+00:00,bearish,22951.9,23101.0,65.53500474700172,149.09999999999854,163.49394525083355,bearish,IMBALANCE,22751.2,True,1.0,tp,0.9119603773170222,tp
2022-08-19 02:00:00+00:00,bearish,22818.6,22865.0,20.348110563915196,46.400000000001455,160.14437773291678,bearish,IMBALANCE,22803.1,True,1.0,tp,0.2897385512801846,tp
2022-08-19 07:00:00+00:00,bearish,22133.4,22761.5,286.89797559014767,628.0999999999985,250.09880712201,bearish,IMBALANCE,21892.8,True,1.0,tp,2.511407420242449,tp
2022-08-20 19:00:00+00:00,bearish,21141.9,21155.0,6.243536033781125,13.099999999998545,178.01994383216908,bearish,BALANCE,20981.7,True,1.0,tp,0.07358726060687214,tp
2022-08-22 08:00:00+00:00,bearish,21183.0,21271.5,41.79062190111914,88.5,180.42797984000615,bearish,BALANCE,21177.0,True,1.0,tp,0.4905004206025987,tp
2022-08-22 19:00:00+00:00,bearish,21114.2,21183.1,32.73610141064461,68.89999999999782,196.674902632137,bearish,BALANCE,21047.1,True,-1.0,sl,-1.0,sl
2022-08-23 06:00:00+00:00,bearish,21078.4,21214.2,64.45519225018832,135.79999999999927,185.70792534228354,bearish,BALANCE,21068.9,True,-1.0,sl,-1.0,sl
2022-08-24 12:00:00+00:00,bullish,21373.8,21412.3,17.928156985461897,38.5,162.07212895269745,bullish,BALANCE,21474.6,True,-1.0,sl,0.23754855476252953,tp
2022-08-24 16:00:00+00:00,bullish,21550.0,21596.1,21.239443627935877,46.099999999998545,174.58479995361293,bullish,BALANCE,21704.9,True,-1.0,sl,0.26405506099183523,tp
2022-08-25 07:00:00+00:00,bullish,21581.8,21660.1,36.02948620020029,78.29999999999927,151.00369362340666,bullish,BALANCE,21732.2,True,-1.0,sl,0.5185303625438095,tp
2022-08-26 15:00:00+00:00,bearish,21158.2,21606.2,215.69467648205836,448.0,242.32801125244967,bearish,BALANCE,20770.1,True,1.0,tp,1.8487338615315534,tp
2022-08-26 16:00:00+00:00,bearish,20822.0,21107.3,137.74955942350832,285.2999999999993,246.73315330584612,bearish,BALANCE,20711.5,True,1.0,tp,1.1563099493416946,tp
2022-08-27 00:00:00+00:00,bearish,20367.7,20570.0,99.68807438908372,202.29999999999927,227.79509710883875,bearish,IMBALANCE,20293.3,True,1.0,tp,0.8880788154248171,tp
2022-08-29 00:00:00+00:00,bearish,19740.0,19860.0,61.13061064385816,120.0,145.2393105158947,bearish,IMBALANCE,19630.1,True,-1.0,sl,-1.0,sl
2022-08-30 05:00:00+00:00,bullish,20270.6,20353.6,40.6780990095128,83.0,149.38541208043284,bullish,BALANCE,20404.1,True,1.0,tp,0.5556098071698685,tp
2022-08-31 11:00:00+00:00,bullish,20229.7,20253.0,11.473311010438877,23.299999999999272,179.6306428904082,bullish,BALANCE,20308.0,True,-1.0,both_sl_first,0.12971060853027322,tp
2022-08-31 20:00:00+00:00,bullish,20037.7,20152.0,56.6217193583859,114.29999999999927,197.99802798271563,bullish,BALANCE,20186.6,True,-1.0,sl,-1.0,sl
2022-09-01 15:00:00+00:00,bearish,19830.0,19900.1,35.44736496121449,70.09999999999854,177.91687233960621,bearish,BALANCE,19775.8,True,1.0,tp,0.3940042283690328,tp
2022-09-02 13:00:00+00:00,bullish,20090.0,20237.9,73.01035670915391,147.90000000000146,154.9648305250482,bullish,BALANCE,20257.4,True,1.0,tp,0.9544101038854423,tp
2022-09-04 14:00:00+00:00,bearish,19745.0,19766.1,10.688414973911426,21.099999999998545,109.79313429631274,bearish,BALANCE,19741.0,True,-1.0,both_sl_first,0.192179594245422,tp
2022-09-05 06:00:00+00:00,bearish,19789.5,19827.3,19.1179445680757,37.79999999999927,117.43881268336408,bearish,BALANCE,19772.0,True,1.0,tp,0.32186973911184136,tp
2022-09-06 18:00:00+00:00,bearish,19119.0,19670.0,290.8050708804374,551.0,197.65406842837507,bearish,BALANCE,18947.4,True,0.0,time,-1.0,sl
2022-09-07 03:00:00+00:00,bearish,18740.0,18770.0,16.011699214893017,30.0,198.65905083360744,bearish,IMBALANCE,18736.3,True,1.0,tp,0.15101250043285064,tp
2022-09-08 20:00:00+00:00,bullish,19239.2,19320.2,41.82415267364769,81.0,158.44010210082595,bullish,BALANCE,19366.8,True,1.0,tp,0.5112342072870778,tp
2022-09-09 04:00:00+00:00,bullish,19443.5,19916.5,232.42786382577245,473.0,192.15589211085756,bullish,BALANCE,20350.4,True,1.0,tp,2.461543046138371,tp
2022-09-09 05:00:00+00:00,bullish,19965.8,20331.2,178.0155215504019,365.40000000000146,207.48047124579634,bullish,BALANCE,20526.3,True,1.0,tp,1.7611296032151575,tp
2022-09-09 06:00:00+00:00,bullish,20460.8,20472.4,5.607955561787672,11.600000000002183,216.4104375853823,bullish,IMBALANCE,20684.9,True,1.0,tp,0.05360185086001474,tp
2022-09-09 11:00:00+00:00,bullish,20784.6,20872.3,41.898173583607985,87.70000000000073,236.29105581452183,bullish,IMBALANCE,20931.7,True,1.0,tp,0.37115243189247465,tp
2022-09-09 16:00:00+00:00,bullish,21119.2,21136.0,7.891621728264816,16.799999999999272,242.1956738385443,bullish,IMBALANCE,21288.4,True,-1.0,sl,0.06936540085021771,tp
2022-09-10 05:00:00+00:00,bullish,21375.8,21411.2,16.440493772118714,35.400000000001455,205.85786591992982,bullish,IMBALANCE,21532.2,True,-1.0,sl,0.17196330993623787,tp
2022-09-12 08:00:00+00:00,bullish,21837.9,22105.8,120.5534930813355,267.8999999999978,238.64658127099565,bullish,BALANCE,22222.5,True,1.0,tp,-1.0,sl
2022-09-13 15:00:00+00:00,bearish,21067.6,21163.0,45.81274401048864,95.40000000000146,316.5325793692634,bearish,BALANCE,20823.9,True,1.0,tp,0.30139077686757965,tp
2022-09-13 19:00:00+00:00,bearish,20340.0,20715.3,185.13220205209117,375.2999999999993,320.78947832584146,bearish,BALANCE,20272.0,True,1.0,tp,1.1699261520628448,tp
2022-09-14 19:00:00+00:00,bearish,19988.0,20088.0,50.16277821530868,100.0,234.43745224894238,bearish,BALANCE,19935.1,True,-1.0,sl,-1.0,sl
2022-09-15 15:00:00+00:00,bearish,19844.0,19973.6,65.69076679777714,129.59999999999854,232.4233124736688,bearish,BALANCE,19728.8,True,1.0,tp,0.5576032740462799,tp
2022-09-18 15:00:00+00:00,bearish,19865.1,19926.0,30.750586987806535,60.900000000001455,127.52103768979256,bearish,BALANCE,19804.5,True,1.0,tp,0.4775682593498563,tp
2022-09-18 22:00:00+00:00,bearish,19470.1,19663.0,99.251880589029,192.90000000000146,148.5097850066304,bearish,BALANCE,19435.4,True,1.0,tp,1.2989043111966607,tp
2022-09-19 03:00:00+00:00,bearish,18821.6,19384.8,300.1140348072602,563.2000000000007,187.6879148280232,bearish,IMBALANCE,18766.2,True,-1.0,sl,-1.0,sl
2022-09-19 06:00:00+00:00,bearish,18559.9,18757.0,106.74595437707076,197.09999999999854,217.46189827885132,bearish,IMBALANCE,18464.4,True,-1.0,sl,-1.0,sl
2022-09-21 22:00:00+00:00,bearish,18489.4,18824.8,181.5662115782282,335.3999999999978,377.92310520957335,bearish,BALANCE,18472.6,True,-1.0,sl,-1.0,sl
2022-09-22 14:00:00+00:00,bearish,19066.0,19132.0,34.97745014388451,66.0,265.9622652531956,bearish,BALANCE,18869.3,True,-1.0,sl,0.2481555040793792,tp
2022-09-22 23:00:00+00:00,bullish,19279.2,19352.0,37.54028619311552,72.79999999999927,238.99609403067694,bullish,BALANCE,19392.5,True,-1.0,sl,0.3046074886506502,tp
2022-09-23 14:00:00+00:00,bearish,18732.6,18817.5,45.48620412536911,84.90000000000146,208.01194586626755,bearish,BALANCE,18665.0,True,-1.0,sl,0.4081496360530404,tp
2022-09-24 22:00:00+00:00,bearish,18941.5,19066.2,66.06412511390405,124.70000000000073,144.0882835688335,bearish,BALANCE,18875.6,True,-1.0,sl,-1.0,sl
2022-09-27 02:00:00+00:00,bullish,19363.0,19662.0,148.87546741419743,299.0,208.1535329604016,bullish,BALANCE,20083.9,True,-1.0,sl,-1.0,sl
2022-09-27 03:00:00+00:00,bullish,19882.4,19952.1,34.69059670812471,69.69999999999709,217.85685203465863,bullish,BALANCE,20091.9,True,1.0,tp,0.3199348533178484,tp
2022-09-28 03:00:00+00:00,bearish,18766.0,18930.1,87.58539709649794,164.09999999999854,243.94539759063963,bearish,BALANCE,18736.0,True,-1.0,sl,0.6726915187609794,tp
2022-09-30 15:00:00+00:00,bullish,19477.0,19674.8,100.15494141594138,197.79999999999927,241.5218323305492,bullish,BALANCE,19749.4,True,-1.0,sl,-1.0,sl
2022-10-03 18:00:00+00:00,bullish,19412.8,19535.4,62.533791710448234,122.60000000000218,135.78241222420132,bullish,BALANCE,19605.4,True,1.0,tp,-1.0,sl
2022-10-04 07:00:00+00:00,bullish,19662.5,19829.5,83.67991181039234,167.0,134.21128114732096,bullish,IMBALANCE,19957.0,True,1.0,tp,1.2443067272168347,tp
2022-10-05 17:00:00+00:00,bullish,20014.5,20150.0,67.22530648290096,135.5,166.97892567422164,bullish,BALANCE,20156.1,True,1.0,tp,0.8114796490208703,tp
2022-10-05 23:00:00+00:00,bullish,20088.6,20110.0,10.620347394541666,21.400000000001455,167.27210587141914,bullish,BALANCE,20150.0,True,1.0,tp,0.12793525787528148,tp
2022-10-06 01:00:00+00:00,bullish,20191.6,20240.0,23.76754943797674,48.400000000001455,174.11625455239718,bullish,BALANCE,20363.9,True,-1.0,sl,0.27797519608047844,tp
2022-10-07 13:00:00+00:00,bearish,19696.9,19953.2,130.80201076832748,256.2999999999993,151.15529899296325,bearish,BALANCE,19594.5,True,0.0,time,1.6956071120730765,tp
2022-10-07 17:00:00+00:00,bearish,19483.3,19514.4,16.021017927056555,31.100000000002183,156.95005712562528,bearish,BALANCE,19412.0,True,-1.0,sl,0.19815220567335848,tp
2022-10-08 22:00:00+00:00,bearish,19365.5,19404.1,19.946361855941042,38.599999999998545,88.73070887933729,bearish,IMBALANCE,19351.9,True,-1.0,sl,-1.0,sl
2022-10-10 09:00:00+00:00,bearish,19332.9,19381.0,24.895707172654344,48.099999999998545,91.8551289838128,bearish,BALANCE,19320.6,True,-1.0,sl,0.5236506717929083,tp
2022-10-10 23:00:00+00:00,bearish,19190.7,19215.7,13.072578958376909,25.0,115.41040265748754,bearish,BALANCE,19124.0,True,1.0,tp,0.21661825471829252,tp
2022-10-11 14:00:00+00:00,bearish,19090.0,19130.0,21.021652301870926,40.0,117.31886350972393,bearish,BALANCE,19028.0,True,-1.0,sl,-1.0,sl
2022-10-11 19:00:00+00:00,bearish,19034.1,19097.5,33.383707276490526,63.400000000001455,120.14779535520145,bearish,BALANCE,18991.3,True,-1.0,sl,-1.0,sl
2022-10-13 11:00:00+00:00,bearish,18820.0,18972.0,81.08872279926806,152.0,104.83957327087462,bearish,BALANCE,18744.9,True,-1.0,both_sl_first,-1.0,both_sl_first
2022-10-13 13:00:00+00:00,bearish,18473.8,18649.0,95.11142477131496,175.20000000000073,179.69636674886627,bearish,BALANCE,18420.5,True,-1.0,sl,-1.0,sl
2022-10-14 02:00:00+00:00,bullish,19436.5,19762.9,164.69377251672745,326.40000000000146,202.55954177122902,bullish,BALANCE,19818.6,True,-1.0,sl,-1.0,sl
2022-10-17 10:00:00+00:00,bullish,19292.0,19326.1,17.589650476622037,34.099999999998545,86.12206767240505,bullish,BALANCE,19386.4,True,1.0,tp,0.39594962036571124,tp
2022-10-20 01:00:00+00:00,bearish,19044.3,19070.8,13.920845546905369,26.5,113.72545047216184,bearish,BALANCE,19036.2,True,-1.0,sl,0.23301732277145035,tp
2022-10-20 18:00:00+00:00,bearish,19091.6,19133.4,21.936844977880998,41.80000000000291,108.25912426642125,bearish,BALANCE,19054.7,True,1.0,tp,0.3861106422506727,tp
2022-10-23 18:00:00+00:00,bullish,19197.0,19395.4,102.08649566492652,198.40000000000146,66.8067699434792,bullish,BALANCE,19434.5,True,1.0,tp,2.9697589056895497,tp
2022-10-25 14:00:00+00:00,bullish,19329.8,19435.1,54.05904911518699,105.29999999999927,77.50006954199127,bullish,BALANCE,19478.7,True,1.0,tp,1.3587084582284845,tp
2022-10-25 16:00:00+00:00,bullish,19537.2,19711.9,88.20559426436469,174.70000000000073,97.34495792141082,bullish,BALANCE,19806.0,True,1.0,tp,1.794648677551864,tp
2022-10-25 18:00:00+00:00,bullish,19837.5,20071.1,115.29027386375341,233.59999999999854,133.03672392203305,bullish,IMBALANCE,20261.9,True,1.0,tp,-1.0,sl
2022-10-25 19:00:00+00:00,bullish,20189.2,20201.0,5.822330116248876,11.799999999999272,138.81981507045927,bullish,IMBALANCE,20266.8,True,-1.0,sl,-1.0,both_sl_first
2022-10-26 08:00:00+00:00,bullish,20237.0,20270.0,15.97389961614235,33.0,167.57591269957317,bullish,IMBALANCE,20658.7,True,0.0,time,0.19692567665832653,tp
2022-10-26 09:00:00+00:00,bullish,20368.3,20532.0,79.5200621781797,163.70000000000073,168.25620464960357,bullish,IMBALANCE,20586.0,True,-1.0,sl,-1.0,sl
2022-10-26 15:00:00+00:00,bullish,20612.4,20773.7,77.41520563263978,161.29999999999927,195.60134195633705,bullish,IMBALANCE,20835.7,True,-1.0,sl,-1.0,sl
2022-10-28 08:00:00+00:00,bearish,20195.0,20244.8,24.691358024691,49.79999999999927,143.4442106240752,bearish,BALANCE,20169.0,True,-1.0,both_sl_first,0.34717330022129944,tp
2022-10-28 17:00:00+00:00,bullish,20530.5,20620.1,43.45190465798528,89.59999999999854,172.92645512718218,bullish,BALANCE,20620.5,True,-1.0,sl,0.518139343885244,tp
2022-10-29 03:00:00+00:00,bullish,20630.0,20680.4,24.29477662302675,50.400000000001455,131.47093856978452,bullish,BALANCE,20745.2,True,-1.0,sl,-1.0,sl
2022-10-29 09:00:00+00:00,bullish,20768.3,20866.0,46.64731384045412,97.70000000000073,131.04621301061337,bullish,BALANCE,20944.4,True,-1.0,sl,-1.0,both_sl_first
2022-10-31 14:00:00+00:00,bearish,20414.6,20640.0,110.88972523553069,225.40000000000146,145.26323301937458,bearish,BALANCE,20326.5,True,-1.0,sl,-1.0,sl
2022-11-03 12:00:00+00:00,bearish,20170.0,20250.1,39.852134153925036,80.09999999999854,121.24526251473632,bearish,BALANCE,20099.3,True,-1.0,sl,-1.0,sl
2022-11-04 07:00:00+00:00,bullish,20477.3,20537.4,29.17008440395577,60.10000000000218,105.0019953500588,bullish,BALANCE,20603.3,True,-1.0,both_sl_first,0.5723700754413147,tp
2022-11-04 13:00:00+00:00,bullish,20641.6,20685.0,20.91586424929467,43.400000000001455,130.20248847653045,bullish,BALANCE,20749.8,True,1.0,tp,0.33332696254745126,tp
2022-11-04 19:00:00+00:00,bullish,20813.1,20906.3,44.17626900124695,93.20000000000073,192.27451611904294,bullish,BALANCE,21097.3,True,1.0,tp,0.4847236226682149,tp
2022-11-05 01:00:00+00:00,bullish,21193.0,21309.4,54.51505486631233,116.40000000000146,178.68339101825723,bullish,IMBALANCE,21351.9,True,-1.0,sl,0.6514315591207234,tp
2022-11-07 08:00:00+00:00,bearish,20717.1,20745.0,13.47305389221627,27.900000000001455,117.75434016527292,bearish,BALANCE,20708.0,True,-1.0,sl,0.23693394197481554,tp
2022-11-07 22:00:00+00:00,bearish,20673.4,20788.1,56.08801955990078,114.69999999999709,131.75406957131992,bearish,IMBALANCE,20450.0,True,1.0,tp,-1.0,sl
2022-11-07 23:00:00+00:00,bearish,20592.0,20602.3,5.0051995762584784,10.299999999999272,133.29306460193988,bearish,BALANCE,20578.6,True,-1.0,both_sl_first,0.07727333774460507,tp
2022-11-08 04:00:00+00:00,bearish,20235.0,20426.7,97.67655151329906,191.70000000000073,199.2954086006724,bearish,IMBALANCE,19626.0,True,-1.0,sl,0.9618886924992323,tp
2022-11-08 05:00:00+00:00,bearish,19720.0,20111.1,198.61966695275407,391.09999999999854,212.56002227205295,bearish,IMBALANCE,19690.9,True,1.0,tp,1.8399508798481121,tp
2022-11-08 19:00:00+00:00,bearish,18712.4,19310.4,327.88682969623864,598.0,504.14500045555985,bearish,IMBALANCE,18238.0,True,1.0,tp,1.1861666771655595,tp
2022-11-09 10:00:00+00:00,bearish,17825.5,18028.0,114.55563726876733,202.5,396.86262191814063,bearish,IMBALANCE,17677.0,True,1.0,tp,0.5102521346587485,tp
2022-11-09 16:00:00+00:00,bearish,17308.0,17348.6,23.785949885463353,40.599999999998545,452.7439797270484,bearish,IMBALANCE,17068.9,True,1.0,tp,0.08967540556690679,tp
2022-11-09 21:00:00+00:00,bearish,16243.5,16572.7,209.65749149779055,329.2000000000007,500.6900898152461,bearish,IMBALANCE,15701.8,True,-1.0,sl,-1.0,sl
2022-11-09 22:00:00+00:00,bearish,16052.5,16066.0,8.518263788545145,13.5,507.0622262570142,bearish,IMBALANCE,15848.3,True,1.0,tp,0.026623951264626973,tp
2022-11-10 11:00:00+00:00,bearish,16535.8,16634.7,60.34866763078176,98.90000000000146,403.0422601435056,bearish,BALANCE,16388.1,True,-1.0,sl,-1.0,sl
2022-11-11 02:00:00+00:00,bearish,17348.4,17389.1,23.67008438646623,40.69999999999709,441.8389205034308,bearish,BALANCE,17194.7,True,1.0,tp,0.09211501773909757,tp
2022-11-11 15:00:00+00:00,bearish,17045.0,17286.3,143.07907594516345,241.29999999999927,374.8647387200795,bearish,BALANCE,16864.8,True,0.0,time,0.6436988467463821,tp
2022-11-14 20:00:00+00:00,bearish,16330.9,16526.3,120.13008969795312,195.39999999999964,258.91097430965664,bearish,BALANCE,16265.7,True,-1.0,sl,-1.0,sl
2022-11-18 01:00:00+00:00,bullish,16718.8,16843.2,73.69144373622814,124.40000000000146,121.71371824849494,bullish,BALANCE,16881.2,True,-1.0,sl,-1.0,sl
2022-11-20 09:00:00+00:00,bearish,16631.9,16674.6,25.692092010178815,42.69999999999709,58.02174452187948,bearish,BALANCE,16619.9,True,1.0,tp,0.735930991938627,tp
2022-11-20 12:00:00+00:00,bearish,16577.1,16586.0,5.3883550986562145,8.900000000001455,71.55414457528022,bearish,BALANCE,16517.1,True,-1.0,sl,-1.0,sl
2022-11-20 22:00:00+00:00,bearish,16349.3,16450.0,61.8257949250052,100.70000000000073,97.51783622063037,bearish,BALANCE,16287.7,True,1.0,tp,1.032631607741681,tp
2022-11-21 03:00:00+00:00,bearish,16096.1,16182.4,53.71190997809156,86.29999999999927,123.28332272986424,bearish,IMBALANCE,16067.2,True,-1.0,sl,-1.0,sl
2022-11-21 17:00:00+00:00,bearish,16065.4,16100.0,21.618244298656894,34.600000000000364,131.40279653329122,bearish,BALANCE,16005.0,True,1.0,tp,0.26331250865908523,tp
2022-11-21 20:00:00+00:00,bearish,15884.1,15920.0,22.75781626391437,35.899999999999636,154.568784250598,bearish,IMBALANCE,15774.8,True,1.0,tp,0.23225905653625414,tp
2022-11-23 03:00:00+00:00,bullish,16229.0,16450.0,133.31000910851193,221.0,150.01088445601164,bullish,BALANCE,16577.9,True,0.0,time,-1.0,sl
2022-11-24 02:00:00+00:00,bullish,16617.5,16670.0,31.467839867655254,52.5,151.90802259914244,bullish,BALANCE,16683.7,True,1.0,tp,0.34560386674598537,tp
2022-11-26 23:00:00+00:00,bearish,16473.0,16489.7,10.15246942100572,16.700000000000728,67.31485548030122,bearish,BALANCE,16449.2,True,-1.0,sl,-1.0,sl
2022-11-28 00:00:00+00:00,bearish,16475.0,16549.7,45.447631795090636,74.70000000000073,56.448336584214076,bearish,BALANCE,16436.5,True,1.0,tp,1.323333946050975,tp
2022-11-28 02:00:00+00:00,bearish,16181.3,16411.6,142.9608983630569,230.29999999999927,83.96922899353147,bearish,BALANCE,16109.3,True,0.0,time,-1.0,sl
2022-11-30 01:00:00+00:00,bullish,16521.9,16821.0,177.2454947881164,299.09999999999854,112.45429852358157,bullish,BALANCE,16874.9,True,1.0,tp,-1.0,sl
2022-11-30 19:00:00+00:00,bullish,16869.7,16911.0,24.22074304313361,41.29999999999927,117.65212930664343,bullish,IMBALANCE,17051.5,True,1.0,tp,0.35103487071072653,tp
2022-11-30 20:00:00+00:00,bullish,16977.6,17022.5,26.27129056983626,44.900000000001455,114.2555486418831,bullish,IMBALANCE,17090.9,True,1.0,tp,0.3929787264926107,tp
2022-12-04 15:00:00+00:00,bullish,16951.5,16998.8,27.78724254209166,47.29999999999927,56.47915455820561,bullish,BALANCE,17022.2,True,1.0,tp,0.8374771253215931,tp
2022-12-05 05:00:00+00:00,bullish,17268.0,17294.0,15.003144889986554,26.0,93.7870893215515,bullish,BALANCE,17329.7,True,-1.0,sl,0.2772236582677,tp
2022-12-07 07:00:00+00:00,bearish,16949.1,16970.3,12.652637358702702,21.200000000000728,74.11702769381527,bearish,BALANCE,16755.4,True,0.0,time,0.2860341362794587,tp
2022-12-07 08:00:00+00:00,bearish,16803.8,16926.0,72.79962825721785,122.20000000000073,79.45152571568555,bearish,BALANCE,16785.8,True,0.0,time,-1.0,sl
2022-12-08 19:00:00+00:00,bullish,16966.9,17180.6,123.94225694383861,213.6999999999971,81.68898680183186,bullish,BALANCE,17241.9,True,0.0,time,-1.0,sl
2022-12-12 01:00:00+00:00,bearish,16968.9,17060.0,53.75868193861629,91.09999999999854,52.45877981185681,bearish,BALANCE,16946.1,True,-1.0,sl,-1.0,sl
2022-12-13 10:00:00+00:00,bullish,17178.0,17358.0,103.53753235547886,180.0,78.38841665377504,bullish,BALANCE,17385.0,True,1.0,tp,2.296257631979233,tp
2022-12-13 14:00:00+00:00,bullish,17492.8,17829.0,188.14707034529116,336.2000000000007,125.22243513245711,bullish,IMBALANCE,17869.0,True,0.0,time,-1.0,sl
2022-12-14 15:00:00+00:00,bullish,17964.3,18013.6,27.305758025566206,49.29999999999927,92.35695187119661,bullish,IMBALANCE,18054.8,True,1.0,tp,0.5337984743016947,tp
2022-12-16 09:00:00+00:00,bearish,17215.1,17415.0,117.3872958641393,199.90000000000146,115.65821485142031,bearish,BALANCE,17029.1,True,1.0,tp,1.7283683675802974,tp
2022-12-16 10:00:00+00:00,bearish,17029.2,17159.2,76.54217768383371,130.0,115.91119950489033,bearish,IMBALANCE,16984.1,True,1.0,tp,1.1215482244622434,tp
2022-12-16 17:00:00+00:00,bearish,16829.0,16900.2,42.41124612818723,71.20000000000073,123.31248927673458,bearish,IMBALANCE,16788.0,True,-1.0,sl,-1.0,sl
2022-12-16 23:00:00+00:00,bearish,16729.3,16801.0,43.13015441437475,71.70000000000073,124.49109629774594,bearish,IMBALANCE,16624.1,True,0.0,time,-1.0,sl
2022-12-19 23:00:00+00:00,bearish,16447.2,16580.1,80.89255715433363,132.89999999999782,92.24532582833334,bearish,BALANCE,16429.2,True,-1.0,sl,-1.0,sl
2022-12-20 15:00:00+00:00,bullish,16822.3,16892.9,41.74822156124286,70.60000000000218,113.3454042415932,bullish,BALANCE,16910.9,True,-1.0,sl,-1.0,sl
2022-12-22 00:00:00+00:00,bullish,16786.5,16802.3,9.377411122321368,15.799999999999272,71.57436412093719,bullish,BALANCE,16849.0,True,-1.0,sl,-1.0,sl
2022-12-22 15:00:00+00:00,bearish,16707.1,16755.9,29.34191143312564,48.80000000000291,62.71025675381063,bearish,BALANCE,16631.5,True,-1.0,sl,0.7781821112865785,tp
2022-12-27 18:00:00+00:00,bearish,16676.9,16749.5,43.65368079899376,72.59999999999854,56.018814794768915,bearish,BALANCE,16630.9,True,-1.0,sl,-1.0,sl
2022-12-28 06:00:00+00:00,bearish,16615.3,16635.7,12.285678151367657,20.400000000001455,59.70418486443363,bearish,IMBALANCE,16604.7,True,-1.0,sl,-1.0,sl
2022-12-28 22:00:00+00:00,bearish,16534.8,16571.8,22.408760008236733,37.0,67.62913240123096,bearish,BALANCE,16511.4,True,-1.0,sl,-1.0,sl
2022-12-30 06:00:00+00:00,bearish,16566.5,16586.3,11.973875181421912,19.799999999999272,46.231325038189475,bearish,BALANCE,16536.0,True,1.0,tp,0.42828104069359585,tp
2022-12-30 08:00:00+00:00,bearish,16503.3,16527.2,14.490996180198541,23.900000000001455,51.9918057727246,bearish,BALANCE,16493.0,True,1.0,tp,0.4596878228172412,tp
2023-01-02 04:00:00+00:00,bullish,16587.1,16621.8,20.863646748999344,34.70000000000073,37.80904124738437,bullish,BALANCE,16631.8,True,1.0,tp,0.9177698998755367,tp
2023-01-02 08:00:00+00:00,bullish,16654.8,16701.0,27.62414421955857,46.20000000000073,45.704160429678915,bullish,BALANCE,16724.5,True,1.0,tp,-1.0,sl
2023-01-03 06:00:00+00:00,bullish,16691.2,16717.7,15.849471883634973,26.5,42.068202508534284,bullish,BALANCE,16719.8,True,1.0,tp,0.6299294578755662,tp
2023-01-04 02:00:00+00:00,bullish,16668.4,16695.5,16.19941419092507,27.099999999998545,42.10442150319491,bullish,BALANCE,16729.0,True,1.0,tp,0.6436378658698009,tp
2023-01-04 04:00:00+00:00,bullish,16749.8,16841.0,54.116921032019604,91.20000000000073,50.18493486755081,bullish,BALANCE,16852.4,True,1.0,tp,-1.0,sl
2023-01-06 20:00:00+00:00,bullish,16858.6,16881.0,13.263306234346903,22.400000000001455,61.249067660568464,bullish,BALANCE,16888.7,True,1.0,tp,0.3657198526537411,tp
2023-01-09 00:00:00+00:00,bullish,16969.8,17098.2,74.74285315125033,128.40000000000146,48.04723949589167,bullish,BALANCE,17178.9,True,0.0,time,2.672369970619819,tp
2023-01-10 09:00:00+00:00,bullish,17200.6,17236.0,20.533523587451036,35.400000000001455,53.41657051985611,bullish,BALANCE,17240.1,True,1.0,tp,0.662715701429046,tp
2023-01-10 15:00:00+00:00,bullish,17248.5,17263.3,8.546268225782747,14.799999999999272,58.184255820594636,bullish,BALANCE,17317.5,True,1.0,tp,0.254364342918364,tp
2023-01-10 19:00:00+00:00,bullish,17331.8,17390.4,33.631579249431645,58.60000000000218,61.976742255622774,bullish,IMBALANCE,17424.1,True,-1.0,sl,0.9455159769177277,tp
2023-01-11 19:00:00+00:00,bullish,17384.7,17460.0,42.928976203778255,75.29999999999927,63.88163103956354,bullish,BALANCE,17540.6,True,1.0,tp,1.178742602131815,tp
2023-01-12 00:00:00+00:00,bullish,17589.0,17902.4,171.59439334209452,313.40000000000146,115.14461317005666,bullish,IMBALANCE,18264.0,True,1.0,tp,-1.0,sl
2023-01-12 01:00:00+00:00,bullish,18013.2,18136.7,67.8046129097787,123.5,117.66999794362404,bullish,IMBALANCE,18214.1,True,-1.0,sl,1.0495453570005988,tp
2023-01-12 18:00:00+00:00,bullish,18137.4,18607.9,250.39914848323576,470.5,207.21807196862846,bullish,IMBALANCE,18790.0,True,0.0,time,2.2705548581266055,tp
2023-01-13 15:00:00+00:00,bullish,18892.5,18981.8,46.38358654720129,89.29999999999927,165.25633611064987,bullish,BALANCE,19252.5,True,1.0,tp,-1.0,sl
2023-01-13 22:00:00+00:00,bullish,19491.0,19780.0,145.65064005644592,289.0,199.58587175317504,bullish,IMBALANCE,19842.0,True,1.0,tp,1.447998284955781,tp
2023-01-14 01:00:00+00:00,bullish,19936.4,20711.0,370.0147604648823,774.5999999999985,311.81612982570186,bullish,IMBALANCE,20934.3,True,0.0,time,-1.0,sl
2023-01-14 12:00:00+00:00,bullish,20542.5,20586.0,20.79260452466194,43.5,291.00673705055044,bullish,IMBALANCE,20920.9,True,0.0,time,0.14948107538982447,tp
2023-01-14 13:00:00+00:00,bullish,20771.2,20801.2,14.322612062503879,30.0,285.1205415469396,bullish,IMBALANCE,20945.9,True,-1.0,both_sl_first,-1.0,both_sl_first
2023-01-16 02:00:00+00:00,bullish,21015.7,21129.9,53.824255792470595,114.20000000000073,195.81203056956045,bullish,IMBALANCE,21217.2,True,-1.0,sl,-1.0,sl
2023-01-16 16:00:00+00:00,bullish,20899.3,20921.0,10.33116870750925,21.700000000000728,185.89189947463498,bullish,BALANCE,21004.4,True,1.0,tp,0.11673451108589995,tp
2023-01-16 19:00:00+00:00,bullish,21200.0,21230.9,14.497241301655901,30.900000000001455,192.05142242921744,bullish,BALANCE,21314.4,True,1.0,tp,0.1608944084305865,tp
2023-01-17 19:00:00+00:00,bullish,21245.0,21285.0,18.74660217835517,40.0,186.88750119571978,bullish,BALANCE,21337.2,True,-1.0,sl,0.2140325048174806,tp
2023-01-18 14:00:00+00:00,bullish,21295.9,21310.9,7.002801120448179,15.0,154.56652008540922,bullish,BALANCE,21420.0,True,-1.0,both_sl_first,-1.0,both_sl_first
2023-01-18 21:00:00+00:00,bearish,20839.9,20881.0,19.7779670559695,41.099999999998545,225.6425895150032,bearish,BALANCE,20780.7,True,1.0,tp,0.18214646485106892,tp
2023-01-20 13:00:00+00:00,bullish,20981.5,21035.0,25.412175994756065,53.5,117.78431494190373,bullish,BALANCE,21052.9,True,1.0,tp,0.4542200718863896,tp
2023-01-20 17:00:00+00:00,bullish,21250.0,21281.4,14.708017743303614,31.400000000001455,134.4486703211087,bullish,BALANCE,21348.9,True,1.0,tp,0.2335463781457109,tp
2023-01-20 20:00:00+00:00,bullish,21439.7,21493.8,24.274022757456542,54.099999999998545,195.11976264412397,bullish,BALANCE,22287.2,True,1.0,tp,0.2772656099355277,tp
2023-01-20 21:00:00+00:00,bullish,21535.0,22204.6,300.1358141452891,669.5999999999985,198.16835102668674,bullish,IMBALANCE,22309.9,True,1.0,tp,3.3789452076018924,tp
2023-01-20 23:00:00+00:00,bullish,22442.4,22566.5,54.76344925886147,124.09999999999854,213.16709858933694,bullish,IMBALANCE,22661.1,True,-1.0,sl,-1.0,both_sl_first
2023-01-25 21:00:00+00:00,bullish,22757.0,22824.8,28.736971936947896,67.79999999999927,217.6134190941681,bullish,BALANCE,23593.3,True,0.0,time,-1.0,both_sl_first
2023-01-27 06:00:00+00:00,bullish,22845.9,22962.8,50.84266608676647,116.89999999999782,184.46483727997523,bullish,BALANCE,22992.5,True,-1.0,sl,0.6337251138143515,tp
2023-01-29 10:00:00+00:00,bullish,23222.0,23293.0,30.28118855797568,71.0,121.39205522594962,bullish,BALANCE,23446.9,True,1.0,tp,-1.0,both_sl_first
2023-01-30 20:00:00+00:00,bearish,22809.8,23068.0,113.77456596457246,258.2000000000007,201.50260891415618,bearish,BALANCE,22694.0,True,-1.0,sl,-1.0,sl
2023-02-01 20:00:00+00:00,bullish,23131.6,23320.0,79.92262268377173,188.40000000000146,184.43915832223053,bullish,BALANCE,23572.8,True,1.0,tp,1.021475058299985,tp
2023-02-01 21:00:00+00:00,bullish,23495.0,23529.0,14.355258880205364,34.0,190.6149327277856,bullish,BALANCE,23684.7,True,1.0,tp,0.1783700758038456,tp
2023-02-02 01:00:00+00:00,bullish,23789.7,23950.9,67.28272937483857,161.20000000000073,217.7629683891683,bullish,BALANCE,23958.6,True,-1.0,sl,-1.0,sl
2023-02-05 13:00:00+00:00,bearish,23215.0,23344.6,55.94816161075386,129.59999999999854,98.8145762133162,bearish,BALANCE,23164.3,True,1.0,tp,1.311547394791462,tp
2023-02-05 18:00:00+00:00,bearish,22932.0,22982.0,21.89132271750124,50.0,119.66624666428194,bearish,BALANCE,22840.1,True,-1.0,sl,0.4178287645326842,tp
2023-02-07 00:00:00+00:00,bearish,22820.0,22835.2,6.669738256653603,15.200000000000728,133.68650432985186,bearish,BALANCE,22789.5,True,-1.0,sl,-1.0,sl
2023-02-07 21:00:00+00:00,bullish,23128.0,23165.5,16.171042191327146,37.5,166.94747528662978,bullish,BALANCE,23189.6,True,1.0,tp,0.22462154600191914,tp
2023-02-09 03:00:00+00:00,bearish,22804.5,22926.3,54.10543897368436,121.79999999999927,142.31041158821532,bearish,BALANCE,22511.6,True,1.0,tp,0.8558755374303537,tp
2023-02-09 04:00:00+00:00,bearish,22611.6,22787.2,77.82342591484725,175.60000000000218,151.46681076048566,bearish,BALANCE,22563.9,True,-1.0,sl,-1.0,sl
2023-02-09 20:00:00+00:00,bearish,22074.5,22462.3,176.35689761022272,387.7999999999993,182.58512734499917,bearish,IMBALANCE,21989.5,True,1.0,tp,2.123940792106479,tp
2023-02-10 22:00:00+00:00,bearish,21633.1,21706.0,33.81183182208272,72.90000000000146,154.88186001815484,bearish,BALANCE,21560.5,True,-1.0,sl,-1.0,sl
2023-02-12 22:00:00+00:00,bearish,21812.2,21938.2,57.845131138585,126.0,107.02699756071618,bearish,BALANCE,21782.3,True,1.0,tp,1.1772730513954817,tp
2023-02-13 09:00:00+00:00,bearish,21745.0,21781.5,16.91976785151397,36.5,121.54947810154817,bearish,BALANCE,21572.4,True,1.0,tp,0.3002892366967328,tp
2023-02-13 10:00:00+00:00,bearish,21640.1,21689.0,22.65252235141588,48.900000000001455,129.30308680858033,bearish,BALANCE,21587.0,True,1.0,tp,0.37818122681319,tp
2023-02-15 12:00:00+00:00,bullish,22244.0,22432.9,82.98335939833834,188.90000000000146,151.98709352313767,bullish,IMBALANCE,22763.6,True,1.0,tp,-1.0,sl
2023-02-15 13:00:00+00:00,bullish,22500.0,22662.0,71.4062176302833,162.0,149.22372970005634,bullish,IMBALANCE,22687.1,True,1.0,tp,1.085618221214703,tp
2023-02-15 19:00:00+00:00,bullish,22825.0,22934.1,46.802742100159826,109.09999999999854,183.7505000878938,bullish,IMBALANCE,23310.6,True,1.0,tp,0.5937398806958973,tp
2023-02-15 20:00:00+00:00,bullish,23066.0,23285.9,91.07551108313237,219.90000000000146,247.1326072244727,bullish,IMBALANCE,24144.8,True,1.0,tp,0.8898056896242083,tp
2023-02-15 21:00:00+00:00,bullish,23345.7,24011.0,275.13336917414466,665.2999999999993,250.1231352798675,bullish,IMBALANCE,24181.0,True,1.0,tp,2.659889894853517,tp
2023-02-16 01:00:00+00:00,bullish,24356.7,24582.2,91.48369926813041,225.5,267.60963314057415,bullish,IMBALANCE,24649.2,True,-1.0,sl,-1.0,sl
2023-02-16 16:00:00+00:00,bullish,24534.6,24620.0,34.28975242316986,85.40000000000146,267.04303152413775,bullish,IMBALANCE,24905.4,True,-1.0,sl,0.3197986463551728,tp
2023-02-20 10:00:00+00:00,bullish,24570.0,24766.1,78.69560331958142,196.09999999999854,213.95557536752952,bullish,BALANCE,24918.8,True,1.0,tp,-1.0,sl
2023-02-22 02:00:00+00:00,bearish,24190.0,24259.2,28.636576191087368,69.20000000000073,241.03034861605286,bearish,BALANCE,24164.9,True,-1.0,sl,0.28710077547218965,tp
2023-02-22 16:00:00+00:00,bearish,23755.3,23900.0,61.2411598153034,144.70000000000073,216.3003452020858,bearish,IMBALANCE,23627.9,True,-1.0,sl,-1.0,sl
2023-02-23 12:00:00+00:00,bearish,23994.5,24193.0,83.05265580217987,198.5,221.2520368895592,bearish,BALANCE,23900.5,True,-1.0,sl,-1.0,sl
2023-02-24 16:00:00+00:00,bearish,23339.3,23668.8,142.14963028153824,329.5,214.11430077334467,bearish,BALANCE,23179.8,True,0.0,time,1.5388976766610265,tp
2023-02-24 17:00:00+00:00,bearish,23181.0,23310.5,56.17514499260396,129.5,211.3418507181057,bearish,BALANCE,23052.9,True,-1.0,sl,0.6127513294691999,tp
2023-02-27 14:00:00+00:00,bullish,23430.0,23663.2,98.02396795305643,233.20000000000073,138.802512522793,bullish,BALANCE,23790.1,True,-1.0,sl,-1.0,sl
2023-03-01 05:00:00+00:00,bullish,23488.2,23628.1,59.0641768801102,139.89999999999782,181.61557192467376,bullish,BALANCE,23686.1,True,1.0,tp,0.7703083965620621,tp
2023-03-03 02:00:00+00:00,bearish,22453.2,23390.0,419.4201185551314,936.7999999999993,237.8795554921548,bearish,BALANCE,22335.6,True,0.0,time,0.0,time
2023-03-06 20:00:00+00:00,bearish,22403.9,22460.1,25.15576881758804,56.19999999999709,90.77036004470173,bearish,BALANCE,22340.8,True,-1.0,sl,-1.0,sl
2023-03-07 20:00:00+00:00,bearish,22136.4,22150.0,6.168527808266981,13.599999999998545,133.17822391110582,bearish,BALANCE,22047.4,True,1.0,tp,0.10211879690689045,tp
2023-03-08 06:00:00+00:00,bearish,22042.6,22095.8,24.165232045278344,53.20000000000073,136.22434112508995,bearish,BALANCE,22015.1,True,1.0,tp,0.3905322614197806,tp
2023-03-08 23:00:00+00:00,bearish,21829.0,21900.0,32.72583128220729,71.0,167.494613939324,bearish,BALANCE,21695.4,True,1.0,tp,0.42389422758226575,tp
2023-03-09 16:00:00+00:00,bearish,21666.4,21681.7,7.12622263623627,15.299999999999272,138.24068021709803,bearish,IMBALANCE,21470.0,True,1.0,tp,0.11067653874367159,tp
2023-03-09 17:00:00+00:00,bearish,21515.0,21625.4,51.43759696965528,110.40000000000146,139.27348877301966,bearish,IMBALANCE,21462.9,True,1.0,tp,0.7926849608824426,tp
2023-03-09 19:00:00+00:00,bearish,21009.5,21362.3,169.24434892735124,352.7999999999993,174.6521408297974,bearish,IMBALANCE,20845.6,True,1.0,tp,2.020015319158408,tp
2023-03-09 20:00:00+00:00,bearish,20858.4,20940.4,40.800079609911435,82.0,223.24127362766913,bearish,IMBALANCE,20098.0,True,0.0,time,-1.0,sl
2023-03-09 21:00:00+00:00,bearish,20399.9,20750.0,173.2825183132046,350.09999999999854,228.93832551140707,bearish,IMBALANCE,20204.0,True,1.0,tp,-1.0,sl
2023-03-10 01:00:00+00:00,bearish,20150.0,20262.7,56.0685359495337,112.70000000000073,244.55171061358035,bearish,IMBALANCE,20100.4,True,1.0,tp,0.46084322909553965,tp
2023-03-10 11:00:00+00:00,bearish,19791.0,19818.0,13.670886075949367,27.0,226.6705350691338,bearish,IMBALANCE,19750.0,True,-1.0,sl,-1.0,both_sl_first
2023-03-12 18:00:00+00:00,bullish,20412.9,20680.5,127.01727738750644,267.59999999999854,188.50100196684227,bullish,BALANCE,21068.0,True,1.0,tp,-1.0,sl
2023-03-12 23:00:00+00:00,bullish,21284.0,21600.0,143.72651936214535,316.0,302.80858928436584,bullish,BALANCE,21986.2,True,1.0,tp,1.0435635288510443,tp
2023-03-13 01:00:00+00:00,bullish,22184.0,22236.2,23.42813800160708,52.20000000000073,327.009446882948,bullish,IMBALANCE,22280.9,True,-1.0,sl,0.15962841592978655,tp
2023-03-13 14:00:00+00:00,bullish,22149.9,22390.1,102.33077293389275,240.1999999999971,367.86590438894916,bullish,IMBALANCE,23472.9,True,1.0,tp,0.6529553218556254,tp
2023-03-13 15:00:00+00:00,bullish,22588.0,23453.7,360.5731184139284,865.7000000000007,417.55405407545277,bullish,IMBALANCE,24009.0,True,1.0,tp,2.0732645068357285,tp
2023-03-13 16:00:00+00:00,bullish,23560.0,23777.0,90.48113447498008,217.0,420.3501930700633,bullish,IMBALANCE,23982.9,True,1.0,tp,0.5162362324972962,tp
2023-03-14 11:00:00+00:00,bullish,24285.0,24450.0,66.67394018741439,165.0,311.1280554160122,bullish,IMBALANCE,24747.3,True,1.0,tp,-1.0,both_sl_first
2023-03-14 13:00:00+00:00,bullish,24844.4,25600.0,292.9329347956713,755.5999999999985,443.7920477821739,bullish,IMBALANCE,25794.3,True,-1.0,sl,-1.0,sl
2023-03-17 02:00:00+00:00,bullish,24990.5,25480.0,191.43527571372704,489.5,321.6604816898333,bullish,BALANCE,25570.0,True,1.0,tp,1.5217909188857401,tp
2023-03-17 07:00:00+00:00,bullish,25754.6,25870.2,44.38148109755947,115.60000000000218,303.251881336763,bullish,IMBALANCE,26046.9,True,1.0,tp,0.3812012624305115,tp
2023-03-17 11:00:00+00:00,bullish,26365.5,26560.2,72.3412635012877,194.70000000000073,333.9204363509811,bullish,IMBALANCE,26914.1,True,-1.0,sl,-1.0,sl
2023-03-17 22:00:00+00:00,bullish,26870.0,26962.5,33.622181189025724,92.5,384.27993058971515,bullish,IMBALANCE,27511.6,True,-1.0,sl,0.24070994251000863,tp
2023-03-19 19:00:00+00:00,bullish,28070.4,28150.1,28.217083904223745,79.69999999999709,304.62684555341235,bullish,IMBALANCE,28245.3,True,-1.0,sl,-1.0,both_sl_first
2023-03-20 08:00:00+00:00,bullish,27724.5,27990.0,93.8056474179598,265.5,361.2056893878991,bullish,BALANCE,28303.2,True,-1.0,sl,-1.0,sl
2023-03-21 10:00:00+00:00,bullish,27678.0,27884.1,73.73301564814167,206.09999999999854,307.37955872556216,bullish,BALANCE,27952.2,True,1.0,tp,0.6705065257251234,tp
2023-03-22 15:00:00+00:00,bullish,28390.0,28423.0,11.544031735592698,33.0,224.75739654789461,bullish,BALANCE,28586.2,True,-1.0,sl,0.14682497887435625,tp
2023-03-27 15:00:00+00:00,bearish,26999.0,27588.0,219.06253138098657,589.0,240.00078952768436,bearish,BALANCE,26887.3,True,0.0,time,-1.0,sl
2023-03-29 07:00:00+00:00,bullish,27640.0,27970.0,117.53099434782763,330.0,239.53412501694723,bullish,BALANCE,28077.7,True,1.0,tp,1.3776742665649484,tp
2023-03-29 09:00:00+00:00,bullish,28150.0,28303.0,54.04068946029952,153.0,266.13707718298,bullish,BALANCE,28312.0,True,1.0,tp,0.5748917122690387,tp
2023-03-31 01:00:00+00:00,bullish,28043.1,28100.2,20.29132803366093,57.10000000000218,275.20858167546766,bullish,BALANCE,28140.1,True,-1.0,sl,0.20747899521293325,tp
2023-03-31 08:00:00+00:00,bearish,27843.5,27998.0,55.60554255893468,154.5,255.30000368936558,bearish,BALANCE,27785.0,True,-1.0,sl,-1.0,sl
2023-03-31 14:00:00+00:00,bullish,28188.0,28311.9,43.45828320489983,123.90000000000146,266.1347899270103,bullish,BALANCE,28510.1,True,1.0,tp,0.4655535641694256,tp
2023-04-02 20:00:00+00:00,bearish,28079.7,28135.6,19.93424196389649,55.89999999999782,147.24369784313006,bearish,BALANCE,28042.2,True,-1.0,sl,0.3796427339087398,tp
2023-04-03 02:00:00+00:00,bearish,27798.2,28050.0,90.88021713081238,251.79999999999927,184.94902266786409,bearish,BALANCE,27706.8,True,-1.0,sl,-1.0,sl
2023-04-03 21:00:00+00:00,bearish,27750.0,28017.0,96.39337160186288,267.0,271.0736088530089,bearish,BALANCE,27699.0,True,-1.0,sl,-1.0,sl
2023-04-05 01:00:00+00:00,bullish,28200.0,28537.4,118.13725490196128,337.40000000000146,219.8735754399177,bullish,BALANCE,28560.0,True,-1.0,sl,-1.0,sl
2023-04-06 01:00:00+00:00,bearish,28080.4,28114.8,12.265126394979077,34.39999999999782,201.42893953571556,bearish,BALANCE,28047.0,True,1.0,tp,0.17077982974684894,tp
2023-04-06 08:00:00+00:00,bearish,27975.9,27994.6,6.692889431318102,18.69999999999709,170.57735484771345,bearish,BALANCE,27940.1,True,-1.0,both_sl_first,0.10962768191998339,tp
2023-04-09 07:00:00+00:00,bearish,27904.0,27975.0,25.458796193372105,71.0,80.96400680861963,bearish,BALANCE,27888.2,True,1.0,tp,0.8769328841126669,tp
2023-04-09 22:00:00+00:00,bullish,28149.9,28350.1,70.579442415353,200.1999999999971,125.65358413347467,bullish,BALANCE,28365.2,True,1.0,tp,-1.0,sl
2023-04-10 16:00:00+00:00,bullish,28333.0,28368.9,12.365196964844078,35.900000000001455,170.24343857029538,bullish,BALANCE,29033.1,True,1.0,tp,0.21087450007759406,tp
2023-04-10 17:00:00+00:00,bullish,28590.0,28992.0,137.88845441448856,402.0,180.0831929581314,bullish,IMBALANCE,29154.0,True,1.0,tp,2.2323016012574834,tp
2023-04-10 23:00:00+00:00,bullish,29274.9,29570.1,99.65196080086052,295.1999999999971,214.5091944203529,bullish,IMBALANCE,29623.1,True,1.0,tp,1.3761647877037992,tp
2023-04-13 09:00:00+00:00,bullish,30093.7,30134.2,13.413838444392187,40.5,178.97312743277715,bullish,BALANCE,30192.7,True,1.0,tp,0.22629095541291008,tp
2023-04-14 01:00:00+00:00,bullish,30380.0,30681.0,97.80221208458428,301.0,201.71621510529954,bullish,IMBALANCE,30776.4,True,-1.0,sl,-1.0,sl
2023-04-17 01:00:00+00:00,bearish,29983.9,30230.4,82.35168344881501,246.5,155.6352938857254,bearish,BALANCE,29932.6,True,1.0,tp,-1.0,sl
2023-04-17 12:00:00+00:00,bearish,29589.4,29750.0,54.40379403793989,160.59999999999854,168.2461931116218,bearish,IMBALANCE,29520.0,True,1.0,tp,0.9545535445990643,tp
2023-04-18 21:00:00+00:00,bullish,30227.0,30272.4,14.951424337230844,45.400000000001455,198.77310824501052,bullish,BALANCE,30365.0,True,-1.0,sl,-1.0,sl
2023-04-19 09:00:00+00:00,bearish,29305.8,29960.0,224.1570127017741,654.2000000000007,254.0144124152964,bearish,BALANCE,29184.9,True,0.0,time,-1.0,sl
2023-04-20 00:00:00+00:00,bearish,28957.0,29017.8,21.030057763480777,60.79999999999927,252.7740585412857,bearish,IMBALANCE,28911.0,True,1.0,tp,0.24053101157161882,tp
2023-04-21 20:00:00+00:00,bearish,27400.0,27700.0,110.03642205570043,300.0,251.8080274489944,bearish,IMBALANCE,27263.7,True,-1.0,sl,-1.0,sl
2023-04-23 01:00:00+00:00,bearish,27649.0,27785.0,49.38379194898945,136.0,173.23153942753243,bearish,BALANCE,27539.4,True,1.0,tp,-1.0,sl
2023-04-25 21:00:00+00:00,bullish,27649.0,27961.6,110.65760921509509,312.59999999999854,212.79525153054843,bullish,BALANCE,28249.3,True,1.0,tp,1.4690177424148172,tp
2023-04-25 22:00:00+00:00,bullish,28053.4,28190.0,48.40658698124991,136.59999999999854,211.15987642122363,bullish,BALANCE,28219.3,True,1.0,tp,0.6469032010963428,tp
2023-04-26 09:00:00+00:00,bullish,28394.1,28666.0,94.24773392953134,271.90000000000146,199.41206663984832,bullish,IMBALANCE,28849.5,True,1.0,tp,1.3635082599643833,tp
2023-04-26 13:00:00+00:00,bullish,29146.4,29651.0,169.11661203724134,504.59999999999854,284.76950320961885,bullish,IMBALANCE,29837.4,True,-1.0,sl,-1.0,sl
2023-04-27 01:00:00+00:00,bullish,28440.0,28532.0,32.021941991555956,92.0,518.702181447762,bullish,BALANCE,28730.3,True,1.0,tp,0.17736574722553977,tp
2023-04-30 16:00:00+00:00,bullish,29452.7,29613.2,54.04022208679432,160.5,146.1606283263954,bullish,BALANCE,29700.1,True,-1.0,sl,-1.0,sl
2023-05-01 02:00:00+00:00,bearish,28666.0,29198.2,186.5077974417385,532.2000000000007,227.92524957308368,bearish,BALANCE,28535.0,True,1.0,tp,2.334976054635635,tp
2023-05-01 20:00:00+00:00,bearish,27950.0,28066.0,41.932207188481655,116.0,241.8956897447775,bearish,IMBALANCE,27663.7,True,-1.0,sl,-1.0,sl
2023-05-03 22:00:00+00:00,bullish,28569.2,28915.0,118.84795160846826,345.7999999999993,273.9603354276618,bullish,BALANCE,29096.0,True,0.0,time,-1.0,sl
2023-05-05 02:00:00+00:00,bullish,28948.5,29185.0,80.9017206581603,236.5,211.33805236274367,bullish,BALANCE,29233.0,True,-1.0,sl,-1.0,sl
2023-05-05 17:00:00+00:00,bullish,29376.0,29445.6,23.6290243182037,69.59999999999854,228.93202491150325,bullish,BALANCE,29455.3,True,-1.0,both_sl_first,0.3040203747243445,tp
2023-05-08 00:00:00+00:00,bearish,28624.6,28700.0,26.397325257759537,75.40000000000146,174.81226186094236,bearish,BALANCE,28563.5,True,1.0,tp,0.4313198582144095,tp
2023-05-08 02:00:00+00:00,bearish,28293.8,28345.0,18.112481339191845,51.20000000000073,198.57996048213903,bearish,BALANCE,28267.8,True,1.0,tp,0.25783064854928034,tp
2023-05-08 08:00:00+00:00,bearish,27977.6,28120.0,51.42483631806891,142.40000000000146,221.2815922753849,bearish,IMBALANCE,27690.9,True,1.0,tp,-1.0,sl
2023-05-08 18:00:00+00:00,bearish,27600.0,27818.4,79.51851973217167,218.40000000000146,228.38724695831817,bearish,IMBALANCE,27465.3,True,0.0,time,-1.0,sl
2023-05-10 18:00:00+00:00,bearish,27525.7,28131.1,220.81190502243055,605.3999999999978,262.06449675388166,bearish,BALANCE,27417.0,True,0.0,time,-1.0,sl
2023-05-11 18:00:00+00:00,bearish,26984.9,27088.3,38.366208053192416,103.39999999999782,233.11509522060118,bearish,BALANCE,26950.8,True,1.0,tp,0.44355771942674344,tp
2023-05-12 03:00:00+00:00,bearish,26695.0,26830.0,50.800006020741456,135.0,231.044283829061,bearish,IMBALANCE,26574.8,True,1.0,tp,0.5843035705651984,tp
2023-05-12 06:00:00+00:00,bearish,26312.2,26500.0,71.44161416963361,187.79999999999927,246.74274474214567,bearish,IMBALANCE,26287.2,True,-1.0,sl,-1.0,sl
2023-05-15 02:00:00+00:00,bullish,26919.6,27105.1,68.33897605741211,185.5,147.4374865741857,bullish,BALANCE,27144.1,True,1.0,tp,1.2581603519581412,tp
2023-05-16 08:00:00+00:00,bullish,27074.3,27152.4,28.723267317630125,78.10000000000218,151.68737472961715,bullish,BALANCE,27190.5,True,-1.0,sl,-1.0,sl
2023-05-17 08:00:00+00:00,bearish,26854.4,26917.9,23.69067072579261,63.5,136.2269350106662,bearish,BALANCE,26803.8,True,1.0,tp,0.46613395504368155,tp
2023-05-17 12:00:00+00:00,bearish,26750.0,26818.7,25.769135552405015,68.70000000000073,142.09035013639217,bearish,BALANCE,26659.8,True,-1.0,sl,0.4834951841138757,tp
2023-05-18 08:00:00+00:00,bullish,27241.8,27336.0,34.413724573299305,94.20000000000073,146.02329969086017,bullish,BALANCE,27372.8,True,-1.0,sl,-1.0,both_sl_first
2023-05-18 18:00:00+00:00,bearish,26638.3,26961.3,121.42628897953045,323.0,206.91915500212647,bearish,BALANCE,26600.5,True,-1.0,sl,-1.0,sl
2023-05-23 02:00:00+00:00,bullish,26932.1,26982.2,18.47392816186339,50.10000000000218,135.67794995139465,bullish,BALANCE,27119.3,True,1.0,tp,0.36925675850755585,tp
2023-05-23 04:00:00+00:00,bullish,27180.0,27333.0,55.89510716882149,153.0,145.5054772540088,bullish,BALANCE,27372.7,True,-1.0,sl,1.0515068084544132,tp
2023-05-24 14:00:00+00:00,bearish,26432.0,26642.0,80.00731495451014,210.0,155.27788967485372,bearish,BALANCE,26247.6,True,1.0,tp,-1.0,sl
2023-05-25 02:00:00+00:00,bearish,26140.6,26178.0,14.32165518509072,37.400000000001455,178.44773697537752,bearish,IMBALANCE,26114.3,True,-1.0,sl,-1.0,sl
2023-05-26 15:00:00+00:00,bullish,26584.3,26727.0,53.37073398784506,142.70000000000073,135.3057081419141,bullish,BALANCE,26737.5,True,-1.0,sl,-1.0,sl
2023-05-28 01:00:00+00:00,bullish,26890.0,27054.8,60.8564960986109,164.79999999999927,107.9466697782669,bullish,BALANCE,27080.1,True,1.0,tp,1.5266797978901574,tp
2023-05-28 04:00:00+00:00,bullish,27108.8,27154.6,16.8648967117131,45.79999999999927,108.43372212203072,bullish,IMBALANCE,27157.0,True,1.0,tp,0.42237782770618515,tp
2023-05-28 19:00:00+00:00,bullish,27449.5,27464.6,5.487237630094244,15.099999999998545,139.09967284168275,bullish,IMBALANCE,27518.4,True,1.0,tp,0.1085552517235945,tp
2023-05-28 22:00:00+00:00,bullish,27586.6,27828.5,86.14856442801535,241.90000000000146,170.94704126573518,bullish,IMBALANCE,28079.4,True,-1.0,sl,1.415058126826367,tp
2023-05-28 23:00:00+00:00,bullish,27989.9,28042.3,18.677131563282263,52.39999999999782,173.77225260389696,bullish,IMBALANCE,28055.7,True,1.0,tp,0.3015441142921743,tp
2023-05-31 05:00:00+00:00,bearish,27264.8,27581.1,116.79991137534361,316.2999999999993,168.07415672054285,bearish,BALANCE,27080.5,True,0.0,time,-1.0,sl
2023-05-31 06:00:00+00:00,bearish,27179.7,27222.0,15.580110497237301,42.29999999999927,173.0474312405041,bearish,BALANCE,27150.0,True,1.0,tp,0.24444165219193362,tp
2023-06-01 03:00:00+00:00,bearish,26829.0,27045.7,80.95305693984771,216.70000000000073,182.09515027333174,bearish,BALANCE,26768.6,True,-1.0,sl,-1.0,sl
2023-06-03 16:00:00+00:00,bullish,27184.9,27211.8,9.875364819470922,26.899999999997817,89.7922239538836,bullish,BALANCE,27239.5,True,-1.0,sl,-1.0,sl
2023-06-05 03:00:00+00:00,bearish,26918.7,26935.0,6.073953174665009,16.299999999999272,118.09233236990522,bearish,BALANCE,26835.9,True,1.0,tp,0.13802758970787374,tp
2023-06-05 16:00:00+00:00,bearish,26072.2,26688.0,238.7117782050484,615.7999999999993,202.04032922474693,bearish,IMBALANCE,25796.8,True,0.0,time,-1.0,sl
2023-06-05 17:00:00+00:00,bearish,25798.0,25971.0,67.20482320858356,173.0,204.95173428012208,bearish,IMBALANCE,25742.2,True,1.0,tp,0.8441011763459784,tp
2023-06-07 12:00:00+00:00,bullish,26620.0,26730.2,41.13014593363965,110.20000000000073,224.85508767590514,bullish,BALANCE,26793.0,True,-1.0,sl,-1.0,sl
2023-06-08 17:00:00+00:00,bearish,26506.5,26570.0,23.984710219375113,63.5,188.1800563590536,bearish,BALANCE,26475.2,True,-1.0,sl,0.33744277278161444,tp
2023-06-09 09:00:00+00:00,bullish,26489.8,26579.0,33.50046006797766,89.20000000000073,134.9148111039226,bullish,BALANCE,26626.5,True,1.0,tp,0.6611579504884187,tp
2023-06-10 05:00:00+00:00,bearish,25795.0,26250.0,178.3991907342205,455.0,168.3069556906892,bearish,BALANCE,25504.6,True,0.0,time,-1.0,sl
2023-06-10 06:00:00+00:00,bearish,25628.8,25701.0,28.28499680716477,72.20000000000073,169.29931599849715,bearish,BALANCE,25525.9,True,-1.0,sl,-1.0,sl
2023-06-11 23:00:00+00:00,bearish,25928.1,25956.4,10.92246593001243,28.30000000000291,156.4529271819225,bearish,BALANCE,25909.9,True,-1.0,both_sl_first,0.18088507840505777,tp
2023-06-12 03:00:00+00:00,bearish,25838.8,25880.4,16.136790330339565,41.60000000000218,163.6100701073222,bearish,BALANCE,25779.6,True,-1.0,sl,0.2542630778943738,tp
2023-06-12 14:00:00+00:00,bearish,25866.9,25882.7,6.115166386710455,15.799999999999272,143.2800237587856,bearish,BALANCE,25837.4,True,1.0,tp,0.11027357188744383,tp
2023-06-14 06:00:00+00:00,bearish,25916.5,25952.1,13.756274368118886,35.599999999998545,119.1753907640818,bearish,BALANCE,25879.1,True,-1.0,sl,-1.0,sl
2023-06-14 21:00:00+00:00,bearish,25179.1,25820.1,255.32965807335648,641.0,204.29050300674115,bearish,BALANCE,25104.8,True,0.0,time,-1.0,sl
2023-06-16 16:00:00+00:00,bullish,25720.0,25756.0,13.872725451056253,36.0,177.7863924818217,bullish,BALANCE,25950.2,True,1.0,tp,0.2024901877891508,tp
2023-06-16 17:00:00+00:00,bullish,25896.0,25937.9,15.928772914243691,41.900000000001455,192.5945073045486,bullish,BALANCE,26304.6,True,1.0,tp,0.21755552941987807,tp
2023-06-16 18:00:00+00:00,bullish,25989.0,26263.2,104.05282331511869,274.2000000000007,197.67347106850949,bullish,BALANCE,26352.0,True,1.0,tp,1.3871360608878562,tp
2023-06-17 06:00:00+00:00,bullish,26358.8,26640.1,105.53525470275272,281.2999999999993,175.17493876901372,bullish,IMBALANCE,26654.6,True,-1.0,sl,-1.0,sl
2023-06-20 01:00:00+00:00,bullish,26844.0,26866.4,8.32939794070564,22.400000000001455,178.3984728464932,bullish,BALANCE,26892.7,True,1.0,tp,0.1255616129588511,tp
2023-06-20 16:00:00+00:00,bullish,26833.5,26983.3,54.74485898996075,149.79999999999927,186.39698422355858,bullish,BALANCE,27363.3,True,1.0,tp,0.80366107114873,tp
2023-06-20 17:00:00+00:00,bullish,27125.5,27324.1,71.47998848257939,198.59999999999854,221.36148535044734,bullish,BALANCE,27784.0,True,1.0,tp,0.8971750423773384,tp
2023-06-20 18:00:00+00:00,bullish,27383.7,27765.1,135.9317418793785,381.3999999999978,232.68566496827265,bullish,IMBALANCE,28058.2,True,1.0,tp,-1.0,sl
2023-06-21 02:00:00+00:00,bullish,28500.0,28743.0,84.43656833107474,243.0,270.07829305412145,bullish,IMBALANCE,28779.0,True,1.0,tp,0.8997390988075644,tp
2023-06-21 15:00:00+00:00,bullish,29407.2,29460.0,17.696149076649554,52.79999999999927,303.3414696741124,bullish,IMBALANCE,29837.0,True,1.0,tp,0.17406126520295295,tp
2023-06-21 16:00:00+00:00,bullish,29589.8,29745.5,51.61936273128449,155.70000000000073,358.5670789831043,bullish,IMBALANCE,30163.1,True,-1.0,sl,0.43422837490146926,tp
2023-06-22 03:00:00+00:00,bullish,30209.9,30226.0,5.316391326026392,16.099999999998545,326.1993543713499,bullish,IMBALANCE,30283.7,True,-1.0,sl,0.04935632086405065,tp
2023-06-23 15:00:00+00:00,bullish,30175.0,30238.6,20.36314271169137,63.599999999998545,289.4414306003882,bullish,IMBALANCE,31232.9,True,0.0,time,-1.0,both_sl_first
2023-06-23 16:00:00+00:00,bullish,30349.9,30655.1,98.16535007590674,305.1999999999971,324.8670427003605,bullish,IMBALANCE,31090.4,True,-1.0,sl,-1.0,sl
2023-06-26 02:00:00+00:00,bearish,30233.6,30375.2,46.868793856746386,141.60000000000218,184.41942348795573,bearish,BALANCE,30212.0,True,-1.0,sl,-1.0,sl
2023-06-26 17:00:00+00:00,bearish,30162.4,30312.4,49.88609342002428,150.0,221.52836258409593,bearish,BALANCE,30068.5,True,-1.0,sl,-1.0,sl
2023-06-27 11:00:00+00:00,bullish,30396.8,30526.5,42.21991464871557,129.70000000000073,174.3844826363801,bullish,BALANCE,30720.1,True,-1.0,sl,-1.0,sl
2023-06-28 08:00:00+00:00,bearish,30269.8,30321.0,16.917678312990507,51.20000000000073,177.69498483806825,bearish,BALANCE,30264.2,True,-1.0,sl,0.2881341870546252,tp
2023-06-28 13:00:00+00:00,bearish,30199.8,30292.3,30.635834321407987,92.5,174.80966525383943,bearish,BALANCE,30193.4,True,-1.0,sl,-1.0,sl
2023-06-30 03:00:00+00:00,bullish,30431.0,30593.8,52.97013434501495,162.79999999999927,189.25582691478513,bullish,BALANCE,30734.3,True,1.0,tp,0.8602112952289829,tp
2023-07-03 16:00:00+00:00,bullish,30755.0,30810.2,17.78602636971759,55.20000000000073,143.35988863489672,bullish,BALANCE,31035.6,True,1.0,tp,0.3850449419682683,tp
2023-07-03 19:00:00+00:00,bullish,31062.4,31120.6,18.62155685174012,58.19999999999709,164.99835106810102,bullish,BALANCE,31254.1,True,-1.0,sl,-1.0,sl
2023-07-05 11:00:00+00:00,bearish,30480.0,30663.0,60.2072709327192,183.0,132.67043441762698,bearish,BALANCE,30395.0,True,-1.0,sl,1.3793578109795026,tp
2023-07-06 13:00:00+00:00,bearish,30649.6,30686.0,11.98886748019744,36.400000000001455,245.75314896138093,bearish,BALANCE,30361.5,True,1.0,tp,0.1481161081916464,tp
2023-07-06 14:00:00+00:00,bearish,30424.0,30486.8,20.79704337574405,62.79999999999927,268.127924035568,bearish,BALANCE,30196.6,True,1.0,tp,-1.0,both_sl_first
2023-07-10 19:00:00+00:00,bullish,30354.7,30478.8,40.26018264692,124.09999999999854,146.31210195411515,bullish,BALANCE,30824.5,True,-1.0,sl,0.8481868440309771,tp
2023-07-10 20:00:00+00:00,bullish,30556.0,30759.0,65.96649032274837,203.0,155.9326661002498,bullish,BALANCE,30773.2,True,-1.0,sl,-1.0,sl
2023-07-11 07:00:00+00:00,bullish,30462.2,30518.0,18.278002522233088,55.79999999999927,163.869139132975,bullish,BALANCE,30528.5,True,-1.0,sl,-1.0,sl
2023-07-13 16:00:00+00:00,bullish,30681.9,30700.0,5.873781839304539,18.099999999998545,177.8428191629388,bullish,BALANCE,30814.9,True,1.0,tp,0.10177526472640637,tp
2023-07-13 18:00:00+00:00,bullish,30959.6,31050.0,28.93012925751382,90.40000000000146,212.83641040069725,bullish,BALANCE,31247.7,True,1.0,tp,0.42473935653119377,tp
2023-07-13 19:00:00+00:00,bullish,31200.0,31233.3,10.53777459921624,33.29999999999927,241.68380965779036,bullish,BALANCE,31600.6,True,-1.0,sl,-1.0,both_sl_first
2023-07-16 19:00:00+00:00,bearish,30286.8,30344.0,18.915656674217736,57.20000000000073,86.65419559626852,bearish,BALANCE,30239.5,True,-1.0,sl,-1.0,sl
2023-07-21 20:00:00+00:00,bearish,29881.6,29912.3,10.27873106219159,30.700000000000728,115.26351472514925,bearish,BALANCE,29867.5,True,-1.0,sl,-1.0,sl
2023-07-23 18:00:00+00:00,bullish,29962.2,30068.0,34.988276612420265,105.79999999999927,83.41230247922356,bullish,BALANCE,30238.7,True,-1.0,sl,-1.0,both_sl_first
2023-07-24 10:00:00+00:00,bearish,29373.9,29736.7,123.79041613779336,362.7999999999993,170.7823171271777,bearish,BALANCE,29307.6,True,1.0,tp,2.124341712320432,tp
2023-07-26 21:00:00+00:00,bullish,29392.0,29412.0,6.790387527416189,20.0,137.880490802578,bullish,BALANCE,29453.4,True,-1.0,both_sl_first,0.14505315352145598,tp
2023-07-31 01:00:00+00:00,bullish,29274.0,29368.0,31.926745102301442,94.0,101.02963965547532,bullish,BALANCE,29442.4,True,-1.0,sl,-1.0,sl
2023-08-01 03:00:00+00:00,bearish,28942.2,29155.3,73.9414505848344,213.09999999999854,130.19244792286497,bearish,BALANCE,28820.1,True,-1.0,sl,-1.0,sl
2023-08-02 00:00:00+00:00,bullish,29244.9,29673.6,143.77800434654193,428.6999999999971,161.47859369854336,bullish,BALANCE,29816.8,True,-1.0,sl,-1.0,sl
2023-08-02 01:00:00+00:00,bullish,29735.0,29778.0,14.412312807518536,43.0,170.0801227200761,bullish,BALANCE,29835.6,True,-1.0,sl,-1.0,sl
2023-08-04 19:00:00+00:00,bearish,29096.0,29181.8,29.564797904965122,85.79999999999927,103.07845715984884,bearish,BALANCE,29021.0,True,1.0,tp,0.8323756715425518,tp
2023-08-08 11:00:00+00:00,bullish,29209.7,29270.1,20.52467038194842,60.39999999999782,90.86482418347751,bullish,BALANCE,29428.0,True,1.0,tp,0.6647236765465546,tp
2023-08-08 12:00:00+00:00,bullish,29312.0,29349.0,12.516448981939103,37.0,101.23162245608626,bullish,BALANCE,29561.1,True,1.0,tp,-1.0,both_sl_first
2023-08-08 17:00:00+00:00,bullish,29593.8,29681.0,29.267048391319477,87.20000000000073,143.44103386347152,bullish,BALANCE,29794.6,True,1.0,tp,0.6079153060413629,tp
2023-08-09 08:00:00+00:00,bullish,29730.0,29759.8,9.99212030781071,29.799999999999272,131.06636141521673,bullish,BALANCE,29823.5,True,-1.0,sl,0.22736573807517932,tp
2023-08-11 16:00:00+00:00,bearish,29420.0,29448.4,9.677045638855878,28.400000000001455,93.69534766262139,bearish,BALANCE,29347.8,True,-1.0,sl,0.30311003383288615,tp
2023-08-14 15:00:00+00:00,bullish,29393.5,29462.8,23.41777926462066,69.29999999999927,82.67848447778701,bullish,BALANCE,29592.9,True,-1.0,sl,0.8381866266382539,tp
2023-08-15 20:00:00+00:00,bearish,29223.6,29289.6,22.609088853719197,66.0,90.97625140465244,bearish,BALANCE,29191.8,True,1.0,tp,0.7254640522221476,tp
2023-08-16 21:00:00+00:00,bearish,28961.9,29094.5,45.84428156548145,132.59999999999854,108.82366332709215,bearish,BALANCE,28924.0,True,1.0,tp,1.2184849870513914,tp
2023-08-17 00:00:00+00:00,bearish,28775.9,28893.8,41.27211944060274,117.89999999999782,139.44197825423564,bearish,IMBALANCE,28566.5,True,1.0,tp,0.8455129615634,tp
2023-08-17 01:00:00+00:00,bearish,28624.9,28705.1,28.020403885122313,80.19999999999709,136.42469409321885,bearish,IMBALANCE,28622.0,True,1.0,tp,0.5878701105622237,tp
2023-08-17 08:00:00+00:00,bearish,28627.8,28642.1,5.009581262063903,14.299999999999272,113.06167680782303,bearish,IMBALANCE,28545.3,True,1.0,tp,0.1264796384039653,tp
2023-08-17 16:00:00+00:00,bearish,28078.0,28313.0,84.14675193537529,235.0,172.93869715741718,bearish,IMBALANCE,27927.4,True,1.0,tp,1.358863018298861,tp
2023-08-17 21:00:00+00:00,bearish,27727.8,27850.0,46.55255829546044,122.20000000000073,393.27706216842114,bearish,IMBALANCE,26249.9,True,0.0,time,-1.0,both_sl_first
2023-08-17 22:00:00+00:00,bearish,26903.3,27510.0,226.46425358621312,606.7000000000007,434.9787005849624,bearish,IMBALANCE,26790.1,True,1.0,tp,1.3947809379726135,tp
2023-08-18 03:00:00+00:00,bearish,26506.8,26547.6,15.462803997589345,40.79999999999927,384.42383210175154,bearish,IMBALANCE,26385.9,True,1.0,tp,0.10613285804091392,tp
2023-08-23 17:00:00+00:00,bullish,26187.0,26356.1,63.74661192977639,169.09999999999854,162.3411851276315,bullish,BALANCE,26526.9,True,-1.0,sl,1.0416333961529998,tp
2023-08-28 23:00:00+00:00,bullish,25998.7,26033.4,13.291708961370052,34.70000000000073,91.55094089799866,bullish,BALANCE,26106.5,True,-1.0,sl,0.3790239582426716,tp
2023-08-29 15:00:00+00:00,bullish,26095.0,27250.1,421.3940185470273,1155.0999999999985,198.41665546494806,bullish,BALANCE,27411.4,True,0.0,time,-1.0,sl
2023-08-29 17:00:00+00:00,bullish,27547.8,27779.0,82.926531827361,231.20000000000073,248.64701415089914,bullish,IMBALANCE,27880.1,True,-1.0,sl,-1.0,sl
2023-08-31 17:00:00+00:00,bearish,26390.8,26733.8,130.32261496316391,343.0,209.36553723826978,bearish,BALANCE,26319.3,True,1.0,tp,1.6382829978825255,tp
2023-09-05 03:00:00+00:00,bearish,25685.0,25728.1,16.78231276623856,43.099999999998545,105.95532763033172,bearish,BALANCE,25681.8,True,-1.0,sl,-1.0,sl
2023-09-06 15:00:00+00:00,bearish,25648.9,25673.0,9.4227859385441,24.099999999998545,83.21893232614157,bearish,BALANCE,25576.3,True,-1.0,both_sl_first,0.28959756303468215,tp
2023-09-07 21:00:00+00:00,bullish,25905.2,25991.5,33.00254306965689,86.29999999999927,135.61198614332002,bullish,BALANCE,26149.5,True,1.0,tp,0.6363744271748443,tp
2023-09-07 22:00:00+00:00,bullish,26021.0,26149.5,48.838331819408396,128.5,145.703987133083,bullish,BALANCE,26311.3,True,-1.0,sl,-1.0,sl
2023-09-11 01:00:00+00:00,bearish,25743.6,25803.9,23.48505797265253,60.30000000000291,103.32901968813096,bearish,BALANCE,25675.9,True,-1.0,sl,-1.0,sl
2023-09-11 15:00:00+00:00,bearish,25193.7,25589.0,157.47435514390966,395.2999999999993,160.24710136509597,bearish,BALANCE,25102.5,True,-1.0,sl,-1.0,sl
2023-09-11 20:00:00+00:00,bearish,25125.0,25140.0,5.979383087115625,15.0,162.73716793439968,bearish,IMBALANCE,25086.2,True,-1.0,sl,0.0921731660344894,tp
2023-09-12 11:00:00+00:00,bullish,25865.0,26016.0,57.88279309393112,151.0,196.9056227724486,bullish,BALANCE,26087.2,True,1.0,tp,0.7668648455737729,tp
2023-09-13 10:00:00+00:00,bullish,25958.4,26081.8,47.20174730617173,123.39999999999782,174.66643275783684,bullish,BALANCE,26143.1,True,1.0,tp,0.7064894957297481,tp
2023-09-15 23:00:00+00:00,bullish,26493.4,26580.0,32.56728755109738,86.59999999999854,149.89434124865198,bullish,BALANCE,26591.1,True,1.0,tp,0.5777402887834343,tp
2023-09-18 03:00:00+00:00,bullish,26476.7,26566.8,33.81345182427459,90.09999999999854,91.38403268353518,bullish,BALANCE,26646.2,True,1.0,tp,-1.0,sl
2023-09-18 10:00:00+00:00,bullish,26722.3,26858.5,50.22735067320165,136.20000000000073,120.77375255708573,bullish,BALANCE,27116.7,True,-1.0,sl,1.127728476728623,tp
2023-09-18 11:00:00+00:00,bullish,26940.5,27083.1,52.45597707533964,142.59999999999854,122.99705594586543,bullish,BALANCE,27184.7,True,-1.0,sl,1.1593773436557626,tp
2023-09-19 03:00:00+00:00,bullish,26725.2,26773.5,18.018959078682517,48.29999999999927,147.85742391285757,bullish,BALANCE,26805.1,True,1.0,tp,0.32666604572027286,tp
2023-09-19 09:00:00+00:00,bullish,26860.0,27013.1,56.124581173520106,153.09999999999854,157.7075052645209,bullish,BALANCE,27278.6,True,0.0,time,-1.0,sl
2023-09-19 16:00:00+00:00,bullish,27189.0,27215.5,9.71596387861278,26.5,204.90594640339796,bullish,BALANCE,27274.7,True,-1.0,sl,-1.0,sl
2023-09-21 10:00:00+00:00,bearish,26792.8,26893.0,37.61713118692963,100.20000000000073,141.79125869559886,bearish,BALANCE,26636.8,True,1.0,tp,0.7066726180568991,tp
2023-09-25 00:00:00+00:00,bearish,26240.0,26458.1,83.11896187046192,218.09999999999854,113.33864058062912,bearish,BALANCE,26239.5,True,1.0,tp,1.9243216513157277,tp
2023-09-27 12:00:00+00:00,bullish,26479.9,26670.1,71.20741874978832,190.1999999999971,111.55204637529185,bullish,BALANCE,26710.7,True,-1.0,sl,-1.0,sl
2023-09-28 15:00:00+00:00,bullish,26570.0,26776.5,76.44665578273602,206.5,148.74292461796287,bullish,BALANCE,27012.3,True,0.0,time,1.388301329494372,tp
2023-09-28 16:00:00+00:00,bullish,26900.0,27008.0,39.92945795760822,108.0,159.59700143096558,bullish,BALANCE,27047.7,True,-1.0,both_sl_first,0.6767044432643483,tp
2023-09-29 07:00:00+00:00,bullish,26976.4,27021.8,16.710836277973282,45.39999999999782,149.57478420537043,bullish,IMBALANCE,27168.0,True,-1.0,sl,-1.0,sl
2023-10-01 23:00:00+00:00,bullish,27180.0,27851.1,239.83789231417958,671.0999999999985,160.3728801315916,bullish,IMBALANCE,27981.4,True,0.0,time,-1.0,sl
2023-10-02 04:00:00+00:00,bullish,27990.0,28004.2,5.061666785485395,14.200000000000728,164.53087270686893,bullish,IMBALANCE,28054.0,True,-1.0,sl,-1.0,both_sl_first
2023-10-02 08:00:00+00:00,bullish,28095.0,28235.9,49.85069557464564,140.90000000000146,183.96369625627054,bullish,IMBALANCE,28264.4,True,1.0,tp,0.7659119862634306,tp
2023-10-04 14:00:00+00:00,bearish,27450.0,27519.7,25.459699159136168,69.70000000000073,132.38691005375978,bearish,BALANCE,27376.6,True,-1.0,sl,-1.0,sl
2023-10-05 14:00:00+00:00,bullish,27755.6,27905.4,53.60280251768675,149.8000000000029,134.47726027857567,bullish,BALANCE,27946.3,True,-1.0,sl,-1.0,sl
2023-10-06 16:00:00+00:00,bullish,27694.9,27790.0,34.13349030192474,95.09999999999854,203.6617243203753,bullish,BALANCE,27861.2,True,1.0,tp,0.46695077495464266,tp
2023-10-09 10:00:00+00:00,bearish,27599.9,27688.0,32.01040610704721,88.09999999999854,112.21276316487959,bearish,BALANCE,27522.3,True,1.0,tp,0.7851156812754772,tp
2023-10-10 12:00:00+00:00,bearish,27518.8,27589.9,25.9376402219482,71.10000000000218,99.46675700773969,bearish,BALANCE,27411.9,True,-1.0,sl,0.7148116832085878,tp
2023-10-11 03:00:00+00:00,bearish,27144.3,27405.4,96.70119663564358,261.1000000000022,127.59592908037516,bearish,IMBALANCE,27000.7,True,1.0,tp,-1.0,sl
2023-10-11 16:00:00+00:00,bearish,26784.4,27020.0,88.32968417263976,235.59999999999854,151.86737953536476,bearish,IMBALANCE,26672.8,True,0.0,time,-1.0,sl
2023-10-13 15:00:00+00:00,bearish,26774.0,26820.0,17.232982429850523,46.0,102.46304194408138,bearish,BALANCE,26693.0,True,-1.0,sl,-1.0,sl
2023-10-16 06:00:00+00:00,bullish,27263.7,27772.4,182.98561151079164,508.7000000000007,164.91780221275994,bullish,IMBALANCE,27800.0,True,1.0,tp,-1.0,sl
2023-10-16 18:00:00+00:00,bullish,28171.9,28214.7,14.998125234345451,42.79999999999927,328.34397559995097,bullish,IMBALANCE,28536.9,True,-1.0,sl,0.13035110487955553,tp
2023-10-16 19:00:00+00:00,bullish,28229.7,28376.1,51.44441438054031,146.39999999999782,335.0194059142404,bullish,IMBALANCE,28457.9,True,-1.0,sl,0.43698961139425296,tp
2023-10-17 08:00:00+00:00,bullish,28227.0,28339.0,39.40068740127841,112.0,237.74003020498222,bullish,IMBALANCE,28425.9,True,-1.0,sl,0.4711028256513303,tp
2023-10-17 15:00:00+00:00,bullish,28380.0,28412.5,11.425236766060367,32.5,224.17721501030684,bullish,BALANCE,28445.8,True,1.0,tp,0.14497459074289007,tp
2023-10-18 03:00:00+00:00,bullish,28406.0,28429.0,8.070741806442557,23.0,167.98909510808804,bullish,BALANCE,28498.0,True,1.0,tp,0.13691364897942435,tp
2023-10-18 05:00:00+00:00,bullish,28500.0,28621.3,42.29147999260832,121.29999999999927,205.7278422105455,bullish,BALANCE,28681.9,True,-1.0,sl,-1.0,sl
2023-10-20 03:00:00+00:00,bullish,28643.9,28904.6,89.21116388573208,260.6999999999971,204.51370399836634,bullish,BALANCE,29222.8,True,1.0,tp,1.274731203352897,tp
2023-10-20 09:00:00+00:00,bullish,29405.4,29636.6,77.6206191520139,231.1999999999971,225.6956320924225,bullish,IMBALANCE,29785.9,True,1.0,tp,1.0243884556229301,tp
2023-10-21 10:00:00+00:00,bullish,29707.6,29742.5,11.728135764093574,34.900000000001455,156.53910465523632,bullish,BALANCE,29757.5,True,1.0,tp,0.2229474869992757,tp
2023-10-22 06:00:00+00:00,bullish,29988.4,30043.9,18.46178410689872,55.5,167.25909152888678,bullish,BALANCE,30062.1,True,-1.0,sl,-1.0,sl
2023-10-22 23:00:00+00:00,bullish,29841.4,29904.5,21.04631189233312,63.099999999998545,147.6419566447758,bullish,BALANCE,29981.5,True,1.0,tp,0.42738528690605054,tp
2023-10-23 01:00:00+00:00,bullish,30041.0,30065.6,8.109016831153967,24.599999999998545,187.65760547432203,bullish,BALANCE,30336.6,True,1.0,tp,0.1310898108169906,tp
2023-10-23 04:00:00+00:00,bullish,30394.0,30552.0,51.561362916937256,158.0,223.18467901861717,bullish,IMBALANCE,30643.1,True,1.0,tp,0.7079338989340759,tp
2023-10-23 15:00:00+00:00,bullish,30700.0,30740.2,13.024841158498297,40.20000000000073,247.10863107285965,bullish,IMBALANCE,30864.1,True,1.0,tp,0.16268148880703265,tp
2023-10-23 20:00:00+00:00,bullish,31171.0,31302.2,41.635593354807206,131.20000000000073,338.9861463172625,bullish,IMBALANCE,31511.5,True,1.0,tp,0.38703646572390626,tp
2023-10-23 23:00:00+00:00,bullish,31646.3,32521.0,264.46755759811356,874.7000000000007,656.5734925142224,bullish,IMBALANCE,33074.0,True,0.9999999999999974,tp,1.3322194849056403,tp
2023-10-24 02:00:00+00:00,bullish,33750.0,34110.0,104.14828401237051,360.0,716.4229821624439,bullish,IMBALANCE,34566.1,True,-1.0,sl,-1.0,sl
2023-10-27 18:00:00+00:00,bearish,33684.2,33855.6,51.00522550618414,171.40000000000146,247.73196007050552,bearish,BALANCE,33604.4,True,-1.0,sl,-1.0,sl
2023-10-30 09:00:00+00:00,bullish,34349.0,34385.1,10.452437068221274,36.099999999998545,188.2507661132437,bullish,BALANCE,34537.4,True,1.0,tp,0.19176548784020855,tp
2023-10-31 09:00:00+00:00,bullish,34306.9,34352.9,13.36121761357035,46.0,200.81462225396768,bullish,BALANCE,34428.0,True,1.0,tp,0.22906698468314185,tp
2023-11-01 17:00:00+00:00,bullish,34323.2,34343.0,5.734675672232268,19.80000000000291,243.70003544793215,bullish,BALANCE,34526.8,True,1.0,tp,0.0812474235533435,tp
2023-11-01 21:00:00+00:00,bullish,34730.5,35119.2,109.77342110688353,388.6999999999971,326.88887475084323,bullish,BALANCE,35409.3,True,-1.0,sl,1.1890891064930338,tp
2023-11-03 05:00:00+00:00,bearish,34547.5,34626.0,22.730563196756915,78.5,269.95355671560327,bearish,BALANCE,34535.0,True,1.0,tp,0.2907907602888127,tp
2023-11-04 23:00:00+00:00,bullish,34894.0,35009.7,32.99144275542622,115.69999999999709,158.51608833277942,bullish,BALANCE,35069.7,True,1.0,tp,0.7298943672966804,tp
2023-11-05 04:00:00+00:00,bullish,35095.4,35136.0,11.547508326435702,40.599999999998545,170.58911425548652,bullish,BALANCE,35159.1,True,1.0,tp,0.23799877370365033,tp
2023-11-06 10:00:00+00:00,bullish,34980.2,35107.3,36.13639142166017,127.10000000000582,198.22963017131636,bullish,BALANCE,35172.3,True,-1.0,sl,-1.0,sl
2023-11-07 19:00:00+00:00,bullish,34872.0,35353.5,135.73550886016,481.5,216.38692140896882,bullish,BALANCE,35473.4,True,0.0,time,-1.0,sl
2023-11-08 19:00:00+00:00,bullish,35453.8,35550.0,26.99903735240959,96.19999999999709,202.9788812994064,bullish,BALANCE,35630.9,True,-1.0,both_sl_first,0.47394093111635194,tp
2023-11-09 03:00:00+00:00,bullish,36100.0,36265.2,45.31552166339704,165.1999999999971,329.68347363848403,bullish,BALANCE,36455.5,True,1.0,tp,0.5010866883219864,tp
2023-11-09 14:00:00+00:00,bullish,37057.5,37171.2,29.98227960255603,113.69999999999709,376.99675288099417,bullish,IMBALANCE,37922.4,True,-1.0,sl,-1.0,both_sl_first
2023-11-10 12:00:00+00:00,bullish,36784.8,36821.2,9.784393891741106,36.39999999999418,333.43025744692596,bullish,BALANCE,37202.1,True,0.0,time,0.10916825689038798,tp
2023-11-10 17:00:00+00:00,bullish,37120.0,37169.5,13.300087592496062,49.5,313.85922844321067,bullish,BALANCE,37217.8,True,1.0,tp,0.1577140179867509,tp
2023-11-13 22:00:00+00:00,bearish,36628.0,36767.5,38.226404443579746,139.5,205.14040181556692,bearish,BALANCE,36493.1,True,-1.0,sl,0.680022066669339,tp
2023-11-14 01:00:00+00:00,bearish,36457.3,36480.3,6.326189323592835,23.0,206.73242084139991,bearish,BALANCE,36356.8,True,-1.0,sl,-1.0,sl
2023-11-14 10:00:00+00:00,bearish,36559.0,36672.0,30.945932253055567,113.0,173.20674016884354,bearish,BALANCE,36515.3,True,1.0,tp,0.6523995537924727,tp
2023-11-14 16:00:00+00:00,bearish,36449.0,36482.7,9.286355945747038,33.69999999999709,257.02204835831054,bearish,BALANCE,36289.8,True,1.0,tp,0.13111715596094078,tp
2023-11-14 19:00:00+00:00,bearish,35500.0,36087.1,166.28948702624731,587.0999999999985,364.9651750157459,bearish,BALANCE,35305.9,True,-1.0,sl,-1.0,sl
2023-11-15 19:00:00+00:00,bullish,36513.2,37190.0,180.34822556318926,676.8000000000029,342.9799742343196,bullish,BALANCE,37527.4,True,-1.0,sl,-1.0,sl
2023-11-17 15:00:00+00:00,bearish,36186.2,36280.0,26.01292326465041,93.80000000000291,297.42513870955906,bearish,BALANCE,36059.0,True,-1.0,sl,0.3153734765224429,tp
2023-11-19 19:00:00+00:00,bullish,36613.2,36780.0,45.12755026121571,166.8000000000029,144.28323414300885,bullish,BALANCE,36961.9,True,1.0,tp,-1.0,sl
2023-11-20 00:00:00+00:00,bullish,37048.9,37152.5,27.763708330988035,103.59999999999854,186.40034891462636,bullish,BALANCE,37314.9,True,-1.0,sl,-1.0,sl
2023-11-21 23:00:00+00:00,bearish,36428.4,36717.5,80.8965497943304,289.09999999999854,384.074803228799,bearish,BALANCE,35737.0,True,-1.0,sl,-1.0,sl
2023-11-22 00:00:00+00:00,bearish,36139.0,36300.0,44.58611073417539,161.0,394.3766029981707,bearish,BALANCE,36109.9,True,-1.0,sl,-1.0,sl
2023-11-22 21:00:00+00:00,bullish,37448.0,37519.0,18.873792808287455,71.0,315.59728379115757,bullish,BALANCE,37618.3,True,-1.0,sl,0.22497025052656705,tp
2023-11-27 00:00:00+00:00,bearish,37551.7,37591.6,10.645904928600785,39.900000000001455,178.53367668432392,bearish,BALANCE,37479.2,True,1.0,tp,0.22348724756590796,tp
2023-11-27 03:00:00+00:00,bearish,37319.5,37440.0,32.30926806771808,120.5,179.33778705373933,bearish,BALANCE,37295.8,True,1.0,tp,0.6719163985440126,tp
2023-11-27 11:00:00+00:00,bearish,37135.0,37325.7,51.50810435590481,190.6999999999971,200.98626477623853,bearish,BALANCE,37023.3,True,1.0,tp,0.9488210560672062,tp
2023-11-28 05:00:00+00:00,bearish,36995.1,37088.8,25.396464009932092,93.70000000000437,192.22396195217235,bearish,BALANCE,36894.9,True,-1.0,sl,-1.0,sl
2023-11-28 17:00:00+00:00,bullish,37568.6,37766.0,51.67201099404527,197.40000000000146,228.6562319506139,bullish,BALANCE,38202.5,True,-1.0,sl,-1.0,sl
2023-11-30 03:00:00+00:00,bullish,37800.0,37827.5,7.230277774126122,27.5,211.76753826948274,bullish,BALANCE,38034.5,True,-1.0,sl,0.12985937422101745,tp
2023-11-30 04:00:00+00:00,bullish,37909.9,37944.0,8.983542466337676,34.099999999998545,210.0698569645197,bullish,BALANCE,37958.3,True,-1.0,sl,0.16232695396064525,tp
2023-11-30 12:00:00+00:00,bullish,37755.7,37812.0,14.869868838777583,56.30000000000291,186.80766051753,bullish,BALANCE,37861.8,True,-1.0,sl,-1.0,both_sl_first
2023-12-01 02:00:00+00:00,bullish,37734.6,37852.1,30.93912759559532,117.5,181.86299807681067,bullish,BALANCE,37977.8,True,1.0,tp,0.6460907454652998,tp
2023-12-01 10:00:00+00:00,bullish,38364.0,38532.1,43.62041674235113,168.09999999999854,201.01319247919628,bullish,BALANCE,38537.0,True,-1.0,sl,-1.0,sl
2023-12-01 17:00:00+00:00,bullish,38438.8,38689.3,64.58332796213175,250.5,224.76614798996857,bullish,IMBALANCE,38787.1,True,0.0,time,0.0,time
2023-12-02 20:00:00+00:00,bullish,38967.2,39272.7,77.20475813808912,305.5,202.33326897552493,bullish,IMBALANCE,39570.1,True,0.0,time,-1.0,sl
2023-12-03 14:00:00+00:00,bullish,39501.5,39525.0,5.945303210463734,23.5,173.44369872579946,bullish,IMBALANCE,39527.0,True,-1.0,both_sl_first,0.13549065300522306,tp
2023-12-04 02:00:00+00:00,bullish,40246.0,40487.3,59.29096556062345,241.3000000000029,268.52864775388053,bullish,IMBALANCE,40697.6,True,1.0,tp,0.8986005851456259,tp
2023-12-04 06:00:00+00:00,bullish,40950.0,41352.5,97.19757066444501,402.5,308.2012314790347,bullish,IMBALANCE,41410.5,True,1.0,tp,1.305964930991463,tp
2023-12-05 17:00:00+00:00,bullish,42542.0,42675.0,30.65271852737887,133.0,406.2202020388377,bullish,IMBALANCE,43389.3,True,1.0,tp,0.3274086304237641,tp
2023-12-05 18:00:00+00:00,bullish,42882.0,43330.0,102.46042237479475,448.0,435.5687590360635,bullish,IMBALANCE,43724.2,True,0.0,time,1.0285402492856692,tp
2023-12-08 12:00:00+00:00,bullish,43395.0,43544.3,34.10988729800867,149.3000000000029,256.16976884255075,bullish,BALANCE,43770.3,True,1.0,tp,-1.0,sl
2023-12-08 21:00:00+00:00,bullish,44003.5,44256.9,56.85183523288195,253.40000000000146,288.820028987641,bullish,BALANCE,44572.0,True,-1.0,sl,-1.0,sl
2023-12-11 02:00:00+00:00,bearish,43253.6,43619.0,87.07837053348048,365.40000000000146,403.94159771540126,bearish,BALANCE,41962.2,True,1.0,tp,-1.0,sl
2023-12-11 03:00:00+00:00,bearish,42554.8,43202.0,152.95607948422156,647.1999999999971,423.28862645001567,bearish,BALANCE,42312.8,True,1.0,tp,1.528980368378567,tp
2023-12-11 19:00:00+00:00,bearish,41144.0,41315.0,41.912381064427414,171.0,451.20990761829324,bearish,IMBALANCE,40799.4,True,-1.0,sl,0.37898103989476156,tp
2023-12-12 05:00:00+00:00,bearish,41713.1,41737.9,5.962914518735793,24.80000000000291,381.63379374599583,bearish,BALANCE,41590.4,True,1.0,tp,0.06498376298538422,tp
2023-12-12 15:00:00+00:00,bearish,41613.0,41760.0,35.52732703992112,147.0,361.85740182344756,bearish,BALANCE,41376.6,True,1.0,tp,0.40623737212295874,tp
2023-12-13 02:00:00+00:00,bearish,41174.1,41326.1,37.042723420018184,152.0,389.75004209095795,bearish,BALANCE,41033.7,True,1.0,tp,0.38999354351455745,tp
2023-12-13 20:00:00+00:00,bullish,42220.0,42580.0,83.95502808995315,360.0,358.4188039640182,bullish,BALANCE,42880.1,True,-1.0,sl,1.0044115878366067,tp
2023-12-14 18:00:00+00:00,bullish,42698.0,42846.3,34.595134286508106,148.3000000000029,439.2324548906763,bullish,BALANCE,42867.3,True,1.0,tp,0.3376344310370106,tp
2023-12-18 00:00:00+00:00,bearish,41487.5,41652.3,39.815803588255044,164.8000000000029,276.3896660886698,bearish,BALANCE,41390.6,True,1.0,tp,0.5962596298630572,tp
2023-12-18 02:00:00+00:00,bearish,41151.0,41206.1,13.465331049195756,55.099999999998545,298.6783345356389,bearish,BALANCE,40919.9,True,-1.0,sl,-1.0,sl
2023-12-19 02:00:00+00:00,bullish,42969.8,43061.3,21.23019095570663,91.5,393.4753277440808,bullish,BALANCE,43099.0,True,-1.0,sl,0.2325431699227447,tp
2023-12-20 05:00:00+00:00,bullish,42500.0,42611.7,26.13482951527661,111.69999999999709,313.4526764253154,bullish,BALANCE,42739.9,True,1.0,tp,0.35635363294341077,tp
2023-12-20 14:00:00+00:00,bullish,43036.0,43637.2,136.96351967996216,601.1999999999971,347.1123704263734,bullish,BALANCE,43894.9,True,0.0,time,-1.0,sl
2023-12-24 23:00:00+00:00,bearish,43213.8,43478.0,61.429860213352995,264.1999999999971,224.45452479599925,bearish,BALANCE,43008.4,True,-1.0,sl,-1.0,sl
2023-12-26 06:00:00+00:00,bearish,42843.1,43397.2,129.73329868159468,554.0999999999985,243.23467148986907,bearish,BALANCE,42710.7,True,1.0,tp,2.2780469437437194,tp
2023-12-26 16:00:00+00:00,bearish,42470.6,42566.2,22.564518946170534,95.59999999999854,275.66441520916163,bearish,IMBALANCE,42367.4,True,1.0,tp,0.3467984793302456,tp
2023-12-27 21:00:00+00:00,bullish,43242.6,43271.2,6.591669144304209,28.599999999998545,286.69428014399466,bullish,BALANCE,43388.1,True,1.0,tp,0.0997578325791291,tp
2023-12-29 16:00:00+00:00,bearish,42389.0,42800.0,97.8503865209307,411.0,331.611722950578,bearish,BALANCE,42002.9,True,0.0,time,1.239401298431346,tp
2023-12-29 17:00:00+00:00,bearish,42086.9,42160.0,17.468688988034437,73.09999999999854,336.9894570255368,bearish,BALANCE,41846.3,True,-1.0,sl,-1.0,sl
2023-12-30 03:00:00+00:00,bearish,42055.0,42115.2,14.328318421884982,60.19999999999709,318.99272455772103,bearish,BALANCE,42014.7,True,-1.0,sl,0.18871903766289258,tp
2023-12-30 09:00:00+00:00,bearish,41765.0,41960.0,46.734459593865566,195.0,284.52227372705653,bearish,IMBALANCE,41725.1,True,-1.0,sl,-1.0,sl
2023-12-31 10:00:00+00:00,bullish,42612.6,42652.8,9.415644491497664,40.200000000004366,242.97375188946185,bullish,BALANCE,42694.9,True,-1.0,sl,-1.0,sl
2024-01-01 19:00:00+00:00,bullish,42860.8,43133.3,62.562849835385094,272.5,233.73719662611276,bullish,BALANCE,43556.2,True,1.0,tp,1.1658392585066066,tp
2024-01-01 20:00:00+00:00,bullish,43268.0,43548.5,64.10945003005487,280.5,243.25596829567615,bullish,BALANCE,43753.3,True,1.0,tp,-1.0,sl
2024-01-02 00:00:00+00:00,bullish,43723.8,44200.9,105.6002903952648,477.09999999999854,346.74016322607247,bullish,IMBALANCE,45179.8,True,0.0,time,-1.0,sl
2024-01-02 01:00:00+00:00,bullish,44266.0,44750.0,107.73199662558456,484.0,374.5230087099242,bullish,IMBALANCE,44926.3,True,1.0,tp,1.2923104555503167,tp
2024-01-04 08:00:00+00:00,bearish,42978.3,43088.0,25.595736688232982,109.69999999999709,452.5245292905382,bearish,BALANCE,42858.7,True,-1.0,sl,0.24241779815114822,tp
2024-01-08 03:00:00+00:00,bearish,43550.0,43600.0,11.493750847664124,50.0,300.81729555539454,bearish,BALANCE,43501.9,True,-1.0,sl,0.16621384720478063,tp
2024-01-08 11:00:00+00:00,bullish,43915.0,43938.4,5.242264299732389,23.400000000001455,358.881646285953,bullish,BALANCE,44637.2,True,1.0,tp,0.06520255421854736,tp
2024-01-08 12:00:00+00:00,bullish,44133.8,44350.0,47.9348334586018,216.1999999999971,392.5329572655278,bullish,BALANCE,45102.9,True,1.0,tp,-1.0,both_sl_first
2024-01-08 13:00:00+00:00,bullish,44748.5,44790.5,9.350808956293873,42.0,391.8806031751331,bullish,BALANCE,44915.9,True,-1.0,both_sl_first,0.10717550105747475,tp
2024-01-08 18:00:00+00:00,bullish,45170.0,45643.4,100.78730769722111,473.40000000000146,518.1811551635935,bullish,BALANCE,46970.2,True,0.0,time,-1.0,sl
2024-01-08 19:00:00+00:00,bullish,45669.9,46598.1,197.46121297602195,928.1999999999971,532.1610726519084,bullish,IMBALANCE,47006.7,True,-1.0,sl,-1.0,sl
2024-01-10 18:00:00+00:00,bullish,45745.9,45900.0,33.10831424753214,154.09999999999854,666.6062034392736,bullish,BALANCE,46544.2,True,-1.0,sl,0.2311709660140247,tp
2024-01-10 23:00:00+00:00,bullish,46300.0,46368.0,14.572604788815097,68.0,849.2967429746132,bullish,BALANCE,46662.9,True,-1.0,sl,0.08006624370397783,tp
2024-01-11 11:00:00+00:00,bullish,46354.0,46704.8,74.52967483561254,350.8000000000029,571.3130548168964,bullish,BALANCE,47068.5,True,1.0,tp,0.6140241274767145,tp
2024-01-12 16:00:00+00:00,bearish,44719.7,45255.7,122.76346046375272,536.0,610.3351980092763,bearish,BALANCE,43661.2,True,1.0,tp,0.8782059460903849,tp
2024-01-12 17:00:00+00:00,bearish,43839.0,44360.8,119.03349727623684,521.8000000000029,604.1898267228996,bearish,BALANCE,43836.4,True,1.0,tp,0.8636358589985311,tp
2024-01-12 23:00:00+00:00,bearish,42970.0,43208.1,55.64527248889281,238.09999999999854,688.8100020418964,bearish,IMBALANCE,42788.9,True,-1.0,sl,0.34566861586530406,tp
2024-01-15 15:00:00+00:00,bearish,42482.1,42621.3,32.924380361743474,139.20000000000437,301.5764116118104,bearish,BALANCE,42278.7,True,-1.0,sl,-1.0,sl
2024-01-16 16:00:00+00:00,bullish,42954.9,43003.2,11.167681700261188,48.299999999995634,354.755754527209,bullish,BALANCE,43249.8,True,-1.0,sl,-1.0,sl
2024-01-18 11:00:00+00:00,bearish,42550.0,42709.4,37.470615890926524,159.40000000000146,220.09355898851317,bearish,BALANCE,42540.0,True,1.0,tp,0.7242374594357004,tp
2024-01-18 17:00:00+00:00,bearish,42191.9,42607.8,99.46453212926836,415.90000000000146,311.0047009228439,bearish,BALANCE,41813.9,True,1.0,tp,1.3372788217216718,tp
2024-01-18 20:00:00+00:00,bearish,41314.2,41335.0,5.09212336648181,20.80000000000291,383.8106515770728,bearish,BALANCE,40847.4,True,-1.0,sl,-1.0,both_sl_first
2024-01-19 15:00:00+00:00,bearish,41175.2,41267.0,22.446634227450158,91.80000000000291,313.5185328327601,bearish,BALANCE,40897.0,True,1.0,tp,0.29280565703901335,tp
2024-01-22 02:00:00+00:00,bearish,41430.4,41460.0,7.164086627360651,29.599999999998545,170.33607914920267,bearish,BALANCE,41317.2,True,1.0,tp,0.17377410674148022,tp
2024-01-23 09:00:00+00:00,bearish,39492.9,39656.8,42.063929987553145,163.90000000000146,376.9375029083156,bearish,IMBALANCE,38964.5,True,-1.0,sl,0.43482009281487494,tp
2024-01-23 10:00:00+00:00,bearish,39160.9,39312.6,38.98039417221191,151.6999999999971,372.2205384148646,bearish,IMBALANCE,38917.0,True,-1.0,sl,0.4075540824427007,tp
2024-01-24 19:00:00+00:00,bearish,39849.2,40036.2,46.987994190575264,187.0,329.4656818337353,bearish,BALANCE,39797.4,True,1.0,tp,0.5675856707114386,tp
2024-01-25 13:00:00+00:00,bearish,39954.9,40069.8,28.791869116022323,114.90000000000146,249.61827490592682,bearish,BALANCE,39907.1,True,-1.0,sl,0.4603028365743742,tp
2024-01-26 11:00:00+00:00,bullish,40408.0,40665.1,62.29404923434739,257.09999999999854,283.6636945474162,bullish,BALANCE,41272.0,True,1.0,tp,-1.0,sl
2024-01-26 12:00:00+00:00,bullish,40750.0,41075.2,79.06983529549,325.1999999999971,293.03057350831523,bullish,BALANCE,41128.2,True,1.0,tp,1.109781809135242,tp
2024-01-26 17:00:00+00:00,bullish,41585.4,41740.7,37.06514682857802,155.29999999999563,334.8315224490225,bullish,IMBALANCE,41899.2,True,1.0,tp,0.46381535066979906,tp
2024-01-28 05:00:00+00:00,bullish,42229.3,42427.8,46.66404940512153,198.5,214.02110543459088,bullish,IMBALANCE,42538.1,True,-1.0,sl,-1.0,sl
2024-01-29 02:00:00+00:00,bullish,42061.0,42108.0,11.131980284552364,47.0,256.4912244729945,bullish,BALANCE,42220.7,True,1.0,tp,0.18324213663282196,tp
2024-01-29 16:00:00+00:00,bullish,42092.0,42495.7,93.48694494297392,403.6999999999971,324.40153188655484,bullish,BALANCE,43182.5,True,0.0,time,1.2444454181590332,tp
2024-01-29 17:00:00+00:00,bullish,42636.0,42911.8,64.16818672523613,275.8000000000029,328.7871367518006,bullish,BALANCE,42980.8,True,1.0,tp,0.8388406028432966,tp
2024-01-30 02:00:00+00:00,bullish,43299.5,43422.0,28.097425817061673,122.5,297.0348812198564,bullish,IMBALANCE,43598.3,True,-1.0,sl,-1.0,sl
2024-01-31 16:00:00+00:00,bullish,42984.0,43277.3,67.48781054632289,293.3000000000029,321.2425455211369,bullish,BALANCE,43459.7,True,-1.0,sl,-1.0,sl
2024-02-01 02:00:00+00:00,bearish,42171.0,42201.6,7.260372129661359,30.599999999998545,369.27591669518273,bearish,BALANCE,42146.6,True,1.0,tp,0.08286486774943791,tp
2024-02-02 16:00:00+00:00,bullish,42892.5,43073.2,41.834998321506035,180.6999999999971,290.2951081994607,bullish,BALANCE,43193.5,True,-1.0,sl,-1.0,sl
2024-02-04 23:00:00+00:00,bearish,42641.8,42752.8,26.074516740544464,111.0,202.58639463019557,bearish,BALANCE,42570.3,True,1.0,tp,0.5479143858728514,tp
2024-02-05 21:00:00+00:00,bearish,42546.2,42694.4,34.97881680965915,148.20000000000437,254.65927404872878,bearish,BALANCE,42368.5,True,-1.0,sl,-1.0,sl
2024-02-06 11:00:00+00:00,bearish,42843.6,42931.2,20.46045363348193,87.59999999999854,225.48462596289298,bearish,BALANCE,42814.3,True,1.0,tp,0.3884965532613099,tp
2024-02-06 16:00:00+00:00,bullish,43077.8,43135.0,13.257865483656458,57.19999999999709,245.62801386260358,bullish,BALANCE,43144.2,True,1.0,tp,0.23287246067947762,tp
2024-02-07 18:00:00+00:00,bullish,43235.7,43444.0,47.73253282614242,208.3000000000029,238.17801000955518,bullish,BALANCE,43639.0,True,1.0,tp,0.8745559675792284,tp
2024-02-07 21:00:00+00:00,bullish,43691.8,44100.0,92.40583410866336,408.1999999999971,272.0450757984671,bullish,BALANCE,44174.7,True,1.0,tp,1.5004866337018248,tp
2024-02-08 01:00:00+00:00,bullish,44348.0,44450.0,22.855299068310455,102.0,273.79075150666426,bullish,IMBALANCE,44628.6,True,1.0,tp,0.37254728086576067,tp
2024-02-08 09:00:00+00:00,bullish,44534.4,44588.0,12.000044776286153,53.599999999998545,231.22765019892063,bullish,IMBALANCE,44666.5,True,1.0,tp,0.23180618733913566,tp
2024-02-08 14:00:00+00:00,bullish,44826.3,44849.0,5.037872819232932,22.69999999999709,247.80129879906488,bullish,IMBALANCE,45058.7,True,1.0,tp,0.09160565384446907,tp
2024-02-09 03:00:00+00:00,bullish,45497.0,46014.8,112.45154354837021,517.8000000000029,325.56623397884374,bullish,IMBALANCE,46046.5,True,1.0,tp,1.5904597773295068,tp
2024-02-09 09:00:00+00:00,bullish,46424.4,46465.8,8.903666202844756,41.400000000001455,318.99262179836677,bullish,IMBALANCE,46497.7,True,1.0,tp,0.12978356604802652,tp
2024-02-09 12:00:00+00:00,bullish,46796.8,47104.2,64.97651629485772,307.3999999999942,358.259362278066,bullish,IMBALANCE,47309.4,True,-1.0,sl,0.8580375905470407,tp
2024-02-10 21:00:00+00:00,bullish,47650.0,47762.1,23.386225283826278,112.09999999999854,295.77151106694134,bullish,IMBALANCE,47934.2,True,-1.0,sl,-1.0,sl
2024-02-11 04:00:00+00:00,bullish,47771.9,48252.6,99.54689286128401,480.6999999999971,314.47724688290145,bullish,IMBALANCE,48288.8,True,1.0,tp,-1.0,sl
2024-02-11 12:00:00+00:00,bullish,48186.0,48234.2,9.983946973227091,48.19999999999709,280.2296701837618,bullish,IMBALANCE,48277.5,True,-1.0,sl,0.17200177257600763,tp
2024-02-12 15:00:00+00:00,bullish,48055.0,48680.0,125.18677867378128,625.0,386.6231656666163,bullish,BALANCE,49925.4,True,0.0,time,-1.0,sl
2024-02-12 16:00:00+00:00,bullish,48822.8,49411.6,118.72284225065191,588.7999999999956,398.6072252618581,bullish,IMBALANCE,49594.5,True,1.0,tp,1.477143319750887,tp
2024-02-13 21:00:00+00:00,bullish,49263.6,49339.0,15.222513168281745,75.40000000000146,442.8524783047138,bullish,BALANCE,49531.9,True,-1.0,sl,0.17025985783943492,tp
2024-02-14 09:00:00+00:00,bullish,49900.0,50632.6,142.06401995024046,732.5999999999985,456.1142031005088,bullish,BALANCE,51568.3,True,0.0,time,-1.0,sl
2024-02-14 10:00:00+00:00,bullish,50880.0,51249.8,72.04279708400114,369.8000000000029,449.1203314504723,bullish,IMBALANCE,51330.6,True,1.0,tp,0.8233873510150397,tp
2024-02-16 11:00:00+00:00,bullish,52031.2,52196.2,31.584327282541906,165.0,374.1391518257571,bullish,BALANCE,52241.1,True,1.0,tp,0.44101238588588704,tp
2024-02-17 14:00:00+00:00,bearish,51368.2,51588.0,43.19807239902654,219.8000000000029,291.1732575888876,bearish,BALANCE,50881.9,True,-1.0,sl,-1.0,sl
2024-02-18 23:00:00+00:00,bullish,51961.4,52010.0,9.314645267259126,48.599999999998545,275.55251766006967,bullish,BALANCE,52175.9,True,1.0,tp,0.1763729121863904,tp
2024-02-20 11:00:00+00:00,bullish,51867.2,52157.1,55.402879650191956,289.90000000000146,281.7186734034081,bullish,BALANCE,52325.8,True,1.0,tp,1.0290407678616136,tp
2024-02-21 10:00:00+00:00,bearish,51445.8,51560.7,22.399363694314808,114.89999999999418,366.0204477034978,bearish,BALANCE,51296.1,True,1.0,tp,0.3139168883074817,tp
2024-02-23 08:00:00+00:00,bearish,51213.2,51239.2,5.098039215686274,26.0,327.7219988155502,bearish,BALANCE,51000.0,True,-1.0,sl,0.0793355346725856,tp
2024-02-26 15:00:00+00:00,bullish,51478.1,51664.4,35.235841830221666,186.3000000000029,307.26975420926686,bullish,BALANCE,52872.3,True,1.0,tp,0.6063076415686659,tp
2024-02-26 16:00:00+00:00,bullish,51752.2,52777.2,191.80784035599535,1025.0,350.414771765748,bullish,BALANCE,53438.9,True,1.0,tp,2.925104997243708,tp
2024-02-26 17:00:00+00:00,bullish,52885.5,53254.2,68.85154061624596,368.6999999999971,347.7780023539089,bullish,BALANCE,53550.0,True,1.0,tp,1.0601590598153972,tp
2024-02-26 20:00:00+00:00,bullish,53674.0,54321.0,118.73106404687583,647.0,423.2347198147003,bullish,IMBALANCE,54492.9,True,1.0,tp,1.5287025607995088,tp
2024-02-27 02:00:00+00:00,bullish,54692.4,55666.8,172.67778155835344,974.4000000000015,577.5267508401677,bullish,IMBALANCE,56428.8,True,0.0,time,-1.0,sl
2024-02-28 08:00:00+00:00,bullish,57233.0,58226.9,167.03162996586792,993.9000000000015,562.4599690797329,bullish,IMBALANCE,59503.7,True,1.0,tp,-1.0,sl
2024-02-28 09:00:00+00:00,bullish,58472.8,58902.0,72.30823660225367,429.1999999999971,566.7985427168946,bullish,IMBALANCE,59357.0,True,1.0,tp,-1.0,sl
2024-02-28 14:00:00+00:00,bullish,59497.9,59814.8,51.92877122664335,316.90000000000146,727.0623687693076,bullish,IMBALANCE,61025.9,True,1.0,tp,0.43586357046152086,tp
2024-02-28 23:00:00+00:00,bullish,60677.5,61295.8,98.94715616943486,618.3000000000029,1160.7318225030797,bullish,IMBALANCE,62487.9,True,-1.0,sl,-1.0,sl
2024-03-03 17:00:00+00:00,bullish,62320.0,62523.3,32.45747639528878,203.3000000000029,388.62536980688435,bullish,BALANCE,62635.8,True,1.0,tp,0.5231259094099476,tp
2024-03-04 09:00:00+00:00,bullish,64390.2,64700.0,47.38183981634611,309.8000000000029,637.6414214361988,bullish,IMBALANCE,65383.7,True,1.0,tp,0.4858530038751564,tp
2024-03-04 15:00:00+00:00,bullish,65755.8,65880.0,18.67517524892672,124.19999999999709,708.0299526638885,bullish,IMBALANCE,66505.4,True,1.0,tp,0.17541630764730826,tp
2024-03-05 13:00:00+00:00,bullish,66995.6,67383.0,57.09493765097134,387.3999999999942,920.196917760443,bullish,BALANCE,67851.9,True,1.0,tp,0.42099684591732667,tp
2024-03-06 08:00:00+00:00,bullish,66600.0,66641.1,6.132872945078082,41.10000000000582,1353.6829104281871,bullish,BALANCE,67015.9,True,-1.0,both_sl_first,0.030361615473896455,tp
2024-03-11 07:00:00+00:00,bullish,68863.0,69340.8,67.08431732089595,477.8000000000029,676.2158634771523,bullish,BALANCE,71223.8,True,0.0,time,0.7065791055878563,tp
2024-03-11 08:00:00+00:00,bullish,69412.0,71211.5,252.33120661852345,1799.5,675.8790160859271,bullish,BALANCE,71315.0,True,0.0,time,0.0,time
2024-03-13 02:00:00+00:00,bullish,71815.6,71936.3,16.75390635301981,120.69999999999709,774.737310378171,bullish,BALANCE,72042.9,True,1.0,tp,0.15579474278975913,tp
2024-03-13 07:00:00+00:00,bullish,72294.2,72707.4,56.63066717833413,413.1999999999971,673.7919478904658,bullish,BALANCE,72964.0,True,1.0,tp,0.6132456781261036,tp
2024-03-14 19:00:00+00:00,bearish,70520.8,70758.6,34.21563041363832,237.8000000000029,947.7239465625705,bearish,BALANCE,69500.4,True,-1.0,sl,-1.0,sl
2024-03-15 03:00:00+00:00,bearish,69475.0,71667.9,321.2287229367466,2192.899999999994,1255.751697640757,bearish,BALANCE,68266.0,True,0.0,time,1.7462847186429586,tp
2024-03-15 21:00:00+00:00,bearish,68345.1,68577.0,33.93213280793801,231.89999999999418,1245.2997582881962,bearish,BALANCE,68342.3,True,-1.0,sl,-1.0,sl
2024-03-16 18:00:00+00:00,bearish,67431.3,68161.6,108.87065516192744,730.3000000000029,766.5934243787151,bearish,IMBALANCE,67079.6,True,1.0,tp,0.9526562278979493,tp
2024-03-17 07:00:00+00:00,bearish,65846.4,66026.5,27.420327277821634,180.10000000000582,869.1987406575118,bearish,IMBALANCE,65681.2,True,-1.0,both_sl_first,-1.0,both_sl_first
2024-03-18 01:00:00+00:00,bearish,67841.8,68118.7,40.90913120174365,276.8999999999942,799.9496838887699,bearish,BALANCE,67686.6,True,-1.0,sl,-1.0,sl
2024-03-18 14:00:00+00:00,bearish,67875.9,68070.9,29.08485618657264,195.0,779.2198947579166,bearish,BALANCE,67045.2,True,-1.0,sl,0.2502502840492561,tp
2024-03-19 02:00:00+00:00,bearish,66445.3,66913.0,70.93952015337575,467.6999999999971,800.6139660050303,bearish,BALANCE,65929.4,True,1.0,tp,0.5841766692302014,tp
2024-03-19 23:00:00+00:00,bearish,62850.0,63587.3,118.96905320125713,737.3000000000029,1037.340638964341,bearish,IMBALANCE,61974.1,True,-1.0,sl,-1.0,sl
2024-03-22 11:00:00+00:00,bearish,64987.3,65381.0,61.259102508246265,393.6999999999971,722.3520323477189,bearish,BALANCE,64268.0,True,1.0,tp,0.5450251156910716,tp
2024-03-22 14:00:00+00:00,bearish,63500.0,63954.0,72.30450708711578,454.0,797.8333509722806,bearish,BALANCE,62790.0,True,-1.0,sl,-1.0,sl
2024-03-25 04:00:00+00:00,bullish,66864.5,67076.1,31.330046343594933,211.60000000000582,605.2747641454514,bullish,IMBALANCE,67539.0,True,-1.0,sl,0.34959329635814484,tp
2024-03-25 14:00:00+00:00,bullish,67318.8,67730.4,59.278717989707054,411.59999999999127,668.9983008239676,bullish,IMBALANCE,69434.7,True,1.0,tp,0.6152481994244952,tp
2024-03-25 15:00:00+00:00,bullish,68098.6,69174.6,154.0562906795944,1076.0,687.8912793365414,bullish,IMBALANCE,69844.6,True,1.0,tp,1.5642006699631028,tp
2024-03-28 07:00:00+00:00,bullish,69999.4,70240.2,34.176970853062144,240.8000000000029,610.7818869363456,bullish,BALANCE,70456.8,True,1.0,tp,0.394248757453904,tp
2024-03-29 16:00:00+00:00,bearish,69636.6,70066.1,62.03133485077817,429.5,522.3382672267,bearish,BALANCE,69239.2,True,-1.0,sl,-1.0,sl
2024-03-31 19:00:00+00:00,bullish,70629.0,70750.5,17.08017560950923,121.5,313.9613150015438,bullish,BALANCE,71135.1,True,-1.0,sl,-1.0,sl
2024-04-01 15:00:00+00:00,bearish,69069.6,69688.2,90.59621270924434,618.5999999999913,506.30023321619814,bearish,BALANCE,68281.0,True,-1.0,sl,-1.0,sl
2024-04-02 03:00:00+00:00,bearish,67316.4,69289.7,295.6959035935156,1973.300000000003,745.6166204772086,bearish,BALANCE,66734.1,True,0.0,time,2.6465343526503906,tp
2024-04-04 03:00:00+00:00,bearish,65821.0,66018.6,30.10487955001216,197.60000000000582,541.6454856630114,bearish,BALANCE,65637.2,True,1.0,tp,0.364814265475006,tp
2024-04-04 18:00:00+00:00,bullish,68198.6,68500.0,43.94450803000505,301.3999999999942,591.7242151579223,bullish,BALANCE,68586.5,True,1.0,tp,0.5093589078816942,tp
2024-04-05 00:00:00+00:00,bullish,68074.7,68158.3,12.186286928750429,83.60000000000582,641.2447777714584,bullish,BALANCE,68601.7,True,-1.0,sl,-1.0,sl
2024-04-05 14:00:00+00:00,bullish,66914.6,67326.6,60.47342471865913,412.0,749.7880949703915,bullish,BALANCE,68129.1,True,0.0,time,-1.0,sl
2024-04-06 23:00:00+00:00,bullish,68443.9,68801.6,51.91461446468755,357.70000000001164,423.06130177450586,bullish,BALANCE,68901.6,True,1.0,tp,0.8455039458812714,tp
2024-04-07 02:00:00+00:00,bullish,69172.2,69300.0,18.4390839324597,127.80000000000291,440.91234693826067,bullish,IMBALANCE,69309.3,True,1.0,tp,0.28985352959031135,tp
2024-04-08 08:00:00+00:00,bullish,69848.0,70677.6,115.13059745508168,829.6000000000058,540.835555528182,bullish,IMBALANCE,72057.3,True,-1.0,sl,1.5339228190901857,tp
2024-04-08 09:00:00+00:00,bullish,70917.0,71728.9,112.35317561358953,811.8999999999942,575.3973015618841,bullish,IMBALANCE,72263.2,True,-1.0,sl,-1.0,sl
2024-04-10 13:00:00+00:00,bearish,68366.4,68888.6,76.45680819912323,522.2000000000116,596.6497528285665,bearish,BALANCE,68300.0,True,-1.0,sl,-1.0,sl
2024-04-12 17:00:00+00:00,bearish,69016.2,69270.0,37.21882410219528,253.8000000000029,629.624155576065,bearish,BALANCE,68191.3,True,1.0,tp,0.4030976222120842,tp
2024-04-12 18:00:00+00:00,bearish,68435.9,68700.0,39.70079341456975,264.1000000000058,822.78671589206,bearish,BALANCE,66522.6,True,0.0,time,-1.0,sl
2024-04-13 02:00:00+00:00,bearish,66626.4,66780.0,23.074496372077128,153.60000000000582,759.2449282537239,bearish,IMBALANCE,66567.0,True,-1.0,sl,-1.0,sl
2024-04-13 20:00:00+00:00,bearish,64897.8,66450.6,251.1471284185402,1552.800000000003,1146.7945367705038,bearish,IMBALANCE,61828.3,True,0.0,time,-1.0,sl
2024-04-13 21:00:00+00:00,bearish,62951.7,63530.0,91.90685669968133,578.3000000000029,1154.287784144039,bearish,IMBALANCE,62922.4,True,-1.0,both_sl_first,-1.0,both_sl_first
2024-04-15 15:00:00+00:00,bearish,64770.0,65650.0,136.3225142828816,880.0,815.4635658559355,bearish,BALANCE,64552.8,True,1.0,tp,1.0791407940786737,tp
2024-04-17 15:00:00+00:00,bearish,61518.6,62100.0,96.46270241571567,581.4000000000015,833.9945133380633,bearish,BALANCE,60272.0,True,-1.0,sl,0.6971268883687851,tp
2024-04-19 02:00:00+00:00,bearish,61420.0,62612.0,194.34539676949692,1192.0,885.5055103876158,bearish,BALANCE,61334.1,True,-1.0,sl,-1.0,sl
2024-04-19 07:00:00+00:00,bullish,62567.2,64160.2,246.90171668764222,1593.0,1058.4359334435596,bullish,BALANCE,64519.6,True,0.0,time,-1.0,sl
2024-04-20 16:00:00+00:00,bullish,63963.6,64421.8,70.80942497863576,458.20000000000437,571.4543556614432,bullish,BALANCE,64708.9,True,1.0,tp,0.8018138202300499,tp
2024-04-22 04:00:00+00:00,bullish,64843.1,65466.6,94.8889335305684,623.5,512.1222401392679,bullish,BALANCE,65708.4,True,0.9999999999999916,tp,1.2174827631591356,tp
2024-04-22 06:00:00+00:00,bullish,65854.1,66117.0,39.67176107006527,262.8999999999942,508.7416254262051,bullish,BALANCE,66268.8,True,-1.0,sl,-1.0,sl
2024-04-22 23:00:00+00:00,bullish,66540.0,66750.4,31.50738267093866,210.39999999999418,476.89434236397886,bullish,IMBALANCE,66778.0,True,1.0,tp,0.441187871839784,tp
2024-04-24 19:00:00+00:00,bearish,64464.6,64725.5,40.79054547387567,260.90000000000146,520.254985191101,bearish,BALANCE,63960.9,True,1.0,tp,0.5014848630506951,tp
2024-04-26 11:00:00+00:00,bearish,64246.1,64294.2,7.490625038932336,48.099999999998545,428.09066518501044,bearish,BALANCE,64213.6,True,-1.0,both_sl_first,0.11235937597287023,tp
2024-04-27 01:00:00+00:00,bearish,63253.1,63720.9,74.77035845977584,467.8000000000029,522.1762196689208,bearish,BALANCE,62564.9,True,-1.0,sl,-1.0,sl
2024-04-28 23:00:00+00:00,bearish,63143.0,63569.5,67.60366026664215,426.5,346.234242274319,bearish,BALANCE,63088.3,True,1.0,tp,1.2318250130271335,tp
2024-04-29 03:00:00+00:00,bearish,62750.0,63051.7,48.458156855375144,301.6999999999971,393.8017308828833,bearish,BALANCE,62259.9,True,-1.0,sl,0.7661215691551159,tp
2024-04-30 09:00:00+00:00,bearish,62134.5,63109.6,158.1439854684634,975.0999999999985,571.9450759993596,bearish,BALANCE,61659.0,True,1.0,tp,1.7048839843514911,tp
2024-04-30 12:00:00+00:00,bearish,61316.3,61379.0,10.244328040702348,62.69999999999709,575.3824096102745,bearish,BALANCE,61204.6,True,1.0,tp,0.10897100598272666,tp
2024-04-30 17:00:00+00:00,bearish,60489.0,60568.1,13.10635533963828,79.09999999999854,618.7023026332546,bearish,IMBALANCE,60352.4,True,1.0,tp,0.12784823923127764,tp
2024-05-01 07:00:00+00:00,bearish,59553.8,59923.4,64.29838906092317,369.59999999999854,739.0549334403541,bearish,IMBALANCE,57482.0,True,0.0,time,0.5000981432861606,tp
2024-05-01 08:00:00+00:00,bearish,57573.4,59455.6,329.3259683201781,1882.199999999997,760.2438667660434,bearish,IMBALANCE,57153.1,True,0.0,time,-1.0,sl
2024-05-01 14:00:00+00:00,bearish,57575.0,57693.8,20.674712633676968,118.80000000000291,719.9153931797574,bearish,IMBALANCE,57461.5,True,1.0,tp,0.16501939134164306,tp
2024-05-03 13:00:00+00:00,bullish,59417.4,60482.3,172.7216843648681,1064.9000000000015,649.8674539800987,bullish,BALANCE,61654.1,True,1.0,tp,1.63864183915973,tp
2024-05-03 14:00:00+00:00,bullish,60737.7,61349.0,99.24007396332077,611.3000000000029,667.0626358386629,bullish,BALANCE,61598.1,True,1.0,tp,0.9164056973921876,tp
2024-05-03 21:00:00+00:00,bullish,62079.3,62335.9,40.9160344294236,256.59999999999854,650.5527532932331,bullish,IMBALANCE,62713.8,True,1.0,tp,0.3944338083284354,tp
2024-05-04 11:00:00+00:00,bullish,63277.0,63607.5,51.76194205168363,330.5,597.7742467138586,bullish,IMBALANCE,63850.0,True,-1.0,sl,0.5528843067710854,tp
2024-05-06 09:00:00+00:00,bullish,64564.5,65074.0,78.2237152196175,509.5,421.1752169892484,bullish,IMBALANCE,65133.7,True,-1.0,sl,-1.0,sl
2024-05-07 09:00:00+00:00,bullish,63830.0,64029.2,31.08037053044099,199.1999999999971,511.3260596502032,bullish,BALANCE,64091.9,True,-1.0,sl,-1.0,sl
2024-05-08 21:00:00+00:00,bearish,61739.4,61902.8,26.584667447611846,163.40000000000146,505.83243306654947,bearish,BALANCE,61464.0,True,1.0,tp,0.32303187640501485,tp
2024-05-13 07:00:00+00:00,bullish,60990.5,61431.5,70.79038021336638,441.0,394.84149528159486,bullish,BALANCE,62296.6,True,0.0,time,1.1169038849006632,tp
2024-05-13 08:00:00+00:00,bullish,61552.6,62296.5,118.55074542426657,743.9000000000015,424.57424561862365,bullish,BALANCE,62749.5,True,-1.0,sl,-1.0,sl
2024-05-13 09:00:00+00:00,bullish,62426.0,62749.4,51.310284427789014,323.40000000000146,432.8117995030078,bullish,BALANCE,63028.3,True,-1.0,sl,-1.0,sl
2024-05-13 20:00:00+00:00,bullish,62810.7,62965.8,24.590397853929836,155.10000000000582,427.7629404475253,bullish,IMBALANCE,63073.4,True,-1.0,sl,-1.0,sl
2024-05-14 17:00:00+00:00,bearish,61487.9,61615.3,20.786832178146977,127.40000000000146,494.8829802315789,bearish,BALANCE,61288.8,True,-1.0,sl,-1.0,sl
2024-05-15 10:00:00+00:00,bullish,62240.0,62360.0,19.156170681480774,120.0,397.7290529498736,bullish,BALANCE,62643.0,True,-1.0,sl,-1.0,both_sl_first
2024-05-15 13:00:00+00:00,bullish,62798.0,63514.2,111.71999182612693,716.1999999999971,556.3588299310758,bullish,BALANCE,64106.7,True,1.0,tp,1.2872987026892837,tp
2024-05-15 19:00:00+00:00,bullish,65094.3,65261.1,25.28820672047672,166.79999999999563,606.8862947784284,bullish,IMBALANCE,65959.6,True,-1.0,sl,0.2748455541591792,tp
2024-05-17 15:00:00+00:00,bullish,66424.3,66520.6,14.336757481018745,96.30000000000291,509.87048617526307,bullish,IMBALANCE,67170.0,True,-1.0,sl,0.188871493077363,tp
2024-05-19 03:00:00+00:00,bullish,66952.8,67052.2,14.80642902894168,99.39999999999418,251.04640852333577,bullish,BALANCE,67133.0,True,-1.0,sl,0.39594272861606367,tp
2024-05-20 05:00:00+00:00,bullish,66737.1,67017.0,41.70919792869563,279.8999999999942,338.56356985403414,bullish,BALANCE,67107.5,True,-1.0,sl,-1.0,sl
2024-05-20 16:00:00+00:00,bullish,67078.8,67344.9,39.037972900809116,266.09999999999127,437.6339111365515,bullish,BALANCE,68164.4,True,1.0,tp,0.6080424602127362,tp
2024-05-20 17:00:00+00:00,bullish,67499.9,68001.3,73.41711728728713,501.40000000000873,449.0672031982262,bullish,BALANCE,68294.7,True,1.0,tp,1.1165366707456554,tp
2024-05-20 20:00:00+00:00,bullish,68749.4,69161.4,59.28910634623687,412.0,588.2351841933323,bullish,BALANCE,69490.0,True,1.0,tp,-1.0,sl
2024-05-21 00:00:00+00:00,bullish,69953.3,71136.0,165.7668415859343,1182.699999999997,723.9743777526494,bullish,IMBALANCE,71347.2,True,-1.0,sl,-1.0,sl
2024-05-21 23:00:00+00:00,bullish,69846.3,70107.1,37.16751604701846,260.8000000000029,535.6621345208714,bullish,BALANCE,70168.8,True,-1.0,sl,-1.0,sl
2024-05-23 14:00:00+00:00,bearish,68380.4,69002.0,91.68466140394435,621.6000000000058,567.9842271746828,bearish,BALANCE,67797.6,True,1.0,tp,1.09439658754613,tp
2024-05-27 15:00:00+00:00,bullish,69084.0,69548.5,65.95996961155329,464.5,395.2140313202762,bullish,BALANCE,70421.5,True,-1.0,sl,-1.0,sl
2024-05-27 16:00:00+00:00,bullish,69550.0,70218.9,95.25125027055886,668.8999999999942,404.92017194025686,bullish,BALANCE,70224.8,True,-1.0,sl,-1.0,sl
2024-05-28 04:00:00+00:00,bearish,68153.8,68429.1,40.59927059937425,275.3000000000029,514.4611851233165,bearish,BALANCE,67809.1,True,-1.0,sl,-1.0,sl
2024-05-29 08:00:00+00:00,bearish,68046.1,68506.0,67.71839513735013,459.8999999999942,440.7589241403587,bearish,BALANCE,67913.6,True,1.0,tp,1.0434275401160942,tp
2024-05-30 18:00:00+00:00,bullish,68746.1,69131.6,55.53250704420128,385.5,466.25551582848914,bullish,BALANCE,69418.8,True,-1.0,sl,-1.0,sl
2024-05-31 11:00:00+00:00,bullish,68234.6,68315.0,11.756482881448763,80.39999999999418,344.58035362406355,bullish,BALANCE,68387.8,True,1.0,tp,0.23332728971458447,tp
2024-05-31 14:00:00+00:00,bearish,68118.9,68351.1,34.38039044397072,232.20000000001164,433.9656475627059,bearish,BALANCE,67538.5,True,1.0,tp,0.5350653935492816,tp
2024-05-31 15:00:00+00:00,bearish,67588.2,68056.4,69.61802277083257,468.1999999999971,428.2681013082267,bearish,BALANCE,67252.7,True,-1.0,sl,1.0932404224591652,tp
2024-06-03 02:00:00+00:00,bullish,67923.5,68441.1,75.605751646208,517.6000000000058,321.6760016986778,bullish,BALANCE,68460.4,True,1.0,tp,1.60907247437392,tp
2024-06-03 13:00:00+00:00,bullish,69300.0,69562.5,37.5912393079775,262.5,407.08842923137206,bullish,IMBALANCE,69830.1,True,-1.0,sl,-1.0,both_sl_first
2024-06-04 14:00:00+00:00,bullish,69209.0,69352.3,20.561930439549347,143.3000000000029,426.0660338432049,bullish,BALANCE,69691.9,True,1.0,tp,0.3363328419010697,tp
2024-06-04 16:00:00+00:00,bullish,70200.0,70445.0,34.57619464280674,245.0,482.3656108137844,bullish,BALANCE,70858.0,True,-1.0,sl,0.5079134882494423,tp
2024-06-05 16:00:00+00:00,bullish,71111.0,71302.6,26.851356161658313,191.60000000000582,478.8273042294705,bullish,BALANCE,71355.8,True,1.0,tp,0.4001442655997385,tp
2024-06-07 18:00:00+00:00,bearish,69924.8,70812.1,128.24756274706814,887.3000000000029,540.7969329177037,bearish,BALANCE,69186.5,True,0.0,time,0.0,time
2024-06-07 19:00:00+00:00,bearish,69485.2,69820.0,48.32061333117847,334.8000000000029,549.0400091378675,bearish,BALANCE,69287.2,True,0.0,time,0.0,time
2024-06-11 02:00:00+00:00,bearish,68996.9,69450.0,66.353473196478,453.1000000000058,378.82116607528525,bearish,BALANCE,68285.8,True,1.0,tp,1.1960788904544948,tp
2024-06-11 05:00:00+00:00,bearish,68080.3,68189.0,16.001672299882983,108.69999999999709,410.1534627796651,bearish,BALANCE,67930.4,True,1.0,tp,0.2650227533453521,tp
2024-06-11 16:00:00+00:00,bearish,66759.6,66795.5,5.397952386751136,35.89999999999418,512.1873086885874,bearish,IMBALANCE,66506.7,True,-1.0,both_sl_first,0.07009154539950033,tp
2024-06-13 16:00:00+00:00,bearish,67038.0,67140.0,15.227562485257629,102.0,627.5472914301388,bearish,BALANCE,66983.8,True,1.0,tp,0.16253755118207794,tp
2024-06-14 16:00:00+00:00,bearish,66522.0,66555.6,5.146570025519302,33.60000000000582,476.06158280359847,bearish,BALANCE,65286.2,True,-1.0,sl,0.07057910407752413,tp
2024-06-14 17:00:00+00:00,bearish,65747.7,66334.5,89.72339872479058,586.8000000000029,491.72146974619824,bearish,BALANCE,65401.0,True,-1.0,sl,-1.0,sl
2024-06-18 01:00:00+00:00,bearish,65945.1,66358.3,63.46787745108536,413.1999999999971,553.1302358673263,bearish,BALANCE,65103.8,True,0.0,time,0.747021177303904,tp
2024-06-20 11:00:00+00:00,bullish,65731.7,66080.7,52.758881330309904,349.0,347.79983846166976,bullish,BALANCE,66150.0,True,-1.0,sl,-1.0,sl
2024-06-21 08:00:00+00:00,bearish,64350.0,64535.5,29.160431102783054,185.5,378.2989250834109,bearish,BALANCE,63613.6,True,0.0,time,-1.0,sl
2024-06-23 21:00:00+00:00,bearish,63832.6,64070.0,37.19901157807506,237.40000000000146,178.74594211230246,bearish,BALANCE,63818.9,True,1.0,tp,1.3281420388880405,tp
2024-06-24 00:00:00+00:00,bearish,63306.7,63600.1,46.52999471898856,293.40000000000146,222.42286254399707,bearish,IMBALANCE,63056.1,True,1.0,tp,-1.0,sl
2024-06-24 06:00:00+00:00,bearish,62415.3,62626.0,33.77365718856298,210.6999999999971,301.11599364597294,bearish,IMBALANCE,62385.9,True,-1.0,sl,0.6997303512470353,tp
2024-06-24 10:00:00+00:00,bearish,61550.0,62302.6,123.0897053435911,752.5999999999985,475.9784567503813,bearish,IMBALANCE,61142.4,True,1.0,tp,-1.0,sl
2024-06-24 16:00:00+00:00,bearish,61018.6,61069.0,8.379818603530074,50.400000000001455,553.2976931976748,bearish,IMBALANCE,60144.5,True,1.0,tp,0.09109020445887765,tp
2024-06-24 17:00:00+00:00,bearish,60537.5,60650.0,18.67771723430325,112.5,565.9550008264123,bearish,IMBALANCE,60232.2,True,1.0,tp,0.19877905458159492,tp
2024-06-24 20:00:00+00:00,bearish,59646.4,59700.0,9.009629882387106,53.599999999998545,700.115246652926,bearish,IMBALANCE,59491.9,True,-1.0,sl,0.07655882407396034,tp
2024-06-25 08:00:00+00:00,bearish,60890.9,60935.2,7.281214302736723,44.299999999995634,539.6814346756771,bearish,BALANCE,60841.5,True,-1.0,sl,-1.0,sl
2024-06-28 20:00:00+00:00,bearish,60366.8,60651.2,47.20480811842933,284.3999999999942,403.8518732798388,bearish,BALANCE,60248.1,True,-1.0,sl,-1.0,sl
2024-06-30 23:00:00+00:00,bullish,62010.7,62753.9,118.40805531657337,743.2000000000044,310.0990754228642,bullish,IMBALANCE,62766.0,True,1.0,tp,2.3966533888775703,tp
2024-07-01 02:00:00+00:00,bullish,62935.2,63147.9,33.53456172519387,212.70000000000437,374.1375614810609,bullish,IMBALANCE,63427.1,True,-1.0,sl,-1.0,sl
2024-07-01 18:00:00+00:00,bullish,63344.2,63412.5,10.732243871779213,68.30000000000291,364.45530259454046,bullish,BALANCE,63640.0,True,-1.0,sl,-1.0,sl
2024-07-02 20:00:00+00:00,bearish,62085.2,62133.8,7.837913244300308,48.60000000000582,332.08999422154875,bearish,BALANCE,62006.3,True,-1.0,sl,0.14634587264192994,tp
2024-07-03 02:00:00+00:00,bearish,61618.3,62075.8,74.56361947292078,457.5,356.16048880283194,bearish,BALANCE,61357.0,True,1.0,tp,1.2845332775058909,tp
2024-07-03 04:00:00+00:00,bearish,60983.5,61228.5,40.25129954195664,245.0,370.82817656978887,bearish,BALANCE,60867.6,True,1.0,tp,0.660683344686163,tp
2024-07-03 09:00:00+00:00,bearish,60678.9,60832.9,25.41207997874626,154.0,366.18437046901374,bearish,IMBALANCE,60601.1,True,1.0,tp,0.42055317599371045,tp
2024-07-03 20:00:00+00:00,bearish,59872.6,60230.5,60.05446683412809,357.90000000000146,439.55753116021253,bearish,IMBALANCE,59595.9,True,-1.0,sl,-1.0,sl
2024-07-04 02:00:00+00:00,bearish,59092.6,60207.9,189.18235835918748,1115.300000000003,617.8786723938756,bearish,IMBALANCE,58953.7,True,1.0,tp,1.8050469288395166,tp
2024-07-04 08:00:00+00:00,bearish,58484.5,58515.3,5.340352081784182,30.80000000000291,635.1274132986157,bearish,IMBALANCE,57674.1,True,1.0,tp,0.04849420660342657,tp
2024-07-04 09:00:00+00:00,bearish,57857.7,58086.4,39.61826493826937,228.70000000000437,656.9183123487144,bearish,IMBALANCE,57725.9,True,-1.0,sl,0.34814069831958344,tp
2024-07-04 13:00:00+00:00,bearish,57485.0,57658.8,30.2776379261391,173.8000000000029,638.0766118021562,bearish,IMBALANCE,57402.1,True,1.0,tp,0.27238108525734794,tp
2024-07-04 23:00:00+00:00,bearish,58103.9,58274.8,29.958331799481023,170.90000000000146,662.7738962578065,bearish,IMBALANCE,57045.9,True,1.0,tp,0.2578556593205419,tp
2024-07-05 00:00:00+00:00,bearish,57533.4,57978.3,77.55816426501941,444.90000000000146,679.4114750965349,bearish,IMBALANCE,57363.4,True,1.0,tp,0.6548314479627905,tp
2024-07-05 03:00:00+00:00,bearish,55961.6,56780.1,148.23977716038874,818.5,782.868116176052,bearish,IMBALANCE,55214.6,True,1.0,tp,1.0455145420891465,tp
2024-07-05 05:00:00+00:00,bearish,54772.5,54918.3,26.61948919062565,145.8000000000029,880.6725083354735,bearish,IMBALANCE,54771.9,True,1.0,tp,0.16555529850202058,tp
2024-07-07 22:00:00+00:00,bearish,56769.8,57017.9,44.01589610758233,248.09999999999854,425.36428154951415,bearish,BALANCE,56366.0,True,1.0,tp,0.5832647703662921,tp
2024-07-08 00:00:00+00:00,bearish,55999.0,56364.8,66.42587740085654,365.8000000000029,492.0763448054486,bearish,BALANCE,55068.9,True,-1.0,sl,0.7433805828333975,tp
2024-07-08 01:00:00+00:00,bearish,55090.7,55688.0,108.73839432004422,597.3000000000029,517.4708916050594,bearish,BALANCE,54930.0,True,-1.0,sl,-1.0,sl
2024-07-10 05:00:00+00:00,bullish,58190.0,58800.0,103.47489037598704,610.0,567.679581886381,bullish,BALANCE,58951.5,True,-1.0,sl,-1.0,sl
2024-07-13 10:00:00+00:00,bullish,58191.1,58320.0,22.067987892567324,128.90000000000146,380.36033763492713,bullish,BALANCE,58410.4,True,1.0,tp,0.33888917230828786,tp
2024-07-13 23:00:00+00:00,bullish,58677.7,59100.0,71.36580254841702,422.3000000000029,392.74854073119894,bullish,BALANCE,59174.0,True,1.0,tp,1.0752426965451933,tp
2024-07-14 05:00:00+00:00,bullish,59553.4,59770.4,36.027719760789225,217.0,429.5730566582346,bullish,IMBALANCE,60231.4,True,-1.0,sl,-1.0,sl
2024-07-14 22:00:00+00:00,bullish,60380.0,60725.9,56.86189414712114,345.90000000000146,453.63634860890613,bullish,IMBALANCE,60831.6,True,1.0,tp,0.7625050352792934,tp
2024-07-15 03:00:00+00:00,bullish,61788.7,62294.0,80.6965487173677,505.3000000000029,538.5063663652917,bullish,IMBALANCE,62617.3,True,1.0,tp,0.9383361675193962,tp
2024-07-15 23:00:00+00:00,bullish,63757.0,64185.6,66.26407299870418,428.59999999999854,570.6043040698345,bullish,IMBALANCE,64680.6,True,-1.0,sl,-1.0,sl
2024-07-16 16:00:00+00:00,bullish,63879.0,64169.5,45.05999727003115,290.5,703.9524722778971,bullish,BALANCE,64469.6,True,1.0,tp,0.41266990519968094,tp
2024-07-17 00:00:00+00:00,bullish,64585.5,64885.3,45.791476187058166,299.8000000000029,653.311020337436,bullish,BALANCE,65470.7,True,-1.0,sl,0.4588932233917543,tp
2024-07-19 08:00:00+00:00,bearish,63946.8,64111.0,25.743173434047947,164.1999999999971,435.524366198732,bearish,BALANCE,63783.9,True,-1.0,sl,0.3770167934187895,tp
2024-07-19 14:00:00+00:00,bullish,64416.0,64968.0,84.01736967794864,552.0,520.1000422585583,bullish,BALANCE,65700.7,True,1.0,tp,1.0613342725428678,tp
2024-07-19 17:00:00+00:00,bullish,65800.0,66205.3,60.75450712100428,405.3000000000029,541.2394288782988,bullish,BALANCE,66711.1,True,1.0,tp,0.7488367963878315,tp
2024-07-20 18:00:00+00:00,bullish,67000.0,67180.0,26.694705994889446,180.0,363.6432127155062,bullish,IMBALANCE,67429.1,True,-1.0,sl,-1.0,sl
2024-07-22 20:00:00+00:00,bullish,67646.1,67785.0,20.396475770924255,138.89999999999418,516.7862114251378,bullish,BALANCE,68100.0,True,-1.0,sl,-1.0,sl
2024-07-23 17:00:00+00:00,bearish,66097.6,66290.0,29.18645044826295,192.39999999999418,575.707697605069,bearish,BALANCE,65921.0,True,1.0,tp,0.3341973727298978,tp
2024-07-24 19:00:00+00:00,bearish,66085.7,66290.0,31.128203096670045,204.3000000000029,499.5264280552073,bearish,BALANCE,65631.8,True,1.0,tp,0.4089873698883131,tp
2024-07-25 02:00:00+00:00,bearish,64481.4,65249.7,119.69527014395146,768.2999999999956,558.7133167167232,bearish,BALANCE,64188.0,True,-1.0,sl,-1.0,sl
2024-07-26 03:00:00+00:00,bullish,66533.0,66894.0,53.86934073477184,361.0,571.143467647902,bullish,BALANCE,67014.0,True,1.0,tp,0.6320653573902947,tp
2024-07-27 14:00:00+00:00,bullish,68450.0,68760.8,45.07450781335019,310.8000000000029,392.9505339514325,bullish,IMBALANCE,68952.5,True,-1.0,sl,-1.0,sl
2024-07-27 22:00:00+00:00,bullish,68455.4,68517.7,9.081645891612512,62.30000000000291,602.9820069390977,bullish,BALANCE,68599.9,True,-1.0,sl,-1.0,sl
2024-07-29 01:00:00+00:00,bullish,68254.7,68299.1,6.480862480186476,44.40000000000873,411.74172442938317,bullish,BALANCE,68509.4,True,1.0,tp,0.10783458990351344,tp
2024-07-29 03:00:00+00:00,bullish,68800.0,69273.9,68.3610513667153,473.8999999999942,468.86505830900916,bullish,BALANCE,69323.1,True,1.0,tp,1.0107385730750493,tp
2024-07-31 20:00:00+00:00,bearish,65399.0,66107.4,109.69781998036375,708.3999999999942,576.0831613666769,bearish,BALANCE,64577.4,True,1.0,tp,1.229683572627635,tp
2024-08-01 02:00:00+00:00,bearish,64236.1,64320.0,13.092804419406916,83.90000000000146,549.1764785018793,bearish,IMBALANCE,64081.0,True,1.0,tp,0.1527742051678455,tp
2024-08-01 15:00:00+00:00,bearish,63942.5,64430.9,77.65619484645276,488.40000000000146,528.7664967557688,bearish,IMBALANCE,62892.6,True,-1.0,sl,0.9236591255243329,tp
2024-08-01 16:00:00+00:00,bearish,63188.0,63911.0,114.96245036977203,723.0,529.4260327017853,bearish,IMBALANCE,62890.1,True,-1.0,sl,-1.0,sl
2024-08-02 01:00:00+00:00,bearish,64880.0,64962.5,12.765266097774202,82.5,619.8729537468992,bearish,BALANCE,64628.5,True,1.0,tp,0.1330917884081226,tp
2024-08-02 15:00:00+00:00,bearish,63600.0,64538.1,147.98047118395397,938.0999999999985,759.1972920759532,bearish,BALANCE,63393.5,True,1.0,tp,1.2356471891974954,tp
2024-08-03 16:00:00+00:00,bearish,61262.5,61868.1,99.45362908854403,605.5999999999985,567.3339923661916,bearish,IMBALANCE,60892.7,True,1.0,tp,1.0674488187711266,tp
2024-08-04 08:00:00+00:00,bearish,60649.9,60681.0,5.136709136735323,31.099999999998545,487.52937840178873,bearish,IMBALANCE,60544.6,True,-1.0,sl,0.06379102753140715,tp
2024-08-04 15:00:00+00:00,bearish,59579.9,60800.1,206.56847807685747,1220.199999999997,514.4915149177097,bearish,BALANCE,59070.0,True,1.0,tp,2.371662048100366,tp
2024-08-05 00:00:00+00:00,bearish,58286.9,58362.0,13.376341864387502,75.09999999999854,837.2700554784134,bearish,IMBALANCE,56143.9,True,1.0,tp,0.08969626885448129,tp
2024-08-05 01:00:00+00:00,bearish,56273.7,57975.4,312.87288906866297,1701.7000000000044,1066.8721943728121,bearish,IMBALANCE,54389.5,True,1.0,tp,1.5950364148354221,tp
2024-08-05 02:00:00+00:00,bearish,54686.6,55650.0,176.2232185156937,963.4000000000015,1070.5527519176114,bearish,IMBALANCE,54669.3,True,1.0,tp,0.8999089472931874,tp
2024-08-05 06:00:00+00:00,bearish,52953.0,53355.0,77.96424117714368,402.0,1320.2957113577393,bearish,IMBALANCE,51562.1,True,1.0,tp,-1.0,sl
2024-08-05 19:00:00+00:00,bearish,53585.0,53730.0,27.12795414066125,145.0,1536.417500372816,bearish,BALANCE,53450.4,True,-1.0,sl,-1.0,sl
2024-08-06 09:00:00+00:00,bearish,55303.3,55413.3,19.932952795143606,110.0,1111.078447784896,bearish,BALANCE,55185.0,True,-1.0,both_sl_first,0.09900291038792262,tp
2024-08-08 15:00:00+00:00,bullish,58241.0,58608.6,61.89458725436192,367.59999999999854,844.6672596677338,bullish,BALANCE,59391.3,True,1.0,tp,0.4352009572912799,tp
2024-08-08 22:00:00+00:00,bullish,59657.0,60585.4,149.0163221346382,928.4000000000015,895.3009011492887,bullish,IMBALANCE,62301.9,True,-1.0,sl,-1.0,sl
2024-08-08 23:00:00+00:00,bullish,61359.0,61590.3,37.5122851517525,231.3000000000029,913.2722653529106,bullish,IMBALANCE,61659.8,True,-1.0,sl,-1.0,sl
2024-08-11 20:00:00+00:00,bearish,59657.5,60093.1,74.48700410396691,435.59999999999854,484.1804085103507,bearish,BALANCE,58480.0,True,-1.0,sl,-1.0,sl
2024-08-11 21:00:00+00:00,bearish,59061.8,59512.2,76.36953086319176,450.3999999999942,505.9460936167543,bearish,BALANCE,58976.4,True,1.0,tp,0.890213415386435,tp
2024-08-13 17:00:00+00:00,bullish,59693.2,60867.1,192.02049265467252,1173.9000000000015,675.2395436213561,bullish,BALANCE,61134.1,True,-1.0,sl,-1.0,sl
2024-08-15 02:00:00+00:00,bearish,58539.0,58637.2,16.817372242772485,98.19999999999709,577.9143565929636,bearish,BALANCE,58392.0,True,1.0,tp,0.16992137135842336,tp
2024-08-15 18:00:00+00:00,bearish,58845.9,59388.0,93.73719348663947,542.0999999999985,604.549562019037,bearish,BALANCE,57831.9,True,1.0,tp,0.8967006744484759,tp
2024-08-15 19:00:00+00:00,bearish,57925.0,58735.8,142.2396249982462,810.8000000000029,653.6531647319629,bearish,BALANCE,57002.4,True,-1.0,sl,1.240413178956271,tp
2024-08-15 20:00:00+00:00,bearish,57090.3,57474.2,67.78505832975677,383.8999999999942,687.0565101082514,bearish,BALANCE,56634.9,True,-1.0,sl,-1.0,sl
2024-08-19 10:00:00+00:00,bearish,58169.7,58400.0,39.695877523653415,230.3000000000029,364.60585911657125,bearish,BALANCE,58016.1,True,-1.0,sl,-1.0,sl
2024-08-20 01:00:00+00:00,bullish,59585.4,60342.0,125.23317768843297,756.5999999999985,486.52954272512505,bullish,BALANCE,60415.3,True,1.0,tp,1.555095700380633,tp
2024-08-21 19:00:00+00:00,bullish,60020.8,60511.8,79.78796875431644,491.0,561.930272055266,bullish,BALANCE,61538.1,True,-1.0,sl,-1.0,sl
2024-08-21 20:00:00+00:00,bullish,60800.0,60865.2,10.652846286943415,65.19999999999709,588.1281097656044,bullish,BALANCE,61204.3,True,-1.0,sl,0.11086020021383165,tp
2024-08-22 11:00:00+00:00,bullish,60944.3,61062.4,19.2668482960012,118.09999999999854,470.62812206947575,bullish,BALANCE,61297.0,True,-1.0,sl,-1.0,sl
2024-08-23 18:00:00+00:00,bullish,61800.0,62649.2,134.54271794668625,849.1999999999971,562.8400456900661,bullish,BALANCE,63117.5,True,1.0,tp,1.5087767945844102,tp
2024-08-23 20:00:00+00:00,bullish,63397.0,63435.1,5.9923844814540494,38.099999999998545,564.1365700082716,bullish,IMBALANCE,63580.7,True,1.0,tp,0.067536837754446,tp
2024-08-23 22:00:00+00:00,bullish,63770.8,63900.0,20.165821741627294,129.1999999999971,661.0626547520302,bullish,IMBALANCE,64068.8,True,-1.0,sl,0.19544289648075966,tp
2024-08-27 07:00:00+00:00,bearish,62936.6,63011.3,11.879393149073561,74.70000000000437,376.0094697532145,bearish,BALANCE,62882.0,True,1.0,tp,0.19866520928058726,tp
2024-08-27 15:00:00+00:00,bearish,61952.6,62100.0,23.90013182365812,147.40000000000146,395.61778346452087,bearish,IMBALANCE,61673.3,True,-1.0,sl,0.3725818357030972,tp
2024-08-27 22:00:00+00:00,bearish,60380.6,61815.2,241.24060833125912,1434.5999999999985,656.0286385094062,bearish,IMBALANCE,59467.6,True,0.0,time,-1.0,sl
2024-08-29 19:00:00+00:00,bearish,59667.4,60147.0,80.9629116937047,479.59999999999854,586.6170254678769,bearish,BALANCE,59237.0,True,1.0,tp,0.8175691791718358,tp
2024-08-30 15:00:00+00:00,bearish,58665.5,58879.0,36.7640094983736,213.5,537.7554023734319,bearish,BALANCE,58073.1,True,-1.0,sl,0.39702065113190455,tp
2024-09-01 06:00:00+00:00,bearish,58266.4,58320.2,9.249882657156991,53.799999999995634,296.4791942516836,bearish,BALANCE,58162.9,True,-1.0,sl,-1.0,both_sl_first
2024-09-01 23:00:00+00:00,bearish,57580.6,58056.0,83.01305613421809,475.40000000000146,454.67487166641484,bearish,BALANCE,57268.1,True,-1.0,sl,-1.0,sl
2024-09-02 21:00:00+00:00,bullish,58537.8,58857.0,54.08601913682596,319.1999999999971,426.16680286455124,bullish,BALANCE,59017.1,True,1.0,tp,0.7490024982106568,tp
2024-09-04 01:00:00+00:00,bearish,57130.6,57320.0,33.3739200611799,189.40000000000146,515.2510650721814,bearish,BALANCE,56750.9,True,1.0,tp,0.36758778940800135,tp
2024-09-04 02:00:00+00:00,bearish,56798.0,57093.6,52.21129678660285,295.59999999999854,499.7117032813111,bearish,BALANCE,56616.1,True,1.0,tp,0.591541078703917,tp
2024-09-04 06:00:00+00:00,bearish,56498.7,56528.2,5.244602948000206,29.5,455.2047469132012,bearish,IMBALANCE,56248.3,True,-1.0,sl,-1.0,sl
2024-09-04 18:00:00+00:00,bearish,57976.9,58075.7,17.134839742421672,98.79999999999563,493.0141677477435,bearish,BALANCE,57660.3,True,-1.0,sl,-1.0,sl
2024-09-05 04:00:00+00:00,bearish,57265.0,57630.0,63.83417804314141,365.0,443.6170712634903,bearish,BALANCE,57179.4,True,1.0,tp,0.822781681869054,tp
2024-09-05 16:00:00+00:00,bearish,56394.0,56442.4,8.595703568993212,48.400000000001455,488.32701816291194,bearish,BALANCE,56307.2,True,-1.0,sl,0.09911390973631236,tp
2024-09-05 20:00:00+00:00,bearish,56232.8,56471.0,42.48617237399909,238.1999999999971,470.3407139147993,bearish,BALANCE,56065.3,True,1.0,tp,0.5064413795212029,tp
2024-09-06 08:00:00+00:00,bearish,55910.8,56250.0,60.834210634866885,339.1999999999971,454.71778872446487,bearish,BALANCE,55758.1,True,-1.0,sl,-1.0,sl
2024-09-06 15:00:00+00:00,bearish,54975.0,55812.2,154.97361265111817,837.1999999999971,659.6260309028291,bearish,BALANCE,54022.1,True,0.0,time,1.26920400466022,tp
2024-09-06 16:00:00+00:00,bearish,54229.5,54369.9,25.975948196114977,140.40000000000146,658.9027429811985,bearish,BALANCE,54050.0,True,-1.0,both_sl_first,0.21308152302533045,tp
2024-09-09 17:00:00+00:00,bullish,55442.0,56293.2,150.70848213258114,851.1999999999971,490.1235653610088,bullish,BALANCE,56479.9,True,1.0,tp,1.7367049049621535,tp
2024-09-09 20:00:00+00:00,bullish,56617.5,56770.4,26.83567231344933,152.90000000000146,487.51580652264425,bullish,IMBALANCE,56976.4,True,1.0,tp,0.3136308565882368,tp
2024-09-09 22:00:00+00:00,bullish,57100.0,57158.2,10.176871224109233,58.19999999999709,530.1876086853414,bullish,IMBALANCE,57188.5,True,-1.0,sl,-1.0,sl
2024-09-11 16:00:00+00:00,bullish,56000.0,56618.0,107.89143816842936,618.0,589.7281915857681,bullish,BALANCE,57279.8,True,1.0,tp,1.0479404051181787,tp
2024-09-11 17:00:00+00:00,bullish,56984.7,57216.0,40.11383797339322,231.3000000000029,592.2761779010705,bullish,BALANCE,57660.9,True,1.0,tp,0.39052727195561493,tp
2024-09-12 17:00:00+00:00,bullish,57850.7,57972.4,20.853788723875684,121.70000000000437,482.0612080590361,bullish,BALANCE,58358.7,True,-1.0,sl,-1.0,sl
2024-09-13 15:00:00+00:00,bullish,58130.0,58330.0,33.54382080890924,200.0,459.011086094691,bullish,BALANCE,59623.5,True,0.0,time,0.43571932369132943,tp
2024-09-13 16:00:00+00:00,bullish,58552.7,59278.9,122.21412547563784,726.2000000000044,461.1602942307844,bullish,BALANCE,59420.3,True,1.0,tp,1.5747236028012817,tp
2024-09-13 22:00:00+00:00,bullish,59920.6,60196.0,45.46279941231845,275.40000000000146,452.2002686268842,bullish,IMBALANCE,60577.0,True,-1.0,sl,-1.0,sl
2024-09-16 15:00:00+00:00,bearish,57977.0,58006.7,5.133017747797226,29.69999999999709,393.69769108558427,bearish,IMBALANCE,57860.7,True,1.0,tp,0.07543859329756897,tp
2024-09-17 15:00:00+00:00,bullish,59405.2,60193.5,129.0116688214986,788.3000000000029,509.16687139819936,bullish,BALANCE,61103.0,True,-1.0,sl,-1.0,sl
2024-09-17 16:00:00+00:00,bullish,60367.7,60705.0,55.42483058701401,337.3000000000029,511.0549520126136,bullish,BALANCE,60857.2,True,-1.0,sl,-1.0,sl
2024-09-18 23:00:00+00:00,bullish,60467.7,60652.4,29.918053366551124,184.70000000000437,615.9284287510484,bullish,BALANCE,61735.3,True,1.0,tp,0.29987250365197704,tp
2024-09-19 00:00:00+00:00,bullish,60666.6,61684.8,163.68038118141874,1018.2000000000044,634.090683840259,bullish,BALANCE,62206.6,True,1.0,tp,-1.0,sl
2024-09-20 04:00:00+00:00,bullish,63106.7,63631.3,82.2153961885666,524.6000000000058,477.3214901016613,bullish,IMBALANCE,63808.0,True,-1.0,sl,-1.0,sl
2024-09-22 23:00:00+00:00,bullish,63300.0,63385.6,13.467928708085562,85.59999999999854,396.9799818149182,bullish,BALANCE,63558.4,True,-1.0,sl,-1.0,both_sl_first
2024-09-24 18:00:00+00:00,bullish,63360.0,63507.1,23.095195853854754,147.09999999999854,390.257540752658,bullish,BALANCE,63692.9,True,1.0,tp,0.37693057696283827,tp
2024-09-24 20:00:00+00:00,bullish,63855.0,64057.7,31.580587364648608,202.6999999999971,421.00879789387363,bullish,BALANCE,64185.0,True,1.0,tp,0.4814626226673108,tp
2024-09-26 11:00:00+00:00,bullish,63955.0,64262.7,47.79954328678128,307.6999999999971,344.2026289247314,bullish,BALANCE,64373.0,True,1.0,tp,0.8939501739461875,tp
2024-09-26 22:00:00+00:00,bullish,64842.5,64942.0,15.292376404554822,99.5,453.3647117344095,bullish,BALANCE,65065.1,True,-1.0,sl,0.2194701030420945,tp
2024-09-27 04:00:00+00:00,bullish,65175.0,65246.0,10.877208571240354,71.0,430.44544833600014,bullish,IMBALANCE,65274.1,True,-1.0,sl,0.1649454077734328,tp
2024-09-27 15:00:00+00:00,bullish,65769.2,65974.0,31.042531906509065,204.8000000000029,439.52621470824454,bullish,IMBALANCE,65974.0,True,1.0,tp,0.4659562800729581,tp
2024-09-30 02:00:00+00:00,bearish,64790.3,65050.0,40.356981353737744,259.6999999999971,292.953075991061,bearish,BALANCE,64350.7,True,1.0,tp,-1.0,sl
2024-09-30 03:00:00+00:00,bearish,64550.0,64701.0,23.39637960393493,151.0,300.59928484884233,bearish,BALANCE,64539.9,True,1.0,tp,0.5023298710638292,tp
2024-09-30 09:00:00+00:00,bearish,64284.2,64320.0,5.636721191710384,35.80000000000291,346.0036275146249,bearish,IMBALANCE,63512.1,True,0.0,time,0.10346712332803368,tp
2024-09-30 10:00:00+00:00,bearish,63650.1,64010.0,56.569371748322325,359.90000000000146,351.867654120723,bearish,IMBALANCE,63621.0,True,-1.0,sl,-1.0,sl
2024-10-01 14:00:00+00:00,bearish,63063.0,63551.4,78.03375391247269,488.40000000000146,400.81160075370946,bearish,BALANCE,62588.3,True,1.0,tp,1.2185276051930256,tp
2024-10-01 21:00:00+00:00,bearish,61191.1,61584.0,64.28968812383438,392.90000000000146,608.7348290906957,bearish,IMBALANCE,61114.0,True,1.0,tp,0.6454370297603969,tp
2024-10-02 10:00:00+00:00,bearish,61532.4,61584.6,8.533287996834689,52.19999999999709,485.8314765478237,bearish,IMBALANCE,61172.2,True,1.0,tp,0.1074446644974824,tp
2024-10-02 19:00:00+00:00,bearish,60906.6,61212.0,50.76884714487598,305.40000000000146,616.4181133192986,bearish,BALANCE,60155.0,True,-1.0,sl,-1.0,sl
2024-10-03 08:00:00+00:00,bearish,60954.8,61080.0,20.752665358297932,125.19999999999709,504.779003117932,bearish,BALANCE,60329.6,True,-1.0,sl,0.24802933407819758,tp
2024-10-03 09:00:00+00:00,bearish,60753.2,60789.2,5.931491275764915,36.0,515.2733600380795,bearish,BALANCE,60693.0,True,-1.0,sl,0.06986582810595797,tp
2024-10-04 16:00:00+00:00,bullish,61550.5,61611.0,9.725890642407133,60.5,477.1975225469062,bullish,BALANCE,62205.1,True,0.0,time,0.12678188201208246,tp
2024-10-06 15:00:00+00:00,bullish,62333.0,62412.0,12.601610453913198,79.0,214.98963170354494,bullish,BALANCE,62690.4,True,-1.0,sl,0.36745958106917015,tp
2024-10-07 01:00:00+00:00,bullish,62888.0,63630.6,116.40319458268976,742.5999999999985,311.1636054955074,bullish,IMBALANCE,63795.5,True,-1.0,sl,-1.0,sl
2024-10-07 14:00:00+00:00,bullish,63116.5,63430.0,49.018611436425125,313.5,414.63076557916645,bullish,BALANCE,63955.3,True,-1.0,sl,-1.0,sl
2024-10-09 19:00:00+00:00,bearish,61205.1,61645.0,72.09856147062078,439.90000000000146,388.00282134789904,bearish,BALANCE,61013.7,True,1.0,tp,1.1337546424838139,tp
2024-10-10 18:00:00+00:00,bearish,59591.1,60228.0,107.09871612702548,636.9000000000015,458.5197649492687,bearish,IMBALANCE,59468.5,True,-1.0,sl,-1.0,sl
2024-10-11 16:00:00+00:00,bullish,61924.3,62080.1,25.03651828485317,155.79999999999563,381.8692335278278,bullish,BALANCE,62229.1,True,1.0,tp,0.4079930675762161,tp
2024-10-11 18:00:00+00:00,bullish,62400.0,62673.8,43.536748641265916,273.8000000000029,401.03418605205536,bullish,BALANCE,62889.4,True,1.0,tp,0.6827348129479965,tp
2024-10-14 04:00:00+00:00,bullish,62607.7,64077.0,229.16312490349554,1469.300000000003,406.3282188642878,bullish,BALANCE,64115.9,True,1.0,tp,3.616042233312779,tp
2024-10-14 08:00:00+00:00,bullish,64218.0,64353.9,21.101173840134376,135.90000000000146,431.8543278577391,bullish,IMBALANCE,64404.0,True,1.0,tp,0.31468944788430747,tp
2024-10-14 15:00:00+00:00,bullish,65299.9,65788.6,74.2131087046653,488.70000000000437,482.23021715988983,bullish,IMBALANCE,65850.9,True,1.000000000000013,tp,1.0134163779246819,tp
2024-10-14 23:00:00+00:00,bullish,65980.0,66021.0,6.20601862713786,41.0,455.2138191812309,bullish,IMBALANCE,66064.9,True,-1.0,both_sl_first,0.09006756445519369,tp
2024-10-15 13:00:00+00:00,bullish,65705.1,65746.0,6.046119027239198,40.89999999999418,505.455553873886,bullish,IMBALANCE,67646.7,True,-1.0,sl,-1.0,both_sl_first
2024-10-15 17:00:00+00:00,bullish,66280.0,66477.1,29.51288025347324,197.10000000000582,755.1982396447322,bullish,BALANCE,66784.4,True,1.0,tp,0.2609910744663928,tp
2024-10-16 02:00:00+00:00,bullish,67119.7,67206.9,12.96677412831115,87.19999999999709,644.0077584891927,bullish,BALANCE,67248.8,True,-1.0,sl,0.13540209547251844,tp
2024-10-17 23:00:00+00:00,bullish,67114.4,67265.4,22.403062246389176,151.0,416.807168022474,bullish,BALANCE,67401.5,True,1.0,tp,0.3622778387339551,tp
2024-10-18 02:00:00+00:00,bullish,67444.8,67771.2,47.940074906366185,326.3999999999942,449.40683241449585,bullish,BALANCE,68085.0,True,1.0,tp,-1.0,sl
2024-10-18 14:00:00+00:00,bullish,67820.6,67916.0,13.947511158739077,95.39999999999418,415.65510699137405,bullish,BALANCE,68399.3,True,1.0,tp,0.22951720884780336,tp
2024-10-20 23:00:00+00:00,bullish,68865.6,68906.0,5.8533673524080925,40.39999999999418,253.8715462813826,bullish,BALANCE,69020.1,True,1.0,tp,0.1591355966895785,tp
2024-10-21 14:00:00+00:00,bearish,67632.8,68080.0,66.44863826353856,447.1999999999971,387.07267245488663,bearish,BALANCE,67300.1,True,0.0,time,-1.0,sl
2024-10-22 00:00:00+00:00,bearish,67399.6,67585.6,27.70640151938331,186.0,424.83018257681624,bearish,BALANCE,67132.5,True,-1.0,sl,-1.0,sl
2024-10-22 09:00:00+00:00,bearish,67118.3,67360.0,36.10642207316848,241.6999999999971,383.412928612143,bearish,BALANCE,66941.0,True,-1.0,sl,-1.0,sl
2024-10-23 09:00:00+00:00,bearish,66594.0,66779.5,27.8976734393094,185.5,374.18823407143293,bearish,BALANCE,66493.0,True,1.0,tp,0.49573979914233784,tp
2024-10-25 23:00:00+00:00,bearish,66776.4,66912.7,20.446185878781407,136.3000000000029,622.4221352984929,bearish,BALANCE,66662.8,True,-1.0,sl,0.21898321455845832,tp
2024-10-28 08:00:00+00:00,bullish,67935.2,68303.0,53.84671693141101,367.8000000000029,285.2499752111529,bullish,BALANCE,68305.0,True,1.0,tp,1.2893953793606847,tp
2024-10-28 20:00:00+00:00,bullish,69215.2,69566.1,50.441235026831855,350.90000000000873,381.185183977432,bullish,IMBALANCE,69566.1,True,1.0,tp,0.9205499446190016,tp
2024-10-29 02:00:00+00:00,bullish,69998.4,70198.1,28.058038129147295,199.70000000001164,469.5316399030321,bullish,IMBALANCE,71173.9,True,1.0,tp,0.4253174504731053,tp
2024-10-29 03:00:00+00:00,bullish,70399.4,70870.2,66.37763913855738,470.8000000000029,474.4793799099586,bullish,IMBALANCE,70927.5,True,1.0,tp,0.9922454377034206,tp
2024-10-29 16:00:00+00:00,bullish,71979.5,72328.6,48.006116620073165,349.1000000000058,493.69138362403436,bullish,IMBALANCE,72719.9,True,1.0,tp,0.7071219218722771,tp
2024-11-01 02:00:00+00:00,bearish,69621.2,70160.9,77.55123741426861,539.6999999999971,551.2939567993302,bearish,BALANCE,69592.7,True,-1.0,sl,-1.0,sl
2024-11-01 07:00:00+00:00,bearish,69444.0,69549.3,15.19458593671129,105.30000000000291,483.2727881275179,bearish,IMBALANCE,69301.0,True,-1.0,sl,-1.0,sl
2024-11-01 16:00:00+00:00,bearish,70543.3,70913.0,52.86639687692112,369.6999999999971,692.4195054350714,bearish,BALANCE,69931.0,True,1.0,tp,0.5339248780516398,tp
2024-11-03 03:00:00+00:00,bearish,68445.2,68991.2,79.86250777050499,546.0,355.2331100469782,bearish,IMBALANCE,68367.5,True,1.0,tp,-1.0,sl
2024-11-03 14:00:00+00:00,bearish,68180.0,68267.6,12.926454963995665,87.60000000000582,373.25663777409017,bearish,IMBALANCE,67768.0,True,-1.0,sl,-1.0,both_sl_first
2024-11-04 08:00:00+00:00,bearish,68748.0,68808.1,8.749899907551821,60.10000000000582,446.1292224419502,bearish,BALANCE,68686.5,True,-1.0,both_sl_first,0.13471433158097298,tp
2024-11-04 17:00:00+00:00,bearish,67921.9,68209.1,42.35169900801049,287.20000000001164,516.950487962161,bearish,BALANCE,67813.1,True,1.0,tp,0.5555657779377707,tp
2024-11-05 15:00:00+00:00,bullish,68946.0,69180.0,33.61330052445368,234.0,519.3543205132999,bullish,BALANCE,69615.3,True,1.0,tp,0.4505594557656256,tp
2024-11-06 01:00:00+00:00,bullish,69875.1,70570.2,97.77815289177603,695.0999999999913,755.4847183927712,bullish,BALANCE,71089.5,True,1.0,tp,0.9200715554892371,tp
2024-11-06 03:00:00+00:00,bullish,71385.2,73052.4,224.18515714610317,1667.199999999997,999.2679459611153,bullish,BALANCE,74367.1,True,0.0,time,-1.0,sl
2024-11-06 04:00:00+00:00,bullish,73344.0,73914.6,76.82127408069677,570.6000000000058,1004.7059498210352,bullish,IMBALANCE,74276.3,True,1.0,tp,0.5679273623308871,tp
2024-11-06 19:00:00+00:00,bullish,74677.5,75046.1,48.61648766320432,368.6000000000058,897.4521758201414,bullish,IMBALANCE,75817.9,True,-1.0,sl,0.41071826436117054,tp
2024-11-06 20:00:00+00:00,bullish,75250.0,75500.0,32.849525521453366,250.0,899.0627346901313,bullish,IMBALANCE,76104.6,True,-1.0,sl,-1.0,sl
2024-11-07 16:00:00+00:00,bullish,75033.0,75577.8,71.76674227993809,544.8000000000029,610.1412814902225,bullish,BALANCE,75912.6,True,1.0,tp,0.8929079485809678,tp
2024-11-10 05:00:00+00:00,bullish,77440.0,78916.3,186.42340577870925,1476.300000000003,584.8330266038862,bullish,IMBALANCE,79190.7,True,1.0,tp,2.524310243853457,tp
2024-11-10 18:00:00+00:00,bullish,79850.0,80425.4,71.36142316058853,575.3999999999942,607.3257686401142,bullish,IMBALANCE,80631.8,True,-1.0,sl,-1.0,sl
2024-11-11 02:00:00+00:00,bullish,80872.3,81062.1,23.294717450296574,189.8000000000029,832.1118990403874,bullish,IMBALANCE,81477.7,True,-1.0,sl,0.22809432267328955,tp
2024-11-11 10:00:00+00:00,bullish,81412.1,81683.0,33.03255700524255,270.8999999999942,765.3374694801879,bullish,IMBALANCE,82010.0,True,1.0,tp,0.35396150169413115,tp
2024-11-11 15:00:00+00:00,bullish,82245.4,82355.0,13.029904582104546,109.60000000000582,866.8275699033654,bullish,IMBALANCE,84114.2,True,1.0,tp,0.12643806427640922,tp
2024-11-11 16:00:00+00:00,bullish,82689.3,83897.2,143.34863065802162,1207.8999999999942,880.9327434816967,bullish,IMBALANCE,84263.1,True,1.0,tp,1.3711602945146892,tp
2024-11-11 19:00:00+00:00,bullish,84899.9,85473.6,66.56919738689638,573.7000000000116,966.4714422118378,bullish,IMBALANCE,86181.0,True,1.0,tp,0.5936026404329721,tp
2024-11-12 07:00:00+00:00,bullish,88879.9,89070.0,21.336679559214712,190.10000000000582,1228.8672783391141,bullish,IMBALANCE,89095.4,True,-1.0,both_sl_first,0.15469530627989211,tp
2024-11-12 19:00:00+00:00,bullish,87938.4,88658.1,81.08126377266282,719.7000000000116,1423.8466123347723,bullish,BALANCE,88762.8,True,1.0,tp,0.5054617497174587,tp
2024-11-13 08:00:00+00:00,bullish,87000.0,87152.1,17.425155463090498,152.10000000000582,1195.4931302153927,bullish,BALANCE,87287.6,True,1.0,tp,0.12722783272924604,tp
2024-11-13 14:00:00+00:00,bullish,88072.6,88691.6,67.60372639603334,619.0,1256.759831530367,bullish,BALANCE,91563.0,True,-1.0,sl,0.49253642937190384,tp
2024-11-13 15:00:00+00:00,bullish,89775.0,90505.3,78.85919266241321,730.3000000000029,1331.4698435639118,bullish,IMBALANCE,92608.1,True,-1.0,sl,0.5484915813378286,tp
2024-11-15 21:00:00+00:00,bullish,90898.0,91111.0,23.220928052189308,213.0,1062.6148459460653,bullish,BALANCE,91727.6,True,-1.0,sl,-1.0,sl
2024-11-18 07:00:00+00:00,bullish,90885.0,91500.0,66.99645626874403,615.0,676.4341559468209,bullish,BALANCE,91795.9,True,-1.0,sl,-1.0,sl
2024-11-18 16:00:00+00:00,bullish,91110.9,91173.9,6.885087883228909,63.0,978.1672230476339,bullish,BALANCE,91502.1,True,-1.0,both_sl_first,0.06440616544450672,tp
2024-11-18 21:00:00+00:00,bullish,90692.7,91220.1,57.73297895165588,527.4000000000087,1062.7087626194166,bullish,BALANCE,91351.6,True,-1.0,sl,-1.0,sl
2024-11-21 04:00:00+00:00,bullish,94750.0,95790.1,106.5772323734113,1040.1000000000058,900.3337212123495,bullish,IMBALANCE,97591.2,True,0.0,time,-1.0,sl
2024-11-21 05:00:00+00:00,bullish,95991.4,96720.1,74.8590037290829,728.7000000000116,920.2955982686093,bullish,IMBALANCE,97343.0,True,-1.0,sl,0.7918108066266364,tp
2024-11-21 18:00:00+00:00,bullish,97500.0,97680.0,18.31313631789977,180.0,921.3778071888466,bullish,IMBALANCE,98290.1,True,1.0,tp,0.19535960015054496,tp
2024-11-25 15:00:00+00:00,bearish,96551.9,97275.5,75.34329303085012,723.6000000000058,801.0189100642309,bearish,BALANCE,96040.4,True,1.0,tp,0.9033494601793892,tp
2024-11-25 22:00:00+00:00,bearish,94490.0,94557.5,7.144444797256533,67.5,963.11346369614,bearish,BALANCE,94479.0,True,1.0,tp,0.07008520028466383,tp
2024-11-26 08:00:00+00:00,bearish,93842.2,94497.0,70.24123164588495,654.8000000000029,931.7939431281993,bearish,IMBALANCE,93221.6,True,1.0,tp,0.7027304747246177,tp
2024-11-26 11:00:00+00:00,bearish,92771.9,93134.7,39.25557238692955,362.8000000000029,973.9981753107344,bearish,IMBALANCE,92420.0,True,-1.0,sl,0.37248529740239134,tp
2024-11-26 19:00:00+00:00,bearish,92748.5,93490.7,80.88491717523944,742.1999999999971,1117.9150339976572,bearish,BALANCE,91760.0,True,-1.0,sl,0.6639144992494566,tp
2024-11-29 03:00:00+00:00,bullish,96047.3,96486.0,45.39227534600328,438.6999999999971,607.4742465948732,bullish,BALANCE,96646.4,True,-1.0,sl,-1.0,sl
2024-11-29 15:00:00+00:00,bullish,97328.9,97750.0,42.936002822295904,421.1000000000058,652.8123378823065,bullish,IMBALANCE,98076.2,True,-1.0,sl,0.6450552104545609,tp
2024-12-01 09:00:00+00:00,bullish,96565.0,96909.4,35.47333834601895,344.3999999999942,405.76265652721116,bullish,BALANCE,97087.0,True,1.0,tp,-1.0,sl
2024-12-01 22:00:00+00:00,bullish,97278.1,97455.7,18.188242161696266,177.59999999999127,441.26622958511444,bullish,BALANCE,97645.5,True,-1.0,sl,0.40247811432787844,tp
2024-12-02 09:00:00+00:00,bearish,95600.0,95788.4,19.718374720289432,188.39999999999418,612.191681902805,bearish,BALANCE,95545.4,True,1.0,tp,0.30774674921163575,tp
2024-12-02 18:00:00+00:00,bearish,95896.3,96033.3,14.316347387736846,137.0,926.493388005399,bearish,BALANCE,95694.8,True,1.0,tp,0.14786937691475605,tp
2024-12-03 11:00:00+00:00,bearish,95088.0,95209.9,12.825395756571481,121.89999999999418,632.4369582247417,bearish,BALANCE,95045.8,True,1.0,tp,0.19274648392176233,tp
2024-12-04 19:00:00+00:00,bullish,95635.5,96110.9,48.867535468537724,475.3999999999942,738.1599693825963,bullish,BALANCE,97283.4,True,1.0,tp,0.6440338405205327,tp
2024-12-04 20:00:00+00:00,bullish,96304.7,97189.3,89.53124130218117,884.6000000000058,821.9056858552674,bullish,BALANCE,98803.5,True,1.0,tp,-1.0,sl
2024-12-04 21:00:00+00:00,bullish,97310.3,97500.2,19.420652979827082,189.89999999999418,868.1909940084632,bullish,BALANCE,97782.5,True,1.0,tp,0.2187306725254328,tp
2024-12-05 03:00:00+00:00,bullish,98720.0,101535.8,273.15375302663466,2815.800000000003,1240.5575095728327,bullish,BALANCE,103084.8,True,-1.0,sl,-1.0,sl
2024-12-05 04:00:00+00:00,bullish,102543.2,102611.6,6.611301846525851,68.40000000000873,1229.4534017462013,bullish,IMBALANCE,103459.2,True,-1.0,sl,-1.0,both_sl_first
2024-12-06 18:00:00+00:00,bullish,99573.1,100668.6,107.98806069017728,1095.5,1203.4400966926364,bullish,BALANCE,101446.4,True,-1.0,sl,-1.0,sl
2024-12-09 16:00:00+00:00,bearish,98448.5,98918.6,48.025940750639606,470.1000000000058,937.4219394547426,bearish,BALANCE,97884.6,True,1.0,tp,0.5014817556685773,tp
2024-12-10 03:00:00+00:00,bearish,96985.3,97495.4,52.61040863054016,510.09999999999127,1190.94495285352,bearish,BALANCE,96958.0,True,1.0,tp,0.4283153463791802,tp
2024-12-10 16:00:00+00:00,bearish,96566.8,97145.0,60.0053965420616,578.1999999999971,1120.4194640438757,bearish,BALANCE,96358.0,True,1.0,tp,0.5160567256776544,tp
2024-12-11 15:00:00+00:00,bullish,98868.7,99382.0,51.14959537710524,513.3000000000029,872.6876369925134,bullish,BALANCE,100352.7,True,1.0,tp,0.5881829628857284,tp
2024-12-11 16:00:00+00:00,bullish,99546.9,100287.0,73.59163157449954,740.1000000000058,867.0456629216194,bullish,BALANCE,100568.5,True,1.0,tp,-1.0,sl
2024-12-11 20:00:00+00:00,bullish,100769.0,101001.0,22.913806556114135,232.0,891.9838655431171,bullish,BALANCE,101249.0,True,1.0,tp,0.2600943906745855,tp
2024-12-14 02:00:00+00:00,bullish,101477.3,101632.5,15.216506772423719,155.1999999999971,693.316204954095,bullish,BALANCE,101994.5,True,-1.0,sl,0.22385168396615243,tp
2024-12-16 00:00:00+00:00,bullish,103379.9,104321.5,89.30603821114825,941.6000000000058,750.8427842047879,bullish,IMBALANCE,105435.2,True,-1.0,sl,-1.0,sl
2024-12-16 15:00:00+00:00,bullish,104096.5,105214.2,105.16441289710664,1117.699999999997,833.71101426978,bullish,IMBALANCE,106281.2,True,0.0,time,1.3406324024385785,tp
2024-12-16 16:00:00+00:00,bullish,105985.6,106091.3,9.899868032979306,105.69999999999709,851.210227536224,bullish,IMBALANCE,106769.1,True,1.0,tp,0.12417613954890902,tp
2024-12-18 20:00:00+00:00,bearish,102954.8,104110.7,114.63156548101267,1155.8999999999942,1064.985305523194,bearish,BALANCE,100836.1,True,1.0,tp,1.0853670881704198,tp
2024-12-18 21:00:00+00:00,bearish,101726.5,102777.1,104.03803438820523,1050.6000000000058,1079.5792122715375,bearish,BALANCE,100982.3,True,1.0,tp,0.973156937497384,tp
2024-12-19 15:00:00+00:00,bearish,101040.1,101636.0,59.21628601893393,595.8999999999942,965.7674392063155,bearish,BALANCE,100631.1,True,1.0,tp,0.6170222517438695,tp
2024-12-19 18:00:00+00:00,bearish,98918.9,99842.4,93.39263538139792,923.5,1222.899476653162,bearish,BALANCE,98883.6,True,1.0,tp,0.7551724549980467,tp
2024-12-20 09:00:00+00:00,bearish,95720.1,97257.8,162.18411171581624,1537.699999999997,1315.2009314502188,bearish,IMBALANCE,94812.0,True,1.0,tp,1.1691749627218062,tp
2024-12-21 13:00:00+00:00,bearish,97469.8,97757.8,29.599147380115742,288.0,903.603846361934,bearish,BALANCE,97300.1,True,1.0,tp,0.3187237428874813,tp
2024-12-22 15:00:00+00:00,bearish,95625.2,96802.6,123.49356520279929,1177.4000000000087,730.4920993273284,bearish,BALANCE,95341.0,True,1.0,tp,-1.0,sl
2024-12-23 14:00:00+00:00,bearish,95580.0,95818.2,25.238397965670387,238.1999999999971,943.5522287177463,bearish,BALANCE,94380.0,True,1.0,tp,0.25245025420977785,tp
2024-12-24 22:00:00+00:00,bullish,98030.9,98305.3,27.794265710750096,274.40000000000873,896.7620226170166,bullish,BALANCE,98725.4,True,-1.0,sl,-1.0,sl
2024-12-27 15:00:00+00:00,bearish,95688.9,96220.1,56.18791642470657,531.2000000000116,870.108001823793,bearish,BALANCE,94539.9,True,0.0,time,0.6104989252904057,tp
2024-12-27 16:00:00+00:00,bearish,94979.9,95150.0,18.067605346567245,170.10000000000582,873.6574302649498,bearish,BALANCE,94146.4,True,-1.0,sl,0.19469873901080398,tp
2024-12-29 17:00:00+00:00,bearish,94071.6,94341.7,28.763969321271627,270.09999999999127,423.0980474280317,bearish,BALANCE,93902.2,True,1.0,tp,0.6383863070082628,tp
2024-12-30 05:00:00+00:00,bearish,93540.0,93615.0,8.017960230917256,75.0,524.9362852398898,bearish,IMBALANCE,93540.0,True,-1.0,sl,0.14287448231117342,tp
2024-12-30 14:00:00+00:00,bearish,93095.0,93674.8,63.12795878282185,579.8000000000029,609.2420552109961,bearish,BALANCE,91845.2,True,-1.0,sl,-1.0,sl
2024-12-30 15:00:00+00:00,bearish,92441.6,92569.0,13.83556957695022,127.39999999999418,632.2676226959254,bearish,BALANCE,92081.5,True,-1.0,sl,0.20149695386389146,tp
2024-12-30 22:00:00+00:00,bearish,93000.0,94273.8,137.31027940669227,1273.800000000003,898.5434197945351,bearish,BALANCE,92768.0,True,-1.0,sl,-1.0,sl
2024-12-31 14:00:00+00:00,bullish,94926.3,95346.5,43.92365103589542,420.1999999999971,762.7332148002832,bullish,BALANCE,95666.0,True,-1.0,sl,-1.0,sl
2025-01-02 05:00:00+00:00,bullish,95289.5,95380.0,9.468557588185751,90.5,582.8408964219662,bullish,BALANCE,95579.5,True,1.0,tp,0.15527393591557268,tp
2025-01-02 10:00:00+00:00,bullish,96204.2,96515.0,32.142668772280665,310.8000000000029,553.4833976453281,bullish,IMBALANCE,96693.9,True,-1.0,both_sl_first,-1.0,both_sl_first
2025-01-06 05:00:00+00:00,bullish,99220.2,99354.2,13.459220570510245,134.0,473.3613392714423,bullish,BALANCE,99560.0,True,-1.0,sl,0.2830818423114996,tp
2025-01-06 12:00:00+00:00,bullish,99031.7,99101.7,7.062161142375186,70.0,483.79109409565655,bullish,BALANCE,99119.8,True,-1.0,both_sl_first,0.14469055105458464,tp
2025-01-06 15:00:00+00:00,bullish,99533.6,100413.1,86.13724174742543,879.5,744.806717830961,bullish,BALANCE,102104.5,True,-1.0,sl,-1.0,sl
2025-01-06 16:00:00+00:00,bullish,101250.0,101700.0,44.06727211834315,450.0,744.7490951287494,bullish,IMBALANCE,102116.6,True,-1.0,sl,-1.0,sl
2025-01-08 07:00:00+00:00,bearish,95798.0,96069.2,28.359775966135285,271.1999999999971,721.5054370840079,bearish,IMBALANCE,95628.4,True,-1.0,sl,0.375880743319222,tp
2025-01-08 12:00:00+00:00,bearish,95335.1,95400.9,6.937298628564418,65.79999999998836,744.316623749095,bearish,IMBALANCE,94849.6,True,-1.0,sl,-1.0,sl
2025-01-09 08:00:00+00:00,bearish,93364.4,94000.0,68.35371434040772,635.6000000000058,815.4338386515834,bearish,BALANCE,92986.9,True,1.0,tp,-1.0,sl
2025-01-09 14:00:00+00:00,bearish,92861.2,93109.3,26.73177396189519,248.10000000000582,855.7767738553883,bearish,BALANCE,92810.9,True,-1.0,sl,-1.0,sl
2025-01-09 18:00:00+00:00,bearish,93210.9,93800.0,63.35300994011047,589.1000000000058,990.6858740650697,bearish,BALANCE,92986.9,True,1.0,tp,0.5946385382308542,tp
2025-01-13 00:00:00+00:00,bullish,94326.3,94402.4,7.987430031266566,76.09999999999127,493.9100497934579,bullish,BALANCE,95274.7,True,-1.0,sl,-1.0,both_sl_first
2025-01-13 11:00:00+00:00,bearish,91757.1,92595.6,92.31785527510941,838.5,684.2513281309749,bearish,BALANCE,90827.5,True,1.0,tp,-1.0,sl
2025-01-14 09:00:00+00:00,bullish,95133.1,95414.0,28.920004118191514,280.8999999999942,832.1723853212396,bullish,BALANCE,97130.0,True,0.0,time,-1.0,sl
2025-01-14 10:00:00+00:00,bullish,95797.9,96541.3,76.91814229339074,743.4000000000087,816.567214941151,bullish,BALANCE,96648.2,True,-1.0,sl,-1.0,sl
2025-01-15 14:00:00+00:00,bullish,97166.9,98572.0,141.38318253533885,1405.1000000000058,743.3345589298176,bullish,IMBALANCE,99382.4,True,0.0,time,-1.0,sl
2025-01-16 20:00:00+00:00,bullish,100016.4,100220.4,20.33788808977383,204.0,831.1700415259975,bullish,BALANCE,100305.4,True,-1.0,sl,-1.0,sl
2025-01-17 02:00:00+00:00,bullish,100409.0,100725.8,31.34839666012944,316.8000000000029,884.5393851584016,bullish,BALANCE,101057.8,True,1.0,tp,0.3581525088826525,tp
2025-01-17 15:00:00+00:00,bullish,102943.2,103221.0,26.725363697759313,277.8000000000029,758.3477826032631,bullish,IMBALANCE,103946.2,True,1.0,tp,0.3663226904236065,tp
2025-01-19 20:00:00+00:00,bullish,105272.0,105500.0,21.45050578034682,228.0,817.4525527447129,bullish,IMBALANCE,106291.2,True,-1.0,sl,-1.0,sl
2025-01-20 07:00:00+00:00,bullish,102822.0,106946.2,384.79624701899974,4124.199999999997,1831.9311517228266,bullish,BALANCE,107178.8,True,-1.0,sl,-1.0,sl
2025-01-27 00:00:00+00:00,bearish,103216.5,104239.0,100.56987959154367,1022.5,528.1604702515458,bearish,BALANCE,101670.6,True,1.0,tp,1.9359646501242587,tp
2025-01-27 01:00:00+00:00,bearish,102020.0,102450.3,42.50124204768504,430.3000000000029,556.1490080907212,bearish,BALANCE,101244.1,True,1.0,tp,0.7737135079629744,tp
2025-01-27 07:00:00+00:00,bearish,99357.8,99656.0,30.122337905557792,298.1999999999971,829.6878391568051,bearish,IMBALANCE,98996.3,True,1.0,tp,0.359412282459211,tp
2025-01-27 17:00:00+00:00,bearish,100019.4,100800.0,78.75302663438315,780.6000000000058,1137.1363925212693,bearish,IMBALANCE,99120.0,True,-1.0,sl,-1.0,sl
2025-01-28 21:00:00+00:00,bearish,101489.0,101778.0,28.813932782777844,289.0,932.8901481468087,bearish,BALANCE,100298.7,True,-1.0,sl,-1.0,sl
2025-02-01 23:00:00+00:00,bearish,100845.5,100949.4,10.327662230774463,103.89999999999418,550.0892163833485,bearish,IMBALANCE,100603.6,True,-1.0,sl,-1.0,both_sl_first
2025-02-02 03:00:00+00:00,bearish,100725.7,101119.0,39.66285064259293,393.3000000000029,646.430115293753,bearish,IMBALANCE,99160.8,True,1.0,tp,-1.0,sl
2025-02-02 04:00:00+00:00,bearish,99826.8,100368.9,54.487833462826075,542.0999999999913,660.0993927727708,bearish,IMBALANCE,99490.1,True,-1.0,sl,-1.0,sl
2025-02-02 12:00:00+00:00,bearish,99115.7,99200.0,8.591135334331003,84.30000000000291,691.3150382279264,bearish,IMBALANCE,98124.4,True,-1.0,sl,-1.0,sl
2025-02-02 17:00:00+00:00,bearish,98588.8,98670.0,8.353625854265966,81.19999999999709,800.5038793150959,bearish,IMBALANCE,97203.3,True,1.0,tp,0.1014361105526082,tp
2025-02-02 18:00:00+00:00,bearish,97893.4,98046.9,15.816507900526014,153.5,824.9893165068739,bearish,IMBALANCE,97050.5,True,-1.0,sl,-1.0,both_sl_first
2025-02-03 02:00:00+00:00,bearish,94983.2,95325.6,36.60501330459762,342.40000000000873,1602.84980328418,bearish,IMBALANCE,93539.1,True,-1.0,sl,0.2136195165002017,tp
2025-02-07 21:00:00+00:00,bearish,96107.2,96817.0,73.96361840274876,709.8000000000029,913.8718772486548,bearish,BALANCE,95966.1,True,-1.0,sl,0.0,time
2025-02-10 02:00:00+00:00,bearish,96030.6,96414.0,40.03575441395698,383.3999999999942,705.1692534070108,bearish,BALANCE,95764.4,True,-1.0,sl,-1.0,sl
2025-02-11 19:00:00+00:00,bearish,95622.0,95915.9,30.940750410577564,293.8999999999942,577.3461917661916,bearish,BALANCE,94988.0,True,-1.0,sl,-1.0,sl
2025-02-12 14:00:00+00:00,bearish,95635.4,95895.7,27.23290463043106,260.3000000000029,699.8503162100443,bearish,BALANCE,95582.9,True,-1.0,both_sl_first,0.37193667555889454,tp
2025-02-14 18:00:00+00:00,bullish,97714.1,98130.0,42.37465142035004,415.8999999999942,678.1052187246368,bullish,BALANCE,98148.3,True,-1.0,sl,-1.0,sl
2025-02-17 00:00:00+00:00,bearish,96396.4,96522.0,13.046151800701939,125.60000000000582,359.8968785762987,bearish,BALANCE,96273.6,True,1.0,tp,0.34898885618808806,tp
2025-02-17 16:00:00+00:00,bearish,95900.0,96350.0,47.222082304941324,450.0,465.92089689126226,bearish,BALANCE,95294.4,True,-1.0,sl,-1.0,sl
2025-02-18 06:00:00+00:00,bearish,95613.8,95930.0,33.17118408118832,316.1999999999971,468.4671047070754,bearish,BALANCE,95323.7,True,-1.0,sl,0.6749673495169165,tp
2025-02-18 15:00:00+00:00,bearish,95700.0,96066.6,38.38679142548458,366.6000000000058,532.874723983564,bearish,BALANCE,95501.6,True,1.0,tp,0.6879665773213006,tp
2025-02-18 17:00:00+00:00,bearish,94836.8,95115.1,29.582905481394857,278.3000000000029,583.2317773123592,bearish,BALANCE,94074.6,True,-1.0,sl,0.47716878748009656,tp
2025-02-18 18:00:00+00:00,bearish,94313.6,94560.2,26.264749957662335,246.59999999999127,595.4080789329057,bearish,BALANCE,93890.1,True,-1.0,sl,0.41416972447191347,tp
2025-02-19 05:00:00+00:00,bearish,95308.0,95533.0,23.622766467430502,225.0,576.1689063489805,bearish,BALANCE,95247.1,True,-1.0,sl,-1.0,sl
2025-02-20 17:00:00+00:00,bullish,97275.0,97495.3,22.49901445533623,220.3000000000029,494.94878418193156,bullish,BALANCE,97915.4,True,1.0,tp,0.4450965575440712,tp
2025-02-24 04:00:00+00:00,bearish,95545.6,95708.0,17.04797156431874,162.39999999999418,360.922702767889,bearish,BALANCE,95260.6,True,-1.0,sl,-1.0,sl
2025-02-24 15:00:00+00:00,bearish,94935.1,95300.0,38.697334666724025,364.8999999999942,531.44351542643,bearish,BALANCE,94295.9,True,1.0,tp,-1.0,sl
2025-02-24 23:00:00+00:00,bearish,92828.6,93571.4,81.16746526506601,742.7999999999884,765.4029021898913,bearish,IMBALANCE,91514.5,True,1.0,tp,-1.0,sl
2025-02-25 00:00:00+00:00,bearish,92142.7,92300.0,17.130336486419107,157.3000000000029,803.0669806048988,bearish,IMBALANCE,91825.4,True,-1.0,both_sl_first,0.19587407252321495,tp
2025-02-25 07:00:00+00:00,bearish,91400.6,91676.1,30.86388634023766,275.5,961.9112344527048,bearish,IMBALANCE,89262.9,True,1.0,tp,0.28640896387570414,tp
2025-02-25 08:00:00+00:00,bearish,89952.0,91176.0,136.96836635009518,1224.0,965.2318605632255,bearish,IMBALANCE,89363.7,True,1.0,tp,1.268089098598312,tp
2025-02-25 10:00:00+00:00,bearish,88852.0,88943.6,10.389669311344795,91.60000000000582,1066.7999205876788,bearish,IMBALANCE,88164.5,True,-1.0,sl,-1.0,both_sl_first
2025-02-25 15:00:00+00:00,bearish,87745.0,88694.1,108.83313132332485,949.1000000000058,1189.9985534575637,bearish,IMBALANCE,87206.9,True,-1.0,sl,0.7975639947144255,tp
2025-02-26 12:00:00+00:00,bearish,88641.0,88851.6,23.959044368601344,210.60000000000582,863.1192354693306,bearish,BALANCE,87900.0,True,1.0,tp,0.2439987331362033,tp
2025-02-26 13:00:00+00:00,bearish,88046.0,88480.2,49.82214572575985,434.1999999999971,876.1821472215213,bearish,BALANCE,87150.0,True,1.0,tp,0.4955590585552289,tp
2025-02-26 17:00:00+00:00,bearish,87276.9,87387.0,12.800837111964402,110.10000000000582,1078.7636741668534,bearish,IMBALANCE,86010.0,True,1.0,tp,0.10206127869946842,tp
2025-02-26 19:00:00+00:00,bearish,85027.0,85629.0,71.81028724114897,602.0,1236.492657827542,bearish,IMBALANCE,83832.0,True,-1.0,sl,0.4868609580405289,tp
2025-02-28 02:00:00+00:00,bearish,82854.5,84200.0,166.5800029713267,1345.5,1306.8230943699018,bearish,IMBALANCE,80772.0,True,-1.0,sl,1.0295961295731055,tp
2025-03-02 16:00:00+00:00,bullish,85871.5,87236.0,149.67301191022034,1364.5,1041.4553371046898,bullish,BALANCE,91165.4,True,0.0,time,1.3101858057527362,tp
2025-03-02 17:00:00+00:00,bullish,88644.0,90601.3,208.13505756599093,1957.300000000003,1279.187098740069,bullish,BALANCE,94039.9,True,0.0,time,-1.0,sl
2025-03-02 18:00:00+00:00,bullish,91943.9,92306.3,39.072607773121064,362.40000000000873,1334.8880202586354,bullish,IMBALANCE,92750.4,True,1.0,tp,0.2714834461768524,tp
2025-03-02 21:00:00+00:00,bullish,93500.0,93618.2,12.541766097123043,118.19999999999709,1243.5961299228222,bullish,IMBALANCE,94245.1,True,-1.0,sl,0.09504693457620572,tp
2025-03-04 02:00:00+00:00,bearish,84372.8,85824.0,173.01132942849716,1451.199999999997,1615.5373182585754,bearish,BALANCE,83878.9,True,1.0,tp,0.8982769903231197,tp
2025-03-05 11:00:00+00:00,bullish,88773.3,89518.0,82.9494216820228,744.6999999999971,1138.7140532590886,bullish,BALANCE,89777.6,True,1.0,tp,0.6539833225633858,tp
2025-03-06 02:00:00+00:00,bullish,90774.4,90936.0,17.60808926080956,161.60000000000582,1133.7282713376155,bullish,IMBALANCE,91776.0,True,1.0,tp,0.14253856420934405,tp
2025-03-09 14:00:00+00:00,bearish,83782.4,84142.6,43.105253647253946,360.20000000001164,601.1507770862223,bearish,IMBALANCE,83562.9,True,1.0,tp,0.5991841210717563,tp
2025-03-09 22:00:00+00:00,bearish,82044.9,82565.7,64.8412832797143,520.8000000000029,886.0723075430873,bearish,IMBALANCE,80319.2,True,-1.0,sl,-1.0,sl
2025-03-09 23:00:00+00:00,bearish,81024.3,81471.3,55.39802302178245,447.0,900.7028570042959,bearish,IMBALANCE,80688.8,True,-1.0,sl,0.4962790964011245,tp
2025-03-10 14:00:00+00:00,bearish,81505.0,82586.1,135.4529360247684,1081.1000000000058,1221.4096561210793,bearish,BALANCE,79813.7,True,1.0,tp,-1.0,sl
2025-03-10 15:00:00+00:00,bearish,81092.4,81383.2,36.34559309683737,290.8000000000029,1245.5089663981441,bearish,BALANCE,80009.7,True,1.0,tp,0.23347884908525304,tp
2025-03-10 17:00:00+00:00,bearish,79301.4,79533.6,29.609604631443517,232.20000000001164,1240.9618128637055,bearish,BALANCE,78420.5,True,-1.0,sl,0.18711292933678172,tp
2025-03-14 16:00:00+00:00,bullish,83561.6,83908.3,40.9141546217532,346.6999999999971,756.5895018666945,bullish,BALANCE,84738.4,True,0.0,time,-1.0,sl
2025-03-16 20:00:00+00:00,bearish,83424.4,83586.4,19.476186754990774,162.0,606.3521759065518,bearish,BALANCE,83178.5,True,1.0,tp,0.2671714664135513,tp
2025-03-17 18:00:00+00:00,bullish,83850.0,83951.2,11.981719589874391,101.19999999999709,688.1043780184948,bullish,BALANCE,84462.0,True,-1.0,sl,0.14707071082939166,tp
2025-03-18 14:00:00+00:00,bearish,81935.2,82284.8,42.73347561527231,349.6000000000058,616.4675592606898,bearish,BALANCE,81809.4,True,1.0,tp,0.5671020230476806,tp
2025-03-19 19:00:00+00:00,bullish,84666.0,84877.6,24.782595965216036,211.60000000000582,698.9455618499949,bullish,BALANCE,85382.5,True,1.0,tp,0.3027417463528002,tp
2025-03-19 23:00:00+00:00,bullish,85894.3,86110.0,24.84742506030392,215.6999999999971,714.560685443506,bullish,IMBALANCE,86809.8,True,-1.0,sl,-1.0,both_sl_first
2025-03-24 00:00:00+00:00,bullish,85662.9,85827.4,19.129063617800146,164.5,368.0547589637831,bullish,IMBALANCE,85994.8,True,-1.0,sl,-1.0,sl
2025-03-24 04:00:00+00:00,bullish,85926.5,86502.5,66.36334623347686,576.0,409.151732891623,bullish,IMBALANCE,86794.9,True,1.0,tp,1.407790689114768,tp
2025-03-25 10:00:00+00:00,bullish,86727.1,86902.0,20.083664711886588,174.89999999999418,509.75682994575226,bullish,BALANCE,87085.7,True,1.0,tp,0.3431047702070181,tp
2025-03-26 07:00:00+00:00,bullish,87600.0,87712.0,12.711859597510745,112.0,511.8374772749782,bullish,BALANCE,88106.7,True,-1.0,sl,0.2188194592476642,tp
2025-03-27 01:00:00+00:00,bullish,86919.2,87130.0,24.13699922596753,210.8000000000029,548.0222693758167,bullish,BALANCE,87334.8,True,-1.0,sl,0.3846559013744108,tp
2025-03-28 05:00:00+00:00,bearish,86248.5,86694.5,51.85606338066653,446.0,487.98688560498306,bearish,BALANCE,86007.3,True,1.0,tp,0.9139589877442437,tp
2025-03-28 08:00:00+00:00,bearish,85409.5,85612.2,23.79666588400999,202.6999999999971,504.3924153331436,bearish,BALANCE,85180.0,True,1.0,tp,0.4018696432342578,tp
2025-03-28 15:00:00+00:00,bearish,84498.0,84850.0,41.89922522142907,352.0,552.554865509478,bearish,IMBALANCE,84011.1,True,1.0,tp,0.6370408116403851,tp
2025-03-29 10:00:00+00:00,bearish,83524.0,83629.0,12.667436364228609,105.0,478.18116081949023,bearish,IMBALANCE,82889.7,True,1.0,tp,0.21958205091153327,tp
2025-03-29 12:00:00+00:00,bearish,82483.0,82755.4,33.05131325583272,272.3999999999942,513.1357968290503,bearish,IMBALANCE,82417.3,True,-1.0,sl,0.5308536291626941,tp
2025-03-30 17:00:00+00:00,bearish,82538.9,82670.8,16.010895663342545,131.90000000000873,437.6357603690666,bearish,BALANCE,82381.4,True,-1.0,sl,-1.0,sl
2025-04-01 07:00:00+00:00,bullish,83292.0,83334.0,5.0350535633793365,42.0,534.9752560187034,bullish,BALANCE,83415.2,True,1.0,tp,0.07850830394019485,tp
2025-04-01 09:00:00+00:00,bullish,83565.0,84062.0,58.945760412169626,497.0,534.241929934494,bullish,BALANCE,84314.8,True,-1.0,sl,-1.0,sl
2025-04-01 15:00:00+00:00,bullish,83869.0,84133.8,31.0632597184133,264.8000000000029,661.7319232002056,bullish,BALANCE,85245.4,True,-1.0,sl,0.4001620455597827,tp
2025-04-01 16:00:00+00:00,bullish,84332.3,84758.1,50.05466279520882,425.8000000000029,664.0653572573334,bullish,BALANCE,85067.0,True,-1.0,sl,0.6412019469869723,tp
2025-04-02 16:00:00+00:00,bullish,85932.8,86534.7,69.17349226725564,601.8999999999942,689.95999440789,bullish,IMBALANCE,87013.1,True,-1.0,both_sl_first,-1.0,sl
2025-04-03 13:00:00+00:00,bearish,82748.0,83008.4,31.62685173152084,260.3999999999942,760.9244936540941,bearish,BALANCE,82335.1,True,1.0,tp,0.34221529490989017,tp
2025-04-04 11:00:00+00:00,bearish,82734.6,84090.1,164.03719063771803,1355.5,774.3870014394978,bearish,BALANCE,82633.7,True,-1.0,sl,-1.0,sl
2025-04-06 17:00:00+00:00,bearish,81950.0,82350.0,49.52585187560592,400.0,484.4682348269701,bearish,BALANCE,80765.9,True,1.0,tp,0.8256475270104369,tp
2025-04-06 18:00:00+00:00,bearish,80765.9,81877.6,140.60298533135503,1111.7000000000116,602.0705037679005,bearish,BALANCE,79066.6,True,1.0,tp,-1.0,sl
2025-04-06 19:00:00+00:00,bearish,79810.2,80507.1,87.58039827780024,696.9000000000087,632.0797534987645,bearish,IMBALANCE,79572.6,True,1.0,tp,1.102550740064751,tp
2025-04-07 04:00:00+00:00,bearish,77950.0,78360.3,53.31347883768078,410.3000000000029,901.2053903995818,bearish,IMBALANCE,76959.9,True,1.0,tp,0.4552791232396876,tp
2025-04-07 07:00:00+00:00,bearish,75456.2,76625.1,155.67876554423756,1168.9000000000087,1029.0640461763408,bearish,IMBALANCE,75084.1,True,-1.0,sl,-1.0,sl
2025-04-08 15:00:00+00:00,bearish,78815.0,79333.0,66.02090237063472,518.0,967.6837745110599,bearish,BALANCE,78460.0,True,1.0,tp,0.5352988379512021,tp
2025-04-08 17:00:00+00:00,bearish,77530.0,78136.0,78.38105610065887,606.0,983.8028463896383,bearish,BALANCE,77314.6,True,1.0,tp,0.6159770753092482,tp
2025-04-09 21:00:00+00:00,bullish,82550.0,82800.0,30.03472013647777,250.0,1208.5181026678706,bullish,BALANCE,83237.0,True,-1.0,sl,-1.0,sl
2025-04-11 02:00:00+00:00,bullish,79711.6,80108.8,49.492798498767925,397.1999999999971,851.6943758432607,bullish,BALANCE,80254.1,True,1.0,tp,0.4663644744709394,tp
2025-04-11 18:00:00+00:00,bullish,82979.5,83466.0,58.220173978394506,486.5,927.2015711756728,bullish,BALANCE,83562.1,True,1.0,tp,0.5246971264113909,tp
2025-04-16 18:00:00+00:00,bearish,84450.0,84651.1,23.943212557626328,201.10000000000582,736.8661131381344,bearish,BALANCE,83990.4,True,-1.0,sl,0.2729125365035022,tp
2025-04-20 11:00:00+00:00,bearish,84222.0,84404.6,21.716223898312627,182.60000000000582,254.07953163583502,bearish,BALANCE,84084.6,True,-1.0,sl,-1.0,sl
2025-04-21 00:00:00+00:00,bullish,84997.8,85100.0,11.801385681292967,102.19999999999709,425.45374865349237,bullish,BALANCE,86600.0,True,1.0,tp,0.2402141250922011,tp
2025-04-21 01:00:00+00:00,bullish,85266.5,86599.9,152.82714166023806,1333.3999999999942,453.52133803538635,bullish,BALANCE,87248.9,True,0.0,time,-1.0,sl
2025-04-21 02:00:00+00:00,bullish,86997.0,87098.0,11.567870183299203,101.0,458.5412424614304,bullish,BALANCE,87310.8,True,1.0,tp,0.2202637203533439,tp
2025-04-21 15:00:00+00:00,bullish,87558.0,87810.9,28.739485484797754,252.89999999999418,543.8755424512648,bullish,IMBALANCE,87997.4,True,-1.0,sl,-1.0,sl
2025-04-21 20:00:00+00:00,bullish,87013.9,87105.9,10.533788270855755,92.0,595.4463138189416,bullish,BALANCE,87338.0,True,-1.0,sl,0.15450595270285603,tp
2025-04-22 02:00:00+00:00,bullish,87698.0,87850.0,17.24482201528436,152.0,652.6207144182715,bullish,BALANCE,88142.4,True,1.0,tp,0.23290710307209458,tp
2025-04-22 13:00:00+00:00,bullish,88649.9,88895.4,27.223149990130914,245.5,602.8923583756177,bullish,IMBALANCE,90180.6,True,1.0,tp,0.40720370160513736,tp
2025-04-22 14:00:00+00:00,bullish,89200.0,89962.0,83.97240151150322,762.0,627.8500470630739,bullish,IMBALANCE,90744.1,True,1.0,tp,1.2136655935035021,tp
2025-04-22 18:00:00+00:00,bullish,90988.0,91094.8,11.6785767008024,106.80000000000291,651.8237685903912,bullish,IMBALANCE,91449.5,True,-1.0,sl,0.16384796803431242,tp
2025-04-22 22:00:00+00:00,bullish,91454.9,92500.0,112.67985272157864,1045.1000000000058,826.1580787877481,bullish,IMBALANCE,92749.5,True,1.0,tp,1.2650121409373871,tp
2025-04-23 05:00:00+00:00,bullish,93178.4,93236.7,6.239191109741583,58.30000000000291,787.0034047374068,bullish,IMBALANCE,93441.6,True,1.0,tp,0.07407845969796717,tp
2025-04-23 17:00:00+00:00,bullish,93188.0,93384.8,20.970995450956632,196.8000000000029,818.3769680735059,bullish,BALANCE,93843.9,True,-1.0,sl,0.2404759758369993,tp
2025-04-25 12:00:00+00:00,bullish,93949.0,94209.0,27.551420487660142,260.0,562.304602940146,bullish,BALANCE,94369.0,True,-1.0,sl,0.4623828413292857,tp
2025-04-25 15:00:00+00:00,bullish,94649.3,94743.0,9.863178659323186,93.69999999999709,656.258131435679,bullish,BALANCE,94999.8,True,-1.0,both_sl_first,0.1427791832384796,tp
2025-04-27 23:00:00+00:00,bearish,93890.6,94118.0,24.26969457966086,227.39999999999418,350.2338999117871,bearish,BALANCE,93697.1,True,1.0,tp,0.6492803810746629,tp
2025-04-28 20:00:00+00:00,bullish,94163.2,94316.1,16.193637351488643,152.90000000000873,589.595645435031,bullish,BALANCE,94419.8,True,1.0,tp,0.2593302735253246,tp
2025-04-29 07:00:00+00:00,bullish,94372.5,94666.0,30.93446320537954,293.5,498.01029432780496,bullish,BALANCE,94878.0,True,1.0,tp,0.589345247162322,tp
2025-04-30 04:00:00+00:00,bullish,94745.0,94824.1,8.324572010705738,79.10000000000582,493.02948280461686,bullish,BALANCE,95019.9,True,-1.0,sl,-1.0,sl
2025-05-02 01:00:00+00:00,bullish,96454.9,96667.1,21.896582502753752,212.20000000001164,524.9569541369581,bullish,IMBALANCE,96910.1,True,-1.0,sl,0.4042236193420358,tp
2025-05-04 23:00:00+00:00,bearish,94980.0,95570.1,62.62323543832081,590.1000000000058,361.0033437886853,bearish,BALANCE,94230.2,True,0.0,time,-1.0,sl
2025-05-05 11:00:00+00:00,bearish,94228.2,94420.9,20.503053646287434,192.6999999999971,409.34796889850725,bearish,IMBALANCE,93986.0,True,-1.0,sl,0.47074864086542817,tp
2025-05-05 20:00:00+00:00,bearish,94320.2,94401.3,8.609488059245786,81.10000000000582,484.15779632767106,bearish,BALANCE,94198.4,True,-1.0,sl,-1.0,sl
2025-05-06 23:00:00+00:00,bullish,94750.1,96053.8,134.6812825352351,1303.699999999997,574.752498811431,bullish,BALANCE,96798.9,True,0.0,time,-1.0,sl
2025-05-07 00:00:00+00:00,bullish,96248.9,96716.1,47.97719440211416,467.20000000001164,588.0416060391851,bullish,BALANCE,97379.6,True,-1.0,sl,-1.0,sl
2025-05-07 01:00:00+00:00,bullish,96879.5,97150.0,27.826756068907482,270.5,585.3243484649577,bullish,BALANCE,97208.6,True,-1.0,sl,-1.0,sl
2025-05-07 08:00:00+00:00,bullish,96613.6,96805.4,19.778864458059978,191.79999999998836,504.94012017442776,bullish,IMBALANCE,96972.2,True,1.0,tp,0.3798470201451421,tp
2025-05-08 01:00:00+00:00,bullish,97363.8,97550.0,19.044852571157083,186.1999999999971,584.5368164427254,bullish,IMBALANCE,97769.2,True,1.0,tp,0.3185428099005689,tp
2025-05-08 03:00:00+00:00,bullish,98350.0,98482.0,13.320161173950206,132.0,624.6766427490836,bullish,IMBALANCE,99097.9,True,1.0,tp,0.2113093254441109,tp
2025-05-08 04:00:00+00:00,bullish,98815.2,98876.4,6.187737158675732,61.19999999999709,615.6211682670067,bullish,IMBALANCE,98905.3,True,-1.0,both_sl_first,0.0994117862650445,tp
2025-05-08 16:00:00+00:00,bullish,99777.0,100550.0,76.35631233584134,773.0,644.7858640155355,bullish,IMBALANCE,101235.9,True,1.0,tp,1.1988476223501383,tp
2025-05-08 21:00:00+00:00,bullish,101326.0,102080.0,73.3463748505592,754.0,816.0814112198793,bullish,IMBALANCE,102799.9,True,1.0,tp,0.9239274288491806,tp
2025-05-10 07:00:00+00:00,bullish,103327.8,103585.0,24.797125384562452,257.1999999999971,504.4547182197438,bullish,BALANCE,103721.7,True,-1.0,sl,0.5098574573901794,tp
2025-05-10 22:00:00+00:00,bullish,103276.1,103508.3,22.423689923438562,232.1999999999971,425.2454522884403,bullish,BALANCE,103551.2,True,1.0,tp,0.5460375854707553,tp
2025-05-11 00:00:00+00:00,bullish,103817.5,103886.9,6.648694116000953,69.39999999999418,540.5458236568705,bullish,BALANCE,104381.4,True,-1.0,sl,-1.0,both_sl_first
2025-05-11 10:00:00+00:00,bullish,103993.7,104158.6,15.763612725604995,164.90000000000873,549.6827949869745,bullish,BALANCE,104608.0,True,-1.0,sl,0.29999119765776117,tp
2025-05-12 19:00:00+00:00,bearish,102076.9,102475.8,39.17974950104591,398.90000000000873,800.3070384997873,bearish,BALANCE,101812.8,True,-1.0,sl,-1.0,sl
2025-05-13 01:00:00+00:00,bearish,102678.2,102737.1,5.75421772435917,58.90000000000873,732.2879060268934,bearish,BALANCE,102359.7,True,1.0,tp,0.08043284549048106,tp
2025-05-15 02:00:00+00:00,bearish,103159.0,103442.6,27.536894681088175,283.6000000000058,499.9009721184993,bearish,BALANCE,102989.1,True,1.0,tp,0.567312359482229,tp
2025-05-17 10:00:00+00:00,bearish,102988.0,103046.8,5.7180366129388,58.80000000000291,451.54174805472746,bearish,BALANCE,102832.5,True,-1.0,both_sl_first,0.13022051726848421,tp
2025-05-18 08:00:00+00:00,bullish,103636.4,103781.3,13.95023741397919,144.90000000000873,344.75491336282045,bullish,BALANCE,103869.2,True,1.0,tp,0.42029857844989155,tp
2025-05-18 14:00:00+00:00,bullish,103907.9,104508.9,57.111362405329125,601.0,398.49351794239146,bullish,BALANCE,105233.0,True,-1.0,sl,1.5081801157098955,tp
2025-05-18 15:00:00+00:00,bullish,104780.5,104925.1,13.708214121167513,144.60000000000582,422.90112380364906,bullish,BALANCE,105484.2,True,-1.0,sl,0.3419238962986144,tp
2025-05-18 23:00:00+00:00,bullish,104550.0,105420.0,81.76107721628905,870.0,728.9498239124778,bullish,BALANCE,106407.6,True,-1.0,sl,-1.0,sl
2025-05-20 16:00:00+00:00,bullish,104932.4,105028.4,9.128981091597913,96.0,653.1235105604671,bullish,BALANCE,105159.6,True,1.0,tp,0.14698598113183597,tp
2025-05-21 14:00:00+00:00,bullish,106843.4,106933.2,8.241322062239686,89.80000000000291,839.3848601466508,bullish,BALANCE,108963.1,True,-1.0,sl,0.10698310663396329,tp
2025-05-21 15:00:00+00:00,bullish,107629.9,108270.0,58.75894786508903,640.1000000000058,862.2859415647472,bullish,BALANCE,108936.6,True,-1.0,sl,0.7423291615290094,tp
2025-05-21 20:00:00+00:00,bullish,107370.0,107671.7,27.885507669669693,301.6999999999971,1130.8481642719546,bullish,BALANCE,108192.4,True,1.0,tp,0.26679090043377535,tp
2025-05-22 00:00:00+00:00,bullish,108998.9,109153.4,14.05498638167339,154.5,1142.3535797524812,bullish,BALANCE,109925.4,True,1.0,tp,0.13524709226496764,tp
2025-05-22 04:00:00+00:00,bullish,110977.2,111204.7,20.41283271795746,227.5,1118.6644781161651,bullish,IMBALANCE,111449.5,True,-1.0,sl,-1.0,sl
2025-05-24 23:00:00+00:00,bearish,108366.0,108530.0,15.22763927950982,164.0,571.9350221837758,bearish,BALANCE,107698.9,True,1.0,tp,0.28674586034932736,tp
2025-05-27 08:00:00+00:00,bullish,109233.1,109440.2,18.887144976848543,207.09999999999127,637.6068925232679,bullish,BALANCE,109651.3,True,1.0,tp,0.3248082830165351,tp
2025-05-28 14:00:00+00:00,bearish,108210.7,108733.1,48.60629090455793,522.4000000000087,571.8060518778037,bearish,BALANCE,107475.8,True,-1.0,sl,0.9135964865787104,tp
2025-05-28 15:00:00+00:00,bearish,107641.1,107888.0,23.06064978914722,246.89999999999418,576.7556196008181,bearish,BALANCE,107065.5,True,-1.0,sl,-1.0,sl
2025-05-29 05:00:00+00:00,bearish,107715.9,107902.1,17.29975211740898,186.20000000001164,591.5932892677653,bearish,BALANCE,107631.6,True,-1.0,sl,-1.0,sl
2025-05-29 14:00:00+00:00,bearish,107788.0,108312.5,48.75844906299182,524.5,631.2844086678446,bearish,BALANCE,107571.1,True,1.0,tp,0.8308458007173365,tp
2025-05-30 08:00:00+00:00,bearish,105323.2,105468.5,13.821036130642835,145.3000000000029,653.3305761977033,bearish,IMBALANCE,105129.6,True,-1.0,both_sl_first,0.22239889773049967,tp
2025-05-30 17:00:00+00:00,bearish,104260.0,105257.9,95.81741017417801,997.8999999999942,729.233963282801,bearish,IMBALANCE,104146.0,True,1.0,tp,-1.0,sl
2025-05-30 23:00:00+00:00,bearish,104210.2,104463.3,24.348244348244908,253.10000000000582,689.3725209998448,bearish,IMBALANCE,103950.0,True,1.0,tp,0.36714547257107766,tp
2025-06-01 22:00:00+00:00,bullish,105260.0,105363.0,9.7671622316164,103.0,429.9928782444259,bullish,BALANCE,105455.4,True,1.0,tp,0.23953885101661795,tp
2025-06-02 23:00:00+00:00,bullish,105068.0,105517.1,42.44227859561569,449.1000000000058,545.8636492587405,bullish,BALANCE,105814.3,True,-1.0,sl,0.8227329308516246,tp
2025-06-03 15:00:00+00:00,bullish,105646.1,106273.7,58.898552030338124,627.5999999999913,515.2030311980873,bullish,BALANCE,106556.1,True,-1.0,sl,-1.0,sl
2025-06-05 06:00:00+00:00,bearish,104651.2,104988.0,32.25791003606056,336.8000000000029,420.5876237480794,bearish,BALANCE,104408.5,True,-1.0,sl,-1.0,sl
2025-06-05 17:00:00+00:00,bearish,103541.5,104267.3,70.32877588395489,725.8000000000029,600.9945321341457,bearish,BALANCE,103201.0,True,1.0,tp,1.2076648974203867,tp
2025-06-05 20:00:00+00:00,bearish,102163.9,102514.6,34.92026191690149,350.70000000001164,761.4497037531762,bearish,BALANCE,100428.8,True,-1.0,sl,-1.0,sl
2025-06-09 09:00:00+00:00,bullish,105646.5,105778.2,12.359002270978124,131.6999999999971,388.3618011707099,bullish,BALANCE,106562.0,True,1.0,tp,0.339116771018643,tp
2025-06-09 10:00:00+00:00,bullish,105906.6,106511.4,56.45145482903445,604.7999999999884,427.17167251565996,bullish,BALANCE,107136.3,True,1.0,tp,1.4158242198932767,tp
2025-06-09 11:00:00+00:00,bullish,106877.3,107091.3,19.868551888951508,214.0,445.4808387645414,bullish,BALANCE,107707.9,True,-1.0,sl,-1.0,sl
2025-06-09 18:00:00+00:00,bullish,108100.0,108223.7,11.412892047142265,123.69999999999709,522.1511260178879,bullish,IMBALANCE,108386.2,True,1.0,tp,0.23690459301194905,tp
2025-06-09 22:00:00+00:00,bullish,108682.7,109690.8,91.53527935466818,1008.1000000000058,619.2862611983777,bullish,IMBALANCE,110132.4,True,-1.0,sl,-1.0,sl
2025-06-10 19:00:00+00:00,bullish,109029.0,109230.0,18.362872282112185,201.0,633.6396970569601,bullish,BALANCE,109460.0,True,1.0,tp,0.317214973956928,tp
2025-06-12 04:00:00+00:00,bearish,107885.4,108325.0,40.8093167038777,439.6000000000058,542.924690275985,bearish,BALANCE,107720.5,True,1.0,tp,0.8096887245568785,tp
2025-06-12 20:00:00+00:00,bearish,106929.9,107164.4,22.140730068150017,234.5,705.624470692664,bearish,BALANCE,105913.4,True,1.0,tp,0.332329744417461,tp
2025-06-12 21:00:00+00:00,bearish,106372.3,106621.0,23.500441282914046,248.6999999999971,696.1012942146168,bearish,BALANCE,105827.8,True,1.0,tp,0.35727558915199914,tp
2025-06-13 01:00:00+00:00,bearish,103818.1,105602.0,172.000358675561,1783.8999999999942,829.8621762823743,bearish,IMBALANCE,103714.9,True,-1.0,sl,-1.0,sl
2025-06-15 21:00:00+00:00,bearish,104788.6,104999.9,20.17283912900577,211.29999999998836,395.6909813432377,bearish,BALANCE,104744.8,True,-1.0,sl,-1.0,sl
2025-06-16 05:00:00+00:00,bullish,105926.9,106254.0,30.7078771196749,327.1000000000058,446.2295687982907,bullish,BALANCE,106519.9,True,1.0,tp,0.7330307601105425,tp
2025-06-16 08:00:00+00:00,bullish,106726.0,106898.4,16.09183171528231,172.39999999999418,442.90341204440426,bullish,BALANCE,107135.1,True,-1.0,sl,-1.0,sl
2025-06-16 19:00:00+00:00,bullish,107977.3,108207.1,21.161351158717768,229.8000000000029,510.10607903453763,bullish,IMBALANCE,108594.2,True,-1.0,sl,-1.0,both_sl_first
2025-06-17 15:00:00+00:00,bearish,104920.0,105140.7,21.180584879730088,220.6999999999971,617.029336689854,bearish,BALANCE,104199.2,True,-1.0,sl,0.35768153453444346,tp
2025-06-17 16:00:00+00:00,bearish,104441.7,104673.5,22.380090794812116,231.8000000000029,644.2272412120074,bearish,BALANCE,103574.2,True,-1.0,sl,0.35981092566639905,tp
2025-06-18 07:00:00+00:00,bearish,104970.0,105320.0,33.35693733756363,350.0,552.4075551887272,bearish,BALANCE,104925.7,True,1.0,tp,0.6335901757904592,tp
2025-06-20 17:00:00+00:00,bearish,103720.0,103834.1,11.054423416389012,114.10000000000582,643.4681044778911,bearish,BALANCE,103216.6,True,-1.0,sl,0.17732036631805945,tp
2025-06-21 19:00:00+00:00,bearish,102723.3,103135.0,40.280801311058106,411.6999999999971,408.39734043090795,bearish,IMBALANCE,102207.5,True,1.0,tp,-1.0,sl
2025-06-21 22:00:00+00:00,bearish,101953.0,102141.1,18.489684702219336,188.10000000000582,528.30760092081,bearish,IMBALANCE,101732.4,True,-1.0,both_sl_first,-1.0,both_sl_first
2025-06-22 14:00:00+00:00,bearish,101199.9,102532.8,133.8465338879068,1332.9000000000087,802.3675300404217,bearish,BALANCE,99584.2,True,-1.0,sl,1.661208797834639,tp
2025-06-22 15:00:00+00:00,bearish,99774.0,100218.4,44.957051044057124,444.3999999999942,815.5627064661063,bearish,IMBALANCE,98849.9,True,-1.0,sl,-1.0,sl
2025-06-23 21:00:00+00:00,bullish,103194.0,103571.4,36.41444150049828,377.3999999999942,893.935032465471,bullish,BALANCE,103640.2,True,1.0,tp,0.4221783309678868,tp
2025-06-23 23:00:00+00:00,bullish,104171.4,105059.1,84.30928028918089,887.7000000000116,971.2031657482884,bullish,BALANCE,105290.9,True,0.0,time,0.9140209086077897,tp
2025-06-29 23:00:00+00:00,bullish,107689.9,107963.5,25.260872054052893,273.6000000000058,333.72119486164047,bullish,BALANCE,108309.8,True,-1.0,sl,0.8198460397861,tp
2025-06-30 22:00:00+00:00,bearish,107260.0,107426.0,15.506613196875136,166.0,442.98757474089024,bearish,BALANCE,107051.1,True,-1.0,sl,-1.0,sl
2025-07-01 05:00:00+00:00,bearish,106920.6,107022.0,9.486290252415232,101.39999999999418,381.4205081250092,bearish,BALANCE,106891.1,True,1.0,tp,0.2658483165953945,tp
2025-07-01 15:00:00+00:00,bearish,106162.0,106233.5,6.751123377487883,71.5,481.0876397591913,bearish,BALANCE,105908.3,True,-1.0,sl,0.1486215693169526,tp
2025-07-01 19:00:00+00:00,bearish,105757.3,105850.0,8.800067590594377,92.69999999999709,477.60989637552797,bearish,IMBALANCE,105340.1,True,-1.0,sl,-1.0,both_sl_first
2025-07-02 14:00:00+00:00,bullish,107449.9,107590.0,12.960641648897589,140.10000000000582,455.1645353937757,bullish,BALANCE,108096.5,True,1.0,tp,0.3078007821474943,tp
2025-07-02 15:00:00+00:00,bullish,107950.0,108061.9,10.294833355259536,111.89999999999418,472.1313542942211,bullish,BALANCE,108695.3,True,1.0,tp,0.2370103128763196,tp
2025-07-02 16:00:00+00:00,bullish,108127.1,108603.9,43.59637147985253,476.79999999998836,510.98625755892004,bullish,BALANCE,109366.9,True,0.0,time,-1.0,sl
2025-07-03 06:00:00+00:00,bullish,108948.0,109200.0,23.030545632010266,252.0,462.2308317812827,bullish,BALANCE,109419.9,True,1.0,tp,0.5451821528842522,tp
2025-07-06 22:00:00+00:00,bullish,108798.3,109148.3,32.05574402297756,350.0,354.8641950296151,bullish,BALANCE,109184.8,True,-1.0,sl,-1.0,sl
2025-07-08 02:00:00+00:00,bearish,107900.3,108136.1,21.886671963526194,235.8000000000029,409.48682805560486,bearish,BALANCE,107736.8,True,-1.0,sl,-1.0,sl
2025-07-08 18:00:00+00:00,bullish,108499.0,108852.4,32.38888659765416,353.3999999999942,410.39408200794367,bullish,BALANCE,109111.5,True,-1.0,sl,-1.0,sl
2025-07-09 20:00:00+00:00,bullish,109537.0,110508.0,87.73372318067726,971.0,622.7057107043374,bullish,BALANCE,110675.8,True,1.0,tp,1.5593240648166067,tp
2025-07-10 17:00:00+00:00,bullish,111363.5,112510.7,100.9128957743602,1147.199999999997,558.8019731591355,bullish,IMBALANCE,113682.2,True,1.0,tp,-1.0,sl
2025-07-10 18:00:00+00:00,bullish,112666.0,112953.2,25.33045572770793,287.1999999999971,572.8089750763407,bullish,IMBALANCE,113381.3,True,1.0,tp,0.501388791894746,tp
2025-07-10 22:00:00+00:00,bullish,113530.4,115750.0,191.37188361113172,2219.600000000006,809.7359052778882,bullish,IMBALANCE,115983.6,True,1.0,tp,2.7411406429337783,tp
2025-07-11 03:00:00+00:00,bullish,116039.4,116322.0,24.1870257917918,282.6000000000058,784.383844674732,bullish,IMBALANCE,116839.5,True,1.0,tp,0.3602827900123272,tp
2025-07-11 06:00:00+00:00,bullish,116886.2,117570.8,58.20102221602609,684.6000000000058,814.8667298653006,bullish,IMBALANCE,117626.8,True,1.0,tp,0.8401373806403544,tp
2025-07-14 00:00:00+00:00,bullish,118734.5,118871.6,11.518046619945276,137.10000000000582,520.1985468779789,bullish,IMBALANCE,119030.6,True,1.0,tp,0.2635532160226621,tp
2025-07-14 03:00:00+00:00,bullish,119204.5,119558.2,29.296001431254794,353.6999999999971,668.6552869864865,bullish,IMBALANCE,120733.2,True,1.0,tp,0.5289721129613193,tp
2025-07-14 04:00:00+00:00,bullish,120000.0,120515.9,42.506385432973076,515.8999999999942,685.3441950588806,bullish,IMBALANCE,121370.0,True,1.0,tp,0.7527604431750903,tp
2025-07-14 06:00:00+00:00,bullish,121418.2,122000.0,47.64010350135951,581.8000000000029,736.438617168116,bullish,IMBALANCE,122124.0,True,1.0,tp,0.7900183211972877,tp
2025-07-15 15:00:00+00:00,bearish,116752.9,117132.6,32.622236732450546,379.70000000001164,983.5410744990048,bearish,BALANCE,116393.0,True,-1.0,sl,-1.0,sl
2025-07-17 18:00:00+00:00,bullish,118952.2,119186.3,19.57644304141541,234.10000000000582,721.2610507692185,bullish,BALANCE,119582.5,True,-1.0,sl,-1.0,both_sl_first
2025-07-20 23:00:00+00:00,bearish,117529.9,117800.0,23.042929292929788,270.1000000000058,490.0902890142126,bearish,BALANCE,117216.0,True,1.0,tp,0.5511229380677863,tp
2025-07-21 07:00:00+00:00,bullish,118398.2,119140.0,62.152184878033495,741.8000000000029,555.5020363867382,bullish,BALANCE,119352.2,True,-1.0,sl,-1.0,sl
2025-07-24 05:00:00+00:00,bearish,117934.1,118425.3,41.784092272069316,491.1999999999971,623.3235946209387,bearish,BALANCE,117556.7,True,-1.0,sl,-1.0,both_sl_first
2025-07-25 01:00:00+00:00,bearish,117780.1,118112.0,28.286602343551753,331.8999999999942,607.5568467872407,bearish,BALANCE,117334.7,True,1.0,tp,0.5462863298390646,tp
2025-07-25 03:00:00+00:00,bearish,116393.0,117189.9,69.06467587528961,796.8999999999942,672.2005464645082,bearish,BALANCE,115384.6,True,-1.0,sl,-1.0,sl
2025-07-25 04:00:00+00:00,bearish,116100.0,116300.0,17.23490136465949,200.0,697.0433645741862,bearish,BALANCE,116043.6,True,1.0,tp,0.2869261945017968,tp
2025-07-29 15:00:00+00:00,bearish,117923.3,118489.0,48.20798716953387,565.6999999999971,536.3997156480593,bearish,BALANCE,117345.7,True,-1.0,sl,-1.0,sl
2025-07-30 19:00:00+00:00,bearish,117083.7,117592.6,43.54589732443951,508.90000000000873,672.9845039311787,bearish,BALANCE,116865.2,True,-1.0,sl,-1.0,sl
2025-07-31 20:00:00+00:00,bearish,116927.8,117350.0,36.25590382138232,422.1999999999971,566.7747236202921,bearish,BALANCE,116450.0,True,1.0,tp,0.7449167762866807,tp
2025-08-01 18:00:00+00:00,bearish,114461.5,114769.2,27.040398900807972,307.6999999999971,853.5454843221515,bearish,BALANCE,113792.7,True,1.0,tp,0.3604963129110321,tp
2025-08-01 19:00:00+00:00,bearish,113887.6,114300.0,36.40584930061699,412.3999999999942,843.5708068705699,bearish,BALANCE,113278.5,True,1.0,tp,0.48887419602616516,tp
2025-08-01 23:00:00+00:00,bearish,113518.7,113617.9,8.759784113707392,99.19999999999709,833.8803054724691,bearish,BALANCE,113244.8,True,-1.0,sl,0.11896191737468978,tp
2025-08-04 01:00:00+00:00,bullish,114459.7,114562.8,8.993543141965898,103.10000000000582,420.5302969387254,bullish,BALANCE,114637.8,True,-1.0,both_sl_first,0.24516664019341275,tp
2025-08-05 15:00:00+00:00,bearish,113192.0,113812.9,55.00931144891764,620.8999999999942,603.9917107104577,bearish,BALANCE,112871.8,True,-1.0,sl,-1.0,sl
2025-08-06 15:00:00+00:00,bullish,114364.7,114775.5,35.60831889381933,410.8000000000029,577.2136820871211,bullish,BALANCE,115366.3,True,-1.0,sl,-1.0,sl
2025-08-07 11:00:00+00:00,bullish,115040.7,116291.5,107.39329143953228,1250.800000000003,474.5976819490152,bullish,BALANCE,116469.1,True,0.0,time,-1.0,sl
2025-08-07 20:00:00+00:00,bullish,116537.8,117073.3,45.72217991058774,535.5,555.3600632179472,bullish,IMBALANCE,117120.4,True,-1.0,sl,-1.0,sl
2025-08-10 03:00:00+00:00,bullish,116719.5,117201.3,40.66505683232904,481.8000000000029,422.8924770913898,bullish,BALANCE,118480.1,True,1.0,tp,-1.0,sl
2025-08-10 04:00:00+00:00,bullish,117282.0,118338.8,89.21124696523083,1056.800000000003,421.2001572991475,bullish,BALANCE,118460.4,True,1.0,tp,-1.0,sl
2025-08-11 02:00:00+00:00,bullish,119490.3,119888.3,32.66646147532574,398.0,614.4136019431904,bullish,IMBALANCE,121837.5,True,-1.0,sl,0.6477721175788683,tp
2025-08-11 03:00:00+00:00,bullish,120095.2,121539.0,118.6358926574426,1443.800000000003,615.2697732329622,bullish,IMBALANCE,121700.1,True,-1.0,sl,-1.0,sl
2025-08-13 09:00:00+00:00,bullish,119603.0,119756.0,12.741208566089398,153.0,564.382490303762,bullish,BALANCE,120082.8,True,1.0,tp,0.2710927476110267,tp
2025-08-13 14:00:00+00:00,bullish,120665.3,120730.0,5.352415618795259,64.69999999999709,702.2524200711656,bullish,BALANCE,120880.0,True,-1.0,both_sl_first,0.09213211396756835,tp
2025-08-13 20:00:00+00:00,bullish,121932.0,122440.0,41.33260214766805,508.0,737.6726077903447,bullish,IMBALANCE,122905.4,True,1.0,tp,0.6886523840456606,tp
2025-08-15 14:00:00+00:00,bearish,118246.0,118440.7,16.590700516126475,194.6999999999971,644.6827000065595,bearish,BALANCE,117354.9,True,0.0,time,0.3020090348290996,tp
2025-08-17 17:00:00+00:00,bearish,117882.9,118072.0,16.046338363053355,189.10000000000582,319.1680193501602,bearish,BALANCE,117846.2,True,1.0,tp,0.5924779067308107,tp
2025-08-18 00:00:00+00:00,bearish,117499.4,117631.2,11.241455896476504,131.8000000000029,358.29298294979225,bearish,BALANCE,117244.6,True,1.0,tp,0.3678553761084226,tp
2025-08-18 02:00:00+00:00,bearish,116278.7,116927.7,56.24170239906824,649.0,467.3317046862997,bearish,BALANCE,115394.8,True,-1.0,sl,1.3887352248777014,tp
2025-08-18 03:00:00+00:00,bearish,115580.3,116088.0,44.046366239852475,507.6999999999971,478.9508686372783,bearish,BALANCE,115264.9,True,-1.0,sl,1.060025220216268,tp
2025-08-19 04:00:00+00:00,bearish,115333.0,115580.0,21.430498810043353,247.0,646.5956359746706,bearish,BALANCE,115256.3,True,1.0,tp,0.38200072233347565,tp
2025-08-19 15:00:00+00:00,bearish,114134.8,114822.4,60.45898179899686,687.5999999999913,633.361418067933,bearish,IMBALANCE,113730.0,True,1.0,tp,1.085636068735474,tp
2025-08-22 11:00:00+00:00,bearish,112587.9,112757.0,15.061528705083138,169.10000000000582,513.9689443997846,bearish,BALANCE,112272.8,True,-1.0,both_sl_first,0.32900820534494335,tp
2025-08-24 20:00:00+00:00,bearish,112968.0,114283.0,116.64005676778429,1315.0,697.9171736827285,bearish,BALANCE,112740.0,True,1.0,tp,-1.0,sl
2025-08-25 01:00:00+00:00,bearish,113096.0,113312.7,19.172087846559343,216.6999999999971,738.5712239843908,bearish,BALANCE,113028.9,True,-1.0,sl,0.2934043365932418,tp
2025-08-25 20:00:00+00:00,bearish,111050.0,112194.5,104.51949797764588,1144.5,870.8263424813953,bearish,IMBALANCE,109501.1,True,0.0,time,-1.0,sl
2025-08-25 21:00:00+00:00,bearish,110242.0,110601.7,32.74778199099569,359.6999999999971,881.6387465898669,bearish,IMBALANCE,109839.5,True,1.0,tp,0.4079902356733928,tp
2025-08-28 04:00:00+00:00,bullish,111719.8,111892.4,15.283641721684642,172.59999999999127,678.1546520960775,bullish,BALANCE,112931.2,True,-1.0,sl,0.25451421658246853,tp
2025-08-28 05:00:00+00:00,bullish,111993.0,112659.3,59.06501229080613,666.3000000000029,664.3864626606429,bullish,BALANCE,112807.9,True,-1.0,sl,-1.0,sl
2025-08-29 08:00:00+00:00,bearish,110254.9,110850.0,54.30750403587579,595.1000000000058,600.3678528919235,bearish,BALANCE,109579.7,True,-1.0,sl,-1.0,sl
2025-08-29 14:00:00+00:00,bearish,109490.5,110020.6,49.013217203168225,530.1000000000058,766.8809211815186,bearish,BALANCE,108154.5,True,0.0,time,0.6912416065629683,tp
2025-08-29 15:00:00+00:00,bearish,108666.0,108808.1,13.116793926952642,142.10000000000582,750.746569668553,bearish,IMBALANCE,108334.4,True,1.0,tp,0.18927825412874194,tp
2025-08-30 02:00:00+00:00,bearish,107910.7,108101.9,17.746706602944087,191.1999999999971,666.2743600228295,bearish,IMBALANCE,107738.3,True,-1.0,sl,-1.0,sl
2025-08-31 10:00:00+00:00,bearish,108595.0,108656.8,5.6944564742655635,61.80000000000291,364.7260559111719,bearish,BALANCE,108526.6,True,1.0,tp,0.16944224027431065,tp
2025-09-01 00:00:00+00:00,bearish,108372.5,108700.0,30.2735900595396,327.5,391.5917995324922,bearish,BALANCE,108180.1,True,1.0,tp,0.8363300773688228,tp
2025-09-01 03:00:00+00:00,bearish,107741.7,107917.3,16.31680621748424,175.60000000000582,425.54704211839845,bearish,BALANCE,107619.1,True,1.0,tp,0.4126453308801254,tp
2025-09-01 11:00:00+00:00,bearish,108817.8,109450.0,58.14835833442914,632.1999999999971,563.3279872634175,bearish,BALANCE,108721.9,True,-1.0,sl,-1.0,sl
2025-09-02 03:00:00+00:00,bullish,109573.7,110011.7,39.71492301833415,438.0,685.1688425498378,bullish,BALANCE,110286.0,True,-1.0,sl,-1.0,sl
2025-09-02 14:00:00+00:00,bullish,109804.5,110737.7,83.8390599100695,933.1999999999971,805.1494923021701,bullish,BALANCE,111308.5,True,0.0,time,-1.0,sl
2025-09-02 21:00:00+00:00,bullish,110792.1,111066.0,24.660990167116175,273.8999999999942,723.422754595692,bullish,BALANCE,111066.1,True,1.0,tp,0.37861678839929536,tp
2025-09-04 15:00:00+00:00,bearish,109826.8,110150.0,29.530005116584782,323.1999999999971,544.40223679591,bearish,BALANCE,109448.0,True,-1.0,sl,-1.0,sl
2025-09-05 08:00:00+00:00,bullish,111876.8,112559.3,60.61871053122419,682.5,555.2710753673156,bullish,BALANCE,112589.0,True,1.0,tp,-1.0,both_sl_first
2025-09-05 13:00:00+00:00,bullish,112397.7,112642.4,21.64942616192011,244.6999999999971,586.7470583059841,bullish,BALANCE,113028.4,True,-1.0,sl,-1.0,sl
2025-09-08 15:00:00+00:00,bullish,112331.0,112459.2,11.388105204061794,128.1999999999971,410.38966280280914,bullish,BALANCE,112573.6,True,-1.0,sl,-1.0,sl
2025-09-09 04:00:00+00:00,bullish,111399.9,111576.7,15.788547766161866,176.8000000000029,422.91100674187476,bullish,BALANCE,111979.9,True,1.0,tp,0.41805485594256714,tp
2025-09-09 07:00:00+00:00,bullish,112217.8,112699.9,42.68256513274368,482.09999999999127,470.14212165156704,bullish,BALANCE,112950.1,True,-1.0,sl,-1.0,sl
2025-09-10 01:00:00+00:00,bearish,111182.9,111308.2,11.292785054950071,125.30000000000291,466.57747508488154,bearish,BALANCE,110955.8,True,-1.0,sl,-1.0,sl
2025-09-10 08:00:00+00:00,bullish,111929.5,112280.0,31.201873002590514,350.5,480.42830270759987,bullish,BALANCE,112333.0,True,1.0,tp,0.7295573512731229,tp
2025-09-10 13:00:00+00:00,bullish,112379.3,113343.7,84.66236448886056,964.3999999999942,530.6788949493013,bullish,BALANCE,113911.3,True,0.0,time,-1.0,sl
2025-09-10 14:00:00+00:00,bullish,113530.0,113754.9,19.75017651336006,224.89999999999418,527.2018310243512,bullish,BALANCE,113872.4,True,-1.0,sl,-1.0,sl
2025-09-11 04:00:00+00:00,bullish,113904.7,114020.5,10.148734168895174,115.80000000000291,443.97253828139145,bullish,IMBALANCE,114102.9,True,1.0,tp,0.2608269431444164,tp
2025-09-11 23:00:00+00:00,bullish,114473.3,115031.9,48.394223188681266,558.5999999999913,477.6949902095947,bullish,BALANCE,115427.0,True,1.0,tp,1.1693654140163754,tp
2025-09-12 00:00:00+00:00,bullish,115218.9,115357.6,11.978054339087892,138.70000000001164,509.4596337660518,bullish,IMBALANCE,115795.1,True,-1.0,sl,0.27224924372262427,tp
2025-09-12 19:00:00+00:00,bullish,115879.1,116180.0,25.81478726607712,300.8999999999942,458.44475567083106,bullish,IMBALANCE,116561.1,True,-1.0,sl,-1.0,sl
2025-09-15 05:00:00+00:00,bullish,115536.0,115960.0,36.4029115460763,424.0,386.951955534817,bullish,BALANCE,116474.2,True,-1.0,sl,-1.0,sl
2025-09-15 09:00:00+00:00,bearish,115141.9,115554.0,35.89092850467869,412.1000000000058,494.78121621277256,bearish,BALANCE,114820.1,True,-1.0,sl,0.8328933809459612,tp
2025-09-16 16:00:00+00:00,bullish,115268.6,115549.9,24.245610708405234,281.29999999998836,464.75199775135985,bullish,BALANCE,116021.0,True,1.0,tp,0.6052690496458789,tp
2025-09-16 18:00:00+00:00,bullish,116050.0,116166.3,9.993761418066015,116.30000000000291,495.64636540805986,bullish,BALANCE,116372.6,True,1.0,tp,0.23464310063941438,tp
2025-09-17 06:00:00+00:00,bullish,116433.3,116930.0,42.38763479216637,496.6999999999971,447.1113498340665,bullish,BALANCE,117180.4,True,-1.0,sl,-1.0,sl
2025-09-17 23:00:00+00:00,bullish,116077.7,116253.5,15.102768411331622,175.8000000000029,621.4308641107243,bullish,BALANCE,116402.5,True,-1.0,sl,0.2828955080169316,tp
2025-09-18 04:00:00+00:00,bullish,116907.1,117169.2,22.29361395558044,262.09999999999127,621.2833479507495,bullish,BALANCE,117567.3,True,-1.0,sl,-1.0,sl
2025-09-19 15:00:00+00:00,bearish,115900.0,116017.1,10.109914018246696,117.10000000000582,404.50342567276635,bearish,BALANCE,115826.9,True,-1.0,sl,0.2894907498131717,tp
2025-09-19 18:00:00+00:00,bearish,115596.0,115735.7,12.109318454271685,139.6999999999971,401.58656202735784,bearish,BALANCE,115365.7,True,-1.0,sl,0.34787020585235945,tp
2025-09-22 01:00:00+00:00,bearish,114700.0,115150.8,39.47052756370208,450.8000000000029,316.4356928213759,bearish,BALANCE,114211.8,True,1.0,tp,-1.0,sl
2025-09-22 06:00:00+00:00,bearish,113636.5,114342.5,62.61707441675654,706.0,504.41084907837234,bearish,IMBALANCE,112748.8,True,0.0,time,-1.0,sl
2025-09-22 07:00:00+00:00,bearish,112948.8,113588.0,56.84081725570517,639.1999999999971,508.18864557277453,bearish,IMBALANCE,112454.4,True,0.0,time,-1.0,sl
2025-09-23 18:00:00+00:00,bearish,112168.6,112433.9,23.74510307594301,265.29999999998836,515.5153289586841,bearish,BALANCE,111728.3,True,-1.0,sl,0.5146306716734865,tp
2025-09-25 05:00:00+00:00,bearish,111994.0,112155.6,14.468566680753748,161.60000000000582,535.2660781675204,bearish,BALANCE,111690.4,True,-1.0,sl,0.30190592415876927,tp
2025-09-25 18:00:00+00:00,bearish,109759.7,110852.0,99.56402569358954,1092.300000000003,753.3374138575793,bearish,BALANCE,109708.3,True,0.0,time,1.4499478983882146,tp
2025-09-26 11:00:00+00:00,bearish,109157.6,109349.0,17.54628818999075,191.39999999999418,605.0607674303143,bearish,IMBALANCE,109082.9,True,-1.0,both_sl_first,0.31633186334798513,tp
2025-09-26 20:00:00+00:00,bearish,109289.6,109643.6,32.40755150878208,354.0,623.0905005345385,bearish,BALANCE,109233.8,True,-1.0,sl,0.0,time
2025-09-28 21:00:00+00:00,bullish,110333.0,110568.7,21.27484811094306,235.6999999999971,280.69168143912145,bullish,BALANCE,110788.1,True,1.0,tp,0.8397113829364506,tp
2025-09-28 23:00:00+00:00,bullish,110835.8,111881.4,93.25755710865818,1045.5999999999913,351.05915389393624,bullish,BALANCE,112119.6,True,1.0,tp,-1.0,sl
2025-09-29 14:00:00+00:00,bullish,112492.2,113136.8,56.56534455631005,644.6000000000058,480.9580422342452,bullish,IMBALANCE,113956.7,True,0.0,time,-1.0,sl
2025-09-29 15:00:00+00:00,bullish,113443.6,113624.9,15.938181306701276,181.29999999998836,477.68246778894246,bullish,IMBALANCE,113752.0,True,-1.0,both_sl_first,0.3795408293697205,tp
2025-09-30 19:00:00+00:00,bullish,113470.0,113650.0,15.746777815589484,180.0,526.1841979371083,bullish,BALANCE,114309.1,True,1.0,tp,0.34208552956490346,tp
2025-09-30 20:00:00+00:00,bullish,113658.0,114065.0,35.524195730463,407.0,532.8638980844574,bullish,BALANCE,114569.8,True,1.0,tp,-1.0,sl
2025-10-01 09:00:00+00:00,bullish,114539.1,115890.7,116.14437787654043,1351.5999999999913,595.4855386679192,bullish,IMBALANCE,116372.4,True,1.0,tp,2.269744455966959,tp
2025-10-01 15:00:00+00:00,bullish,116802.0,117031.0,19.511546745917062,229.0,578.3103092557316,bullish,IMBALANCE,117366.4,True,1.0,tp,0.39598118230801993,tp
2025-10-02 00:00:00+00:00,bullish,118041.9,118367.0,27.45846600842976,325.1000000000058,633.1105909834974,bullish,IMBALANCE,118397.0,True,1.0,tp,0.5134963853550151,tp
2025-10-02 19:00:00+00:00,bullish,119916.8,120398.2,39.85498547453795,481.3999999999942,642.4232401735122,bullish,IMBALANCE,120787.9,True,-1.0,sl,-1.0,sl
2025-10-03 16:00:00+00:00,bullish,120935.0,122238.5,106.38462838017058,1303.5,698.9003261094921,bullish,IMBALANCE,122527.1,True,0.0,time,-1.0,sl
2025-10-05 03:00:00+00:00,bullish,122377.7,123303.6,74.82884890941004,925.9000000000087,524.1267060774803,bullish,IMBALANCE,123735.7,True,1.0,tp,1.766557569503295,tp
2025-10-05 05:00:00+00:00,bullish,124153.3,124856.2,56.18570298074341,702.8999999999942,638.0760884035426,bullish,IMBALANCE,125103.0,True,-1.0,sl,-1.0,sl
2025-10-05 23:00:00+00:00,bullish,122751.6,123166.0,33.57458313314657,414.3999999999942,578.8854568313158,bullish,BALANCE,123426.7,True,1.0,tp,0.7158583707877666,tp
2025-10-07 16:00:00+00:00,bearish,122049.7,122500.1,37.03292592181553,450.40000000000873,835.5081273079119,bearish,BALANCE,121621.5,True,1.0,tp,0.5390731523477108,tp
2025-10-09 03:00:00+00:00,bearish,122080.7,122272.7,15.73920143226733,192.0,716.636019304088,bearish,BALANCE,121988.4,True,1.0,tp,0.26791843394425996,tp
2025-10-09 14:00:00+00:00,bearish,122533.4,122640.3,8.817578407574103,106.90000000000873,806.2248418788562,bearish,BALANCE,121235.1,True,1.0,tp,0.1325932847106096,tp
2025-10-09 15:00:00+00:00,bearish,121663.0,122227.7,46.63881717286319,564.6999999999971,824.8873531732236,bearish,BALANCE,121079.4,True,1.0,tp,0.6845783219098663,tp
2025-10-10 15:00:00+00:00,bearish,120583.7,121313.6,61.35402508126393,729.9000000000087,796.9506027842132,bearish,BALANCE,118965.3,True,1.0,tp,0.9158660492256876,tp
2025-10-10 16:00:00+00:00,bearish,119403.4,120408.1,85.03597122302256,1004.7000000000116,829.5541311567689,bearish,BALANCE,118150.0,True,1.0,tp,1.2111325376669706,tp
2025-10-10 21:00:00+00:00,bearish,115075.6,115845.0,67.93603028954436,769.3999999999942,2003.6299780589743,bearish,BALANCE,113253.6,True,1.0,tp,0.3840030386974711,tp
2025-10-11 08:00:00+00:00,bearish,111497.2,111982.5,43.613180832488084,485.3000000000029,1774.7045713842174,bearish,IMBALANCE,111273.7,True,-1.0,sl,0.2734539640146875,tp
2025-10-12 01:00:00+00:00,bearish,110275.0,110576.8,27.454183897548305,301.8000000000029,1075.893753972486,bearish,BALANCE,109928.6,True,-1.0,sl,0.2805109694945963,tp
2025-10-16 16:00:00+00:00,bearish,109212.6,109637.8,38.94382728430891,425.1999999999971,1078.1534790643482,bearish,BALANCE,109182.9,True,1.0,tp,0.39437798815897457,tp
2025-10-17 07:00:00+00:00,bearish,106864.9,108250.0,131.19173163424736,1385.1000000000058,968.512766742555,bearish,IMBALANCE,105578.3,True,0.0,time,1.4301308641068082,tp
2025-10-17 08:00:00+00:00,bearish,105660.0,106600.0,89.65607357902276,940.0,990.526140546658,bearish,IMBALANCE,104845.1,True,-1.0,sl,0.9489906036010577,tp
2025-10-20 03:00:00+00:00,bullish,108257.3,108511.9,23.12434832207615,254.59999999999127,729.823052220013,bullish,BALANCE,110100.4,True,0.0,time,0.34885168291894103,tp
2025-10-20 04:00:00+00:00,bullish,108935.8,109875.0,85.09612727452263,939.1999999999971,721.6499770614402,bullish,BALANCE,110369.3,True,-1.0,sl,1.3014619688957973,tp
2025-10-21 15:00:00+00:00,bullish,108852.8,111643.1,246.1554476548057,2790.300000000003,1039.6174721625343,bullish,BALANCE,113355.2,True,-1.0,sl,-1.0,sl
2025-10-21 16:00:00+00:00,bullish,112292.1,112400.0,9.59049731928216,107.89999999999418,1075.3590812937819,bullish,BALANCE,112507.2,True,-1.0,both_sl_first,0.1003385770176214,tp
2025-10-24 05:00:00+00:00,bullish,110587.9,110880.5,26.314606135278822,292.6000000000058,717.5801295954856,bullish,BALANCE,111193.0,True,-1.0,sl,0.4077593399429126,tp
2025-10-26 10:00:00+00:00,bullish,111797.0,112130.0,29.619693805303438,333.0,348.5508637647059,bullish,IMBALANCE,112425.2,True,1.0,tp,0.9553842340347836,tp
2025-10-26 12:00:00+00:00,bullish,112523.7,113221.5,61.46355126851177,697.8000000000029,413.07242845017987,bullish,IMBALANCE,113530.7,True,1.0,tp,-1.0,sl
2025-10-26 23:00:00+00:00,bullish,113550.0,114321.0,67.33753836318252,771.0,546.899147317684,bullish,IMBALANCE,114497.8,True,1.0,tp,1.4097663230623692,tp
2025-10-28 07:00:00+00:00,bullish,113949.0,114039.0,7.8858341503933715,90.0,543.5938976905273,bullish,BALANCE,114128.7,True,1.0,tp,0.1655647724935227,tp
2025-10-29 09:00:00+00:00,bearish,113043.6,113168.6,11.068294030559118,125.0,604.9883679276851,bearish,BALANCE,112935.2,True,1.0,tp,0.2066155427552648,tp
2025-10-29 16:00:00+00:00,bearish,111480.3,112190.8,63.97442823698901,710.5,640.3522867403462,bearish,BALANCE,111060.0,True,1.0,tp,-1.0,sl
2025-10-29 23:00:00+00:00,bearish,111023.3,111318.3,26.821693021631923,295.0,869.106865253389,bearish,IMBALANCE,109985.6,True,1.0,tp,0.33942891466401337,tp
2025-10-30 00:00:00+00:00,bearish,110524.6,110900.2,33.99208842286947,375.59999999999127,868.0278034495753,bearish,BALANCE,110496.3,True,-1.0,sl,0.4327050337642923,tp
2025-10-30 05:00:00+00:00,bearish,110385.0,110460.7,6.869347194229848,75.69999999999709,1030.07809734449,bearish,BALANCE,110199.7,True,-1.0,both_sl_first,0.07348957345578865,tp
2025-10-30 13:00:00+00:00,bearish,108682.0,109638.6,88.91805521731344,956.6000000000058,982.8666209822667,bearish,IMBALANCE,107582.2,True,-1.0,sl,0.9732754979958389,tp
2025-10-31 17:00:00+00:00,bearish,109387.2,110081.9,63.57675289078811,694.6999999999971,962.9024836441941,bearish,BALANCE,109269.5,True,-1.0,sl,-1.0,sl
2025-11-03 04:00:00+00:00,bearish,107952.1,108600.0,60.07763079565021,647.8999999999942,582.3771490037882,bearish,BALANCE,107843.8,True,1.0,tp,1.1125093096600482,tp
2025-11-03 16:00:00+00:00,bearish,106758.0,107317.6,52.47365065076383,559.6000000000058,861.6318305751472,bearish,IMBALANCE,106644.0,True,-1.0,sl,-1.0,sl
2025-11-04 06:00:00+00:00,bearish,105190.0,106659.2,140.32152080563552,1469.199999999997,1015.6083444398248,bearish,BALANCE,104702.4,True,1.0,tp,1.4466206466729636,tp
2025-11-04 17:00:00+00:00,bearish,102227.4,103136.3,89.92350219837276,908.9000000000087,1068.2867904927796,bearish,IMBALANCE,101074.8,True,1.0,tp,0.8508014964602783,tp
2025-11-04 18:00:00+00:00,bearish,101469.5,102110.0,63.21723930661397,640.5,1098.3734483147239,bearish,IMBALANCE,101317.3,True,1.0,tp,0.58313499928712,tp
2025-11-09 19:00:00+00:00,bullish,103938.6,104100.0,15.406040809780658,161.39999999999418,639.5785023339735,bullish,BALANCE,104764.1,True,1.0,tp,0.2523536976477604,tp
2025-11-10 01:00:00+00:00,bullish,105440.0,105681.6,22.860819620942426,241.60000000000582,797.8535067064082,bullish,IMBALANCE,105683.0,True,1.0,tp,0.3028124812001475,tp
2025-11-10 18:00:00+00:00,bullish,105320.6,105420.0,9.427537895097696,99.39999999999418,730.7177692093608,bullish,BALANCE,105435.8,True,1.0,tp,0.13603063205585694,tp
2025-11-12 15:00:00+00:00,bearish,104275.8,104556.6,27.495742957888126,280.8000000000029,793.815966349313,bearish,BALANCE,102124.9,True,0.0,time,0.3537343816494096,tp
2025-11-12 16:00:00+00:00,bearish,102249.2,103508.8,124.22936077504345,1259.6000000000058,806.7148258957903,bearish,BALANCE,101393.1,True,-1.0,sl,-1.0,sl
2025-11-13 16:00:00+00:00,bearish,101495.7,101689.0,19.218494296094352,193.3000000000029,936.33728146819,bearish,BALANCE,100580.2,True,1.0,tp,0.2064427037412257,tp
2025-11-13 17:00:00+00:00,bearish,100774.4,101135.0,36.204310381179965,360.6000000000058,956.427475649033,bearish,BALANCE,99601.4,True,1.0,tp,0.37702806452240595,tp
2025-11-13 18:00:00+00:00,bearish,99895.2,100455.7,56.88062780787845,560.5,1016.339798816959,bearish,BALANCE,98539.7,True,-1.0,sl,0.5514887842160991,tp
2025-11-13 19:00:00+00:00,bearish,99256.6,99556.8,30.432944625624813,300.1999999999971,1018.5226703300341,bearish,BALANCE,98643.1,True,-1.0,sl,0.29474061672355734,tp
2025-11-14 05:00:00+00:00,bearish,97997.3,98730.0,75.15496159168066,732.6999999999971,1087.358509873447,bearish,IMBALANCE,97491.9,True,1.0,tp,0.6738347962948049,tp
2025-11-16 12:00:00+00:00,bearish,95870.0,96340.0,49.10477810386601,470.0,554.7210320921884,bearish,BALANCE,95713.7,True,1.0,tp,0.8472727241427037,tp
2025-11-16 16:00:00+00:00,bearish,94902.5,95253.9,37.30939190150429,351.3999999999942,623.5679403786186,bearish,BALANCE,94185.4,True,-1.0,sl,0.5635312164808057,tp
2025-11-17 20:00:00+00:00,bearish,92194.1,92366.8,18.796153699642154,172.6999999999971,980.2747241511548,bearish,BALANCE,91880.5,True,-1.0,sl,0.1761751024943979,tp
2025-11-18 03:00:00+00:00,bearish,90900.0,91567.5,73.50358268024345,667.5,941.0209950650058,bearish,IMBALANCE,90811.9,True,1.0,tp,0.7093359271478226,tp
2025-11-19 16:00:00+00:00,bearish,90202.5,91006.4,89.4581986842216,803.8999999999942,902.8402134041052,bearish,BALANCE,89863.2,True,1.0,tp,0.8904122657196815,tp
2025-11-20 16:00:00+00:00,bearish,89885.7,90400.0,58.53930601954379,514.3000000000029,955.6227210785759,bearish,BALANCE,87855.5,True,1.0,tp,0.5381831016109927,tp
2025-11-20 17:00:00+00:00,bearish,88153.9,89804.1,189.27329012308286,1650.2000000000116,1021.0782410015347,bearish,BALANCE,87186.1,True,1.0,tp,-1.0,sl
2025-11-21 03:00:00+00:00,bearish,86109.0,86800.0,80.55256025413108,691.0,1068.2250742215924,bearish,IMBALANCE,85782.5,True,1.0,tp,0.6468674221146912,tp
2025-11-21 08:00:00+00:00,bearish,84667.1,85501.0,99.73735073484315,833.8999999999942,1237.4519310833243,bearish,IMBALANCE,83609.6,True,1.0,tp,0.673884761947849,tp
2025-11-21 10:00:00+00:00,bearish,82881.9,83550.6,80.88483436571407,668.7000000000116,1283.4218181279682,bearish,IMBALANCE,82673.1,True,-1.0,both_sl_first,0.5210290105363742,tp
2025-11-24 18:00:00+00:00,bullish,87678.7,88128.4,50.72248809764131,449.6999999999971,833.1153948905591,bullish,BALANCE,88658.9,True,-1.0,sl,0.5397811668803372,tp
2025-11-26 17:00:00+00:00,bullish,87318.0,87663.4,38.466464348358066,345.3999999999942,784.6531674429832,bullish,BALANCE,89792.5,True,0.0,time,0.44019448889192353,tp
2025-11-26 18:00:00+00:00,bullish,87939.3,89630.3,187.67327315062474,1691.0,780.9207983399126,bullish,BALANCE,90103.4,True,0.0,time,2.165392449009869,tp
2025-11-27 02:00:00+00:00,bullish,90533.0,90832.2,32.75838283951207,299.1999999999971,723.3925709578597,bullish,IMBALANCE,91335.4,True,-1.0,sl,0.4136066805383682,tp
2025-11-28 14:00:00+00:00,bullish,91647.5,91770.0,13.286031446138427,122.5,622.430381937651,bullish,BALANCE,92202.1,True,-1.0,sl,0.19680915899164905,tp
2025-12-01 00:00:00+00:00,bearish,90396.9,91000.9,69.44867639331407,604.0,638.866080273198,bearish,BALANCE,86970.7,True,0.0,time,-1.0,sl
2025-12-01 01:00:00+00:00,bearish,87713.9,90300.0,296.7957398948752,2586.100000000006,651.3685031108263,bearish,BALANCE,87134.0,True,1.0,tp,3.970256448767791,tp
2025-12-01 03:00:00+00:00,bearish,86791.2,86900.0,12.604380022058002,108.80000000000291,678.358556253723,bearish,BALANCE,86319.2,True,1.0,tp,0.1603871566105958,tp
2025-12-01 05:00:00+00:00,bearish,85979.0,86126.0,17.099604615264713,147.0,658.6892653412209,bearish,IMBALANCE,85966.9,True,-1.0,sl,-1.0,sl
2025-12-01 12:00:00+00:00,bearish,86193.0,86500.8,36.04375838737589,307.8000000000029,647.2687809721325,bearish,IMBALANCE,85396.2,True,-1.0,sl,-1.0,sl
2025-12-01 16:00:00+00:00,bearish,85436.6,85810.6,44.239256307346906,374.0,832.8914736918232,bearish,IMBALANCE,84540.3,True,-1.0,sl,-1.0,sl
2025-12-03 02:00:00+00:00,bullish,91716.0,92101.2,41.51568909361692,385.1999999999971,853.7210997084777,bullish,IMBALANCE,92784.2,True,1.0,tp,0.4512012179756747,tp
2025-12-03 03:00:00+00:00,bullish,92465.6,92545.6,8.640316581199535,80.0,830.1195925864428,bullish,IMBALANCE,92589.2,True,1.0,tp,0.09637165622213544,tp
2025-12-05 14:00:00+00:00,bearish,90706.6,91015.7,34.25082552135178,309.09999999999127,633.1916402398746,bearish,BALANCE,90246.0,True,-1.0,sl,-1.0,sl
2025-12-05 17:00:00+00:00,bearish,89509.6,90210.6,78.51764070730842,701.0,815.65584315124,bearish,BALANCE,89279.3,True,-1.0,sl,-1.0,sl
2025-12-08 21:00:00+00:00,bullish,90326.1,90618.0,31.98616672255142,291.8999999999942,705.7449357065412,bullish,BALANCE,91258.2,True,-1.0,sl,-1.0,sl
2025-12-09 16:00:00+00:00,bullish,90597.0,92656.5,218.75411591259606,2059.5,792.8463465771949,bullish,BALANCE,94146.8,True,0.0,time,-1.0,sl
2025-12-09 17:00:00+00:00,bullish,92867.0,93505.0,67.9558393558042,638.0,811.2144646788239,bullish,BALANCE,93884.5,True,-1.0,sl,-1.0,sl
2025-12-11 03:00:00+00:00,bearish,90034.4,90600.0,62.9612024966305,565.6000000000058,799.6141697817401,bearish,BALANCE,89833.1,True,-1.0,sl,0.7073411419840052,tp
2025-12-14 12:00:00+00:00,bearish,89630.8,89740.0,12.217101928892115,109.19999999999709,346.4257909522568,bearish,BALANCE,89382.9,True,1.0,tp,0.31521902483018854,tp
2025-12-15 15:00:00+00:00,bearish,88179.4,89230.2,120.78632958069659,1050.800000000003,624.2671375376864,bearish,BALANCE,86996.6,True,0.0,time,1.683253749580204,tp
2025-12-15 16:00:00+00:00,bearish,87189.9,87800.0,70.64564164677014,610.1000000000058,664.6694848564226,bearish,BALANCE,86360.6,True,-1.0,sl,0.91789981923391,tp
2025-12-15 17:00:00+00:00,bearish,86487.2,86563.6,8.911252555862557,76.40000000000873,683.421664509535,bearish,IMBALANCE,85734.3,True,-1.0,sl,0.11179042744399778,tp
2025-12-17 05:00:00+00:00,bearish,86726.9,87104.2,43.57064495640659,377.3000000000029,613.697655122991,bearish,BALANCE,86595.0,True,-1.0,sl,0.6147978517603908,tp
2025-12-17 19:00:00+00:00,bearish,86149.0,86215.0,7.675962722733759,66.0,981.1793954996555,bearish,BALANCE,85982.7,True,-1.0,both_sl_first,0.06726598652878386,tp
2025-12-18 14:00:00+00:00,bullish,87396.7,87673.8,31.37262893799585,277.1000000000058,742.0841208757383,bullish,BALANCE,88325.4,True,1.0,tp,0.37340780135950086,tp
2025-12-18 20:00:00+00:00,bearish,85248.1,85662.5,49.00731798464432,414.3999999999942,966.3575114323248,bearish,BALANCE,84558.8,True,-1.0,sl,-1.0,sl
2025-12-19 20:00:00+00:00,bullish,87436.3,87569.1,15.079804870958988,132.8000000000029,852.3183426832877,bullish,BALANCE,88064.8,True,0.0,time,0.15581032737359563,tp
2025-12-24 03:00:00+00:00,bearish,87359.4,87470.0,12.667303467818158,110.60000000000582,579.8424597135336,bearish,BALANCE,87311.4,True,1.0,tp,0.19074146459479246,tp
2025-12-25 16:00:00+00:00,bullish,87730.9,87948.9,24.76090956588901,218.0,351.8411045048852,bullish,BALANCE,88042.0,True,-1.0,sl,0.6195978730420714,tp
2025-12-26 03:00:00+00:00,bullish,87477.0,88670.0,134.35259616965592,1193.0,511.75406981595467,bullish,BALANCE,88796.2,True,-1.0,sl,-1.0,sl
2025-12-29 03:00:00+00:00,bullish,88470.5,89049.2,64.23462342771103,578.6999999999971,390.2745874244799,bullish,BALANCE,90091.6,True,-1.0,sl,-1.0,sl
2025-12-29 04:00:00+00:00,bullish,89368.6,89899.9,58.967748093508035,531.2999999999884,396.21925975130273,bullish,BALANCE,90100.1,True,-1.0,sl,-1.0,sl
2025-12-30 22:00:00+00:00,bullish,88189.8,88240.1,5.690837073484536,50.30000000000291,471.34241201204014,bullish,BALANCE,88387.7,True,-1.0,both_sl_first,0.10671647345564414,tp
2026-01-02 09:00:00+00:00,bullish,89024.4,89070.5,5.154875494661833,46.10000000000582,310.9709690431382,bullish,BALANCE,89429.9,True,1.0,tp,0.14824534953168395,tp
2026-01-02 17:00:00+00:00,bullish,89850.0,90131.1,31.122709391840097,281.1000000000058,580.1479955508154,bullish,BALANCE,90319.9,True,-1.0,sl,-1.0,sl
2026-01-03 13:00:00+00:00,bullish,89754.9,89881.8,14.104341002731811,126.90000000000873,388.99056014536984,bullish,BALANCE,89972.3,True,1.0,tp,0.32622899628357704,tp
2026-01-04 01:00:00+00:00,bullish,90665.0,90966.5,33.06283583726286,301.5,372.96331992412337,bullish,IMBALANCE,91190.0,True,1.0,tp,0.8083904874649319,tp
2026-01-05 00:00:00+00:00,bullish,91372.6,91476.5,11.24847214568603,103.89999999999418,353.5153057381555,bullish,IMBALANCE,92368.1,True,1.0,tp,0.2939052378030616,tp
2026-01-05 01:00:00+00:00,bullish,91567.0,92230.5,71.40781557734321,663.5,410.5499267568587,bullish,IMBALANCE,92917.0,True,1.0,tp,-1.0,sl
2026-01-05 02:00:00+00:00,bullish,92396.8,92683.9,30.874154751457276,287.09999999999127,411.99636055994046,bullish,IMBALANCE,92990.4,True,-1.0,sl,-1.0,sl
2026-01-05 15:00:00+00:00,bullish,92984.3,93114.5,13.865829463076862,130.1999999999971,503.6247937221652,bullish,IMBALANCE,93899.9,True,0.0,time,0.2585257946451005,tp
2026-01-06 22:00:00+00:00,bullish,92668.7,92920.1,26.939562794685894,251.40000000000873,672.0536432081965,bullish,BALANCE,93320.0,True,-1.0,sl,0.3740772816882499,tp
2026-01-07 10:00:00+00:00,bearish,91953.0,92656.6,76.54140753077873,703.6000000000058,587.7374219250132,bearish,BALANCE,91924.1,True,1.0,tp,1.197133232890805,tp
2026-01-08 03:00:00+00:00,bearish,91099.9,91259.0,17.525867453330168,159.10000000000582,557.3963322996586,bearish,BALANCE,90780.1,True,1.0,tp,0.2854342427112948,tp
2026-01-08 07:00:00+00:00,bearish,90555.1,90749.3,21.456216391797703,194.1999999999971,602.6739651918623,bearish,IMBALANCE,90509.9,True,1.0,tp,0.32223061093766253,tp
2026-01-09 09:00:00+00:00,bearish,90437.7,90704.0,29.490913520637314,266.3000000000029,512.6534316860291,bearish,BALANCE,90299.0,True,-1.0,sl,-1.0,sl
2026-01-09 19:00:00+00:00,bearish,90772.3,90960.1,20.7995073684307,187.8000000000029,667.4875386201395,bearish,BALANCE,90290.6,True,0.0,time,0.28135356712161225,tp
2026-01-12 16:00:00+00:00,bullish,91100.0,91520.1,45.62396555993407,420.1000000000058,532.2502884352916,bullish,BALANCE,92078.8,True,-1.0,sl,-1.0,sl
2026-01-13 16:00:00+00:00,bullish,92888.0,93009.8,13.048844245224306,121.80000000000291,600.2294864982117,bullish,BALANCE,93341.6,True,1.0,tp,0.2029223867534306,tp
2026-01-13 20:00:00+00:00,bullish,93840.7,94036.0,20.69972050607827,195.3000000000029,593.7994003507763,bullish,IMBALANCE,94349.1,True,1.0,tp,0.3288989512024306,tp
2026-01-13 23:00:00+00:00,bullish,94478.3,95025.6,57.383890151737866,547.3000000000029,767.620000936827,bullish,IMBALANCE,95375.2,True,-1.0,sl,-1.0,sl
2026-01-14 15:00:00+00:00,bullish,95213.6,96129.8,94.75457613305738,916.1999999999971,662.5154391128578,bullish,IMBALANCE,96691.9,True,0.0,time,1.3829111684202153,tp
2026-01-14 20:00:00+00:00,bullish,97065.8,97157.4,9.384668975267019,91.59999999999127,745.7257447316049,bullish,IMBALANCE,97606.0,True,-1.0,sl,-1.0,sl
2026-01-16 16:00:00+00:00,bearish,94950.0,95130.0,18.982015594780368,180.0,504.62622685631453,bearish,BALANCE,94826.6,True,1.0,tp,0.35669965297156936,tp
2026-01-19 00:00:00+00:00,bearish,93614.1,95355.5,187.9378317970429,1741.3999999999942,427.28402967497914,bearish,BALANCE,92658.3,True,0.0,time,-1.0,sl
2026-01-19 01:00:00+00:00,bearish,92825.6,93550.3,78.3102195538897,724.6999999999971,443.3280275553384,bearish,BALANCE,92542.2,True,0.0,time,-1.0,sl
2026-01-19 23:00:00+00:00,bearish,92720.3,92961.4,26.039641601215603,241.09999999999127,366.7210549804803,bearish,BALANCE,92589.6,True,1.0,tp,0.6574479341330134,tp
2026-01-20 05:00:00+00:00,bearish,92042.1,92200.0,17.239854525761427,157.89999999999418,421.83168615825446,bearish,IMBALANCE,91590.1,True,1.0,tp,0.37431991284968436,tp
2026-01-20 06:00:00+00:00,bearish,91603.8,91900.0,32.58723025045488,296.1999999999971,454.59370857552204,bearish,IMBALANCE,90894.5,True,1.0,tp,-1.0,sl
2026-01-20 18:00:00+00:00,bearish,89924.8,89982.9,6.493680676325367,58.09999999999127,575.3466028220497,bearish,IMBALANCE,89471.6,True,1.0,tp,0.10098260720583738,tp
2026-01-20 23:00:00+00:00,bearish,88489.2,89390.5,101.96785631051299,901.3000000000029,643.8674763521292,bearish,IMBALANCE,88390.6,True,-1.0,sl,-1.0,sl
2026-01-21 08:00:00+00:00,bearish,89350.0,89450.0,11.21574151753469,100.0,580.8628289175388,bearish,IMBALANCE,89160.4,True,1.0,tp,0.17215768512224117,tp
2026-01-21 12:00:00+00:00,bearish,88817.8,89019.6,22.752769399893218,201.8000000000029,576.12057103066,bearish,IMBALANCE,88692.5,True,-1.0,sl,-1.0,sl
2026-01-21 17:00:00+00:00,bearish,88132.2,89705.0,178.9367100128563,1572.800000000003,809.544302559363,bearish,BALANCE,87897.0,True,-1.0,sl,-1.0,sl
2026-01-23 20:00:00+00:00,bearish,90124.1,90411.8,32.160918615101565,287.6999999999971,658.7850463483629,bearish,BALANCE,89456.4,True,0.0,time,0.4367130091897419,tp
2026-01-25 19:00:00+00:00,bearish,87469.2,87717.5,28.71868183216665,248.3000000000029,459.2596930664995,bearish,IMBALANCE,86459.4,True,-1.0,sl,0.5406527151165611,tp
2026-01-25 20:00:00+00:00,bearish,86680.0,86777.0,11.198557348735775,97.0,463.66257213317766,bearish,IMBALANCE,86618.3,True,-1.0,both_sl_first,0.20920386037141292,tp
2026-01-27 21:00:00+00:00,bullish,88521.5,88947.3,47.821472492545766,425.8000000000029,614.5122525459971,bullish,BALANCE,89039.5,True,1.0,tp,0.6929072581317282,tp
2026-01-28 12:00:00+00:00,bullish,89682.5,89739.6,6.347618253571877,57.10000000000582,489.68469363519336,bullish,BALANCE,89955.0,True,1.0,tp,0.11660564592313817,tp
2026-01-29 15:00:00+00:00,bearish,87013.7,87907.6,105.29105514853221,893.9000000000087,652.9609566655093,bearish,BALANCE,84898.0,True,1.0,tp,-1.0,both_sl_first
2026-01-29 16:00:00+00:00,bearish,85367.2,86946.1,185.25101988377475,1578.9000000000087,688.1208883322585,bearish,BALANCE,85230.3,True,1.0,tp,2.294509622904585,tp
2026-01-30 02:00:00+00:00,bearish,82514.4,84100.0,193.06424962954284,1585.6000000000058,907.8477189543139,bearish,IMBALANCE,82128.1,True,-1.0,sl,-1.0,sl
2026-01-31 15:00:00+00:00,bearish,81760.0,82449.0,84.78059176606955,689.0,671.583973002944,bearish,IMBALANCE,81268.6,True,1.0,tp,-1.0,both_sl_first
2026-01-31 17:00:00+00:00,bearish,80506.9,81039.7,67.56525411155151,532.8000000000029,900.0147522321296,bearish,IMBALANCE,78857.1,True,1.0,tp,0.5919902964685865,tp
2026-01-31 18:00:00+00:00,bearish,79100.0,80050.0,121.79986871256256,950.0,1092.870841358406,bearish,IMBALANCE,77996.8,True,0.0,time,0.869270149818596,tp
2026-02-03 17:00:00+00:00,bearish,76500.0,77000.5,66.83813552984414,500.5,881.5770630061105,bearish,BALANCE,74882.4,True,1.0,tp,0.5677325568037467,tp
2026-02-03 18:00:00+00:00,bearish,75267.8,76448.0,161.42423168931882,1180.199999999997,973.4501299342456,bearish,BALANCE,73111.7,True,-1.0,sl,-1.0,sl
2026-02-04 14:00:00+00:00,bearish,75764.4,75968.5,27.45903679457194,204.10000000000582,848.4589375727256,bearish,BALANCE,74328.9,True,1.0,tp,-1.0,both_sl_first
2026-02-05 03:00:00+00:00,bearish,71850.0,71950.0,14.045160810068696,100.0,1093.3647355761989,bearish,IMBALANCE,71198.9,True,1.0,tp,0.09146078773731522,tp
2026-02-05 16:00:00+00:00,bearish,68667.4,69247.3,84.95122519326203,579.9000000000087,1237.2850978619192,bearish,IMBALANCE,68262.7,True,1.0,tp,0.4686874520691294,tp
2026-02-05 18:00:00+00:00,bearish,66519.2,66904.2,58.05878565148743,385.0,1297.1907221360432,bearish,IMBALANCE,66312.1,True,1.0,tp,0.29679521556092536,tp
2026-02-05 21:00:00+00:00,bearish,64759.2,65160.0,63.42896209454886,400.8000000000029,1492.8083515061546,bearish,IMBALANCE,63188.8,True,1.0,tp,0.2684872439222492,tp
2026-02-07 07:00:00+00:00,bearish,69050.0,69906.4,125.84771603441477,856.3999999999942,1286.9004340678937,bearish,BALANCE,68050.5,True,-1.0,sl,-1.0,sl
2026-02-12 17:00:00+00:00,bearish,66238.8,66958.0,109.9964976087381,719.1999999999971,773.2854803526799,bearish,BALANCE,65383.9,True,-1.0,sl,-1.0,sl
2026-02-16 14:00:00+00:00,bearish,68684.4,68769.0,12.370826491116814,84.60000000000582,587.1938213720213,bearish,BALANCE,68386.7,True,1.0,tp,0.14407508546723263,tp
2026-02-16 16:00:00+00:00,bearish,67950.0,68208.6,38.11123883632591,258.6000000000058,628.3416112850589,bearish,BALANCE,67854.0,True,-1.0,sl,0.4115595646628109,tp
2026-02-17 15:00:00+00:00,bearish,67381.5,67700.3,47.32526171404184,318.8000000000029,589.2315301310308,bearish,BALANCE,67363.6,True,-1.0,sl,-1.0,sl
2026-02-18 12:00:00+00:00,bearish,67658.0,67704.0,6.821909600799646,46.0,481.49224307833623,bearish,BALANCE,67429.8,True,1.0,tp,0.09553632620518936,tp
2026-02-18 19:00:00+00:00,bearish,66588.0,67021.8,65.58993138609803,433.8000000000029,602.8037018688702,bearish,BALANCE,66138.2,True,-1.0,sl,-1.0,sl
2026-02-23 01:00:00+00:00,bearish,66705.8,67435.5,113.32997862929234,729.6999999999971,470.4150597679629,bearish,BALANCE,64387.2,True,0.0,time,-1.0,sl
2026-02-23 02:00:00+00:00,bearish,64877.2,66680.1,278.47284005535914,1802.9000000000087,479.9139840702508,bearish,BALANCE,64742.4,True,0.0,time,-1.0,sl
2026-02-24 02:00:00+00:00,bearish,64480.0,64625.7,22.737097048546445,145.6999999999971,601.055430151507,bearish,IMBALANCE,64080.3,True,1.0,tp,0.24240692736653355,tp
2026-02-24 04:00:00+00:00,bearish,63606.3,63962.2,56.19041905200877,355.8999999999942,626.0600392632896,bearish,IMBALANCE,63338.2,True,1.0,tp,0.5684758292811585,tp
2026-02-24 22:00:00+00:00,bearish,64200.0,64281.5,12.716135293438473,81.5,554.5797217533297,bearish,BALANCE,64091.8,True,1.0,tp,0.14695813208303668,tp
2026-02-25 13:00:00+00:00,bullish,65457.3,65987.3,80.04893557571043,530.0,581.1803804167472,bullish,BALANCE,66209.5,True,1.0,tp,0.9119371848374451,tp
2026-02-25 16:00:00+00:00,bullish,66985.5,67354.2,54.02205717517493,368.6999999999971,640.1489780523304,bullish,BALANCE,68249.9,True,1.0,tp,0.5759596791387197,tp
2026-02-25 17:00:00+00:00,bullish,67548.0,67977.7,62.615117390594335,429.6999999999971,656.159765334307,bullish,BALANCE,68625.6,True,1.0,tp,0.654870997433179,tp
2026-02-27 17:00:00+00:00,bearish,65724.3,65804.8,12.257701033910434,80.5,590.4631054881733,bearish,BALANCE,65673.0,True,1.0,tp,0.13633366632356347,tp
2026-02-28 07:00:00+00:00,bearish,64298.7,65462.1,182.38425795285687,1163.4000000000015,649.0243904107673,bearish,IMBALANCE,63788.4,True,-1.0,sl,-1.0,sl
