ts,event_side,gap_low,gap_high,gap_bps,atr,structure_regime,vol_regime,regime_bias,range_pos,trend_alignment,range_zone,high_vol_size_bucket,mfe_r_fast,mae_r_fast,hit_outcome_fast,hit_outcome_slow,full_fill_fast,full_fill_slow
2022-03-03 16:00:00+00:00,bearish,0.7511,0.7623,150.275057024017,0.010031036662932613,BALANCE,NORMAL_VOL,bearish,0.017738359201771914,other,edge,other,2.253007416821937,1.3458230144732906,plus,plus,0,1
2022-03-04 01:00:00+00:00,bearish,0.736,0.7493,180.78020932445258,0.010663637165800674,IMBALANCE,NORMAL_VOL,bearish,0.18008474576271313,trend_aligned,other,other,4.10741657081797,0.9940323207915568,plus,plus,0,1
2022-03-04 19:00:00+00:00,bearish,0.7302,0.735,67.24572709442458,0.00998066492331658,IMBALANCE,HIGH_VOL,bearish,0.0,trend_aligned,other,high_vol_regular,2.1942425848640403,5.520674266027787,plus,plus,1,1
2022-03-04 20:00:00+00:00,bearish,0.7199,0.7295,134.04077073443247,0.010160617428793964,BALANCE,NORMAL_VOL,bearish,0.1100478468899508,other,edge,other,2.3915869454091165,5.186692675846119,plus,plus,1,1
2022-03-05 09:00:00+00:00,bullish,0.7255,0.7286,42.28041462084004,0.008820410408005155,BALANCE,NORMAL_VOL,bearish,0.8082191780821913,other,other,other,4.047430714516385,0.7936138655914473,plus,plus,0,1
2022-03-05 13:00:00+00:00,bullish,0.7375,0.7389,18.464785017145303,0.009995880405639193,BALANCE,NORMAL_VOL,neutral,1.0,other,edge,other,1.0704409782617668,3.1512982070322884,plus,plus,1,1
2022-03-05 14:00:00+00:00,bullish,0.7482,0.7515,43.570108265117106,0.010524746090950684,BALANCE,NORMAL_VOL,neutral,0.9747023809523805,other,edge,other,0.8741303515065573,2.9169349773099245,minus,minus,1,1
2022-03-06 10:00:00+00:00,bearish,0.736,0.741,68.30601092896181,0.009083448199867514,BALANCE,NORMAL_VOL,neutral,0.0053908355795142275,other,edge,other,2.7962949136838198,2.3999696503270647,minus,minus,1,1
2022-03-07 00:00:00+00:00,bearish,0.726,0.7394,187.04634282523685,0.010323301745289209,BALANCE,HIGH_VOL,bearish,0.0,other,edge,high_vol_regular,1.3949025568850755,3.6228719185764944,minus,minus,1,1
2022-03-07 06:00:00+00:00,bullish,0.723,0.727,53.56903709655823,0.011135027546701107,BALANCE,HIGH_VOL,neutral,0.995037220843673,other,edge,high_vol_regular,0.5657821656549405,4.014359175361269,minus,minus,1,1
2022-03-07 07:00:00+00:00,bullish,0.7312,0.7334,29.81433798617822,0.011396811293365307,BALANCE,NORMAL_VOL,neutral,0.6631355932203385,other,middle,other,1.3249320017074002,3.150003898099054,plus,plus,1,1
2022-03-07 19:00:00+00:00,bearish,0.7297,0.7342,63.26444538169476,0.011513398690702717,BALANCE,HIGH_VOL,bearish,0.09957627118644143,other,edge,high_vol_regular,0.8077545345068271,1.7197354605629003,minus,minus,0,1
2022-03-07 20:00:00+00:00,bearish,0.7171,0.7213,58.68380606399458,0.011769584498509665,BALANCE,NORMAL_VOL,bearish,0.19279661016949137,other,other,other,0.24639782316590947,1.3084574057775793,minus,minus,1,1
2022-03-09 04:00:00+00:00,bullish,0.7309,0.7412,137.70053475935796,0.008628526041420817,BALANCE,NORMAL_VOL,neutral,0.9210526315789473,other,edge,other,3.6390919896707525,1.2053043532667427,plus,plus,0,1
2022-03-09 16:00:00+00:00,bullish,0.7584,0.7598,18.37511484446867,0.009261226575066787,IMBALANCE,NORMAL_VOL,bullish,0.8717472118959106,trend_aligned,other,other,1.8895985168005416,4.437857088028713,plus,plus,1,1
2022-03-10 02:00:00+00:00,bearish,0.7615,0.7632,22.504633306857755,0.00995940198272422,BALANCE,NORMAL_VOL,bullish,0.3478260869565202,other,middle,other,3.474104174127907,0.5020381754520107,plus,plus,0,1
2022-03-10 05:00:00+00:00,bearish,0.7398,0.7534,185.66552901023817,0.010719462884856092,BALANCE,HIGH_VOL,neutral,0.0,other,edge,high_vol_regular,1.0914725976176665,1.4459679712028821,both,both,0,1
2022-03-10 14:00:00+00:00,bearish,0.7306,0.731,5.481704810195367,0.009793335811162597,BALANCE,NORMAL_VOL,bearish,0.15187713310580242,other,other,other,0.367596911758781,2.1749483945727577,minus,minus,1,1
2022-03-11 06:00:00+00:00,bullish,0.7388,0.742,42.895442359249074,0.008322753722695862,BALANCE,NORMAL_VOL,neutral,0.926470588235294,other,edge,other,12.315635355217358,2.595294865099456,minus,minus,1,1
2022-03-11 09:00:00+00:00,bearish,0.7417,0.7441,32.50270855904602,0.008109544434680325,BALANCE,NORMAL_VOL,bearish,0.5827814569536406,other,middle,other,1.7263608471185072,13.576594947696368,minus,minus,1,1
2022-03-11 20:00:00+00:00,bullish,0.7299,0.7361,81.05634723493245,0.010085257658070163,BALANCE,NORMAL_VOL,neutral,1.0,other,edge,other,8.289327138122623,0.029746389251643936,plus,plus,0,0
2022-03-11 21:00:00+00:00,bullish,0.7364,0.7646,349.05310063126495,0.012879167825350868,BALANCE,HIGH_VOL,bullish,1.0,other,edge,high_vol_large,3.152377587632997,2.3448719986826685,minus,minus,0,0
2022-03-11 22:00:00+00:00,bullish,0.773,0.7859,160.54760423148753,0.013866370123540087,BALANCE,HIGH_VOL,bullish,0.8847874720357943,other,edge,high_vol_regular,3.2452617086577185,1.86061671296376,plus,plus,0,1
2022-03-12 01:00:00+00:00,bullish,0.8088,0.8174,102.5029797377837,0.01591385392179941,IMBALANCE,HIGH_VOL,bullish,1.0,trend_aligned,other,high_vol_regular,0.5969641324271928,3.851989612398598,minus,minus,1,1
2022-03-12 04:00:00+00:00,bearish,0.8172,0.823,71.49901380670508,0.016234998930828477,IMBALANCE,NORMAL_VOL,bullish,0.6994359387590653,trend_counter,other,other,2.063443314208495,0.43116725968535646,plus,plus,0,0
2022-03-12 07:00:00+00:00,bearish,0.8015,0.8063,60.27878940097986,0.015824924435506624,IMBALANCE,NORMAL_VOL,bullish,0.5793714746172439,trend_counter,other,other,1.1753610625948365,0.6824677137647436,plus,plus,1,1
2022-03-13 23:00:00+00:00,bearish,0.7634,0.7843,275.0723874703873,0.010371997290439505,BALANCE,NORMAL_VOL,neutral,0.1953405017921152,other,other,other,1.4944084119928718,1.7161593376434123,plus,plus,0,1
2022-03-16 04:00:00+00:00,bearish,0.7623,0.7668,59.17937927406707,0.008820186632048544,BALANCE,NORMAL_VOL,bearish,0.4094650205761302,other,middle,other,0.4421675144411559,4.319636487232817,minus,minus,1,1
2022-03-16 20:00:00+00:00,bullish,0.7709,0.7843,170.15873015872975,0.009380765925597234,BALANCE,NORMAL_VOL,bullish,0.9509202453987717,other,edge,other,1.172612139269394,0.7675279457036011,plus,plus,0,0
2022-03-17 13:00:00+00:00,bullish,0.7889,0.7919,37.660055234747716,0.007597493544658123,IMBALANCE,NORMAL_VOL,bullish,0.9547619047619045,trend_aligned,other,other,0.7634096647674111,2.737745004683107,minus,minus,1,1
2022-03-19 06:00:00+00:00,bullish,0.7985,0.8082,119.06223149625681,0.007448160077779552,BALANCE,NORMAL_VOL,bullish,0.8329764453961449,other,other,other,1.6514145603147212,1.0606646362997034,minus,minus,0,1
2022-03-21 03:00:00+00:00,bearish,0.7994,0.8028,42.579837194739625,0.0074785630344042595,BALANCE,NORMAL_VOL,bearish,0.43103448275862044,other,middle,other,0.20057329103189614,8.464192881546326,minus,minus,1,1
2022-03-21 06:00:00+00:00,bullish,0.8022,0.803,9.907120743034339,0.007229957356627605,BALANCE,NORMAL_VOL,neutral,0.8052434456928842,other,other,other,7.980683308886623,0.331952165360963,plus,plus,0,0
2022-03-21 18:00:00+00:00,bullish,0.8161,0.8196,42.23482563050498,0.008502414901332014,BALANCE,NORMAL_VOL,bullish,0.9323144104803495,other,edge,other,4.2928980088094475,0.31755683900782655,plus,plus,0,1
2022-03-21 20:00:00+00:00,bullish,0.8348,0.8375,32.20035778175355,0.009999021011862811,BALANCE,NORMAL_VOL,bullish,0.8508914100486226,other,edge,other,2.670261415424884,1.1701145528266412,plus,plus,1,1
2022-03-22 07:00:00+00:00,bearish,0.8488,0.8498,11.80637544273909,0.009705446812304426,IMBALANCE,NORMAL_VOL,bullish,0.6812609457092816,trend_counter,other,other,2.751032540423597,1.081866729380075,minus,minus,1,1
2022-03-22 16:00:00+00:00,bearish,0.8394,0.8437,51.251489868891184,0.008707934967258975,BALANCE,NORMAL_VOL,bullish,0.1987767584097847,other,other,other,2.675720487992368,0.8038645242895537,plus,plus,1,1
2022-03-22 22:00:00+00:00,bullish,0.8354,0.8363,10.72449952335572,0.00840405341994253,BALANCE,NORMAL_VOL,bullish,0.3229166666666659,other,middle,other,0.8091333622254068,2.7962697076907284,minus,minus,1,1
2022-03-23 15:00:00+00:00,bullish,0.8284,0.8313,34.56907855525109,0.007748528891258602,BALANCE,NORMAL_VOL,bullish,0.7656765676567658,other,other,other,1.226039178961746,1.7938889039545456,minus,minus,1,1
2022-03-23 18:00:00+00:00,bearish,0.8331,0.8342,13.299480111233237,0.008276063401638174,BALANCE,NORMAL_VOL,neutral,0.3762376237623752,other,middle,other,0.14499647256960954,2.791182096965034,minus,minus,1,1
2022-03-25 16:00:00+00:00,bearish,0.835,0.8376,31.515151515152084,0.006878544697105897,BALANCE,NORMAL_VOL,neutral,0.0,other,edge,other,1.0176571219992523,1.4247199707989566,plus,plus,0,1
2022-03-25 17:00:00+00:00,bearish,0.8284,0.8294,12.12268153715603,0.007130077218741196,BALANCE,NORMAL_VOL,bearish,0.1498257839721241,other,edge,other,0.6311292096769769,1.388484261289368,minus,minus,1,1
2022-03-27 01:00:00+00:00,bullish,0.8336,0.8354,21.513087128003153,0.00487045789104972,BALANCE,NORMAL_VOL,neutral,0.6910112359550578,other,middle,other,7.001395097299674,1.8478755388767474,minus,minus,1,1
2022-03-27 13:00:00+00:00,bearish,0.834,0.8357,20.398368130549972,0.0048001639910373855,BALANCE,NORMAL_VOL,neutral,0.3899371069182401,other,middle,other,0.3749871886379068,14.770328708015127,minus,minus,1,1
2022-03-27 21:00:00+00:00,bullish,0.8418,0.8447,34.025577848175686,0.006023214203607138,BALANCE,NORMAL_VOL,bullish,1.0,other,edge,other,9.978061209247349,0.514675370194121,plus,plus,0,0
2022-03-28 14:00:00+00:00,bullish,0.8741,0.878,44.04788796024412,0.009433446609840686,IMBALANCE,NORMAL_VOL,bullish,0.7179104477611934,trend_aligned,other,other,2.8621564436305222,3.7526051149822353,minus,minus,1,1
2022-03-28 19:00:00+00:00,bullish,0.8856,0.8926,77.93364506791244,0.011503932684498236,IMBALANCE,NORMAL_VOL,bullish,0.7660626029654037,trend_aligned,other,other,0.29555110354405345,4.8852858879929455,minus,minus,1,1
2022-03-29 00:00:00+00:00,bearish,0.8744,0.8835,104.33386837881217,0.013662655586633174,BALANCE,NORMAL_VOL,bullish,0.35576923076923067,other,middle,other,2.2104048373689595,0.9880948776318244,plus,plus,1,1
2022-03-29 12:00:00+00:00,bullish,0.8773,0.878,7.968127490040227,0.010407075701330567,BALANCE,NORMAL_VOL,bullish,0.45673076923076866,other,middle,other,0.16335040205220053,3.5072292205324667,minus,minus,1,1
2022-03-29 16:00:00+00:00,bearish,0.8627,0.8731,120.81784386617059,0.011563163502335022,BALANCE,NORMAL_VOL,neutral,0.20930232558139605,other,other,other,1.3664080765449216,0.8561670859363747,plus,plus,0,1
2022-03-31 14:00:00+00:00,bearish,0.8521,0.8645,149.02055041461458,0.013237731929646732,BALANCE,HIGH_VOL,bearish,0.0,other,edge,high_vol_regular,2.4248866928714534,0.6572122812455391,plus,plus,0,0
2022-03-31 15:00:00+00:00,bearish,0.8346,0.8515,205.32134613048262,0.013306465363243394,BALANCE,NORMAL_VOL,bearish,0.49554896142433286,other,middle,other,1.7359982060908086,1.4278773123690556,plus,plus,0,1
2022-03-31 17:00:00+00:00,bearish,0.8124,0.8204,98.60717367188471,0.013864758399939458,BALANCE,NORMAL_VOL,bearish,0.3788328387734917,other,middle,other,0.4543894540583904,2.6325738211319543,minus,minus,1,1
2022-04-04 01:00:00+00:00,bearish,0.8346,0.8412,79.36507936507863,0.007439944911936231,BALANCE,NORMAL_VOL,bearish,0.1920000000000009,other,other,other,3.8709964039915055,1.115599658094769,plus,plus,0,0
2022-04-04 18:00:00+00:00,bearish,0.8166,0.8175,11.02941176470603,0.008792270001495519,BALANCE,NORMAL_VOL,bearish,0.2693877551020404,other,other,other,0.28434067647771394,2.365714428294635,minus,minus,1,1
2022-04-06 00:00:00+00:00,bearish,0.8179,0.8205,32.39875389408158,0.009353552362558002,BALANCE,NORMAL_VOL,bearish,0.0,other,edge,other,5.452473886194465,1.6785066669265347,minus,minus,0,0
2022-04-06 01:00:00+00:00,bearish,0.8086,0.815,79.15893630179298,0.009192584336661,BALANCE,NORMAL_VOL,bearish,0.528333333333333,other,middle,other,6.200650210265465,1.0551983691153548,minus,minus,1,1
2022-04-06 08:00:00+00:00,bearish,0.8109,0.8124,18.54370132278473,0.007722349605444344,BALANCE,NORMAL_VOL,bearish,0.5349999999999989,other,middle,other,7.432970913351599,0.37553337367107553,plus,plus,0,0
2022-04-06 12:00:00+00:00,bearish,0.7997,0.803,41.61937192584286,0.008472382004401697,IMBALANCE,NORMAL_VOL,bearish,0.26833333333333365,trend_aligned,other,other,4.886465220582755,0.46031918744618905,plus,plus,0,0
2022-04-06 14:00:00+00:00,bearish,0.7839,0.7901,79.5075660425748,0.010580268156856568,IMBALANCE,NORMAL_VOL,bearish,0.23125996810207453,trend_aligned,other,other,2.674790428790807,0.9451556285479753,plus,plus,0,1
2022-04-06 23:00:00+00:00,bearish,0.7726,0.7734,10.538795942563864,0.0121458892567143,IMBALANCE,NORMAL_VOL,bearish,0.04523424878836869,trend_aligned,other,other,0.6257261069459149,2.6264030015229705,minus,minus,1,1
2022-04-07 12:00:00+00:00,bullish,0.7766,0.7801,44.757033248082585,0.010004772524994902,BALANCE,NORMAL_VOL,bearish,0.8288043478260879,other,other,other,1.1494514214360725,1.5892415305072742,minus,minus,1,1
2022-04-08 12:00:00+00:00,bearish,0.7731,0.7773,54.787372815027155,0.006720473801803289,BALANCE,NORMAL_VOL,bearish,0.0,other,edge,other,3.1396595868490973,1.5326300352865467,plus,plus,0,0
2022-04-08 15:00:00+00:00,bullish,0.7685,0.7704,24.633735252171824,0.007256407049038564,BALANCE,NORMAL_VOL,bearish,0.34124629080118607,other,middle,other,0.3445231204789283,3.555478603342449,minus,minus,1,1
2022-04-08 18:00:00+00:00,bearish,0.7637,0.7664,35.50295857988067,0.007698296751726585,IMBALANCE,NORMAL_VOL,bearish,0.03508771929824499,trend_aligned,other,other,1.9484829545750728,0.7664032954662024,plus,plus,1,1
2022-04-10 22:00:00+00:00,bearish,0.762,0.7675,72.73208145993057,0.005031239939464701,BALANCE,NORMAL_VOL,bearish,0.06703910614525012,other,edge,other,15.324254245008836,0.5565228519588217,plus,plus,0,0
2022-04-11 03:00:00+00:00,bearish,0.7387,0.7483,130.04605797886674,0.006482035146895027,BALANCE,NORMAL_VOL,bearish,0.17380952380952303,other,other,other,9.117506872561396,0.9102079618969958,plus,plus,0,0
2022-04-11 09:00:00+00:00,bearish,0.733,0.741,112.62846684499516,0.007580659324206594,IMBALANCE,NORMAL_VOL,bearish,0.0,trend_aligned,other,other,4.1157369914213175,1.3455294010415826,minus,minus,0,1
2022-04-11 10:00:00+00:00,bearish,0.7205,0.7312,148.569841710635,0.008246326515334695,IMBALANCE,NORMAL_VOL,bearish,0.1648177496038028,trend_aligned,other,other,4.984037428492702,0.0,plus,plus,0,1
2022-04-12 15:00:00+00:00,bearish,0.7108,0.7119,15.54770318021187,0.008781902238741982,BALANCE,NORMAL_VOL,bearish,0.6826923076923077,other,middle,other,1.7536064034124386,2.0838309858732247,plus,plus,1,1
2022-04-12 19:00:00+00:00,bearish,0.6978,0.7049,102.43832058865958,0.00832116331322131,BALANCE,NORMAL_VOL,bearish,0.051546391752579246,other,edge,other,0.1201755045969502,3.9297390003202626,minus,minus,1,1
2022-04-12 22:00:00+00:00,bullish,0.6983,0.7014,43.853444617343214,0.008113118002604666,BALANCE,NORMAL_VOL,bearish,0.5174825174825156,other,middle,other,2.3295605948209186,0.677914458810313,plus,plus,0,0
2022-04-13 00:00:00+00:00,bullish,0.7081,0.7119,53.25112107623354,0.008689372155307086,BALANCE,NORMAL_VOL,bearish,0.6379821958456972,other,middle,other,1.8988713689656491,1.404013981901876,plus,plus,1,1
2022-04-13 07:00:00+00:00,bearish,0.7143,0.7165,30.803696443572946,0.00765767344008044,BALANCE,NORMAL_VOL,bearish,0.6557863501483658,other,middle,other,1.6715259667517848,3.4997574928865762,minus,minus,1,1
2022-04-13 14:00:00+00:00,bullish,0.7077,0.7107,41.98740377886638,0.007947849374548215,BALANCE,NORMAL_VOL,neutral,0.6646884272997035,other,middle,other,3.3342353070834743,0.16356626034750132,plus,plus,0,1
2022-04-14 01:00:00+00:00,bullish,0.7248,0.7277,39.49339507013501,0.006878268143921796,BALANCE,NORMAL_VOL,bullish,1.0,other,edge,other,1.0613136689721765,3.8963296340347853,minus,minus,1,1
2022-04-15 02:00:00+00:00,bullish,0.7351,0.7401,65.59958016268702,0.009618005826503628,BALANCE,NORMAL_VOL,bullish,1.0,other,edge,other,3.930128623527903,0.33270930146267713,plus,plus,0,0
2022-04-15 03:00:00+00:00,bullish,0.7416,0.759,221.28958412819497,0.011145291124610514,BALANCE,HIGH_VOL,bullish,1.0,other,edge,high_vol_regular,1.229218676015411,2.0905689891356904,minus,minus,0,0
2022-04-15 04:00:00+00:00,bullish,0.7641,0.7763,155.9304703476481,0.01184919890142405,BALANCE,HIGH_VOL,bullish,0.9078787878787873,other,edge,high_vol_regular,1.485332480821541,1.6372414845419179,minus,minus,1,1
2022-04-15 21:00:00+00:00,bullish,0.7749,0.7766,21.820048774225697,0.010712983272841916,IMBALANCE,NORMAL_VOL,bullish,0.7400000000000003,trend_aligned,other,other,1.9509038208789926,1.2788221218202034,plus,plus,1,1
2022-04-16 08:00:00+00:00,bearish,0.7774,0.7829,70.89456045372596,0.00963068398540749,BALANCE,NORMAL_VOL,bullish,0.3459459459459465,other,middle,other,1.0798817628901811,1.007197413464866,plus,plus,1,1
2022-04-16 16:00:00+00:00,bearish,0.7723,0.7754,40.17625712804551,0.008101527704200312,BALANCE,NORMAL_VOL,bullish,0.17919075144508584,other,other,other,0.44436063560376193,1.7650991914260965,minus,minus,1,1
2022-04-18 00:00:00+00:00,bearish,0.7528,0.765,162.4284382905071,0.00782068628910073,BALANCE,NORMAL_VOL,bearish,0.09844559585492274,other,edge,other,3.247796812333285,3.2350102107099272,minus,minus,1,1
2022-04-18 05:00:00+00:00,bearish,0.7358,0.7545,254.733687508513,0.009202942922478502,BALANCE,NORMAL_VOL,bearish,0.13953488372092954,other,edge,other,0.5324383777314969,4.596355791437195,minus,minus,1,1
2022-04-18 18:00:00+00:00,bullish,0.7493,0.7535,55.22682445759345,0.008807662298389455,BALANCE,NORMAL_VOL,neutral,0.7295597484276722,other,other,other,2.452410102502429,0.5449800227783064,plus,plus,0,1
2022-04-20 01:00:00+00:00,bearish,0.7702,0.7714,15.60265245091638,0.006898285979744322,BALANCE,NORMAL_VOL,bullish,0.4491525423728824,other,middle,other,4.029986591108307,0.5508614764824332,plus,plus,1,1
2022-04-20 08:00:00+00:00,bearish,0.7651,0.7672,27.544596012591697,0.0059963907856705745,BALANCE,NORMAL_VOL,neutral,0.07943925233644514,other,edge,other,3.518783340542473,1.7510533211230417,minus,minus,1,1
2022-04-20 14:00:00+00:00,bearish,0.7608,0.7675,88.33223467369716,0.006943632424599847,BALANCE,NORMAL_VOL,neutral,0.1578947368421036,other,other,other,2.4770896482169715,0.7776909360681296,plus,plus,0,1
2022-04-20 19:00:00+00:00,bearish,0.7484,0.7516,42.80363830925751,0.006975367060277992,BALANCE,NORMAL_VOL,bearish,0.1810344827586228,other,other,other,0.7311443191344744,3.0249304183798897,minus,minus,1,1
2022-04-21 11:00:00+00:00,bullish,0.7508,0.7532,31.767041694241666,0.006346870518457721,BALANCE,NORMAL_VOL,bearish,0.8160919540229841,other,other,other,2.0797651317467993,6.270806988145597,plus,plus,1,1
2022-04-21 18:00:00+00:00,bearish,0.753,0.7573,57.37158105403562,0.0067365111487447055,BALANCE,NORMAL_VOL,bearish,0.2671755725190842,other,other,other,5.344012531873912,0.23751166808327512,plus,plus,0,0
2022-04-21 21:00:00+00:00,bearish,0.7387,0.7434,63.90210740992421,0.0075923524029854654,BALANCE,NORMAL_VOL,bearish,0.16372795969773427,other,other,other,2.8976526420650837,0.3687921544446353,plus,plus,0,0
2022-04-21 23:00:00+00:00,bearish,0.7329,0.7335,8.195601693758297,0.008575038551553796,BALANCE,NORMAL_VOL,bearish,0.3094339622641501,other,middle,other,2.16908645811623,0.7230288193720766,plus,plus,1,1
2022-04-22 17:00:00+00:00,bullish,0.7218,0.7241,31.75479773574442,0.008247751848198506,BALANCE,NORMAL_VOL,bearish,0.4285714285714298,other,middle,other,0.8365916102952372,2.2915335412435103,minus,minus,1,1
2022-04-22 22:00:00+00:00,bearish,0.722,0.7248,38.921323324993395,0.008055668075379984,BALANCE,NORMAL_VOL,bearish,0.2379032258064529,other,other,other,1.7379067594390223,0.9061942388503431,plus,plus,1,1
2022-04-24 00:00:00+00:00,bearish,0.7099,0.7109,14.12229911029517,0.004855185203645674,BALANCE,NORMAL_VOL,bearish,0.4575163398692787,other,middle,other,8.156228514262446,0.7414753194784146,plus,plus,1,1
2022-04-25 01:00:00+00:00,bearish,0.6811,0.6968,231.22238586156018,0.006926629201199873,IMBALANCE,NORMAL_VOL,bearish,0.2436194895591661,trend_aligned,other,other,5.024088772352905,3.9557480563927956,plus,plus,1,1
2022-04-25 06:00:00+00:00,bearish,0.673,0.6757,41.265474552956206,0.007400444636165563,IMBALANCE,NORMAL_VOL,bearish,0.0,trend_aligned,other,other,1.364782860565142,7.040117528261778,plus,plus,1,1
2022-04-25 07:00:00+00:00,bearish,0.6565,0.6713,227.23783202825172,0.00775041287643945,IMBALANCE,NORMAL_VOL,bearish,0.0,trend_aligned,other,other,0.7741523059035293,7.109298675880742,minus,minus,1,1
2022-04-25 12:00:00+00:00,bullish,0.6552,0.6638,129.30386408058848,0.008063781549599552,IMBALANCE,NORMAL_VOL,bearish,0.33493589743589786,trend_counter,other,other,5.121666521590105,0.6448587387958463,plus,plus,0,1
2022-04-25 20:00:00+00:00,bullish,0.6815,0.6833,26.265868962498523,0.00850657494707789,BALANCE,NORMAL_VOL,bearish,0.7405405405405411,other,other,other,2.480434267759918,5.772005807915261,plus,plus,1,1
2022-04-25 22:00:00+00:00,bullish,0.6884,0.6888,5.744650294412694,0.00854036309212328,BALANCE,NORMAL_VOL,neutral,1.0,other,edge,other,1.1826195082168298,7.037171529092232,plus,plus,1,1
2022-04-26 07:00:00+00:00,bearish,0.6871,0.6916,65.59766763848322,0.008116002804338544,BALANCE,NORMAL_VOL,bearish,0.6363636363636371,other,middle,other,7.39280178266154,0.5298174610907397,plus,plus,0,0
2022-04-26 14:00:00+00:00,bearish,0.6661,0.6716,83.66291451171205,0.008437436129056912,BALANCE,NORMAL_VOL,bearish,0.0,other,edge,other,3.7215096528985154,0.6281529031962432,plus,plus,0,0
2022-04-26 15:00:00+00:00,bearish,0.66,0.6647,72.0085797456707,0.008534762119838564,BALANCE,NORMAL_VOL,bearish,0.0,other,edge,other,3.128382446411404,1.171678818880679,plus,plus,0,0
2022-04-26 23:00:00+00:00,bearish,0.6461,0.647,14.02743142144657,0.009992533324816436,IMBALANCE,HIGH_VOL,bearish,0.0847723704866556,trend_aligned,other,high_vol_regular,0.620463279777341,2.1115766456938605,minus,minus,1,1
2022-04-27 09:00:00+00:00,bearish,0.6526,0.6567,62.96068796068785,0.008562026642168492,BALANCE,NORMAL_VOL,bearish,0.5,other,middle,other,1.296422034630427,0.9927556121043755,plus,plus,1,1
2022-04-28 14:00:00+00:00,bearish,0.6418,0.6437,29.67359050445124,0.00658422036380112,BALANCE,NORMAL_VOL,bearish,0.150753768844221,other,other,other,4.298155048939186,1.7162244541700609,minus,minus,1,1
2022-04-29 10:00:00+00:00,bearish,0.6312,0.6365,85.89951377633666,0.006573181871670546,IMBALANCE,NORMAL_VOL,bearish,0.0,trend_aligned,other,other,2.8753198023405178,1.7951732099268864,minus,minus,0,0
2022-04-29 11:00:00+00:00,bearish,0.6205,0.6308,166.42430117951164,0.00650366888083694,IMBALANCE,NORMAL_VOL,bearish,0.1742424242424248,trend_aligned,other,other,3.198194800674315,1.5222177176286404,plus,plus,0,0
2022-04-29 17:00:00+00:00,bearish,0.6131,0.618,80.34103951467479,0.006905527005521146,IMBALANCE,NORMAL_VOL,bearish,0.07980049875311668,trend_aligned,other,other,1.7087761716905356,2.736938105504329,plus,plus,1,1
2022-04-30 15:00:00+00:00,bearish,0.6183,0.6188,8.118201006657833,0.00665791692173625,BALANCE,NORMAL_VOL,bearish,0.5798045602605865,other,middle,other,8.260842039112912,0.3454533943628986,plus,plus,0,1
2022-04-30 18:00:00+00:00,bearish,0.6109,0.6125,26.25964221237561,0.00685216599018023,BALANCE,NORMAL_VOL,bearish,0.26415094339622586,other,other,other,7.063459943813613,0.583757020149886,plus,plus,1,1
2022-05-01 00:00:00+00:00,bearish,0.5894,0.6035,241.23182207014543,0.00977315239224513,IMBALANCE,NORMAL_VOL,bearish,0.3475699558173791,trend_aligned,other,other,0.9720507384636906,3.642632240979697,minus,minus,1,1
2022-05-01 16:00:00+00:00,bullish,0.5932,0.6019,143.6829066886877,0.007721906841182792,BALANCE,NORMAL_VOL,bearish,0.8511450381679405,other,edge,other,3.250492464650785,1.6317213169163367,minus,minus,1,1
2022-05-01 19:00:00+00:00,bearish,0.6005,0.6053,80.33472803347138,0.007887109814168588,BALANCE,NORMAL_VOL,bearish,0.7148437500000012,other,other,other,0.22822048157190125,4.196721077794353,minus,minus,1,1
2022-05-02 01:00:00+00:00,bullish,0.6096,0.6106,16.29726205997394,0.008603953860505786,BALANCE,NORMAL_VOL,neutral,0.8184357541899452,other,other,other,1.9758357931269364,1.847987594748136,plus,plus,1,1
2022-05-02 18:00:00+00:00,bearish,0.6039,0.6067,46.473029045643564,0.008224816073034116,BALANCE,NORMAL_VOL,bearish,0.13003095975232143,other,edge,other,0.10942493935527046,3.076056628542561,minus,minus,1,1
2022-05-02 22:00:00+00:00,bullish,0.6096,0.6126,48.85197850512951,0.00848560942997521,BALANCE,NORMAL_VOL,bullish,0.4984802431610927,other,middle,other,1.6144980644059728,2.1801616198182723,plus,plus,1,1
2022-05-03 17:00:00+00:00,bearish,0.6139,0.6147,13.138446378716093,0.006594973956992801,BALANCE,NORMAL_VOL,neutral,0.12093023255814128,other,edge,other,2.0166872662018154,1.9863611418980318,plus,plus,1,1
2022-05-03 19:00:00+00:00,bearish,0.6031,0.6086,91.9732441471582,0.006684441830264198,BALANCE,NORMAL_VOL,bearish,0.0,other,edge,other,0.3590426936073882,7.539896565755286,minus,minus,1,1
2022-05-04 01:00:00+00:00,bullish,0.6052,0.6093,67.12508185985581,0.006390388542706446,BALANCE,NORMAL_VOL,bearish,0.5891472868217066,other,middle,other,7.229607353488631,0.8293705405517212,plus,plus,0,1
2022-05-04 05:00:00+00:00,bearish,0.6096,0.6116,32.916392363397,0.006370290690551815,BALANCE,NORMAL_VOL,bearish,0.46511627906976905,other,middle,other,0.031395741531326155,7.754748158238414,minus,minus,1,1
2022-05-04 19:00:00+00:00,bullish,0.6201,0.6376,273.9940504149046,0.008718964515239304,BALANCE,NORMAL_VOL,bullish,0.8017057569296383,other,other,other,2.098873090722484,6.950366628294145,plus,plus,1,1
2022-05-05 09:00:00+00:00,bearish,0.6386,0.6412,40.86765168186179,0.006766295989384377,IMBALANCE,NORMAL_VOL,bullish,0.5702479338842966,trend_counter,other,other,8.586677273822039,0.679840197238929,plus,plus,0,0
2022-05-05 14:00:00+00:00,bearish,0.6304,0.633,42.153047989624625,0.007494018371784255,BALANCE,NORMAL_VOL,neutral,0.07159353348729772,other,edge,other,5.164118645039559,0.026687951653948223,plus,plus,0,0
2022-05-05 15:00:00+00:00,bearish,0.617,0.6261,151.51515151515147,0.009058731345228235,BALANCE,HIGH_VOL,neutral,0.0,other,edge,high_vol_regular,2.483791509266046,1.7000172996754177,plus,plus,0,0
2022-05-05 16:00:00+00:00,bearish,0.6052,0.6144,153.2567049808427,0.008997393391997646,BALANCE,NORMAL_VOL,neutral,0.1829971181556186,other,other,other,2.4673812773091433,1.7449498222411564,plus,plus,1,1
2022-05-05 19:00:00+00:00,bearish,0.594,0.5974,57.277628032346186,0.00961773807661036,BALANCE,NORMAL_VOL,bearish,0.14324324324324383,other,edge,other,0.7278218583456226,2.329029946705988,minus,minus,1,1
2022-05-06 02:00:00+00:00,bullish,0.6004,0.6063,96.54720994927027,0.009593760040475767,BALANCE,NORMAL_VOL,bearish,0.4852941176470588,other,middle,other,0.5107486511364754,2.5537432556823654,minus,minus,1,1
2022-05-07 22:00:00+00:00,bearish,0.5831,0.5879,83.53637312913376,0.006545257028244962,IMBALANCE,NORMAL_VOL,bearish,0.0,trend_aligned,other,other,2.9945348082465557,1.6500497922991317,minus,minus,0,0
2022-05-09 08:00:00+00:00,bearish,0.5533,0.5593,109.66916468652907,0.008452827691841277,IMBALANCE,HIGH_VOL,bearish,0.0,trend_aligned,other,high_vol_regular,9.405136706706315,0.30758937657151963,plus,plus,0,0
2022-05-09 11:00:00+00:00,bearish,0.5378,0.5425,87.6538604998142,0.009274512550646968,IMBALANCE,NORMAL_VOL,bearish,0.21402214022140312,trend_aligned,other,other,7.396615145581384,1.25073958729947,minus,minus,1,1
2022-05-09 19:00:00+00:00,bearish,0.4932,0.5,139.2586524677447,0.01460091514851483,IMBALANCE,NORMAL_VOL,bearish,0.18615107913669068,trend_aligned,other,other,1.1300661521670685,3.3217095987941105,minus,minus,1,1
2022-05-09 21:00:00+00:00,bullish,0.4932,0.4963,62.21151916516138,0.015195687041321456,IMBALANCE,NORMAL_VOL,bearish,0.2760791366906476,trend_counter,other,other,2.5336136428255878,1.7439158840228073,minus,minus,1,1
2022-05-10 05:00:00+00:00,bullish,0.506,0.5081,40.45463301868601,0.015602172515302564,BALANCE,NORMAL_VOL,bearish,0.6272838002436056,other,middle,other,1.1344573957658743,1.6984814117398652,plus,plus,1,1
2022-05-10 06:00:00+00:00,bullish,0.5111,0.5183,136.96024348487703,0.01563773162135238,BALANCE,NORMAL_VOL,bearish,0.7244389027431418,other,other,other,0.7098216204736324,2.1166752826736013,minus,minus,1,1
2022-05-10 22:00:00+00:00,bearish,0.5098,0.5106,15.841584158416294,0.013691724904139965,BALANCE,NORMAL_VOL,bearish,0.2805429864253394,other,other,other,10.290887451105311,1.285447971181355,minus,minus,1,1
2022-05-11 07:00:00+00:00,bearish,0.5081,0.5098,34.02041224734911,0.013809643979776232,BALANCE,NORMAL_VOL,bearish,0.16063348416289555,other,other,other,11.890241358898567,1.3396435148576353,minus,minus,1,1
2022-05-11 12:00:00+00:00,bearish,0.5034,0.505,38.1679389312988,0.020401588702220527,BALANCE,HIGH_VOL,bearish,0.0,other,edge,high_vol_regular,4.102621674305689,3.470317975398359,minus,minus,0,0
2022-05-11 16:00:00+00:00,bearish,0.4477,0.4574,227.00678680084215,0.024099012779157655,IMBALANCE,NORMAL_VOL,bearish,0.23083131557707848,trend_aligned,other,other,3.8092846724158935,0.41080520977033996,plus,plus,0,1
2022-05-11 17:00:00+00:00,bearish,0.4372,0.4425,124.15085500117186,0.02376336900921782,BALANCE,NORMAL_VOL,bearish,0.22760290556900736,other,other,other,3.8462559734078905,0.1851589308861573,plus,plus,0,1
2022-05-12 03:00:00+00:00,bearish,0.3971,0.4058,229.00763358778588,0.02408008483953511,IMBALANCE,NORMAL_VOL,bearish,0.10253082414016895,trend_aligned,other,other,1.8438473242877986,2.873744027944046,plus,plus,1,1
2022-05-12 04:00:00+00:00,bearish,0.3835,0.3928,257.19026548672497,0.024395793065282605,IMBALANCE,HIGH_VOL,bearish,0.0,trend_aligned,other,high_vol_regular,1.0698565908538793,3.5866839731691424,plus,plus,1,1
2022-05-12 05:00:00+00:00,bearish,0.3664,0.3793,359.43159654499925,0.024860379274905274,IMBALANCE,NORMAL_VOL,bearish,0.0238970588235295,trend_aligned,other,other,0.38213415390607336,4.291969918081895,minus,minus,1,1
2022-05-12 15:00:00+00:00,bullish,0.3822,0.3837,39.03200624512104,0.022075644923763432,BALANCE,NORMAL_VOL,bearish,0.5219251336898393,other,middle,other,3.6827916140508434,0.6704220896427108,plus,plus,1,1
2022-05-13 03:00:00+00:00,bullish,0.4032,0.4174,319.17284783097307,0.018336067097170054,IMBALANCE,HIGH_VOL,neutral,1.0,other,other,high_vol_regular,1.1289225704892183,1.4725077006381124,plus,plus,0,1
2022-05-13 04:00:00+00:00,bullish,0.4208,0.437,368.0145388459789,0.017654919447372193,IMBALANCE,NORMAL_VOL,neutral,0.8945497630331751,other,other,other,1.4386924888394572,1.2631040354771588,plus,plus,1,1
2022-05-14 17:00:00+00:00,bullish,0.4058,0.4108,119.76047904191627,0.01107978698005535,BALANCE,NORMAL_VOL,bearish,0.48689956331877693,other,middle,other,1.498223750139019,0.6498319880121031,plus,plus,0,0
2022-05-16 07:00:00+00:00,bearish,0.4183,0.4255,173.36864916927485,0.008286438909846644,BALANCE,NORMAL_VOL,neutral,0.10714285714285679,other,edge,other,0.4947843150243982,3.282471553332599,minus,minus,1,1
2022-05-18 04:00:00+00:00,bearish,0.4304,0.4313,21.13172106128227,0.006846329039811708,BALANCE,NORMAL_VOL,neutral,0.368821292775665,other,middle,other,5.272898773938109,0.5404356084091659,plus,plus,0,1
2022-05-18 13:00:00+00:00,bearish,0.4199,0.4249,120.51096649795142,0.006094703701999752,BALANCE,NORMAL_VOL,bearish,0.03496503496503498,other,edge,other,4.118329819998366,0.5086383443025854,plus,plus,0,1
2022-05-19 12:00:00+00:00,bullish,0.404,0.4061,51.52109911678093,0.007352765406054277,BALANCE,NORMAL_VOL,bearish,0.6449275362318851,other,middle,other,4.488107287202136,0.08160195067640866,plus,plus,0,1
2022-05-20 15:00:00+00:00,bearish,0.4148,0.4188,97.63241396143528,0.006981754403920585,BALANCE,HIGH_VOL,neutral,0.0,other,edge,high_vol_regular,1.2317820854842287,0.973967230382875,plus,plus,0,1
2022-05-22 10:00:00+00:00,bullish,0.4161,0.4193,76.20862110026151,0.003806457645833312,BALANCE,NORMAL_VOL,neutral,0.844262295081966,other,other,other,1.865251281009764,1.5499975433743163,minus,minus,1,1
2022-05-23 18:00:00+00:00,bearish,0.42,0.4238,91.01796407185691,0.004074269964149202,BALANCE,NORMAL_VOL,neutral,0.03478260869564848,other,edge,other,6.700586912556453,0.024544274404979624,plus,plus,0,0
2022-05-23 20:00:00+00:00,bearish,0.4144,0.4165,50.79825834542793,0.004731385836434773,BALANCE,NORMAL_VOL,neutral,0.2897196261682239,other,other,other,4.903425931012598,0.40157367538465516,plus,plus,0,0
2022-05-23 23:00:00+00:00,bearish,0.4072,0.4124,128.45849802371498,0.005153554913501164,BALANCE,NORMAL_VOL,bearish,0.05179282868525777,other,edge,other,2.8329959115699457,1.6687510164042136,minus,minus,1,1
2022-05-24 14:00:00+00:00,bearish,0.3996,0.4001,12.547051442910927,0.005838669304133582,BALANCE,NORMAL_VOL,bearish,0.2687074829931981,other,other,other,0.7535963711602851,2.757477630836489,minus,minus,1,1
2022-05-24 16:00:00+00:00,bullish,0.3996,0.4006,24.795437639474358,0.006133342410196814,BALANCE,NORMAL_VOL,bearish,0.5219123505976093,other,middle,other,1.842388577753875,1.4999977801181925,plus,plus,1,1
2022-05-25 14:00:00+00:00,bullish,0.4007,0.4029,54.45544554455395,0.005412007457394198,BALANCE,NORMAL_VOL,bearish,0.4829268292682932,other,middle,other,1.237987946754592,5.63561677253958,plus,plus,1,1
2022-05-26 06:00:00+00:00,bearish,0.403,0.4064,84.97875531117117,0.004409285593409793,BALANCE,NORMAL_VOL,bearish,0.2926829268292683,other,other,other,6.032723314578876,0.6577029177548426,plus,plus,0,0
2022-05-26 09:00:00+00:00,bearish,0.3927,0.3963,92.21311475409816,0.005302113866152085,BALANCE,NORMAL_VOL,bearish,0.27327327327327444,other,other,other,3.1874079709768477,2.376410676586285,plus,plus,1,1
2022-05-26 15:00:00+00:00,bullish,0.3904,0.391,15.216839969566053,0.006156819706840857,BALANCE,NORMAL_VOL,bearish,0.559139784946236,other,middle,other,1.41306720259056,1.6404573271453546,plus,plus,1,1
2022-05-27 04:00:00+00:00,bullish,0.3924,0.3937,32.91139240506248,0.006325121252605438,BALANCE,NORMAL_VOL,bearish,0.770609318996417,other,other,other,0.8221186270315377,3.0038949833844772,minus,minus,1,1
2022-05-30 02:00:00+00:00,bullish,0.3893,0.3943,125.53351744915904,0.0034604333676781134,BALANCE,NORMAL_VOL,bullish,1.0,other,edge,other,7.455713564949037,1.0981283545273695,plus,plus,0,1
2022-05-30 03:00:00+00:00,bullish,0.3953,0.397,42.74578828262597,0.0034275452699868195,BALANCE,NORMAL_VOL,bullish,0.7889447236180911,other,other,other,7.7023052711136035,0.9336127601349773,plus,plus,1,1
2022-05-30 06:00:00+00:00,bullish,0.3988,0.4007,47.2049689440997,0.003571762739854606,BALANCE,NORMAL_VOL,bullish,1.0,other,edge,other,8.903166955959248,2.23979042917214,minus,minus,1,1
2022-05-30 21:00:00+00:00,bullish,0.4035,0.4067,76.83073229291671,0.004273643277616626,IMBALANCE,NORMAL_VOL,bullish,1.0,trend_aligned,other,other,4.165064523103329,2.4101216060653985,minus,minus,0,1
2022-05-30 22:00:00+00:00,bullish,0.4086,0.4115,69.66130194571122,0.004439811614929728,IMBALANCE,NORMAL_VOL,bullish,0.9865470852017928,trend_aligned,other,other,4.054226071095342,2.2748712954479395,plus,plus,1,1
2022-05-31 14:00:00+00:00,bearish,0.4136,0.4157,50.87209302325559,0.006425387981831373,BALANCE,NORMAL_VOL,bullish,0.3839541547277939,other,middle,other,0.9182324891015204,2.1166037036916348,minus,minus,1,1
2022-05-31 21:00:00+00:00,bullish,0.4158,0.4183,59.438896814075186,0.005911731910643459,BALANCE,NORMAL_VOL,bullish,0.5124555160142334,other,middle,other,0.9810999699694991,5.497542935173887,minus,minus,1,1
2022-06-01 03:00:00+00:00,bearish,0.4196,0.4211,35.988483685220764,0.005733692075033712,BALANCE,NORMAL_VOL,bullish,0.5247524752475248,other,middle,other,5.005500753165447,0.9243607662639974,plus,plus,1,1
2022-06-01 08:00:00+00:00,bearish,0.4166,0.4181,36.031707902954636,0.005313097466114361,BALANCE,NORMAL_VOL,bullish,0.5,other,middle,other,5.307638374762127,1.0539991098818395,minus,minus,1,1
2022-06-01 15:00:00+00:00,bearish,0.4121,0.4178,139.91163475699517,0.005415828486975768,BALANCE,NORMAL_VOL,neutral,0.02564102564102564,other,edge,other,3.5636283620158036,0.09232197829056502,plus,plus,0,0
2022-06-01 21:00:00+00:00,bearish,0.3961,0.3988,68.37173968093138,0.005551644056604692,BALANCE,NORMAL_VOL,bearish,0.1823056300268089,other,other,other,0.846596062730008,1.423001892673852,minus,minus,1,1
2022-06-03 11:00:00+00:00,bearish,0.3967,0.397,7.6316458916312,0.004142180231900329,BALANCE,NORMAL_VOL,bearish,0.03370786516853876,other,edge,other,2.269336309320257,0.4828375126213307,plus,plus,0,1
2022-06-04 05:00:00+00:00,bullish,0.3876,0.3896,51.2163892445583,0.0037579396598159598,BALANCE,NORMAL_VOL,bearish,0.34871794871794987,other,middle,other,1.0111923937027958,1.0644130460029522,minus,minus,1,1
2022-06-05 18:00:00+00:00,bullish,0.3965,0.3967,5.02512562814015,0.0027112444386751602,BALANCE,LOW_VOL,bullish,1.0,other,edge,other,4.057177524493167,1.5859875777564363,minus,minus,1,1
2022-06-06 01:00:00+00:00,bullish,0.3968,0.399,54.69915464942902,0.0030118554179867025,BALANCE,NORMAL_VOL,bullish,1.0,other,edge,other,2.257744498421337,5.577956996099789,plus,plus,1,1
2022-06-06 02:00:00+00:00,bullish,0.4003,0.401,17.434620174347046,0.003003865745273364,BALANCE,NORMAL_VOL,bullish,0.8270676691729344,other,other,other,2.4967826913707225,5.759245408095183,plus,plus,1,1
2022-06-06 10:00:00+00:00,bullish,0.4056,0.4062,14.749262536872896,0.003100724964163879,IMBALANCE,NORMAL_VOL,bullish,0.8804347826086966,trend_aligned,other,other,0.22575365699638433,7.288618068740636,minus,minus,1,1
2022-06-06 17:00:00+00:00,bearish,0.3982,0.3985,7.549068948163626,0.0034224664017065702,BALANCE,NORMAL_VOL,neutral,0.2418300653594762,other,other,other,3.8568676652071656,1.869996443736814,minus,minus,1,1
2022-06-07 01:00:00+00:00,bearish,0.3916,0.4005,229.67741935483917,0.004286175003836303,BALANCE,NORMAL_VOL,neutral,0.0,other,edge,other,0.7699172332082542,6.929255098874236,minus,minus,1,1
2022-06-07 02:00:00+00:00,bearish,0.3877,0.3888,28.5121824779676,0.004230019646419425,BALANCE,NORMAL_VOL,neutral,0.016949152542371046,other,edge,other,0.1182027606947959,7.4231333716331855,minus,minus,1,1
2022-06-07 19:00:00+00:00,bullish,0.3978,0.4046,164.2512077294693,0.004588012591923403,BALANCE,NORMAL_VOL,bullish,1.0,other,edge,other,0.6974697509839485,4.293798154494883,minus,minus,1,1
2022-06-07 20:00:00+00:00,bullish,0.4063,0.4121,140.43583535109025,0.0046245831210717315,BALANCE,NORMAL_VOL,bullish,0.9201277955271565,other,edge,other,0.10811785341726697,4.04360771780578,minus,minus,1,1
2022-06-08 04:00:00+00:00,bearish,0.4,0.404,100.35122930255905,0.005403772521861195,BALANCE,NORMAL_VOL,neutral,0.3800000000000004,other,middle,other,0.6291900679099957,1.0548186432608675,minus,minus,1,1
2022-06-08 14:00:00+00:00,bullish,0.399,0.3996,14.981273408239435,0.004501131036795512,BALANCE,NORMAL_VOL,bullish,0.2707423580786039,other,other,other,0.7775823390584417,0.9553154451289476,none,minus,1,1
2022-06-09 13:00:00+00:00,bearish,0.3996,0.4001,12.528188423953907,0.0030774887521547484,BALANCE,NORMAL_VOL,neutral,0.3466666666666652,other,middle,other,4.029259243049379,4.09424729535662,minus,minus,1,1
2022-06-10 03:00:00+00:00,bullish,0.3997,0.4011,34.74807644576849,0.0030692201951569215,BALANCE,NORMAL_VOL,bullish,0.9112903225806417,other,edge,other,2.867177797763092,9.025093749776977,plus,plus,1,1
2022-06-10 10:00:00+00:00,bearish,0.4013,0.4046,82.3558772148746,0.0035345626789196525,BALANCE,NORMAL_VOL,neutral,0.4527363184079599,other,middle,other,7.214471015631886,0.28292043198556416,plus,plus,0,0
2022-06-10 13:00:00+00:00,bearish,0.3939,0.3998,151.78801131978432,0.004317833165301195,BALANCE,NORMAL_VOL,bearish,0.00432900432900385,other,edge,other,4.701432228353347,0.5095148227772186,plus,plus,0,0
2022-06-10 17:00:00+00:00,bearish,0.3829,0.3868,102.06752159120542,0.004721340926545393,BALANCE,NORMAL_VOL,bearish,0.18904109589041126,other,other,other,5.443368822510495,1.3555470997691539,minus,minus,1,1
2022-06-11 00:00:00+00:00,bearish,0.3836,0.3838,5.2192066805839765,0.00414361464250471,IMBALANCE,NORMAL_VOL,bearish,0.2191780821917808,trend_aligned,other,other,6.781518655657182,1.2790764724193346,minus,minus,1,1
2022-06-11 09:00:00+00:00,bearish,0.3842,0.3861,49.69918911849367,0.0037363356971136705,BALANCE,NORMAL_VOL,bearish,0.3796791443850266,other,middle,other,11.508601872475644,0.160585142406649,plus,plus,0,0
2022-06-11 12:00:00+00:00,bearish,0.3776,0.3798,59.34718100890303,0.004187547203556389,IMBALANCE,NORMAL_VOL,bearish,0.0,trend_aligned,other,other,7.4984229367809085,0.8596918016691606,plus,plus,0,0
2022-06-11 15:00:00+00:00,bearish,0.366,0.3684,66.62965019433685,0.0051049348419145,IMBALANCE,HIGH_VOL,bearish,0.0,trend_aligned,other,high_vol_regular,4.094077720326381,1.7629999752601522,minus,minus,1,1
2022-06-12 00:00:00+00:00,bearish,0.3621,0.3634,36.05102606766565,0.00545832179664397,IMBALANCE,NORMAL_VOL,bearish,0.16467065868263328,trend_aligned,other,other,3.902298324202178,0.8244292234229966,plus,plus,1,1
2022-06-12 02:00:00+00:00,bearish,0.3518,0.3584,193.434935521688,0.006342124406289953,IMBALANCE,HIGH_VOL,bearish,0.0,trend_aligned,other,high_vol_regular,2.2232298038833784,3.7684533555186306,minus,minus,1,1
2022-06-12 03:00:00+00:00,bearish,0.3469,0.3498,84.22887017136257,0.006346258377269239,IMBALANCE,NORMAL_VOL,bearish,0.10162601626016264,trend_aligned,other,other,3.1829778743883965,3.277521771647456,minus,minus,1,1
2022-06-12 15:00:00+00:00,bullish,0.3488,0.3556,188.83643432379975,0.0067412484420081445,BALANCE,NORMAL_VOL,bearish,0.7428571428571417,other,other,other,0.4450214267887649,8.811424250417529,minus,minus,1,1
2022-06-12 20:00:00+00:00,bearish,0.3557,0.3591,96.04519774011183,0.006258317884249363,BALANCE,NORMAL_VOL,bearish,0.569767441860465,other,middle,other,8.516665497951593,0.7669792568511801,plus,plus,0,0
2022-06-12 23:00:00+00:00,bearish,0.351,0.3531,61.22448979591971,0.006447530754991197,BALANCE,NORMAL_VOL,bearish,0.14341085271317977,other,edge,other,6.560651140322906,1.14772620421724,minus,minus,0,0
2022-06-13 02:00:00+00:00,bearish,0.3365,0.3395,90.74410163339391,0.007395307969648564,BALANCE,NORMAL_VOL,bearish,0.09210526315789487,other,edge,other,5.057260651415074,0.9600681985306688,plus,plus,0,1
2022-06-13 06:00:00+00:00,bearish,0.3254,0.3294,123.64760432766626,0.007867911571249808,IMBALANCE,NORMAL_VOL,bearish,0.023474178403755906,trend_aligned,other,other,3.851085478733574,0.6863320655168768,plus,plus,0,1
2022-06-13 23:00:00+00:00,bearish,0.3124,0.3131,22.47191011235886,0.009157772693941139,BALANCE,NORMAL_VOL,bearish,0.2918918918918914,other,other,other,1.9983024924944273,1.6379528627003532,plus,plus,1,1
2022-06-14 04:00:00+00:00,bullish,0.3067,0.3088,67.54583467352995,0.00991063786080853,BALANCE,NORMAL_VOL,bearish,0.4957983193277308,other,middle,other,1.5740661922165444,0.5751395702329664,plus,plus,1,1
2022-06-15 19:00:00+00:00,bullish,0.3118,0.318,191.9504643962843,0.009213793192893572,BALANCE,NORMAL_VOL,neutral,0.8213166144200631,other,other,other,2.6590568604140543,1.4326347166312463,plus,plus,1,1
2022-06-15 22:00:00+00:00,bullish,0.3288,0.3333,132.0035200938693,0.009611517363260633,BALANCE,HIGH_VOL,neutral,1.0,other,edge,high_vol_regular,0.686676177190091,3.23570138039573,minus,minus,1,1
2022-06-17 01:00:00+00:00,bullish,0.3129,0.3181,158.1989656221473,0.007434594229225773,BALANCE,NORMAL_VOL,neutral,0.7171052631578947,other,other,other,1.4930202856754882,1.7485823165568797,plus,plus,0,1
2022-06-17 02:00:00+00:00,bullish,0.3211,0.3243,98.37073470642426,0.00734640892713822,BALANCE,NORMAL_VOL,neutral,0.6237288135593217,other,middle,other,1.9737534547574471,1.3067609079773428,plus,plus,1,1
2022-06-18 07:00:00+00:00,bearish,0.3117,0.3192,243.03305249513957,0.005471310597551015,BALANCE,NORMAL_VOL,bearish,0.08979591836734603,other,edge,other,3.9844201149460923,1.0600750764535531,plus,plus,0,1
2022-06-18 22:00:00+00:00,bullish,0.2981,0.303,158.11552113585077,0.006763755424793566,BALANCE,NORMAL_VOL,bearish,0.6695652173913051,other,middle,other,3.533539949181326,1.7741623175805854,minus,minus,1,1
2022-06-19 11:00:00+00:00,bullish,0.311,0.3123,41.52028106036485,0.006312688771201219,BALANCE,NORMAL_VOL,neutral,0.8429487179487175,other,other,other,3.2791098611473393,0.45939220276943626,plus,plus,1,1
2022-06-19 19:00:00+00:00,bullish,0.3171,0.3179,24.953212726139206,0.005798833208165878,BALANCE,NORMAL_VOL,bullish,0.9458333333333324,other,edge,other,2.276319998549335,1.2588739385916743,plus,plus,1,1
2022-06-19 21:00:00+00:00,bullish,0.3238,0.3246,24.570024570025275,0.006252055164183846,BALANCE,NORMAL_VOL,bullish,0.7715877437325909,other,other,other,0.591805398838477,1.9673530826252141,minus,minus,1,1
2022-06-21 14:00:00+00:00,bullish,0.3288,0.3328,119.18951132300367,0.005209989448678906,BALANCE,NORMAL_VOL,bullish,0.9619047619047634,other,edge,other,0.057581690511108,3.2629624622964823,minus,minus,1,1
2022-06-22 14:00:00+00:00,bullish,0.3237,0.3247,30.70310101320236,0.004407370129222982,BALANCE,NORMAL_VOL,bullish,0.43292682926829174,other,middle,other,1.089084841813879,1.5201809250318605,minus,minus,1,1
2022-06-23 20:00:00+00:00,bullish,0.3289,0.3313,72.39819004524759,0.003436356791571281,BALANCE,NORMAL_VOL,bullish,0.875,other,edge,other,16.150825821151855,0.2910058706513851,plus,plus,0,0
2022-06-24 01:00:00+00:00,bullish,0.3368,0.3435,185.69844789357094,0.0060457908576279085,BALANCE,HIGH_VOL,bullish,1.0,other,edge,high_vol_regular,4.333593506123975,1.42247725773535,plus,plus,0,0
2022-06-24 02:00:00+00:00,bullish,0.344,0.359,411.6355653128434,0.006463948653511631,IMBALANCE,HIGH_VOL,bullish,0.7607476635514022,trend_aligned,other,high_vol_large,3.496314901530389,1.8873912300296767,plus,plus,0,0
2022-06-24 16:00:00+00:00,bearish,0.3627,0.364,36.21169916434451,0.007542688805097697,IMBALANCE,NORMAL_VOL,bullish,0.5044247787610615,trend_counter,other,other,0.901535271533968,1.9886807460308213,minus,minus,1,1
2022-06-25 13:00:00+00:00,bearish,0.3636,0.3667,85.8250276854941,0.005857768577762693,BALANCE,NORMAL_VOL,bullish,0.41284403669724834,other,middle,other,1.246208330542853,2.3558458851357917,plus,plus,1,1
2022-06-25 16:00:00+00:00,bearish,0.3575,0.3594,53.43082114735694,0.005654962669586238,BALANCE,NORMAL_VOL,neutral,0.08457711442786241,other,edge,other,0.21220299232989204,3.430615042666485,minus,minus,1,1
2022-06-25 22:00:00+00:00,bullish,0.3624,0.3646,60.19151846785171,0.005278858791328299,BALANCE,NORMAL_VOL,bullish,0.6236559139784944,other,middle,other,1.7996313929832475,1.572309532816936,plus,plus,1,1
2022-06-26 23:00:00+00:00,bearish,0.3613,0.3652,108.66536639732556,0.004839841000186289,BALANCE,NORMAL_VOL,neutral,0.09550561797752702,other,edge,other,2.3967729517464536,1.6529468632734179,minus,minus,1,1
2022-06-27 14:00:00+00:00,bearish,0.3541,0.3598,161.29032258064467,0.004809174456260717,BALANCE,NORMAL_VOL,bearish,0.1818181818181821,other,other,other,2.8279281867795714,1.2892025557377422,plus,plus,0,0
2022-06-28 02:00:00+00:00,bearish,0.344,0.3515,218.78646441073533,0.005024225208203956,BALANCE,NORMAL_VOL,bearish,0.11583011583011578,other,edge,other,1.8709352408508577,2.269006568691465,minus,minus,1,1
2022-06-28 16:00:00+00:00,bearish,0.3439,0.3446,20.461853259281902,0.0046077200459783765,IMBALANCE,NORMAL_VOL,bearish,0.11616161616161748,trend_aligned,other,other,4.774595630913307,0.3689460260251144,plus,plus,0,0
2022-06-28 23:00:00+00:00,bearish,0.3402,0.3409,20.759193357057487,0.0047696747281668565,BALANCE,NORMAL_VOL,bearish,0.08108108108108109,other,edge,other,3.58515013592386,0.9015289815481103,plus,plus,1,1
2022-06-29 07:00:00+00:00,bearish,0.3315,0.3319,12.073649260487654,0.004829949106725881,IMBALANCE,NORMAL_VOL,bearish,0.18897637795275493,trend_aligned,other,other,3.4990016719774752,0.5797162533453867,plus,plus,1,1
2022-06-29 20:00:00+00:00,bullish,0.3296,0.3306,30.084235860409176,0.004725106800209949,BALANCE,NORMAL_VOL,bearish,0.574766355140185,other,middle,other,0.2962895991975899,5.714156555953462,minus,minus,1,1
2022-06-30 07:00:00+00:00,bearish,0.32,0.3245,141.5984896161109,0.004583977393247257,IMBALANCE,NORMAL_VOL,bearish,0.02976190476190482,trend_aligned,other,other,2.7050744225455157,4.035796517507407,plus,plus,1,1
2022-06-30 09:00:00+00:00,bearish,0.3133,0.3144,35.47242824895162,0.004893837650299934,IMBALANCE,HIGH_VOL,bearish,0.0,trend_aligned,other,high_vol_regular,0.9603914832998041,5.353671672862759,minus,minus,1,1
2022-06-30 18:00:00+00:00,bullish,0.3168,0.317,6.136851795028473,0.005958582978995366,BALANCE,HIGH_VOL,bearish,0.7321428571428586,other,other,high_vol_regular,1.7453814164644619,2.7187672064158135,minus,minus,1,1
2022-06-30 19:00:00+00:00,bullish,0.3202,0.3227,76.71064743786444,0.005990112766209984,BALANCE,NORMAL_VOL,bearish,0.753676470588236,other,other,other,1.7361943599235727,2.704456599111736,minus,minus,1,1
2022-07-01 04:00:00+00:00,bearish,0.3221,0.3276,175.83120204603594,0.007228969468228338,BALANCE,HIGH_VOL,bearish,0.2394822006472499,other,other,high_vol_regular,0.5256627541036388,1.2034910422899,minus,minus,0,0
2022-07-01 05:00:00+00:00,bearish,0.3155,0.3212,180.78020932445236,0.006991185934783458,BALANCE,NORMAL_VOL,bearish,0.3203883495145639,other,middle,other,0.9011346656731655,0.8868309408212042,none,plus,1,1
2022-07-03 19:00:00+00:00,bullish,0.3169,0.3197,86.6068666872864,0.003111988059819714,BALANCE,NORMAL_VOL,neutral,1.0,other,edge,other,1.3174857747486257,2.8920419445701047,minus,minus,1,1
2022-07-04 03:00:00+00:00,bearish,0.3179,0.3211,100.85092971950773,0.0035764121041023146,BALANCE,NORMAL_VOL,bullish,0.4939024390243926,other,middle,other,0.8388295064091915,3.7747327788413463,minus,minus,1,1
2022-07-04 07:00:00+00:00,bearish,0.3176,0.3179,9.466708740928446,0.0035077963896622765,BALANCE,NORMAL_VOL,bullish,0.4695121951219529,other,middle,other,0.6841902246872089,3.962601717980054,minus,minus,1,1
2022-07-04 12:00:00+00:00,bullish,0.3198,0.3209,34.06627438835694,0.0036400421790527622,BALANCE,NORMAL_VOL,bullish,0.8000000000000016,other,other,other,2.1703045215964383,2.197776730730583,plus,plus,1,1
2022-07-05 09:00:00+00:00,bearish,0.3233,0.326,84.45417578980405,0.003678975357464524,BALANCE,NORMAL_VOL,neutral,0.026315789473681392,other,edge,other,1.9842481372397631,2.147337025232085,plus,plus,1,1
2022-07-05 19:00:00+00:00,bullish,0.3195,0.3217,67.77572396795995,0.0036293971007982546,BALANCE,NORMAL_VOL,bullish,0.66304347826087,other,middle,other,1.0194530654102847,1.3776392775814743,minus,minus,0,0
2022-07-07 15:00:00+00:00,bullish,0.3312,0.3325,38.945476333134316,0.0029666267724977736,IMBALANCE,NORMAL_VOL,bullish,0.8333333333333343,trend_aligned,other,other,8.494496251978024,0.03370831846022654,plus,plus,0,1
2022-07-07 19:00:00+00:00,bullish,0.3374,0.3388,41.03165298944937,0.003187266431937443,IMBALANCE,NORMAL_VOL,bullish,1.0,trend_aligned,other,other,5.584722953072957,1.7883663389053814,plus,plus,1,1
2022-07-08 01:00:00+00:00,bullish,0.3434,0.3507,206.21468926553754,0.004290102683495173,IMBALANCE,NORMAL_VOL,bullish,1.0,trend_aligned,other,other,0.5594271692454499,4.312251096266977,minus,minus,1,1
2022-07-08 10:00:00+00:00,bearish,0.3467,0.3488,61.439438267992706,0.005008233148107573,BALANCE,NORMAL_VOL,bullish,0.4048442906574393,other,middle,other,1.2579286574109494,1.0782245634951075,plus,plus,0,0
2022-07-08 11:00:00+00:00,bearish,0.3426,0.3435,26.423957721667993,0.004929073637528461,BALANCE,NORMAL_VOL,bullish,0.3056603773584908,other,middle,other,1.0346771777094486,1.3389939946828162,plus,plus,1,1
2022-07-08 15:00:00+00:00,bullish,0.3404,0.3412,23.38497515346457,0.005213813831774529,BALANCE,NORMAL_VOL,bullish,0.2808510638297874,other,other,other,0.9781707142896203,1.2275083473438422,minus,minus,1,1
2022-07-08 17:00:00+00:00,bearish,0.3392,0.3412,59.171597633136145,0.005143543559030079,BALANCE,NORMAL_VOL,neutral,0.1063829787234045,other,edge,other,0.09720924772226207,1.788650158089618,minus,minus,1,1
2022-07-09 12:00:00+00:00,bearish,0.3421,0.3428,20.491803278687893,0.0038925938459128,BALANCE,NORMAL_VOL,bullish,0.5130434782608705,other,middle,other,1.69552752258753,1.541388656897757,minus,minus,1,1
2022-07-10 03:00:00+00:00,bearish,0.3391,0.3407,47.477744807121375,0.0033399528586219728,BALANCE,NORMAL_VOL,neutral,0.027522935779818524,other,edge,other,5.3294165377364395,1.1676811515265084,minus,minus,1,1
2022-07-10 15:00:00+00:00,bearish,0.333,0.3333,9.250693802034135,0.004057799672996021,BALANCE,NORMAL_VOL,bearish,0.0,other,edge,other,1.8236484292819397,1.5525655546589634,minus,minus,0,0
2022-07-10 16:00:00+00:00,bearish,0.3256,0.3293,114.16229558778096,0.004146528267782021,BALANCE,NORMAL_VOL,bearish,0.17375886524822748,other,other,other,1.7363923588663404,1.567576435087673,minus,minus,1,1
2022-07-11 05:00:00+00:00,bearish,0.3223,0.3235,37.60576621748776,0.004173238877203985,IMBALANCE,NORMAL_VOL,bearish,0.0,trend_aligned,other,other,2.0847117205590857,2.3482959610895557,minus,minus,1,1
2022-07-11 08:00:00+00:00,bullish,0.3202,0.3218,49.27625500461936,0.0046236537220179135,IMBALANCE,NORMAL_VOL,bearish,0.3611111111111098,trend_counter,other,other,0.8218608547401299,3.720001763560562,minus,minus,1,1
2022-07-11 14:00:00+00:00,bearish,0.3238,0.3245,21.718895439033012,0.004404065549101504,BALANCE,NORMAL_VOL,bearish,0.39416058394160325,other,middle,other,3.360531271615474,0.8855454026554336,plus,plus,1,1
2022-07-11 22:00:00+00:00,bearish,0.3181,0.322,124.44160816847524,0.004176343865840288,BALANCE,NORMAL_VOL,bearish,0.0,other,edge,other,1.4127189210299678,1.1014418706335294,minus,minus,0,1
2022-07-13 08:00:00+00:00,bullish,0.3155,0.3173,56.67506297229294,0.0033275098849204405,BALANCE,NORMAL_VOL,neutral,0.7655172413793095,other,other,other,2.434252723547856,5.169030474694214,both,both,1,1
2022-07-13 13:00:00+00:00,bearish,0.3074,0.3154,260.4166666666669,0.0044660166294210836,BALANCE,NORMAL_VOL,bearish,0.3238095238095222,other,middle,other,0.31347845656845097,4.142393890368948,minus,minus,1,1
2022-07-13 15:00:00+00:00,bullish,0.3074,0.3098,77.12082262210839,0.004578861277408994,BALANCE,NORMAL_VOL,bearish,0.5142857142857127,other,middle,other,3.166726205823169,0.24023440182106556,plus,plus,0,0
2022-07-13 18:00:00+00:00,bullish,0.3144,0.315,18.856065367692942,0.004566129091278269,BALANCE,NORMAL_VOL,neutral,0.847619047619046,other,other,other,2.343341545125835,1.3359236846044413,plus,plus,1,1
2022-07-13 22:00:00+00:00,bullish,0.3184,0.3187,9.366219169527536,0.004622379034152403,BALANCE,NORMAL_VOL,neutral,0.8189300411522626,other,other,other,2.2715575513000688,1.773978278158144,plus,plus,1,1
2022-07-14 16:00:00+00:00,bullish,0.3161,0.3184,72.0777185835169,0.0038200166510397077,BALANCE,NORMAL_VOL,bullish,0.5147058823529416,other,middle,other,7.801013116497599,0.10471158545634664,plus,plus,0,0
2022-07-14 18:00:00+00:00,bullish,0.3217,0.3254,112.94261294261408,0.004160626602171994,BALANCE,NORMAL_VOL,bullish,0.9748427672955968,other,edge,other,5.119421192202307,0.5047316668368453,plus,plus,0,0
2022-07-15 00:00:00+00:00,bullish,0.3296,0.3315,57.039927949565076,0.004053860759680697,BALANCE,NORMAL_VOL,bullish,0.9722222222222228,other,edge,other,3.897519164236038,1.455402725885615,plus,plus,1,1
2022-07-15 02:00:00+00:00,bullish,0.3349,0.3393,128.05587892898762,0.0052000125938063135,IMBALANCE,HIGH_VOL,bullish,0.855978260869566,trend_aligned,other,high_vol_regular,0.5576909570284736,3.1538385156093494,minus,minus,1,1
2022-07-15 16:00:00+00:00,bearish,0.3306,0.3332,79.05138339920921,0.004851777482416039,BALANCE,NORMAL_VOL,bullish,0.14529914529914606,other,edge,other,0.35038705014012433,5.358860766848844,minus,minus,1,1
2022-07-16 17:00:00+00:00,bullish,0.3441,0.3509,193.6218678815482,0.004465320877103996,IMBALANCE,NORMAL_VOL,bullish,0.8451882845188291,trend_aligned,other,other,2.2618755242849193,2.844140510734501,plus,plus,1,1
2022-07-17 14:00:00+00:00,bearish,0.3488,0.3494,17.256255392579504,0.004326594240792747,BALANCE,NORMAL_VOL,bullish,0.14465408805031577,other,edge,other,2.1263838224668605,5.131056615083083,both,both,1,1
2022-07-18 02:00:00+00:00,bullish,0.3492,0.3548,156.55577299412897,0.005129279272303245,BALANCE,NORMAL_VOL,bullish,0.842105263157895,other,other,other,2.378501803533446,1.1502590689219165,plus,plus,0,0
2022-07-18 06:00:00+00:00,bullish,0.3573,0.3621,131.79571663920842,0.0051825214831386105,BALANCE,NORMAL_VOL,bullish,0.9661654135338362,other,edge,other,1.0998507229627497,2.5277271001424677,plus,plus,1,1
2022-07-18 18:00:00+00:00,bearish,0.3594,0.3609,42.05214465937767,0.005264618574737473,BALANCE,NORMAL_VOL,bullish,0.5432525951557095,other,middle,other,1.0637047908602277,2.9821723600902827,minus,minus,1,1
2022-07-19 00:00:00+00:00,bullish,0.3608,0.3611,8.259911894272218,0.005442669816322016,BALANCE,NORMAL_VOL,bullish,0.6298342541436474,other,middle,other,2.4436536569083476,2.223173627713613,minus,minus,1,1
2022-07-19 17:00:00+00:00,bullish,0.3653,0.3658,13.53912808015165,0.005339044701913684,BALANCE,NORMAL_VOL,bullish,0.854460093896714,other,edge,other,2.303782921238937,0.9926869498021506,plus,plus,1,1
2022-07-20 08:00:00+00:00,bearish,0.3751,0.3772,56.910569105690804,0.005331521906170478,BALANCE,NORMAL_VOL,bullish,0.4592274678111585,other,middle,other,3.244852089977853,1.6880733416069789,minus,minus,1,1
2022-07-20 17:00:00+00:00,bearish,0.3694,0.3745,139.87931980252316,0.005750351833447585,BALANCE,HIGH_VOL,neutral,0.0,other,edge,high_vol_regular,2.8346091634235577,1.0260241757177335,both,both,0,0
2022-07-20 21:00:00+00:00,bearish,0.3662,0.3681,51.96936542669468,0.006213413648352159,BALANCE,NORMAL_VOL,neutral,0.35742971887550085,other,middle,other,2.7842987734428504,0.3862611015180858,plus,plus,0,1
2022-07-21 03:00:00+00:00,bearish,0.3562,0.361,134.98312710911054,0.006118528421749905,BALANCE,NORMAL_VOL,bearish,0.1118881118881131,other,edge,other,1.193097342499918,2.222756692876542,plus,plus,1,1
2022-07-21 17:00:00+00:00,bullish,0.3534,0.3577,119.64385086254943,0.004960900828738636,BALANCE,NORMAL_VOL,bearish,0.5935828877005349,other,middle,other,2.4390731477445318,0.26204918116264037,plus,plus,0,1
2022-07-22 14:00:00+00:00,bearish,0.3664,0.3672,21.87585452556803,0.004337683112290952,BALANCE,NORMAL_VOL,bullish,0.5245901639344281,other,middle,other,3.6655513066288568,0.04610756360538928,plus,plus,0,0
2022-07-22 20:00:00+00:00,bearish,0.357,0.3582,33.707865168540295,0.0045094309776265076,BALANCE,NORMAL_VOL,bearish,0.10404624277456474,other,edge,other,1.463599295065347,1.463599295065347,minus,minus,1,1
2022-07-23 12:00:00+00:00,bearish,0.3539,0.3541,5.659309564234111,0.003838297898448411,BALANCE,NORMAL_VOL,bearish,0.2314049586776834,other,other,other,1.0421285960156867,3.439024366851761,plus,plus,1,1
2022-07-23 23:00:00+00:00,bullish,0.3568,0.3584,44.593088071348674,0.0034852987608164467,BALANCE,NORMAL_VOL,neutral,0.7121212121212142,other,other,other,2.237971702079505,0.8607583469536595,plus,plus,1,1
2022-07-24 04:00:00+00:00,bearish,0.3592,0.3597,13.939224979091174,0.003498390240673194,BALANCE,NORMAL_VOL,neutral,0.6413793103448291,other,middle,other,4.830793261288073,2.2581814653358308,minus,minus,1,1
2022-07-24 23:00:00+00:00,bearish,0.3605,0.3619,39.06250000000035,0.0036381670882570647,BALANCE,NORMAL_VOL,neutral,0.24074074074074045,other,other,other,6.569241989226432,0.43978189049214383,plus,plus,0,0
2022-07-25 01:00:00+00:00,bearish,0.3532,0.3571,111.65187517892811,0.00398290937711961,BALANCE,NORMAL_VOL,bearish,0.0,other,edge,other,4.1929148817534045,0.1255363737051919,plus,plus,0,1
2022-07-25 02:00:00+00:00,bearish,0.3498,0.3522,68.98534061511967,0.004019844421611066,BALANCE,NORMAL_VOL,bearish,0.0,other,edge,other,4.303649142985121,0.3482721849814583,plus,plus,0,1
2022-07-26 00:00:00+00:00,bearish,0.3371,0.3411,120.01200120012012,0.004135408361540748,IMBALANCE,NORMAL_VOL,bearish,0.0,trend_aligned,other,other,1.9828755187177871,1.4508845258910676,plus,plus,0,1
2022-07-26 23:00:00+00:00,bullish,0.3334,0.3342,23.745918670229237,0.0036954342890067196,BALANCE,NORMAL_VOL,bearish,1.0,other,edge,other,6.14271509779746,1.840108487445928,minus,minus,1,1
2022-07-27 19:00:00+00:00,bullish,0.3393,0.3504,314.358538657604,0.004434423576399766,BALANCE,NORMAL_VOL,bullish,1.0,other,edge,other,4.780779200441632,0.9922371925444932,plus,plus,0,0
2022-07-27 23:00:00+00:00,bullish,0.3552,0.357,50.11135857460936,0.0040779407477497375,BALANCE,NORMAL_VOL,bullish,1.0,other,edge,other,4.855391783445086,2.574828976069368,minus,minus,1,1
2022-07-28 07:00:00+00:00,bearish,0.3558,0.3571,36.87943262411257,0.003993279715144585,IMBALANCE,NORMAL_VOL,bullish,0.6655052264808363,trend_counter,other,other,0.951598753673178,6.836485782967896,minus,minus,1,1
2022-07-28 16:00:00+00:00,bullish,0.3551,0.3636,231.41845902531858,0.005358855065669092,IMBALANCE,HIGH_VOL,bullish,0.9738219895287958,trend_aligned,other,high_vol_regular,2.3325878096759642,1.100981446167057,plus,plus,0,0
2022-07-29 04:00:00+00:00,bullish,0.3732,0.3748,42.462845010616924,0.00524087569033449,IMBALANCE,NORMAL_VOL,bullish,0.9273927392739281,trend_aligned,other,other,0.5724234225842767,3.339136631741614,minus,minus,1,1
2022-07-29 12:00:00+00:00,bearish,0.3679,0.3722,117.93746571585218,0.005506841214811076,BALANCE,NORMAL_VOL,bullish,0.06172839506172827,other,edge,other,0.9624392266378066,1.7614453770541159,minus,minus,1,1
2022-07-29 17:00:00+00:00,bearish,0.3639,0.3679,110.344827586207,0.005441638519610226,BALANCE,NORMAL_VOL,neutral,0.05978260869565154,other,edge,other,0.07350727148790154,8.728988489188055,minus,minus,1,1
2022-07-30 13:00:00+00:00,bullish,0.373,0.3739,22.579026593076062,0.005913419785606159,BALANCE,HIGH_VOL,bullish,1.0,other,edge,high_vol_regular,1.9278184896916466,2.8579063575253487,plus,plus,0,1
2022-07-30 14:00:00+00:00,bullish,0.3743,0.3943,503.7783375314852,0.006291032658062865,IMBALANCE,HIGH_VOL,bullish,0.9232804232804244,trend_aligned,other,high_vol_large,2.066433399187426,2.4320331544282925,plus,plus,0,1
2022-07-30 20:00:00+00:00,bearish,0.396,0.3986,66.05691056910547,0.0066758780691442005,IMBALANCE,NORMAL_VOL,bullish,0.6569037656903769,trend_counter,other,other,1.7825370500701065,0.7489651470882793,plus,plus,1,1
2022-07-31 22:00:00+00:00,bearish,0.3873,0.3921,125.68735271013422,0.005772744299302972,BALANCE,NORMAL_VOL,neutral,0.011834319526629182,other,edge,other,2.0440884591796,0.6755885585424013,plus,plus,0,1
2022-07-31 23:00:00+00:00,bearish,0.3825,0.3863,100.29031406703537,0.005696119706495616,BALANCE,HIGH_VOL,neutral,0.0,other,edge,high_vol_regular,1.544911352541429,1.2113509468790642,minus,minus,0,1
2022-08-01 18:00:00+00:00,bearish,0.3736,0.375,37.5335120643435,0.0048299382733870974,BALANCE,NORMAL_VOL,bearish,0.16860465116279155,other,other,other,1.3871812890274198,4.430698445550272,minus,minus,1,1
2022-08-02 03:00:00+00:00,bearish,0.3714,0.3744,80.94981111710747,0.005514707577701123,BALANCE,NORMAL_VOL,bearish,0.059288537549407196,other,edge,other,1.414399565180844,1.4506662206983076,minus,minus,1,1
2022-08-03 00:00:00+00:00,bearish,0.3718,0.373,32.71537622682603,0.004651033932649429,BALANCE,NORMAL_VOL,bearish,0.008403361344536913,other,edge,other,0.8600238265132225,2.236061948934369,minus,minus,1,1
2022-08-03 01:00:00+00:00,bearish,0.368,0.3702,59.91285403050053,0.004561674366031614,BALANCE,NORMAL_VOL,bearish,0.2244897959183692,other,other,other,0.9645581089181853,2.192177520268585,minus,minus,1,1
2022-08-03 23:00:00+00:00,bearish,0.3699,0.3737,102.92524377031339,0.00345564785706414,BALANCE,NORMAL_VOL,bearish,0.3893129770992361,other,middle,other,1.591597358149987,1.6205354919345614,minus,minus,1,1
2022-08-04 17:00:00+00:00,bearish,0.3662,0.3669,19.120458891012795,0.0032631839435810503,BALANCE,NORMAL_VOL,bearish,0.1935483870967713,other,other,other,0.6741881665382546,3.799969665942932,minus,minus,1,1
2022-08-07 00:00:00+00:00,bearish,0.3723,0.3729,16.286644951139778,0.0021963853741469247,BALANCE,NORMAL_VOL,neutral,0.0,other,edge,other,0.31870545498959085,3.869994810588012,minus,minus,1,1
2022-08-08 09:00:00+00:00,bullish,0.3784,0.3806,57.74278215223044,0.002446251486754002,BALANCE,NORMAL_VOL,bullish,0.7786259541984722,other,other,other,1.512518242721484,3.883492785365996,plus,plus,1,1
2022-08-08 16:00:00+00:00,bearish,0.3804,0.3821,44.83122362869144,0.0028218630082048933,BALANCE,NORMAL_VOL,bullish,0.6043165467625886,other,middle,other,6.839453206581255,1.4175032552500035,minus,minus,1,1
2022-08-09 02:00:00+00:00,bearish,0.3762,0.3767,13.297872340425544,0.003198580823432819,BALANCE,NORMAL_VOL,neutral,0.3409090909090915,other,middle,other,5.690023483748387,0.6565411712017344,plus,plus,1,1
2022-08-09 10:00:00+00:00,bearish,0.3727,0.3756,78.33603457590529,0.0028599577298773675,BALANCE,NORMAL_VOL,neutral,0.0,other,edge,other,4.335728416703441,0.3496555174760852,plus,plus,0,1
2022-08-09 14:00:00+00:00,bearish,0.3664,0.3677,35.79295154185086,0.0033124779446852158,BALANCE,NORMAL_VOL,bearish,0.0,other,edge,other,1.630199533453249,4.830220839861452,minus,minus,1,1
2022-08-09 15:00:00+00:00,bearish,0.3648,0.3653,13.766519823788558,0.0033187295200648444,BALANCE,NORMAL_VOL,bearish,0.14163090128755482,other,edge,other,1.6271286850440605,4.8512540424461665,minus,minus,1,1
2022-08-10 01:00:00+00:00,bearish,0.3649,0.367,57.947019867549415,0.0030848825854520147,IMBALANCE,NORMAL_VOL,bearish,0.14044943820224745,trend_aligned,other,other,1.4911426521362967,7.65021012835145,plus,plus,1,1
2022-08-10 13:00:00+00:00,bullish,0.3648,0.3751,273.7177783683225,0.003556714511422552,BALANCE,NORMAL_VOL,neutral,0.9536082474226826,other,edge,other,2.727236040128605,0.9278225703530388,plus,plus,0,0
2022-08-10 21:00:00+00:00,bullish,0.3759,0.3771,31.612223393044754,0.0034767169240980484,BALANCE,NORMAL_VOL,bullish,1.0,other,edge,other,1.8408171098543908,0.8341202529027726,plus,plus,0,1
2022-08-11 01:00:00+00:00,bullish,0.3814,0.3826,31.241864097890623,0.0033920531046742093,BALANCE,NORMAL_VOL,bullish,0.9306569343065689,other,edge,other,0.2653260347722217,2.771183029843174,minus,minus,1,1
2022-08-11 03:00:00+00:00,bearish,0.3815,0.3826,28.87139107611522,0.003434474360662967,IMBALANCE,NORMAL_VOL,bullish,0.7950819672131149,trend_counter,other,other,1.9799245200035223,1.1646614823550092,minus,minus,1,1
2022-08-12 11:00:00+00:00,bearish,0.3737,0.3763,70.09975734699506,0.0031580081923469295,BALANCE,NORMAL_VOL,neutral,0.0,other,edge,other,0.031665529000946706,5.351474401160574,minus,minus,1,1
2022-08-12 19:00:00+00:00,bullish,0.3728,0.3745,45.128749668170414,0.0027634465092327273,BALANCE,NORMAL_VOL,neutral,0.6486486486486474,other,middle,other,4.0167233065357655,0.6151738397397044,plus,plus,0,1
2022-08-14 03:00:00+00:00,bullish,0.3816,0.3831,39.07267517582707,0.003011292264619652,BALANCE,NORMAL_VOL,bullish,1.0,other,edge,other,2.7230834071948524,3.486875094578784,plus,plus,1,1
2022-08-14 12:00:00+00:00,bearish,0.3861,0.3868,18.219677251430983,0.0032172837997760826,BALANCE,NORMAL_VOL,bullish,0.5123456790123443,other,middle,other,5.843438493460984,0.2175748375224942,plus,plus,0,1
2022-08-14 14:00:00+00:00,bearish,0.3821,0.3832,28.863815271581995,0.0032409232763375385,BALANCE,NORMAL_VOL,bullish,0.32098765432098675,other,middle,other,4.844298572147023,1.1725053868890971,plus,plus,1,1
2022-08-14 17:00:00+00:00,bearish,0.3777,0.3796,50.53191489361736,0.0034856809176798714,BALANCE,NORMAL_VOL,neutral,0.006172839506172163,other,edge,other,3.041012717554061,2.553303130776529,minus,minus,1,1
2022-08-14 19:00:00+00:00,bullish,0.3777,0.3781,10.565240359218475,0.003391224872897439,BALANCE,NORMAL_VOL,neutral,0.2780748663101596,other,other,other,1.8577358435736382,3.8923989103447454,minus,minus,1,1
2022-08-15 03:00:00+00:00,bullish,0.3794,0.3804,26.219192448872597,0.003543647399660464,BALANCE,NORMAL_VOL,neutral,0.42780748663101653,other,middle,other,0.45151219056198844,4.515121905619916,minus,minus,1,1
2022-08-15 07:00:00+00:00,bearish,0.3721,0.3805,227.3957769355717,0.0039676466415478565,BALANCE,NORMAL_VOL,bearish,0.0,other,edge,other,1.0081542943147592,1.9406970165559059,plus,plus,0,1
2022-08-15 08:00:00+00:00,bearish,0.37,0.3705,13.590649633052472,0.004012814738580152,BALANCE,NORMAL_VOL,bearish,0.0,other,edge,other,0.523323436741321,2.2926550562000796,minus,minus,1,1
2022-08-16 03:00:00+00:00,bearish,0.3727,0.3729,5.383580080754602,0.003901927142381582,BALANCE,NORMAL_VOL,bearish,0.5213675213675214,other,middle,other,0.7944792116512648,5.330699226563335,minus,minus,1,1
2022-08-16 10:00:00+00:00,bullish,0.3744,0.3748,10.658140154543338,0.0034443977948640458,BALANCE,NORMAL_VOL,neutral,0.8348623853211034,other,other,other,4.9355507152364115,1.3935672607726448,minus,minus,1,1
2022-08-17 01:00:00+00:00,bullish,0.3782,0.3845,163.38174273858994,0.003955402807743387,BALANCE,NORMAL_VOL,bullish,0.9662921348314613,other,edge,other,1.542194384869775,4.576019404285732,plus,plus,1,1
2022-08-17 08:00:00+00:00,bearish,0.3789,0.385,161.88959660297223,0.004355731405376047,BALANCE,NORMAL_VOL,neutral,0.2889908256880749,other,other,other,2.1351178790596537,1.377495405844922,plus,plus,0,0
2022-08-17 13:00:00+00:00,bearish,0.374,0.3759,51.365233846986015,0.004329506456938122,BALANCE,NORMAL_VOL,neutral,0.0,other,edge,other,0.1385839254353062,2.979554396859128,minus,minus,1,1
2022-08-19 00:00:00+00:00,bearish,0.3704,0.3767,172.69736842105186,0.004193849235316715,BALANCE,NORMAL_VOL,bearish,0.0,other,edge,other,10.062355042387,0.07153332968520774,plus,plus,0,0
2022-08-19 01:00:00+00:00,bearish,0.3651,0.3686,96.79203539823017,0.004251431432794093,BALANCE,NORMAL_VOL,bearish,0.0,other,edge,other,9.173380922756339,0.4939512804561217,plus,plus,0,0
2022-08-19 07:00:00+00:00,bearish,0.3475,0.3592,339.4255874673642,0.006533870188374611,IMBALANCE,NORMAL_VOL,bearish,0.3863636363636363,trend_aligned,other,other,2.1579859399544588,0.0,plus,plus,0,0
2022-08-19 09:00:00+00:00,bearish,0.3416,0.3421,14.727540500736389,0.006403694193037294,IMBALANCE,NORMAL_VOL,bearish,0.2970123022847104,trend_aligned,other,other,1.3898227697501462,0.4997115576629698,plus,plus,1,1
2022-08-20 19:00:00+00:00,bearish,0.3366,0.3388,65.57377049180268,0.003594574348511732,BALANCE,NORMAL_VOL,bearish,0.4152542372881377,other,middle,other,1.0849685169579921,3.282725256436983,plus,plus,1,1
2022-08-21 08:00:00+00:00,bullish,0.3389,0.3409,58.22416302765652,0.0039002696308825277,BALANCE,NORMAL_VOL,neutral,0.9754098360655764,other,edge,other,1.2306841460378364,3.23054588334934,plus,plus,1,1
2022-08-22 08:00:00+00:00,bearish,0.3357,0.3368,32.79666070363715,0.0034215484472967126,BALANCE,NORMAL_VOL,bearish,0.03007518796992155,other,edge,other,0.9352490690372155,2.834973740519089,minus,minus,1,1
2022-08-22 21:00:00+00:00,bullish,0.3351,0.3377,76.85486254803403,0.0032318686600029296,BALANCE,NORMAL_VOL,bearish,0.6548672566371662,other,middle,other,2.784766630953329,1.8874529387572527,plus,plus,1,1
2022-08-23 06:00:00+00:00,bearish,0.3344,0.3384,119.79634621144066,0.003262031597760666,BALANCE,NORMAL_VOL,bearish,0.10399999999999733,other,edge,other,0.12262296915656787,4.291803920480352,minus,minus,1,1
2022-08-23 08:00:00+00:00,bullish,0.3344,0.3372,82.47422680412444,0.0032999150001099577,BALANCE,NORMAL_VOL,neutral,0.5658914728682183,other,middle,other,2.5455201117968382,0.6666838388039474,plus,plus,0,0
2022-08-24 01:00:00+00:00,bearish,0.344,0.3452,35.356511490867256,0.003428039782079289,BALANCE,NORMAL_VOL,neutral,0.4585987261146489,other,middle,other,0.23336952044200746,3.7922547071827792,minus,minus,1,1
2022-08-24 02:00:00+00:00,bearish,0.3412,0.3423,32.42924528301857,0.00334746551193077,BALANCE,NORMAL_VOL,neutral,0.4458598726114656,other,middle,other,0.17924008413574904,3.943281850986545,minus,minus,1,1
2022-08-24 23:00:00+00:00,bearish,0.3474,0.3482,23.16155182397287,0.003087685141961202,BALANCE,NORMAL_VOL,bullish,0.4927536231884046,other,middle,other,0.7125078817468441,2.2022970890357296,minus,minus,1,1
2022-08-26 09:00:00+00:00,bullish,0.3494,0.3608,315.0041447913794,0.004591825795719131,BALANCE,NORMAL_VOL,bullish,0.6714801444043322,other,middle,other,0.021777829658350067,7.426239913498195,minus,minus,1,1
2022-08-26 11:00:00+00:00,bearish,0.3593,0.3608,42.48088360237897,0.004850604895288437,BALANCE,HIGH_VOL,bullish,0.35379061371841264,other,middle,high_vol_regular,5.21584432172054,1.3812710259101766,minus,minus,0,0
2022-08-26 15:00:00+00:00,bearish,0.3491,0.3538,138.23529411764653,0.005754694044521378,BALANCE,HIGH_VOL,neutral,0.0,other,edge,high_vol_regular,2.120008449730663,0.8167245666995115,plus,plus,0,0
2022-08-26 16:00:00+00:00,bearish,0.3401,0.348,235.82089552238693,0.0058579301841984255,BALANCE,HIGH_VOL,neutral,0.0,other,edge,high_vol_regular,1.229103074567499,1.65587497545898,minus,minus,0,0
2022-08-26 17:00:00+00:00,bearish,0.3363,0.3389,77.6351149596892,0.00557522088532711,BALANCE,NORMAL_VOL,neutral,0.05249343832020999,other,edge,other,1.2734921442638811,1.7577778892656455,minus,minus,1,1
2022-08-26 20:00:00+00:00,bullish,0.3364,0.3384,58.71990604815037,0.005239380570358478,BALANCE,NORMAL_VOL,bearish,0.21850899742930616,other,other,other,0.7825352529639722,2.443036887302168,minus,minus,1,1
2022-08-28 23:00:00+00:00,bearish,0.3303,0.3334,96.18367980142699,0.0030414797563264135,BALANCE,NORMAL_VOL,bearish,0.0,other,edge,other,1.3480280417687507,3.8468117289498713,plus,plus,1,1
2022-08-29 00:00:00+00:00,bearish,0.3251,0.3285,105.6556867619644,0.003288516916588813,IMBALANCE,NORMAL_VOL,bearish,0.04347826086956387,trend_aligned,other,other,1.0947184069024893,3.7098790456140134,plus,plus,1,1
2022-08-29 11:00:00+00:00,bullish,0.3206,0.3211,15.484670176525253,0.003256523324707094,IMBALANCE,NORMAL_VOL,bearish,0.24736842105263332,trend_counter,other,other,3.8998645898359356,0.153537975977793,plus,plus,0,1
2022-08-29 21:00:00+00:00,bullish,0.3297,0.331,39.18022905364749,0.0030727307531526363,BALANCE,NORMAL_VOL,neutral,0.9379310344827578,other,edge,other,1.2366849897607226,4.133131413147647,minus,minus,1,1
2022-08-30 02:00:00+00:00,bearish,0.3303,0.3314,33.34343740527402,0.0030448851660214147,BALANCE,NORMAL_VOL,neutral,0.7371794871794877,other,other,other,3.546931792541721,1.8719917793970082,minus,minus,1,1
2022-08-30 05:00:00+00:00,bullish,0.3305,0.331,15.087507543753787,0.0030265716872263306,BALANCE,NORMAL_VOL,neutral,0.8333333333333304,other,other,other,1.3877087457489177,4.0640041839789305,plus,plus,1,1
2022-08-30 15:00:00+00:00,bearish,0.3246,0.3285,120.5191594561191,0.0030824519890847828,BALANCE,NORMAL_VOL,bearish,0.1666666666666673,other,other,other,1.4598767526420122,3.3090539726552204,plus,plus,1,1
2022-08-30 17:00:00+00:00,bearish,0.3215,0.3228,40.48582995951317,0.0032032366640577974,BALANCE,NORMAL_VOL,bearish,0.12121212121212122,other,edge,other,0.06243684778090105,3.96473983408765,minus,minus,1,1
2022-08-30 20:00:00+00:00,bullish,0.3229,0.3248,57.92682926829138,0.0033730725039850524,BALANCE,NORMAL_VOL,bearish,0.5393939393939401,other,middle,other,1.7195005423534988,1.5416211759031555,plus,plus,1,1
2022-08-31 20:00:00+00:00,bullish,0.3275,0.3285,30.24803387779797,0.003113780655429592,BALANCE,NORMAL_VOL,neutral,0.7090909090909111,other,other,other,0.6101907007119869,3.0188382035224475,minus,minus,1,1
2022-09-01 15:00:00+00:00,bearish,0.3239,0.3246,21.671826625386327,0.0028278765406205423,BALANCE,NORMAL_VOL,bearish,0.1800000000000022,other,other,other,0.3536222270087376,4.31419116950659,minus,minus,1,1
2022-09-01 19:00:00+00:00,bullish,0.3257,0.3269,36.38568829593798,0.0028534616273600366,BALANCE,NORMAL_VOL,neutral,1.0,other,edge,other,1.8924382750490967,1.7172125088408279,plus,plus,1,1
2022-09-01 20:00:00+00:00,bullish,0.3273,0.3292,57.228915662650984,0.0028853572254057503,BALANCE,NORMAL_VOL,neutral,1.0,other,edge,other,1.1090481177941438,2.46070051135577,minus,minus,1,1
2022-09-02 05:00:00+00:00,bullish,0.3319,0.3321,6.002400960385159,0.0027032352244828195,BALANCE,NORMAL_VOL,bullish,0.8759124087591255,other,edge,other,0.7398542242592447,3.0703950306758534,minus,minus,1,1
2022-09-02 17:00:00+00:00,bearish,0.3284,0.3302,55.14705882352844,0.0030193657634532962,BALANCE,NORMAL_VOL,neutral,0.05376344086021525,other,edge,other,0.4967930742794234,2.6826826011088825,minus,minus,1,1
2022-09-02 21:00:00+00:00,bullish,0.3287,0.3296,27.214998488056,0.0029872216152121395,BALANCE,NORMAL_VOL,bullish,0.5631067961165035,other,middle,other,1.2720850641441834,1.5064165233286295,plus,plus,1,1
2022-09-05 06:00:00+00:00,bearish,0.3284,0.3298,42.76114844227113,0.0020252967356245996,BALANCE,NORMAL_VOL,neutral,0.2564102564102575,other,other,other,2.5675249994398293,7.653199517560953,plus,plus,1,1
2022-09-05 15:00:00+00:00,bullish,0.3263,0.3272,27.422303473492136,0.002025507865883061,BALANCE,NORMAL_VOL,bearish,0.5454545454545454,other,middle,other,7.257439108285678,0.5430736747696719,plus,plus,0,1
2022-09-06 01:00:00+00:00,bullish,0.3337,0.3344,20.914251568568222,0.0029891937977131852,BALANCE,NORMAL_VOL,bullish,0.6067961165048547,other,middle,other,0.9701612529166201,5.921329026422099,minus,minus,1,1
2022-09-06 18:00:00+00:00,bearish,0.3248,0.3321,226.1462205700133,0.003618574921416231,BALANCE,NORMAL_VOL,neutral,0.0,other,edge,other,2.9846003563671117,2.9016947909124786,plus,plus,1,1
2022-09-07 08:00:00+00:00,bullish,0.3182,0.3198,49.9843798812868,0.0033474976264947836,IMBALANCE,NORMAL_VOL,bearish,0.32530120481927727,trend_counter,other,other,5.496643180376785,0.26885754686625896,plus,plus,0,0
2022-09-07 18:00:00+00:00,bullish,0.3257,0.3278,63.38665861756689,0.0031717847472421887,BALANCE,NORMAL_VOL,neutral,1.0,other,edge,other,2.270015330094614,1.0404236929600161,plus,plus,0,0
2022-09-07 19:00:00+00:00,bullish,0.3294,0.3313,56.97151424287728,0.003159514408153461,BALANCE,NORMAL_VOL,neutral,1.0,other,edge,other,3.1017424622942182,1.740773830879414,plus,plus,1,1
2022-09-08 01:00:00+00:00,bearish,0.3346,0.3359,39.07424105800926,0.0032723287704454615,BALANCE,NORMAL_VOL,bullish,0.7489177489177479,other,other,other,1.4362859998814153,3.2392833188815016,plus,plus,1,1
2022-09-08 07:00:00+00:00,bearish,0.3324,0.3327,9.066183136900044,0.0031538425555233504,BALANCE,NORMAL_VOL,bullish,0.5632183908045986,other,middle,other,0.9195132442236914,6.690251535558536,minus,minus,1,1
2022-09-08 19:00:00+00:00,bullish,0.3335,0.3355,58.360081704114435,0.0037694502526776424,BALANCE,NORMAL_VOL,bullish,1.0,other,edge,other,3.3957206335081493,1.2733952375655653,minus,minus,0,0
2022-09-08 20:00:00+00:00,bullish,0.3366,0.3402,105.47905068854358,0.0037073466632006687,BALANCE,NORMAL_VOL,bullish,0.8692810457516337,other,edge,other,3.8302325868120155,0.9170979433211912,plus,plus,0,0
2022-09-09 05:00:00+00:00,bullish,0.3454,0.3473,54.347826086956886,0.0038427927577410893,IMBALANCE,NORMAL_VOL,bullish,0.9863013698630152,trend_aligned,other,other,2.6022740830495,1.3531825231857564,plus,plus,1,1
2022-09-09 20:00:00+00:00,bullish,0.3475,0.3505,85.32423208191133,0.003678340017493602,IMBALANCE,NORMAL_VOL,bullish,0.7607361963190207,trend_aligned,other,other,2.8001761531056966,0.9243299922873234,plus,plus,0,1
2022-09-10 08:00:00+00:00,bearish,0.3556,0.3566,28.224668360145223,0.00444933680941755,BALANCE,NORMAL_VOL,bullish,0.5657142857142864,other,middle,other,0.6967330487182883,1.2810897992562071,minus,minus,1,1
2022-09-12 09:00:00+00:00,bullish,0.353,0.3541,30.98591549295903,0.0036247996757066705,BALANCE,NORMAL_VOL,bullish,0.5813953488372088,other,middle,other,1.4069743037608626,1.7932025440089465,minus,minus,1,1
2022-09-13 13:00:00+00:00,bearish,0.3439,0.3543,305.16431924882687,0.004135230007148756,BALANCE,NORMAL_VOL,bearish,0.039800995024874095,other,edge,other,2.5391574306261546,0.2418245172024909,plus,plus,0,0
2022-09-13 19:00:00+00:00,bearish,0.3376,0.3389,38.59857482185178,0.003926184085656234,IMBALANCE,NORMAL_VOL,bearish,0.09338521400778262,trend_aligned,other,other,1.6555515121531996,1.4263213027781385,plus,plus,1,1
2022-09-14 20:00:00+00:00,bullish,0.3376,0.339,40.911747516072836,0.0032951119496656676,IMBALANCE,NORMAL_VOL,neutral,0.982758620689657,other,other,other,0.5159157036143996,5.4019408966684805,minus,minus,1,1
2022-09-15 10:00:00+00:00,bearish,0.3381,0.3386,14.889815366289472,0.0034869946393104173,BALANCE,NORMAL_VOL,bearish,0.31932773109243534,other,middle,other,4.215664639767568,0.2867799074671819,plus,plus,0,1
2022-09-15 15:00:00+00:00,bearish,0.3272,0.3313,125.99877074369984,0.003648115555671522,IMBALANCE,NORMAL_VOL,bearish,0.015957446808511848,trend_aligned,other,other,1.1786907334432033,2.521849941320323,minus,minus,1,1
2022-09-15 22:00:00+00:00,bearish,0.3278,0.3283,15.328019619865128,0.0031442284734507927,IMBALANCE,NORMAL_VOL,bearish,0.09944751381215292,trend_aligned,other,other,1.622019532951669,9.763921502277707,plus,plus,1,1
2022-09-16 04:00:00+00:00,bullish,0.3251,0.3265,42.69594388533127,0.0032501345360070725,IMBALANCE,NORMAL_VOL,bearish,0.34871794871794987,trend_counter,other,other,9.261155089591792,1.6922376409553148,minus,minus,1,1
2022-09-16 06:00:00+00:00,bearish,0.3257,0.3265,24.71424158171217,0.0031983302886999737,IMBALANCE,NORMAL_VOL,bearish,0.15294117647058758,trend_aligned,other,other,0.4064620857304826,10.724345800427612,minus,minus,1,1
2022-09-16 21:00:00+00:00,bullish,0.342,0.3436,46.47110078419955,0.004225370850610834,BALANCE,NORMAL_VOL,bullish,0.8315412186379934,other,other,other,8.780294395848525,0.07099968514163756,plus,plus,0,1
2022-09-16 23:00:00+00:00,bullish,0.3465,0.3521,157.70205575894252,0.004920345274251178,BALANCE,NORMAL_VOL,bullish,0.9478260869565226,other,edge,other,5.345153344752327,1.8291399278620155,minus,minus,1,1
2022-09-17 11:00:00+00:00,bullish,0.3499,0.3515,45.37719795802582,0.0040893837427859936,IMBALANCE,NORMAL_VOL,bullish,0.8078291814946631,trend_aligned,other,other,10.368310402465177,0.36680343404947596,plus,plus,0,1
2022-09-17 14:00:00+00:00,bullish,0.3546,0.3693,394.52495974235086,0.00527699565703383,IMBALANCE,HIGH_VOL,bullish,1.0,trend_aligned,other,high_vol_large,4.2448395746057805,1.4970639571154223,plus,plus,0,1
2022-09-17 20:00:00+00:00,bearish,0.3731,0.3736,13.426423200859302,0.005317550766784537,IMBALANCE,NORMAL_VOL,bullish,0.7450424929178467,trend_counter,other,other,1.44803507060001,4.795440818220816,minus,minus,1,1
2022-09-18 01:00:00+00:00,bearish,0.3728,0.3734,16.36214889555466,0.005253121424205186,IMBALANCE,HIGH_VOL,bullish,0.5835694050991503,trend_counter,other,high_vol_regular,2.2272472031750703,5.939325875133489,minus,minus,1,1
2022-09-18 02:00:00+00:00,bearish,0.37,0.3715,40.55150040551504,0.005113612751047671,IMBALANCE,NORMAL_VOL,bullish,0.6742209631728042,trend_counter,other,other,5.8080268189872415,5.475580839449245,minus,minus,1,1
2022-09-18 08:00:00+00:00,bullish,0.3733,0.383,250.90532850491428,0.005873166281331497,IMBALANCE,NORMAL_VOL,bullish,0.8942065491183883,trend_aligned,other,other,1.9240047801674312,8.002497758218533,both,both,1,1
2022-09-18 22:00:00+00:00,bearish,0.3785,0.3912,348.1359649122804,0.00891987704835457,BALANCE,HIGH_VOL,neutral,0.0,other,edge,high_vol_large,2.825151048987675,3.1502676379584806,plus,plus,1,1
2022-09-18 23:00:00+00:00,bearish,0.3679,0.3765,240.4921700223713,0.009168457259186387,BALANCE,HIGH_VOL,neutral,0.0,other,edge,high_vol_regular,1.9632528669929459,3.8501570113806247,plus,plus,1,1
2022-09-19 03:00:00+00:00,bearish,0.3459,0.3572,327.9164248403956,0.009553045808507453,BALANCE,NORMAL_VOL,neutral,0.07625649913344917,other,edge,other,0.24076090977725262,5.055979105322253,minus,minus,1,1
2022-09-19 11:00:00+00:00,bullish,0.3471,0.3488,48.52983157293689,0.008623716281725704,BALANCE,NORMAL_VOL,bearish,0.18353344768439098,other,other,other,4.9398656690819704,0.23191857601323812,plus,plus,0,0
2022-09-19 18:00:00+00:00,bullish,0.3604,0.369,225.7810448936728,0.009171335274150857,BALANCE,HIGH_VOL,neutral,1.0,other,edge,high_vol_regular,4.710328290119096,1.1775820725297785,plus,plus,0,0
2022-09-19 19:00:00+00:00,bullish,0.3745,0.3809,164.14465247499402,0.009294811325997224,BALANCE,HIGH_VOL,bullish,1.0,other,edge,high_vol_regular,3.679472213098494,2.130220754951767,minus,minus,1,1
2022-09-20 15:00:00+00:00,bullish,0.389,0.3953,150.17878426698385,0.010447239699747226,BALANCE,HIGH_VOL,bullish,1.0,other,edge,high_vol_regular,0.4403076920032084,2.890715717064547,minus,minus,0,1
2022-09-20 16:00:00+00:00,bullish,0.399,0.4101,270.5337557884474,0.01070100829262242,IMBALANCE,NORMAL_VOL,bullish,0.7730769230769234,trend_aligned,other,other,0.906456637986856,1.9624318966725796,minus,minus,1,1
2022-09-20 18:00:00+00:00,bearish,0.4071,0.4101,73.85524372230435,0.010324848987006068,BALANCE,NORMAL_VOL,bullish,0.668518518518519,other,middle,other,3.021835964793823,2.692533327604751,minus,minus,1,1
2022-09-21 07:00:00+00:00,bearish,0.4024,0.4041,42.27804028848632,0.01038431561460186,BALANCE,NORMAL_VOL,bullish,0.5634920634920642,other,middle,other,2.6097049633096154,3.0719405287666657,plus,plus,1,1
2022-09-21 16:00:00+00:00,bearish,0.3986,0.4002,40.62976130015212,0.008956006833345723,BALANCE,NORMAL_VOL,bullish,0.14657980456026068,other,edge,other,2.0991498052460518,6.275118034831291,both,both,1,1
2022-09-21 19:00:00+00:00,bullish,0.3988,0.4059,174.40432326209765,0.0131532970163486,BALANCE,HIGH_VOL,bullish,0.5440677966101698,other,middle,high_vol_regular,7.131291864192936,1.7258030417609769,minus,minus,1,1
2022-09-21 22:00:00+00:00,bearish,0.3931,0.4015,214.5045965270689,0.013192709017827212,BALANCE,NORMAL_VOL,neutral,0.2813559322033899,other,other,other,0.12885905371692666,8.284879159564856,minus,minus,1,1
2022-09-22 05:00:00+00:00,bullish,0.4037,0.411,173.80952380952317,0.01149788166401512,BALANCE,NORMAL_VOL,bullish,0.7627118644067794,other,other,other,12.07178887867683,0.408770949061822,plus,plus,0,0
2022-09-22 18:00:00+00:00,bullish,0.4375,0.4453,169.05071521456378,0.012103779024492568,IMBALANCE,HIGH_VOL,bullish,1.0,trend_aligned,other,high_vol_regular,8.047073546444171,0.446141654525649,plus,plus,0,0
2022-09-22 19:00:00+00:00,bullish,0.45,0.4573,151.1074311736695,0.014353509094171673,IMBALANCE,HIGH_VOL,bullish,1.0,trend_aligned,other,high_vol_regular,5.273971647165948,1.8880400480607265,plus,plus,0,0
2022-09-22 20:00:00+00:00,bullish,0.4665,0.4766,210.54825932874706,0.014513972730302267,IMBALANCE,NORMAL_VOL,bullish,0.8035217794253939,trend_aligned,other,other,5.449920670916998,1.6329092275693167,plus,plus,1,1
2022-09-23 03:00:00+00:00,bullish,0.4895,0.4973,144.92753623188457,0.01714009034938169,IMBALANCE,HIGH_VOL,bullish,1.0,trend_aligned,other,high_vol_regular,1.2018606425107365,4.795774020115668,plus,plus,1,1
2022-09-23 04:00:00+00:00,bullish,0.5,0.5279,521.0084033613452,0.016958655324425854,IMBALANCE,NORMAL_VOL,bullish,0.9035573122529644,trend_aligned,other,other,1.3739296868921311,4.6878716784516925,plus,plus,1,1
2022-09-23 08:00:00+00:00,bearish,0.5214,0.5311,191.9651692064129,0.018418616064164055,IMBALANCE,HIGH_VOL,bullish,0.5897239263803681,trend_counter,other,high_vol_regular,2.676639755574246,1.237878020833529,plus,plus,0,0
2022-09-23 09:00:00+00:00,bearish,0.5068,0.5157,176.0633036597432,0.018160143488152338,IMBALANCE,NORMAL_VOL,bullish,0.5912576687116562,trend_counter,other,other,2.7257493880647856,1.2444835589952405,plus,plus,1,1
2022-09-23 21:00:00+00:00,bullish,0.4726,0.4861,262.1868323946389,0.019586494808461745,BALANCE,NORMAL_VOL,bullish,0.5729571984435802,other,middle,other,0.6739337553290716,2.2260236160869367,minus,minus,1,1
2022-09-23 22:00:00+00:00,bullish,0.4962,0.5051,169.04083570750274,0.019830316607857335,BALANCE,NORMAL_VOL,bullish,0.6857976653696497,other,middle,other,0.015128351500006281,2.7836166760004306,minus,minus,1,1
2022-09-24 15:00:00+00:00,bearish,0.4798,0.4881,173.6401673640162,0.014332894939152114,BALANCE,NORMAL_VOL,neutral,0.2943661971830982,other,other,other,0.1883778546806053,3.0000917597281833,minus,minus,1,1
2022-09-25 14:00:00+00:00,bearish,0.4945,0.4995,101.64667615368987,0.013002485667678964,BALANCE,NORMAL_VOL,bullish,0.3632385120350109,other,middle,other,2.668720495978382,1.2536064577650596,minus,minus,1,1
2022-09-26 06:00:00+00:00,bearish,0.4718,0.4804,185.14531754574804,0.011760837803305198,BALANCE,HIGH_VOL,bearish,0.0,other,edge,high_vol_regular,0.6207040792577276,1.9556429894421448,minus,minus,1,1
2022-09-27 17:00:00+00:00,bearish,0.4468,0.4665,445.6005428636067,0.010153243967763162,BALANCE,NORMAL_VOL,bearish,0.14500941619585664,other,edge,other,2.5115125846441977,0.8371708615480676,plus,plus,0,1
2022-09-29 20:00:00+00:00,bullish,0.4384,0.4402,37.79924401511903,0.008935863604576568,BALANCE,HIGH_VOL,neutral,1.0,other,edge,high_vol_regular,3.7153655728357724,1.2533763378241165,plus,plus,0,0
2022-09-29 21:00:00+00:00,bullish,0.4425,0.4742,636.1629540437489,0.010811873347106812,BALANCE,HIGH_VOL,bullish,1.0,other,edge,high_vol_large,0.29597091061524733,3.0799472885899895,minus,minus,0,0
2022-09-30 18:00:00+00:00,bullish,0.478,0.4843,128.9398280802298,0.011088685206411627,BALANCE,NORMAL_VOL,bullish,0.6465753424657535,other,middle,other,0.8928019702710748,2.0020407818199817,minus,minus,1,1
2022-10-02 11:00:00+00:00,bearish,0.4628,0.4731,223.62136343899328,0.006276151564618568,BALANCE,NORMAL_VOL,bearish,0.3350515463917529,other,middle,other,3.7761994362289375,0.5417332524547865,plus,plus,0,1
2022-10-02 23:00:00+00:00,bearish,0.4536,0.455,31.236055332441154,0.005948724732342782,BALANCE,NORMAL_VOL,bearish,0.01948051948051914,other,edge,other,1.8995667993448584,3.4965477368471776,minus,minus,1,1
2022-10-03 05:00:00+00:00,bearish,0.4432,0.4465,74.67752885268216,0.006053187696638237,IMBALANCE,NORMAL_VOL,bearish,0.1288659793814434,trend_aligned,other,other,0.7103695136346292,4.476979958022861,minus,minus,1,1
2022-10-03 21:00:00+00:00,bullish,0.457,0.4591,45.563028856584744,0.006200504356786791,BALANCE,NORMAL_VOL,neutral,0.747663551401869,other,other,other,4.015802355294795,1.564388869331703,minus,minus,1,1
2022-10-04 10:00:00+00:00,bullish,0.4649,0.4663,29.920923274204156,0.006187818836039746,BALANCE,NORMAL_VOL,bullish,0.7490909090909087,other,other,other,4.492697788449187,0.17776861752856338,plus,plus,0,0
2022-10-04 14:00:00+00:00,bullish,0.4723,0.4762,81.64119740422889,0.006505372599337024,BALANCE,NORMAL_VOL,bullish,0.8717105263157907,other,edge,other,2.7669437415213354,0.9684303095324738,plus,plus,1,1
2022-10-05 06:00:00+00:00,bullish,0.4769,0.4836,138.2298328863211,0.007010228338003426,IMBALANCE,HIGH_VOL,bullish,0.6891385767790272,trend_aligned,other,high_vol_regular,3.024152563629324,1.6404601170630786,minus,minus,1,1
2022-10-06 07:00:00+00:00,bearish,0.4969,0.5005,72.75666936135684,0.006648862644167649,IMBALANCE,NORMAL_VOL,bullish,0.6498422712933755,trend_counter,other,other,1.9702617877797879,1.3686551350226004,minus,minus,1,1
2022-10-06 22:00:00+00:00,bearish,0.4959,0.4965,12.205044751830542,0.006355873362436169,BALANCE,NORMAL_VOL,bullish,0.11728395061728138,other,edge,other,1.9037509575807754,6.655261612038588,plus,plus,1,1
2022-10-07 02:00:00+00:00,bearish,0.4883,0.491,55.305202785743134,0.006374575674316418,BALANCE,NORMAL_VOL,neutral,0.20707070707070907,other,other,other,1.3647967244397003,7.1691046329763255,plus,plus,1,1
2022-10-07 18:00:00+00:00,bullish,0.5003,0.5066,121.9276175730614,0.008333705672810773,BALANCE,HIGH_VOL,bullish,1.0,other,edge,high_vol_regular,1.4879335180333677,0.8039640782922297,plus,plus,0,0
2022-10-07 19:00:00+00:00,bullish,0.5085,0.5147,119.66801775719155,0.00827415526761,BALANCE,NORMAL_VOL,bullish,0.7095588235294115,other,other,other,1.3294408485492892,0.9789518975681116,plus,plus,0,1
2022-10-07 23:00:00+00:00,bullish,0.514,0.5144,7.732456988207152,0.008017993768174966,IMBALANCE,NORMAL_VOL,bullish,0.6948529411764698,trend_aligned,other,other,1.4716898442646105,0.823148556961552,plus,plus,1,1
2022-10-08 04:00:00+00:00,bullish,0.5207,0.5218,21.03652706062325,0.007576875074684261,IMBALANCE,NORMAL_VOL,bullish,0.7977941176470589,trend_aligned,other,other,0.5411201794389946,2.2700651430123706,minus,minus,1,1
2022-10-08 17:00:00+00:00,bullish,0.5207,0.5221,26.79425837320492,0.005842886228503696,IMBALANCE,NORMAL_VOL,bullish,0.6544502617801022,trend_aligned,other,other,2.070894336598898,2.8752913103191187,minus,minus,1,1
2022-10-09 01:00:00+00:00,bearish,0.5107,0.5133,50.980392156861484,0.006003389067887408,IMBALANCE,NORMAL_VOL,bullish,0.19047619047619047,trend_counter,other,other,0.3164879001701322,6.596274129861652,minus,minus,1,1
2022-10-09 15:00:00+00:00,bullish,0.5184,0.5234,94.87666034155605,0.005178414090025826,BALANCE,NORMAL_VOL,bullish,1.0,other,edge,other,4.3642705289887775,3.051127183983318,plus,plus,1,1
2022-10-09 19:00:00+00:00,bullish,0.5307,0.5355,88.97126969416175,0.006320051146012795,IMBALANCE,NORMAL_VOL,bullish,0.7699316628701591,trend_aligned,other,other,0.06329062704696933,4.47781186357233,minus,minus,1,1
2022-10-10 09:00:00+00:00,bearish,0.5172,0.5215,83.13998453209533,0.00646848314426595,BALANCE,NORMAL_VOL,neutral,0.1562500000000002,other,other,other,6.369344880572528,1.8242298444358256,minus,minus,1,1
2022-10-10 22:00:00+00:00,bearish,0.5169,0.5198,58.15119310206564,0.008200662299582655,BALANCE,HIGH_VOL,bearish,0.0,other,edge,high_vol_regular,2.7680691108516,0.4999596191406033,plus,plus,0,0
2022-10-10 23:00:00+00:00,bearish,0.5028,0.514,226.81247468610746,0.008336329278183894,BALANCE,NORMAL_VOL,bearish,0.082405345211582,other,edge,other,2.1352323553944172,1.0196334281377755,plus,plus,0,0
2022-10-11 10:00:00+00:00,bearish,0.4844,0.4875,64.11582213029972,0.007723682357386434,IMBALANCE,NORMAL_VOL,bearish,0.14150943396226415,trend_aligned,other,other,0.3884157661055281,2.4340721342613048,minus,minus,1,1
2022-10-11 15:00:00+00:00,bullish,0.4923,0.4927,8.046670690002243,0.007572103873239351,IMBALANCE,NORMAL_VOL,bearish,0.4395833333333331,trend_counter,other,other,0.6867312027212615,2.2582891474103106,minus,minus,1,1
2022-10-11 19:00:00+00:00,bearish,0.4898,0.4931,67.77572396795993,0.007707784743950155,BALANCE,NORMAL_VOL,bearish,0.4067164179104478,other,middle,other,0.8951988449620147,1.5438936601518796,minus,minus,1,1
2022-10-13 02:00:00+00:00,bearish,0.4758,0.4856,208.24479388015249,0.006310743417654712,IMBALANCE,NORMAL_VOL,bearish,0.0,trend_aligned,other,other,4.880566038200033,5.3400998534850945,plus,plus,1,1
2022-10-13 07:00:00+00:00,bearish,0.4603,0.4684,178.02197802197793,0.0068923801388024175,IMBALANCE,HIGH_VOL,bearish,0.0,trend_aligned,other,high_vol_regular,2.205333962128366,7.544563554649676,plus,plus,1,1
2022-10-13 13:00:00+00:00,bullish,0.457,0.4575,10.613457864572286,0.009473260714258191,BALANCE,NORMAL_VOL,bearish,0.6137254901960785,other,middle,other,4.359639330715281,0.5066893168870095,plus,plus,0,0
2022-10-13 17:00:00+00:00,bullish,0.4769,0.4789,41.56275976724858,0.009267870139002718,BALANCE,NORMAL_VOL,neutral,0.8133595284872297,other,other,other,3.366469267701378,0.3884387616578511,plus,plus,0,1
2022-10-14 02:00:00+00:00,bullish,0.4845,0.4949,206.63620107291914,0.00872646296733247,BALANCE,HIGH_VOL,neutral,1.0,other,edge,high_vol_regular,1.0428050899964698,2.658580009661324,minus,minus,1,1
2022-10-14 13:00:00+00:00,bullish,0.5018,0.5022,7.955449482894907,0.007644968961357643,BALANCE,NORMAL_VOL,bullish,0.8344370860927152,other,other,other,0.0,3.3486074475119647,minus,minus,1,1
2022-10-14 15:00:00+00:00,bearish,0.4992,0.5022,61.124694376528176,0.008071427318721642,BALANCE,NORMAL_VOL,bullish,0.3793103448275865,other,middle,other,1.6849560137219917,0.7557523296841279,plus,plus,0,0
2022-10-15 09:00:00+00:00,bearish,0.4832,0.4846,29.05167047105119,0.005730648155384154,BALANCE,NORMAL_VOL,bearish,0.13352272727272693,other,edge,other,0.6980013240285668,1.2913024494528504,minus,minus,1,1
2022-10-16 17:00:00+00:00,bearish,0.4779,0.479,23.245984784446108,0.0038175491110741424,BALANCE,NORMAL_VOL,bearish,0.0,other,edge,other,2.829040226010672,2.436117972398065,plus,plus,1,1
2022-10-16 20:00:00+00:00,bullish,0.4734,0.4758,50.24073686414095,0.004568861296293689,BALANCE,NORMAL_VOL,bearish,0.5126903553299492,other,middle,other,1.0287027106322257,3.3487556324836487,minus,minus,1,1
2022-10-17 02:00:00+00:00,bearish,0.469,0.4728,81.31821099935857,0.005359164034105426,BALANCE,NORMAL_VOL,bearish,0.105263157894736,other,edge,other,0.6717465591815793,3.1348172761807067,minus,minus,1,1
2022-10-18 02:00:00+00:00,bearish,0.4757,0.4776,40.084388185654284,0.00521398718566999,BALANCE,NORMAL_VOL,bearish,0.4712041884816741,other,middle,other,3.413894082617065,0.8055255700557199,plus,plus,1,1
2022-10-18 19:00:00+00:00,bearish,0.4647,0.4668,45.190445448676364,0.005384484449773397,BALANCE,NORMAL_VOL,bearish,0.2509652509652514,other,other,other,2.5257757036650648,0.9657377690484038,plus,plus,1,1
2022-10-19 07:00:00+00:00,bearish,0.459,0.4596,13.109023377758126,0.00475159758390018,BALANCE,NORMAL_VOL,bearish,0.21874999999999908,other,other,other,2.357101964600055,1.325869855087538,plus,plus,1,1
2022-10-19 23:00:00+00:00,bearish,0.4557,0.4591,75.55555555555587,0.005208630482632272,IMBALANCE,NORMAL_VOL,bearish,0.0,trend_aligned,other,other,5.721273586092451,2.7838411744409606,minus,minus,1,1
2022-10-20 01:00:00+00:00,bullish,0.4557,0.4563,13.129102844638718,0.005501829344718647,BALANCE,NORMAL_VOL,bearish,0.6,other,middle,other,1.3631829579009858,6.68868438010083,plus,plus,1,1
2022-10-20 05:00:00+00:00,bullish,0.4578,0.4592,30.41494677384342,0.005135265199773771,BALANCE,NORMAL_VOL,bearish,0.7885714285714267,other,other,other,0.8178740214205614,7.808749585467666,minus,minus,1,1
2022-10-20 17:00:00+00:00,bearish,0.4568,0.4604,80.08898776418225,0.004718843656055308,BALANCE,NORMAL_VOL,bearish,0.16666666666666666,other,other,other,6.209148286233575,1.080773251187413,plus,plus,0,1
2022-10-20 18:00:00+00:00,bearish,0.4496,0.4558,141.39110604332913,0.006481783394908499,BALANCE,HIGH_VOL,bearish,0.0,other,edge,high_vol_regular,1.1108054005099355,2.4838842983625007,plus,plus,0,1
2022-10-20 19:00:00+00:00,bearish,0.4399,0.4471,164.4211007079238,0.006297370295272178,BALANCE,NORMAL_VOL,bearish,0.39954853273137675,other,middle,other,1.048056520505872,2.6519005897648587,plus,plus,1,1
2022-10-21 23:00:00+00:00,bullish,0.454,0.457,65.06180871828244,0.00556752759969865,BALANCE,NORMAL_VOL,neutral,1.0,other,edge,other,1.706322928783363,0.9878711692956312,plus,plus,0,1
2022-10-22 12:00:00+00:00,bullish,0.462,0.4631,23.73759171342231,0.004244275774021765,BALANCE,NORMAL_VOL,bullish,0.8258928571428563,other,other,other,1.696402492050489,2.7802151953049474,plus,plus,1,1
2022-10-23 18:00:00+00:00,bullish,0.457,0.461,86.50519031141877,0.003940624698262286,BALANCE,NORMAL_VOL,bullish,0.7397260273972586,other,other,other,2.6645521469299625,4.415543557769641,plus,plus,1,1
2022-10-23 23:00:00+00:00,bullish,0.4659,0.4675,34.13697461062611,0.004633588062436586,BALANCE,NORMAL_VOL,bullish,0.8221153846153854,other,other,other,0.9064249871602523,5.114826713261446,minus,minus,1,1
2022-10-24 02:00:00+00:00,bearish,0.464,0.4663,49.934867564046215,0.0047245601214187995,BALANCE,NORMAL_VOL,bullish,0.4225352112676063,other,middle,other,3.6828825441583657,0.21165991633094045,plus,plus,0,1
2022-10-24 04:00:00+00:00,bearish,0.458,0.4605,54.59707359685526,0.00464260541081519,BALANCE,NORMAL_VOL,neutral,0.29577464788732283,other,other,other,3.1663255218191875,0.34463407040209854,plus,plus,0,1
2022-10-25 14:00:00+00:00,bullish,0.4484,0.4509,55.2852720035383,0.003846974186692651,BALANCE,NORMAL_VOL,bearish,0.5521472392638029,other,middle,other,5.328863414501991,0.10397782272199295,plus,plus,0,0
2022-10-25 16:00:00+00:00,bullish,0.454,0.4553,28.071690779528563,0.004325707334444177,BALANCE,NORMAL_VOL,neutral,1.0,other,edge,other,2.2192902241809964,1.8494085201508323,plus,plus,0,0
2022-10-25 17:00:00+00:00,bullish,0.4585,0.4614,62.31198968629047,0.0044881568105553105,BALANCE,NORMAL_VOL,neutral,1.0,other,edge,other,1.6265028848439043,2.294928727930426,plus,plus,1,1
2022-10-25 21:00:00+00:00,bearish,0.462,0.4629,19.50585175552571,0.005358815250579717,BALANCE,NORMAL_VOL,bullish,0.6169491525423721,other,middle,other,0.9890245795330632,1.8847449534498095,minus,minus,1,1
2022-10-27 21:00:00+00:00,bearish,0.4658,0.4693,75.49611734253673,0.005712888331817678,BALANCE,NORMAL_VOL,neutral,0.27317073170731726,other,other,other,1.3128210397933195,1.820445175180062,plus,plus,1,1
2022-10-28 17:00:00+00:00,bullish,0.4652,0.467,38.535645472062164,0.004623968264213125,BALANCE,NORMAL_VOL,neutral,0.8527131782945766,other,edge,other,3.568363591009164,0.08650578402446728,plus,plus,0,1
2022-10-29 09:00:00+00:00,bullish,0.4727,0.477,89.75161761636339,0.004294552511060915,BALANCE,NORMAL_VOL,bullish,0.8780487804878072,other,edge,other,0.5821328284055265,4.4242094958821,minus,minus,1,1
2022-10-29 11:00:00+00:00,bearish,0.4739,0.477,65.83138670630689,0.004660098848822928,BALANCE,NORMAL_VOL,bullish,0.3952380952380947,other,middle,other,2.317547406258967,1.7167017824140551,minus,minus,1,1
2022-10-31 14:00:00+00:00,bearish,0.4536,0.4555,42.10059827165993,0.005211397496985503,BALANCE,NORMAL_VOL,bearish,0.21019108280254595,other,other,other,0.3070193745392669,3.070193745392691,minus,minus,1,1
2022-10-31 23:00:00+00:00,bullish,0.4562,0.4604,90.47824213700952,0.005246745201888056,BALANCE,NORMAL_VOL,neutral,0.85,other,edge,other,0.4955453142768156,1.982181257107273,minus,minus,1,1
2022-11-01 18:00:00+00:00,bullish,0.4594,0.4608,30.250648228176587,0.004204269371725555,BALANCE,NORMAL_VOL,neutral,0.6666666666666666,other,middle,other,0.9514138239810944,2.9018121631423326,minus,minus,1,1
2022-11-02 10:00:00+00:00,bearish,0.4542,0.4562,44.15011037527598,0.003950700984171091,BALANCE,NORMAL_VOL,bearish,0.0,other,edge,other,2.1515169166323074,3.2399313568109958,minus,minus,1,1
2022-11-02 20:00:00+00:00,bearish,0.4535,0.4539,8.875083203905291,0.005327247269171655,BALANCE,NORMAL_VOL,bearish,0.08484848484848552,other,edge,other,0.4317426775569216,1.6518850271743366,minus,minus,1,1
2022-11-03 12:00:00+00:00,bearish,0.4567,0.4572,10.979358805445772,0.004144469714046664,BALANCE,NORMAL_VOL,bearish,0.5117370892018792,other,middle,other,0.9168844899797088,12.570968928405906,minus,minus,1,1
2022-11-04 06:00:00+00:00,bullish,0.458,0.4612,68.99525657610998,0.003771759054420412,BALANCE,NORMAL_VOL,bullish,1.0,other,edge,other,12.248926650246842,0.3181539389674447,plus,plus,0,0
2022-11-04 09:00:00+00:00,bullish,0.4648,0.4799,302.54458024444006,0.006159968893061822,BALANCE,NORMAL_VOL,bullish,1.0,other,edge,other,1.7694894550972577,2.6136495621161284,both,both,0,1
2022-11-04 10:00:00+00:00,bullish,0.4828,0.4922,190.24488969844202,0.006812828257843115,BALANCE,HIGH_VOL,bullish,0.821011673151751,other,other,high_vol_regular,2.333832499255432,1.6292792919330343,minus,minus,0,1
2022-11-04 16:00:00+00:00,bearish,0.4927,0.4949,44.81564473416133,0.007744007552445653,IMBALANCE,NORMAL_VOL,bullish,0.6965265082266918,trend_counter,other,other,0.6585737378819253,2.466423214420548,minus,minus,1,1
2022-11-05 16:00:00+00:00,bullish,0.4963,0.4971,16.025641025640372,0.0055533984432905555,BALANCE,NORMAL_VOL,bullish,0.4255319148936148,other,middle,other,1.836713159367002,3.313286483564003,plus,plus,1,1
2022-11-07 23:00:00+00:00,bearish,0.466,0.4672,25.839793281653293,0.0057894067785962825,BALANCE,NORMAL_VOL,bearish,0.29357798165137455,other,other,other,23.352997149870507,0.38000439149198184,plus,plus,0,0
2022-11-08 03:00:00+00:00,bearish,0.4547,0.4617,159.19945417330013,0.006810069944905469,IMBALANCE,HIGH_VOL,bearish,0.0,trend_aligned,other,high_vol_regular,16.225971376793815,2.5109874257300846,plus,plus,0,0
2022-11-08 04:00:00+00:00,bearish,0.4445,0.4523,180.59736050011514,0.007937922091697936,IMBALANCE,HIGH_VOL,bearish,0.0,trend_aligned,other,high_vol_regular,12.93789467994543,3.136841066510622,plus,plus,1,1
2022-11-08 05:00:00+00:00,bearish,0.4353,0.4384,72.00929152148645,0.0082137847994338,IMBALANCE,NORMAL_VOL,bearish,0.14853195164075986,trend_aligned,other,other,12.332925986444508,3.2019343873987207,minus,minus,1,1
2022-11-08 18:00:00+00:00,bearish,0.4344,0.437,64.2133860212396,0.011231020018610479,IMBALANCE,HIGH_VOL,bearish,0.0,trend_aligned,other,high_vol_regular,6.740260446028991,0.5520424671780715,plus,plus,0,0
2022-11-08 19:00:00+00:00,bearish,0.4083,0.4293,534.6232179226074,0.016078804302995443,IMBALANCE,HIGH_VOL,bearish,0.0,trend_aligned,other,high_vol_large,3.2651681686441925,1.1381443330702639,minus,minus,0,0
2022-11-09 03:00:00+00:00,bearish,0.3901,0.3928,69.46231026498533,0.01437572400496266,IMBALANCE,NORMAL_VOL,bearish,0.4663009404388715,trend_aligned,other,other,5.404945168200022,0.36867708354517714,plus,plus,1,1
2022-11-09 09:00:00+00:00,bearish,0.3776,0.385,202.07536865101082,0.013496825117599521,IMBALANCE,NORMAL_VOL,bearish,0.28996865203761785,trend_aligned,other,other,4.0898507255621634,1.4670116732994696,minus,minus,1,1
2022-11-09 10:00:00+00:00,bearish,0.3704,0.3717,35.41269408880326,0.013661337609199553,IMBALANCE,NORMAL_VOL,bearish,0.2970219435736676,trend_aligned,other,other,4.106479292497845,1.3834662857078326,minus,minus,1,1
2022-11-09 12:00:00+00:00,bullish,0.3704,0.3743,103.14731552499377,0.013269214571197568,IMBALANCE,NORMAL_VOL,bearish,0.3832288401253919,trend_counter,other,other,0.5953630456129575,5.056817767168273,minus,minus,1,1
2022-11-09 16:00:00+00:00,bearish,0.3671,0.3731,166.48168701442856,0.013792845100165914,IMBALANCE,NORMAL_VOL,bearish,0.10265486725663668,trend_aligned,other,other,3.581567083603786,2.5737982078529216,plus,plus,1,1
2022-11-09 22:00:00+00:00,bearish,0.3345,0.3468,372.61435928506444,0.015141334228973305,IMBALANCE,NORMAL_VOL,bearish,0.04558823529411752,trend_aligned,other,other,0.6538393413875069,4.794821836841708,minus,minus,1,1
2022-11-10 01:00:00+00:00,bullish,0.3334,0.3387,155.56207807455317,0.015090565342949834,IMBALANCE,NORMAL_VOL,bearish,0.3578313253012048,trend_counter,other,other,4.108527320943996,0.22530633695499427,plus,plus,0,0
2022-11-10 05:00:00+00:00,bullish,0.3555,0.3581,70.25128343690871,0.014618074155559926,BALANCE,NORMAL_VOL,bearish,0.7879999999999997,other,other,other,2.230115927247553,1.019286113987376,minus,minus,1,1
2022-11-10 06:00:00+00:00,bullish,0.359,0.3661,193.7244201909958,0.01413106885873422,BALANCE,NORMAL_VOL,bearish,0.7399999999999998,other,other,other,2.5617312010779205,0.7996564246458683,plus,plus,1,1
2022-11-10 14:00:00+00:00,bullish,0.3697,0.3811,293.43629343629397,0.013050137488914886,IMBALANCE,NORMAL_VOL,neutral,0.965130759651308,other,other,other,1.0881111415156988,1.7547707845570106,minus,minus,1,1
2022-11-10 18:00:00+00:00,bearish,0.3832,0.386,73.62608466999802,0.012733865494088349,BALANCE,NORMAL_VOL,bearish,0.8162544169611313,other,other,other,1.1544020161689683,1.7590887865431823,minus,minus,1,1
2022-11-10 21:00:00+00:00,bullish,0.3869,0.394,178.48164906988427,0.012500620441148727,BALANCE,NORMAL_VOL,neutral,0.9805510534846024,other,edge,other,0.1599920587474628,2.5758721458341496,minus,minus,1,1
2022-11-11 15:00:00+00:00,bearish,0.3787,0.3912,333.24446814182915,0.010098048233342056,BALANCE,NORMAL_VOL,bearish,0.25606469002695426,other,other,other,1.29728039491295,1.1487368382435281,minus,minus,0,0
2022-11-14 07:00:00+00:00,bullish,0.3274,0.3348,214.1823444283636,0.00841587532284749,BALANCE,NORMAL_VOL,bearish,0.7037037037037033,other,other,other,5.0143328389662685,0.8555259820037213,plus,plus,0,0
2022-11-14 20:00:00+00:00,bullish,0.347,0.351,108.63661053775131,0.009293550702401062,BALANCE,HIGH_VOL,neutral,1.0,other,edge,high_vol_regular,3.185004413044475,0.8392917034373997,plus,plus,0,0
2022-11-14 21:00:00+00:00,bullish,0.3551,0.3604,142.35831318828824,0.009629725652229557,BALANCE,NORMAL_VOL,neutral,0.9131205673758872,other,edge,other,2.648050517835468,0.6334552219135827,plus,plus,0,0
2022-11-15 14:00:00+00:00,bullish,0.3834,0.3849,38.6697602474865,0.00844679174293265,IMBALANCE,NORMAL_VOL,bullish,0.869888475836432,trend_aligned,other,other,1.1720426288813384,2.474312216527282,plus,plus,1,1
2022-11-15 19:00:00+00:00,bearish,0.3849,0.3887,98.82964889466763,0.008730338636075542,BALANCE,NORMAL_VOL,bullish,0.5791139240506331,other,middle,other,2.657399783340919,0.8132559681776083,plus,plus,1,1
2022-11-17 10:00:00+00:00,bearish,0.3734,0.3777,116.31052204490047,0.006015511133458434,BALANCE,NORMAL_VOL,neutral,0.3243243243243232,other,middle,other,0.049871073852953064,3.008888122461834,minus,minus,1,1
2022-11-20 01:00:00+00:00,bullish,0.3862,0.3892,76.88364941055876,0.003427196004571891,BALANCE,NORMAL_VOL,bullish,0.9620253164556968,other,edge,other,1.137956508701983,10.8543543906958,plus,plus,1,1
2022-11-20 09:00:00+00:00,bearish,0.3855,0.3872,44.3748368572169,0.003281508955449086,BALANCE,NORMAL_VOL,bullish,0.2804232804232793,other,other,other,11.61051227263401,0.2742640694323029,plus,plus,0,0
2022-11-20 12:00:00+00:00,bearish,0.3759,0.378,56.315366049879074,0.0039627096119247964,BALANCE,NORMAL_VOL,neutral,0.012448132780083915,other,edge,other,7.040637021709053,1.488880230397257,minus,minus,1,1
2022-11-20 21:00:00+00:00,bearish,0.373,0.3749,52.50069079856349,0.004683044487400625,BALANCE,NORMAL_VOL,bearish,0.0,other,edge,other,3.6087634967953415,0.854145206342092,plus,plus,0,1
2022-11-20 22:00:00+00:00,bearish,0.3659,0.3717,159.38444627644878,0.004812827024014867,BALANCE,NORMAL_VOL,bearish,0.1117647058823536,other,edge,other,3.927005875277359,0.2908893240946213,plus,plus,0,1
2022-11-21 03:00:00+00:00,bearish,0.3536,0.3539,8.49617672047485,0.00574930922425841,IMBALANCE,NORMAL_VOL,bearish,0.12941176470588253,trend_aligned,other,other,1.0783904219032092,2.695976054757999,minus,minus,1,1
2022-11-22 06:00:00+00:00,bearish,0.3555,0.3578,65.08205998868206,0.005623988683104991,BALANCE,NORMAL_VOL,bearish,0.29953917050691276,other,other,other,0.4089624161068091,4.49858657717496,minus,minus,1,1
2022-11-22 11:00:00+00:00,bullish,0.3574,0.3594,55.50929780738279,0.005301222388952704,BALANCE,NORMAL_VOL,bearish,0.5765306122448994,other,middle,other,4.09339552425134,0.20749931228923657,plus,plus,0,0
2022-11-22 14:00:00+00:00,bullish,0.3644,0.3669,67.8241996744439,0.0055601259433415,BALANCE,NORMAL_VOL,neutral,0.8305084745762711,other,other,other,2.410017351503903,0.10791122469420253,plus,plus,0,0
2022-11-23 03:00:00+00:00,bullish,0.3736,0.3742,15.889830508474297,0.005054530931768534,BALANCE,NORMAL_VOL,bullish,0.9706959706959698,other,edge,other,1.2859749178991997,1.3848960654299074,minus,minus,1,1
2022-11-24 15:00:00+00:00,bullish,0.3827,0.386,84.85471843661674,0.004559377047631523,IMBALANCE,NORMAL_VOL,bullish,0.7525252525252544,trend_aligned,other,other,6.733376002747524,0.5483205213963795,plus,plus,0,0
2022-11-24 18:00:00+00:00,bullish,0.395,0.3953,7.554772097707554,0.005419442920425095,IMBALANCE,NORMAL_VOL,bullish,0.7573770491803276,trend_aligned,other,other,4.15171823568816,1.6237831321802663,plus,plus,1,1
2022-11-25 01:00:00+00:00,bearish,0.3972,0.3986,35.80562659846579,0.005479538558198618,BALANCE,NORMAL_VOL,bullish,0.5519480519480525,other,middle,other,0.49274222114200295,5.219417601726326,minus,minus,1,1
2022-11-25 02:00:00+00:00,bearish,0.3952,0.3958,15.197568389057484,0.005581000089755861,BALANCE,NORMAL_VOL,bullish,0.675324675324675,other,middle,other,0.4658663247062817,4.443648020275315,minus,minus,1,1
2022-11-25 07:00:00+00:00,bullish,0.3998,0.4124,303.46820809248555,0.0065203279629130004,IMBALANCE,NORMAL_VOL,bullish,0.9331742243436761,trend_aligned,other,other,0.6748126819734739,2.576557512989657,minus,minus,1,1
2022-11-25 09:00:00+00:00,bearish,0.4118,0.4124,14.66992665036649,0.00687211951904233,IMBALANCE,NORMAL_VOL,bullish,0.7382716049382715,trend_counter,other,other,1.5424644421023064,0.8294384264135101,plus,plus,1,1
2022-11-26 23:00:00+00:00,bearish,0.3973,0.3986,32.84487114704456,0.0041371088906243265,BALANCE,NORMAL_VOL,neutral,0.18421052631578946,other,other,other,0.5317723217258563,3.3114912762019513,minus,minus,1,1
2022-11-27 12:00:00+00:00,bullish,0.4038,0.4042,9.871668311945001,0.0037086589116230727,BALANCE,NORMAL_VOL,bullish,0.7962962962962981,other,other,other,1.1594487663784916,8.817203409436498,plus,plus,1,1
2022-11-28 00:00:00+00:00,bearish,0.3988,0.4024,91.09311740890669,0.0039179210961703135,BALANCE,NORMAL_VOL,neutral,0.10062893081760965,other,edge,other,5.79388901481165,0.3573323621469772,plus,plus,0,1
2022-11-28 02:00:00+00:00,bearish,0.3783,0.395,443.44131704726476,0.005383819720677468,BALANCE,NORMAL_VOL,bearish,0.11081081081081068,other,edge,other,0.6686702354043514,2.6189584220003823,minus,minus,0,1
2022-11-28 04:00:00+00:00,bullish,0.3783,0.3792,23.523261892314594,0.0052794159836453665,BALANCE,NORMAL_VOL,bearish,0.27297297297297307,other,other,other,1.780499969905657,1.8183829479887519,minus,minus,1,1
2022-11-29 05:00:00+00:00,bullish,0.3865,0.3895,76.66751852798372,0.004770387752090171,BALANCE,NORMAL_VOL,neutral,0.9631578947368403,other,edge,other,3.6265395810686356,1.0690954834364148,minus,minus,1,1
2022-11-29 21:00:00+00:00,bullish,0.3975,0.3991,40.070122714750575,0.004466435673933058,BALANCE,NORMAL_VOL,bullish,0.8383838383838369,other,other,other,2.7538737592897844,1.7015805341953085,plus,plus,1,1
2022-11-30 01:00:00+00:00,bullish,0.3991,0.4032,100.6381934216984,0.00499786467313625,BALANCE,NORMAL_VOL,bullish,0.9506726457399107,other,edge,other,0.8403588881818326,3.1413415582034876,minus,minus,1,1
2022-11-30 04:00:00+00:00,bearish,0.4022,0.4037,37.33200597312099,0.004754194127871846,BALANCE,NORMAL_VOL,bullish,0.6964285714285706,other,middle,other,2.1244399636076987,2.061337786470843,plus,plus,1,1
2022-11-30 20:00:00+00:00,bullish,0.4006,0.4057,124.66389635785855,0.004714595138511686,BALANCE,NORMAL_VOL,bullish,0.8743718592964825,other,edge,other,0.4878467678406078,3.2028200845188173,minus,minus,1,1
2022-12-01 02:00:00+00:00,bearish,0.4021,0.4039,44.78726051256453,0.004346073522448724,BALANCE,NORMAL_VOL,bullish,0.5125628140703503,other,middle,other,4.2797251136976024,0.23009274804825836,plus,plus,0,0
2022-12-02 02:00:00+00:00,bearish,0.3901,0.3947,118.55670103092766,0.00399186948701883,BALANCE,NORMAL_VOL,bearish,0.24226804123711498,other,other,other,1.1523422834736317,2.129328132505629,plus,plus,1,1
2022-12-03 12:00:00+00:00,bullish,0.3909,0.3927,45.615813482006295,0.0028109180940110367,BALANCE,NORMAL_VOL,neutral,0.8041237113402057,other,other,other,0.853813565437382,3.415254261749508,minus,minus,1,1
2022-12-03 23:00:00+00:00,bearish,0.3887,0.391,59.46225439503682,0.002808347808495951,BALANCE,NORMAL_VOL,bearish,0.14999999999999722,other,edge,other,0.427297500818695,2.1008793790252933,minus,minus,1,1
2022-12-05 20:00:00+00:00,bearish,0.3862,0.3908,119.17098445595836,0.0034108392146292867,BALANCE,NORMAL_VOL,bearish,0.4772727272727282,other,middle,other,1.6125063815409963,1.3486417009251936,minus,minus,0,1
2022-12-05 22:00:00+00:00,bullish,0.3862,0.3878,41.10996916752288,0.003374141975879339,BALANCE,NORMAL_VOL,bearish,0.6590909090909088,other,middle,other,0.41492029974084205,2.5784332912466343,minus,minus,1,1
2022-12-06 02:00:00+00:00,bearish,0.3881,0.3888,18.06917914300409,0.0033386523576918446,BALANCE,NORMAL_VOL,bearish,0.5833333333333358,other,middle,other,2.066702148279459,1.4676580473288758,plus,plus,1,1
2022-12-06 04:00:00+00:00,bearish,0.3834,0.3844,26.130128037627408,0.003477205349234297,BALANCE,NORMAL_VOL,bearish,0.31288343558282206,other,middle,other,0.6326919980392972,2.760837809626049,minus,minus,1,1
2022-12-07 02:00:00+00:00,bearish,0.3891,0.3901,25.900025900025923,0.0028535700489041326,BALANCE,NORMAL_VOL,bearish,0.4745762711864411,other,middle,other,5.151441789783744,1.6470596198628245,plus,plus,1,1
2022-12-07 03:00:00+00:00,bearish,0.3865,0.3886,54.48884276076779,0.0027926007596966946,BALANCE,NORMAL_VOL,bearish,0.4152542372881377,other,middle,other,5.013247937925992,1.9336813474857237,minus,minus,1,1
2022-12-07 07:00:00+00:00,bearish,0.3853,0.3863,26.51816494298597,0.003658386357187035,BALANCE,NORMAL_VOL,bearish,0.0,other,edge,other,0.3006790132592199,3.744820437864862,minus,minus,1,1
2022-12-07 08:00:00+00:00,bearish,0.38,0.3835,92.25092250922516,0.003682787331673676,BALANCE,NORMAL_VOL,bearish,0.3827751196172257,other,middle,other,0.7331403518141778,3.095481485437589,minus,minus,1,1
2022-12-07 14:00:00+00:00,bullish,0.3801,0.3812,28.80335166273867,0.0033944716032446734,BALANCE,NORMAL_VOL,bearish,0.5023923444976087,other,middle,other,2.621910282440637,0.9427093150348502,plus,plus,1,1
2022-12-11 21:00:00+00:00,bearish,0.3845,0.3851,15.657620041753379,0.0015979503405999357,BALANCE,NORMAL_VOL,bearish,0.39024390243902274,other,middle,other,8.573482949949778,1.2516033503576338,plus,plus,1,1
2022-12-11 23:00:00+00:00,bearish,0.382,0.383,26.274303730951154,0.0020135388140887214,BALANCE,NORMAL_VOL,bearish,0.3596491228070162,other,middle,other,5.512682408868084,4.420078688191537,plus,plus,1,1
2022-12-12 03:00:00+00:00,bearish,0.3739,0.3806,179.24023542001026,0.002851212569481156,BALANCE,NORMAL_VOL,bearish,0.24157303370786687,other,other,other,0.5962375510674005,5.506429148092936,minus,minus,1,1
2022-12-12 12:00:00+00:00,bearish,0.3747,0.3753,16.029922522042344,0.002704371766769463,IMBALANCE,NORMAL_VOL,bearish,0.2696629213483164,trend_aligned,other,other,0.5916346338400594,5.6205290214804,minus,minus,1,1
2022-12-12 20:00:00+00:00,bullish,0.3778,0.3792,36.658811207121154,0.0026042921812119055,BALANCE,NORMAL_VOL,neutral,0.9465648854961849,other,edge,other,6.604481679930393,1.3823333748691495,plus,plus,0,1
2022-12-12 22:00:00+00:00,bullish,0.3821,0.3827,15.527950310558731,0.0028797213195143503,BALANCE,NORMAL_VOL,neutral,1.0,other,edge,other,4.4101489661304365,2.8127721752485475,plus,plus,1,1
2022-12-12 23:00:00+00:00,bullish,0.3852,0.3857,12.919896640826884,0.002945455510977613,BALANCE,NORMAL_VOL,neutral,0.975308641975308,other,edge,other,4.108023344743693,2.953702735476866,minus,minus,1,1
2022-12-13 02:00:00+00:00,bearish,0.3839,0.3849,26.143790849673227,0.00283074553849046,BALANCE,NORMAL_VOL,neutral,0.5977011494252876,other,middle,other,1.4837080701502043,5.8641795153555965,plus,plus,1,1
2022-12-13 11:00:00+00:00,bullish,0.3835,0.3846,28.5121824779676,0.003035186326939038,BALANCE,NORMAL_VOL,bullish,0.761290322580643,other,other,other,4.381938559077848,0.16473453229615942,plus,plus,0,1
2022-12-13 14:00:00+00:00,bullish,0.3881,0.392,99.26189870196013,0.003735132784360447,BALANCE,NORMAL_VOL,bullish,0.7316017316017325,other,other,other,0.8031842971048822,1.285094875367841,minus,minus,1,1
2022-12-14 03:00:00+00:00,bearish,0.3916,0.3923,17.907393195190032,0.003160083856591195,BALANCE,NORMAL_VOL,bullish,0.5794871794871806,other,middle,other,4.5568411008983185,0.9809866258878281,plus,plus,1,1
2022-12-14 19:00:00+00:00,bearish,0.3884,0.391,68.09848088004168,0.003974046946502369,BALANCE,NORMAL_VOL,neutral,0.16568047337277952,other,other,other,2.264693930684693,1.2581632948248374,minus,minus,0,0
2022-12-15 02:00:00+00:00,bearish,0.3808,0.3847,102.60457774269821,0.0038220387615746296,BALANCE,NORMAL_VOL,bearish,0.20571428571428507,other,other,other,1.9099753967415205,0.8110854424518794,plus,plus,0,0
2022-12-15 19:00:00+00:00,bearish,0.3782,0.3788,15.885623510723986,0.003036020560023977,BALANCE,NORMAL_VOL,bearish,0.3499999999999982,other,middle,other,7.312203445626427,0.6587570671735526,plus,plus,1,1
2022-12-16 09:00:00+00:00,bearish,0.3752,0.3777,68.6247598133407,0.003927738949885236,BALANCE,NORMAL_VOL,bearish,0.0,other,edge,other,5.422967328473383,0.3055192861111713,plus,plus,0,0
2022-12-16 10:00:00+00:00,bearish,0.3655,0.373,206.44095788604477,0.003875757596322003,IMBALANCE,NORMAL_VOL,bearish,0.2815884476534306,trend_aligned,other,other,5.237685664156132,0.5418295514644255,plus,plus,0,0
2022-12-16 17:00:00+00:00,bearish,0.36,0.3619,53.17660229499056,0.0036795074957444765,IMBALANCE,NORMAL_VOL,bearish,0.07438016528925719,trend_aligned,other,other,3.8863896911580156,2.2013815733132835,minus,minus,1,1
2022-12-16 19:00:00+00:00,bullish,0.36,0.3602,5.517241379311269,0.0036109018713306974,IMBALANCE,NORMAL_VOL,bearish,0.2892561983471077,trend_counter,other,other,0.8031234587195524,5.400312912079713,minus,minus,1,1
2022-12-16 23:00:00+00:00,bearish,0.3529,0.3622,265.10832383124375,0.004912736056514889,IMBALANCE,HIGH_VOL,bearish,0.14243323442136574,trend_aligned,other,high_vol_regular,0.8956312631868502,1.2823811268357073,minus,minus,0,0
2022-12-18 10:00:00+00:00,bearish,0.3513,0.3523,28.490028490028518,0.002548912646547497,BALANCE,NORMAL_VOL,bearish,0.5054945054945049,other,middle,other,5.531770584252252,0.6669510633495759,plus,plus,1,1
2022-12-19 03:00:00+00:00,bearish,0.3465,0.3505,117.30205278592385,0.0032602726899252574,IMBALANCE,NORMAL_VOL,bearish,0.0,trend_aligned,other,other,3.0058835355347835,1.3802526438679925,minus,minus,0,1
2022-12-19 04:00:00+00:00,bearish,0.3428,0.3433,14.645577035735222,0.0031702532120734535,IMBALANCE,NORMAL_VOL,bearish,0.2727272727272727,trend_aligned,other,other,3.2174086161808004,1.293272090817772,minus,minus,1,1
2022-12-19 17:00:00+00:00,bearish,0.3387,0.3406,56.3630970038568,0.003562148682951215,IMBALANCE,NORMAL_VOL,bearish,0.11864406779660969,trend_aligned,other,other,1.656303687782035,3.4529720948676164,plus,plus,1,1
2022-12-20 05:00:00+00:00,bullish,0.34,0.3422,63.990692262942986,0.004088408409939877,BALANCE,NORMAL_VOL,bearish,0.8936170212765957,other,edge,other,2.2258050291345084,1.83445469434163,plus,plus,1,1
2022-12-21 04:00:00+00:00,bearish,0.341,0.3433,67.5477239353882,0.003513269952377568,BALANCE,NORMAL_VOL,bearish,0.2530120481927733,other,other,other,0.6831242781033204,1.8501282531964685,minus,minus,1,1
2022-12-22 02:00:00+00:00,bearish,0.3439,0.3445,17.467248908296636,0.0026491347393865668,BALANCE,NORMAL_VOL,bearish,0.5679012345679075,other,middle,other,0.9059561842278195,2.4536313322836456,minus,minus,1,1
2022-12-22 21:00:00+00:00,bullish,0.3442,0.3476,97.30967372638851,0.0023835992459703076,BALANCE,NORMAL_VOL,bullish,1.0,other,edge,other,2.265481502030683,1.0488340287179065,minus,minus,0,1
2022-12-25 03:00:00+00:00,bearish,0.3498,0.351,34.35442313197764,0.0012214371019285835,BALANCE,NORMAL_VOL,neutral,0.30434782608695965,other,middle,other,5.485341807139347,0.16374154648175393,plus,plus,0,1
2022-12-26 02:00:00+00:00,bullish,0.3473,0.3478,14.334862385321113,0.001625256043092011,BALANCE,NORMAL_VOL,neutral,0.925373134328358,other,edge,other,12.982569786270574,0.12305753351913877,plus,plus,0,1
2022-12-26 14:00:00+00:00,bullish,0.3523,0.3543,56.274620146314064,0.0017474361116479062,BALANCE,NORMAL_VOL,bullish,0.9047619047619064,other,edge,other,9.95744558786249,0.9156271804930954,plus,plus,0,1
2022-12-26 17:00:00+00:00,bullish,0.3562,0.3574,32.930845225026864,0.00237496980221955,IMBALANCE,NORMAL_VOL,bullish,1.0,trend_aligned,other,other,3.536887076269231,2.484242113093866,plus,plus,0,1
2022-12-26 18:00:00+00:00,bullish,0.36,0.3625,68.60592755214056,0.002519614816346726,IMBALANCE,NORMAL_VOL,bullish,0.9700000000000005,trend_aligned,other,other,3.33384291340986,2.3416277606093074,plus,plus,1,1
2022-12-27 01:00:00+00:00,bearish,0.3631,0.3643,33.14917127071919,0.0030985027348771547,IMBALANCE,NORMAL_VOL,bullish,0.6273584905660369,trend_counter,other,other,1.1295778314485712,3.4855544513270265,plus,plus,1,1
2022-12-27 07:00:00+00:00,bullish,0.3618,0.3657,106.0935799782376,0.0034381304488390325,IMBALANCE,NORMAL_VOL,bullish,0.8826530612244886,trend_aligned,other,other,1.5124498844294705,3.8392958604747784,plus,plus,1,1
2022-12-27 12:00:00+00:00,bearish,0.3687,0.3695,21.792427131570893,0.00349881330833282,BALANCE,NORMAL_VOL,bullish,0.6666666666666645,other,middle,other,3.6298021302689976,1.400474837662847,minus,minus,1,1
2022-12-28 00:00:00+00:00,bearish,0.3686,0.3693,19.136139967196115,0.0035281209515230227,BALANCE,NORMAL_VOL,bullish,0.5035460992907798,other,middle,other,4.2515549228902705,0.2550932953734194,plus,plus,0,0
2022-12-28 06:00:00+00:00,bearish,0.3584,0.3592,22.33389168062599,0.00389403868470778,BALANCE,NORMAL_VOL,neutral,0.2159090909090923,other,other,other,4.134524924784663,0.9244900452934629,plus,plus,1,1
2022-12-29 01:00:00+00:00,bearish,0.3519,0.3551,92.16589861751257,0.003555736787614394,BALANCE,NORMAL_VOL,bearish,0.0,other,edge,other,3.6841872113905874,0.30935923149080985,plus,plus,0,0
2022-12-29 02:00:00+00:00,bearish,0.3474,0.3508,98.20912767186638,0.0036803270170705066,BALANCE,NORMAL_VOL,bearish,0.012658227848103356,other,edge,other,3.396437311690267,0.5706014683639619,plus,plus,0,0
2022-12-29 21:00:00+00:00,bearish,0.3404,0.3426,65.03103754064544,0.0030854472145465765,IMBALANCE,NORMAL_VOL,bearish,0.19047619047618952,trend_aligned,other,other,1.5881004143900408,2.463176152931483,minus,minus,1,1
2022-12-30 02:00:00+00:00,bearish,0.3373,0.3416,127.71012771012849,0.003724274209835635,IMBALANCE,NORMAL_VOL,bearish,0.18309859154929528,trend_aligned,other,other,0.8860786864954462,2.47027997447213,minus,minus,1,1
2022-12-30 19:00:00+00:00,bullish,0.3402,0.3416,40.733197556008506,0.0027652970759276694,BALANCE,NORMAL_VOL,bearish,0.9115044247787613,other,edge,other,0.7955745583906024,1.4464991970738372,minus,minus,1,1
2022-12-31 01:00:00+00:00,bearish,0.3419,0.3435,47.0173376432573,0.002671739734528305,BALANCE,NORMAL_VOL,bearish,0.5520000000000009,other,middle,other,1.0105774769549791,1.8340109766960924,minus,minus,1,1
2023-01-02 01:00:00+00:00,bearish,0.3366,0.3376,30.78817733990151,0.004253621811693883,BALANCE,NORMAL_VOL,bearish,0.0,other,edge,other,0.1880750182822178,7.193869449295128,minus,minus,1,1
2023-01-02 02:00:00+00:00,bearish,0.329,0.3361,217.72462434835927,0.004306934539430035,BALANCE,NORMAL_VOL,bearish,0.682983682983683,other,middle,other,0.13931022041477126,6.802982430254781,minus,minus,1,1
2023-01-02 06:00:00+00:00,bullish,0.3284,0.3305,63.34841628959248,0.004172403617780643,BALANCE,NORMAL_VOL,bearish,0.8088578088578092,other,other,other,5.728113142781883,0.04793400119483554,plus,plus,0,0
2023-01-02 08:00:00+00:00,bullish,0.3323,0.3373,145.6876456876458,0.004755796996963925,BALANCE,HIGH_VOL,neutral,1.0,other,edge,high_vol_regular,2.565290319958653,0.37848545704308534,plus,plus,0,0
2023-01-02 09:00:00+00:00,bullish,0.3395,0.3423,81.15942028985418,0.004823240068609358,BALANCE,NORMAL_VOL,neutral,0.981670061099796,other,edge,other,2.156226903919912,0.7463862359722742,plus,plus,0,1
2023-01-02 16:00:00+00:00,bullish,0.3464,0.3492,79.72665148063852,0.0048252397419614795,BALANCE,NORMAL_VOL,bullish,0.9411764705882351,other,edge,other,0.6839038423940582,2.3211281923677314,minus,minus,1,1
2023-01-02 23:00:00+00:00,bearish,0.3496,0.3519,66.11095142282176,0.004289952990060421,BALANCE,NORMAL_VOL,bullish,0.7491638795986618,other,other,other,1.841512020831887,0.9091008710435975,plus,plus,0,1
2023-01-03 01:00:00+00:00,bearish,0.3466,0.3468,5.813953488371453,0.00416327579245006,BALANCE,NORMAL_VOL,bullish,0.5971731448763242,other,middle,other,0.9607818937322851,1.8735246927779872,minus,minus,1,1
2023-01-03 06:00:00+00:00,bullish,0.3452,0.3472,57.30659025787971,0.004010392914422114,BALANCE,NORMAL_VOL,bullish,0.542857142857142,other,middle,other,0.9226028668398433,2.2441691355563416,minus,minus,1,1
2023-01-03 20:00:00+00:00,bullish,0.3432,0.3448,46.32310364794414,0.003312713906984103,BALANCE,NORMAL_VOL,bullish,0.4576271186440653,other,middle,other,2.2036312838877032,1.3282161163158586,minus,minus,1,1
2023-01-04 02:00:00+00:00,bullish,0.3441,0.3448,20.057306590257262,0.0032080428728484783,BALANCE,NORMAL_VOL,bullish,0.7627118644067771,other,other,other,1.1533511697475354,2.49373225891355,plus,plus,1,1
2023-01-05 07:00:00+00:00,bearish,0.3454,0.3466,34.81288076588437,0.0026974192197393686,BALANCE,NORMAL_VOL,neutral,0.34579439252336314,other,middle,other,5.1160012129421135,0.2224348353453057,plus,plus,0,0
2023-01-06 05:00:00+00:00,bearish,0.3367,0.3375,23.795359904819243,0.002912619380057716,BALANCE,NORMAL_VOL,bearish,0.3360655737704915,other,middle,other,1.8196679031555942,3.330335596341384,plus,plus,1,1
2023-01-06 19:00:00+00:00,bullish,0.3376,0.339,40.97161252560762,0.0028056058525025014,BALANCE,NORMAL_VOL,neutral,1.0,other,edge,other,1.497002865264816,0.5702868058151671,plus,plus,0,1
2023-01-06 23:00:00+00:00,bullish,0.3419,0.3436,49.418604651163804,0.002800562493578816,BALANCE,NORMAL_VOL,neutral,0.8733333333333321,other,edge,other,0.5356066873848487,1.0712133747696775,minus,minus,1,1
2023-01-08 01:00:00+00:00,bearish,0.3411,0.3429,52.91005291005198,0.002400989294441213,BALANCE,NORMAL_VOL,neutral,0.5691056910569121,other,middle,other,1.124536459304937,4.623094332698107,plus,plus,1,1
2023-01-09 00:00:00+00:00,bullish,0.3425,0.3436,31.718569780853226,0.0023365755306011577,BALANCE,NORMAL_VOL,bullish,0.958762886597937,other,edge,other,4.6221488920674165,2.1826814212540597,plus,plus,1,1
2023-01-09 02:00:00+00:00,bullish,0.3469,0.3474,14.265335235378044,0.002768271758528551,BALANCE,NORMAL_VOL,bullish,0.9420289855072447,other,edge,other,2.5647770953578397,3.178878653401259,plus,plus,1,1
2023-01-09 07:00:00+00:00,bearish,0.3499,0.3507,22.929206076240266,0.0029033163749467065,BALANCE,NORMAL_VOL,bullish,0.6705882352941173,other,middle,other,2.479922636792261,2.9965731861239835,minus,minus,1,1
2023-01-09 21:00:00+00:00,bearish,0.3512,0.3523,31.663788140471787,0.00449134651518176,BALANCE,NORMAL_VOL,bullish,0.35849056603773544,other,middle,other,0.9796616638522481,1.447227457963563,minus,minus,1,1
2023-01-11 05:00:00+00:00,bullish,0.3494,0.3608,314.13612565445084,0.003972595416074055,BALANCE,NORMAL_VOL,bullish,0.79047619047619,other,other,other,4.782767437912643,1.5858649925710397,minus,minus,0,0
2023-01-12 18:00:00+00:00,bullish,0.3684,0.3727,114.51398135818829,0.0051029138805614,BALANCE,NORMAL_VOL,bullish,0.7429718875502005,other,other,other,0.8818490974621217,1.606925022042084,minus,minus,1,1
2023-01-13 03:00:00+00:00,bullish,0.374,0.3746,15.84786053882698,0.004325576478322271,BALANCE,NORMAL_VOL,bullish,1.0,other,edge,other,6.473125637778615,2.6123685609606477,minus,minus,1,1
2023-01-13 04:00:00+00:00,bullish,0.3749,0.3774,66.15506747816889,0.004202321015584965,BALANCE,NORMAL_VOL,bullish,0.9587155963302748,other,edge,other,6.829559163510251,2.522415579554308,minus,minus,1,1
2023-01-13 22:00:00+00:00,bullish,0.379,0.3816,67.8319853900337,0.004074706998155063,BALANCE,NORMAL_VOL,bullish,0.8333333333333314,other,other,other,6.405368536146897,2.061497919679451,plus,plus,1,1
2023-01-14 01:00:00+00:00,bullish,0.3862,0.3927,161.09045848822814,0.005632518686205055,IMBALANCE,HIGH_VOL,bullish,1.0,trend_aligned,other,high_vol_regular,1.047488757462982,5.077657366685,plus,plus,1,1
2023-01-14 07:00:00+00:00,bullish,0.4024,0.403,14.825796886583765,0.005418218677384995,IMBALANCE,NORMAL_VOL,bullish,0.9166666666666663,trend_aligned,other,other,0.8674437633197101,5.499962584452649,minus,minus,1,1
2023-01-14 10:00:00+00:00,bearish,0.3924,0.4036,285.7871906098491,0.0074978959308363066,IMBALANCE,NORMAL_VOL,bullish,0.5580808080808087,trend_counter,other,other,1.7204826686039603,0.7735503471242561,plus,plus,0,1
2023-01-15 01:00:00+00:00,bearish,0.3908,0.3932,61.58583525789103,0.0059702251454324135,BALANCE,NORMAL_VOL,bullish,0.4289855072463765,other,middle,other,1.7922272174586482,0.20099744494863944,plus,plus,0,1
2023-01-15 09:00:00+00:00,bearish,0.3843,0.3851,20.822488287350936,0.00502553890778813,BALANCE,NORMAL_VOL,neutral,0.2780748663101596,other,other,other,1.7908527155272074,4.377639971288729,minus,minus,1,1
2023-01-15 15:00:00+00:00,bullish,0.3844,0.385,15.447991761070787,0.004572901999533827,BALANCE,NORMAL_VOL,bullish,0.5222222222222228,other,middle,other,3.8924954004731696,2.8865696228228126,minus,minus,1,1
2023-01-16 03:00:00+00:00,bullish,0.3909,0.3915,14.803849000739932,0.004986599364200305,BALANCE,NORMAL_VOL,bullish,1.0,other,edge,other,0.18048371931807355,6.0361777238599394,minus,minus,1,1
2023-01-16 04:00:00+00:00,bullish,0.3946,0.4004,144.3145060960431,0.005044699409614571,BALANCE,NORMAL_VOL,bullish,0.8641509433962248,other,edge,other,0.37663294593506375,5.292684029719019,minus,minus,1,1
2023-01-16 07:00:00+00:00,bearish,0.398,0.4006,66.10729722857847,0.00513921450543849,BALANCE,NORMAL_VOL,bullish,0.5168539325842688,other,middle,other,3.521939000764801,0.1556658121885039,plus,plus,0,0
2023-01-16 08:00:00+00:00,bearish,0.3934,0.3957,59.942663539222536,0.00607212775505003,BALANCE,HIGH_VOL,neutral,0.15730337078651616,other,other,high_vol_regular,0.9881215023860395,1.712743937469137,minus,minus,0,1
2023-01-16 09:00:00+00:00,bearish,0.3876,0.3926,129.66804979253124,0.005938404343975028,BALANCE,NORMAL_VOL,neutral,0.3354838709677423,other,middle,other,1.3303236934371405,1.4313609359766681,plus,plus,1,1
2023-01-17 02:00:00+00:00,bearish,0.3822,0.383,20.94789211835619,0.004647225757745764,BALANCE,NORMAL_VOL,bearish,0.23674911660777484,other,other,other,0.15062750046806073,3.615060011233278,minus,minus,1,1
2023-01-17 19:00:00+00:00,bullish,0.3892,0.3916,61.115355233002624,0.004175933049021039,BALANCE,NORMAL_VOL,bullish,0.9607843137254909,other,edge,other,1.436804644510903,6.992449269953057,plus,plus,1,1
2023-01-17 22:00:00+00:00,bearish,0.392,0.3924,10.288065843621695,0.004266189835531787,BALANCE,NORMAL_VOL,bullish,0.49489795918367263,other,middle,other,5.930350259916717,1.7814490899354563,plus,plus,1,1
2023-01-18 16:00:00+00:00,bearish,0.3813,0.3914,268.9030883919077,0.006442500723377383,BALANCE,HIGH_VOL,bearish,0.2475570032573288,other,other,high_vol_regular,0.4811796122507634,3.1664722870695527,minus,minus,1,1
2023-01-20 05:00:00+00:00,bearish,0.3889,0.3901,30.943785456420294,0.004468847491460029,BALANCE,NORMAL_VOL,neutral,0.4144736842105247,other,middle,other,0.42516554964806,5.929940560880976,minus,minus,1,1
2023-01-20 17:00:00+00:00,bullish,0.3941,0.3947,15.143866733972475,0.0036206842646625582,BALANCE,NORMAL_VOL,bullish,0.8524590163934412,other,edge,other,5.606675013926383,0.8838108396337109,plus,plus,1,1
2023-01-20 20:00:00+00:00,bullish,0.398,0.4018,93.61911800936117,0.003870351067588791,BALANCE,NORMAL_VOL,bullish,1.0,other,edge,other,2.7387696399861072,3.3330309769642166,plus,plus,1,1
2023-01-20 22:00:00+00:00,bullish,0.4076,0.4084,19.536019536018742,0.004298925155216868,IMBALANCE,NORMAL_VOL,bullish,0.8374558303886911,trend_aligned,other,other,1.6283139964661415,3.838168705955892,plus,plus,1,1
2023-01-21 23:00:00+00:00,bearish,0.4084,0.41,39.68253968253944,0.0051791827882309025,BALANCE,NORMAL_VOL,neutral,0.43404255319148943,other,middle,other,1.4867210358934135,1.7570339515104005,minus,minus,1,1
2023-01-22 21:00:00+00:00,bearish,0.4,0.4021,52.565707133917165,0.004526473904625322,BALANCE,NORMAL_VOL,neutral,0.23809523809523855,other,other,other,0.5081217849615343,7.445088762262391,minus,minus,1,1
2023-01-23 08:00:00+00:00,bullish,0.4098,0.4131,78.18052594172056,0.005596124007236061,BALANCE,NORMAL_VOL,bullish,1.0,other,edge,other,1.9835157308249707,1.733342575585783,plus,plus,0,1
2023-01-23 09:00:00+00:00,bullish,0.4144,0.4184,94.96676163342838,0.005682115149576344,BALANCE,NORMAL_VOL,bullish,0.6890080428954424,other,middle,other,2.1118896192898644,1.5487190541459115,plus,plus,1,1
2023-01-24 22:00:00+00:00,bearish,0.4172,0.4184,29.40455770644398,0.006046651741801234,BALANCE,HIGH_VOL,neutral,0.0,other,edge,high_vol_regular,1.9018790052847132,2.69570676401224,plus,plus,1,1
2023-01-24 23:00:00+00:00,bearish,0.4097,0.413,80.9815950920238,0.006121890903101146,BALANCE,NORMAL_VOL,neutral,0.2119205298013232,other,other,other,1.780495629949627,2.7605849675365906,plus,plus,1,1
2023-01-25 10:00:00+00:00,bearish,0.4064,0.4078,34.448818897638105,0.004963709446094327,BALANCE,NORMAL_VOL,bearish,0.3499999999999995,other,middle,other,0.9468725055408223,3.626320233986145,minus,minus,1,1
2023-01-28 21:00:00+00:00,bearish,0.4074,0.408,14.734774066797383,0.002721877765518472,BALANCE,NORMAL_VOL,bearish,0.18888888888888758,other,other,other,0.47761145502887603,3.747412954841878,minus,minus,1,1
2023-01-30 04:00:00+00:00,bullish,0.4125,0.413,12.094823415578144,0.0033518150998274525,BALANCE,NORMAL_VOL,bullish,0.39999999999999925,other,middle,other,0.08950374381196209,9.010043543736844,minus,minus,1,1
2023-01-30 10:00:00+00:00,bearish,0.4007,0.4082,187.8287002253946,0.0041092981148085446,BALANCE,NORMAL_VOL,bearish,0.09523809523809576,other,edge,other,3.9179440260079827,0.90039707429998,plus,plus,0,1
2023-01-30 20:00:00+00:00,bearish,0.3955,0.3983,70.95793208312136,0.0047933223539285376,BALANCE,NORMAL_VOL,bearish,0.2930591259640109,other,other,other,1.3769155322071611,3.4422888305179087,plus,plus,1,1
2023-01-31 07:00:00+00:00,bullish,0.3916,0.3919,7.591093117409476,0.004157725881888821,BALANCE,NORMAL_VOL,bearish,0.6060606060606054,other,middle,other,3.8242059365339367,0.2645677063010871,plus,plus,0,0
2023-01-31 08:00:00+00:00,bullish,0.3927,0.3941,35.158211953792375,0.004225031176039619,BALANCE,NORMAL_VOL,bearish,0.7575757575757567,other,other,other,3.053231908241677,0.37869543047958487,plus,plus,0,0
2023-01-31 09:00:00+00:00,bullish,0.3957,0.397,32.646911099950366,0.004230386092036787,BALANCE,NORMAL_VOL,bearish,0.7575757575757567,other,other,other,3.0493670599671225,0.37821606945328357,plus,plus,0,0
2023-02-01 16:00:00+00:00,bearish,0.3995,0.4021,65.24466750313654,0.0035455048422763495,BALANCE,NORMAL_VOL,bearish,0.14864864864865068,other,edge,other,0.5358898336125639,5.415307792295345,minus,minus,1,1
2023-02-01 20:00:00+00:00,bullish,0.4025,0.4076,123.84652744050494,0.004374262385471023,BALANCE,NORMAL_VOL,bullish,1.0,other,edge,other,1.7831577789909066,0.34291495749825274,plus,plus,0,0
2023-02-01 21:00:00+00:00,bullish,0.4098,0.4118,48.390999274135055,0.004318957929365949,BALANCE,NORMAL_VOL,bullish,1.0,other,edge,other,1.4586851974556865,1.2734553311121142,plus,plus,1,1
2023-02-03 04:00:00+00:00,bullish,0.4096,0.4105,21.865889212826925,0.0035362059943865047,BALANCE,NORMAL_VOL,bullish,0.41605839416058704,other,middle,other,0.6221357023579327,1.8381282115120923,minus,minus,1,1
2023-02-05 00:00:00+00:00,bearish,0.412,0.4138,43.98826979472199,0.003069887481348909,BALANCE,NORMAL_VOL,neutral,0.14814814814814814,other,edge,other,5.179342922696816,0.7817876109731073,plus,plus,0,0
2023-02-05 13:00:00+00:00,bearish,0.4049,0.4089,99.15716410510669,0.003072817771175432,BALANCE,NORMAL_VOL,bearish,0.22072072072071894,other,other,other,3.319428862876637,0.42306446291565797,plus,plus,0,0
2023-02-05 16:00:00+00:00,bearish,0.4012,0.4026,35.11412089290224,0.0032880760361779994,BALANCE,NORMAL_VOL,bearish,0.04712041884816815,other,edge,other,1.6727107096930478,1.3381685677544417,plus,plus,1,1
2023-02-06 03:00:00+00:00,bearish,0.3983,0.3994,27.638190954773613,0.003320673867618934,IMBALANCE,NORMAL_VOL,bearish,0.2568306010928977,trend_aligned,other,other,2.4392639334401256,1.6864046947240365,plus,plus,1,1
2023-02-06 22:00:00+00:00,bearish,0.3974,0.4014,100.90817356205862,0.0029817141033027074,BALANCE,NORMAL_VOL,bearish,0.3076923076923052,other,middle,other,2.179954138728525,2.4817939425524997,plus,plus,1,1
2023-02-07 00:00:00+00:00,bearish,0.3932,0.3953,53.61245851416877,0.003118416752337538,IMBALANCE,NORMAL_VOL,bearish,0.08461538461538376,trend_aligned,other,other,0.577215985852662,4.617727886821385,minus,minus,1,1
2023-02-08 16:00:00+00:00,bearish,0.3983,0.399,17.579105976896884,0.0027636817397175243,BALANCE,NORMAL_VOL,neutral,0.1318681318681296,other,edge,other,4.9571554506852396,4.342033971403136,plus,plus,1,1
2023-02-08 22:00:00+00:00,bullish,0.397,0.3978,20.110608345901646,0.0027155534676245882,BALANCE,NORMAL_VOL,bearish,0.45833333333332926,other,middle,other,4.566288289969425,9.648125257838606,minus,minus,1,1
2023-02-09 04:00:00+00:00,bearish,0.3925,0.3943,45.91836734693797,0.0032600043106921295,BALANCE,NORMAL_VOL,bearish,0.4213483146067424,other,middle,other,6.257660437163323,5.58281470374374,minus,minus,1,1
2023-02-09 14:00:00+00:00,bullish,0.3953,0.3967,34.64488987874319,0.0034992522439071445,BALANCE,NORMAL_VOL,neutral,1.0,other,edge,other,1.1145238262804837,9.28769855233747,both,both,1,1
2023-02-09 15:00:00+00:00,bullish,0.3971,0.4005,84.61921353907452,0.0037850199407709166,BALANCE,NORMAL_VOL,neutral,0.6731517509727619,other,middle,other,0.6340785616868353,7.978821901225968,minus,minus,1,1
2023-02-09 17:00:00+00:00,bearish,0.3997,0.4005,20.120724346077033,0.004120246785664719,BALANCE,NORMAL_VOL,neutral,0.5097276264591439,other,middle,other,6.310301628159743,1.6018457979174705,minus,minus,1,1
2023-02-09 20:00:00+00:00,bearish,0.3896,0.3965,177.83505154639218,0.005808812750767269,BALANCE,NORMAL_VOL,bearish,0.2929936305732481,other,other,other,2.823296378047958,0.03443044363472735,plus,plus,0,0
2023-02-10 05:00:00+00:00,bearish,0.384,0.385,26.116479498563617,0.005610218688505632,BALANCE,NORMAL_VOL,bearish,0.29274611398963796,other,other,other,1.1229508776382708,0.7308093013201399,plus,plus,1,1
2023-02-10 07:00:00+00:00,bullish,0.384,0.3848,20.703933747411163,0.0052465661140686315,BALANCE,NORMAL_VOL,bearish,0.3834196891191717,other,middle,other,0.11436051446890062,1.8678884029920821,minus,minus,1,1
2023-02-10 16:00:00+00:00,bearish,0.3808,0.3826,47.593865679533806,0.0042791663980118674,BALANCE,NORMAL_VOL,bearish,0.36666666666666603,other,middle,other,0.18695229995534957,1.4488803246540272,minus,minus,1,1
2023-02-12 22:00:00+00:00,bearish,0.3771,0.3813,111.91047162270134,0.0023242168952575465,BALANCE,NORMAL_VOL,bearish,0.0,other,edge,other,6.367736173933994,1.161681599298758,plus,plus,0,1
2023-02-13 02:00:00+00:00,bearish,0.3717,0.3738,56.64958187213505,0.003103057547517978,BALANCE,NORMAL_VOL,bearish,0.09090909090908829,other,edge,other,3.287080514558485,1.9658030528242108,minus,minus,1,1
2023-02-13 09:00:00+00:00,bearish,0.3716,0.3736,54.91488193300389,0.0035870925946301026,IMBALANCE,NORMAL_VOL,bearish,0.0,trend_aligned,other,other,1.0314760219847563,2.3974848078564364,plus,plus,0,1
2023-02-13 10:00:00+00:00,bearish,0.3665,0.3692,73.95234182415723,0.0037594431235850956,IMBALANCE,NORMAL_VOL,bearish,0.11711711711711674,trend_aligned,other,other,0.5851930532472072,2.0481756863652545,minus,minus,1,1
2023-02-13 19:00:00+00:00,bullish,0.3665,0.3693,75.45136081918687,0.003701734697499206,BALANCE,NORMAL_VOL,bearish,0.6057142857142851,other,middle,other,2.377263828751714,1.8910053183252222,minus,minus,1,1
2023-02-14 01:00:00+00:00,bearish,0.367,0.3703,90.41095890411027,0.0033959746196181857,BALANCE,NORMAL_VOL,bearish,0.27607361963190147,other,other,other,0.2650196484981976,5.5654126184620845,minus,minus,1,1
2023-02-14 06:00:00+00:00,bullish,0.3675,0.368,13.57588922074397,0.003051852473005839,BALANCE,NORMAL_VOL,bearish,0.6341463414634153,other,middle,other,5.111649445045162,1.3762133121275557,both,both,1,1
2023-02-14 15:00:00+00:00,bullish,0.372,0.3723,7.991475759190796,0.003776652101190018,BALANCE,NORMAL_VOL,neutral,0.9262295081967206,other,edge,other,3.6805084576416496,0.6619619528132484,plus,plus,0,0
2023-02-15 11:00:00+00:00,bullish,0.3825,0.3832,18.14882032667821,0.0029158297485023634,IMBALANCE,NORMAL_VOL,bullish,1.0,trend_aligned,other,other,6.51615548190317,0.37725110684702184,plus,plus,0,1
2023-02-15 19:00:00+00:00,bullish,0.3863,0.3877,35.54201574003586,0.003063361117145377,IMBALANCE,NORMAL_VOL,bullish,1.0,trend_aligned,other,other,3.5255392971965764,0.22850717667014075,plus,plus,0,1
2023-02-15 20:00:00+00:00,bullish,0.3886,0.3932,114.7132169576058,0.003480263894492137,IMBALANCE,NORMAL_VOL,bullish,1.0,trend_aligned,other,other,1.0631377712062577,2.442343528446823,both,both,0,1
2023-02-15 21:00:00+00:00,bullish,0.3945,0.3978,82.62393590385503,0.003495959330599844,IMBALANCE,NORMAL_VOL,bullish,0.8945312499999987,trend_aligned,other,other,1.5160359428696908,2.5457962059509667,plus,plus,1,1
2023-02-16 21:00:00+00:00,bearish,0.3951,0.3986,89.26294312675346,0.003771714894410727,BALANCE,NORMAL_VOL,neutral,0.0,other,edge,other,3.102037223793909,2.1210510931924205,plus,plus,1,1
2023-02-16 23:00:00+00:00,bearish,0.3883,0.3905,57.30659025788057,0.004038876618139863,BALANCE,NORMAL_VOL,neutral,0.0,other,edge,other,0.8665775984045673,4.01101631261542,minus,minus,1,1
2023-02-17 06:00:00+00:00,bearish,0.3882,0.3887,12.889920082495498,0.003633395616317355,BALANCE,NORMAL_VOL,neutral,0.3260869565217399,other,middle,other,0.7155840636575901,3.357740606393244,minus,minus,1,1
2023-02-19 02:00:00+00:00,bearish,0.3923,0.3935,30.627871362941157,0.002619212756000302,BALANCE,LOW_VOL,neutral,0.3789473684210515,other,middle,other,6.032346919433741,2.3671234747145236,minus,minus,1,1
2023-02-20 10:00:00+00:00,bullish,0.3917,0.3923,15.251652262328149,0.003172881154286654,BALANCE,NORMAL_VOL,neutral,0.7909090909090915,other,other,other,4.979701171174888,0.9770299766229371,plus,plus,1,1
2023-02-20 14:00:00+00:00,bullish,0.394,0.3958,44.085231447464324,0.0038318632509262095,BALANCE,NORMAL_VOL,bullish,1.0,other,edge,other,0.15658178820837668,5.375974728487695,minus,minus,1,1
2023-02-20 15:00:00+00:00,bullish,0.396,0.402,148.9942885522723,0.004051015875860048,BALANCE,NORMAL_VOL,bullish,0.8042168674698794,other,other,other,1.4317396371024111,3.7027749235407397,minus,minus,1,1
2023-02-21 09:00:00+00:00,bearish,0.3949,0.3976,68.77228731533458,0.004266024516928878,BALANCE,NORMAL_VOL,neutral,0.1216931216931228,other,edge,other,2.3675438244482976,0.5391436431911892,plus,plus,0,1
2023-02-21 18:00:00+00:00,bullish,0.3894,0.3916,55.865921787708984,0.0038242977633139003,BALANCE,NORMAL_VOL,bearish,0.4387096774193527,other,middle,other,0.9936464771266085,2.954790839876468,minus,minus,1,1
2023-02-21 22:00:00+00:00,bearish,0.3913,0.393,43.44492716585829,0.003752019169564975,BALANCE,NORMAL_VOL,bearish,0.27741935483870755,other,other,other,2.345403795210429,1.679095898843842,plus,plus,1,1
2023-02-22 02:00:00+00:00,bearish,0.3875,0.3884,23.22580645161321,0.003992881078247224,BALANCE,NORMAL_VOL,bearish,0.18032786885246002,other,other,other,0.5509805969392358,2.5295018314028144,minus,minus,1,1
2023-02-23 03:00:00+00:00,bullish,0.3933,0.395,43.02708175145621,0.003544743273241283,BALANCE,NORMAL_VOL,bullish,0.7967479674796751,other,other,other,0.7616912684147993,2.7928679841876236,minus,minus,1,1
2023-02-23 12:00:00+00:00,bearish,0.3912,0.3941,74.16879795396454,0.003509604707777281,BALANCE,NORMAL_VOL,neutral,0.3928571428571446,other,middle,other,1.6526077672357893,0.6553444594210769,plus,plus,0,0
2023-02-24 16:00:00+00:00,bearish,0.3813,0.3836,61.30063965884926,0.0032865662423883497,BALANCE,NORMAL_VOL,bearish,0.0,other,edge,other,0.9736605818949016,1.2170757273686355,minus,minus,0,0
2023-02-24 17:00:00+00:00,bearish,0.3764,0.3783,50.707232452629114,0.0033589543679320407,BALANCE,NORMAL_VOL,bearish,0.13114754098360437,other,edge,other,0.8038215778627117,1.3397026297711971,minus,minus,1,1
2023-02-24 22:00:00+00:00,bearish,0.3766,0.3771,13.276686139139683,0.0034584632596027557,IMBALANCE,NORMAL_VOL,bearish,0.24324324324324326,trend_aligned,other,other,2.428824414044751,0.7517789852995665,plus,plus,1,1
2023-02-25 23:00:00+00:00,bullish,0.3743,0.3757,37.08609271523064,0.002756913825227542,BALANCE,NORMAL_VOL,bearish,0.8454545454545467,other,other,other,1.088173294554246,1.1607181808578542,minus,minus,1,1
2023-02-26 19:00:00+00:00,bullish,0.3759,0.3778,50.131926121372366,0.001827900354224086,BALANCE,NORMAL_VOL,neutral,0.9399999999999955,other,edge,other,0.8206136601120836,4.595436496627674,minus,minus,1,1
2023-02-27 09:00:00+00:00,bearish,0.3733,0.3737,10.744023636850818,0.002098604294179259,BALANCE,NORMAL_VOL,bearish,0.07865168539326207,other,edge,other,0.42885645592943566,3.669105234062894,minus,minus,1,1
2023-02-27 14:00:00+00:00,bullish,0.3743,0.3774,81.92389006342472,0.002222971983769226,BALANCE,NORMAL_VOL,neutral,0.7878787878787893,other,other,other,0.7197571591914815,2.968998281664877,minus,minus,1,1
2023-02-28 08:00:00+00:00,bearish,0.3745,0.3763,48.3610961848475,0.0027603724728441333,BALANCE,NORMAL_VOL,bearish,0.04878048780487276,other,edge,other,0.036226995082643536,4.528374385330944,minus,minus,1,1
2023-03-01 01:00:00+00:00,bearish,0.3755,0.376,13.361838588989858,0.0031048506632187912,BALANCE,NORMAL_VOL,bearish,0.20388349514562956,other,other,other,0.5475303595560352,3.381805161963791,minus,minus,1,1
2023-03-01 04:00:00+00:00,bullish,0.3745,0.3756,28.947368421052364,0.003111135899085894,BALANCE,NORMAL_VOL,bullish,0.7669902912621354,other,other,other,1.5107022490984479,0.8678502282054883,plus,plus,0,1
2023-03-01 05:00:00+00:00,bullish,0.3766,0.3797,81.40756302520985,0.0030674833348654728,BALANCE,NORMAL_VOL,bullish,0.8446601941747587,other,other,other,1.2714005503051893,1.1410004938636442,plus,plus,0,1
2023-03-02 02:00:00+00:00,bearish,0.3792,0.3818,68.69220607661799,0.002707983182812512,BALANCE,NORMAL_VOL,neutral,0.11428571428571746,other,edge,other,11.15221105938859,0.960124130940736,plus,plus,0,0
2023-03-02 15:00:00+00:00,bearish,0.3759,0.3763,10.6496272630461,0.002220912162931052,BALANCE,NORMAL_VOL,bearish,0.14285714285714285,other,edge,other,12.292246607344783,2.476459939208659,minus,minus,1,1
2023-03-02 19:00:00+00:00,bullish,0.3761,0.3781,52.534804307854,0.0023575924689055003,BALANCE,NORMAL_VOL,neutral,0.6486486486486474,other,middle,other,0.16966460712597597,13.742833177203654,minus,minus,1,1
2023-03-03 02:00:00+00:00,bearish,0.3635,0.3761,346.9162995594713,0.004147867606357047,BALANCE,NORMAL_VOL,bearish,0.4542682926829276,other,middle,other,0.2410877334819932,4.170817789238474,minus,minus,1,1
2023-03-03 20:00:00+00:00,bullish,0.3691,0.3699,21.58079309414683,0.0028161139601635917,BALANCE,NORMAL_VOL,bearish,0.7542087542087533,other,other,other,3.4799728060119897,0.4261191191035001,plus,plus,0,1
2023-03-03 23:00:00+00:00,bullish,0.3735,0.374,13.262599469496033,0.0031776247705828783,BALANCE,NORMAL_VOL,neutral,1.0,other,edge,other,0.9126313549815577,2.926714345285663,minus,minus,1,1
2023-03-05 20:00:00+00:00,bearish,0.3691,0.3694,8.13890396093387,0.0018555769999447959,BALANCE,NORMAL_VOL,bearish,0.1619047619047598,other,other,other,5.281376089643022,2.85625441582737,plus,plus,1,1
2023-03-06 02:00:00+00:00,bearish,0.3638,0.3655,46.88361831218918,0.002626337275434575,BALANCE,NORMAL_VOL,bearish,0.04464285714285701,other,edge,other,1.446881950594556,4.302570010978594,minus,minus,1,1
2023-03-06 19:00:00+00:00,bullish,0.3692,0.3701,24.232633279483355,0.0027162527232147205,BALANCE,NORMAL_VOL,neutral,0.919708029197081,other,edge,other,4.086512239871039,1.6566941512990718,minus,minus,1,1
2023-03-07 08:00:00+00:00,bearish,0.3698,0.3701,8.130081300812114,0.0025859235510378256,BALANCE,NORMAL_VOL,neutral,0.63970588235294,other,middle,other,0.5800635519166824,6.458040878005722,minus,minus,1,1
2023-03-07 13:00:00+00:00,bullish,0.3717,0.3728,29.49852507374753,0.0026836948760849025,BALANCE,NORMAL_VOL,bullish,0.75,other,other,other,10.805997454638549,0.8197653241450072,plus,plus,1,1
2023-03-08 02:00:00+00:00,bearish,0.378,0.3799,50.41124966834738,0.003795825700796312,BALANCE,NORMAL_VOL,bullish,0.5164835164835178,other,middle,other,1.2645469993506426,6.586182288284552,minus,minus,1,1
2023-03-08 06:00:00+00:00,bearish,0.3771,0.3784,34.58366586858269,0.004099114375271848,BALANCE,NORMAL_VOL,bullish,0.4269005847953232,other,middle,other,0.2927461617658453,6.342833504926459,minus,minus,1,1
2023-03-08 09:00:00+00:00,bullish,0.3773,0.3784,28.69066249347913,0.004095172843466568,BALANCE,NORMAL_VOL,bullish,0.8466666666666689,other,other,other,4.517513840597676,0.29302792479553397,plus,plus,0,1
2023-03-08 10:00:00+00:00,bullish,0.3793,0.3822,75.44224765868778,0.004159803354647528,BALANCE,NORMAL_VOL,bullish,0.9133333333333356,other,edge,other,4.206929632971265,0.21635638112423983,plus,plus,0,1
2023-03-08 13:00:00+00:00,bullish,0.3897,0.391,32.886415380724095,0.004937276957055618,IMBALANCE,NORMAL_VOL,bullish,1.0,trend_aligned,other,other,0.7088927824877894,2.3899813809588264,minus,minus,1,1
2023-03-08 22:00:00+00:00,bearish,0.3933,0.3937,10.341261633919634,0.005771533156600185,BALANCE,HIGH_VOL,bullish,0.49328859060402663,other,middle,high_vol_regular,4.089034812701642,1.871253219371947,minus,minus,1,1
2023-03-09 17:00:00+00:00,bearish,0.3886,0.3912,67.07946336429286,0.0047641785324570845,BALANCE,NORMAL_VOL,bullish,0.28873239436619685,other,other,other,6.506893011839344,0.4197995491509255,plus,plus,0,0
2023-03-09 20:00:00+00:00,bearish,0.3786,0.3839,145.36478332419165,0.006015014663195408,BALANCE,HIGH_VOL,neutral,0.0,other,edge,high_vol_regular,1.3300050703035358,1.712381528015806,minus,minus,0,0
2023-03-09 21:00:00+00:00,bearish,0.3701,0.3758,155.14425694066517,0.006013942187252879,BALANCE,NORMAL_VOL,neutral,0.12209302325581346,other,edge,other,1.7958270405212169,1.2471021114730647,minus,minus,0,0
2023-03-10 04:00:00+00:00,bullish,0.3706,0.3708,5.392289026692733,0.005633522453383715,BALANCE,NORMAL_VOL,bearish,0.22383720930232523,other,other,other,0.5325265009280445,2.5383763210903494,minus,minus,1,1
2023-03-10 10:00:00+00:00,bearish,0.3657,0.3673,44.345898004434325,0.0058521774223132235,IMBALANCE,HIGH_VOL,bearish,0.008086253369272838,trend_aligned,other,high_vol_regular,0.3075778244755484,2.23848305590535,minus,minus,1,1
2023-03-11 08:00:00+00:00,bearish,0.3655,0.3658,8.255365987892748,0.004560325048250112,BALANCE,NORMAL_VOL,bearish,0.23913043478260992,other,other,other,1.44726525635109,0.46049349065716333,plus,plus,0,1
2023-03-12 18:00:00+00:00,bullish,0.3527,0.3552,69.40588561910056,0.003948564498171356,BALANCE,NORMAL_VOL,bearish,0.7135135135135153,other,other,other,4.989154921775594,1.4182369320783401,minus,minus,0,0
2023-03-12 23:00:00+00:00,bullish,0.3619,0.3657,102.42587601078236,0.004739187091352441,BALANCE,NORMAL_VOL,neutral,1.0,other,edge,other,1.8779592002687089,3.4605090881355847,plus,plus,1,1
2023-03-13 09:00:00+00:00,bearish,0.3645,0.3669,67.09533128319858,0.004629951249536556,BALANCE,NORMAL_VOL,bearish,0.370242214532873,other,middle,other,0.259181994652784,4.794866901076367,minus,minus,1,1
2023-03-13 10:00:00+00:00,bearish,0.362,0.3625,13.835085777531834,0.0046349547317125145,BALANCE,NORMAL_VOL,bearish,0.4982698961937718,other,middle,other,1.0571840036482023,3.9914089933656527,plus,plus,1,1
2023-03-13 15:00:00+00:00,bullish,0.3633,0.3709,203.69874028410604,0.005323623429229147,BALANCE,NORMAL_VOL,bullish,0.8685446009389659,other,edge,other,2.6673562074348545,1.615441083376039,minus,minus,0,1
2023-03-14 13:00:00+00:00,bullish,0.3691,0.3745,142.40506329113967,0.00457013257438005,BALANCE,NORMAL_VOL,bullish,1.0,other,edge,other,1.7723774678678292,3.6760421555777176,plus,plus,1,1
2023-03-17 02:00:00+00:00,bullish,0.3645,0.3658,35.45132260703636,0.0031994704678918423,BALANCE,NORMAL_VOL,neutral,0.9019607843137258,other,edge,other,7.344965435947378,0.1250206882714485,plus,plus,0,0
2023-03-17 11:00:00+00:00,bullish,0.3701,0.3721,53.07855626326968,0.003153339508835754,BALANCE,NORMAL_VOL,bullish,1.0,other,edge,other,4.249463136605733,2.917541854983061,minus,minus,1,1
2023-03-17 23:00:00+00:00,bullish,0.3761,0.378,50.0131613582525,0.00391878200387955,BALANCE,NORMAL_VOL,bullish,0.8395061728395067,other,other,other,2.628367689196054,2.8835490182442296,minus,minus,1,1
2023-03-18 16:00:00+00:00,bearish,0.3786,0.3803,44.9378799894273,0.004520890922397952,BALANCE,NORMAL_VOL,bullish,0.34254143646409047,other,middle,other,1.4156501693708983,4.9105365250052895,plus,plus,1,1
2023-03-19 06:00:00+00:00,bullish,0.378,0.3792,31.413612565444474,0.0044144289646451534,BALANCE,NORMAL_VOL,bullish,0.6871794871794877,other,middle,other,4.190802513340954,1.5630560725433855,minus,minus,1,1
2023-03-19 11:00:00+00:00,bullish,0.3822,0.3867,114.35832274459985,0.005432640368540623,BALANCE,HIGH_VOL,bullish,1.0,other,edge,high_vol_regular,1.288507893976502,3.129233456800076,plus,plus,1,1
2023-03-19 21:00:00+00:00,bearish,0.3923,0.3928,12.807377049180339,0.005697853704519131,BALANCE,NORMAL_VOL,bullish,0.6054687500000002,other,middle,other,3.545194567557755,0.438761703905662,plus,plus,1,1
2023-03-20 00:00:00+00:00,bearish,0.3889,0.3904,38.76970793486692,0.005576707211672209,BALANCE,NORMAL_VOL,bullish,0.46456692913385894,other,middle,other,2.9945986701698213,0.8069277853750999,plus,plus,1,1
2023-03-20 04:00:00+00:00,bearish,0.3816,0.3835,49.934296977661305,0.005792681035833248,BALANCE,NORMAL_VOL,neutral,0.12663755458515327,other,edge,other,1.7781058436127803,0.7250528682692836,plus,plus,1,1
2023-03-20 17:00:00+00:00,bearish,0.3766,0.3785,50.92468507102688,0.004557122491805514,BALANCE,NORMAL_VOL,bearish,0.0,other,edge,other,0.6363664802108588,19.1568254215199,minus,minus,1,1
2023-03-21 13:00:00+00:00,bullish,0.3932,0.3956,57.15646582519679,0.0068317774345462295,BALANCE,HIGH_VOL,bullish,1.0,other,edge,high_vol_regular,10.656084847242312,0.4244868963874016,plus,plus,0,0
2023-03-21 14:00:00+00:00,bullish,0.3974,0.417,461.1764705882354,0.007279507617792927,BALANCE,NORMAL_VOL,bullish,0.9163879598662207,other,edge,other,9.300079559574112,0.41211578550549993,plus,plus,0,0
2023-03-21 17:00:00+00:00,bullish,0.4319,0.4408,196.0352422907493,0.009031989153167294,IMBALANCE,HIGH_VOL,bullish,1.0,trend_aligned,other,high_vol_regular,4.284770424732949,2.4579303211646364,plus,plus,1,1
2023-03-21 18:00:00+00:00,bullish,0.4445,0.4484,86.43617021276627,0.009065418499369626,IMBALANCE,NORMAL_VOL,bullish,0.8961625282167044,trend_aligned,other,other,4.577836092496534,2.8901037499616646,plus,plus,1,1
2023-03-21 20:00:00+00:00,bullish,0.4579,0.4705,257.40551583248214,0.01123293737955851,IMBALANCE,HIGH_VOL,bullish,1.0,trend_aligned,other,high_vol_regular,0.02670717283138753,7.264351010136864,minus,minus,1,1
2023-03-22 05:00:00+00:00,bullish,0.4629,0.4633,8.528784648187878,0.011991576294505158,IMBALANCE,NORMAL_VOL,bullish,0.7799442896935929,trend_aligned,other,other,0.1501053702860423,5.095243402487256,minus,minus,1,1
2023-03-22 08:00:00+00:00,bearish,0.4588,0.4603,33.22259136212627,0.011815157842211309,IMBALANCE,NORMAL_VOL,bullish,0.6019323671497585,trend_counter,other,other,3.6901749923503275,0.27083853154864607,plus,plus,0,0
2023-03-22 16:00:00+00:00,bearish,0.4384,0.4417,75.70543702684031,0.010658793555354725,IMBALANCE,NORMAL_VOL,bullish,0.04537815126050476,trend_counter,other,other,2.626938954637459,1.7638018695422906,plus,plus,1,1
2023-03-23 08:00:00+00:00,bullish,0.431,0.4373,143.54066985645997,0.011074927093015528,BALANCE,HIGH_VOL,bullish,0.6709956709956714,other,middle,high_vol_regular,1.4988811989984925,1.3182931027336138,plus,plus,1,1
2023-03-25 05:00:00+00:00,bullish,0.4313,0.4427,255.54808338937383,0.007694803816426325,BALANCE,NORMAL_VOL,neutral,0.9187675070028007,other,edge,other,2.456202971627898,1.0006752847372882,minus,minus,0,0
2023-03-25 15:00:00+00:00,bullish,0.4472,0.4566,205.10582587824612,0.007702209386125236,BALANCE,NORMAL_VOL,bullish,0.8991416309012868,other,edge,other,0.8698802725448392,2.3629583522859665,minus,minus,1,1
2023-03-25 20:00:00+00:00,bearish,0.4533,0.4546,28.761061946903173,0.00790542729517946,IMBALANCE,NORMAL_VOL,bullish,0.6976744186046512,trend_counter,other,other,1.505294977193245,1.3914491385819898,plus,plus,1,1
2023-03-27 03:00:00+00:00,bullish,0.4485,0.4505,44.10143329658218,0.0059566122768339716,BALANCE,NORMAL_VOL,bullish,0.560185185185185,other,middle,other,5.892611163648902,0.8897674976449963,plus,plus,1,1
2023-03-27 12:00:00+00:00,bullish,0.4688,0.477,170.4781704781702,0.007365987281987364,IMBALANCE,HIGH_VOL,bullish,1.0,trend_aligned,other,high_vol_regular,3.380402252511349,3.7469518943499183,minus,minus,1,1
2023-03-27 15:00:00+00:00,bearish,0.4649,0.4767,257.92349726776024,0.008960887047567867,BALANCE,NORMAL_VOL,bullish,0.34110169491525455,other,middle,other,0.2678306273988146,5.4012509858760644,minus,minus,1,1
2023-03-27 19:00:00+00:00,bullish,0.4647,0.4667,42.77159965782724,0.009215253929758064,BALANCE,NORMAL_VOL,bullish,0.5474137931034491,other,middle,other,6.955858242061791,0.2170314584106647,plus,plus,0,0
2023-03-28 05:00:00+00:00,bullish,0.4796,0.482,49.42339373970259,0.009841710595325489,BALANCE,NORMAL_VOL,bullish,0.9147727272727271,other,edge,other,5.720550249337839,0.7722234794843249,plus,plus,1,1
2023-03-28 12:00:00+00:00,bullish,0.4884,0.4945,122.5637934498693,0.00971673576375814,IMBALANCE,NORMAL_VOL,bullish,0.9551569506726457,trend_aligned,other,other,9.04624784877375,0.5763252326863814,plus,plus,0,0
2023-03-28 19:00:00+00:00,bullish,0.5092,0.5167,144.25851125216508,0.011240225878049603,IMBALANCE,NORMAL_VOL,bullish,0.8569157392686804,trend_aligned,other,other,5.8450782673595345,0.7206260877566548,plus,plus,0,0
2023-03-29 04:00:00+00:00,bullish,0.5275,0.5317,78.37283075200563,0.01077715998895515,IMBALANCE,NORMAL_VOL,bullish,0.9523026315789489,trend_aligned,other,other,4.611604546182338,1.4753422994828842,plus,plus,1,1
2023-03-29 08:00:00+00:00,bullish,0.5486,0.5541,96.35599159075089,0.012612165932021756,IMBALANCE,HIGH_VOL,bullish,1.0,trend_aligned,other,high_vol_regular,1.1734701303305455,4.027856933837264,plus,plus,1,1
2023-03-29 09:00:00+00:00,bullish,0.5624,0.5674,87.13837574067627,0.013011296936877345,IMBALANCE,NORMAL_VOL,bullish,0.8890097932535366,trend_aligned,other,other,0.07685628918096128,4.1348683579357095,minus,minus,1,1
2023-03-29 13:00:00+00:00,bearish,0.5553,0.5661,195.65217391304404,0.013585549037228074,IMBALANCE,NORMAL_VOL,bullish,0.6228956228956234,trend_counter,other,other,2.355444002469932,0.41956346293995095,plus,plus,0,0
2023-03-29 18:00:00+00:00,bullish,0.5443,0.5465,39.86229389382098,0.012479840168306949,IMBALANCE,NORMAL_VOL,bullish,0.5433604336043351,trend_aligned,other,other,0.46474954180337646,2.5561224799185527,minus,minus,1,1
2023-03-30 11:00:00+00:00,bullish,0.5314,0.5425,202.18579234972674,0.012613476671862939,BALANCE,NORMAL_VOL,bullish,0.7901907356948246,other,other,other,0.0634242263898964,1.8947987633983658,minus,minus,1,1
2023-03-31 08:00:00+00:00,bearish,0.5364,0.5404,74.93443237167484,0.009076843189750146,BALANCE,NORMAL_VOL,bullish,0.3415637860082341,other,middle,other,4.076307062545885,1.6084887327883688,minus,minus,1,1
2023-03-31 21:00:00+00:00,bullish,0.536,0.5371,20.33647624329802,0.008254713737742605,BALANCE,NORMAL_VOL,bullish,0.6694915254237317,other,middle,other,0.3876572951729125,5.342402099101736,minus,minus,1,1
2023-04-01 07:00:00+00:00,bearish,0.5186,0.5276,176.81728880157186,0.008488177972537156,BALANCE,HIGH_VOL,bearish,0.12831858407079702,other,edge,high_vol_regular,1.4372931434133622,1.7082582442207959,plus,plus,0,1
2023-04-02 03:00:00+00:00,bullish,0.5074,0.5111,72.20921155347457,0.007675010785868754,BALANCE,NORMAL_VOL,bearish,0.5842696629213475,other,middle,other,2.1368048146845338,1.2768711697504973,plus,plus,1,1
2023-04-02 14:00:00+00:00,bullish,0.5145,0.5181,69.37752938909323,0.007249262395140043,BALANCE,NORMAL_VOL,neutral,0.6976744186046535,other,middle,other,1.3656561813291583,2.248504621784365,plus,plus,1,1
2023-04-03 02:00:00+00:00,bearish,0.5123,0.5155,62.99212598425159,0.007889973888427703,BALANCE,NORMAL_VOL,bearish,0.16799999999999912,other,other,other,3.3586929912236867,1.3308028833150387,minus,minus,1,1
2023-04-03 15:00:00+00:00,bearish,0.5099,0.5107,15.738736966358902,0.006158921572150887,BALANCE,NORMAL_VOL,bearish,0.24890829694322913,other,other,other,4.35141114983229,1.0716161786900502,minus,minus,1,1
2023-04-03 21:00:00+00:00,bearish,0.4969,0.5083,230.16353725015074,0.007911982912991201,BALANCE,HIGH_VOL,bearish,0.24788732394366259,other,other,high_vol_regular,1.0490416993155682,1.5546039640459612,plus,plus,0,1
2023-04-04 01:00:00+00:00,bearish,0.4927,0.4951,48.96959804121522,0.007577489691220891,IMBALANCE,NORMAL_VOL,bearish,0.23243243243243247,trend_aligned,other,other,0.079181895911404,2.309471964082667,minus,minus,1,1
2023-04-05 06:00:00+00:00,bullish,0.506,0.5116,107.44435917114447,0.005835816303023342,BALANCE,NORMAL_VOL,bullish,1.0,other,edge,other,0.9424559846324467,4.746551049876185,minus,minus,1,1
2023-04-05 07:00:00+00:00,bullish,0.515,0.5188,72.76905400229846,0.005983257995664526,BALANCE,NORMAL_VOL,bullish,0.9527027027027041,other,edge,other,0.45125916381283543,4.796717778306744,minus,minus,1,1
2023-04-06 01:00:00+00:00,bearish,0.5005,0.5046,82.00000000000207,0.0058046843645578605,BALANCE,NORMAL_VOL,bearish,0.15238095238095337,other,other,other,1.7227465563946651,1.6538366941388862,plus,plus,1,1
2023-04-06 08:00:00+00:00,bearish,0.4998,0.5013,30.078203328653416,0.005091108573993456,BALANCE,NORMAL_VOL,bearish,0.23008849557522038,other,other,other,1.7088616110922423,3.2016602598624897,plus,plus,1,1
2023-04-08 01:00:00+00:00,bearish,0.5111,0.512,17.640141121129204,0.0043976519098219875,BALANCE,NORMAL_VOL,bullish,0.6842105263157876,other,middle,other,1.978328475832506,0.5912246019729406,plus,plus,1,1
2023-04-10 02:00:00+00:00,bearish,0.503,0.5043,25.911899541558057,0.002808441573118007,BALANCE,NORMAL_VOL,bearish,0.39252336448598524,other,middle,other,0.17803468115056514,6.4092485214196335,minus,minus,1,1
2023-04-10 17:00:00+00:00,bullish,0.5057,0.5082,48.97159647404401,0.0027207584880956,BALANCE,NORMAL_VOL,neutral,1.0,other,edge,other,6.579047746545546,0.33079011016147103,plus,plus,0,1
2023-04-10 23:00:00+00:00,bullish,0.5129,0.5151,42.52851343514363,0.0029192519110296036,BALANCE,NORMAL_VOL,bullish,1.0,other,edge,other,3.802344003976379,2.260853191553502,minus,minus,1,1
2023-04-11 06:00:00+00:00,bullish,0.5164,0.5221,108.65421273351198,0.0038112389259588836,IMBALANCE,NORMAL_VOL,bullish,0.8602941176470579,trend_aligned,other,other,0.3935728064129872,6.034783031665551,minus,minus,1,1
2023-04-11 09:00:00+00:00,bearish,0.5219,0.5224,9.58405213724257,0.003856411049683552,IMBALANCE,NORMAL_VOL,bullish,0.753676470588238,trend_counter,other,other,5.5232701404452005,0.6223402975149384,plus,plus,1,1
2023-04-11 15:00:00+00:00,bearish,0.5199,0.5212,25.048169556839458,0.0038045848990312377,BALANCE,NORMAL_VOL,bullish,0.49462365591397905,other,middle,other,5.598508264442637,0.052568152717765354,plus,plus,0,1
2023-04-11 17:00:00+00:00,bearish,0.515,0.5171,40.84014002333704,0.003998851264981013,BALANCE,NORMAL_VOL,bullish,0.1931818181818164,other,other,other,4.126184973293413,1.1003159928782325,minus,minus,1,1
2023-04-12 03:00:00+00:00,bearish,0.5079,0.5113,66.98187549251297,0.004216516310340953,BALANCE,NORMAL_VOL,neutral,0.24489795918367402,other,other,other,2.3479098078478793,0.5454739957626271,plus,plus,0,1
2023-04-12 09:00:00+00:00,bearish,0.5047,0.5059,23.8379022646003,0.004034869090924131,BALANCE,NORMAL_VOL,bearish,0.12658227848101247,other,edge,other,1.4126852375015906,2.5527470081169383,minus,minus,1,1
2023-04-13 09:00:00+00:00,bullish,0.5073,0.5098,48.97159647404619,0.003290141206406445,BALANCE,NORMAL_VOL,neutral,0.9552238805970117,other,edge,other,11.154536446198462,1.0029964651894965,minus,minus,1,1
2023-04-13 19:00:00+00:00,bullish,0.5102,0.5109,13.671875000000663,0.0030034516476909337,BALANCE,NORMAL_VOL,bullish,0.863999999999998,other,edge,other,11.719849070006477,0.4994253865059766,plus,plus,0,0
2023-04-14 01:00:00+00:00,bullish,0.5128,0.5168,77.339520494973,0.0032065965079573944,BALANCE,NORMAL_VOL,bullish,0.8933333333333304,other,edge,other,9.355714049320804,1.7152142423754635,plus,plus,1,1
2023-04-14 06:00:00+00:00,bullish,0.5241,0.5325,157.09743781559686,0.004999481498090511,IMBALANCE,NORMAL_VOL,bullish,0.9581881533101014,trend_aligned,other,other,0.1400145195591563,4.6004770712291805,minus,minus,1,1
2023-04-14 08:00:00+00:00,bearish,0.5309,0.5325,30.22860381636,0.005208736597843357,IMBALANCE,NORMAL_VOL,bullish,0.5524999999999998,trend_counter,other,other,3.3789383796614163,1.1711093247690159,minus,minus,1,1
2023-04-14 13:00:00+00:00,bearish,0.5303,0.5314,20.79395085066143,0.005398455884495769,IMBALANCE,NORMAL_VOL,bullish,0.5415617128463486,trend_counter,other,other,3.204620056206285,0.2408095995993105,plus,plus,0,0
2023-04-14 16:00:00+00:00,bearish,0.5163,0.5235,139.7244323694932,0.005872233082447958,BALANCE,NORMAL_VOL,neutral,0.1307901907356953,other,edge,other,0.06811718717289197,2.162720692739566,minus,minus,1,1
2023-04-14 18:00:00+00:00,bullish,0.5163,0.5182,36.56658968437284,0.0055684050557842065,BALANCE,NORMAL_VOL,bullish,0.2459016393442597,other,other,other,1.5085109498768476,0.7183385475603979,plus,plus,1,1
2023-04-14 20:00:00+00:00,bullish,0.521,0.5217,13.302926643862294,0.005536532930752705,BALANCE,NORMAL_VOL,bullish,0.4198895027624306,other,middle,other,0.16255660559715207,1.9145555770331086,minus,minus,1,1
2023-04-15 01:00:00+00:00,bearish,0.5207,0.522,25.101370921026604,0.0051658894386601715,BALANCE,NORMAL_VOL,neutral,0.17464788732394332,other,other,other,0.5226592694365347,1.6066933097493212,minus,minus,1,1
2023-04-17 01:00:00+00:00,bearish,0.5144,0.5194,97.48488984207455,0.0038119408372527205,BALANCE,NORMAL_VOL,bearish,0.3160919540229905,other,middle,other,1.7314014780871294,0.9181674505007298,plus,plus,0,1
2023-04-17 16:00:00+00:00,bearish,0.5093,0.5098,9.844457570388974,0.003541793963199692,BALANCE,NORMAL_VOL,bearish,0.0930232558139562,other,edge,other,0.05646855861126828,5.336278788765448,minus,minus,1,1
2023-04-18 12:00:00+00:00,bullish,0.5169,0.5203,65.15906477577536,0.003391061866156171,BALANCE,NORMAL_VOL,neutral,1.0,other,edge,other,5.190114688161046,18.371826424570123,minus,minus,1,1
2023-04-18 23:00:00+00:00,bullish,0.5242,0.5293,95.73868969401153,0.004273455746148282,BALANCE,NORMAL_VOL,bullish,1.0,other,edge,other,1.1934135516897972,17.128994506606507,both,both,1,1
2023-04-19 05:00:00+00:00,bullish,0.5278,0.5289,20.67280586355929,0.004511184853437206,IMBALANCE,NORMAL_VOL,bullish,0.7213740458015278,trend_aligned,other,other,0.3103397545177638,16.09333298427882,minus,minus,1,1
2023-04-19 07:00:00+00:00,bearish,0.526,0.5289,55.56620042153695,0.0050259706134229,BALANCE,NORMAL_VOL,bullish,0.2616033755274261,other,other,other,12.415512305891289,0.09948327168181026,plus,plus,0,0
2023-04-19 09:00:00+00:00,bearish,0.4933,0.5204,555.6694689358203,0.009005556294226887,BALANCE,NORMAL_VOL,bearish,0.3529411764705884,other,middle,other,0.444170228835752,1.5545958009251322,minus,minus,0,0
2023-04-19 12:00:00+00:00,bullish,0.4924,0.4944,40.265753976243246,0.008256052178723201,BALANCE,NORMAL_VOL,bearish,0.46558197747183944,other,middle,other,0.6056163274846587,1.5746024514600885,minus,minus,1,1
2023-04-20 16:00:00+00:00,bearish,0.4809,0.489,172.4137931034482,0.006522259164968232,IMBALANCE,HIGH_VOL,bearish,0.0,trend_aligned,other,high_vol_regular,1.8705175141655708,1.3952220802382544,minus,minus,0,0
2023-04-20 17:00:00+00:00,bearish,0.4733,0.4801,144.89665459194606,0.006663526367470501,IMBALANCE,NORMAL_VOL,bearish,0.15384615384615422,trend_aligned,other,other,2.341102764469411,1.4406786242888676,minus,minus,0,0
2023-04-21 04:00:00+00:00,bullish,0.4734,0.474,12.644889357217902,0.00534234401436627,IMBALANCE,NORMAL_VOL,bearish,0.332288401253918,trend_counter,other,other,0.18718375254586161,6.57014971435973,minus,minus,1,1
2023-04-21 07:00:00+00:00,bearish,0.4719,0.4723,8.483563096500774,0.005539260131035963,IMBALANCE,NORMAL_VOL,bearish,0.25333333333333297,trend_aligned,other,other,5.794997750718841,0.36105904988902515,plus,plus,1,1
2023-04-21 20:00:00+00:00,bearish,0.447,0.4541,160.99773242630377,0.006271977317074471,IMBALANCE,NORMAL_VOL,bearish,0.04050632911392383,trend_aligned,other,other,0.2391590281929891,5.564433389290206,minus,minus,1,1
2023-04-22 15:00:00+00:00,bullish,0.4634,0.4665,66.32434745400187,0.0056224994680447735,IMBALANCE,NORMAL_VOL,neutral,0.7671232876712325,other,other,other,1.3339263156227803,2.169853473413052,plus,plus,1,1
2023-04-23 01:00:00+00:00,bearish,0.4683,0.4705,47.27116458959991,0.005228015433493473,BALANCE,NORMAL_VOL,bearish,0.6096654275092931,other,middle,other,2.6204972372939905,3.84467112916856,minus,minus,1,1
2023-04-24 01:00:00+00:00,bullish,0.4652,0.4745,195.87194608256053,0.006377319975589214,BALANCE,NORMAL_VOL,bullish,0.6834319526627223,other,middle,other,0.047041704218754504,4.563045309218847,minus,minus,1,1
2023-04-24 03:00:00+00:00,bearish,0.4715,0.4745,63.66723259762315,0.0064416687544621275,BALANCE,NORMAL_VOL,bullish,0.5769230769230775,other,middle,other,3.9586015630400486,0.3260024816621199,plus,plus,0,1
2023-04-24 07:00:00+00:00,bearish,0.4669,0.4694,54.265248534838335,0.00640897285756437,BALANCE,NORMAL_VOL,neutral,0.2662721893491127,other,other,other,2.340468641912852,0.9517905810445582,plus,plus,0,1
2023-04-24 17:00:00+00:00,bearish,0.4567,0.4571,8.770006577505184,0.006448434041843381,BALANCE,NORMAL_VOL,bearish,0.2613065326633171,other,other,other,0.8839355358236018,1.1010425095346645,minus,minus,1,1
2023-04-25 18:00:00+00:00,bullish,0.4562,0.4605,93.25525916287197,0.004713723443573992,BALANCE,NORMAL_VOL,neutral,0.8359375000000004,other,other,other,4.62479402132065,0.14850256031764286,plus,plus,0,1
2023-04-25 21:00:00+00:00,bullish,0.4639,0.4682,91.5477964658298,0.00470493819443588,BALANCE,NORMAL_VOL,neutral,0.984693877551022,other,edge,other,2.8055628904138374,8.267908820992298,plus,plus,1,1
2023-04-26 13:00:00+00:00,bullish,0.4746,0.4764,37.58613489246123,0.004615737284521565,IMBALANCE,NORMAL_VOL,bullish,0.8611111111111109,trend_aligned,other,other,0.15165507845245377,10.420870390803813,minus,minus,1,1
2023-04-26 20:00:00+00:00,bearish,0.4547,0.4752,451.0451045104514,0.007808761605774295,BALANCE,HIGH_VOL,neutral,0.3348946135831389,other,middle,high_vol_large,0.5634696283654472,1.9593375713616594,minus,minus,0,1
2023-04-26 22:00:00+00:00,bullish,0.4547,0.4551,8.735531775497083,0.007686126078448242,BALANCE,NORMAL_VOL,neutral,0.520153550863723,other,middle,other,1.5482441842018966,0.3773032045533972,plus,plus,0,0
2023-04-28 05:00:00+00:00,bullish,0.4679,0.4737,121.64429530201399,0.005351660410658731,BALANCE,NORMAL_VOL,bullish,0.8720000000000006,other,edge,other,1.8685789516994256,2.335723689624282,minus,minus,1,1
2023-04-30 01:00:00+00:00,bearish,0.4754,0.4759,10.552975939214868,0.0030825064562579785,BALANCE,NORMAL_VOL,neutral,0.29599999999999954,other,other,other,5.125698915544351,2.6277317225259034,minus,minus,1,1
2023-04-30 20:00:00+00:00,bearish,0.4754,0.4763,19.03553299492411,0.003156025366965167,BALANCE,NORMAL_VOL,neutral,0.0,other,edge,other,6.051915868587128,0.6337084679148829,plus,plus,0,0
2023-05-01 02:00:00+00:00,bearish,0.4644,0.4695,110.77324066029526,0.0038175043781576686,BALANCE,NORMAL_VOL,bearish,0.10041841004183934,other,edge,other,1.7550732982350659,1.7550732982350805,minus,minus,0,0
2023-05-02 11:00:00+00:00,bearish,0.4613,0.4623,21.715526601520104,0.0029944904773885096,BALANCE,LOW_VOL,bearish,0.5811965811965842,other,middle,other,2.003679773005188,1.8701011214715049,minus,minus,1,1
2023-05-03 13:00:00+00:00,bearish,0.4535,0.4545,22.06531332744927,0.003221202082371765,BALANCE,NORMAL_VOL,bearish,0.22754491017963902,other,other,other,0.9623736483236927,3.7563616595860365,minus,minus,1,1
2023-05-03 22:00:00+00:00,bullish,0.4573,0.463,122.71259418729899,0.0036589139615162314,BALANCE,NORMAL_VOL,neutral,1.0,other,edge,other,0.13665257102487416,2.7330514204974827,minus,minus,1,1
2023-05-05 17:00:00+00:00,bullish,0.4627,0.4636,19.34235976789194,0.0031124914319452164,BALANCE,NORMAL_VOL,bullish,0.968749999999999,other,edge,other,1.7670731374713105,4.626518759924871,plus,plus,1,1
2023-05-06 13:00:00+00:00,bearish,0.4593,0.4605,26.229508196722065,0.00262565026112853,BALANCE,NORMAL_VOL,bearish,0.0,other,edge,other,2.513663033386347,0.9140592848677471,plus,plus,0,0
2023-05-06 15:00:00+00:00,bearish,0.4547,0.4556,19.828155981493982,0.0029654841537281695,BALANCE,NORMAL_VOL,bearish,0.1639344262295085,other,other,other,0.20232783886089306,2.0232783886087624,minus,minus,1,1
2023-05-08 00:00:00+00:00,bearish,0.4509,0.4528,42.175360710320916,0.0028557736627125413,BALANCE,NORMAL_VOL,bearish,0.36986301369863117,other,middle,other,15.337349934937354,0.035016780673369094,plus,plus,0,0
2023-05-08 02:00:00+00:00,bearish,0.4393,0.446,152.51536535397187,0.004674621168359284,BALANCE,NORMAL_VOL,bearish,0.47557840616966635,other,middle,other,6.97382714574967,0.27809740151761786,plus,plus,0,0
2023-05-08 08:00:00+00:00,bearish,0.4359,0.4375,37.05419175544211,0.0045922553430951295,IMBALANCE,NORMAL_VOL,bearish,0.2827763496143962,trend_aligned,other,other,5.465723947110242,1.1758928013703218,minus,minus,0,0
2023-05-08 17:00:00+00:00,bearish,0.4315,0.4329,33.42884431709676,0.004705850269251681,IMBALANCE,NORMAL_VOL,bearish,0.0,trend_aligned,other,other,2.571267530346674,2.1887649225265022,plus,plus,0,1
2023-05-08 18:00:00+00:00,bearish,0.4226,0.4293,159.8282442748101,0.00550543239287656,IMBALANCE,NORMAL_VOL,bearish,0.01907356948228975,trend_aligned,other,other,0.14531102062667,1.7982238802549833,minus,minus,0,1
2023-05-09 20:00:00+00:00,bullish,0.4235,0.4238,7.065473386717439,0.003922864015301952,BALANCE,NORMAL_VOL,bearish,0.5232558139534856,other,middle,other,2.3707168955445392,3.594312712599774,plus,plus,1,1
2023-05-10 07:00:00+00:00,bearish,0.4287,0.4297,23.496240601503782,0.0036058307809152695,BALANCE,NORMAL_VOL,bearish,0.41044776119402954,other,middle,other,4.1876618503342975,2.301827374687072,minus,minus,1,1
2023-05-10 13:00:00+00:00,bullish,0.4267,0.4295,64.98027384543906,0.003774762915775797,BALANCE,NORMAL_VOL,neutral,0.7936507936507944,other,other,other,0.794751900168924,5.404312921148686,minus,minus,1,1
2023-05-10 18:00:00+00:00,bearish,0.4244,0.4289,106.05703511666283,0.00457272090365462,BALANCE,NORMAL_VOL,bearish,0.600000000000001,other,middle,other,2.864815123426884,2.0994065026639754,minus,minus,1,1
2023-05-10 20:00:00+00:00,bullish,0.4244,0.4289,104.33572919081855,0.004750968534273625,BALANCE,NORMAL_VOL,neutral,0.9043478260869575,other,edge,other,0.10524169890686202,4.230716296055851,minus,minus,1,1
2023-05-11 01:00:00+00:00,bearish,0.4287,0.4295,18.66977829638197,0.004315273695476698,BALANCE,NORMAL_VOL,bearish,0.7692307692307688,other,other,other,4.009015701167222,0.13904100697689556,plus,plus,0,1
2023-05-11 09:00:00+00:00,bearish,0.4235,0.4248,30.70382616910778,0.003696894300403014,BALANCE,NORMAL_VOL,bearish,0.5512820512820515,other,middle,other,3.3000673020784,5.626344252723831,minus,minus,1,1
2023-05-11 18:00:00+00:00,bearish,0.4159,0.4176,40.96385542168759,0.003973084588992866,IMBALANCE,NORMAL_VOL,bearish,0.17676767676767657,trend_aligned,other,other,0.5788953012407405,7.349453389665154,minus,minus,1,1
2023-05-12 05:00:00+00:00,bullish,0.4192,0.4278,199.76771196283386,0.005852514874506666,BALANCE,HIGH_VOL,neutral,0.7043795620437956,other,other,high_vol_regular,0.34173343304293446,2.597174091126298,minus,minus,1,1
2023-05-14 17:00:00+00:00,bearish,0.4267,0.4276,21.14661654135236,0.002193489110598979,BALANCE,NORMAL_VOL,neutral,0.4732142857142837,other,middle,other,2.0971154941105974,2.0059365595840597,plus,plus,1,1
2023-05-15 02:00:00+00:00,bullish,0.4258,0.4267,21.052631578947647,0.002502015545275349,BALANCE,NORMAL_VOL,bullish,0.6190476190476191,other,middle,other,0.9991944313538927,3.197422180332457,minus,minus,1,1
2023-05-16 22:00:00+00:00,bullish,0.4247,0.4315,156.07069084232208,0.003725487877870515,BALANCE,NORMAL_VOL,bullish,0.8999999999999979,other,edge,other,6.871583223251003,0.6173688052139487,plus,plus,0,0
2023-05-17 00:00:00+00:00,bullish,0.4382,0.4396,31.376064545047345,0.004506670670204682,BALANCE,NORMAL_VOL,bullish,1.0,other,edge,other,3.3505887394505796,1.9748503166298033,plus,plus,1,1
2023-05-17 01:00:00+00:00,bullish,0.4429,0.4462,71.98952879581086,0.005241908479475778,BALANCE,NORMAL_VOL,bullish,1.0,other,edge,other,0.5532336192733436,4.025251505747403,minus,minus,1,1
2023-05-17 02:00:00+00:00,bullish,0.4489,0.4536,103.31941085952917,0.005417486445227507,IMBALANCE,NORMAL_VOL,bullish,0.8619909502262445,trend_aligned,other,other,0.9783134768466224,3.2487390929246516,minus,minus,1,1
2023-05-17 06:00:00+00:00,bearish,0.4537,0.4566,64.93506493506524,0.005438068262238203,IMBALANCE,NORMAL_VOL,bullish,0.6696629213483147,trend_counter,other,other,1.7101661015509717,0.7171664296826701,plus,plus,0,1
2023-05-17 07:00:00+00:00,bearish,0.4495,0.4533,84.63251670378553,0.005399634814935475,IMBALANCE,NORMAL_VOL,bullish,0.7235955056179779,trend_counter,other,other,2.166813201447921,0.2777965642881955,plus,plus,0,1
2023-05-17 15:00:00+00:00,bearish,0.4408,0.4439,70.34263671431793,0.005143137608566206,BALANCE,NORMAL_VOL,bullish,0.4784810126582274,other,middle,other,0.5249713706868289,6.260769680042969,minus,minus,1,1
2023-05-17 18:00:00+00:00,bullish,0.4409,0.4422,29.134917077542983,0.004898532553214268,BALANCE,NORMAL_VOL,bullish,0.49328859060402663,other,middle,other,5.450611935298924,0.6940854149818769,plus,plus,0,0
2023-05-17 19:00:00+00:00,bullish,0.4437,0.446,51.385165326184634,0.004848637370841819,BALANCE,NORMAL_VOL,bullish,0.5089605734767025,other,middle,other,5.217960854764317,0.9899688578208925,plus,plus,1,1
2023-05-18 01:00:00+00:00,bearish,0.4452,0.4463,24.752475247524522,0.004279139962849723,BALANCE,NORMAL_VOL,bullish,0.34134615384615385,other,middle,other,0.11684590930440657,6.660216830351161,minus,minus,1,1
2023-05-18 11:00:00+00:00,bullish,0.4469,0.4644,376.2631692109215,0.0055829834122408184,IMBALANCE,NORMAL_VOL,bullish,0.8165680473372786,trend_aligned,other,other,0.7881090942081002,3.0270553845720536,minus,minus,0,0
2023-05-18 18:00:00+00:00,bearish,0.4538,0.4588,110.20498126515328,0.005943682321324888,BALANCE,NORMAL_VOL,bullish,0.3621262458471754,other,middle,other,0.33649173893839396,3.7014091283223336,minus,minus,1,1
2023-05-18 20:00:00+00:00,bullish,0.4538,0.4557,41.31332898456214,0.005943787307672992,BALANCE,NORMAL_VOL,bullish,0.5681063122923579,other,middle,other,2.6582377837786018,0.4879044033517605,plus,plus,0,0
2023-05-21 16:00:00+00:00,bearish,0.4594,0.4642,104.91803278688582,0.0029063116961118916,BALANCE,NORMAL_VOL,neutral,0.14705882352941224,other,edge,other,2.8902612239553203,3.337563556234108,minus,minus,1,1
2023-05-22 01:00:00+00:00,bearish,0.4546,0.4561,33.112582781456986,0.0035780315258038898,BALANCE,NORMAL_VOL,bearish,0.18309859154929659,other,other,other,0.2235866269569226,3.96866262848526,minus,minus,1,1
2023-05-22 03:00:00+00:00,bullish,0.4546,0.4552,13.172338090010744,0.0037667720809227427,BALANCE,NORMAL_VOL,bearish,0.3047619047619053,other,middle,other,3.1061077624674995,0.8495337469996685,plus,plus,1,1
2023-05-22 06:00:00+00:00,bullish,0.4585,0.4612,58.479532163742256,0.004100145139135302,BALANCE,NORMAL_VOL,bearish,0.6176470588235302,other,middle,other,1.317026548269666,2.2926017692101572,minus,minus,1,1
2023-05-23 20:00:00+00:00,bullish,0.4604,0.4623,40.93945270415886,0.002706556150267211,BALANCE,NORMAL_VOL,neutral,0.67032967032967,other,middle,other,0.48031517833894644,8.682620531511947,minus,minus,1,1
2023-05-24 01:00:00+00:00,bearish,0.4622,0.4638,34.67706978760274,0.0026669770272452686,BALANCE,NORMAL_VOL,neutral,0.3736263736263692,other,middle,other,7.799092300950335,0.48744326880940503,plus,plus,0,1
2023-05-24 04:00:00+00:00,bearish,0.46,0.4611,23.965141612200213,0.0030124447991464525,BALANCE,NORMAL_VOL,bearish,0.4336283185840731,other,middle,other,6.107995739943016,0.5975213223857184,plus,plus,0,1
2023-05-24 14:00:00+00:00,bearish,0.4513,0.4543,66.66666666666673,0.0038985013065544537,BALANCE,NORMAL_VOL,bearish,0.37903225806451707,other,middle,other,1.923816207882358,1.3594967869035244,plus,plus,1,1
2023-05-25 01:00:00+00:00,bearish,0.4503,0.4525,49.041462327241085,0.00384614514755659,BALANCE,NORMAL_VOL,bearish,0.3960396039603965,other,middle,other,0.7280016464742188,4.992011290108883,minus,minus,1,1
2023-05-25 07:00:00+00:00,bearish,0.4507,0.4525,40.03558718861263,0.0034186611649818094,BALANCE,NORMAL_VOL,bearish,0.5487804878048776,other,middle,other,1.111546250597855,5.323721516021268,minus,minus,1,1
2023-05-25 12:00:00+00:00,bullish,0.4498,0.451,26.607538802661516,0.003253577675837431,BALANCE,NORMAL_VOL,bearish,0.7083333333333334,other,other,other,5.347958995791125,1.598240619431845,minus,minus,1,1
2023-05-25 16:00:00+00:00,bearish,0.4491,0.4494,6.697923643670964,0.0030800091628382133,BALANCE,NORMAL_VOL,bearish,0.42187500000000194,other,middle,other,0.6818161534509549,6.655824355116305,minus,minus,1,1
2023-05-26 01:00:00+00:00,bullish,0.4546,0.4586,86.43042350907527,0.0035059005764822362,BALANCE,NORMAL_VOL,neutral,1.0,other,edge,other,1.9966339168190823,0.9697936167407003,plus,plus,0,0
2023-05-26 06:00:00+00:00,bearish,0.4625,0.4628,6.511829824179878,0.003532100915436687,BALANCE,NORMAL_VOL,bullish,0.6772727272727278,other,middle,other,0.19818233305302793,5.237675944973048,minus,minus,1,1
2023-05-28 18:00:00+00:00,bullish,0.4729,0.4751,46.140939597316176,0.0023996683280583134,IMBALANCE,NORMAL_VOL,bullish,0.7934782608695647,trend_aligned,other,other,4.375604693877033,0.541741533527642,plus,plus,0,0
2023-05-28 22:00:00+00:00,bullish,0.4779,0.4813,70.29150299772616,0.0028665797354662996,IMBALANCE,NORMAL_VOL,bullish,1.0,trend_aligned,other,other,4.081519120240616,2.860551862048996,minus,minus,1,1
2023-05-29 18:00:00+00:00,bullish,0.4802,0.4823,43.183220234423004,0.0034148883908060425,BALANCE,NORMAL_VOL,bullish,0.9152542372881357,other,edge,other,11.50842882766182,2.108414441709034,both,both,1,1
2023-05-30 04:00:00+00:00,bullish,0.4926,0.4956,59.618441971383206,0.00498779947486925,IMBALANCE,NORMAL_VOL,bullish,1.0,trend_aligned,other,other,5.212719583255016,1.9848432259317086,minus,minus,0,0
2023-05-30 16:00:00+00:00,bullish,0.5002,0.5021,36.64416586306679,0.006785669953485085,IMBALANCE,NORMAL_VOL,bullish,1.0,trend_aligned,other,other,1.576852407108981,2.6526489091552867,plus,plus,0,0
2023-05-30 17:00:00+00:00,bullish,0.5093,0.5179,164.12213740458114,0.006758122099664719,IMBALANCE,NORMAL_VOL,bullish,0.959390862944164,trend_aligned,other,other,0.7694445177689172,3.477297339917245,minus,minus,1,1
2023-05-31 05:00:00+00:00,bearish,0.52,0.5224,46.847550263516645,0.007601789413395919,BALANCE,NORMAL_VOL,bullish,0.5292479108635089,other,middle,other,1.5522660992431598,0.9997646062922086,plus,plus,0,1
2023-05-31 09:00:00+00:00,bearish,0.5072,0.5078,11.841326228538483,0.007811341822053329,BALANCE,NORMAL_VOL,bullish,0.37325905292479183,other,middle,other,0.7937176660859953,1.689850514892737,minus,minus,1,1
2023-05-31 12:00:00+00:00,bullish,0.5071,0.5077,11.801730920535897,0.007339000722686277,BALANCE,NORMAL_VOL,bullish,0.2650176678445213,other,other,other,1.5669708226695402,1.0764408260077674,minus,minus,1,1
2023-05-31 18:00:00+00:00,bullish,0.507,0.5077,13.618677042802217,0.0073816104656739346,BALANCE,NORMAL_VOL,bullish,0.49450549450549514,other,middle,other,0.799283574693663,1.7475861209403798,minus,minus,1,1
2023-05-31 19:00:00+00:00,bullish,0.5095,0.5111,31.140521603737753,0.007218638289554367,BALANCE,NORMAL_VOL,bullish,0.4871794871794886,other,middle,other,0.8450347219678422,1.7593345850805973,minus,minus,1,1
2023-06-01 01:00:00+00:00,bearish,0.5099,0.5162,123.8450953410649,0.006648415475238535,BALANCE,NORMAL_VOL,bullish,0.42051282051282385,other,middle,other,1.1431295213582264,0.82726478519344,plus,plus,0,1
2023-06-02 01:00:00+00:00,bullish,0.5087,0.5095,15.628052353973663,0.0047330685300262364,BALANCE,NORMAL_VOL,bullish,0.8372093023255824,other,other,other,3.190319325445368,0.40143090849975094,plus,plus,0,0
2023-06-02 19:00:00+00:00,bullish,0.5187,0.5221,64.58966565349466,0.004103488353459671,IMBALANCE,NORMAL_VOL,bullish,1.0,trend_aligned,other,other,1.9251912810571254,3.0218192259630676,minus,minus,1,1
2023-06-04 15:00:00+00:00,bullish,0.5265,0.5275,18.66716445771889,0.0035775263828900167,IMBALANCE,NORMAL_VOL,bullish,1.0,trend_aligned,other,other,3.1027024854623537,9.559677928181308,minus,minus,1,1
2023-06-05 16:00:00+00:00,bearish,0.5114,0.531,388.58049167327647,0.009194850134151908,BALANCE,HIGH_VOL,neutral,0.0640176600441504,other,edge,high_vol_large,1.576969693735783,1.1963218366271504,plus,plus,0,1
2023-06-06 15:00:00+00:00,bullish,0.5066,0.507,7.8308535630375085,0.0069819634848536,BALANCE,NORMAL_VOL,bearish,0.8279569892473129,other,other,other,3.895752256368373,0.5442595064044087,plus,plus,0,1
2023-06-06 20:00:00+00:00,bullish,0.5175,0.5221,87.98775822494353,0.007359372523691285,BALANCE,NORMAL_VOL,neutral,0.8029411764705902,other,other,other,2.065393476287301,2.2012746260430447,plus,plus,1,1
2023-06-07 16:00:00+00:00,bearish,0.5175,0.5185,19.580967299784625,0.007941548697169348,BALANCE,HIGH_VOL,neutral,0.0,other,edge,high_vol_regular,0.5162720970862245,1.964352369401241,minus,minus,1,1
2023-06-09 21:00:00+00:00,bullish,0.5345,0.5366,38.96103896103879,0.005179216591481778,BALANCE,NORMAL_VOL,bullish,0.8623853211009176,other,edge,other,0.03861587876608918,13.322478174302246,minus,minus,1,1
2023-06-10 03:00:00+00:00,bearish,0.5279,0.53,40.2453047144498,0.006253505973902445,BALANCE,NORMAL_VOL,neutral,0.073394495412846,other,edge,other,8.283353404662174,0.4477488326844275,plus,plus,0,0
2023-06-10 05:00:00+00:00,bearish,0.5064,0.52,282.9796088223066,0.01049919647749751,BALANCE,HIGH_VOL,bearish,0.0,other,edge,high_vol_regular,0.095245383981837,2.952606903436947,minus,minus,0,1
2023-06-10 13:00:00+00:00,bearish,0.4905,0.4911,12.247397428046325,0.008583920381240246,IMBALANCE,NORMAL_VOL,bearish,0.2842857142857144,trend_aligned,other,other,1.199917932895806,2.5279824411494287,both,both,1,1
2023-06-10 18:00:00+00:00,bullish,0.49,0.4916,32.012805122048626,0.009586089036770088,IMBALANCE,HIGH_VOL,bearish,0.4306358381502895,trend_counter,other,high_vol_regular,2.409741857330303,0.020863565864335114,plus,plus,0,0
2023-06-11 17:00:00+00:00,bullish,0.5086,0.5126,77.24990343761863,0.005135016717304934,BALANCE,NORMAL_VOL,neutral,1.0,other,edge,other,2.258999461658636,1.9084650624357598,plus,plus,1,1
2023-06-12 03:00:00+00:00,bearish,0.5146,0.5159,25.301673803037733,0.0061128135960068445,BALANCE,NORMAL_VOL,bullish,0.4045801526717578,other,middle,other,0.45805420957529386,2.372066442443458,minus,minus,1,1
2023-06-13 11:00:00+00:00,bullish,0.5302,0.5338,64.12540078375575,0.007377371679984737,IMBALANCE,NORMAL_VOL,bullish,1.0,trend_aligned,other,other,0.20332444467581023,8.95983052871436,minus,minus,1,1
2023-06-13 16:00:00+00:00,bearish,0.5126,0.5235,212.72443403590987,0.010497469363911925,BALANCE,NORMAL_VOL,neutral,0.12131147540983556,other,edge,other,1.628964030015284,1.133606547203624,minus,minus,1,1
2023-06-14 06:00:00+00:00,bearish,0.5123,0.5135,23.557126030623852,0.007201815207114091,BALANCE,NORMAL_VOL,bearish,0.07213114754098301,other,edge,other,6.970464883688136,0.12496849393066552,plus,plus,0,0
2023-06-14 08:00:00+00:00,bearish,0.5046,0.5073,53.6779324055651,0.007590340663276948,BALANCE,NORMAL_VOL,bearish,0.11390532544378686,other,edge,other,5.770491990156658,0.8431769118037074,plus,plus,1,1
2023-06-14 21:00:00+00:00,bearish,0.4814,0.4991,368.2130226752651,0.009811775691192305,BALANCE,NORMAL_VOL,bearish,0.37068965517241415,other,middle,other,1.4370487507839267,0.4688244151493654,plus,plus,0,0
2023-06-15 07:00:00+00:00,bearish,0.4765,0.4802,78.68991918332704,0.00804327554961419,IMBALANCE,NORMAL_VOL,bearish,0.21912350597609595,trend_aligned,other,other,0.23622216947312585,1.7405844066440752,minus,minus,1,1
2023-06-15 19:00:00+00:00,bullish,0.4758,0.4786,58.26050769871046,0.006642863146906487,BALANCE,NORMAL_VOL,bearish,0.748663101604279,other,other,other,0.5419349940509425,4.049458705547335,minus,minus,1,1
2023-06-16 11:00:00+00:00,bearish,0.4746,0.4766,43.23389537397323,0.005809318023287081,IMBALANCE,NORMAL_VOL,bearish,0.0,trend_aligned,other,other,1.5320214807183408,4.14850760509123,both,both,1,1
2023-06-16 12:00:00+00:00,bearish,0.4677,0.4718,88.11519449817307,0.005815795307338005,BALANCE,NORMAL_VOL,bearish,0.3782894736842104,other,middle,other,1.9945681350517697,3.679634318112753,plus,plus,1,1
2023-06-16 18:00:00+00:00,bullish,0.4663,0.4683,42.41781548250269,0.006519483860840406,BALANCE,NORMAL_VOL,bearish,0.6075085324232078,other,middle,other,2.3314729086606962,0.5982068647221441,plus,plus,0,0
2023-06-17 06:00:00+00:00,bullish,0.4746,0.4791,93.61348034116921,0.0056438143683963824,BALANCE,NORMAL_VOL,neutral,0.9090909090909097,other,edge,other,0.4252443194161765,1.275732958248559,minus,minus,1,1
2023-06-18 10:00:00+00:00,bullish,0.4839,0.4853,28.659160696008442,0.0037322557273006605,BALANCE,NORMAL_VOL,bullish,0.9146341463414628,other,edge,other,2.357823429844288,2.0630955011137404,minus,minus,1,1
2023-06-18 21:00:00+00:00,bearish,0.4905,0.493,51.30309870716196,0.004650399675142789,BALANCE,NORMAL_VOL,bullish,0.5024875621890544,other,middle,other,1.397729325232766,2.2793739765334315,plus,plus,1,1
2023-06-19 02:00:00+00:00,bullish,0.4875,0.489,30.53745928338765,0.004961466663039941,BALANCE,NORMAL_VOL,bullish,0.6806282722513093,other,middle,other,1.350407138661459,1.2093198256669822,minus,minus,1,1
2023-06-19 08:00:00+00:00,bearish,0.4901,0.4915,28.776978417266445,0.00453589076967839,BALANCE,NORMAL_VOL,bullish,0.3454545454545441,other,middle,other,0.9479946097345847,2.513288035110316,minus,minus,1,1
2023-06-20 14:00:00+00:00,bearish,0.4801,0.4823,46.23791509037368,0.0045725782830630035,BALANCE,NORMAL_VOL,bearish,0.0,other,edge,other,0.3061729976686596,5.99224295437228,minus,minus,1,1
2023-06-20 18:00:00+00:00,bullish,0.4817,0.4848,63.394683026584694,0.004823443574098356,BALANCE,NORMAL_VOL,neutral,0.7047244094488184,other,other,other,2.94395482850743,0.5804981351986421,plus,plus,0,1
2023-06-21 07:00:00+00:00,bearish,0.4973,0.4979,12.074864157778013,0.0046831963040998344,BALANCE,NORMAL_VOL,bullish,0.80373831775701,other,other,other,1.4519997793060841,6.469940193084435,plus,plus,1,1
2023-06-21 23:00:00+00:00,bullish,0.4987,0.4994,14.0028005601127,0.004900905935307035,BALANCE,NORMAL_VOL,bullish,0.7480916030534375,other,other,other,5.570398689623021,4.835840620661744,plus,plus,1,1
2023-06-22 02:00:00+00:00,bullish,0.5033,0.5065,61.64515507609287,0.006119785109281911,BALANCE,NORMAL_VOL,bullish,1.0,other,edge,other,0.14706398736697096,7.010050064492188,minus,minus,1,1
2023-06-22 03:00:00+00:00,bullish,0.5079,0.5153,143.32752275808565,0.006018371887190349,IMBALANCE,NORMAL_VOL,bullish,0.7061994609164417,trend_aligned,other,other,0.049847368295484425,6.662931562163814,minus,minus,1,1
2023-06-22 12:00:00+00:00,bearish,0.4999,0.5077,156.59506123268477,0.0075032741781961955,BALANCE,NORMAL_VOL,neutral,0.42941176470588194,other,middle,other,1.7725595099068243,0.42648048358660245,plus,plus,0,0
2023-06-22 15:00:00+00:00,bearish,0.4946,0.4978,64.82982171799101,0.007544020907251102,BALANCE,NORMAL_VOL,neutral,0.3411764705882348,other,middle,other,1.4050862438373646,1.0206758563724234,minus,minus,1,1
2023-06-23 16:00:00+00:00,bullish,0.491,0.4928,36.29032258064564,0.005527459429335093,BALANCE,NORMAL_VOL,neutral,0.7103825136612035,other,other,other,1.1216726380831694,3.7449392916647843,plus,plus,1,1
2023-06-23 22:00:00+00:00,bearish,0.4958,0.4993,70.62146892655373,0.005645255620087278,BALANCE,NORMAL_VOL,bearish,0.6562500000000002,other,middle,other,3.5959399124049125,0.2657098457442058,plus,plus,0,0
2023-06-24 01:00:00+00:00,bearish,0.492,0.4939,38.63359089060619,0.0055113799552958245,BALANCE,NORMAL_VOL,bearish,0.45833333333333504,other,middle,other,2.9938055684484874,0.508039732827616,plus,plus,1,1
2023-06-24 16:00:00+00:00,bearish,0.4856,0.4893,76.25721352019862,0.004736354141692509,BALANCE,NORMAL_VOL,bearish,0.37786259541984885,other,middle,other,0.5489454382460834,2.618047474712036,minus,minus,1,1
2023-06-26 01:00:00+00:00,bearish,0.4874,0.4882,16.532341392850235,0.004083195035209317,BALANCE,NORMAL_VOL,bearish,0.0,other,edge,other,3.771556309998922,0.8571718886361211,plus,plus,0,0
2023-06-26 17:00:00+00:00,bearish,0.4763,0.4815,109.68150179287032,0.004678659299791186,BALANCE,NORMAL_VOL,bearish,0.23829787234042563,other,other,other,0.40609924302135275,2.329727236280369,minus,minus,1,1
2023-06-28 07:00:00+00:00,bearish,0.4789,0.481,44.38807863031052,0.0036661234888912824,BALANCE,NORMAL_VOL,bearish,0.0,other,edge,other,8.864949611893394,1.1456242575369864,minus,minus,0,1
2023-06-28 08:00:00+00:00,bearish,0.4749,0.4767,38.04692454026683,0.0035971146682561893,BALANCE,NORMAL_VOL,bearish,0.20134228187919523,other,other,other,9.035019174341581,1.167602477914906,minus,minus,1,1
2023-06-28 13:00:00+00:00,bearish,0.4739,0.4747,16.927634363098242,0.003436845690264556,BALANCE,NORMAL_VOL,bearish,0.17241379310344893,other,other,other,9.310863182087406,0.6983147386565425,plus,plus,1,1
2023-06-28 18:00:00+00:00,bearish,0.4702,0.4721,40.46858359957429,0.0036868859457283368,IMBALANCE,NORMAL_VOL,bearish,0.22164948453608127,trend_aligned,other,other,7.83859344319664,1.4104043565613442,plus,plus,1,1
2023-06-28 20:00:00+00:00,bearish,0.4629,0.4664,75.74118156243243,0.0057126720654494334,BALANCE,NORMAL_VOL,bearish,0.494252873563219,other,middle,other,0.22756426154102166,2.5907315929285044,minus,minus,1,1
2023-06-29 11:00:00+00:00,bullish,0.4689,0.4695,12.774111134766647,0.003928182030480111,BALANCE,NORMAL_VOL,bearish,0.8459302325581403,other,other,other,3.283961868341244,0.6364267186707859,plus,plus,1,1
2023-06-30 01:00:00+00:00,bearish,0.4715,0.4729,29.692470837752122,0.003716083498030561,BALANCE,NORMAL_VOL,bearish,0.5909090909090894,other,middle,other,6.216222001535333,2.987015766971529,minus,minus,1,1
2023-06-30 14:00:00+00:00,bearish,0.4665,0.4784,256.90846286701134,0.00639805551084919,BALANCE,NORMAL_VOL,neutral,0.43274853801169594,other,middle,other,0.21881648223058253,2.281943314690341,minus,minus,0,1
2023-06-30 17:00:00+00:00,bullish,0.4651,0.4692,86.4978902953585,0.006314951879495509,BALANCE,NORMAL_VOL,neutral,0.7485380116959062,other,other,other,0.601746469729806,1.5835433413942084,minus,minus,1,1
2023-07-01 01:00:00+00:00,bearish,0.4694,0.4728,72.44832729597303,0.005556853564877754,BALANCE,NORMAL_VOL,bearish,0.6165191740412974,other,middle,other,0.7738192035828043,1.2057182939546074,minus,minus,1,1
2023-07-01 13:00:00+00:00,bullish,0.4716,0.4724,16.86340640809375,0.004209262240957708,BALANCE,NORMAL_VOL,neutral,0.7536231884057957,other,other,other,5.08402631505587,1.1878566156672588,minus,minus,1,1
2023-07-02 03:00:00+00:00,bullish,0.4732,0.4812,162.1402513173897,0.0047699881235957154,BALANCE,NORMAL_VOL,bullish,1.0,other,edge,other,0.020964412784450902,3.668772237279315,minus,minus,0,0
2023-07-03 18:00:00+00:00,bullish,0.485,0.4857,14.338385907415688,0.00426697915180411,BALANCE,NORMAL_VOL,bullish,0.8706896551724137,other,edge,other,1.2889680976469184,1.6405048515506233,plus,plus,1,1
2023-07-05 11:00:00+00:00,bearish,0.4785,0.4825,83.73456144023453,0.00462536930796196,BALANCE,NORMAL_VOL,neutral,0.47565543071161004,other,middle,other,1.8593109927884541,1.3404335064288826,plus,plus,1,1
2023-07-05 16:00:00+00:00,bearish,0.4737,0.4753,33.783783783783576,0.004418799359011723,BALANCE,NORMAL_VOL,bearish,0.3220973782771534,other,middle,other,2.9193450419267606,2.3309499171973265,minus,minus,1,1
2023-07-06 12:00:00+00:00,bearish,0.4758,0.4781,48.636075280186596,0.003849368550792214,BALANCE,NORMAL_VOL,bearish,0.15384615384615385,other,other,other,4.312395599684438,0.38967430117630486,plus,plus,0,0
2023-07-07 00:00:00+00:00,bearish,0.4655,0.4663,17.204301075268116,0.004542388052095186,BALANCE,NORMAL_VOL,bearish,0.18534482758620804,other,other,other,0.7705198146568787,1.1888019997563173,minus,minus,1,1
2023-07-07 07:00:00+00:00,bearish,0.4662,0.4671,19.442644199611404,0.0039950471393825505,IMBALANCE,NORMAL_VOL,bearish,0.27160493827160426,trend_aligned,other,other,0.07509298126738326,1.7772005566615985,minus,minus,1,1
2023-07-10 01:00:00+00:00,bearish,0.4659,0.4673,30.172413793103715,0.0023881417838066757,BALANCE,NORMAL_VOL,bearish,0.23404255319149264,other,other,other,0.0,6.65789615499944,minus,minus,1,1
2023-07-10 20:00:00+00:00,bullish,0.4748,0.477,45.99623667154463,0.0027872841889702246,BALANCE,NORMAL_VOL,bullish,0.9428571428571428,other,edge,other,0.2511405197826623,2.7625457176093646,minus,minus,1,1
2023-07-10 22:00:00+00:00,bearish,0.4767,0.477,6.294586655475597,0.002964546060897795,BALANCE,NORMAL_VOL,bullish,0.7924528301886807,other,other,other,2.023918629276734,0.5059796573191835,plus,plus,1,1
2023-07-12 09:00:00+00:00,bearish,0.4743,0.4751,16.888325944691214,0.001950943784255323,BALANCE,NORMAL_VOL,bullish,0.4843750000000016,other,middle,other,5.023209832640411,1.383945566135609,minus,minus,1,1
2023-07-12 16:00:00+00:00,bearish,0.4709,0.4724,32.01024327784894,0.0024946666322029224,BALANCE,NORMAL_VOL,bearish,0.0,other,edge,other,1.8840192670752522,71.23196250197225,minus,minus,1,1
2023-07-12 20:00:00+00:00,bearish,0.4693,0.4701,17.068487305313056,0.0027672785735721453,BALANCE,NORMAL_VOL,bearish,0.36641221374046,other,middle,other,0.1084097578267182,179.3458760313207,minus,minus,1,1
2023-07-13 16:00:00+00:00,bullish,0.4738,0.582,1767.396275726886,0.01608297584037709,BALANCE,HIGH_VOL,bullish,0.8092841163310961,other,other,high_vol_large,21.936238883993006,0.10570183135710441,plus,plus,0,0
2023-07-13 18:00:00+00:00,bullish,0.6217,0.7347,1433.2825976661593,0.04023328018889657,IMBALANCE,HIGH_VOL,bullish,1.0,trend_aligned,other,high_vol_large,2.333888749789637,3.0273445125066867,plus,plus,0,0
2023-07-13 19:00:00+00:00,bullish,0.76,0.78,243.36821611097614,0.0446666173182611,IMBALANCE,HIGH_VOL,bullish,0.7111738604275918,trend_aligned,other,high_vol_regular,0.2776122470086978,3.4746307044959375,minus,minus,1,1
2023-07-14 01:00:00+00:00,bearish,0.7854,0.8071,286.695732593474,0.044820826100218994,IMBALANCE,HIGH_VOL,bullish,0.5795959595959597,trend_counter,other,high_vol_regular,2.0146884351950587,1.407827688381041,minus,minus,1,1
2023-07-14 04:00:00+00:00,bullish,0.7717,0.7811,118.89704022261529,0.041736025853564555,IMBALANCE,NORMAL_VOL,bullish,0.6472491909385113,trend_aligned,other,other,0.44805415986685126,2.971054322111733,minus,minus,1,1
2023-07-14 13:00:00+00:00,bearish,0.7833,0.7861,35.91585428424865,0.033006786136840174,BALANCE,NORMAL_VOL,bullish,0.4770098730606487,other,middle,other,3.423538406057542,0.23328536041277181,plus,plus,1,1
2023-07-14 17:00:00+00:00,bearish,0.7496,0.7727,326.0409315455188,0.03308508483065108,IMBALANCE,HIGH_VOL,bullish,0.0,trend_counter,other,high_vol_regular,1.2664316931471955,0.8493253121106485,plus,plus,0,1
2023-07-14 18:00:00+00:00,bearish,0.7184,0.7333,217.8681093727141,0.03442186448560458,IMBALANCE,HIGH_VOL,bullish,0.0,trend_counter,other,high_vol_regular,0.2004539876939416,1.5310036451407076,minus,minus,1,1
2023-07-15 17:00:00+00:00,bearish,0.7147,0.7175,39.28170594837297,0.01803725858856755,BALANCE,NORMAL_VOL,bullish,0.4687499999999998,other,middle,other,0.8205238022911439,3.6868130305649283,minus,minus,1,1
2023-07-16 11:00:00+00:00,bullish,0.723,0.7333,137.40661686232625,0.014586811953885065,BALANCE,NORMAL_VOL,bullish,0.8000000000000014,other,other,other,2.7627695570084088,2.269173010843136,plus,plus,1,1
2023-07-16 15:00:00+00:00,bullish,0.7501,0.7638,177.69130998703042,0.015443225120129935,IMBALANCE,NORMAL_VOL,bullish,0.9034653465346533,trend_aligned,other,other,1.223837628020086,3.5290555940261683,plus,plus,1,1
2023-07-16 20:00:00+00:00,bearish,0.7478,0.7636,212.90931141355514,0.018017903225829295,BALANCE,NORMAL_VOL,bullish,0.47986942328618043,other,middle,other,1.698310819881294,1.3653086983359477,minus,minus,1,1
2023-07-19 03:00:00+00:00,bullish,0.7875,0.7941,82.73787138021875,0.014806037430302886,IMBALANCE,NORMAL_VOL,bullish,0.9596273291925459,trend_aligned,other,other,3.9308289117846322,2.0194464684254325,minus,minus,1,1
2023-07-19 07:00:00+00:00,bearish,0.7916,0.792,5.070351121816034,0.014624769237996672,IMBALANCE,NORMAL_VOL,bullish,0.6156862745098042,trend_counter,other,other,1.4427578074312457,4.5812688671987365,plus,plus,1,1
2023-07-19 18:00:00+00:00,bullish,0.8046,0.8135,107.00973908861391,0.016908764563505024,IMBALANCE,HIGH_VOL,bullish,1.0,trend_aligned,other,high_vol_regular,1.4312104180711103,3.2290945796149835,plus,plus,1,1
2023-07-20 01:00:00+00:00,bullish,0.8251,0.8262,13.230695212895126,0.01675580852679075,BALANCE,NORMAL_VOL,bullish,0.721906923950057,other,other,other,1.0444139399193615,3.6047201126359765,plus,plus,1,1
2023-07-20 07:00:00+00:00,bearish,0.8233,0.8272,47.7005870841489,0.016731137443182463,BALANCE,NORMAL_VOL,bullish,0.43593519882179643,other,middle,other,2.7852260587930533,0.41240471685991686,plus,plus,0,0
2023-07-20 15:00:00+00:00,bearish,0.7941,0.8019,99.11054637865206,0.015638146661915164,BALANCE,NORMAL_VOL,neutral,0.12563451776649776,other,edge,other,1.8096773621468367,1.0615068626020283,plus,plus,1,1
2023-07-20 22:00:00+00:00,bullish,0.7931,0.796,36.26359884956876,0.014424229956948182,BALANCE,NORMAL_VOL,bullish,0.3684210526315784,other,middle,other,0.04852945371013324,2.842439431593375,minus,minus,1,1
2023-07-21 10:00:00+00:00,bearish,0.7715,0.7731,20.846905537459882,0.012049800828364434,BALANCE,NORMAL_VOL,bearish,0.1759999999999986,other,other,other,0.36515126371571643,2.174309797579968,minus,minus,1,1
2023-07-21 18:00:00+00:00,bullish,0.7785,0.7839,68.74602164226698,0.010585553665013828,BALANCE,NORMAL_VOL,bearish,0.6380952380952377,other,middle,other,0.10391520697075914,4.269970322798508,minus,minus,1,1
2023-07-22 19:00:00+00:00,bearish,0.7494,0.764,195.39614561027915,0.00884376072250881,IMBALANCE,NORMAL_VOL,bearish,0.17512690355329996,trend_aligned,other,other,3.720136832316604,0.7689036613906708,plus,plus,0,0
2023-07-23 00:00:00+00:00,bearish,0.7339,0.746,167.6132428314171,0.010691361951014578,IMBALANCE,HIGH_VOL,bearish,0.07223113964686927,trend_aligned,other,high_vol_regular,0.02806003588452993,2.7779435525687743,minus,minus,1,1
2023-07-24 10:00:00+00:00,bearish,0.7032,0.7118,123.05050794104937,0.011319668829139096,IMBALANCE,NORMAL_VOL,bearish,0.30291005291005185,trend_aligned,other,other,2.243881900026553,0.8569155287503022,plus,plus,0,1
2023-07-25 14:00:00+00:00,bullish,0.6918,0.6953,50.25847214244771,0.009307846704433933,BALANCE,NORMAL_VOL,bearish,0.652421652421653,other,middle,other,2.105750193614942,0.4834630546564993,plus,plus,0,0
2023-07-26 07:00:00+00:00,bearish,0.7013,0.7041,39.99428653049441,0.007796377459822643,BALANCE,NORMAL_VOL,bearish,0.5077399380804946,other,middle,other,1.0517705232022623,3.976205636496368,plus,plus,1,1
2023-07-26 21:00:00+00:00,bullish,0.7146,0.7168,30.6108251008763,0.009594763367417752,BALANCE,NORMAL_VOL,bullish,0.7071240105540901,other,other,other,1.459129262899982,1.3757504478771234,minus,minus,1,1
2023-07-30 11:00:00+00:00,bullish,0.7132,0.716,38.926734325038574,0.00444214097130092,BALANCE,NORMAL_VOL,bullish,0.4295532646048131,other,middle,other,0.7653966909123641,8.847085280251845,minus,minus,1,1
2023-07-30 20:00:00+00:00,bearish,0.7067,0.7143,107.67922924341246,0.00710380015296219,BALANCE,NORMAL_VOL,neutral,0.23214285714285698,other,other,other,2.013007079603312,2.013007079603312,plus,plus,1,1
2023-07-31 14:00:00+00:00,bearish,0.7016,0.7031,21.456157917321494,0.005456174162297933,BALANCE,NORMAL_VOL,bearish,0.5106951871657757,other,middle,other,5.150128856620912,3.848850746940876,plus,plus,1,1
2023-07-31 18:00:00+00:00,bullish,0.6988,0.6998,14.255167498218116,0.005579901349682198,BALANCE,NORMAL_VOL,bearish,0.5,other,middle,other,3.3333922652699424,5.466046456491044,plus,plus,1,1
2023-08-01 03:00:00+00:00,bearish,0.688,0.6901,30.55878928987342,0.008635321361886255,BALANCE,NORMAL_VOL,bearish,0.32993890020366634,other,middle,other,0.764302765746564,2.4087117465952055,minus,minus,1,1
2023-08-01 19:00:00+00:00,bullish,0.6961,0.6979,25.732666190134562,0.006628282852632428,BALANCE,NORMAL_VOL,neutral,0.9468438538206,other,edge,other,1.2823834149781599,3.696281607878241,plus,plus,1,1
2023-08-01 22:00:00+00:00,bullish,0.6998,0.7012,19.90615668989148,0.006232448041994691,BALANCE,NORMAL_VOL,neutral,0.9362318840579715,other,edge,other,0.75411779903033,4.540751853735887,minus,minus,1,1
2023-08-02 15:00:00+00:00,bearish,0.6876,0.6901,36.395399621488686,0.005101238066870267,BALANCE,NORMAL_VOL,bearish,0.2491103202846976,other,other,other,6.4690178281066215,0.3920616865519178,plus,plus,0,0
2023-08-03 07:00:00+00:00,bearish,0.6735,0.6792,85.07462686567222,0.005554661484237543,IMBALANCE,NORMAL_VOL,bearish,0.20869565217391528,trend_aligned,other,other,2.8984664584308075,1.3322143970427243,plus,plus,0,0
2023-08-03 09:00:00+00:00,bearish,0.6657,0.6689,48.22182037372049,0.006296621381817058,IMBALANCE,NORMAL_VOL,bearish,0.24069478908188413,trend_aligned,other,other,1.3022857025641357,2.1916515482177013,minus,minus,1,1
2023-08-03 14:00:00+00:00,bullish,0.6661,0.6666,7.440476190475371,0.005996769654606345,BALANCE,NORMAL_VOL,bearish,0.5171428571428585,other,middle,other,0.9004848128278559,2.7681570172115872,minus,minus,1,1
2023-08-04 07:00:00+00:00,bearish,0.6612,0.6639,40.971168437026336,0.0055808443062247215,BALANCE,NORMAL_VOL,bearish,0.14418604651162775,other,edge,other,8.744196634471576,1.5230670367419645,minus,minus,1,1
2023-08-04 13:00:00+00:00,bullish,0.6596,0.661,21.11932418162721,0.005612517534265614,BALANCE,NORMAL_VOL,bearish,0.34090909090909344,other,middle,other,0.8195965485926695,9.389725676268334,minus,minus,1,1
2023-08-04 19:00:00+00:00,bearish,0.6563,0.662,87.18262465585865,0.005745407080469631,BALANCE,NORMAL_VOL,bearish,0.2634408602150553,other,other,other,7.588670287299505,0.295888520376343,plus,plus,0,0
2023-08-04 21:00:00+00:00,bearish,0.6403,0.6521,187.30158730158783,0.008164152023466162,IMBALANCE,NORMAL_VOL,bearish,0.19181034482758663,trend_aligned,other,other,2.4252365638328444,1.0166395696875004,minus,minus,0,0
2023-08-05 02:00:00+00:00,bearish,0.6205,0.6283,125.96899224806069,0.008701142004166473,IMBALANCE,NORMAL_VOL,bearish,0.1570680628272252,trend_aligned,other,other,0.11492744280246878,2.0342157376037013,minus,minus,1,1
2023-08-07 07:00:00+00:00,bearish,0.6184,0.6248,104.575163398694,0.005611477065029922,IMBALANCE,NORMAL_VOL,bearish,0.0,trend_aligned,other,other,3.0295053874392637,2.655272368990886,minus,minus,1,1
2023-08-07 14:00:00+00:00,bearish,0.6154,0.6167,21.151968760170497,0.005445099474258422,BALANCE,NORMAL_VOL,bearish,0.34600760456273766,other,middle,other,3.599566930348765,2.938421983958169,plus,plus,1,1
2023-08-07 17:00:00+00:00,bearish,0.61,0.6108,13.13628899835834,0.006639607705884019,BALANCE,NORMAL_VOL,bearish,0.3804347826086954,other,middle,other,0.15061130782076193,4.9249897657389194,minus,minus,1,1
2023-08-07 19:00:00+00:00,bullish,0.61,0.6127,43.781417220691345,0.006813743379053057,BALANCE,NORMAL_VOL,bearish,0.621776504297995,other,middle,other,3.9185508632569883,0.4402866138491011,plus,plus,0,0
2023-08-08 07:00:00+00:00,bearish,0.6218,0.6232,22.515278224508794,0.005707826954492587,BALANCE,NORMAL_VOL,bearish,0.8401253918495302,other,other,other,1.4191039890626937,4.642747618538439,plus,plus,1,1
2023-08-08 17:00:00+00:00,bullish,0.6312,0.6347,54.76451259583881,0.006566129198422074,BALANCE,NORMAL_VOL,bullish,0.9071428571428556,other,edge,other,4.096782013741742,0.7919429915039762,plus,plus,0,1
2023-08-09 14:00:00+00:00,bullish,0.6495,0.6518,35.25984976238049,0.007216363002084766,BALANCE,NORMAL_VOL,bullish,0.5732087227414319,other,middle,other,1.773746691553929,3.935500471885267,plus,plus,1,1
2023-08-09 22:00:00+00:00,bearish,0.6415,0.6549,209.21155347384982,0.008861117511829771,BALANCE,NORMAL_VOL,bullish,0.26512968299711726,other,other,other,1.8733528787806517,0.5868334319072045,plus,plus,0,0
2023-08-10 07:00:00+00:00,bearish,0.6315,0.6341,41.53354632587934,0.007329491124033943,BALANCE,NORMAL_VOL,neutral,0.0,other,edge,other,0.24558321574299896,2.0465267978582995,minus,minus,1,1
2023-08-13 19:00:00+00:00,bullish,0.6295,0.6333,59.80484734025851,0.002505845301732826,BALANCE,NORMAL_VOL,neutral,0.9417475728155295,other,edge,other,0.5187870133487934,4.868616586811454,minus,minus,1,1
2023-08-13 21:00:00+00:00,bearish,0.6329,0.6333,6.350214319732592,0.002908611510167591,BALANCE,NORMAL_VOL,bearish,0.31451612903226006,other,middle,other,2.3035046023090215,1.4439879596563867,plus,plus,1,1
2023-08-13 23:00:00+00:00,bearish,0.6276,0.628,6.3979526551496475,0.003178853802134302,BALANCE,NORMAL_VOL,bearish,0.13157894736842124,other,edge,other,0.4718681931810883,3.586198268176425,minus,minus,1,1
2023-08-15 19:00:00+00:00,bearish,0.6215,0.6237,36.53878093339943,0.006913528813281756,BALANCE,NORMAL_VOL,bearish,0.0,other,edge,other,2.3432317182041333,2.1262658183704253,minus,minus,0,0
2023-08-15 20:00:00+00:00,bearish,0.6074,0.6145,117.51075802714327,0.006898276755190205,BALANCE,NORMAL_VOL,bearish,0.5236593059936908,other,middle,other,4.232941216519063,1.8265431276760422,minus,minus,1,1
2023-08-15 22:00:00+00:00,bullish,0.6074,0.6078,6.5746219592366195,0.006596983528709918,BALANCE,NORMAL_VOL,bearish,0.6141215106732358,other,middle,other,1.273309227382994,5.820842182322299,plus,plus,1,1
2023-08-16 07:00:00+00:00,bearish,0.604,0.6083,71.38114209827307,0.005939636130824204,IMBALANCE,NORMAL_VOL,bearish,0.5479930191972091,trend_aligned,other,other,5.454879606489323,0.15152443351357517,plus,plus,0,0
2023-08-16 13:00:00+00:00,bearish,0.5976,0.5989,21.93722578467715,0.0064074828426329946,IMBALANCE,NORMAL_VOL,bearish,0.388489208633094,trend_aligned,other,other,3.527126104751794,1.5762820202651773,minus,minus,1,1
2023-08-16 21:00:00+00:00,bearish,0.5891,0.5955,109.60780955643214,0.008232672869892965,IMBALANCE,HIGH_VOL,bearish,0.21291866028708148,trend_aligned,other,high_vol_regular,21.341792972551854,1.2996994012880239,minus,minus,0,0
2023-08-17 07:00:00+00:00,bearish,0.5903,0.5909,10.174665083939866,0.006382288957585481,BALANCE,NORMAL_VOL,bearish,0.6024464831804286,other,middle,other,28.438073112356268,0.3290355566718893,plus,plus,1,1
2023-08-17 16:00:00+00:00,bearish,0.579,0.5806,27.76331771646791,0.0066224471447583816,IMBALANCE,NORMAL_VOL,bearish,0.23076923076923295,trend_aligned,other,other,25.383366046650888,0.4983052228075381,plus,plus,0,0
2023-08-17 21:00:00+00:00,bearish,0.5708,0.5755,97.14758164530876,0.01792256512858998,BALANCE,HIGH_VOL,bearish,0.0,other,edge,high_vol_regular,0.10043205239235947,2.1871869187669115,minus,minus,0,0
2023-08-17 22:00:00+00:00,bearish,0.5149,0.564,962.7450980392141,0.018885239047976416,IMBALANCE,NORMAL_VOL,bearish,0.546137339055794,trend_aligned,other,other,1.4826394269550043,0.6883683053719662,plus,plus,0,0
2023-08-18 03:00:00+00:00,bearish,0.4938,0.5002,129.76480129764724,0.017158949139198538,IMBALANCE,NORMAL_VOL,bearish,0.46296296296296313,trend_aligned,other,other,0.6527206246223056,1.7367030905129133,minus,minus,1,1
2023-08-18 06:00:00+00:00,bullish,0.495,0.4971,40.611100367433586,0.016681381654088622,IMBALANCE,NORMAL_VOL,bearish,0.6036585365853658,trend_counter,other,other,0.02997353638734082,2.1041422543915584,minus,minus,1,1
2023-08-18 07:00:00+00:00,bullish,0.4977,0.5051,146.3318172829744,0.016382711535939433,IMBALANCE,NORMAL_VOL,bearish,0.5404656319290467,trend_counter,other,other,0.39675971744607913,1.446646969764949,minus,minus,1,1
2023-08-19 16:00:00+00:00,bullish,0.5063,0.5159,183.9432841540535,0.006671677894238581,IMBALANCE,NORMAL_VOL,neutral,0.8853754940711459,other,other,other,5.44091015415288,1.6187831863595394,minus,minus,0,1
2023-08-20 08:00:00+00:00,bullish,0.5191,0.5245,102.52515663565522,0.0053705250625028095,BALANCE,NORMAL_VOL,neutral,0.9269230769230762,other,edge,other,5.8653482915356205,1.8433951773397446,plus,plus,1,1
2023-08-20 10:00:00+00:00,bullish,0.5293,0.5342,89.62868117797724,0.00649499354879069,BALANCE,NORMAL_VOL,bullish,1.0,other,edge,other,1.7705945223211597,4.6035457580349775,plus,plus,1,1
2023-08-20 11:00:00+00:00,bullish,0.5366,0.5424,106.38297872340475,0.007159636866734215,BALANCE,NORMAL_VOL,bullish,0.8946188340807169,other,edge,other,0.6704250633579256,3.966681624867702,minus,minus,1,1
2023-08-20 15:00:00+00:00,bearish,0.5401,0.5432,57.535263548626425,0.0075694889772697895,BALANCE,NORMAL_VOL,bullish,0.5881104033970261,other,middle,other,5.257950717613075,0.8851324072363782,plus,plus,1,1
2023-08-21 07:00:00+00:00,bearish,0.5247,0.5274,51.84331797234878,0.006558918498443467,BALANCE,NORMAL_VOL,neutral,0.007957559681699667,other,edge,other,3.323718690081836,1.4789023529263081,minus,minus,1,1
2023-08-21 16:00:00+00:00,bearish,0.5138,0.5247,212.51705985572278,0.007690270566670711,BALANCE,NORMAL_VOL,bearish,0.2989247311827963,other,other,other,0.5331411898261693,1.859492442564445,minus,minus,1,1
2023-08-23 17:00:00+00:00,bullish,0.5237,0.5273,67.80938029760664,0.005190977602742755,BALANCE,NORMAL_VOL,bullish,1.0,other,edge,other,1.0787948684350068,3.9684239803145456,plus,plus,1,1
2023-08-24 15:00:00+00:00,bearish,0.5173,0.5187,27.200310860696867,0.004187751770822946,BALANCE,NORMAL_VOL,neutral,0.035398230088496664,other,edge,other,1.6954204519635976,2.578949419888272,plus,plus,1,1
2023-08-25 19:00:00+00:00,bullish,0.5203,0.5238,66.67936749857226,0.005515543975484509,BALANCE,NORMAL_VOL,neutral,0.8564356435643558,other,edge,other,0.580178494491811,1.30540161260658,minus,minus,1,1
2023-08-27 18:00:00+00:00,bearish,0.5249,0.5255,11.435105774727155,0.0026114837072140048,BALANCE,NORMAL_VOL,bullish,0.3908045977011556,other,middle,other,5.6672764065562715,0.5360937141336836,plus,plus,1,1
2023-08-27 22:00:00+00:00,bearish,0.523,0.5235,9.569377990429569,0.002926051284926572,BALANCE,NORMAL_VOL,neutral,0.4755244755244704,other,middle,other,4.30614462053632,0.5468120153062174,plus,plus,1,1
2023-08-28 01:00:00+00:00,bearish,0.5207,0.522,25.009619084262557,0.0031618202161019238,BALANCE,NORMAL_VOL,neutral,0.2867132867132866,other,other,other,3.1311078187125125,1.5181128817999763,plus,plus,1,1
2023-08-28 13:00:00+00:00,bullish,0.5164,0.5182,34.702139965298315,0.003327119710462476,BALANCE,NORMAL_VOL,bearish,0.48888888888889015,other,middle,other,1.7733055956618387,1.803361622706985,plus,plus,1,1
2023-08-29 07:00:00+00:00,bearish,0.5173,0.5193,38.7446726075165,0.0027172231888397415,BALANCE,NORMAL_VOL,bearish,0.13402061855669867,other,edge,other,1.2880796889910442,12.512774121627485,plus,plus,1,1
2023-08-29 15:00:00+00:00,bullish,0.5185,0.5324,259.91024682124197,0.005257752777948601,BALANCE,NORMAL_VOL,bullish,0.5893333333333339,other,middle,other,1.7878360579113288,2.795871282052842,plus,plus,0,1
2023-08-30 01:00:00+00:00,bearish,0.5344,0.5383,73.11586051743559,0.005142971303206909,BALANCE,NORMAL_VOL,bullish,0.5519999999999987,other,middle,other,2.5860537062897357,0.40832426941416766,plus,plus,0,0
2023-08-30 10:00:00+00:00,bearish,0.5307,0.531,5.658242172766465,0.004306226609985428,BALANCE,NORMAL_VOL,bullish,0.3957703927492445,other,middle,other,2.345440896347574,0.20899968383295495,plus,plus,1,1
2023-08-31 17:00:00+00:00,bearish,0.51,0.5112,23.538642604942698,0.005419236813976767,BALANCE,NORMAL_VOL,bearish,0.15948275862069125,other,other,other,3.911989958682573,0.44286678777537675,plus,plus,1,1
2023-08-31 23:00:00+00:00,bullish,0.5088,0.5096,15.667841754798724,0.005029323058795976,IMBALANCE,NORMAL_VOL,bearish,0.48158640226629024,trend_counter,other,other,0.21871730790412391,4.831664165518427,minus,minus,1,1
2023-09-01 06:00:00+00:00,bearish,0.5071,0.508,17.814726840855343,0.004194269703370745,IMBALANCE,NORMAL_VOL,bearish,0.32861189801699664,trend_aligned,other,other,4.506147991582634,0.6914195330999852,plus,plus,1,1
2023-09-01 17:00:00+00:00,bearish,0.4978,0.499,24.330900243308573,0.004677296996501145,IMBALANCE,NORMAL_VOL,bearish,0.0,trend_aligned,other,other,1.4752110043817117,1.9883278754709806,plus,plus,1,1
2023-09-01 21:00:00+00:00,bullish,0.4924,0.4946,44.319097502014095,0.005044655339365605,IMBALANCE,NORMAL_VOL,bearish,0.41735537190082733,trend_counter,other,other,1.2092005478350576,0.5352199146155188,plus,plus,0,0
2023-09-02 15:00:00+00:00,bullish,0.4984,0.4998,27.988804478208966,0.003058296020065038,IMBALANCE,NORMAL_VOL,bearish,0.8965517241379272,trend_counter,other,other,1.6675952774157998,2.1253665300397313,minus,minus,1,1
2023-09-03 04:00:00+00:00,bullish,0.4988,0.5004,31.948881789136077,0.0027117367191817746,BALANCE,NORMAL_VOL,bearish,0.8068181818181887,other,other,other,4.388331623724396,0.6637812540087397,plus,plus,0,1
2023-09-03 17:00:00+00:00,bullish,0.5016,0.5038,43.53849198495903,0.0031725128980860796,BALANCE,NORMAL_VOL,neutral,0.7101449275362312,other,other,other,2.332535828133074,2.8683886535149674,plus,plus,1,1
2023-09-04 01:00:00+00:00,bullish,0.5051,0.5068,33.53057199211114,0.002895643491773914,BALANCE,NORMAL_VOL,bullish,0.6896551724137905,other,middle,other,1.9684743706167136,3.7297409127474435,plus,plus,1,1
2023-09-04 07:00:00+00:00,bearish,0.5063,0.5083,39.71405877680702,0.003302246296038124,BALANCE,NORMAL_VOL,neutral,0.33576642335766665,other,middle,other,2.24089887204302,2.119769203283919,plus,plus,1,1
2023-09-05 01:00:00+00:00,bearish,0.5056,0.507,27.78880508138064,0.003412175309149551,BALANCE,NORMAL_VOL,neutral,0.5066666666666696,other,middle,other,1.4946477065010972,1.1429658932067148,minus,minus,1,1
2023-09-06 15:00:00+00:00,bearish,0.4991,0.5009,36.202735317780046,0.002515358927707887,BALANCE,NORMAL_VOL,bearish,0.03191489361701788,other,edge,other,2.5841242489886143,3.021437583432885,both,both,1,1
2023-09-07 07:00:00+00:00,bearish,0.5003,0.5016,26.010404161666244,0.0026488569546157287,BALANCE,NORMAL_VOL,bearish,0.6453900709219855,other,middle,other,1.3590767873391267,2.8691621066047626,plus,plus,1,1
2023-09-07 22:00:00+00:00,bullish,0.5023,0.5039,31.68316831683259,0.0024071951002916717,BALANCE,NORMAL_VOL,neutral,0.8461538461538428,other,other,other,0.9970110024356388,4.694260136467872,minus,minus,1,1
2023-09-08 10:00:00+00:00,bearish,0.5003,0.5031,56.30404182586014,0.0028291111480582957,BALANCE,NORMAL_VOL,neutral,0.0,other,edge,other,0.1060403725056619,3.145864384334388,minus,minus,1,1
2023-09-08 11:00:00+00:00,bearish,0.4986,0.4999,26.1044176706832,0.0027413174946255598,BALANCE,NORMAL_VOL,neutral,0.31386861313868547,other,middle,other,0.18239404993411612,2.9912624189194963,minus,minus,1,1
2023-09-10 01:00:00+00:00,bearish,0.5019,0.503,21.921084097249697,0.0015017125863569514,BALANCE,NORMAL_VOL,neutral,0.5,other,middle,other,7.12519832170914,0.13318127704127714,plus,plus,0,0
2023-09-10 05:00:00+00:00,bearish,0.4993,0.501,34.06813627254468,0.0017882760615092893,BALANCE,NORMAL_VOL,bearish,0.43617021276595835,other,middle,other,4.4176624459942095,1.1183955559478995,plus,plus,1,1
2023-09-10 15:00:00+00:00,bearish,0.4972,0.4986,28.225806451613153,0.002023566954600621,BALANCE,NORMAL_VOL,bearish,0.12222222222222098,other,edge,other,19.421151304458025,2.470884389880158,plus,plus,1,1
2023-09-11 00:00:00+00:00,bearish,0.498,0.4983,6.077795786062044,0.0027231324140970306,BALANCE,NORMAL_VOL,bearish,0.20202020202020293,other,other,other,13.550571323295618,1.1383948808188702,minus,minus,0,0
2023-09-11 01:00:00+00:00,bearish,0.4947,0.4966,38.53955375253576,0.002785765813090099,BALANCE,NORMAL_VOL,bearish,0.14893617021276695,other,edge,other,13.030528205001689,1.3281805608403858,minus,minus,1,1
2023-09-11 07:00:00+00:00,bearish,0.4924,0.4947,47.39336492890931,0.003662454379461845,BALANCE,NORMAL_VOL,bearish,0.0,other,edge,other,7.808970989613378,0.0,plus,plus,0,0
2023-09-11 08:00:00+00:00,bearish,0.4853,0.492,138.9464952301946,0.0037579933523574282,IMBALANCE,NORMAL_VOL,bearish,0.262745098039217,trend_aligned,other,other,6.785536218153129,0.5055889731172801,plus,plus,0,0
2023-09-11 10:00:00+00:00,bearish,0.4791,0.4803,25.41834357127682,0.0052780656966755395,IMBALANCE,NORMAL_VOL,bearish,0.0,trend_aligned,other,other,1.7241164704963323,2.311452850555521,plus,plus,1,1
2023-09-11 11:00:00+00:00,bearish,0.4742,0.4765,48.99872177247484,0.00535106100405586,IMBALANCE,NORMAL_VOL,bearish,0.2866817155756205,trend_aligned,other,other,1.1960244884423956,2.7844945121549736,minus,minus,1,1
2023-09-12 04:00:00+00:00,bullish,0.473,0.478,104.44955086693136,0.004920024411349184,BALANCE,NORMAL_VOL,bearish,0.7692307692307695,other,other,other,1.6869834996863202,1.7886090117156284,minus,minus,1,1
2023-09-12 07:00:00+00:00,bearish,0.4747,0.4764,35.819637589548655,0.004788153655879798,BALANCE,NORMAL_VOL,bearish,0.5497630331753567,other,middle,other,0.9815892174279935,3.0700769140832724,minus,minus,1,1
2023-09-12 11:00:00+00:00,bullish,0.4733,0.4776,89.82661374556145,0.0050509698189708215,BALANCE,NORMAL_VOL,bearish,0.7370892018779344,other,other,other,2.0986068774728572,1.2274870415407357,plus,plus,1,1
2023-09-13 06:00:00+00:00,bearish,0.477,0.4778,16.803192606595733,0.0034561003484287578,BALANCE,NORMAL_VOL,bearish,0.2733333333333363,other,other,other,1.0416364217076945,3.8193335462614932,both,both,1,1
2023-09-14 15:00:00+00:00,bullish,0.4861,0.4872,22.55484929259884,0.0029931522212950533,BALANCE,NORMAL_VOL,bullish,0.8686868686868715,other,edge,other,6.949195517694169,0.801830252041642,plus,plus,1,1
2023-09-15 03:00:00+00:00,bullish,0.4927,0.495,46.21257785814685,0.0033463525151731905,IMBALANCE,NORMAL_VOL,bullish,0.8910891089108893,trend_aligned,other,other,3.2273945888934605,3.1975113056629687,plus,plus,1,1
2023-09-15 05:00:00+00:00,bullish,0.4979,0.5,41.94128220491294,0.003999150893185045,IMBALANCE,NORMAL_VOL,bullish,0.7253521126760585,trend_aligned,other,other,0.7001486252422721,3.425727202078377,minus,minus,1,1
2023-09-17 01:00:00+00:00,bearish,0.496,0.4983,46.445880452342976,0.002693554296755778,BALANCE,NORMAL_VOL,neutral,0.08974358974358727,other,edge,other,3.304184367368971,1.8191576854054017,minus,minus,1,1
2023-09-17 21:00:00+00:00,bearish,0.4928,0.4963,71.19609438567947,0.0027112498100708734,BALANCE,NORMAL_VOL,bearish,0.2477876106194668,other,other,other,1.9548180253672112,5.864454076101654,plus,plus,1,1
2023-09-18 03:00:00+00:00,bullish,0.491,0.4943,66.35833500904936,0.0031766382529412663,BALANCE,NORMAL_VOL,neutral,0.7971014492753642,other,other,other,5.697847396769545,2.1091479314008996,minus,minus,1,1
2023-09-18 11:00:00+00:00,bullish,0.496,0.4983,45.86241276171534,0.003267030139318203,BALANCE,NORMAL_VOL,neutral,1.0,other,edge,other,4.254628640463298,1.1937447264609107,plus,plus,0,0
2023-09-19 03:00:00+00:00,bullish,0.5034,0.5072,74.72959685349117,0.004292501423998303,BALANCE,NORMAL_VOL,bullish,0.7217741935483862,other,other,other,3.913801846651799,1.2347112968603797,minus,minus,1,1
2023-09-19 07:00:00+00:00,bearish,0.5067,0.5081,27.799841143764034,0.004050891117524366,BALANCE,NORMAL_VOL,bullish,0.337078651685397,other,middle,other,0.04937185280909639,5.356846029784561,minus,minus,1,1
2023-09-20 16:00:00+00:00,bullish,0.5161,0.5166,9.663703131038751,0.004661681186750232,BALANCE,NORMAL_VOL,bullish,0.5969387755102021,other,middle,other,1.6088616315755582,3.732558985255258,minus,minus,1,1
2023-09-20 22:00:00+00:00,bullish,0.5179,0.52,40.338071456012116,0.005091688174057031,BALANCE,NORMAL_VOL,bullish,0.7602040816326505,other,other,other,0.27495792203719244,4.04580942426134,minus,minus,1,1
2023-09-21 01:00:00+00:00,bearish,0.5168,0.5188,38.86513797123984,0.004905407769097417,BALANCE,NORMAL_VOL,bullish,0.463541666666662,other,middle,other,2.976307105797712,0.75426960900354,plus,plus,0,0
2023-09-21 07:00:00+00:00,bearish,0.5135,0.5139,7.853917141175476,0.004549370275744654,BALANCE,NORMAL_VOL,neutral,0.0,other,edge,other,2.04423896854114,1.033110016359512,plus,plus,1,1
2023-09-21 18:00:00+00:00,bullish,0.5051,0.5078,52.94117647058893,0.004027762438687301,BALANCE,NORMAL_VOL,bearish,0.43478260869565216,other,middle,other,1.4896608455277918,1.663454610839376,minus,minus,1,1
2023-09-22 18:00:00+00:00,bullish,0.5113,0.5131,34.99222395023374,0.0033253888232188224,BALANCE,NORMAL_VOL,bullish,0.9098360655737713,other,edge,other,0.7217201138232551,2.0148019844231744,minus,minus,1,1
2023-09-25 00:00:00+00:00,bearish,0.502,0.5055,69.90213700818748,0.0030731582202801456,BALANCE,NORMAL_VOL,bearish,0.25000000000000383,other,other,other,3.2214416864933,2.0174685309351883,plus,plus,1,1
2023-09-25 06:00:00+00:00,bearish,0.4985,0.5006,42.415673601293605,0.0032725467619880142,IMBALANCE,NORMAL_VOL,bearish,0.0,trend_aligned,other,other,1.3139613618195625,3.7585406396234182,plus,plus,1,1
2023-09-25 16:00:00+00:00,bullish,0.4976,0.4989,25.98440935438784,0.0032311901449594443,BALANCE,NORMAL_VOL,bearish,0.5688622754491012,other,middle,other,2.197332772593335,0.7737087227441161,plus,plus,0,1
2023-09-25 18:00:00+00:00,bullish,0.5027,0.5036,17.81120126657455,0.0034330159923374767,BALANCE,NORMAL_VOL,neutral,0.868263473053893,other,edge,other,0.6117070251601536,2.1846679470005443,minus,minus,1,1
2023-09-26 21:00:00+00:00,bearish,0.5017,0.5041,47.92332268370522,0.0033991080683951117,BALANCE,NORMAL_VOL,bearish,0.31250000000000216,other,middle,other,1.2356182608760262,1.8240079089122083,plus,plus,1,1
2023-09-27 06:00:00+00:00,bearish,0.4987,0.5016,58.25632784250842,0.0029141365496825346,BALANCE,NORMAL_VOL,bearish,0.2678571428571434,other,other,other,0.9608334929621112,3.157024334018333,minus,minus,1,1
2023-09-27 10:00:00+00:00,bullish,0.4996,0.5004,15.920398009949603,0.0030490825175833736,BALANCE,NORMAL_VOL,neutral,0.6874999999999944,other,middle,other,1.475853793411484,2.459756322352425,plus,plus,1,1
2023-09-27 12:00:00+00:00,bullish,0.5032,0.5039,13.880626611144834,0.0031535456401611773,BALANCE,NORMAL_VOL,neutral,0.7786885245901608,other,other,other,0.7927584646824021,2.94906148861846,minus,minus,1,1
2023-09-27 15:00:00+00:00,bearish,0.5023,0.5038,29.92817238627408,0.0033009984589774393,BALANCE,NORMAL_VOL,bearish,0.5245901639344236,other,middle,other,1.878219598418285,1.1814607151340901,minus,minus,1,1
2023-09-27 22:00:00+00:00,bearish,0.5009,0.5024,29.976019184651197,0.003099577096119681,BALANCE,NORMAL_VOL,bearish,0.3653846153846118,other,middle,other,1.7421731521890997,3.0649342492216074,plus,plus,1,1
2023-09-28 17:00:00+00:00,bullish,0.5051,0.5076,49.193231011413964,0.002973063375305142,BALANCE,NORMAL_VOL,bullish,0.8859060402684542,other,edge,other,13.891395771461196,1.3790489748908183,minus,minus,1,1
2023-09-29 06:00:00+00:00,bearish,0.5078,0.5082,7.884880741177922,0.002697182838813097,BALANCE,NORMAL_VOL,bullish,0.6153846153846121,other,middle,other,0.4078329374526378,15.645954509546801,minus,minus,1,1
2023-09-29 13:00:00+00:00,bullish,0.512,0.5222,192.41652518392732,0.00606859216930472,BALANCE,NORMAL_VOL,bullish,0.5726872246696041,other,middle,other,1.120523477322271,2.850743552599292,minus,minus,0,0
2023-09-29 22:00:00+00:00,bearish,0.5245,0.5313,130.56835637480853,0.006572045874100489,BALANCE,NORMAL_VOL,bullish,0.34324942791762075,other,middle,other,1.2172769565603436,0.13694365761304034,plus,plus,0,0
2023-10-01 23:00:00+00:00,bullish,0.5183,0.5225,80.15267175572484,0.002967709031321258,BALANCE,NORMAL_VOL,bullish,0.8135593220339006,other,other,other,0.8760966700439585,9.603367344712868,minus,minus,1,1
2023-10-02 16:00:00+00:00,bearish,0.5189,0.5201,23.15261431603278,0.0032680896079993033,BALANCE,NORMAL_VOL,neutral,0.29059829059828873,other,other,other,6.976552890163239,1.5299458092463267,minus,minus,1,1
2023-10-02 19:00:00+00:00,bearish,0.5162,0.5174,23.24680356450947,0.005240850170836179,BALANCE,NORMAL_VOL,neutral,0.6655948553054669,other,middle,other,2.1943004713231717,0.05724262099103319,plus,plus,0,1
2023-10-03 05:00:00+00:00,bearish,0.5118,0.5121,5.90318772136889,0.004375622659282928,BALANCE,NORMAL_VOL,bearish,0.4456140350877185,other,middle,other,0.7998861585047016,9.004432755738772,minus,minus,1,1
2023-10-03 18:00:00+00:00,bullish,0.5091,0.5111,39.093041438623956,0.0036884962740956636,BALANCE,NORMAL_VOL,bearish,0.7113402061855738,other,other,other,9.760074926150308,0.867562215657832,plus,plus,1,1
2023-10-03 23:00:00+00:00,bullish,0.5153,0.5271,219.0865206089869,0.0058244463748322916,BALANCE,NORMAL_VOL,bullish,1.0,other,edge,other,0.6352535094129996,3.6569999325666886,minus,minus,0,1
2023-10-04 20:00:00+00:00,bearish,0.5314,0.5338,45.206253531739854,0.006249826113375384,BALANCE,NORMAL_VOL,bullish,0.5440000000000018,other,middle,other,2.576071671105226,0.4960138000264706,plus,plus,1,1
2023-10-05 07:00:00+00:00,bearish,0.5235,0.5241,11.47227533460889,0.004580070334722442,BALANCE,NORMAL_VOL,neutral,0.058139534883721006,other,edge,other,1.7903655185891192,0.8951827592945596,plus,plus,1,1
2023-10-05 14:00:00+00:00,bullish,0.5235,0.5242,13.310515307093247,0.003956560087021921,BALANCE,NORMAL_VOL,bullish,0.30726256983240513,other,middle,other,0.22747032275641146,2.805467313995704,minus,minus,1,1
2023-10-05 16:00:00+00:00,bearish,0.523,0.5242,22.95332823259332,0.004582442115850534,BALANCE,NORMAL_VOL,neutral,0.41666666666666713,other,middle,other,1.4839249090521025,0.8728970053247634,plus,plus,1,1
2023-10-09 02:00:00+00:00,bullish,0.5175,0.518,9.650646593322833,0.001998726312579997,BALANCE,NORMAL_VOL,bearish,0.5888888888888852,other,middle,other,0.5003186247691812,18.061502354167438,minus,minus,1,1
2023-10-09 06:00:00+00:00,bearish,0.5151,0.5168,33.02253302253369,0.002025242664868733,BALANCE,NORMAL_VOL,bearish,0.23529411764706035,other,other,other,16.195590073709017,0.0,plus,plus,0,0
2023-10-09 10:00:00+00:00,bearish,0.502,0.5072,104.33386837881184,0.004507526961456577,BALANCE,NORMAL_VOL,bearish,0.42377260981912135,other,middle,other,1.8413644712438815,1.8191793571325119,plus,plus,0,0
2023-10-09 13:00:00+00:00,bullish,0.4992,0.4996,7.993605115907504,0.004285581900262422,IMBALANCE,NORMAL_VOL,bearish,0.4854881266490752,trend_counter,other,other,1.4467113554918751,2.4034075744461374,minus,minus,1,1
2023-10-09 16:00:00+00:00,bearish,0.4991,0.4999,16.086869093103214,0.004376393380057053,IMBALANCE,NORMAL_VOL,bearish,0.40369393139841736,trend_aligned,other,other,1.3481420630252168,2.1250374891753427,minus,minus,1,1
2023-10-10 01:00:00+00:00,bearish,0.4998,0.5018,40.112314480545564,0.0035761631916121027,IMBALANCE,NORMAL_VOL,bearish,0.474285714285714,trend_aligned,other,other,2.013330939954753,0.7549991024830285,plus,plus,0,0
2023-10-11 00:00:00+00:00,bearish,0.4975,0.4982,14.09017713365496,0.002916098366932498,BALANCE,NORMAL_VOL,bearish,0.5454545454545491,other,middle,other,6.412678053679958,0.10287718802693989,plus,plus,0,0
2023-10-11 03:00:00+00:00,bearish,0.4914,0.4951,75.58733401429991,0.003574295959238593,IMBALANCE,NORMAL_VOL,bearish,0.35519125683060176,trend_aligned,other,other,3.1894392993769958,0.3916855279936708,plus,plus,0,0
2023-10-11 10:00:00+00:00,bullish,0.4846,0.4864,36.885245901639834,0.003734698706736039,BALANCE,NORMAL_VOL,bearish,0.3636363636363623,other,middle,other,0.21420737329014353,3.8289567975612,minus,minus,1,1
2023-10-11 16:00:00+00:00,bearish,0.4843,0.4863,41.59733777038273,0.003697530329885117,IMBALANCE,NORMAL_VOL,bearish,0.0,trend_aligned,other,other,2.5151923501027733,2.163606322669047,minus,minus,1,1
2023-10-11 18:00:00+00:00,bullish,0.4843,0.4847,8.216926869351099,0.003830013396686658,IMBALANCE,NORMAL_VOL,bearish,0.39908256880733906,trend_counter,other,other,0.5221913849518648,3.9947640948817713,minus,minus,1,1
2023-10-12 01:00:00+00:00,bearish,0.4857,0.4869,24.742268041236677,0.0031284424956808245,BALANCE,NORMAL_VOL,bearish,0.5433070866141707,other,middle,other,4.315246330606466,0.8310844784871676,plus,plus,1,1
2023-10-12 09:00:00+00:00,bearish,0.48,0.4813,27.247956403270244,0.0035901395178856463,IMBALANCE,NORMAL_VOL,bearish,0.15217391304348124,trend_aligned,other,other,1.5598279599167437,2.2004715863110906,both,both,1,1
2023-10-12 17:00:00+00:00,bullish,0.479,0.4794,8.295313148071576,0.003711782015081875,BALANCE,NORMAL_VOL,bearish,0.6184971098265907,other,middle,other,0.7543546438403136,1.0237670166404438,minus,minus,1,1
2023-10-13 13:00:00+00:00,bullish,0.4812,0.4815,6.206040546130884,0.0028418492120667804,BALANCE,NORMAL_VOL,bearish,0.7575757575757589,other,other,other,2.5335615870919725,1.4779109258036476,minus,minus,1,1
2023-10-13 21:00:00+00:00,bullish,0.4835,0.4858,47.1408075425297,0.003074392417728096,BALANCE,NORMAL_VOL,neutral,0.8189655172413801,other,other,other,0.39032102508460864,1.5612841003384708,minus,minus,1,1
2023-10-16 06:00:00+00:00,bullish,0.4879,0.4898,38.63359089060619,0.002758134124348197,BALANCE,NORMAL_VOL,bullish,0.6071428571428571,other,middle,other,6.961227820832442,1.5590249807072756,plus,plus,1,1
2023-10-16 16:00:00+00:00,bearish,0.4929,0.4946,34.63732681336551,0.003990871947327125,BALANCE,NORMAL_VOL,bullish,0.27075812274368255,other,other,other,2.0797460077763033,2.0045744653265523,minus,minus,1,1
2023-10-16 18:00:00+00:00,bullish,0.4929,0.4933,8.056394763343635,0.0038492722402973653,BALANCE,NORMAL_VOL,bullish,0.4765342960288804,other,middle,other,0.5975155448663054,3.6370511426644323,minus,minus,1,1
2023-10-16 19:00:00+00:00,bullish,0.4934,0.4947,26.204394275347063,0.0037957527945618424,BALANCE,NORMAL_VOL,bullish,0.46209386281588366,other,middle,other,0.7113213494483396,3.582951982406404,minus,minus,1,1
2023-10-17 01:00:00+00:00,bearish,0.4953,0.4961,16.174686615446166,0.003447665467110623,BALANCE,LOW_VOL,bullish,0.3466135458167323,other,middle,other,3.5096212539845455,0.08701540299135889,plus,plus,0,1
2023-10-17 05:00:00+00:00,bearish,0.4913,0.4921,16.289961311341223,0.003271727233604396,BALANCE,LOW_VOL,neutral,0.15319148936170165,other,other,other,2.628580986724113,0.7335574846671987,plus,plus,1,1
2023-10-18 18:00:00+00:00,bullish,0.4888,0.4901,26.42813579995869,0.002362123821110574,BALANCE,NORMAL_VOL,neutral,0.9655172413793139,other,edge,other,0.04233478325999569,7.1122435876800525,minus,minus,1,1
2023-10-18 20:00:00+00:00,bearish,0.4897,0.4901,8.18330605564558,0.002376014927386159,BALANCE,NORMAL_VOL,bearish,0.43103448275862316,other,middle,other,5.765957040964926,7.365273592473434,plus,plus,1,1
2023-10-19 02:00:00+00:00,bearish,0.4843,0.4861,37.29024238657485,0.002799569446994066,BALANCE,NORMAL_VOL,bearish,0.29850746268656814,other,other,other,2.714703151286429,17.074054030459376,plus,plus,1,1
2023-10-19 07:00:00+00:00,bearish,0.4804,0.4818,29.190992493745046,0.0029393774518853117,BALANCE,NORMAL_VOL,bearish,0.06716417910447867,other,edge,other,0.5783537595383191,17.316591976764595,minus,minus,1,1
2023-10-19 11:00:00+00:00,bullish,0.4806,0.4815,18.668326073427846,0.002893129409706802,BALANCE,LOW_VOL,bearish,0.41176470588235103,other,middle,other,16.729289688049246,0.1728232405790213,plus,plus,0,0
2023-10-19 15:00:00+00:00,bullish,0.4838,0.4846,16.447368421051962,0.002725030431867868,BALANCE,NORMAL_VOL,neutral,0.6686390532544376,other,middle,other,16.183305508911946,0.5871494062190243,plus,plus,0,0
2023-10-19 21:00:00+00:00,bullish,0.4891,0.5012,239.27229582756573,0.00480861345424388,BALANCE,NORMAL_VOL,bullish,0.9807692307692328,other,edge,other,5.157411847715165,0.5199003878745261,plus,plus,0,0
2023-10-20 00:00:00+00:00,bullish,0.5133,0.5141,15.47688140839665,0.006744542186214938,BALANCE,NORMAL_VOL,bullish,0.8513238289205708,other,edge,other,1.942311225626979,1.2751050794192458,minus,minus,1,1
2023-10-20 05:00:00+00:00,bearish,0.5167,0.5175,15.649452269168856,0.00667252856314762,IMBALANCE,NORMAL_VOL,bullish,0.6302681992337166,trend_counter,other,other,0.4346178472755764,2.8175225961313153,minus,minus,1,1
2023-10-20 06:00:00+00:00,bearish,0.5124,0.5144,39.03962521959793,0.00648877652292279,IMBALANCE,NORMAL_VOL,bullish,0.6493256262042387,trend_counter,other,other,0.5856265794600616,2.727786962221855,minus,minus,1,1
2023-10-21 00:00:00+00:00,bearish,0.5152,0.518,54.46411204045954,0.005357858763788625,BALANCE,NORMAL_VOL,bullish,0.26728110599078403,other,other,other,0.6719102086697096,3.9008120447768793,minus,minus,1,1
2023-10-21 15:00:00+00:00,bullish,0.5188,0.52,22.931396904261014,0.004605627208929014,BALANCE,NORMAL_VOL,bullish,0.5224489795918364,other,middle,other,0.8033650645512035,2.9529094264584366,minus,minus,1,1
2023-10-22 03:00:00+00:00,bearish,0.5199,0.5208,17.311021350259892,0.003990797350454242,BALANCE,NORMAL_VOL,bullish,0.2598039215686304,other,other,other,2.555880217480599,1.8793236893239602,minus,minus,1,1
2023-10-22 08:00:00+00:00,bearish,0.5179,0.5211,62.01550387596862,0.004227024120608617,BALANCE,NORMAL_VOL,neutral,0.2490118577075089,other,other,other,0.1656011368819079,3.761511537746017,minus,minus,1,1
2023-10-22 17:00:00+00:00,bullish,0.5183,0.5203,38.38771593090215,0.00348681466173529,BALANCE,NORMAL_VOL,bullish,0.7902097902097898,other,other,other,4.904189542294116,1.1758583113102827,minus,minus,1,1
2023-10-23 23:00:00+00:00,bullish,0.5396,0.5407,20.087655222790175,0.006495986857530435,IMBALANCE,NORMAL_VOL,bullish,0.8083832335329325,trend_aligned,other,other,6.034494967390157,2.9248827648064553,plus,plus,1,1
2023-10-24 04:00:00+00:00,bearish,0.549,0.5501,20.172382174949384,0.0071626114645182235,BALANCE,NORMAL_VOL,bullish,0.6552706552706555,other,middle,other,2.3315518484742124,5.793976150399969,plus,plus,1,1
2023-10-24 06:00:00+00:00,bearish,0.5424,0.5442,33.30249768732699,0.007123374170936633,BALANCE,NORMAL_VOL,bullish,0.48632218844984787,other,middle,other,1.6705566371273914,6.499728764621689,minus,minus,1,1
2023-10-24 09:00:00+00:00,bullish,0.5432,0.5447,27.352297592996823,0.007029137410185059,IMBALANCE,NORMAL_VOL,bullish,0.7264437689969606,trend_aligned,other,other,5.462974723521448,2.816846341815753,plus,plus,1,1
2023-10-24 13:00:00+00:00,bullish,0.5538,0.5658,207.90020790020807,0.009085237754380871,IMBALANCE,NORMAL_VOL,bullish,0.8341968911917107,trend_aligned,other,other,0.3742334644308554,5.349337168041126,minus,minus,1,1
2023-10-24 16:00:00+00:00,bearish,0.5609,0.5684,134.96490912362898,0.012563289849261939,BALANCE,NORMAL_VOL,bullish,0.46563573883161513,other,middle,other,1.2496726723949836,0.7163728695257903,plus,plus,0,1
2023-10-25 08:00:00+00:00,bearish,0.5471,0.549,34.760336626418095,0.008738840873479073,BALANCE,NORMAL_VOL,neutral,0.30927835051546404,other,middle,other,0.1258748174873291,2.6777006629122955,minus,minus,1,1
2023-10-27 18:00:00+00:00,bearish,0.5441,0.55,108.59561936315141,0.006316081599005417,BALANCE,NORMAL_VOL,bearish,0.5514285714285705,other,middle,other,0.427480227681859,1.1716124758687774,minus,minus,1,1
2023-10-30 12:00:00+00:00,bullish,0.5604,0.5623,33.670033670033895,0.004093635488196987,BALANCE,NORMAL_VOL,bullish,0.8010752688172078,other,other,other,15.243174478996822,0.3175661349791197,plus,plus,0,0
2023-10-30 14:00:00+00:00,bullish,0.5678,0.5736,99.63923724446019,0.005516451007680056,IMBALANCE,NORMAL_VOL,bullish,1.0,trend_aligned,other,other,8.084908202376408,3.4623710014661246,minus,minus,1,1
2023-10-31 11:00:00+00:00,bullish,0.5762,0.5945,302.7796161482459,0.008947070113640336,IMBALANCE,HIGH_VOL,bullish,1.0,trend_aligned,other,high_vol_regular,1.0953306362335578,2.7047960609032975,both,both,0,0
2023-10-31 17:00:00+00:00,bullish,0.5966,0.5973,11.606698723263703,0.01029752551128651,IMBALANCE,NORMAL_VOL,bullish,0.6295133437990575,trend_aligned,other,other,0.8448631654725677,2.2238352286576597,minus,minus,1,1
2023-11-01 07:00:00+00:00,bullish,0.5903,0.5909,10.021713713043827,0.008431323098519945,BALANCE,HIGH_VOL,bullish,0.39784946236559066,other,middle,high_vol_regular,2.2535015890133927,0.6879110113830382,plus,plus,0,1
2023-11-01 08:00:00+00:00,bullish,0.5916,0.5972,93.1625353518539,0.008371942877197095,BALANCE,NORMAL_VOL,bullish,0.6147058823529402,other,middle,other,1.9828133377753883,0.9794620102263913,plus,plus,0,1
2023-11-01 18:00:00+00:00,bullish,0.5991,0.6007,26.27257799671668,0.008463185876508324,BALANCE,NORMAL_VOL,bullish,0.9113924050632902,other,edge,other,2.162306283594241,2.7531003501500457,plus,plus,1,1
2023-11-01 19:00:00+00:00,bullish,0.6036,0.6062,42.685930060744305,0.008344386885329161,BALANCE,NORMAL_VOL,bullish,0.857566765578634,other,edge,other,2.1811069225467796,2.804280328988715,plus,plus,1,1
2023-11-02 05:00:00+00:00,bearish,0.6081,0.6107,42.94681202510814,0.00690700293558775,BALANCE,NORMAL_VOL,bullish,0.5040322580645179,other,middle,other,2.8521777366703382,3.1706950473644677,minus,minus,1,1
2023-11-02 11:00:00+00:00,bullish,0.6094,0.6147,85.8577676980394,0.007061058202327654,IMBALANCE,NORMAL_VOL,bullish,0.7328990228013029,trend_aligned,other,other,1.4162183221636018,4.475249898036973,plus,plus,1,1
2023-11-03 01:00:00+00:00,bearish,0.5988,0.6028,67.17044500419821,0.008117130877246097,BALANCE,NORMAL_VOL,neutral,0.235576923076924,other,other,other,0.4065475905101672,2.451605167015787,minus,minus,1,1
2023-11-05 01:00:00+00:00,bullish,0.618,0.6188,12.857602057216697,0.004339087021558637,BALANCE,NORMAL_VOL,bullish,0.613333333333331,other,middle,other,15.464082574655798,0.7835749739765877,plus,plus,0,0
2023-11-05 10:00:00+00:00,bullish,0.6247,0.6273,40.66312167657078,0.005644875641597651,IMBALANCE,NORMAL_VOL,bullish,1.0,trend_aligned,other,other,10.646824450323965,2.1081066715283745,plus,plus,0,0
2023-11-05 11:00:00+00:00,bullish,0.6348,0.6394,71.18539151965238,0.006391670238626391,IMBALANCE,NORMAL_VOL,bullish,1.0,trend_aligned,other,other,8.996083629676912,2.925682849999282,minus,minus,1,1
2023-11-06 00:00:00+00:00,bullish,0.6532,0.6588,81.76376113301285,0.01010115003406292,IMBALANCE,HIGH_VOL,bullish,1.0,trend_aligned,other,high_vol_regular,4.791533621101198,3.811447198603224,minus,minus,1,1
2023-11-06 01:00:00+00:00,bullish,0.6635,0.6764,189.7616946160639,0.010093925031629855,IMBALANCE,NORMAL_VOL,bullish,0.8637015781922516,trend_aligned,other,other,5.300217688595356,3.308920949515604,minus,minus,1,1
2023-11-06 08:00:00+00:00,bullish,0.6757,0.677,19.09518213866156,0.009522943707894868,IMBALANCE,NORMAL_VOL,bullish,0.8624595469255655,trend_aligned,other,other,5.513001190637678,3.6123283991987822,plus,plus,1,1
2023-11-06 10:00:00+00:00,bullish,0.6835,0.6884,70.18046405041558,0.01002539533997058,IMBALANCE,HIGH_VOL,bullish,1.0,trend_aligned,other,high_vol_regular,3.501108815136552,5.166878536298407,plus,plus,1,1
2023-11-06 22:00:00+00:00,bullish,0.7171,0.7192,29.08587257617716,0.01111809898465471,IMBALANCE,NORMAL_VOL,bullish,0.8274809160305348,trend_aligned,other,other,0.008994343379925811,6.799723595224663,minus,minus,1,1
2023-11-07 00:00:00+00:00,bearish,0.716,0.7192,46.36337293538077,0.015201320042891044,BALANCE,HIGH_VOL,bullish,0.34198473282442876,other,middle,high_vol_regular,2.302431624440926,0.7762483762400777,plus,plus,0,0
2023-11-07 01:00:00+00:00,bearish,0.697,0.7124,223.35025380710775,0.015444082896970251,BALANCE,NORMAL_VOL,bullish,0.4959723820483319,other,middle,other,2.2209152999773663,0.809371465006326,plus,plus,0,0
2023-11-07 10:00:00+00:00,bearish,0.6865,0.6917,76.57193344131913,0.014105230136711392,IMBALANCE,NORMAL_VOL,neutral,0.3762945914844657,other,other,other,1.6944069517728744,1.4108241983380758,plus,plus,1,1
2023-11-07 19:00:00+00:00,bullish,0.6741,0.6842,146.52546061221526,0.013961417704869585,BALANCE,NORMAL_VOL,bullish,0.5667107001321011,other,middle,other,0.6947718494674563,1.1818284037333155,minus,minus,1,1
2023-11-08 11:00:00+00:00,bullish,0.6823,0.6911,126.96580580002927,0.009789357051020424,BALANCE,NORMAL_VOL,bullish,0.86529680365297,other,edge,other,1.5016307938699238,1.4199093901219093,minus,minus,1,1
2023-11-09 13:00:00+00:00,bearish,0.6877,0.6898,30.625638034125576,0.010260305706086567,BALANCE,NORMAL_VOL,neutral,0.5164113785557981,other,middle,other,8.294099848264498,1.8810355707579878,minus,minus,1,1
2023-11-09 17:00:00+00:00,bearish,0.6635,0.684,309.20060331825147,0.017041849522895097,BALANCE,NORMAL_VOL,bearish,0.5820895522388063,other,middle,other,1.678221601568364,0.5281116928012326,plus,plus,0,1
2023-11-10 17:00:00+00:00,bullish,0.6494,0.654,69.84512602490204,0.010610643458916885,BALANCE,NORMAL_VOL,bearish,0.6436170212765944,other,middle,other,2.7990762402859763,1.743532338225264,minus,minus,1,1
2023-11-13 04:00:00+00:00,bearish,0.6567,0.6644,117.73700305810458,0.006253758600019169,BALANCE,NORMAL_VOL,bearish,0.06842105263158303,other,edge,other,2.302615262436887,15.910431848088114,minus,minus,1,1
2023-11-14 10:00:00+00:00,bearish,0.656,0.6625,99.19121013276286,0.012707342936233695,BALANCE,NORMAL_VOL,bearish,0.13784021071115055,other,edge,other,5.37484510670201,0.7161213831769877,plus,plus,1,1
2023-11-14 16:00:00+00:00,bearish,0.6567,0.6585,27.49350847716548,0.011235030531854717,BALANCE,NORMAL_VOL,bearish,0.12951541850220216,other,edge,other,6.025795818538273,0.06230512663186111,plus,plus,0,0
2023-11-14 19:00:00+00:00,bearish,0.626,0.6482,356.68380462724934,0.014839854984870561,BALANCE,NORMAL_VOL,bearish,0.3868852459016391,other,middle,other,0.1145563754991607,1.6442209189292096,minus,minus,0,1
2023-11-15 19:00:00+00:00,bullish,0.638,0.6387,10.829207920792605,0.00723627140503907,BALANCE,NORMAL_VOL,neutral,1.0,other,edge,other,1.0088068276317725,5.99756387934508,plus,plus,1,1
2023-11-16 09:00:00+00:00,bearish,0.6458,0.6486,43.43779087806258,0.006381721165794905,BALANCE,NORMAL_VOL,neutral,0.5825688073394484,other,middle,other,6.5186176141586865,0.3604043392443632,plus,plus,0,0
2023-11-16 14:00:00+00:00,bearish,0.6326,0.6364,60.19325201964066,0.007927717053927483,BALANCE,NORMAL_VOL,bearish,0.49090909090909063,other,middle,other,5.209570386917316,0.23966546574196046,plus,plus,0,0
2023-11-17 01:00:00+00:00,bullish,0.6152,0.6165,20.866773675763707,0.008107523063354235,IMBALANCE,NORMAL_VOL,bearish,0.4008016032064127,trend_counter,other,other,0.17267912641875982,4.674670636622291,minus,minus,1,1
2023-11-17 15:00:00+00:00,bearish,0.5984,0.6059,127.1186440677958,0.008205193765310764,IMBALANCE,HIGH_VOL,bearish,0.0,trend_aligned,other,high_vol_regular,0.31687246814231246,3.19309948666492,minus,minus,1,1
2023-11-17 18:00:00+00:00,bullish,0.5965,0.6032,110.08872822872048,0.008472343550432856,BALANCE,NORMAL_VOL,bearish,0.5979643765903327,other,middle,other,0.8970363341335058,2.348818822270649,minus,minus,1,1
2023-11-18 04:00:00+00:00,bearish,0.6062,0.6087,41.45249544022646,0.006297760527055724,BALANCE,NORMAL_VOL,bearish,0.5247813411078722,other,middle,other,2.2865270818311245,1.826045933406815,plus,plus,1,1
2023-11-19 01:00:00+00:00,bearish,0.6058,0.6097,64.45215666831952,0.005001843135041134,BALANCE,NORMAL_VOL,bearish,0.6332046332046313,other,middle,other,0.4998157544137751,4.7382533518427,minus,minus,1,1
2023-11-19 13:00:00+00:00,bullish,0.6119,0.6146,43.70346390417668,0.005224785360464646,BALANCE,NORMAL_VOL,neutral,0.6680161943319851,other,middle,other,2.1053496442620885,0.3827908444112888,plus,plus,0,1
2023-11-20 06:00:00+00:00,bearish,0.6194,0.6219,40.41383769802873,0.004651327363741111,BALANCE,NORMAL_VOL,bullish,0.5188679245283024,other,middle,other,2.77340186815499,2.1929224073783575,minus,minus,1,1
2023-11-20 10:00:00+00:00,bullish,0.6235,0.6254,30.317536301259004,0.0047869210963090965,BALANCE,NORMAL_VOL,bullish,0.8384615384615394,other,other,other,0.4386953446170594,4.386953446170617,minus,minus,1,1
2023-11-21 15:00:00+00:00,bearish,0.6062,0.6118,92.6538716082073,0.006217057675453891,BALANCE,NORMAL_VOL,bearish,0.0942408376963363,other,edge,other,5.211468461668188,0.337780363256269,plus,plus,0,1
2023-11-21 18:00:00+00:00,bearish,0.5926,0.6003,130.0895421523894,0.007689459079071509,BALANCE,NORMAL_VOL,bearish,0.2179104477611934,other,other,other,2.587958372021524,1.7296405199942795,minus,minus,1,1
2023-11-21 23:00:00+00:00,bearish,0.5842,0.5951,188.38575872796247,0.008658899063347303,IMBALANCE,NORMAL_VOL,bearish,0.14410480349345067,trend_aligned,other,other,0.15013455988912083,4.365451049083768,minus,minus,1,1
2023-11-22 01:00:00+00:00,bullish,0.5842,0.586,30.643513789579714,0.008354867049518848,IMBALANCE,NORMAL_VOL,bearish,0.33624454148471744,trend_counter,other,other,3.4710306972113947,0.023938142739386364,plus,plus,0,0
2023-11-22 18:00:00+00:00,bullish,0.5958,0.5986,46.31927212572415,0.005728358247507654,BALANCE,NORMAL_VOL,neutral,1.0,other,edge,other,3.316831660845707,0.05237102622389315,plus,plus,0,0
2023-11-22 19:00:00+00:00,bullish,0.5989,0.6042,86.98506482849125,0.005983475515542827,BALANCE,NORMAL_VOL,neutral,1.0,other,edge,other,2.456766132294676,0.5348062328804688,plus,plus,0,0
2023-11-23 08:00:00+00:00,bullish,0.6095,0.6114,30.954708374063422,0.004813550905635928,BALANCE,NORMAL_VOL,bullish,0.895161290322583,other,edge,other,2.3890886843089625,0.9140861053008157,plus,plus,1,1
2023-11-26 11:00:00+00:00,bullish,0.6215,0.6282,106.34920634920522,0.0034753718926586815,BALANCE,NORMAL_VOL,bullish,0.6767676767676776,other,middle,other,2.2443641258872526,9.207647695947678,plus,plus,1,1
2023-11-26 14:00:00+00:00,bearish,0.6289,0.6295,9.616925789388265,0.004545806140004061,BALANCE,NORMAL_VOL,bullish,0.27604166666666524,other,other,other,5.9395405717798395,0.5719557587639699,plus,plus,0,0
2023-11-26 15:00:00+00:00,bearish,0.6265,0.627,8.034709946971814,0.004628248558575194,BALANCE,NORMAL_VOL,bullish,0.23645320197043937,other,other,other,5.488037143756896,0.23767089992647777,plus,plus,0,0
2023-11-26 17:00:00+00:00,bearish,0.617,0.6208,61.69832765059304,0.005625377583669427,BALANCE,NORMAL_VOL,neutral,0.33231707317073184,other,middle,other,3.3775510563339535,0.7288399647878512,plus,plus,0,0
2023-11-28 06:00:00+00:00,bearish,0.5998,0.6022,40.04004004003933,0.004326746946892504,BALANCE,NORMAL_VOL,bearish,0.4025974025974066,other,middle,other,0.531577193727947,3.3974716294784852,minus,minus,1,1
2023-11-29 11:00:00+00:00,bearish,0.6121,0.6125,6.544502617802143,0.003941486935745847,BALANCE,NORMAL_VOL,bullish,0.47540983606556736,other,middle,other,3.5265878655943372,0.40593817157921847,plus,plus,1,1
2023-11-29 15:00:00+00:00,bearish,0.6087,0.6095,13.160059220266868,0.004025023645664229,BALANCE,NORMAL_VOL,neutral,0.11818181818181515,other,edge,other,2.633524901504195,0.521736065392341,plus,plus,1,1
2023-12-01 02:00:00+00:00,bullish,0.6067,0.6083,26.195153896528076,0.003235749713571723,BALANCE,NORMAL_VOL,neutral,1.0,other,edge,other,1.2052848165734893,1.6070464220979743,plus,plus,1,1
2023-12-02 19:00:00+00:00,bullish,0.6141,0.6172,50.04843396835634,0.002611083737730433,BALANCE,NORMAL_VOL,bullish,1.0,other,edge,other,5.89793417096069,0.8808602982603462,plus,plus,0,1
2023-12-03 11:00:00+00:00,bullish,0.6214,0.6267,84.3009384444104,0.00355991845527661,IMBALANCE,NORMAL_VOL,bullish,0.7264573991031391,trend_aligned,other,other,4.634937627726613,19.607190691837502,minus,minus,1,1
2023-12-04 06:00:00+00:00,bullish,0.6308,0.6312,6.331117442227856,0.004180390859591253,BALANCE,NORMAL_VOL,bullish,0.8275862068965524,other,other,other,3.205441895284926,17.43856075867701,plus,plus,1,1
2023-12-04 12:00:00+00:00,bearish,0.6242,0.6351,174.87566180009662,0.010243928672974372,BALANCE,NORMAL_VOL,neutral,0.7462340672074158,other,other,other,1.6302339203178984,0.7614266214658505,plus,plus,0,1
2023-12-05 08:00:00+00:00,bearish,0.6137,0.616,37.56942175759505,0.0066233939647712455,BALANCE,NORMAL_VOL,bearish,0.22857142857142637,other,other,other,0.6341159868096474,4.52939990578322,minus,minus,1,1
2023-12-05 18:00:00+00:00,bullish,0.6176,0.6207,49.775208734746165,0.0060131147828467865,BALANCE,NORMAL_VOL,neutral,0.661224489795919,other,middle,other,3.226281336810843,2.0954198373101476,minus,minus,1,1
2023-12-06 06:00:00+00:00,bearish,0.6196,0.6214,29.06507347004542,0.005875915243320261,BALANCE,NORMAL_VOL,neutral,0.5649999999999983,other,middle,other,1.4636017784253132,6.09266786832868,minus,minus,1,1
2023-12-06 08:00:00+00:00,bullish,0.6196,0.6278,129.80845337976865,0.006871069776128177,BALANCE,NORMAL_VOL,bullish,1.0,other,edge,other,3.4055832297464734,3.0562926420801744,minus,minus,1,1
2023-12-06 09:00:00+00:00,bullish,0.6295,0.6301,9.436929852155473,0.006858850506404738,BALANCE,NORMAL_VOL,bullish,0.8128654970760246,other,other,other,2.8138825860073498,3.6595053320613764,minus,minus,1,1
2023-12-06 12:00:00+00:00,bearish,0.6278,0.6292,22.39283429302554,0.0077900490388379,BALANCE,NORMAL_VOL,bullish,0.46875,other,middle,other,0.6033338142760987,3.8382300099692883,minus,minus,1,1
2023-12-07 05:00:00+00:00,bullish,0.6336,0.6415,121.33312855168035,0.007737045972463753,BALANCE,NORMAL_VOL,bullish,1.0,other,edge,other,0.5169931798565054,3.8386743604345566,minus,minus,1,1
2023-12-07 09:00:00+00:00,bearish,0.6412,0.643,28.453999367689278,0.009045183517793034,BALANCE,HIGH_VOL,bullish,0.3497109826589599,other,middle,high_vol_regular,0.3980018750220365,2.0895098438656547,minus,minus,1,1
2023-12-07 10:00:00+00:00,bearish,0.6339,0.6379,63.47191367819745,0.008749098980807819,BALANCE,NORMAL_VOL,bullish,0.28034682080924683,other,other,other,0.06857849034696084,2.4345364073173763,minus,minus,1,1
2023-12-07 17:00:00+00:00,bullish,0.6389,0.6395,9.328358208954196,0.008057102946999116,BALANCE,NORMAL_VOL,bullish,0.6468842729970327,other,middle,other,3.711011289875147,0.6702160857968436,plus,plus,1,1
2023-12-08 16:00:00+00:00,bullish,0.6554,0.6599,67.30481603350374,0.0064410915412278945,IMBALANCE,NORMAL_VOL,bullish,1.0,trend_aligned,other,other,5.107829905756652,0.993620407198855,plus,plus,0,1
2023-12-08 17:00:00+00:00,bullish,0.6611,0.6622,16.494227020542656,0.0067595850025687606,IMBALANCE,NORMAL_VOL,bullish,0.9122257053291561,trend_aligned,other,other,5.118657430426773,0.5917523040955819,plus,plus,0,1
2023-12-08 20:00:00+00:00,bullish,0.6675,0.6696,31.217481789802154,0.006480250820205383,IMBALANCE,NORMAL_VOL,bullish,0.9886685552407913,trend_aligned,other,other,4.444272420783748,1.4196981344170263,plus,plus,1,1
2023-12-09 05:00:00+00:00,bullish,0.6773,0.6851,113.58671909130666,0.007467132944388129,IMBALANCE,NORMAL_VOL,bullish,0.9461206896551712,trend_aligned,other,other,1.3124180422373692,4.7407753770615,both,both,1,1
2023-12-09 15:00:00+00:00,bearish,0.6826,0.6844,26.439482961222442,0.009008241779292806,BALANCE,NORMAL_VOL,bullish,0.46373056994818473,other,middle,other,3.7965233214116605,0.11100945384244629,plus,plus,0,0
2023-12-10 00:00:00+00:00,bearish,0.6695,0.6713,26.925953627524663,0.009166126510013096,BALANCE,NORMAL_VOL,bullish,0.34262948207171284,other,middle,other,2.389231697388905,0.3709309484530791,plus,plus,1,1
2023-12-10 10:00:00+00:00,bearish,0.6561,0.6591,45.82251412860857,0.008398318312727944,BALANCE,NORMAL_VOL,neutral,0.17419354838709633,other,other,other,8.299280570774176,1.8575147332005402,minus,minus,1,1
2023-12-11 03:00:00+00:00,bearish,0.6303,0.6474,272.5099601593626,0.011164680482977323,BALANCE,NORMAL_VOL,bearish,0.498241500586166,other,middle,other,2.3198156041715117,0.23287724211760838,plus,plus,0,0
2023-12-11 18:00:00+00:00,bearish,0.6143,0.6165,35.982989859340705,0.008685774356977571,IMBALANCE,NORMAL_VOL,bearish,0.3267326732673279,trend_aligned,other,other,0.782889322301743,1.7615009751789121,minus,minus,1,1
2023-12-13 02:00:00+00:00,bearish,0.6131,0.6165,55.682934818212736,0.006397166781164256,BALANCE,NORMAL_VOL,bearish,0.18686868686868835,other,other,other,2.766849857989591,3.814188504799196,plus,plus,1,1
2023-12-13 20:00:00+00:00,bullish,0.617,0.6228,92.75547737086242,0.0058528100477205705,BALANCE,NORMAL_VOL,neutral,0.9501466275659814,other,edge,other,1.6573235626838418,4.322709910917629,plus,plus,1,1
2023-12-14 14:00:00+00:00,bearish,0.625,0.6307,91.62514065262882,0.006976186984166002,BALANCE,NORMAL_VOL,neutral,0.6314285714285711,other,middle,other,0.6450515174283162,3.2682610216368455,minus,minus,1,1
2023-12-15 02:00:00+00:00,bullish,0.6339,0.6355,25.06265664160299,0.006154574084789186,BALANCE,NORMAL_VOL,bullish,0.8552338530066803,other,edge,other,0.0974884682082102,4.598206083820235,minus,minus,1,1
2023-12-15 23:00:00+00:00,bearish,0.6207,0.6232,40.59759662227909,0.004917750376923745,BALANCE,NORMAL_VOL,bearish,0.01694915254237567,other,edge,other,1.1590665574948564,2.1351226059115542,plus,plus,1,1
2023-12-18 02:00:00+00:00,bearish,0.6063,0.6104,68.02721088435545,0.004335025241111014,BALANCE,NORMAL_VOL,bearish,0.0,other,edge,other,5.559367860525645,3.298712050021435,minus,minus,1,1
2023-12-18 14:00:00+00:00,bullish,0.5902,0.5944,70.0466977985339,0.005990481260117357,IMBALANCE,NORMAL_VOL,bearish,0.49763033175355476,trend_counter,other,other,2.904608034723924,0.784578032367964,plus,plus,0,0
2023-12-20 14:00:00+00:00,bullish,0.6141,0.6182,66.08639587362981,0.004706856171510377,BALANCE,NORMAL_VOL,bullish,0.8048780487804857,other,other,other,1.3809642281706442,2.7619284563412414,plus,plus,1,1
2023-12-20 21:00:00+00:00,bearish,0.6191,0.6203,19.493177387913885,0.005633673900021141,BALANCE,NORMAL_VOL,bullish,0.5620155038759707,other,middle,other,0.9585219336141922,1.7572902116259799,minus,minus,1,1
2023-12-21 11:00:00+00:00,bullish,0.6169,0.6182,21.00161550888478,0.0043750288210685755,BALANCE,NORMAL_VOL,bullish,0.5948717948717932,other,middle,other,3.1999789195858583,2.0114153208825445,minus,minus,1,1
2023-12-21 15:00:00+00:00,bearish,0.6165,0.6174,14.608018178865459,0.004527064196130254,BALANCE,NORMAL_VOL,bullish,0.44615384615384346,other,middle,other,0.5301449009827348,3.733103677753496,minus,minus,1,1
2023-12-22 03:00:00+00:00,bearish,0.6212,0.623,28.990175551619,0.0040900560720765365,BALANCE,NORMAL_VOL,bullish,0.5977653631284932,other,middle,other,2.1515597451289312,2.95839464955227,plus,plus,1,1
2023-12-23 02:00:00+00:00,bearish,0.618,0.6223,69.82786619032105,0.004504638769115165,BALANCE,NORMAL_VOL,neutral,0.017142857142855294,other,edge,other,1.1543655921208096,1.6427510349411494,plus,plus,1,1
2023-12-24 06:00:00+00:00,bearish,0.6158,0.6206,78.08687164470516,0.003553272984533539,BALANCE,NORMAL_VOL,neutral,0.3208955223880583,other,middle,other,4.137030862527386,4.3903184663555646,minus,minus,1,1
2023-12-24 23:00:00+00:00,bearish,0.6153,0.616,11.421112742699199,0.0052742654052278515,BALANCE,NORMAL_VOL,bearish,0.42574257425742656,other,middle,other,0.7773594396550604,6.996234956895564,minus,minus,1,1
2023-12-25 04:00:00+00:00,bullish,0.6136,0.6159,37.28319014426923,0.004811057195482657,BALANCE,NORMAL_VOL,bearish,0.5577557755775587,other,middle,other,6.838413817007103,0.24942542797593825,plus,plus,0,1
2023-12-25 09:00:00+00:00,bullish,0.6176,0.6252,118.34319526627127,0.005966909731217556,BALANCE,NORMAL_VOL,bullish,1.0,other,edge,other,1.2736911303079592,4.659028081915933,minus,minus,1,1
2023-12-25 10:00:00+00:00,bullish,0.6296,0.6351,86.20689655172335,0.006290701893273442,BALANCE,NORMAL_VOL,bullish,0.8315098468271329,other,other,other,1.8757843242607959,3.7515686485215918,plus,plus,1,1
2023-12-26 01:00:00+00:00,bearish,0.6393,0.643,58.06654111738916,0.006440256169529456,IMBALANCE,NORMAL_VOL,bullish,0.6304985337243387,trend_counter,other,other,6.832026373139565,0.3571286513231994,plus,plus,0,1
2023-12-26 06:00:00+00:00,bearish,0.626,0.6358,157.73378400128814,0.006871611594040236,BALANCE,NORMAL_VOL,neutral,0.04362416107382435,other,edge,other,4.089288169950002,1.5862363363863021,plus,plus,0,1
2023-12-28 01:00:00+00:00,bullish,0.6362,0.6388,40.511062636336035,0.006196297452633301,BALANCE,NORMAL_VOL,bullish,0.9416342412451382,other,edge,other,2.808128585338543,3.340704696351039,plus,plus,1,1
2023-12-28 07:00:00+00:00,bearish,0.6392,0.6442,78.43137254901968,0.008003480787003013,BALANCE,NORMAL_VOL,bullish,0.3384146341463409,other,middle,other,2.0491084362484138,1.7117552180855742,minus,minus,1,1
2023-12-28 13:00:00+00:00,bearish,0.641,0.6425,23.48152786474555,0.008626865253587107,BALANCE,NORMAL_VOL,bullish,0.2765957446808521,other,other,other,2.0517302032323124,0.09273356850766466,plus,plus,0,0
2023-12-29 01:00:00+00:00,bearish,0.631,0.6323,20.697341187708453,0.007498843840105814,BALANCE,NORMAL_VOL,neutral,0.10423452768729596,other,edge,other,2.2536807487061306,1.1868496250582588,minus,minus,1,1
2023-12-29 16:00:00+00:00,bearish,0.6268,0.6335,108.08194870140231,0.006636325387388622,BALANCE,NORMAL_VOL,bearish,0.0,other,edge,other,1.3109664599227058,1.5972694799058094,plus,plus,0,0
2023-12-31 23:00:00+00:00,bearish,0.616,0.6185,40.60419035244531,0.004016716550206944,BALANCE,NORMAL_VOL,bearish,0.4385245901639366,other,middle,other,1.742716946168223,3.9833530198130815,plus,plus,1,1
2024-01-02 10:00:00+00:00,bullish,0.6344,0.6349,7.844367743960715,0.003892062097831692,IMBALANCE,NORMAL_VOL,bullish,0.8149779735682823,trend_aligned,other,other,0.6937196612315701,4.033851363457579,minus,minus,1,1
2024-01-02 15:00:00+00:00,bearish,0.6288,0.6294,9.58160332162143,0.004840345005968915,BALANCE,NORMAL_VOL,neutral,0.16304347826086996,other,other,other,29.956542316961272,2.8716961255569826,minus,minus,1,1
2024-01-03 05:00:00+00:00,bullish,0.6274,0.6325,80.11310084825625,0.0049243249509353495,BALANCE,NORMAL_VOL,bullish,0.7487437185929692,other,other,other,0.4670690953413007,31.557624963495275,minus,minus,1,1
2024-01-03 12:00:00+00:00,bearish,0.6192,0.6328,241.99288256227857,0.015648882544472588,BALANCE,HIGH_VOL,bearish,0.0,other,edge,high_vol_regular,1.194973503498188,1.789265138927758,plus,plus,0,0
2024-01-03 13:00:00+00:00,bearish,0.569,0.6102,725.4798379996482,0.016366819505581685,BALANCE,NORMAL_VOL,bearish,0.5456261799874131,other,middle,other,1.0631265282827818,1.3502928893706623,plus,plus,0,0
2024-01-03 16:00:00+00:00,bullish,0.5701,0.571,15.649452269168856,0.016001130631837824,BALANCE,NORMAL_VOL,bearish,0.5909376966645685,other,middle,other,0.9311841983436562,0.7374478886211444,none,plus,1,1
2024-01-03 21:00:00+00:00,bullish,0.5794,0.5837,72.90606985418735,0.0143392539114784,IMBALANCE,NORMAL_VOL,bearish,0.6834487098804278,trend_counter,other,other,0.14645113427547066,1.4296420250700743,minus,minus,1,1
2024-01-03 23:00:00+00:00,bearish,0.5832,0.5837,8.588114050153639,0.013372621995101277,IMBALANCE,NORMAL_VOL,bearish,0.6356198867212086,trend_aligned,other,other,0.9646574923545743,0.86744394661341,none,plus,1,1
2024-01-04 08:00:00+00:00,bearish,0.5773,0.5787,24.394493814252602,0.00969499916567332,BALANCE,NORMAL_VOL,bearish,0.6717391304347825,other,middle,other,2.6817949703448174,2.0526046119177743,minus,minus,1,1
2024-01-04 15:00:00+00:00,bullish,0.5812,0.582,13.661202185790845,0.008115503855770107,BALANCE,NORMAL_VOL,bearish,0.7874396135265714,other,other,other,1.0104116941759322,4.645429374443009,plus,plus,1,1
2024-01-05 02:00:00+00:00,bearish,0.5766,0.5833,116.66376458297125,0.008593820108365962,BALANCE,NORMAL_VOL,bearish,0.5751633986928107,other,middle,other,2.804340758371123,0.5701771666397735,plus,plus,0,0
2024-01-05 11:00:00+00:00,bearish,0.5725,0.574,26.352775825719355,0.0070361381675017485,IMBALANCE,NORMAL_VOL,bearish,0.46405228758169964,trend_aligned,other,other,2.7003449261068386,0.9806515784282588,plus,plus,1,1
2024-01-05 15:00:00+00:00,bearish,0.5657,0.5674,30.173943911963697,0.007169235271814275,IMBALANCE,NORMAL_VOL,bearish,0.3376906318082784,trend_aligned,other,other,1.8412005603855077,1.7714581149163517,plus,plus,1,1
2024-01-07 23:00:00+00:00,bearish,0.5553,0.5626,132.4623480312098,0.00513039606657481,BALANCE,NORMAL_VOL,bearish,0.12301587301587269,other,edge,other,1.5203504561408099,5.964451789475455,minus,minus,1,1
2024-01-08 01:00:00+00:00,bullish,0.5553,0.5613,104.87676979549039,0.007889984363526236,BALANCE,HIGH_VOL,neutral,0.7369863013698644,other,other,high_vol_regular,1.191383856659364,3.650197348062752,minus,minus,1,1
2024-01-08 11:00:00+00:00,bullish,0.5541,0.5565,42.681842432864265,0.008321209782002393,BALANCE,NORMAL_VOL,bearish,0.49479166666666724,other,middle,other,2.307356803036849,0.16824476688811177,plus,plus,0,1
2024-01-08 19:00:00+00:00,bullish,0.5702,0.5766,110.24978466838866,0.007126268375488661,BALANCE,NORMAL_VOL,neutral,0.9687500000000006,other,edge,other,0.08419553802712221,4.967536743600755,minus,minus,1,1
2024-01-09 01:00:00+00:00,bearish,0.5737,0.5759,38.40111712340688,0.006712670359929748,BALANCE,NORMAL_VOL,bullish,0.7234726688102878,other,other,other,4.1414218946230035,0.9534208678268915,plus,plus,1,1
2024-01-09 13:00:00+00:00,bearish,0.5647,0.566,23.061912364732443,0.0068574319262310265,BALANCE,NORMAL_VOL,neutral,0.5109890109890097,other,middle,other,2.435314003791879,2.2749040993505147,plus,plus,1,1
2024-01-09 19:00:00+00:00,bullish,0.5611,0.5644,57.64192139737938,0.007822532123947514,BALANCE,NORMAL_VOL,neutral,0.7762039660056652,other,other,other,1.393410704780783,3.2598140341201702,minus,minus,1,1
2024-01-10 16:00:00+00:00,bullish,0.5581,0.5629,85.13657325292507,0.009320407691718822,BALANCE,NORMAL_VOL,bearish,0.4615384615384597,other,middle,other,6.523319795766106,0.28968689882513116,plus,plus,0,1
2024-01-10 22:00:00+00:00,bullish,0.5809,0.5936,208.91594012173127,0.0113935317169687,BALANCE,HIGH_VOL,bullish,1.0,other,edge,high_vol_regular,1.4657439339136853,1.9484739720289652,minus,minus,0,1
2024-01-11 06:00:00+00:00,bearish,0.5969,0.6014,76.33587786259643,0.010219281153226834,BALANCE,NORMAL_VOL,bullish,0.6250000000000002,other,middle,other,0.009785424092027553,3.4346838563020516,minus,minus,1,1
2024-01-11 11:00:00+00:00,bullish,0.602,0.6045,40.84967320261532,0.009624828674854686,IMBALANCE,NORMAL_VOL,bullish,0.9517684887459807,trend_aligned,other,other,1.3091142113436411,2.410432516124789,plus,plus,1,1
2024-01-11 16:00:00+00:00,bearish,0.6035,0.6067,53.209178583305295,0.011185783849684702,BALANCE,NORMAL_VOL,bullish,0.6346456692913386,other,middle,other,2.494237361898108,0.5363951315909907,plus,plus,1,1
2024-01-12 16:00:00+00:00,bearish,0.5919,0.5954,60.26170798898172,0.008008974184812794,BALANCE,HIGH_VOL,neutral,0.0,other,edge,high_vol_regular,3.8456860128735544,0.4494957677384742,plus,plus,0,0
2024-01-15 15:00:00+00:00,bearish,0.5737,0.5772,61.392738116120995,0.005091428547704909,BALANCE,NORMAL_VOL,bearish,0.016806722689078412,other,edge,other,0.8838383879566668,2.3176206617529913,minus,minus,1,1
2024-01-17 19:00:00+00:00,bullish,0.5683,0.5688,8.756567425568214,0.0035911143286772975,BALANCE,NORMAL_VOL,bearish,0.5483870967741911,other,middle,other,0.5847767037741701,8.18687385283798,minus,minus,1,1
2024-01-18 17:00:00+00:00,bearish,0.5581,0.5617,65.05240332489947,0.0041027075381136575,IMBALANCE,NORMAL_VOL,bearish,0.07142857142857408,trend_aligned,other,other,7.775353154874651,0.1949931825673947,plus,plus,0,0
2024-01-19 15:00:00+00:00,bearish,0.5451,0.5489,70.51401002041241,0.004194477655589157,BALANCE,NORMAL_VOL,bearish,0.0,other,edge,other,4.148311524991561,3.313881045826555,plus,plus,1,1
2024-01-19 16:00:00+00:00,bearish,0.5399,0.5433,64.58966565349466,0.005209157823047081,IMBALANCE,NORMAL_VOL,bearish,0.0,trend_aligned,other,other,0.2687574551505969,5.067997725697122,minus,minus,1,1
2024-01-19 17:00:00+00:00,bearish,0.5365,0.5371,11.185682326622763,0.005658503692829429,IMBALANCE,NORMAL_VOL,bearish,0.45987654320987753,trend_aligned,other,other,0.5301754956529698,2.8982927095695605,minus,minus,1,1
2024-01-19 19:00:00+00:00,bullish,0.5365,0.5406,75.11909124221314,0.006024934306572316,BALANCE,NORMAL_VOL,bearish,0.75,other,other,other,1.1618383942151929,1.1286430115233155,minus,minus,0,1
2024-01-22 02:00:00+00:00,bearish,0.544,0.5456,29.54209748892051,0.003275271427438467,BALANCE,NORMAL_VOL,bearish,0.09459459459459145,other,edge,other,7.510827894724801,0.42744548994370934,plus,plus,0,0
2024-01-22 10:00:00+00:00,bearish,0.5321,0.534,35.87613293051384,0.00415230659636704,IMBALANCE,NORMAL_VOL,bearish,0.026819923371644544,trend_aligned,other,other,6.984070016740278,1.4690630035212338,minus,minus,1,1
2024-01-22 15:00:00+00:00,bearish,0.5299,0.5305,11.348590883297408,0.004476687862730015,IMBALANCE,NORMAL_VOL,bearish,0.1348314606741552,trend_aligned,other,other,7.349183371461719,1.5636560364812215,minus,minus,1,1
2024-01-22 18:00:00+00:00,bullish,0.5304,0.5308,7.4948472924876715,0.004616028875516695,IMBALANCE,NORMAL_VOL,bearish,0.3943661971830984,trend_counter,other,other,0.34661828232626685,8.210520562603197,minus,minus,1,1
2024-01-23 03:00:00+00:00,bullish,0.5285,0.5291,11.320754716981979,0.005202527769391961,BALANCE,NORMAL_VOL,bearish,0.54621848739496,other,middle,other,0.345985659238566,6.573727525532669,minus,minus,1,1
2024-01-23 09:00:00+00:00,bearish,0.5148,0.5205,112.44821463799423,0.00614531524386776,IMBALANCE,NORMAL_VOL,bearish,0.0,trend_aligned,other,other,1.8062539608649664,2.001524659336851,plus,plus,0,0
2024-01-23 16:00:00+00:00,bullish,0.5044,0.5063,37.23300019596341,0.0062231909931596205,IMBALANCE,NORMAL_VOL,bearish,0.3950953678474108,trend_counter,other,other,1.4462034043134122,0.6909638487275138,plus,plus,0,1
2024-01-23 23:00:00+00:00,bullish,0.5103,0.5146,83.01158301158243,0.0056811150612024386,BALANCE,NORMAL_VOL,bearish,0.616666666666666,other,middle,other,0.22882831732769304,1.2321524779183788,minus,minus,0,1
2024-01-25 06:00:00+00:00,bearish,0.5118,0.5145,52.82723537468058,0.0033312044938501547,BALANCE,NORMAL_VOL,bearish,0.13684210526315518,other,edge,other,2.251437884959013,1.350862730975401,minus,minus,1,1
2024-01-25 13:00:00+00:00,bearish,0.5096,0.5119,45.25777253049919,0.0034937545128262875,IMBALANCE,NORMAL_VOL,bearish,0.12698412698412237,trend_aligned,other,other,1.3166351508419945,4.207507982038617,plus,plus,1,1
2024-01-25 19:00:00+00:00,bullish,0.5085,0.5111,50.61319836480527,0.0036408099418477444,BALANCE,NORMAL_VOL,bearish,0.6474358974358995,other,middle,other,6.317275652221275,1.4557200415988438,minus,minus,1,1
2024-01-26 11:00:00+00:00,bullish,0.5158,0.5176,34.55557688615689,0.0033214042731466386,BALANCE,NORMAL_VOL,neutral,1.0,other,edge,other,4.757024047852895,1.2946331269473375,minus,minus,0,0
2024-01-26 19:00:00+00:00,bullish,0.5258,0.5305,88.31266441187384,0.003939200346235924,BALANCE,NORMAL_VOL,bullish,0.840989399293288,other,other,other,0.6600324358938633,1.5739235009776416,minus,minus,0,1
2024-01-28 19:00:00+00:00,bearish,0.527,0.5284,26.732862325758195,0.0026578070372068304,BALANCE,NORMAL_VOL,neutral,0.0,other,edge,other,1.8812501923595835,5.4556255578427715,plus,plus,1,1
2024-01-29 04:00:00+00:00,bullish,0.5268,0.5273,9.466111321468098,0.003023452028916076,BALANCE,NORMAL_VOL,neutral,0.6031746031746046,other,middle,other,3.869748846054805,3.1421037638906264,minus,minus,1,1
2024-01-29 10:00:00+00:00,bullish,0.5251,0.5265,26.545316647704908,0.0032529500442311987,BALANCE,NORMAL_VOL,neutral,0.6415094339622636,other,middle,other,3.8426658356366836,2.6744954216030963,minus,minus,1,1
2024-01-29 16:00:00+00:00,bullish,0.5239,0.5252,24.472891566264455,0.0038733155469401473,BALANCE,NORMAL_VOL,neutral,1.0,other,edge,other,2.246137680900512,2.220320006407406,plus,plus,1,1
2024-01-29 17:00:00+00:00,bullish,0.5275,0.5297,41.22938530734595,0.004203793007872998,BALANCE,NORMAL_VOL,neutral,1.0,other,edge,other,1.498646576603853,2.6166844988320923,plus,plus,1,1
2024-01-30 13:00:00+00:00,bearish,0.53,0.5328,53.22182094658857,0.0038046570157138104,BALANCE,NORMAL_VOL,neutral,0.0,other,edge,other,6.544610958927246,0.7885073444490653,plus,plus,0,0
2024-01-30 14:00:00+00:00,bearish,0.5268,0.5285,32.387121356447395,0.003761467228877116,BALANCE,NORMAL_VOL,neutral,0.1279069767441849,other,edge,other,10.873416545013907,1.1165855620796614,minus,minus,1,1
2024-01-30 20:00:00+00:00,bearish,0.5163,0.5211,93.69510052703546,0.004450397457897693,BALANCE,NORMAL_VOL,bearish,0.0,other,edge,other,6.358982600481829,0.4493980636382923,plus,plus,0,0
2024-01-31 10:00:00+00:00,bearish,0.5069,0.5086,33.871289101415314,0.00435713151685563,IMBALANCE,NORMAL_VOL,bearish,0.01090909090908972,trend_aligned,other,other,4.1082074136972,2.7082037699232977,minus,minus,1,1
2024-01-31 21:00:00+00:00,bearish,0.5074,0.508,11.911852293032458,0.005976828224749162,BALANCE,NORMAL_VOL,bearish,0.6501650165016519,other,middle,other,2.325648233028043,1.1377271931360053,plus,plus,1,1
2024-02-01 02:00:00+00:00,bearish,0.4982,0.4993,22.106109324759757,0.005806637639918989,IMBALANCE,NORMAL_VOL,bearish,0.44884488448844895,trend_aligned,other,other,1.3432902970175344,2.2215954912213087,plus,plus,1,1
2024-02-01 15:00:00+00:00,bullish,0.4961,0.4992,62.07448938726455,0.00426578708762286,IMBALANCE,NORMAL_VOL,bearish,0.40167364016736334,trend_counter,other,other,2.6020989261762466,0.4454043206968403,plus,plus,0,0
2024-02-01 18:00:00+00:00,bullish,0.5008,0.5038,59.42947702060227,0.004241630550840899,BALANCE,NORMAL_VOL,bearish,0.8823529411764706,other,edge,other,1.3438228369205585,1.579581229362791,plus,plus,1,1
2024-02-01 20:00:00+00:00,bullish,0.5063,0.5068,9.850275807723717,0.0042420181790413835,BALANCE,NORMAL_VOL,neutral,0.8599033816425163,other,edge,other,0.37717895880434554,2.239500067900908,minus,minus,1,1
2024-02-01 23:00:00+00:00,bearish,0.5061,0.5068,13.844936708861429,0.004017680007053175,BALANCE,NORMAL_VOL,bearish,0.7632850241545933,other,other,other,1.8667489662774426,2.0907588422307093,plus,plus,1,1
2024-02-02 14:00:00+00:00,bearish,0.5018,0.5029,22.00880352140836,0.003308928546939573,BALANCE,NORMAL_VOL,bearish,0.13709677419355157,other,edge,other,0.03022126304073095,8.159741020993733,minus,minus,1,1
2024-02-03 11:00:00+00:00,bullish,0.5097,0.5171,141.89837008628882,0.004148332904533884,BALANCE,NORMAL_VOL,bullish,0.8616600790513813,other,edge,other,1.157091320890353,3.157895063263238,plus,plus,1,1
2024-02-04 23:00:00+00:00,bearish,0.5042,0.5075,65.61940743686557,0.0035581096496225166,BALANCE,LOW_VOL,bearish,0.17187500000000086,other,other,other,1.8268127292506562,3.1477388565549704,plus,plus,1,1
2024-02-05 04:00:00+00:00,bullish,0.5031,0.5043,23.776500891618362,0.003595457075432284,BALANCE,NORMAL_VOL,bearish,0.4689265536723182,other,middle,other,2.6144102968799303,1.168140770946382,plus,plus,1,1
2024-02-05 18:00:00+00:00,bullish,0.5061,0.5069,15.754233950374614,0.0036872300608629277,BALANCE,NORMAL_VOL,bearish,0.6440677966101709,other,middle,other,0.5695332174387092,2.79342482838988,minus,minus,1,1
2024-02-06 19:00:00+00:00,bullish,0.5051,0.5068,33.35949764521261,0.003241827288824842,BALANCE,NORMAL_VOL,neutral,1.0,other,edge,other,0.4627020091942325,3.177220463133854,minus,minus,1,1
2024-02-06 20:00:00+00:00,bullish,0.5073,0.5088,29.44640753828145,0.003174553911051637,BALANCE,NORMAL_VOL,neutral,0.9596774193548343,other,edge,other,1.2915200418322026,3.1815493713427307,minus,minus,1,1
2024-02-07 00:00:00+00:00,bearish,0.5054,0.5068,27.827469687936155,0.0030814721536220847,BALANCE,NORMAL_VOL,bearish,0.4117647058823525,other,middle,other,1.2331768098352922,3.9915986213089965,minus,minus,1,1
2024-02-07 21:00:00+00:00,bullish,0.5098,0.512,42.893351530512376,0.0030788971750309525,BALANCE,NORMAL_VOL,bullish,0.9577464788732439,other,edge,other,2.1761038511890454,0.9418956967833327,plus,plus,0,0
2024-02-08 10:00:00+00:00,bullish,0.5137,0.5146,17.485914124730925,0.0033637264338361407,BALANCE,NORMAL_VOL,bullish,0.7803468208092532,other,other,other,2.5864172283707596,1.0405126780802165,plus,plus,1,1
2024-02-09 03:00:00+00:00,bullish,0.5162,0.5181,36.63003663003688,0.003133717071788929,BALANCE,NORMAL_VOL,bullish,0.8478260869565262,other,other,other,3.0634546068064914,1.1487954775524563,minus,minus,1,1
2024-02-09 09:00:00+00:00,bullish,0.5185,0.5192,13.394565633372254,0.003097934967780814,IMBALANCE,NORMAL_VOL,bullish,1.0,trend_aligned,other,other,1.83993533088372,1.6462579276327889,plus,plus,1,1
2024-02-09 15:00:00+00:00,bearish,0.5222,0.5225,5.750431282345542,0.00345400689815404,BALANCE,NORMAL_VOL,bullish,0.6277372262773739,other,middle,other,0.9843639865968901,1.9108242092762593,minus,minus,1,1
2024-02-10 11:00:00+00:00,bearish,0.5214,0.522,11.516314779271495,0.0028572494957490907,BALANCE,NORMAL_VOL,bullish,0.27000000000000335,other,other,other,0.6649751807907437,5.3198014463259105,minus,minus,1,1
2024-02-11 04:00:00+00:00,bullish,0.524,0.5264,45.540796963946065,0.0025766228277734745,BALANCE,NORMAL_VOL,bullish,0.9666666666666703,other,edge,other,3.5705652766997877,3.4929442924237137,plus,plus,1,1
2024-02-11 10:00:00+00:00,bullish,0.529,0.5303,24.376523532720192,0.0028248797209685277,IMBALANCE,NORMAL_VOL,bullish,0.8141025641025639,trend_aligned,other,other,0.3893971101972611,6.761349822516143,minus,minus,1,1
2024-02-11 14:00:00+00:00,bearish,0.5306,0.5312,11.312217194570984,0.002997766287759832,IMBALANCE,NORMAL_VOL,bullish,0.618421052631577,trend_counter,other,other,5.404023677945192,0.10007451255452962,plus,plus,0,1
2024-02-11 21:00:00+00:00,bearish,0.5257,0.5277,38.10249571346927,0.003085235902693498,BALANCE,NORMAL_VOL,neutral,0.20422535211267714,other,other,other,3.4681302621490437,4.310853503418881,minus,minus,1,1
2024-02-12 03:00:00+00:00,bearish,0.5241,0.5268,51.625239005736816,0.003412069976455921,BALANCE,NORMAL_VOL,neutral,0.2747252747252751,other,other,other,2.579079579469965,4.454773819084467,plus,plus,1,1
2024-02-12 15:00:00+00:00,bullish,0.5192,0.5219,51.15574081091389,0.0036982046828121567,BALANCE,NORMAL_VOL,neutral,0.8717948717948721,other,edge,other,2.8121753369507085,3.9478615307192926,plus,plus,1,1
2024-02-12 16:00:00+00:00,bullish,0.5234,0.5244,18.950161076369167,0.0037126186340398605,BALANCE,NORMAL_VOL,neutral,0.8881578947368397,other,edge,other,2.8281924525532434,3.905599101144919,plus,plus,1,1
2024-02-12 18:00:00+00:00,bullish,0.5283,0.5315,59.77956286194621,0.004244043618126214,BALANCE,NORMAL_VOL,bullish,0.9768518518518493,other,edge,other,0.3298740837677984,5.207298036620409,minus,minus,1,1
2024-02-13 14:00:00+00:00,bearish,0.5241,0.5271,57.926240586985955,0.004262263694312671,BALANCE,NORMAL_VOL,neutral,0.03333333333333492,other,edge,other,0.39884909098149435,4.833112514246233,minus,minus,1,1
2024-02-13 18:00:00+00:00,bullish,0.5217,0.524,43.742868010649836,0.004099779086142864,BALANCE,NORMAL_VOL,bearish,0.6000000000000021,other,middle,other,3.097727885613537,1.4391019311118123,minus,minus,1,1
2024-02-14 09:00:00+00:00,bullish,0.5253,0.5288,65.78947368421161,0.003497983892775375,BALANCE,NORMAL_VOL,neutral,1.0,other,edge,other,7.890259316803637,1.8582132448994277,minus,minus,0,0
2024-02-14 19:00:00+00:00,bullish,0.5353,0.5373,37.1195248700817,0.004052260993476356,BALANCE,NORMAL_VOL,bullish,1.0,other,edge,other,5.132936904480115,0.39484130034460735,plus,plus,0,0
2024-02-15 04:00:00+00:00,bullish,0.5468,0.5515,84.85286152735219,0.00522761638768438,IMBALANCE,NORMAL_VOL,bullish,0.8380681818181808,trend_aligned,other,other,4.935327707056253,2.2955012590959085,minus,minus,1,1
2024-02-15 06:00:00+00:00,bearish,0.5488,0.5515,49.42339373970411,0.005755954946523767,BALANCE,NORMAL_VOL,bullish,0.6099706744868044,other,middle,other,0.6949324720506631,5.802686141623028,minus,minus,1,1
2024-02-15 10:00:00+00:00,bullish,0.5503,0.5516,23.491145645102417,0.005462133726251184,IMBALANCE,NORMAL_VOL,bullish,0.7940199335548179,trend_aligned,other,other,4.814968164107988,2.0321728753459576,minus,minus,1,1
2024-02-15 19:00:00+00:00,bullish,0.5495,0.5513,32.47338986108648,0.005821958326459244,BALANCE,NORMAL_VOL,bullish,0.7633928571428582,other,other,other,4.36279316610079,0.5839959356198032,plus,plus,0,1
2024-02-15 21:00:00+00:00,bullish,0.5553,0.5589,63.82978723404144,0.007042913046793941,IMBALANCE,NORMAL_VOL,bullish,1.0,trend_aligned,other,other,2.2291912303456547,1.7038404308374235,plus,plus,1,1
2024-02-16 03:00:00+00:00,bullish,0.5667,0.5716,84.58484377697248,0.007029029422328608,IMBALANCE,NORMAL_VOL,bullish,1.0,trend_aligned,other,other,0.0,3.883893260323831,minus,minus,1,1
2024-02-16 11:00:00+00:00,bullish,0.5669,0.5692,40.22385449457992,0.006310984744493404,IMBALANCE,NORMAL_VOL,bullish,0.7887700534759353,trend_aligned,other,other,0.3485985292421394,3.3275314154931825,minus,minus,1,1
2024-02-16 15:00:00+00:00,bearish,0.5607,0.5672,115.94719942918411,0.0068854731176456645,BALANCE,NORMAL_VOL,bullish,0.33680555555555647,other,middle,other,3.122516003279585,1.2490064013118436,minus,minus,1,1
2024-02-17 09:00:00+00:00,bearish,0.5577,0.5603,46.89754689754774,0.004489972870465474,BALANCE,NORMAL_VOL,neutral,0.11009174311926447,other,edge,other,3.40759297247465,1.1358643241582165,plus,plus,0,1
2024-02-17 14:00:00+00:00,bearish,0.5497,0.553,60.8294930875591,0.004927948356699844,BALANCE,NORMAL_VOL,bearish,0.0,other,edge,other,0.30438630671942923,3.449711476153659,minus,minus,1,1
2024-02-20 03:00:00+00:00,bullish,0.5615,0.5639,42.260961436871945,0.005105025146998288,BALANCE,NORMAL_VOL,bullish,0.9580419580419548,other,edge,other,1.5866719098852489,5.974505339691366,plus,plus,1,1
2024-02-20 11:00:00+00:00,bullish,0.5685,0.5689,7.000350017500104,0.005793994110960569,BALANCE,NORMAL_VOL,bullish,0.8390243902439036,other,other,other,0.7939255566894798,6.627552473234006,minus,minus,1,1
2024-02-20 15:00:00+00:00,bearish,0.5658,0.5696,68.46846846846893,0.007863006710827378,BALANCE,HIGH_VOL,neutral,0.0,other,edge,high_vol_regular,2.797911894149342,1.5515693231191778,plus,plus,0,0
2024-02-20 16:00:00+00:00,bearish,0.5586,0.5608,40.043684018929376,0.00802279194576828,BALANCE,NORMAL_VOL,neutral,0.3108808290155446,other,middle,other,2.0441761559889824,2.2186789985734165,minus,minus,1,1
2024-02-20 20:00:00+00:00,bullish,0.5565,0.5594,51.482336232913426,0.007564276883670541,BALANCE,NORMAL_VOL,bullish,0.6709844559585507,other,middle,other,0.5155813384382028,4.005670398635251,minus,minus,1,1
2024-02-21 01:00:00+00:00,bearish,0.5594,0.5627,59.17159763313555,0.006498618427159606,BALANCE,NORMAL_VOL,neutral,0.5259067357512954,other,middle,other,3.8008078604479225,0.3693092657925221,plus,plus,0,0
2024-02-21 05:00:00+00:00,bearish,0.5568,0.5571,5.425935973956919,0.005834944838038979,BALANCE,NORMAL_VOL,bearish,0.401554404145077,other,middle,other,3.4104863974494664,0.10282873560149958,plus,plus,0,0
2024-02-21 10:00:00+00:00,bearish,0.5423,0.5463,73.88252678241602,0.006411729996708972,BALANCE,NORMAL_VOL,bearish,0.13541666666666624,other,edge,other,1.1541346881104244,1.4972558116027288,plus,plus,1,1
2024-02-22 02:00:00+00:00,bearish,0.5439,0.5455,29.514849658733347,0.005524940977207496,BALANCE,NORMAL_VOL,bearish,0.4439024390243909,other,middle,other,0.9592862660188601,1.8823730503011633,minus,minus,1,1
2024-02-22 19:00:00+00:00,bullish,0.544,0.5462,40.124019697245664,0.004611392026914611,BALANCE,NORMAL_VOL,neutral,0.7986111111111097,other,other,other,0.9107878869301244,5.009333378115708,minus,minus,1,1
2024-02-23 09:00:00+00:00,bearish,0.5358,0.5366,14.936519790887079,0.004665501770377463,BALANCE,NORMAL_VOL,bearish,0.2683982683982676,other,other,other,2.229127864880984,2.186260021325585,plus,plus,1,1
2024-02-23 23:00:00+00:00,bearish,0.5362,0.5388,48.643592142187764,0.00446367178674399,BALANCE,NORMAL_VOL,bearish,0.5670731707317068,other,middle,other,0.6496893451288919,3.1364313213118797,minus,minus,1,1
2024-02-24 10:00:00+00:00,bullish,0.5432,0.5442,18.308311973636048,0.003910881114709092,BALANCE,NORMAL_VOL,neutral,1.0,other,edge,other,0.7926602494616058,0.8949389913276369,none,minus,1,1
2024-02-26 12:00:00+00:00,bearish,0.533,0.5335,9.38086303939859,0.0031650097872928337,BALANCE,NORMAL_VOL,bearish,0.12426035502958588,other,edge,other,0.22116835240461402,10.236935168441635,minus,minus,1,1
2024-02-26 15:00:00+00:00,bullish,0.535,0.5365,27.685492801770874,0.0034947618450008574,BALANCE,NORMAL_VOL,neutral,0.6774193548387085,other,middle,other,8.355361908786332,0.1716855186736728,plus,plus,0,1
2024-02-26 16:00:00+00:00,bullish,0.5383,0.5412,53.08438586857063,0.0036094217132150814,BALANCE,NORMAL_VOL,neutral,0.9193548387096802,other,edge,other,6.843201477279997,0.5541053827757101,plus,plus,0,1
2024-02-26 17:00:00+00:00,bullish,0.5427,0.5454,49.108766824300396,0.003944463019414002,BALANCE,NORMAL_VOL,neutral,1.0,other,edge,other,6.5154622754754845,1.3943596309383175,minus,minus,0,1
2024-02-27 02:00:00+00:00,bullish,0.5517,0.5523,10.743061772605998,0.004631683231616528,BALANCE,NORMAL_VOL,bullish,1.0,other,edge,other,8.463445801391433,1.7488242599813917,minus,minus,1,1
2024-02-27 10:00:00+00:00,bullish,0.5562,0.5595,58.89701945386346,0.004929920356903739,IMBALANCE,NORMAL_VOL,bullish,0.8425925925925927,trend_aligned,other,other,7.586329452082516,1.1562052908254183,both,both,1,1
2024-02-27 18:00:00+00:00,bullish,0.5685,0.5721,62.111801242236844,0.00669055532717656,IMBALANCE,NORMAL_VOL,bullish,1.0,trend_aligned,other,other,4.18500387946364,9.700241134899635,plus,plus,1,1
2024-02-27 19:00:00+00:00,bullish,0.5755,0.5795,67.3174015483003,0.00751265851809252,IMBALANCE,NORMAL_VOL,bullish,1.0,trend_aligned,other,other,1.7836562074170208,10.58213943952628,minus,minus,1,1
2024-02-28 08:00:00+00:00,bullish,0.5801,0.5823,37.345102699033966,0.0069713300431846785,IMBALANCE,NORMAL_VOL,bullish,0.8004640371229688,trend_aligned,other,other,2.926270865621053,10.672281980500255,minus,minus,1,1
2024-02-28 18:00:00+00:00,bearish,0.573,0.5876,257.3140641522745,0.015148002901340735,BALANCE,HIGH_VOL,neutral,0.5672766415500536,other,middle,high_vol_regular,0.4885132415273696,3.927910523091708,minus,minus,1,1
2024-02-29 06:00:00+00:00,bullish,0.5947,0.5966,31.598203891568485,0.011670678740509562,BALANCE,NORMAL_VOL,bullish,0.9321851453175448,other,edge,other,2.193531376297856,2.1335520027271992,minus,minus,1,1
2024-02-29 22:00:00+00:00,bearish,0.5963,0.6062,169.2886456908329,0.013984280519394505,BALANCE,NORMAL_VOL,neutral,0.18725868725868783,other,other,other,0.10011240821852267,1.3586683972514222,minus,minus,0,1
2024-03-02 01:00:00+00:00,bullish,0.6041,0.6084,69.09850554395118,0.00868329200083835,BALANCE,HIGH_VOL,bullish,1.0,other,edge,high_vol_regular,3.4779436182825902,0.23032739193924454,plus,plus,0,1
2024-03-02 03:00:00+00:00,bullish,0.6254,0.6301,74.3788574141484,0.00916926708235552,IMBALANCE,NORMAL_VOL,bullish,0.9399224806201552,trend_aligned,other,other,2.2466353978979043,1.2323776697206956,minus,minus,1,1
2024-03-02 14:00:00+00:00,bearish,0.6416,0.6421,7.864108210129851,0.010208872653651701,IMBALANCE,NORMAL_VOL,bullish,0.7344992050874412,trend_counter,other,other,5.465833681453601,1.008926288870464,minus,minus,1,1
2024-03-03 08:00:00+00:00,bearish,0.6186,0.6264,126.56173941262239,0.011137502373236411,BALANCE,NORMAL_VOL,neutral,0.5006896551724137,other,middle,other,0.6734005299089827,2.666666098439594,minus,minus,1,1
2024-03-04 07:00:00+00:00,bullish,0.6337,0.6362,39.19724051426696,0.009668392781611964,BALANCE,NORMAL_VOL,bullish,0.8033240997229919,other,other,other,3.320096806684362,1.9134514306436419,plus,plus,1,1
2024-03-05 05:00:00+00:00,bearish,0.6446,0.6502,86.91603290392752,0.013229456495582697,BALANCE,HIGH_VOL,bullish,0.3024523160762937,other,middle,high_vol_regular,9.1311385347036,0.8314778467031431,plus,plus,1,1
2024-03-05 17:00:00+00:00,bearish,0.6285,0.6325,63.83657835939999,0.013639918015385942,BALANCE,NORMAL_VOL,neutral,0.3049759229534512,other,middle,other,7.55869645871056,0.0,plus,plus,0,1
2024-03-05 20:00:00+00:00,bearish,0.5794,0.6136,600.0000000000001,0.01958174193870369,BALANCE,NORMAL_VOL,bearish,0.31762295081967185,other,middle,other,0.04596118173843531,2.8087388840158027,minus,minus,1,1
2024-03-06 05:00:00+00:00,bullish,0.585,0.5936,142.054839775356,0.01580642260990541,BALANCE,NORMAL_VOL,bearish,0.6213960546282251,other,middle,other,1.6259213507232513,1.0312263819762335,plus,plus,0,0
2024-03-06 13:00:00+00:00,bearish,0.6046,0.6096,82.94625082946258,0.014121836927288375,BALANCE,NORMAL_VOL,bearish,0.7552380952380957,other,other,other,0.9701287495769625,2.0039885848925505,minus,minus,1,1
2024-03-08 16:00:00+00:00,bearish,0.6183,0.6263,129.5336787564768,0.009345950176615544,BALANCE,NORMAL_VOL,neutral,0.5344467640918589,other,middle,other,0.13909768139496426,1.6584723550936995,minus,minus,1,1
2024-03-10 10:00:00+00:00,bearish,0.6234,0.6255,33.7186897880538,0.004643885180219453,BALANCE,LOW_VOL,neutral,0.5,other,middle,other,9.001083872195295,1.8734313322511562,plus,plus,1,1
2024-03-10 23:00:00+00:00,bearish,0.6091,0.6101,16.431153466973395,0.005768516964951412,BALANCE,NORMAL_VOL,bearish,0.3726708074534164,other,middle,other,4.784591978786448,23.732269633908086,plus,plus,1,1
2024-03-11 04:00:00+00:00,bullish,0.6043,0.6061,29.595527786912594,0.007244650423684528,BALANCE,NORMAL_VOL,bearish,0.569037656903765,other,middle,other,18.951915133286892,0.6073446947302367,plus,plus,1,1
2024-03-11 08:00:00+00:00,bullish,0.6111,0.6204,149.20583988448539,0.007489107683018893,BALANCE,NORMAL_VOL,neutral,0.9570135746606332,other,edge,other,16.317030702747314,0.9346907931197318,plus,plus,0,0
2024-03-11 16:00:00+00:00,bullish,0.6244,0.6787,752.4944567627496,0.01584903261887019,BALANCE,HIGH_VOL,bullish,1.0,other,edge,high_vol_large,1.5079784725500653,2.8140518776457233,plus,plus,0,0
2024-03-11 17:00:00+00:00,bullish,0.6964,0.7165,273.5065995373521,0.016752673146093747,BALANCE,NORMAL_VOL,bullish,0.9740506329113925,other,edge,other,0.6327348422285476,4.679850153841311,minus,minus,1,1
2024-03-12 01:00:00+00:00,bearish,0.7151,0.7164,18.248175182482857,0.017257728323227504,IMBALANCE,NORMAL_VOL,bullish,0.7664079040225829,trend_counter,other,other,3.2391285198738,0.24336922689570456,plus,plus,1,1
2024-03-12 04:00:00+00:00,bearish,0.6981,0.7059,111.84399197017375,0.016687729273371314,IMBALANCE,NORMAL_VOL,bullish,0.6277089783281734,trend_counter,other,other,2.4509026560770235,1.02470502246741,plus,plus,1,1
2024-03-13 14:00:00+00:00,bearish,0.6815,0.6838,34.10944683375306,0.010269776366333984,BALANCE,NORMAL_VOL,neutral,0.1594202898550738,other,other,other,1.372960763412738,3.330160149554301,minus,minus,1,1
2024-03-14 05:00:00+00:00,bearish,0.6822,0.6833,16.188373804267695,0.008117559819812114,BALANCE,NORMAL_VOL,neutral,0.3474025974025982,other,middle,other,9.189953835378901,3.5725021612062786,minus,minus,1,1
2024-03-14 19:00:00+00:00,bearish,0.6651,0.6704,81.26341613002103,0.014451492993879267,BALANCE,HIGH_VOL,bearish,0.015734265734265934,other,edge,high_vol_regular,3.9926670569219405,1.6953265666306316,minus,minus,1,1
2024-03-15 03:00:00+00:00,bearish,0.6517,0.6696,280.9165097300695,0.016289616772861868,BALANCE,HIGH_VOL,bearish,0.04295302013422792,other,edge,high_vol_regular,2.6213016914638034,0.6875545420232926,plus,plus,0,0
2024-03-15 09:00:00+00:00,bearish,0.625,0.6331,129.97432605905001,0.01703920962006165,IMBALANCE,NORMAL_VOL,bearish,0.21580188679245266,trend_aligned,other,other,0.9448795078525333,1.4789418383778778,minus,minus,1,1
2024-03-17 07:00:00+00:00,bearish,0.6015,0.6088,121.50466045272924,0.010298012456398109,IMBALANCE,NORMAL_VOL,bearish,0.19457013574660745,trend_aligned,other,other,0.3204501853121856,2.69955004596329,minus,minus,1,1
2024-03-17 09:00:00+00:00,bullish,0.6015,0.6097,133.26832439460404,0.010303388291486125,BALANCE,NORMAL_VOL,bearish,0.7029702970297026,other,other,other,1.2908375015809235,1.232604230832897,minus,minus,0,1
2024-03-18 01:00:00+00:00,bearish,0.6137,0.6167,48.95561357702354,0.0077869250879634335,BALANCE,NORMAL_VOL,bearish,0.6744791666666677,other,middle,other,2.3372511992098746,7.230068270083298,minus,minus,1,1
2024-03-18 23:00:00+00:00,bullish,0.6126,0.6328,312.838779619018,0.011238310335957843,BALANCE,HIGH_VOL,neutral,0.9641509433962282,other,edge,high_vol_regular,0.3292309866334167,6.629110406537849,minus,minus,1,1
2024-03-19 16:00:00+00:00,bullish,0.5988,0.6036,78.9214074317663,0.012796949519621948,BALANCE,NORMAL_VOL,bearish,0.3779366700715008,other,middle,other,0.25005959389723587,3.1491880106432237,minus,minus,1,1
2024-03-19 23:00:00+00:00,bearish,0.5889,0.5959,119.65811965811976,0.011876281346080103,BALANCE,NORMAL_VOL,bearish,0.2810590631364551,other,other,other,1.4398446366921114,2.871269129310001,plus,plus,1,1
2024-03-20 08:00:00+00:00,bullish,0.5852,0.5913,103.16252325384735,0.011373266173248789,BALANCE,NORMAL_VOL,bearish,0.5292740046838413,other,middle,other,2.44432861910756,2.057456463565369,minus,minus,1,1
2024-03-20 16:00:00+00:00,bearish,0.5893,0.5929,62.21914967162006,0.010642155975392437,BALANCE,HIGH_VOL,bearish,0.2493702770780857,other,other,high_vol_regular,0.29129435869649306,7.178996453036174,minus,minus,1,1
2024-03-20 19:00:00+00:00,bullish,0.5871,0.6001,214.2033283901798,0.011065749518198675,BALANCE,HIGH_VOL,neutral,1.0,other,edge,high_vol_regular,4.3467457781233,0.8404310963938992,plus,plus,0,0
2024-03-22 11:00:00+00:00,bearish,0.6244,0.629,74.61476074614839,0.009007803198482706,BALANCE,HIGH_VOL,neutral,0.0,other,edge,high_vol_regular,1.9427600286546902,0.666089152681606,plus,plus,0,1
2024-03-22 14:00:00+00:00,bearish,0.6079,0.6131,85.87943848059425,0.00968274184659859,BALANCE,NORMAL_VOL,neutral,0.05581395348837364,other,edge,other,0.25819133047301807,2.8814152480788073,minus,minus,1,1
2024-03-24 06:00:00+00:00,bullish,0.6175,0.6224,78.1499202551819,0.005982598780733164,BALANCE,NORMAL_VOL,bullish,0.6504854368932038,other,middle,other,1.7885204059578876,0.5850300393320083,plus,plus,0,0
2024-03-25 15:00:00+00:00,bullish,0.6332,0.641,121.40077821011718,0.0053243830299848725,BALANCE,NORMAL_VOL,bullish,0.8494623655913961,other,other,other,3.962900467748647,3.061387565132836,plus,plus,1,1
2024-03-25 22:00:00+00:00,bearish,0.6475,0.6517,65.21739130434754,0.007865464616103806,BALANCE,NORMAL_VOL,bullish,0.46883468834688385,other,middle,other,2.3901957376438756,1.1950978688219307,minus,minus,1,1
2024-03-27 08:00:00+00:00,bearish,0.6238,0.6275,59.9773058842588,0.005577854700254807,BALANCE,NORMAL_VOL,bearish,0.0,other,edge,other,2.384429268010945,2.456141426447376,minus,minus,1,1
2024-03-28 07:00:00+00:00,bullish,0.6141,0.6182,65.84229966275883,0.006138097412354594,BALANCE,NORMAL_VOL,bearish,0.707407407407407,other,other,other,2.492629062745821,2.2319619712168564,plus,plus,1,1
2024-03-28 17:00:00+00:00,bullish,0.6252,0.6279,42.526382107419046,0.006664644635450741,BALANCE,NORMAL_VOL,neutral,0.9098837209302327,other,edge,other,1.7255233593144448,3.886178696195161,minus,minus,1,1
2024-03-29 11:00:00+00:00,bullish,0.6162,0.6263,160.34291157326555,0.006097149271032059,BALANCE,NORMAL_VOL,neutral,0.7206896551724141,other,other,other,2.7061827202414905,1.4925007729816737,plus,plus,0,1
2024-03-29 19:00:00+00:00,bearish,0.6271,0.629,30.31269942565432,0.007249610542648984,BALANCE,NORMAL_VOL,bullish,0.47593582887700653,other,middle,other,0.7724552880538363,1.5449105761076574,minus,minus,1,1
2024-04-01 06:00:00+00:00,bearish,0.6158,0.6267,177.6112106892622,0.005859945783842413,BALANCE,NORMAL_VOL,bearish,0.44973544973545077,other,middle,other,5.358411350251564,0.9044452279086991,plus,plus,0,0
2024-04-01 15:00:00+00:00,bearish,0.6045,0.6104,98.31694717547103,0.0063275974651203215,BALANCE,NORMAL_VOL,bearish,0.08994708994708898,other,edge,other,3.302991398426843,2.9869156665199843,minus,minus,1,1
2024-04-01 20:00:00+00:00,bullish,0.6102,0.6106,6.516780710330188,0.006106401249510839,BALANCE,NORMAL_VOL,bearish,0.4759493670886088,other,middle,other,0.8515653962989306,5.666185136912128,minus,minus,1,1
2024-04-02 03:00:00+00:00,bearish,0.6025,0.6087,104.044302735358,0.00814000348298594,BALANCE,NORMAL_VOL,bearish,0.37057220708446764,other,middle,other,3.6117920663610565,0.9336605341613684,plus,plus,0,1
2024-04-02 09:00:00+00:00,bearish,0.5956,0.599,57.67599660729361,0.007809829287184217,IMBALANCE,NORMAL_VOL,bearish,0.19618528610354205,trend_aligned,other,other,2.9450067542119758,0.6658276139957482,plus,plus,0,1
2024-04-03 11:00:00+00:00,bearish,0.5879,0.5893,24.00548696845109,0.006527883484174463,BALANCE,NORMAL_VOL,bearish,0.5921985815602854,other,middle,other,3.1556935796940326,0.39829142267981826,plus,plus,0,1
2024-04-04 14:00:00+00:00,bullish,0.5798,0.5944,244.63806970509478,0.007733283905713318,BALANCE,NORMAL_VOL,neutral,0.6240875912408765,other,middle,other,1.112076073354349,3.6336439140996557,plus,plus,1,1
2024-04-04 21:00:00+00:00,bearish,0.5926,0.5963,62.73312987453437,0.007570022690105031,BALANCE,NORMAL_VOL,bullish,0.49635036496350404,other,middle,other,2.787310007350487,0.607660001602482,plus,plus,0,1
2024-04-05 02:00:00+00:00,bearish,0.5877,0.5891,24.038461538460798,0.0072399754095711115,BALANCE,NORMAL_VOL,neutral,0.2827868852459026,other,other,other,1.8922716204103267,1.270722548012768,plus,plus,1,1
2024-04-05 10:00:00+00:00,bearish,0.5789,0.5815,44.96713939813294,0.007030765519900783,BALANCE,NORMAL_VOL,bearish,0.14733542319749315,other,edge,other,1.3512042142651526,2.0481411247808445,plus,plus,1,1
2024-04-08 07:00:00+00:00,bullish,0.5937,0.597,54.78997177486252,0.00409949041063883,BALANCE,NORMAL_VOL,bullish,0.9346405228758169,other,edge,other,6.04953238471789,1.1952705114966544,plus,plus,0,1
2024-04-08 08:00:00+00:00,bullish,0.5991,0.6012,34.49975357318861,0.004499526809878917,BALANCE,NORMAL_VOL,bullish,1.0,other,edge,other,4.089318894511736,2.5113751906512283,both,both,1,1
2024-04-08 09:00:00+00:00,bullish,0.6055,0.6061,9.868421052630492,0.004642417752030427,BALANCE,NORMAL_VOL,bullish,0.8733624454148468,other,edge,other,4.114235516966639,2.2832930094160275,both,both,1,1
2024-04-09 08:00:00+00:00,bearish,0.6103,0.6139,59.04543217976132,0.006069059501651518,BALANCE,NORMAL_VOL,bullish,0.4141414141414141,other,middle,other,1.4170235104236186,5.635140006568311,minus,minus,1,1
2024-04-09 12:00:00+00:00,bullish,0.6111,0.6246,214.01395053899918,0.007470671293905373,BALANCE,NORMAL_VOL,bullish,1.0,other,edge,other,0.41495601640631596,5.126714654310304,minus,minus,1,1
2024-04-09 15:00:00+00:00,bearish,0.623,0.6245,24.096385542169585,0.008853740828247117,BALANCE,NORMAL_VOL,bullish,0.4964705882352945,other,middle,other,3.388398258088552,0.6212063473162283,plus,plus,1,1
2024-04-10 00:00:00+00:00,bearish,0.6158,0.6215,92.80364702051511,0.00769203781319655,BALANCE,NORMAL_VOL,bullish,0.3011764705882336,other,middle,other,2.8210989762389325,0.9360328400424112,plus,plus,0,1
2024-04-10 13:00:00+00:00,bearish,0.6042,0.6118,125.82781456953728,0.00792582529138169,BALANCE,NORMAL_VOL,neutral,0.32394366197182994,other,middle,other,0.29019060040358463,2.258439890097497,minus,minus,1,1
2024-04-10 17:00:00+00:00,bullish,0.6085,0.6128,69.83920740620383,0.007656114539440663,BALANCE,NORMAL_VOL,bullish,0.6535211267605637,other,middle,other,0.8098102461843446,1.6065590367850722,minus,minus,1,1
2024-04-12 13:00:00+00:00,bearish,0.6035,0.6083,80.46940486169179,0.004820440679428149,BALANCE,NORMAL_VOL,bearish,0.0,other,edge,other,21.94820080485901,0.2904298783251575,plus,plus,0,0
2024-04-12 14:00:00+00:00,bearish,0.5979,0.6023,73.98688414326483,0.00485469491661185,BALANCE,NORMAL_VOL,bearish,0.11788617886178938,other,edge,other,21.422561414545658,0.6179585023426639,plus,plus,0,0
2024-04-12 18:00:00+00:00,bearish,0.577,0.5874,196.8205904617728,0.012680246290955611,BALANCE,HIGH_VOL,bearish,0.0,other,edge,high_vol_regular,1.2933502728332282,1.640346687495808,minus,minus,0,0
2024-04-12 19:00:00+00:00,bearish,0.5385,0.5645,484.8032817452922,0.012838800127315928,IMBALANCE,NORMAL_VOL,bearish,0.36276849642004777,trend_aligned,other,other,5.273078428564438,1.0047667906718079,minus,minus,0,0
2024-04-12 21:00:00+00:00,bullish,0.5385,0.5388,5.503577325260814,0.012593659293450979,IMBALANCE,NORMAL_VOL,bearish,0.4327764518695309,trend_counter,other,other,0.3255606575073931,10.735561193902353,minus,minus,1,1
2024-04-13 02:00:00+00:00,bearish,0.5411,0.5444,61.09979633401165,0.011629323235934613,IMBALANCE,NORMAL_VOL,bearish,0.39299920445505193,trend_aligned,other,other,11.195836366271255,0.78250469226627,plus,plus,1,1
2024-04-13 17:00:00+00:00,bearish,0.5332,0.5415,159.55401768550507,0.008951398848809163,IMBALANCE,HIGH_VOL,bearish,0.0,trend_aligned,other,high_vol_regular,12.322096452519666,1.1506581456115346,minus,minus,0,0
2024-04-13 18:00:00+00:00,bearish,0.5304,0.5312,15.097188148707735,0.00945487035960851,BALANCE,NORMAL_VOL,bearish,0.4811827956989253,other,middle,other,12.691871536667879,0.06345935768333238,plus,plus,0,0
2024-04-13 20:00:00+00:00,bearish,0.4957,0.5144,433.87470997679804,0.018386597401907335,IMBALANCE,HIGH_VOL,bearish,0.0,trend_aligned,other,high_vol_large,0.0,3.6874685684348965,minus,minus,0,1
2024-04-13 21:00:00+00:00,bearish,0.4613,0.4686,158.52334419109724,0.019237554730342523,IMBALANCE,NORMAL_VOL,bearish,0.36324479540559956,trend_aligned,other,other,0.3586734435181078,1.990897519817898,minus,minus,1,1
2024-04-13 23:00:00+00:00,bullish,0.4613,0.4743,271.62557459256186,0.01879462627259126,IMBALANCE,NORMAL_VOL,bearish,0.4931801866475235,trend_counter,other,other,1.5110702169915722,0.7981004667209021,plus,plus,0,0
2024-04-14 05:00:00+00:00,bullish,0.4736,0.4814,158.63331299572855,0.016868370885560535,BALANCE,NORMAL_VOL,bearish,0.5906137184115525,other,middle,other,0.907022978318369,1.1026553854066463,minus,minus,1,1
2024-04-14 06:00:00+00:00,bullish,0.4835,0.4878,86.72851956434098,0.016442058679449065,BALANCE,NORMAL_VOL,bearish,0.6202166064981951,other,middle,other,1.368441777191972,1.380605704100347,minus,minus,1,1
2024-04-14 23:00:00+00:00,bullish,0.4884,0.5009,248.5583615032812,0.011818408876490136,IMBALANCE,NORMAL_VOL,bearish,0.9139534883720922,trend_counter,other,other,1.3453587675096625,1.8699640730794658,plus,plus,1,1
2024-04-15 07:00:00+00:00,bullish,0.5042,0.5114,140.24152707440564,0.010095570416123276,IMBALANCE,NORMAL_VOL,neutral,0.8915929203539819,other,other,other,0.5348880526231508,3.803648374209021,minus,minus,1,1
2024-04-15 15:00:00+00:00,bearish,0.4984,0.5058,148.9533011272145,0.009437798584983214,BALANCE,NORMAL_VOL,bearish,0.3659942363112398,other,middle,other,2.3098606951293417,0.5191888718409994,plus,plus,0,1
2024-04-17 19:00:00+00:00,bullish,0.4922,0.4949,54.11906193625937,0.008118512352354803,BALANCE,NORMAL_VOL,neutral,0.7561643835616435,other,other,other,0.812956821835171,1.6628662264810485,minus,minus,1,1
2024-04-19 01:00:00+00:00,bearish,0.4961,0.5014,110.55486024196854,0.006530970646659647,BALANCE,HIGH_VOL,neutral,0.0,other,edge,high_vol_regular,2.0517623987260727,4.761926164207532,plus,plus,1,1
2024-04-19 02:00:00+00:00,bearish,0.4816,0.4955,290.7949790794984,0.0071787584576125255,BALANCE,HIGH_VOL,bearish,0.045138888888887875,other,edge,high_vol_regular,0.1532298386266951,4.527245232152393,minus,minus,1,1
2024-04-19 04:00:00+00:00,bullish,0.4816,0.4839,46.996322026972294,0.007478113159880187,BALANCE,NORMAL_VOL,bearish,0.5924050632911397,other,middle,other,3.409951073862672,0.9093202863633821,plus,plus,0,0
2024-04-19 07:00:00+00:00,bullish,0.4909,0.4934,50.50505050505055,0.008403576753737896,BALANCE,NORMAL_VOL,neutral,0.7341772151898741,other,other,other,2.510835638005539,0.23799389933701806,plus,plus,0,0
2024-04-20 04:00:00+00:00,bullish,0.5074,0.5098,46.948356807513086,0.0063928409754259305,BALANCE,NORMAL_VOL,bullish,0.8310502283105008,other,other,other,2.925147062453582,0.17206747426197336,plus,plus,0,0
2024-04-20 18:00:00+00:00,bullish,0.5232,0.5242,19.043991620643702,0.00586468192184546,IMBALANCE,NORMAL_VOL,bullish,0.8694362017804165,trend_aligned,other,other,1.9608906592467352,1.2106368417958144,plus,plus,1,1
2024-04-22 04:00:00+00:00,bullish,0.5282,0.5323,76.50681097219616,0.005455632839126452,BALANCE,NORMAL_VOL,bullish,0.9623655913978535,other,edge,other,6.488706451453244,1.0264620375180369,minus,minus,0,1
2024-04-22 21:00:00+00:00,bullish,0.5547,0.557,41.181736794988,0.006964731705936963,IMBALANCE,NORMAL_VOL,bullish,0.7387755102040812,trend_aligned,other,other,0.37330942666229666,2.469585437919763,minus,minus,1,1
2024-04-23 03:00:00+00:00,bearish,0.5522,0.5542,36.456434560699996,0.006112276690197369,IMBALANCE,NORMAL_VOL,bullish,0.4463414634146333,trend_counter,other,other,1.3742833359411815,0.9979914701477661,plus,plus,1,1
2024-04-24 14:00:00+00:00,bearish,0.5386,0.5418,60.28636021100189,0.005520689331709982,BALANCE,NORMAL_VOL,neutral,0.0,other,edge,other,3.1698940020918744,1.2679576008367257,plus,plus,0,0
2024-04-24 15:00:00+00:00,bearish,0.5309,0.5348,74.15858528237334,0.005626354379444983,BALANCE,NORMAL_VOL,bearish,0.03678929765886263,other,edge,other,2.23946078583891,2.1150462977367233,minus,minus,1,1
2024-04-24 17:00:00+00:00,bullish,0.5309,0.5313,7.48783227255627,0.005519152500643891,BALANCE,NORMAL_VOL,bearish,0.34563758389261734,other,middle,other,0.6522740583051371,3.786813282938229,minus,minus,1,1
2024-04-24 23:00:00+00:00,bearish,0.5275,0.5292,32.25194460254287,0.006017161504039616,BALANCE,NORMAL_VOL,bearish,0.145833333333333,other,edge,other,2.293440186163429,0.8974331163248113,plus,plus,1,1
2024-04-25 11:00:00+00:00,bearish,0.5207,0.522,25.05299672383827,0.005824689128738551,BALANCE,NORMAL_VOL,bearish,0.16371681415929398,other,other,other,0.9614247003106305,2.901442399151703,minus,minus,1,1
2024-04-26 03:00:00+00:00,bullish,0.525,0.5261,20.85703450891145,0.005107559807042943,BALANCE,NORMAL_VOL,bearish,0.7343750000000002,other,other,other,1.6446209770108031,4.131131263681863,plus,plus,1,1
2024-04-27 01:00:00+00:00,bearish,0.5208,0.5234,50.505050505049255,0.005639264442740257,BALANCE,NORMAL_VOL,bearish,0.04109589041095939,other,edge,other,0.7979764108762736,1.418624730446691,minus,minus,0,1
2024-04-28 23:00:00+00:00,bearish,0.5127,0.5171,86.29142969209569,0.003071350497750859,BALANCE,NORMAL_VOL,bearish,0.0,other,edge,other,3.809399157982106,2.441922537167992,minus,minus,1,1
2024-04-29 03:00:00+00:00,bearish,0.5094,0.5113,37.758346581876246,0.0036913562465186955,BALANCE,NORMAL_VOL,bearish,0.0,other,edge,other,1.354515702654136,4.442811504705554,minus,minus,1,1
2024-04-29 07:00:00+00:00,bearish,0.5035,0.5048,25.88610115491993,0.004169182782091326,IMBALANCE,NORMAL_VOL,bearish,0.1694915254237285,trend_aligned,other,other,0.6715944458053831,4.173479770362062,minus,minus,1,1
2024-04-29 15:00:00+00:00,bullish,0.5093,0.5107,27.338410466707046,0.004595596034096178,BALANCE,NORMAL_VOL,bearish,0.6096491228070174,other,middle,other,1.6319972304691457,5.396470842084674,plus,plus,1,1
2024-04-30 08:00:00+00:00,bearish,0.5107,0.5115,15.96806387225373,0.004919024170360496,BALANCE,NORMAL_VOL,bearish,0.0,other,edge,other,4.8383580108035495,0.7318524722223957,plus,plus,0,1
2024-04-30 09:00:00+00:00,bearish,0.5046,0.5095,97.57068896853654,0.004896236729620464,BALANCE,NORMAL_VOL,bearish,0.16346153846153702,other,other,other,5.105962268686683,0.46974852871916906,plus,plus,0,1
2024-04-30 12:00:00+00:00,bearish,0.4982,0.4985,6.059381943042264,0.005534486915078773,BALANCE,NORMAL_VOL,bearish,0.020000000000000046,other,edge,other,3.234265483803244,1.6984410920530963,plus,plus,1,1
2024-05-01 08:00:00+00:00,bearish,0.4913,0.4981,139.40139401393958,0.006350611519675806,BALANCE,NORMAL_VOL,bearish,0.18137254901960986,other,other,other,0.22045121098377016,5.275082548540164,minus,minus,1,1
2024-05-01 11:00:00+00:00,bullish,0.4909,0.4917,16.194331983806133,0.006090886847203985,BALANCE,NORMAL_VOL,bearish,0.6153846153846162,other,middle,other,4.482105920672623,0.29552346729709095,plus,plus,0,0
2024-05-01 18:00:00+00:00,bullish,0.5035,0.5075,77.3544768903501,0.006689677399177009,BALANCE,NORMAL_VOL,neutral,1.0,other,edge,other,0.9417494483029965,1.5845308177796598,minus,minus,0,0
2024-05-02 02:00:00+00:00,bearish,0.5136,0.5147,21.59403219474089,0.006679829959782583,BALANCE,NORMAL_VOL,bullish,0.7301587301587295,other,other,other,0.43414278768473374,2.2156252612876015,minus,minus,1,1
2024-05-02 15:00:00+00:00,bullish,0.5167,0.5187,38.4689363339104,0.005436618741505436,BALANCE,NORMAL_VOL,bullish,0.8758169934640522,other,edge,other,1.3979277123073466,1.0300519985422727,plus,plus,1,1
2024-05-03 13:00:00+00:00,bullish,0.5171,0.5222,97.23546234509044,0.004479553544829193,BALANCE,NORMAL_VOL,bullish,0.8429752066115692,other,other,other,3.6387554779460745,0.6027386374511741,plus,plus,0,0
2024-05-04 11:00:00+00:00,bullish,0.5312,0.5326,26.202507954331963,0.0035685211219987924,BALANCE,NORMAL_VOL,bullish,0.8012820512820511,other,other,other,1.8214828433912096,2.9984409883517187,plus,plus,1,1
2024-05-06 08:00:00+00:00,bullish,0.5357,0.5395,69.98158379373896,0.003491635898669839,BALANCE,NORMAL_VOL,bullish,1.0,other,edge,other,7.7327650372382,5.327015914541906,minus,minus,1,1
2024-05-06 09:00:00+00:00,bullish,0.54,0.5406,11.07419712070753,0.003556519048764855,BALANCE,NORMAL_VOL,bullish,0.7361111111111087,other,other,other,7.92910135256933,4.892424238819365,minus,minus,1,1
2024-05-06 11:00:00+00:00,bearish,0.5372,0.5406,63.563282856607934,0.004096692445108471,BALANCE,NORMAL_VOL,bullish,0.37931034482758846,other,middle,other,2.56304326983034,8.567887502004204,plus,plus,1,1
2024-05-06 13:00:00+00:00,bearish,0.5328,0.5342,26.3157894736834,0.004704801138894557,BALANCE,NORMAL_VOL,bullish,0.3290043290043311,other,middle,other,1.2115283583142717,8.076855722095074,both,both,1,1
2024-05-06 16:00:00+00:00,bullish,0.5332,0.5456,224.27202025682703,0.007187262427897724,BALANCE,NORMAL_VOL,bullish,0.8142857142857127,other,other,other,2.3792090759933138,3.074884244412396,plus,plus,1,1
2024-05-06 23:00:00+00:00,bearish,0.5424,0.5436,22.230455724341958,0.007289053912299525,BALANCE,NORMAL_VOL,bullish,0.33771929824561353,other,middle,other,2.5380522935607766,0.5899256682330578,plus,plus,1,1
2024-05-07 04:00:00+00:00,bearish,0.5399,0.541,20.44229697082308,0.006650334299435185,BALANCE,NORMAL_VOL,bullish,0.3004385964912292,other,middle,other,3.0073676148428543,0.7819155798591388,plus,plus,1,1
2024-05-07 09:00:00+00:00,bullish,0.5384,0.541,47.961630695444505,0.005878553156869505,BALANCE,NORMAL_VOL,bullish,0.3615560640732277,other,middle,other,0.06804395389918821,4.28676909564933,minus,minus,1,1
2024-05-07 12:00:00+00:00,bearish,0.5364,0.5377,24.24468481909675,0.005518542742581019,BALANCE,NORMAL_VOL,neutral,0.13775510204081567,other,edge,other,3.4973000845098805,1.141605727067988,minus,minus,1,1
2024-05-08 05:00:00+00:00,bearish,0.5228,0.5236,15.349194167304526,0.005155084234712573,BALANCE,NORMAL_VOL,bearish,0.12301587301587269,other,edge,other,1.2220944824873914,1.6100609848643432,minus,minus,1,1
2024-05-08 14:00:00+00:00,bullish,0.5223,0.5232,17.08752610594289,0.004926231061404469,IMBALANCE,NORMAL_VOL,bearish,0.38431372549019344,trend_counter,other,other,0.5683858440861977,3.7351069754235464,minus,minus,1,1
2024-05-08 21:00:00+00:00,bearish,0.5216,0.5225,17.351069982649157,0.004996829189953375,BALANCE,NORMAL_VOL,bearish,0.14285714285714537,other,edge,other,2.0813198940060462,0.9405964905604032,plus,plus,1,1
2024-05-10 15:00:00+00:00,bearish,0.5029,0.5112,165.70173687362694,0.004413518063551259,IMBALANCE,NORMAL_VOL,bearish,0.18181818181818202,trend_aligned,other,other,0.9063064753339821,1.5407210080677747,minus,minus,0,0
2024-05-13 03:00:00+00:00,bearish,0.4932,0.4953,42.58771040356907,0.003523880260333092,IMBALANCE,NORMAL_VOL,bearish,0.24590163934426199,trend_aligned,other,other,0.8513342617709803,5.3350280404314825,minus,minus,1,1
2024-05-13 07:00:00+00:00,bullish,0.4933,0.4968,69.56867421983706,0.003978627241653825,BALANCE,NORMAL_VOL,neutral,0.85,other,edge,other,2.2118181637800456,1.6085950282036683,plus,plus,0,0
2024-05-13 08:00:00+00:00,bullish,0.4983,0.5021,75.57677008750935,0.003923011010107121,BALANCE,NORMAL_VOL,neutral,0.8350000000000016,other,other,other,2.3196468163242585,1.5549280856679226,plus,plus,1,1
2024-05-13 18:00:00+00:00,bearish,0.507,0.5081,21.73054128802825,0.0038741305145342264,BALANCE,NORMAL_VOL,bullish,0.7790697674418594,other,other,other,2.4521631277933755,1.7552325546310537,plus,plus,1,1
2024-05-15 13:00:00+00:00,bullish,0.5019,0.5044,49.231981094918204,0.0039029144039008147,BALANCE,NORMAL_VOL,neutral,0.9593495934959394,other,edge,other,3.76641619024692,0.20497503076174392,plus,plus,0,0
2024-05-15 14:00:00+00:00,bullish,0.5064,0.507,11.743981209630943,0.003938420517907897,BALANCE,NORMAL_VOL,neutral,1.0,other,edge,other,2.945343176853523,0.304690673467602,plus,plus,0,0
2024-05-17 08:00:00+00:00,bullish,0.5182,0.5189,13.46930921685653,0.0032209895032241664,BALANCE,NORMAL_VOL,bullish,0.7289719626168298,other,other,other,2.91835784953372,0.6209272020284541,plus,plus,1,1
2024-05-20 03:00:00+00:00,bullish,0.5108,0.5123,29.256875365709885,0.002635104595822704,IMBALANCE,LOW_VOL,bearish,0.46103896103896164,trend_counter,other,other,11.688340587628133,2.6184918848907297,plus,plus,1,1
2024-05-20 05:00:00+00:00,bullish,0.5135,0.5149,27.16336825766527,0.0027787381463981525,BALANCE,NORMAL_VOL,bearish,0.6533333333333322,other,middle,other,10.112503776731792,3.4548055607339703,minus,minus,1,1
2024-05-20 07:00:00+00:00,bearish,0.5141,0.5149,15.573291804555632,0.003482687483373911,BALANCE,NORMAL_VOL,bearish,0.5912408759124113,other,middle,other,1.0911113954786182,8.556610417174353,plus,plus,1,1
2024-05-20 17:00:00+00:00,bullish,0.5175,0.5183,15.313935681470577,0.003578107778353959,BALANCE,NORMAL_VOL,neutral,1.0,other,edge,other,9.809654201122783,0.39126825873422977,plus,plus,0,1
2024-05-20 18:00:00+00:00,bullish,0.5206,0.521,7.6452599388392,0.003608242937042962,BALANCE,NORMAL_VOL,neutral,0.9830508474576289,other,edge,other,9.506011817516265,0.19400024117381076,plus,plus,0,1
2024-05-20 20:00:00+00:00,bullish,0.525,0.5296,86.5800865800854,0.004320882940613577,BALANCE,NORMAL_VOL,bullish,0.8854166666666675,other,edge,other,6.063575514563588,0.6248722858519811,plus,plus,0,1
2024-05-21 19:00:00+00:00,bearish,0.543,0.5437,13.0208333333319,0.005753545465430153,BALANCE,NORMAL_VOL,bullish,0.1844262295081948,other,other,other,1.9640063797001999,0.6778429098080375,plus,plus,0,1
2024-05-22 05:00:00+00:00,bearish,0.5345,0.5352,13.111069488668925,0.005086428481190142,BALANCE,NORMAL_VOL,bullish,0.18620689655172643,other,other,other,2.4968403757106303,0.8847072197399739,plus,plus,1,1
2024-05-22 18:00:00+00:00,bearish,0.5327,0.5338,20.80181543116681,0.005050391518997625,BALANCE,NORMAL_VOL,neutral,0.19685039370079124,other,other,other,5.722328633589967,4.158093470774693,plus,plus,1,1
2024-05-23 10:00:00+00:00,bearish,0.5275,0.5283,15.223596574691207,0.00395288004258196,BALANCE,NORMAL_VOL,bearish,0.2499999999999984,other,other,other,7.336422984659463,6.147416500938795,minus,minus,1,1
2024-05-23 19:00:00+00:00,bearish,0.5228,0.5249,40.33032456308797,0.00776764714094192,BALANCE,NORMAL_VOL,bearish,0.41683366733467064,other,middle,other,3.115486525185478,2.2014388256475708,plus,plus,1,1
2024-05-23 22:00:00+00:00,bullish,0.5208,0.5239,58.83469349022568,0.009235211650382436,BALANCE,NORMAL_VOL,bearish,0.5703564727954984,other,middle,other,1.180265316339397,1.0828122168251448,minus,minus,1,1
2024-05-24 06:00:00+00:00,bearish,0.5266,0.5296,57.80346820809254,0.007364767943199914,BALANCE,NORMAL_VOL,bearish,0.4221388367729838,other,middle,other,0.28514136714096694,2.5934286249488068,minus,minus,1,1
2024-05-26 16:00:00+00:00,bearish,0.5324,0.533,11.314350367717234,0.002875700288084622,BALANCE,NORMAL_VOL,neutral,0.05263157894737062,other,edge,other,2.225544861722263,3.8599293695495724,plus,plus,1,1
2024-05-27 16:00:00+00:00,bullish,0.5375,0.5381,11.119347664937823,0.003525137009327135,BALANCE,NORMAL_VOL,neutral,0.8971428571428556,other,edge,other,0.3120446090717915,5.248022970752894,minus,minus,1,1
2024-05-30 07:00:00+00:00,bearish,0.5208,0.5259,98.81805851579139,0.0037955341755648033,BALANCE,NORMAL_VOL,bearish,0.0,other,edge,other,0.9484830944683409,2.7927557781567294,minus,minus,1,1
2024-05-30 11:00:00+00:00,bullish,0.5189,0.5203,26.876559800344726,0.0037059519884502985,BALANCE,NORMAL_VOL,bearish,0.4491978609625696,other,middle,other,1.56504995695459,1.2142628976372154,plus,plus,1,1
2024-05-30 20:00:00+00:00,bearish,0.5225,0.5248,44.31599229287244,0.003521825203214698,BALANCE,NORMAL_VOL,bearish,0.39877300613497085,other,middle,other,2.016000110828659,2.1011832141031,minus,minus,1,1
2024-05-30 21:00:00+00:00,bearish,0.5208,0.5216,15.372790161412604,0.0034916948315565047,BALANCE,NORMAL_VOL,bearish,0.48466257668711493,other,middle,other,2.434347905544448,1.718363227443151,plus,plus,1,1
2024-06-02 12:00:00+00:00,bullish,0.5162,0.5168,11.598685482312874,0.002114607482701546,BALANCE,NORMAL_VOL,bearish,0.5238095238095213,other,middle,other,2.8846961196821526,4.303399129361902,plus,plus,1,1
2024-06-02 18:00:00+00:00,bearish,0.5137,0.5163,50.672383550963474,0.0025928545303417353,BALANCE,NORMAL_VOL,bearish,0.06593406593407089,other,edge,other,1.079890895240848,4.011023325180243,plus,plus,1,1
2024-06-03 02:00:00+00:00,bullish,0.5162,0.5173,21.256038647342802,0.0026841496025322123,BALANCE,NORMAL_VOL,bearish,0.6940298507462684,other,middle,other,2.2353448534834413,0.7823706987192003,plus,plus,1,1
2024-06-03 13:00:00+00:00,bullish,0.5209,0.5212,5.7493292449207924,0.0026280478612211817,BALANCE,NORMAL_VOL,bullish,0.8947368421052674,other,edge,other,2.5874719027529975,1.9406039270647695,minus,minus,1,1
2024-06-04 14:00:00+00:00,bullish,0.5247,0.5254,13.280212483398271,0.003145314946017482,BALANCE,NORMAL_VOL,bullish,0.8611111111111152,other,edge,other,2.0029790682732336,0.8266262821445276,plus,plus,1,1
2024-06-06 19:00:00+00:00,bearish,0.5242,0.5252,19.21598770176789,0.002579998855584287,BALANCE,NORMAL_VOL,neutral,0.0,other,edge,other,28.25582648698131,3.1395362763312566,plus,plus,1,1
2024-06-06 20:00:00+00:00,bearish,0.5217,0.5235,34.52243958572905,0.0027885703658996996,BALANCE,NORMAL_VOL,bearish,0.2365591397849447,other,other,other,26.501034689206058,2.546107527650378,minus,minus,1,1
2024-06-07 11:00:00+00:00,bullish,0.525,0.526,18.950161076369167,0.0023510732268914236,BALANCE,NORMAL_VOL,neutral,0.9349593495934939,other,edge,other,0.3402701331671318,34.112080850003956,minus,minus,1,1
2024-06-07 16:00:00+00:00,bearish,0.5245,0.5259,26.892047637342834,0.002796394976111505,BALANCE,NORMAL_VOL,bearish,0.3577235772357697,other,middle,other,26.14079935934097,0.03576032744099471,plus,plus,0,0
2024-06-07 17:00:00+00:00,bearish,0.5207,0.5239,62.341710500681494,0.0031466524778178294,BALANCE,NORMAL_VOL,bearish,0.0,other,edge,other,20.911111240867495,0.2860182388568542,plus,plus,0,0
2024-06-07 18:00:00+00:00,bearish,0.5142,0.5197,112.1762186416492,0.007686177300830841,BALANCE,HIGH_VOL,bearish,0.0,other,edge,high_vol_regular,0.5204147449952296,1.6262960781100921,minus,minus,0,0
2024-06-07 19:00:00+00:00,bearish,0.4948,0.513,369.1683569979715,0.007744307493628639,BALANCE,NORMAL_VOL,bearish,0.5617283950617284,other,middle,other,0.4390321539785509,1.265445620291116,minus,minus,0,0
2024-06-07 21:00:00+00:00,bullish,0.4948,0.4979,62.16162021255247,0.007684122277669589,BALANCE,NORMAL_VOL,bearish,0.6320987654320986,other,middle,other,0.2993185059904538,1.1842601758752607,minus,minus,1,1
2024-06-08 12:00:00+00:00,bearish,0.4953,0.4964,22.249190938511124,0.004194362904181966,IMBALANCE,NORMAL_VOL,bearish,0.6090909090909093,trend_aligned,other,other,1.1443931080007914,0.643721123250437,plus,plus,1,1
2024-06-09 13:00:00+00:00,bullish,0.4948,0.4951,6.058158319870093,0.002267028270755161,BALANCE,NORMAL_VOL,bearish,0.7466666666666651,other,other,other,2.6907472124148004,0.9263228108313215,plus,plus,1,1
2024-06-10 15:00:00+00:00,bullish,0.4992,0.5018,51.52596115735328,0.0029542616064506394,BALANCE,NORMAL_VOL,neutral,1.0,other,edge,other,0.16924702907426795,11.711894411940659,minus,minus,1,1
2024-06-10 18:00:00+00:00,bearish,0.5005,0.5017,24.043277900222197,0.0030538311768848535,BALANCE,NORMAL_VOL,neutral,0.46153846153846156,other,middle,other,9.529013987500216,0.1309830101374637,plus,plus,0,0
2024-06-11 02:00:00+00:00,bearish,0.4904,0.4953,100.12259910094025,0.004172913496678316,BALANCE,NORMAL_VOL,bearish,0.4338983050847455,other,middle,other,4.649029991981055,0.47928144247227344,plus,plus,0,1
2024-06-12 03:00:00+00:00,bullish,0.4792,0.4801,18.687707641196262,0.004006518438104113,BALANCE,NORMAL_VOL,bearish,0.6444444444444438,other,middle,other,4.2930040796565265,0.8985357376025243,plus,plus,1,1
2024-06-12 13:00:00+00:00,bullish,0.4849,0.4914,132.06013815522155,0.004136836289173389,BALANCE,NORMAL_VOL,neutral,0.9288888888888894,other,edge,other,1.5954220903720577,2.6106906933361045,plus,plus,1,1
2024-06-13 21:00:00+00:00,bearish,0.4793,0.4818,52.192066805845556,0.0038836239234259213,BALANCE,NORMAL_VOL,bearish,0.01652892561983289,other,edge,other,5.304324107115864,0.6179795076251523,plus,plus,0,1
2024-06-14 16:00:00+00:00,bearish,0.4747,0.475,6.414368184733097,0.004278977479398847,BALANCE,NORMAL_VOL,bearish,0.0,other,edge,other,0.934802769880893,4.32346281069913,minus,minus,1,1
2024-06-14 17:00:00+00:00,bearish,0.4703,0.4722,40.52901023890812,0.004301907659441786,IMBALANCE,NORMAL_VOL,bearish,0.45217391304347876,trend_aligned,other,other,1.185520565232627,4.277172235349098,plus,plus,1,1
2024-06-14 22:00:00+00:00,bullish,0.4715,0.4729,29.498525073746574,0.004509328331567796,BALANCE,NORMAL_VOL,bearish,0.704347826086958,other,other,other,6.763756763170932,0.376996278602978,plus,plus,0,0
2024-06-15 20:00:00+00:00,bullish,0.4879,0.4893,28.49002849002874,0.0040392434204946865,BALANCE,NORMAL_VOL,bullish,0.5623003194888181,other,middle,other,1.980568925212298,0.990284462606149,plus,plus,1,1
2024-06-16 10:00:00+00:00,bullish,0.4899,0.4912,26.1044176706832,0.003562576206256462,IMBALANCE,NORMAL_VOL,bullish,0.6939655172413794,trend_aligned,other,other,1.7122440747477639,3.985879649412828,minus,minus,1,1
2024-06-16 13:00:00+00:00,bearish,0.4934,0.4941,14.265335235377592,0.0037508673196594232,BALANCE,NORMAL_VOL,bullish,0.28000000000000225,other,other,other,1.8395745335578901,4.132377575383645,plus,plus,1,1
2024-06-17 13:00:00+00:00,bullish,0.4993,0.5005,23.91390992427109,0.005608872545033604,BALANCE,NORMAL_VOL,bullish,0.8450704225352126,other,other,other,3.423147851166756,6.721493436926394,plus,plus,1,1
2024-06-17 15:00:00+00:00,bullish,0.5062,0.5086,47.114252061249886,0.0069984666332177465,BALANCE,HIGH_VOL,bullish,0.6881720430107513,other,middle,high_vol_regular,1.4003067405487077,6.472846463964918,minus,minus,1,1
2024-06-17 21:00:00+00:00,bearish,0.5126,0.5151,49.06771344455462,0.00763956885675493,IMBALANCE,NORMAL_VOL,bullish,0.6908602150537617,trend_counter,other,other,5.942743740028879,0.11780769528691781,plus,plus,0,0
2024-06-18 02:00:00+00:00,bearish,0.4916,0.4998,167.17635066259004,0.009859932876798188,BALANCE,NORMAL_VOL,neutral,0.463971880492091,other,middle,other,1.480740303451341,1.9168487489883768,minus,minus,1,1
2024-06-18 08:00:00+00:00,bullish,0.494,0.4986,90.76558800315692,0.009261511366586914,BALANCE,NORMAL_VOL,bullish,0.7504393673110723,other,other,other,0.07558161646546567,3.3363884982616416,minus,minus,1,1
2024-06-18 21:00:00+00:00,bullish,0.4824,0.4859,71.54538021259204,0.007813007193908702,BALANCE,NORMAL_VOL,bearish,0.5540838852097139,other,middle,other,1.3055152448793685,0.31997922668612044,plus,plus,0,1
2024-06-19 18:00:00+00:00,bullish,0.4941,0.4962,42.29607250755269,0.004364941853780352,BALANCE,NORMAL_VOL,bullish,0.8909090909090924,other,edge,other,1.3516789450219455,1.9473340733367157,minus,minus,1,1
2024-06-21 13:00:00+00:00,bearish,0.489,0.4908,37.12105588781241,0.004331571049689117,BALANCE,NORMAL_VOL,bearish,0.07692307692307802,other,edge,other,1.315919774745258,1.7776460114979817,minus,minus,1,1
2024-06-23 11:00:00+00:00,bearish,0.4862,0.4874,24.696439596624383,0.001697273870185143,BALANCE,NORMAL_VOL,bearish,0.3404255319148929,other,middle,other,15.024092721829517,0.1178360213476694,plus,plus,0,0
2024-06-24 14:00:00+00:00,bullish,0.4777,0.4787,20.837674515524085,0.004282728360387673,BALANCE,NORMAL_VOL,bearish,0.8705357142857139,other,edge,other,0.09339840548836569,4.413074659325146,minus,minus,1,1
2024-06-24 16:00:00+00:00,bearish,0.4747,0.4787,84.83563096500538,0.004565209657681206,BALANCE,NORMAL_VOL,bearish,0.5045454545454541,other,middle,other,2.300003896279583,1.8838127150480588,plus,plus,1,1
2024-06-24 22:00:00+00:00,bullish,0.4687,0.4718,65.67796610169474,0.004776190984754246,BALANCE,NORMAL_VOL,bearish,0.5272727272727268,other,middle,other,1.6959120826314338,0.020937186205323904,plus,plus,0,1
2024-06-26 15:00:00+00:00,bearish,0.4719,0.4734,31.942078364565617,0.0031743063075651335,BALANCE,NORMAL_VOL,bearish,0.0,other,edge,other,1.6381531888107932,2.3627209454001674,plus,plus,1,1
2024-06-26 20:00:00+00:00,bullish,0.4694,0.4698,8.487163165712104,0.003085466457158435,BALANCE,NORMAL_VOL,bearish,0.503649635036496,other,middle,other,1.8797806038512395,1.8473705934399969,minus,minus,1,1
2024-06-27 06:00:00+00:00,bearish,0.4677,0.4687,21.445421402530577,0.0024431284939085045,BALANCE,NORMAL_VOL,bearish,0.1652173913043488,other,other,other,0.2865178813743529,4.82987285745354,minus,minus,1,1
2024-06-27 13:00:00+00:00,bullish,0.4716,0.4727,23.162771109707094,0.0027964216750939394,BALANCE,NORMAL_VOL,neutral,1.0,other,edge,other,2.1455991610415652,1.7164793288332405,minus,minus,1,1
2024-06-28 16:00:00+00:00,bearish,0.4764,0.4767,6.319780914262112,0.003182383833422492,BALANCE,NORMAL_VOL,neutral,0.2051282051282046,other,other,other,1.9168020953147422,0.6598826885509745,plus,plus,1,1
2024-06-30 23:00:00+00:00,bullish,0.4746,0.4755,18.907563025209168,0.0017533198313657006,BALANCE,NORMAL_VOL,bullish,0.7307692307692258,other,other,other,5.076084716995191,0.45627727793213246,plus,plus,0,1
2024-07-01 02:00:00+00:00,bullish,0.4769,0.4774,10.466820180029316,0.0019584707250402513,BALANCE,NORMAL_VOL,bullish,0.7701149425287365,other,other,other,3.676337822130074,1.276506188239613,plus,plus,1,1
2024-07-02 09:00:00+00:00,bullish,0.4807,0.4814,14.534883720929786,0.00225305395398517,BALANCE,NORMAL_VOL,bullish,0.8205128205128184,other,other,other,3.240046687336489,2.2192100598194817,plus,plus,1,1
2024-07-02 11:00:00+00:00,bullish,0.4833,0.4836,6.171569635876712,0.0026896230521606833,BALANCE,NORMAL_VOL,bullish,0.7956204379562024,other,other,other,1.0410380732536744,3.532093462824918,plus,plus,1,1
2024-07-03 02:00:00+00:00,bearish,0.4842,0.485,16.549441456350173,0.0023577129582056963,BALANCE,NORMAL_VOL,bullish,0.504504504504504,other,middle,other,18.704567002745595,0.9331076509306113,plus,plus,1,1
2024-07-03 04:00:00+00:00,bearish,0.4804,0.482,33.319450229071016,0.002598232091514093,BALANCE,NORMAL_VOL,neutral,0.29268292682926816,other,other,other,15.741472878262364,2.078336272435603,minus,minus,1,1
2024-07-03 08:00:00+00:00,bullish,0.4808,0.482,24.798512089274208,0.0026377006134353934,BALANCE,NORMAL_VOL,bullish,0.5934959349593485,other,middle,other,0.6445007410396989,16.908666500218178,minus,minus,1,1
2024-07-03 13:00:00+00:00,bearish,0.4782,0.4813,64.83999163354929,0.0033773910682012463,BALANCE,NORMAL_VOL,neutral,0.33587786259542096,other,middle,other,11.961895790029596,0.11843461178245807,plus,plus,0,0
2024-07-03 17:00:00+00:00,bearish,0.4697,0.471,27.807486631015355,0.003783675195202409,BALANCE,NORMAL_VOL,bearish,0.10648148148148256,other,edge,other,7.875940312684764,0.5021572682584124,plus,plus,0,0
2024-07-03 20:00:00+00:00,bearish,0.4647,0.4661,30.25718608169467,0.0038632414008234993,BALANCE,NORMAL_VOL,bearish,0.08015267175572484,other,edge,other,6.807754750814642,1.7342949365193159,minus,minus,1,1
2024-07-03 22:00:00+00:00,bullish,0.4647,0.466,27.86709539121165,0.003720856105812101,IMBALANCE,NORMAL_VOL,bearish,0.23600000000000096,trend_counter,other,other,0.7793905266774659,8.089536156204163,minus,minus,1,1
2024-07-04 02:00:00+00:00,bearish,0.4594,0.4667,159.1107236268533,0.005674528093453228,IMBALANCE,NORMAL_VOL,bearish,0.2386363636363629,trend_aligned,other,other,12.371072773609242,0.24671655104064238,plus,plus,0,0
2024-07-04 13:00:00+00:00,bearish,0.4467,0.4507,89.90784445942916,0.005444200249344504,IMBALANCE,NORMAL_VOL,bearish,0.18421052631578938,trend_aligned,other,other,11.700524793824343,0.4040997574005228,plus,plus,0,0
2024-07-05 00:00:00+00:00,bearish,0.4332,0.444,252.0420070011676,0.006160883353692518,IMBALANCE,HIGH_VOL,bearish,0.0,trend_aligned,other,high_vol_regular,7.6774704672262315,0.5356374744576481,plus,plus,0,1
2024-07-05 01:00:00+00:00,bearish,0.4293,0.431,40.01883239171326,0.006592248828428766,IMBALANCE,HIGH_VOL,bearish,0.16113744075829445,trend_aligned,other,high_vol_regular,6.613828017531295,1.0618531220807128,plus,plus,1,1
2024-07-05 03:00:00+00:00,bearish,0.405,0.4171,303.79111222696463,0.009785153326553378,IMBALANCE,HIGH_VOL,bearish,0.13837375178316672,trend_aligned,other,high_vol_regular,1.1854694160511294,3.423553917044213,plus,plus,1,1
2024-07-05 10:00:00+00:00,bullish,0.4045,0.4052,17.010935601457557,0.009484623753317614,IMBALANCE,NORMAL_VOL,bearish,0.45978755690440043,trend_counter,other,other,2.42497758458314,0.01054338080253422,plus,plus,0,1
2024-07-05 11:00:00+00:00,bullish,0.4065,0.4114,117.61881901104213,0.009278579199509212,BALANCE,NORMAL_VOL,bearish,0.5371775417298943,other,middle,other,2.090837355898857,0.5604306314780491,plus,plus,0,1
2024-07-06 17:00:00+00:00,bullish,0.4395,0.4433,85.47008547008605,0.004495265293787454,BALANCE,NORMAL_VOL,neutral,0.9208333333333328,other,edge,other,1.0900357775929073,5.160985722480687,plus,plus,1,1
2024-07-07 05:00:00+00:00,bearish,0.4426,0.4433,15.855039637599862,0.00363523239743474,BALANCE,NORMAL_VOL,bullish,0.5876288659793817,other,middle,other,10.645811813106993,0.3301026918792807,plus,plus,0,1
2024-07-07 14:00:00+00:00,bearish,0.4269,0.4322,124.67654669489465,0.004068114358266485,BALANCE,NORMAL_VOL,bearish,0.0,other,edge,other,5.481655144400246,4.522980029460302,minus,minus,1,1
2024-07-07 22:00:00+00:00,bearish,0.426,0.4286,61.84586108468105,0.004371027889692646,BALANCE,NORMAL_VOL,bearish,0.0,other,edge,other,4.02651285788011,5.2847981259676455,plus,plus,1,1
2024-07-08 01:00:00+00:00,bearish,0.411,0.4179,168.21062896148263,0.005181212927716746,IMBALANCE,NORMAL_VOL,bearish,0.04129793510324522,trend_aligned,other,other,0.23160599974200438,6.427066492840437,minus,minus,1,1
2024-07-08 09:00:00+00:00,bullish,0.4234,0.4308,170.54620880387225,0.00589229948441961,BALANCE,NORMAL_VOL,neutral,0.9174041297935112,other,edge,other,1.6292450893550594,2.2741546038914415,plus,plus,1,1
2024-07-08 12:00:00+00:00,bullish,0.4372,0.4376,9.06412871062795,0.006196567772328674,BALANCE,NORMAL_VOL,neutral,0.9948320413436699,other,edge,other,0.01613796599571587,3.3566969271092773,minus,minus,1,1
2024-07-08 15:00:00+00:00,bearish,0.4346,0.4358,28.308563340411286,0.007346523103427876,BALANCE,HIGH_VOL,bearish,0.5184275184275184,other,middle,high_vol_regular,0.4628039621101279,1.9192752546331697,minus,minus,1,1
2024-07-10 05:00:00+00:00,bullish,0.4358,0.4373,34.2309447740758,0.003534886872017592,BALANCE,NORMAL_VOL,bullish,0.7851239669421449,other,other,other,1.4144724233129917,2.093419186503215,plus,plus,1,1
2024-07-11 12:00:00+00:00,bullish,0.4469,0.4472,6.650410108622633,0.0036416683122431543,IMBALANCE,NORMAL_VOL,bullish,0.938095238095237,trend_aligned,other,other,7.441644234564365,3.459952669945054,minus,minus,1,1
2024-07-11 16:00:00+00:00,bearish,0.4453,0.4458,11.230907457322562,0.0045089048486562045,BALANCE,NORMAL_VOL,bullish,0.485576923076922,other,middle,other,0.24396167959229045,7.318850387768788,minus,minus,1,1
2024-07-12 08:00:00+00:00,bullish,0.4594,0.4597,6.43362642075965,0.004886272162535056,IMBALANCE,NORMAL_VOL,bullish,1.0,trend_aligned,other,other,10.31461169650688,1.6372399518264884,both,both,1,1
2024-07-12 17:00:00+00:00,bullish,0.4647,0.4655,17.141632740519025,0.0058025113589719275,IMBALANCE,NORMAL_VOL,bullish,0.6627565982404691,trend_aligned,other,other,12.959905693889718,0.08616958573064974,plus,plus,0,0
2024-07-12 23:00:00+00:00,bullish,0.4712,0.4726,29.52340784479149,0.005257733604047832,IMBALANCE,NORMAL_VOL,bullish,0.8675496688741721,trend_aligned,other,other,17.421955332517953,0.15215681513116558,plus,plus,0,0
2024-07-13 02:00:00+00:00,bullish,0.4756,0.4782,53.564070869385894,0.0052288049300630805,IMBALANCE,NORMAL_VOL,bullish,1.0,trend_aligned,other,other,15.376362491118984,0.4398710662882344,plus,plus,0,0
2024-07-13 03:00:00+00:00,bullish,0.4797,0.4831,69.10569105690973,0.005683890292201432,IMBALANCE,NORMAL_VOL,bullish,1.0,trend_aligned,other,other,12.984064822865616,0.2814973403331283,plus,plus,0,0
2024-07-13 04:00:00+00:00,bullish,0.4863,0.4904,82.57804632426975,0.005920755271329902,IMBALANCE,NORMAL_VOL,bullish,1.0,trend_aligned,other,other,11.704587814256005,0.033779474211413335,plus,plus,0,0
2024-07-13 05:00:00+00:00,bullish,0.4947,0.4963,31.601817104484415,0.006604987037663481,IMBALANCE,NORMAL_VOL,bullish,1.0,trend_aligned,other,other,9.008344703890314,0.5299026296405988,plus,plus,0,0
2024-07-13 06:00:00+00:00,bullish,0.4994,0.5028,66.60137120470156,0.006876059392116087,IMBALANCE,NORMAL_VOL,bullish,0.9757009345794379,trend_aligned,other,other,8.04239708333607,0.6253581818868871,plus,plus,0,0
2024-07-13 14:00:00+00:00,bullish,0.5138,0.5163,47.95703050067038,0.006977535725993138,IMBALANCE,NORMAL_VOL,bullish,1.0,trend_aligned,other,other,6.377609767618372,1.11787317275109,plus,plus,1,1
2024-07-13 16:00:00+00:00,bullish,0.5226,0.5303,144.62809917355446,0.008078589478024697,IMBALANCE,NORMAL_VOL,bullish,0.9019073569482291,trend_aligned,other,other,4.134385104089563,2.3395173193800267,plus,plus,1,1
2024-07-13 22:00:00+00:00,bearish,0.5353,0.5365,22.91825821237546,0.01072664862746322,IMBALANCE,NORMAL_VOL,bullish,0.518264840182648,trend_counter,other,other,0.941580203731217,1.4916122039306423,minus,minus,1,1
2024-07-13 23:00:00+00:00,bearish,0.5292,0.5301,17.126546146527346,0.010460459439787278,BALANCE,NORMAL_VOL,bullish,0.5126964933494558,other,middle,other,1.147177145427949,1.347933145877839,plus,plus,1,1
2024-07-14 07:00:00+00:00,bullish,0.5202,0.5232,57.02337958563016,0.009175747577443025,BALANCE,NORMAL_VOL,bullish,0.3010563380281693,other,middle,other,1.4712697669656205,0.8609652710391457,plus,plus,1,1
2024-07-16 01:00:00+00:00,bullish,0.538,0.5438,104.82559190312517,0.0075717087510450976,IMBALANCE,NORMAL_VOL,bullish,0.9255952380952396,trend_aligned,other,other,5.454515137590244,2.8131034486845548,plus,plus,1,1
2024-07-16 06:00:00+00:00,bearish,0.5474,0.554,122.67657992565148,0.009197210718193655,BALANCE,NORMAL_VOL,bullish,0.3237704918032797,other,middle,other,0.6523717009256926,7.991553336339728,minus,minus,1,1
2024-07-16 14:00:00+00:00,bullish,0.5492,0.5557,112.3595505617969,0.010449897733718553,IMBALANCE,HIGH_VOL,bullish,1.0,trend_aligned,other,high_vol_regular,5.339765174921359,0.4976125252614873,plus,plus,0,1
2024-07-16 15:00:00+00:00,bullish,0.5652,0.5759,183.09377138945808,0.010582047895595798,IMBALANCE,HIGH_VOL,bullish,1.0,trend_aligned,other,high_vol_regular,4.7155333723983714,1.0489463012749896,minus,minus,0,1
2024-07-17 05:00:00+00:00,bullish,0.5868,0.598,185.52261056816278,0.010347782263208875,IMBALANCE,NORMAL_VOL,bullish,0.9036312849162009,trend_aligned,other,other,3.276064294523284,2.251690208330166,plus,plus,1,1
2024-07-18 02:00:00+00:00,bearish,0.6173,0.6254,134.39522150323538,0.012697298770060142,BALANCE,NORMAL_VOL,bullish,0.17494089834515322,other,other,other,4.938058175636911,0.7796933961531983,plus,plus,0,0
2024-07-18 03:00:00+00:00,bearish,0.6104,0.6117,21.42033283901743,0.01245463457219871,BALANCE,NORMAL_VOL,bullish,0.274231678486997,other,other,other,5.371494411352256,0.45766095881476954,plus,plus,1,1
2024-07-18 06:00:00+00:00,bearish,0.5908,0.6057,252.84235533684074,0.013403473817463759,BALANCE,NORMAL_VOL,neutral,0.15559440559440615,other,other,other,3.678150953357007,0.0671467719679704,plus,plus,0,1
2024-07-19 01:00:00+00:00,bearish,0.5527,0.5683,282.50633828323174,0.01072612734489361,BALANCE,NORMAL_VOL,bearish,0.10859728506787321,other,edge,other,1.2306398736058375,3.1791530068150844,plus,plus,1,1
2024-07-19 17:00:00+00:00,bullish,0.566,0.5726,113.28527291452197,0.010605217673346167,BALANCE,NORMAL_VOL,neutral,0.958241758241758,other,edge,other,2.0650212635465994,1.3295342381738364,minus,minus,0,0
2024-07-22 12:00:00+00:00,bullish,0.6064,0.6069,8.089305937549668,0.00908843047109817,BALANCE,HIGH_VOL,bullish,1.0,other,edge,high_vol_regular,0.5281439974992771,3.058833985516623,minus,minus,1,1
2024-07-22 19:00:00+00:00,bullish,0.6156,0.6173,27.490297542042757,0.008945057459801573,BALANCE,NORMAL_VOL,bullish,0.8806366047745341,other,edge,other,0.268304592875506,4.337590918153883,minus,minus,1,1
2024-07-22 23:00:00+00:00,bearish,0.6078,0.6112,55.95786701777417,0.008681181958282824,BALANCE,NORMAL_VOL,bullish,0.5941644562334218,other,middle,other,3.2253672523572523,1.0597635257745233,minus,minus,1,1
2024-07-23 06:00:00+00:00,bearish,0.6029,0.606,51.80481283422445,0.008623879626365556,BALANCE,NORMAL_VOL,neutral,0.14930555555555813,other,edge,other,2.179993322555582,1.1131880796028413,minus,minus,1,1
2024-07-23 17:00:00+00:00,bearish,0.5901,0.5968,113.86811692726104,0.00919314033866325,BALANCE,NORMAL_VOL,bearish,0.16991643454039013,other,other,other,0.010877675779561712,4.8296880461259315,minus,minus,1,1
2024-07-24 04:00:00+00:00,bullish,0.599,0.6016,42.996527203572796,0.007852278126101115,BALANCE,NORMAL_VOL,neutral,0.8838028169014095,other,edge,other,3.578579305105751,1.4008673436357038,minus,minus,1,1
2024-07-24 09:00:00+00:00,bullish,0.6046,0.6091,72.4637681159412,0.008206913790151538,BALANCE,NORMAL_VOL,bullish,1.0,other,edge,other,1.437812105953918,3.3264636010628674,plus,plus,1,1
2024-07-24 10:00:00+00:00,bullish,0.6153,0.6158,7.985944737263312,0.008649277090854997,BALANCE,HIGH_VOL,bullish,1.0,other,edge,high_vol_regular,0.7746312124841096,3.7459778036544766,minus,minus,1,1
2024-07-24 22:00:00+00:00,bearish,0.6169,0.6226,93.53462422054542,0.008648314434579831,BALANCE,NORMAL_VOL,bullish,0.40458015267175634,other,middle,other,2.971677336018214,1.9078862274046808,minus,minus,1,1
2024-07-25 02:00:00+00:00,bearish,0.6088,0.6161,121.22218532049109,0.010412351847304114,BALANCE,NORMAL_VOL,neutral,0.21739130434782472,other,other,other,1.776735964295121,2.276142829934841,minus,minus,1,1
2024-07-25 07:00:00+00:00,bullish,0.6023,0.6059,59.132720105125614,0.009975935723286965,BALANCE,NORMAL_VOL,bullish,0.3861892583120203,other,middle,other,1.7141249176338653,2.516054703661405,plus,plus,1,1
2024-07-25 19:00:00+00:00,bearish,0.604,0.6125,141.57228514323887,0.01123097180452567,BALANCE,NORMAL_VOL,neutral,0.20807453416149185,other,other,other,1.4869594805028858,0.7568356637290073,plus,plus,0,1
2024-07-26 08:00:00+00:00,bearish,0.6032,0.6037,8.32362244048703,0.008763661303262988,BALANCE,NORMAL_VOL,bearish,0.4028436018957348,other,middle,other,1.7230241422472357,0.524894771810409,plus,plus,1,1
2024-07-29 14:00:00+00:00,bearish,0.6056,0.6076,33.31667499583545,0.004550496728796114,BALANCE,NORMAL_VOL,neutral,0.18367346938775078,other,other,other,1.9118791900113319,8.28480982338252,plus,plus,1,1
2024-07-29 18:00:00+00:00,bullish,0.5989,0.6011,36.46610309961843,0.005145573122426738,BALANCE,NORMAL_VOL,bullish,0.5652173913043462,other,middle,other,6.743660846789204,1.5936028514026304,plus,plus,1,1
2024-07-30 10:00:00+00:00,bullish,0.6005,0.6056,81.80943214629441,0.00813020079533121,BALANCE,NORMAL_VOL,bullish,0.8688524590163926,other,edge,other,4.2926369075707775,1.500577944766859,plus,plus,0,1
2024-07-30 14:00:00+00:00,bearish,0.6223,0.6239,26.041666666667414,0.00926695296010659,BALANCE,NORMAL_VOL,bullish,0.44988344988344897,other,middle,other,0.34531307256826455,4.737263714295913,minus,minus,1,1
2024-07-30 17:00:00+00:00,bullish,0.6192,0.6248,89.12939678497612,0.009619495500493508,BALANCE,NORMAL_VOL,bullish,0.7738927738927732,other,other,other,3.118666670041162,1.0915333345144007,minus,minus,1,1
2024-07-31 01:00:00+00:00,bullish,0.6303,0.6316,20.024645717807747,0.010221120916398652,IMBALANCE,HIGH_VOL,bullish,1.0,trend_aligned,other,high_vol_regular,0.8903133104902476,3.1796903946080257,minus,minus,1,1
2024-07-31 02:00:00+00:00,bullish,0.6397,0.6458,93.42931536222996,0.010383897993798744,IMBALANCE,HIGH_VOL,bullish,1.0,trend_aligned,other,high_vol_regular,0.4044723862376362,4.121766221659746,minus,minus,1,1
2024-07-31 05:00:00+00:00,bearish,0.6444,0.647,40.4858299595149,0.01043743582083668,IMBALANCE,NORMAL_VOL,bullish,0.7364975450081834,trend_counter,other,other,4.474279008908572,1.4275536880671922,minus,minus,1,1
2024-07-31 17:00:00+00:00,bearish,0.6433,0.65,104.94987468671742,0.010153646876167466,BALANCE,NORMAL_VOL,bullish,0.4817708333333324,other,middle,other,6.234213260712969,0.7484995384110404,plus,plus,0,0
2024-07-31 20:00:00+00:00,bearish,0.6333,0.6361,44.89337822671196,0.010465328785327964,BALANCE,HIGH_VOL,neutral,0.0,other,edge,high_vol_regular,5.389223898925268,1.0606451290438026,minus,minus,0,0
2024-08-01 03:00:00+00:00,bearish,0.6144,0.6167,37.6185803074923,0.010350286101833224,BALANCE,NORMAL_VOL,neutral,0.02765957446808676,other,edge,other,4.2607517865799975,0.23187764824924734,plus,plus,0,0
2024-08-01 15:00:00+00:00,bearish,0.5956,0.6046,153.74103177314672,0.009716720028529342,BALANCE,HIGH_VOL,bearish,0.0,other,edge,high_vol_regular,4.075449316614063,1.4819815696778347,plus,plus,0,0
2024-08-01 16:00:00+00:00,bearish,0.5889,0.5929,68.24773929363596,0.009972668597920103,BALANCE,NORMAL_VOL,bearish,0.07939508506616214,other,edge,other,4.041044741866281,1.3737546641083926,plus,plus,1,1
2024-08-01 21:00:00+00:00,bullish,0.5837,0.5862,42.194092827005186,0.010249977207650746,IMBALANCE,NORMAL_VOL,bearish,0.4038461538461538,trend_counter,other,other,0.7121967056230268,4.556107692136374,minus,minus,1,1
2024-08-02 01:00:00+00:00,bearish,0.5904,0.5953,83.43265792610276,0.009207007471566874,BALANCE,NORMAL_VOL,bearish,0.43010752688172094,other,middle,other,4.844136396949175,0.2389484321365037,plus,plus,0,0
2024-08-02 06:00:00+00:00,bearish,0.5748,0.5795,83.1269897417764,0.009799034489239007,IMBALANCE,HIGH_VOL,bearish,0.0,trend_aligned,other,high_vol_regular,2.3165547610765613,1.591993580299302,minus,minus,1,1
2024-08-02 15:00:00+00:00,bearish,0.5637,0.5685,85.53100498930908,0.010756041475112334,BALANCE,NORMAL_VOL,bearish,0.09813084112149502,other,edge,other,1.7199636169873416,1.5154274030753259,minus,minus,1,1
2024-08-04 15:00:00+00:00,bearish,0.5307,0.5441,253.64376301344083,0.007660256611554214,BALANCE,NORMAL_VOL,bearish,0.05000000000000139,other,edge,other,12.636652387596703,1.5143095836376288,plus,plus,0,0
2024-08-05 01:00:00+00:00,bearish,0.4986,0.5222,497.680303669338,0.013164627899238635,IMBALANCE,HIGH_VOL,bearish,0.0,trend_aligned,other,high_vol_large,3.2435402144917087,3.1599829724322044,plus,plus,0,1
2024-08-05 02:00:00+00:00,bearish,0.4785,0.4907,255.60444165095421,0.013274297335007304,IMBALANCE,NORMAL_VOL,bearish,0.25722273998136064,trend_aligned,other,other,3.4502767901103977,2.9003418432150743,plus,plus,1,1
2024-08-05 06:00:00+00:00,bearish,0.4699,0.4718,41.70324846356481,0.014890001722853588,IMBALANCE,HIGH_VOL,bearish,0.058706467661691686,trend_aligned,other,high_vol_regular,1.6185357428811216,4.184015634086882,minus,minus,1,1
2024-08-05 11:00:00+00:00,bearish,0.4528,0.4583,121.84315463003998,0.015016681683382434,IMBALANCE,NORMAL_VOL,bearish,0.175209692451072,trend_aligned,other,other,1.3251929034376155,4.488341793552522,both,both,1,1
2024-08-05 14:00:00+00:00,bullish,0.4561,0.4648,180.42306097055135,0.017008290691833534,BALANCE,NORMAL_VOL,bearish,0.4677121771217712,other,middle,other,2.1518917252262963,0.5761895876289005,plus,plus,0,0
2024-08-05 15:00:00+00:00,bullish,0.4671,0.4764,190.4176904176899,0.016943412785273997,BALANCE,NORMAL_VOL,bearish,0.5249077490774906,other,middle,other,1.794207600632946,0.9443197898068133,plus,plus,0,0
2024-08-05 19:00:00+00:00,bearish,0.482,0.4834,29.209263509284632,0.015880742725953002,BALANCE,NORMAL_VOL,bearish,0.48975409836065575,other,middle,other,0.031484673521149524,2.4872892081708127,minus,minus,1,1
2024-08-05 21:00:00+00:00,bullish,0.482,0.4873,108.14119567435273,0.015246660819826823,BALANCE,NORMAL_VOL,bearish,0.8733233979135617,other,edge,other,1.8823793838634133,0.1705291427890191,plus,plus,0,0
2024-08-06 01:00:00+00:00,bullish,0.4996,0.505,105.84084672677412,0.01504070646801005,BALANCE,NORMAL_VOL,neutral,0.9574209245742086,other,edge,other,0.5717816525634164,1.0637798187226297,minus,minus,1,1
2024-08-06 09:00:00+00:00,bearish,0.5034,0.5101,133.545943791111,0.011832631365846908,BALANCE,NORMAL_VOL,bearish,0.8041237113402062,other,other,other,0.6338404170730504,1.4367049453655703,minus,minus,1,1
2024-08-07 15:00:00+00:00,bearish,0.503,0.506,60.07208650380462,0.007926629531485676,BALANCE,NORMAL_VOL,neutral,0.2720588235294124,other,other,other,0.31539256250965864,18.254921518059025,minus,minus,1,1
2024-08-07 20:00:00+00:00,bullish,0.5065,0.513,108.04521276595845,0.018524149087124984,BALANCE,HIGH_VOL,bullish,1.0,other,edge,high_vol_regular,2.2943024157335876,1.2578175596845313,plus,plus,0,0
2024-08-07 21:00:00+00:00,bullish,0.5397,0.5906,812.969174253315,0.021022424152330344,BALANCE,HIGH_VOL,bullish,0.9012096774193545,other,edge,high_vol_large,0.7658488803830604,2.2737625144292077,minus,minus,0,0
2024-08-08 05:00:00+00:00,bearish,0.6067,0.6101,56.24483043837814,0.0212563490528068,IMBALANCE,NORMAL_VOL,bullish,0.7396449704142014,trend_counter,other,other,0.40458500086892685,1.7735877363672594,minus,minus,1,1
2024-08-09 05:00:00+00:00,bearish,0.6072,0.613,95.58338826631554,0.012915186480801906,BALANCE,NORMAL_VOL,bullish,0.16113744075829445,other,other,other,3.058414995301517,0.08517105050206683,plus,plus,0,0
2024-08-09 10:00:00+00:00,bearish,0.5906,0.6011,178.63218781898527,0.01189987585904754,BALANCE,NORMAL_VOL,bullish,0.0857142857142856,other,edge,other,1.7227070469322334,0.5210138385843823,plus,plus,0,1
2024-08-10 13:00:00+00:00,bullish,0.5899,0.5924,42.094628725375614,0.00768159884054278,BALANCE,NORMAL_VOL,bullish,0.7303754266211597,other,other,other,1.0284317319858642,3.3977301525102543,plus,plus,1,1
2024-08-11 10:00:00+00:00,bearish,0.5824,0.5892,117.26159682703774,0.00637035146085261,BALANCE,NORMAL_VOL,neutral,0.21785714285714247,other,other,other,5.478504634237073,0.21976809421009424,plus,plus,0,0
2024-08-11 20:00:00+00:00,bearish,0.5594,0.5678,152.2014857764081,0.006825018265714396,IMBALANCE,NORMAL_VOL,bearish,0.0,trend_aligned,other,other,1.010986305291252,3.9999892948480666,plus,plus,1,1
2024-08-13 11:00:00+00:00,bullish,0.5726,0.573,6.956521739129669,0.007118136547362786,BALANCE,NORMAL_VOL,neutral,0.7979274611398954,other,other,other,1.166035512914566,1.2222299954646434,minus,minus,1,1
2024-08-14 03:00:00+00:00,bullish,0.575,0.5774,41.43646408839898,0.006027197294979538,BALANCE,NORMAL_VOL,bullish,0.775956284153007,other,other,other,0.6138840026162586,2.6380420652969523,minus,minus,1,1
2024-08-14 14:00:00+00:00,bearish,0.5746,0.5751,8.721437292864904,0.006294330225306596,BALANCE,NORMAL_VOL,neutral,0.41818181818182026,other,middle,other,1.811153783156457,0.317746277746745,plus,plus,1,1
2024-08-15 18:00:00+00:00,bearish,0.5649,0.5676,48.10261892036407,0.005274898744639394,BALANCE,NORMAL_VOL,bearish,0.0,other,edge,other,2.0474326660725977,1.9147286969752935,plus,plus,1,1
2024-08-16 03:00:00+00:00,bullish,0.5604,0.5616,21.352313167259407,0.005270364515823701,BALANCE,NORMAL_VOL,bearish,0.5111111111111148,other,middle,other,1.7835578491350035,1.7076617704484156,plus,plus,1,1
2024-08-18 13:00:00+00:00,bullish,0.5677,0.5697,35.01400560224093,0.0037694839498753187,BALANCE,NORMAL_VOL,bullish,0.35609756097561257,other,middle,other,4.881304773988647,2.838584841395587,plus,plus,1,1
2024-08-18 18:00:00+00:00,bearish,0.5717,0.5726,15.759061460339902,0.003677449322085032,BALANCE,NORMAL_VOL,bullish,0.3512195121951253,other,middle,other,2.8824326514417034,9.843779432281966,plus,plus,1,1
2024-08-19 00:00:00+00:00,bearish,0.5646,0.5702,99.73285841496082,0.0038898220932716,BALANCE,NORMAL_VOL,neutral,0.0,other,edge,other,0.1285405830937146,12.185647277285485,minus,minus,1,1
2024-08-19 07:00:00+00:00,bullish,0.5671,0.5693,38.367631670735605,0.0041418732722007705,BALANCE,NORMAL_VOL,bullish,0.5397489539748956,other,middle,other,9.609178597309509,0.048287329634715895,plus,plus,0,0
2024-08-19 17:00:00+00:00,bullish,0.5841,0.586,31.7619525242396,0.006928515312223984,BALANCE,NORMAL_VOL,bullish,1.0,other,edge,other,2.3958956936578706,1.602074831301341,plus,plus,0,0
2024-08-19 18:00:00+00:00,bullish,0.5875,0.5959,139.04982618771666,0.007247907075636555,IMBALANCE,NORMAL_VOL,bullish,0.9864253393665148,trend_aligned,other,other,1.476288242707679,2.3455046846757446,minus,minus,1,1
2024-08-20 01:00:00+00:00,bullish,0.5994,0.6,9.94035785288161,0.006884762697481358,IMBALANCE,NORMAL_VOL,bullish,0.8789954337899548,trend_aligned,other,other,1.62678083357866,2.396596763754289,plus,plus,1,1
2024-08-20 15:00:00+00:00,bearish,0.5936,0.5966,50.91649694501024,0.006377485066408399,BALANCE,NORMAL_VOL,neutral,0.0,other,edge,other,0.7369676214148816,2.116821891298108,minus,minus,1,1
2024-08-20 17:00:00+00:00,bullish,0.5936,0.5946,16.750418760469028,0.006360688654199082,BALANCE,NORMAL_VOL,bullish,0.3574007220216606,other,middle,other,0.8961293831348148,1.9651960156465034,minus,minus,1,1
2024-08-22 13:00:00+00:00,bearish,0.5999,0.6009,16.688918558077454,0.0045723186752746345,BALANCE,NORMAL_VOL,bullish,0.5319148936170177,other,middle,other,1.2685030095045906,0.7873466955545951,plus,plus,1,1
2024-08-23 18:00:00+00:00,bullish,0.603,0.6047,28.108465608466183,0.004548047070799331,BALANCE,NORMAL_VOL,bullish,0.9062500000000028,other,edge,other,5.782701803782716,0.17589967463978354,plus,plus,0,1
2024-08-24 14:00:00+00:00,bullish,0.6155,0.6225,112.07172590457901,0.005163617370103601,IMBALANCE,NORMAL_VOL,bullish,0.8207171314741057,trend_aligned,other,other,0.25176148944085786,5.809880525558406,minus,minus,1,1
2024-08-24 22:00:00+00:00,bearish,0.6115,0.6192,126.37452814705284,0.005925390316068815,BALANCE,NORMAL_VOL,bullish,0.18045112781954598,other,other,other,2.4808492294820863,0.7425671163075784,plus,plus,0,0
2024-08-25 08:00:00+00:00,bearish,0.6013,0.6038,41.618112202431455,0.005538671159057895,BALANCE,NORMAL_VOL,neutral,0.16712328767123283,other,other,other,1.7513226045450896,0.9388533550138551,plus,plus,1,1
2024-08-26 18:00:00+00:00,bearish,0.5866,0.5899,56.74002751031584,0.0057430771548491,IMBALANCE,NORMAL_VOL,bearish,0.1751824817518259,trend_aligned,other,other,0.5049557792465722,3.203857357978231,minus,minus,1,1
2024-08-26 21:00:00+00:00,bullish,0.5828,0.5835,11.94947080915046,0.005535218844461899,IMBALANCE,NORMAL_VOL,bearish,0.3862660944206014,trend_counter,other,other,2.5653908904084948,4.010681532892156,plus,plus,1,1
2024-08-27 22:00:00+00:00,bearish,0.5739,0.5896,277.4832096147057,0.00790332815963644,BALANCE,HIGH_VOL,bearish,0.060439560439559906,other,edge,high_vol_regular,1.3159013253573888,2.3407860114530643,minus,minus,0,0
2024-08-28 14:00:00+00:00,bearish,0.576,0.5794,59.64912280701877,0.006862643437921653,IMBALANCE,NORMAL_VOL,bearish,0.39186295503211893,trend_aligned,other,other,2.1274600861998954,1.1220166208040645,plus,plus,0,0
2024-08-29 19:00:00+00:00,bearish,0.5649,0.5703,96.05122732123925,0.005008233146695065,BALANCE,NORMAL_VOL,bearish,0.1734104046242778,other,other,other,3.2746079345013017,1.058257442247361,plus,plus,0,1
2024-08-30 14:00:00+00:00,bearish,0.5628,0.5631,5.402485143167261,0.004402400028593997,BALANCE,NORMAL_VOL,bearish,0.0,other,edge,other,2.1579138511486193,3.7706705188491294,plus,plus,1,1
2024-08-30 15:00:00+00:00,bearish,0.5568,0.5577,16.42335766423379,0.004873657169408713,IMBALANCE,NORMAL_VOL,bearish,0.0,trend_aligned,other,other,0.4308879198933825,4.903914897834216,minus,minus,1,1
2024-09-01 02:00:00+00:00,bearish,0.5615,0.5648,58.949624866023036,0.002849870417383847,BALANCE,NORMAL_VOL,bearish,0.0,other,edge,other,6.105540762085948,0.6666969797680113,plus,plus,0,1
2024-09-01 06:00:00+00:00,bearish,0.558,0.5591,19.72386587771185,0.0030910180391217263,BALANCE,NORMAL_VOL,bearish,0.2642487046632123,other,other,other,4.94982552879157,1.2940720336710014,plus,plus,1,1
2024-09-01 19:00:00+00:00,bullish,0.5563,0.5569,10.731532820603361,0.003545368831234587,BALANCE,NORMAL_VOL,bearish,0.5031055900621114,other,middle,other,2.397493858781411,4.710370287252931,minus,minus,1,1
2024-09-01 23:00:00+00:00,bearish,0.5492,0.555,106.09109200658547,0.004573585984717065,BALANCE,NORMAL_VOL,bearish,0.2063492063492068,other,other,other,0.6122110766816883,4.7665005255933,minus,minus,1,1
2024-09-02 20:00:00+00:00,bullish,0.5619,0.564,37.050105857445146,0.004616319398780391,BALANCE,NORMAL_VOL,neutral,0.9662447257383956,other,edge,other,1.1914253596605844,2.122903368122455,plus,plus,1,1
2024-09-03 14:00:00+00:00,bearish,0.5649,0.5696,83.73418849100369,0.0043323500536227,BALANCE,NORMAL_VOL,neutral,0.16030534351144968,other,other,other,6.73999091453449,1.4080118006390527,minus,minus,0,0
2024-09-04 00:00:00+00:00,bearish,0.5601,0.5627,47.09291794964564,0.004551921405125198,BALANCE,NORMAL_VOL,neutral,0.0,other,edge,other,4.393748973231652,2.7241243634036145,plus,plus,1,1
2024-09-04 01:00:00+00:00,bearish,0.5523,0.5551,50.93687465890531,0.005669641304759112,BALANCE,NORMAL_VOL,bearish,0.0,other,edge,other,0.5467718032528519,2.610394415529758,minus,minus,1,1
2024-09-04 15:00:00+00:00,bullish,0.5548,0.5566,32.04557593021228,0.005116948048101905,BALANCE,NORMAL_VOL,neutral,0.838526912181302,other,other,other,0.5472011780613377,3.2245783707185605,minus,minus,1,1
2024-09-05 04:00:00+00:00,bearish,0.5539,0.5562,41.59132007233416,0.0038835422297546123,BALANCE,LOW_VOL,bearish,0.3575418994413443,other,middle,other,3.553456917313349,0.5664931317455998,plus,plus,0,0
2024-09-05 16:00:00+00:00,bearish,0.5478,0.5494,29.53664389883784,0.004168519239644988,BALANCE,NORMAL_VOL,bearish,0.0,other,edge,other,6.2372268197121725,1.367392033552298,minus,minus,0,0
2024-09-06 08:00:00+00:00,bearish,0.5367,0.5418,95.27367831122723,0.004015314593461482,IMBALANCE,NORMAL_VOL,bearish,0.1347826086956517,trend_aligned,other,other,8.268343420478864,2.4157509391158225,minus,minus,1,1
2024-09-06 15:00:00+00:00,bearish,0.5317,0.5361,83.65019011406977,0.005327349664120504,IMBALANCE,NORMAL_VOL,bearish,0.0,trend_aligned,other,other,4.486283331647183,1.2201188977283022,plus,plus,0,0
2024-09-08 18:00:00+00:00,bullish,0.5234,0.5251,32.31939163498165,0.0028527238232858897,BALANCE,LOW_VOL,bearish,0.5137614678899118,other,middle,other,4.136397608377027,0.8763554255036334,plus,plus,0,1
2024-09-09 17:00:00+00:00,bullish,0.5307,0.5346,72.91082445316907,0.003374274258903451,BALANCE,NORMAL_VOL,bullish,0.8644067796610215,other,edge,other,2.3116081863881184,0.47417603823347876,plus,plus,0,1
2024-09-11 02:00:00+00:00,bearish,0.5363,0.5384,39.33320846600469,0.003494170109374035,BALANCE,NORMAL_VOL,neutral,0.23893805309734878,other,other,other,3.2053390789283633,1.6026695394641657,plus,plus,1,1
2024-09-11 16:00:00+00:00,bullish,0.5288,0.5314,48.734770384253714,0.0041673497514865595,BALANCE,NORMAL_VOL,bearish,0.5454545454545434,other,middle,other,13.125848143772338,0.09598426430545448,plus,plus,0,0
2024-09-12 13:00:00+00:00,bullish,0.5386,0.5622,413.74474053296046,0.007194478658057951,BALANCE,NORMAL_VOL,bullish,0.6769509981851188,other,middle,other,0.6115801031770213,2.3490235781117663,minus,minus,0,0
2024-09-12 18:00:00+00:00,bullish,0.5587,0.559,5.344735435597327,0.007265100784617845,IMBALANCE,NORMAL_VOL,bullish,0.511796733212342,trend_aligned,other,other,1.8581985852946536,0.8671593398041706,plus,plus,1,1
2024-09-13 01:00:00+00:00,bearish,0.5588,0.5606,32.26963069200473,0.005863982588893969,BALANCE,NORMAL_VOL,bullish,0.43071161048689055,other,middle,other,0.47749118582018735,2.8990536281940864,minus,minus,1,1
2024-09-13 04:00:00+00:00,bullish,0.5581,0.5603,38.65073787772276,0.006319631832288645,IMBALANCE,NORMAL_VOL,bullish,0.6401515151515167,trend_aligned,other,other,1.6931366073148193,1.534899541210647,minus,minus,0,0
2024-09-13 05:00:00+00:00,bullish,0.5635,0.5672,65.08355321020294,0.006268229558553737,IMBALANCE,NORMAL_VOL,bullish,0.6268939393939402,trend_aligned,other,other,1.8825092300420847,1.435812124608367,minus,minus,1,1
2024-09-13 21:00:00+00:00,bullish,0.5691,0.57,15.734265734264003,0.005269363855776298,BALANCE,NORMAL_VOL,bullish,0.8585858585858568,other,edge,other,5.2947567796852635,0.39853008019136166,plus,plus,0,1
2024-09-14 03:00:00+00:00,bullish,0.5736,0.5757,36.38253638253622,0.0045913505537838835,IMBALANCE,NORMAL_VOL,bullish,1.0,trend_aligned,other,other,4.944079031667953,0.7623029343981572,plus,plus,0,1
2024-09-14 09:00:00+00:00,bullish,0.5797,0.5813,27.505587072374865,0.004723909504537731,IMBALANCE,NORMAL_VOL,bullish,0.855670103092782,trend_aligned,other,other,3.8527410363211425,0.5292226698243216,plus,plus,1,1
2024-09-15 04:00:00+00:00,bearish,0.5893,0.5897,6.824773929362839,0.004888586586355351,BALANCE,NORMAL_VOL,bullish,0.37272727272727174,other,middle,other,5.4821571688639095,0.8591440339264547,plus,plus,1,1
2024-09-15 11:00:00+00:00,bearish,0.5842,0.5864,37.722908093278114,0.004332906661748867,BALANCE,NORMAL_VOL,bullish,0.011834319526632466,other,edge,other,5.515927728374701,1.407830926488937,minus,minus,1,1
2024-09-15 22:00:00+00:00,bearish,0.5786,0.581,41.67390171904771,0.0042622088007483105,BALANCE,NORMAL_VOL,neutral,0.10416666666666678,other,edge,other,3.8946942245263787,3.636612077118032,plus,plus,1,1
2024-09-16 00:00:00+00:00,bearish,0.5713,0.5756,75.77092511013163,0.004615884119012576,BALANCE,NORMAL_VOL,neutral,0.0,other,edge,other,1.7764744063276265,5.177772964784197,plus,plus,1,1
2024-09-16 02:00:00+00:00,bearish,0.5633,0.5663,53.53319057815851,0.004809614367924107,BALANCE,NORMAL_VOL,bearish,0.0,other,edge,other,0.08316675088705733,6.445423193747659,minus,minus,1,1
2024-09-16 04:00:00+00:00,bullish,0.5633,0.5668,61.46821215314274,0.0049455348376488415,BALANCE,NORMAL_VOL,bearish,0.3258064516129029,other,middle,other,4.4484571885978355,1.011012997408599,plus,plus,0,1
2024-09-16 17:00:00+00:00,bullish,0.5696,0.5744,82.70158511371513,0.0053665000516093285,BALANCE,NORMAL_VOL,neutral,0.9094827586206901,other,edge,other,2.347898980495007,0.8385353501768029,plus,plus,0,1
2024-09-17 15:00:00+00:00,bullish,0.5853,0.5882,49.1275622564781,0.005100412598334075,BALANCE,NORMAL_VOL,bullish,0.8187919463087302,other,other,other,0.05881877087707661,5.626995747240961,minus,minus,1,1
2024-09-18 19:00:00+00:00,bullish,0.5713,0.5718,8.703220191469885,0.00522325276437792,BALANCE,NORMAL_VOL,bearish,0.5489361702127677,other,middle,other,3.809886463032406,0.6892256918048655,plus,plus,1,1
2024-09-19 00:00:00+00:00,bullish,0.5812,0.5832,34.05994550408722,0.0051812062842940656,BALANCE,NORMAL_VOL,neutral,1.0,other,edge,other,1.3896377802647124,1.2159330577316423,minus,minus,1,1
2024-09-20 04:00:00+00:00,bullish,0.5822,0.5873,86.51399491094136,0.004734856542881279,BALANCE,NORMAL_VOL,bullish,0.7231638418079095,other,other,other,0.6969588138760877,2.872315111731794,minus,minus,1,1
2024-09-21 17:00:00+00:00,bullish,0.5869,0.6014,240.38461538461652,0.004497294820142939,BALANCE,NORMAL_VOL,bullish,0.9399999999999977,other,edge,other,0.40024060507174264,4.402646655789095,minus,minus,1,1
2024-09-22 01:00:00+00:00,bullish,0.599,0.5995,8.312551953450638,0.004641841621086504,IMBALANCE,NORMAL_VOL,bullish,0.645768025078371,trend_aligned,other,other,0.08617269451479669,5.278077539031895,minus,minus,1,1
2024-09-24 15:00:00+00:00,bearish,0.5862,0.5883,36.032944406314186,0.0037126296974690593,BALANCE,NORMAL_VOL,bearish,0.19191919191919282,other,other,other,0.2154806875960163,3.447691001536171,minus,minus,1,1
2024-09-25 05:00:00+00:00,bearish,0.5901,0.5913,20.397756246814378,0.0035003660913927918,BALANCE,NORMAL_VOL,neutral,0.5034013605442211,other,middle,other,4.228129176657386,1.0570322941643226,plus,plus,1,1
2024-09-25 16:00:00+00:00,bearish,0.5876,0.588,6.82011935208791,0.003634199536650858,BALANCE,NORMAL_VOL,neutral,0.18018018018018037,other,other,other,3.57712884746563,2.448957441726473,plus,plus,1,1
2024-09-26 01:00:00+00:00,bearish,0.5808,0.582,20.664714999138607,0.003910774691248615,BALANCE,NORMAL_VOL,bearish,0.38918918918918916,other,middle,other,0.07671114387420366,3.988979481459045,minus,minus,1,1
2024-09-26 11:00:00+00:00,bullish,0.5881,0.5885,6.785411365565173,0.003343506213465825,BALANCE,NORMAL_VOL,neutral,0.9090909090909125,other,edge,other,2.033793139852208,2.213245475721534,plus,plus,1,1
2024-09-26 21:00:00+00:00,bearish,0.5918,0.5921,5.0701368936955715,0.0036771545809660836,BALANCE,NORMAL_VOL,bullish,0.7733990147783238,other,other,other,2.610714286990319,1.4685267864320355,plus,plus,1,1
2024-09-28 08:00:00+00:00,bullish,0.5879,0.5981,170.19856499249101,0.00531934479621237,BALANCE,NORMAL_VOL,bullish,0.55123674911661,other,middle,other,6.297768105548186,0.6955743877769712,plus,plus,0,0
2024-09-28 11:00:00+00:00,bullish,0.6105,0.6142,59.967585089139796,0.006736844211836228,BALANCE,NORMAL_VOL,bullish,0.9301675977653616,other,edge,other,2.3453117666340555,1.4101558090521118,plus,plus,1,1
2024-09-28 14:00:00+00:00,bullish,0.6177,0.6186,14.537231465030075,0.006813573882435936,IMBALANCE,NORMAL_VOL,bullish,0.8872180451127806,trend_aligned,other,other,3.6104400457759867,1.702483924024436,plus,plus,1,1
2024-09-28 21:00:00+00:00,bearish,0.6193,0.621,27.557140541417326,0.006246028758258407,IMBALANCE,NORMAL_VOL,bullish,0.7780487804878051,trend_counter,other,other,1.5049562472109055,7.877005038593283,plus,plus,1,1
2024-09-29 07:00:00+00:00,bullish,0.6211,0.6231,31.82686187141951,0.0067052519463699405,BALANCE,NORMAL_VOL,bullish,0.937219730941701,other,edge,other,5.622458380614606,1.1781809338688272,minus,minus,1,1
2024-09-29 15:00:00+00:00,bullish,0.633,0.6395,98.54457246816177,0.00885284218119246,IMBALANCE,NORMAL_VOL,bullish,1.0,trend_aligned,other,other,0.22591614749994401,4.8120139417488,minus,minus,1,1
2024-09-29 16:00:00+00:00,bullish,0.6437,0.6515,119.41212492345251,0.008941924882535856,IMBALANCE,NORMAL_VOL,bullish,0.7798634812286686,trend_aligned,other,other,0.3019484099305404,4.093078445725045,minus,minus,1,1
2024-09-29 21:00:00+00:00,bearish,0.6461,0.6506,69.78908188585528,0.008260538792265477,IMBALANCE,NORMAL_VOL,bullish,0.6365187713310582,trend_counter,other,other,3.413820903111584,1.2347862841041883,plus,plus,1,1
2024-09-30 10:00:00+00:00,bearish,0.6361,0.6438,122.43599936396946,0.00992111436702312,BALANCE,NORMAL_VOL,neutral,0.026178010471204202,other,edge,other,2.076379652317343,0.7962815171508251,plus,plus,0,0
2024-10-01 14:00:00+00:00,bearish,0.6229,0.6276,76.98607698607759,0.007485718220669554,BALANCE,NORMAL_VOL,bearish,0.08494208494208834,other,edge,other,4.7022876045221444,2.2309148578272584,plus,plus,0,0
2024-10-02 10:00:00+00:00,bearish,0.5945,0.5987,71.28309572301394,0.009941395798544745,BALANCE,NORMAL_VOL,bearish,0.24603174603174538,other,other,other,8.308692428490893,0.37218113783797396,plus,plus,0,0
2024-10-02 19:00:00+00:00,bearish,0.5761,0.5799,66.09845190467952,0.010182071364909038,IMBALANCE,NORMAL_VOL,bearish,0.23114355231143424,trend_aligned,other,other,6.707868915099681,0.2946355306778783,plus,plus,0,0
2024-10-02 22:00:00+00:00,bearish,0.5466,0.562,282.72443546906703,0.013027008304921702,IMBALANCE,NORMAL_VOL,bearish,0.11781609195402279,trend_aligned,other,other,2.924692999973405,0.23029078739948142,plus,plus,0,0
2024-10-03 08:00:00+00:00,bearish,0.5205,0.5308,200.62329567588796,0.011352134893209766,IMBALANCE,HIGH_VOL,bearish,0.0,trend_aligned,other,high_vol_regular,0.5990062718570504,1.3301462801531725,minus,minus,0,1
2024-10-04 07:00:00+00:00,bearish,0.5239,0.5253,26.737967914437682,0.007160511666212677,BALANCE,NORMAL_VOL,bearish,0.7151162790697664,other,other,other,1.2010314906097534,2.0948223673426094,plus,plus,1,1
2024-10-04 17:00:00+00:00,bullish,0.5228,0.5296,128.03615138391862,0.006384397338381563,BALANCE,NORMAL_VOL,bearish,0.911602209944755,other,edge,other,1.1747389146523879,0.8614752040784328,plus,plus,0,0
2024-10-04 19:00:00+00:00,bullish,0.5328,0.5351,42.934478252752825,0.006303893623400425,BALANCE,NORMAL_VOL,bearish,0.8791666666666662,other,edge,other,0.047589635536751496,1.60218439640355,minus,minus,1,1
2024-10-07 19:00:00+00:00,bearish,0.5404,0.5417,24.074074074073476,0.004680935683662286,BALANCE,NORMAL_VOL,bullish,0.6258064516129076,other,middle,other,4.144470531332284,0.021363250161504175,plus,plus,0,1
2024-10-07 23:00:00+00:00,bearish,0.5334,0.5347,24.611889435819155,0.004925973658399594,BALANCE,NORMAL_VOL,neutral,0.0,other,edge,other,1.5428421926375517,1.6037438581363952,minus,minus,1,1
2024-10-09 21:00:00+00:00,bearish,0.5268,0.5281,24.714828897337792,0.00393928891442032,BALANCE,NORMAL_VOL,bearish,0.3703703703703719,other,middle,other,0.9138705178037951,4.772434926308627,minus,minus,1,1
2024-10-10 13:00:00+00:00,bullish,0.5297,0.5333,67.12660824165668,0.004255095505301054,BALANCE,NORMAL_VOL,neutral,0.9075144508670498,other,edge,other,1.0340543460231109,2.8906519218373536,minus,minus,1,1
2024-10-10 18:00:00+00:00,bearish,0.5312,0.5341,54.9763033175358,0.005132219230547059,BALANCE,NORMAL_VOL,neutral,0.2276785714285714,other,other,other,0.5455729527948191,2.5719867774613676,minus,minus,1,1
2024-10-13 15:00:00+00:00,bearish,0.5296,0.5316,37.914691943128,0.002403271702247558,BALANCE,NORMAL_VOL,bearish,0.0,other,edge,other,1.2066883645689797,10.36087595785086,minus,minus,1,1
2024-10-14 04:00:00+00:00,bullish,0.5304,0.5363,109.5636025998146,0.0031352470114043075,BALANCE,NORMAL_VOL,neutral,0.9586206896551696,other,edge,other,5.422220302950086,0.9249669928561947,plus,plus,0,0
2024-10-14 16:00:00+00:00,bullish,0.5452,0.5456,7.317965605560849,0.0037307826169447516,BALANCE,NORMAL_VOL,bullish,0.7786259541984722,other,other,other,2.385558450813329,4.154624268270385,plus,plus,1,1
2024-10-15 02:00:00+00:00,bullish,0.5498,0.551,21.76278563656311,0.003714888605040164,IMBALANCE,NORMAL_VOL,bullish,0.7929292929292937,trend_aligned,other,other,0.0807561226985226,5.46449763593396,minus,minus,1,1
2024-10-15 04:00:00+00:00,bearish,0.5501,0.551,16.429353778751587,0.003801102929856055,BALANCE,NORMAL_VOL,bullish,0.5882352941176435,other,middle,other,4.393461663147426,0.36831415140159984,plus,plus,0,1
2024-10-15 12:00:00+00:00,bearish,0.5414,0.5431,31.464001480659537,0.004389604877491847,BALANCE,NORMAL_VOL,neutral,0.29629629629629517,other,other,other,2.0958606199783354,2.0275173388920926,minus,minus,1,1
2024-10-15 21:00:00+00:00,bearish,0.5405,0.5412,12.967765839200334,0.0053018236935947136,BALANCE,NORMAL_VOL,neutral,0.3565573770491778,other,middle,other,0.5281201642715269,2.6594622557959857,minus,minus,1,1
2024-10-16 10:00:00+00:00,bullish,0.5409,0.5424,27.609055770291658,0.003939412381690698,BALANCE,NORMAL_VOL,bullish,0.6740331491712699,other,middle,other,5.889203198890067,0.3807674482041137,plus,plus,0,1
2024-10-16 20:00:00+00:00,bullish,0.5488,0.5497,16.369588941433467,0.004155808055661161,BALANCE,NORMAL_VOL,bullish,0.7664670658682617,other,other,other,4.018472406888675,2.0212675579559654,minus,minus,1,1
2024-10-17 05:00:00+00:00,bullish,0.5495,0.5557,111.25067288713409,0.004768903785033278,BALANCE,NORMAL_VOL,bullish,0.878172588832489,other,edge,other,0.9645822619522273,3.795421508985991,minus,minus,1,1
2024-10-17 19:00:00+00:00,bearish,0.545,0.5484,62.48851314096597,0.005424979126894965,BALANCE,NORMAL_VOL,neutral,0.10756972111553922,other,edge,other,0.9032292816957941,1.64055930756991,minus,minus,1,1
2024-10-19 17:00:00+00:00,bearish,0.5423,0.5435,22.17704675660652,0.0025702685848438315,BALANCE,NORMAL_VOL,bearish,0.09278350515464,other,edge,other,1.9453219906602883,1.5173511527150292,minus,minus,1,1
2024-10-20 23:00:00+00:00,bullish,0.5454,0.5463,16.41437169432814,0.0028337445232284736,BALANCE,NORMAL_VOL,neutral,0.9606299212598467,other,edge,other,4.481702530308197,2.5408077337180184,minus,minus,1,1
2024-10-21 09:00:00+00:00,bullish,0.5504,0.5509,9.009009009008016,0.003603028793166058,BALANCE,NORMAL_VOL,bullish,1.0,other,edge,other,1.6652656263475702,6.910852349342419,plus,plus,1,1
2024-10-21 13:00:00+00:00,bearish,0.552,0.5523,5.5126791620721605,0.004549122900916705,BALANCE,NORMAL_VOL,neutral,0.13402061855670286,other,edge,other,3.429232478387529,1.1870420117495162,plus,plus,0,0
2024-10-21 14:00:00+00:00,bearish,0.5476,0.5495,34.77306002928281,0.004545614122279794,BALANCE,NORMAL_VOL,neutral,0.22340425531914748,other,other,other,3.9158625261997995,0.703975285608947,plus,plus,1,1
2024-10-22 09:00:00+00:00,bearish,0.5408,0.5443,65.55534744334254,0.004266058767837456,BALANCE,NORMAL_VOL,bearish,0.0,other,edge,other,2.695696572841548,0.6329026736236465,plus,plus,0,0
2024-10-22 10:00:00+00:00,bearish,0.5362,0.54,70.9219858156033,0.004204197427277634,BALANCE,NORMAL_VOL,bearish,0.2923076923076948,other,other,other,3.187290852008596,0.1902860210154165,plus,plus,0,0
2024-10-23 08:00:00+00:00,bearish,0.5278,0.5296,34.35114503816627,0.0033564548921178397,IMBALANCE,NORMAL_VOL,bearish,0.0,trend_aligned,other,other,3.7837541120615685,2.8303672491798895,minus,minus,1,1
2024-10-23 16:00:00+00:00,bearish,0.5242,0.5264,42.53673627223472,0.00371518699827739,IMBALANCE,NORMAL_VOL,bearish,0.0,trend_aligned,other,other,1.588076186403444,4.387396921758651,minus,minus,1,1
2024-10-23 20:00:00+00:00,bullish,0.5181,0.5207,49.61832061068792,0.004088938355315501,BALANCE,NORMAL_VOL,bearish,0.5594713656387672,other,middle,other,2.3233414579728815,0.36684338810099704,plus,plus,0,1
2024-10-25 16:00:00+00:00,bearish,0.5238,0.5247,17.234775947912905,0.0030548091080726757,BALANCE,NORMAL_VOL,bearish,0.1544117647058823,other,other,other,11.915638166656274,0.3600879665747743,plus,plus,0,0
2024-10-25 23:00:00+00:00,bearish,0.5118,0.5148,59.7966912497509,0.005704059174900909,IMBALANCE,NORMAL_VOL,bearish,0.0,trend_aligned,other,other,0.5610039976584967,2.3842669900485745,minus,minus,1,1
2024-10-26 00:00:00+00:00,bearish,0.5075,0.5112,73.02151174264924,0.0059394835195508405,IMBALANCE,NORMAL_VOL,bearish,0.48156682027649844,trend_aligned,other,other,0.26938369215662744,1.4479373453418212,minus,minus,1,1
2024-10-26 04:00:00+00:00,bullish,0.5104,0.5114,19.470404984423695,0.005348573219541115,BALANCE,NORMAL_VOL,bearish,0.6587677725118466,other,middle,other,0.5982903979530149,1.5331191447545538,minus,minus,1,1
2024-10-26 14:00:00+00:00,bearish,0.5114,0.5138,47.38400789733601,0.003955542645597258,BALANCE,NORMAL_VOL,bearish,0.605263157894735,other,middle,other,0.2780907952602538,2.6039410828915135,minus,minus,1,1
2024-10-28 20:00:00+00:00,bullish,0.5155,0.5172,32.86929621036417,0.002788312966476741,BALANCE,LOW_VOL,bullish,0.5887850467289731,other,middle,other,4.94922921706219,0.4303677580053992,plus,plus,0,1
2024-10-29 17:00:00+00:00,bullish,0.5259,0.5272,24.579315560596857,0.0029221604513256956,IMBALANCE,NORMAL_VOL,bullish,0.9084507042253543,trend_aligned,other,other,0.7186463696910567,3.2852405471591486,minus,minus,1,1
2024-10-29 20:00:00+00:00,bearish,0.5268,0.5285,32.39329268292538,0.003238406163105893,BALANCE,NORMAL_VOL,bullish,0.5118110236220502,other,middle,other,1.6983663330004029,1.327813678527564,minus,minus,1,1
2024-10-30 01:00:00+00:00,bearish,0.5259,0.5275,30.458785455928705,0.0031035028922436953,BALANCE,NORMAL_VOL,bullish,0.4,other,middle,other,2.029964275446623,0.48332482748731165,plus,plus,0,0
2024-10-30 12:00:00+00:00,bearish,0.5225,0.5234,17.241379310345057,0.0027976636162846255,BALANCE,NORMAL_VOL,neutral,0.1428571428571474,other,edge,other,2.430599576167279,1.4655085679832036,minus,minus,1,1
2024-10-31 07:00:00+00:00,bearish,0.519,0.52,19.30874686232865,0.0026845350837679327,BALANCE,NORMAL_VOL,bearish,0.04651162790698425,other,edge,other,5.848312467559187,1.3410143237715055,plus,plus,1,1
2024-10-31 14:00:00+00:00,bearish,0.5147,0.5178,60.74857926709762,0.0032030351115252542,BALANCE,NORMAL_VOL,bearish,0.0,other,edge,other,2.5288514543141725,4.402074753806154,plus,plus,1,1
2024-10-31 15:00:00+00:00,bearish,0.5123,0.5133,19.577133907595943,0.0031813897464163083,BALANCE,NORMAL_VOL,bearish,0.1758241758241748,other,other,other,2.7032211346275834,4.274861329178461,plus,plus,1,1
2024-11-01 04:00:00+00:00,bullish,0.5116,0.5151,67.77691711851176,0.0044367034108790705,BALANCE,NORMAL_VOL,bearish,0.7553191489361681,other,other,other,1.8031405886594793,2.0059939048836735,minus,minus,1,1
2024-11-01 09:00:00+00:00,bullish,0.5148,0.5176,53.80476556494838,0.004818774951537166,BALANCE,NORMAL_VOL,neutral,0.9430051813471507,other,edge,other,0.7263256813608976,2.6770289398729825,minus,minus,1,1
2024-11-01 22:00:00+00:00,bearish,0.5124,0.5152,54.75166210402865,0.0047884051421120165,BALANCE,NORMAL_VOL,bearish,0.41441441441441385,other,middle,other,1.1068403451054492,0.9815376645274868,plus,plus,1,1
2024-11-03 02:00:00+00:00,bearish,0.5083,0.5096,25.984409354388944,0.0032171661381352637,BALANCE,NORMAL_VOL,bearish,0.0,other,edge,other,2.766409820898646,2.269077718265217,minus,minus,0,1
2024-11-03 03:00:00+00:00,bearish,0.5029,0.5065,71.75602949969975,0.003301654271125603,IMBALANCE,NORMAL_VOL,bearish,0.27329192546584036,trend_aligned,other,other,3.1196482593825747,1.8778465250652283,minus,minus,1,1
2024-11-03 14:00:00+00:00,bearish,0.498,0.5008,56.36070853462208,0.0035197934150476445,IMBALANCE,NORMAL_VOL,bearish,0.15697674418604865,trend_aligned,other,other,1.534180948493797,5.057114978368406,plus,plus,1,1
2024-11-03 21:00:00+00:00,bullish,0.5006,0.5022,31.802822500495623,0.003937139523799581,BALANCE,NORMAL_VOL,bearish,0.6324324324324312,other,middle,other,2.9209023278153348,1.9303354514257929,plus,plus,1,1
2024-11-04 02:00:00+00:00,bullish,0.5036,0.5055,37.46795503845202,0.003665471502220291,BALANCE,LOW_VOL,neutral,0.9691358024691324,other,edge,other,2.0461214868147155,3.1646678996067807,plus,plus,1,1
2024-11-04 10:00:00+00:00,bullish,0.5066,0.5102,70.14809041309307,0.003421148016570679,BALANCE,NORMAL_VOL,neutral,1.0,other,edge,other,1.6368774378880653,5.173701901896159,minus,minus,1,1
2024-11-05 08:00:00+00:00,bullish,0.5102,0.5111,17.571261226083795,0.004017035349329756,BALANCE,NORMAL_VOL,bullish,0.8564102564102553,other,edge,other,7.667346020527065,1.6181087380982293,minus,minus,1,1
2024-11-06 01:00:00+00:00,bullish,0.5154,0.5176,42.33211468154665,0.004342783776863832,BALANCE,NORMAL_VOL,bullish,0.8917197452229344,other,edge,other,6.355370522253232,0.1842136383261862,plus,plus,0,0
2024-11-06 03:00:00+00:00,bullish,0.5222,0.5287,121.72284644194663,0.005203726828010139,BALANCE,NORMAL_VOL,bullish,1.0,other,edge,other,8.570780418359245,1.4028407411215977,plus,plus,0,0
2024-11-06 21:00:00+00:00,bullish,0.5363,0.5405,77.20588235294083,0.005016712056336939,IMBALANCE,NORMAL_VOL,bullish,1.0,trend_aligned,other,other,6.896947564748993,1.1960024678755503,minus,minus,0,0
2024-11-07 02:00:00+00:00,bullish,0.5423,0.5449,47.058823529412614,0.0053411691734350075,IMBALANCE,NORMAL_VOL,bullish,1.0,trend_aligned,other,other,4.886570552719379,2.209254119620261,plus,plus,1,1
2024-11-07 03:00:00+00:00,bullish,0.5473,0.5515,74.99999999999966,0.006895371375332507,IMBALANCE,NORMAL_VOL,bullish,1.0,trend_aligned,other,other,0.4350744632453138,2.7989790468783,minus,minus,1,1
2024-11-07 04:00:00+00:00,bullish,0.5528,0.5557,52.04594400574324,0.0069242734199516116,IMBALANCE,NORMAL_VOL,bullish,0.5876685934489412,trend_aligned,other,other,0.5632359907629513,2.382921499381718,minus,minus,1,1
2024-11-07 14:00:00+00:00,bearish,0.5465,0.5474,16.53196179279963,0.00620991457851071,BALANCE,NORMAL_VOL,bullish,0.2629310344827584,other,other,other,0.2898590596123317,2.576524974331806,minus,minus,1,1
2024-11-07 16:00:00+00:00,bullish,0.5465,0.5486,38.02281368821276,0.006151916141675054,BALANCE,NORMAL_VOL,bullish,0.38979118329466417,other,middle,other,1.3166629410189774,1.0240711763480894,plus,plus,1,1
2024-11-08 03:00:00+00:00,bearish,0.5513,0.5527,25.468437329451646,0.005253336160640198,BALANCE,NORMAL_VOL,bullish,0.4568527918781718,other,middle,other,1.5609128655114832,1.5799483882616423,minus,minus,1,1
2024-11-08 17:00:00+00:00,bearish,0.5489,0.5494,9.13408841797488,0.005106405306183407,BALANCE,NORMAL_VOL,bullish,0.09722222222221943,other,edge,other,0.7637466605475789,1.9387415229284661,minus,minus,1,1
2024-11-09 13:00:00+00:00,bearish,0.5505,0.5516,20.03278091422309,0.004003234751678735,BALANCE,NORMAL_VOL,bullish,0.4810126582278502,other,middle,other,1.3988687517392575,17.53581899501695,plus,plus,1,1
2024-11-10 02:00:00+00:00,bullish,0.5614,0.5693,138.54787793756608,0.0049458092128610714,BALANCE,NORMAL_VOL,bullish,0.8959731543624165,other,edge,other,9.927596857622488,1.4962162270144044,plus,plus,0,0
2024-11-10 13:00:00+00:00,bullish,0.5876,0.605,284.54619787407967,0.00822742909117223,IMBALANCE,NORMAL_VOL,bullish,1.0,trend_aligned,other,other,0.6806500472922411,5.919224518416529,minus,minus,1,1
2024-11-10 20:00:00+00:00,bearish,0.5989,0.6062,125.73200137788449,0.010434652748036104,BALANCE,HIGH_VOL,bullish,0.3895899053627768,other,middle,high_vol_regular,1.705854562659036,5.117563687977098,plus,plus,1,1
2024-11-10 21:00:00+00:00,bearish,0.588,0.5919,66.4621676891618,0.011489320408890669,BALANCE,HIGH_VOL,bullish,0.46457990115321274,other,middle,high_vol_regular,1.4100050676160187,4.108162913054083,minus,minus,1,1
2024-11-11 06:00:00+00:00,bearish,0.5788,0.5874,149.35741576936528,0.010755206325008685,BALANCE,NORMAL_VOL,neutral,0.23008849557522146,other,other,other,0.3719129023772376,5.411332729588805,minus,minus,1,1
2024-11-11 16:00:00+00:00,bullish,0.5832,0.5893,103.42488979315013,0.008933777142242472,BALANCE,NORMAL_VOL,bullish,0.7458563535911606,other,other,other,12.771753557684972,0.1790955801252984,plus,plus,0,0
2024-11-11 21:00:00+00:00,bullish,0.5994,0.6101,173.98373983739728,0.010584436017125748,BALANCE,NORMAL_VOL,bullish,0.700315457413249,other,other,other,11.847584490765612,1.6817145449412154,minus,minus,1,1
2024-11-12 01:00:00+00:00,bearish,0.6131,0.616,48.13278008298777,0.01174206781250335,IMBALANCE,NORMAL_VOL,bullish,0.5031545741324926,trend_counter,other,other,0.4343357644868429,11.880360616846009,minus,minus,1,1
2024-11-12 08:00:00+00:00,bullish,0.6093,0.6156,91.79659041235732,0.015833754921456923,IMBALANCE,HIGH_VOL,bullish,1.0,trend_aligned,other,high_vol_regular,3.5178010696956528,5.046181426726799,minus,minus,1,1
2024-11-12 09:00:00+00:00,bullish,0.6179,0.6471,450.82599969121515,0.018445629569924286,BALANCE,HIGH_VOL,bullish,0.609693877551021,other,middle,high_vol_large,5.112322116332461,2.2390127614478343,minus,minus,1,1
2024-11-12 15:00:00+00:00,bullish,0.6562,0.6592,44.16961130742053,0.024440741888846363,IMBALANCE,NORMAL_VOL,bullish,0.809925093632959,trend_aligned,other,other,2.569480103574884,1.5711470697018406,plus,plus,1,1
2024-11-12 21:00:00+00:00,bullish,0.6982,0.7048,91.21061359867245,0.024840180273493682,IMBALANCE,NORMAL_VOL,bullish,0.882517482517483,trend_aligned,other,other,1.026562598147098,3.333309142218816,minus,minus,1,1
2024-11-13 04:00:00+00:00,bearish,0.6777,0.6801,36.31411711302873,0.0262462186464685,BALANCE,NORMAL_VOL,bullish,0.40191740412979365,other,middle,other,0.7658246039455484,3.3604840829849407,minus,minus,1,1
2024-11-13 14:00:00+00:00,bullish,0.6769,0.6926,220.38180797304952,0.023464190671412997,BALANCE,NORMAL_VOL,bullish,0.7075098814229251,other,other,other,1.8581506010824795,1.8581506010824844,plus,plus,1,1
2024-11-13 20:00:00+00:00,bearish,0.6931,0.7046,168.0795089155211,0.024865306854299163,BALANCE,NORMAL_VOL,bullish,0.4007386888273316,other,middle,other,0.6193368169650176,4.697307806591798,minus,minus,1,1
2024-11-14 18:00:00+00:00,bullish,0.7327,0.7587,335.83053474554407,0.022997670784200345,IMBALANCE,HIGH_VOL,bullish,1.0,trend_aligned,other,high_vol_large,6.157145274784989,0.878349820273,plus,plus,0,0
2024-11-15 02:00:00+00:00,bullish,0.8006,0.8053,56.75643038280447,0.030380387066657022,IMBALANCE,NORMAL_VOL,bullish,0.8798780487804875,trend_aligned,other,other,3.298180493229174,1.8005037223516525,minus,minus,1,1
2024-11-15 13:00:00+00:00,bullish,0.8351,0.8534,208.49948729634377,0.029523532976330404,IMBALANCE,HIGH_VOL,bullish,1.0,trend_aligned,other,high_vol_regular,8.671048963050598,0.6638771862335638,plus,plus,0,0
2024-11-16 05:00:00+00:00,bullish,0.9196,0.9445,253.30620549338795,0.03044278789818704,IMBALANCE,HIGH_VOL,bullish,1.0,trend_aligned,other,high_vol_regular,9.427520270477322,1.2088248987929089,minus,minus,0,0
2024-11-16 09:00:00+00:00,bullish,0.9795,0.981,14.255844896407012,0.033995376019370055,IMBALANCE,HIGH_VOL,bullish,1.0,trend_aligned,other,high_vol_regular,6.40675366779002,1.3943072720534786,both,both,0,0
2024-11-16 10:00:00+00:00,bullish,0.9978,1.0326,325.72070385623306,0.034559992017986485,IMBALANCE,HIGH_VOL,bullish,1.0,trend_aligned,other,high_vol_regular,5.833334680606373,1.8402782028103468,minus,minus,0,0
2024-11-16 14:00:00+00:00,bullish,1.0641,1.1102,385.93553788195925,0.0436016616000029,IMBALANCE,HIGH_VOL,bullish,1.0,trend_aligned,other,high_vol_large,1.731585385268783,4.350751623648842,both,both,1,1
2024-11-17 02:00:00+00:00,bearish,1.0812,1.086,45.00281267579353,0.05667014468595826,BALANCE,NORMAL_VOL,bullish,0.37183446571957984,other,middle,other,1.0905213025742087,1.4434408179703926,plus,plus,1,1
2024-11-17 07:00:00+00:00,bullish,1.0492,1.0597,98.22263797942168,0.05239246339115304,BALANCE,NORMAL_VOL,bullish,0.24208144796380093,other,other,other,2.259867017819838,0.7023911001331915,plus,plus,1,1
2024-11-17 13:00:00+00:00,bullish,1.0627,1.073,91.42552813775941,0.04887060894968671,BALANCE,NORMAL_VOL,bullish,0.6008880118401582,other,middle,other,1.2441015429661375,1.9316313430263734,minus,minus,1,1
2024-11-17 14:00:00+00:00,bullish,1.0809,1.0893,75.80543272267812,0.04828699402470908,BALANCE,NORMAL_VOL,bullish,0.5096201282683774,other,middle,other,1.6422641666081157,1.5718518315959171,minus,minus,1,1
2024-11-18 02:00:00+00:00,bullish,1.0881,1.1001,107.50761512273796,0.03864685230534253,BALANCE,NORMAL_VOL,bullish,0.7757660167130922,other,other,other,1.8423233912418078,1.0505383382642952,plus,plus,1,1
2024-11-21 18:00:00+00:00,bullish,1.116,1.1241,66.98643731392653,0.03143134862466261,BALANCE,HIGH_VOL,bullish,1.0,other,edge,high_vol_regular,9.366445058262597,1.5271377812384683,minus,minus,0,0
2024-11-21 19:00:00+00:00,bullish,1.1567,1.1612,38.37953091684391,0.03480768086575814,BALANCE,HIGH_VOL,bullish,0.6415601882985885,other,middle,high_vol_regular,9.51226832022922,0.18099453463438825,plus,plus,0,0
2024-11-22 00:00:00+00:00,bullish,1.2092,1.2474,297.716467929234,0.03625254330727141,IMBALANCE,HIGH_VOL,bullish,1.0,trend_aligned,other,high_vol_regular,9.392444472487638,0.03861798020993023,plus,plus,0,0
2024-11-22 01:00:00+00:00,bullish,1.2663,1.2817,113.88847803579411,0.040498790213894874,IMBALANCE,HIGH_VOL,bullish,1.0,trend_aligned,other,high_vol_regular,6.9829246381530945,0.25185937520919904,plus,plus,0,0
2024-11-22 02:00:00+00:00,bullish,1.2979,1.342,324.1931926780859,0.042606019484330945,IMBALANCE,NORMAL_VOL,bullish,0.9392108069676506,trend_aligned,other,other,6.447445767634438,0.1431722576722608,plus,plus,0,1
2024-11-22 12:00:00+00:00,bullish,1.4142,1.4507,246.77168548441753,0.04407227365260243,IMBALANCE,HIGH_VOL,bullish,1.0,trend_aligned,other,high_vol_regular,3.5373713920201655,2.833981314068755,minus,minus,1,1
2024-11-22 14:00:00+00:00,bearish,1.4437,1.4507,48.584119933371156,0.04935670534331536,IMBALANCE,NORMAL_VOL,bullish,0.8345191040843215,trend_counter,other,other,0.7618012535168627,3.934622431728042,minus,minus,1,1
2024-11-22 19:00:00+00:00,bearish,1.4367,1.4449,57.07921481275223,0.0476451783427954,IMBALANCE,NORMAL_VOL,bullish,0.7806155861165687,trend_counter,other,other,0.48273510143084697,4.164114961907802,minus,minus,1,1
2024-11-23 01:00:00+00:00,bullish,1.4758,1.5537,489.3523462529058,0.05419516499178833,IMBALANCE,NORMAL_VOL,bullish,0.8823311061618416,trend_aligned,other,other,0.19558940362311025,3.2899613835849784,minus,minus,1,1
2024-11-23 17:00:00+00:00,bearish,1.5148,1.5481,222.01480098673318,0.054089508596664206,BALANCE,NORMAL_VOL,bullish,0.389792231255646,other,middle,other,4.0747273495029015,0.2606790182758209,plus,plus,0,0
2024-11-24 12:00:00+00:00,bearish,1.4048,1.424,143.4334379202143,0.04556357207390099,BALANCE,HIGH_VOL,neutral,0.0,other,edge,high_vol_regular,0.8471679950244773,4.420197777148442,minus,minus,1,1
2024-11-24 19:00:00+00:00,bullish,1.3542,1.3751,151.48220627672623,0.047941595310785796,BALANCE,NORMAL_VOL,bearish,0.4272921108741999,other,middle,other,3.343651769634294,0.49226563794989875,plus,plus,0,1
2024-11-25 05:00:00+00:00,bullish,1.414,1.4377,162.30653335159604,0.0439649279522875,BALANCE,NORMAL_VOL,neutral,0.9621938232161868,other,edge,other,1.8150831518842074,1.9515555693191053,plus,plus,1,1
2024-11-25 14:00:00+00:00,bearish,1.4505,1.4595,64.81814908174374,0.04295907123525648,BALANCE,HIGH_VOL,neutral,0.25808031341821736,other,other,high_vol_regular,2.4139255579364947,3.163476213342035,minus,minus,1,1
2024-11-26 11:00:00+00:00,bearish,1.3455,1.3572,87.79170105800289,0.04231616791975441,BALANCE,NORMAL_VOL,bearish,0.024923702950152123,other,edge,other,0.46081677426412015,3.20444895334433,minus,minus,1,1
2024-11-27 16:00:00+00:00,bullish,1.4587,1.4658,48.28289697381764,0.036885239999016495,BALANCE,NORMAL_VOL,bullish,0.7585318737926587,other,other,other,1.4314668957395433,1.07360017180465,plus,plus,1,1
2024-11-29 07:00:00+00:00,bullish,1.5712,1.5861,93.66356550163526,0.0312994778071153,IMBALANCE,HIGH_VOL,bullish,0.8437994722955141,trend_aligned,other,high_vol_regular,11.540128631727157,0.015974707408258425,plus,plus,0,0
2024-11-29 15:00:00+00:00,bullish,1.705,1.71,29.21243281140391,0.03965592770151405,IMBALANCE,HIGH_VOL,bullish,0.8708761972330614,trend_aligned,other,high_vol_regular,6.062145407603755,0.8800701943651027,plus,plus,1,1
2024-11-30 06:00:00+00:00,bullish,1.8588,1.8714,66.3332455909447,0.052061572929408544,IMBALANCE,NORMAL_VOL,bullish,0.967637540453074,trend_aligned,other,other,1.1486399014698276,1.5270379961011884,plus,plus,1,1
2024-11-30 13:00:00+00:00,bearish,1.8572,1.8684,61.11202051617886,0.05232370678056324,IMBALANCE,NORMAL_VOL,bullish,0.5666545586632764,trend_counter,other,other,0.0344012324575726,2.4195533495159087,minus,minus,1,1
2024-12-01 01:00:00+00:00,bearish,1.907,1.9129,31.07061983253471,0.0483537994575875,BALANCE,NORMAL_VOL,bullish,0.5664034458004306,other,middle,other,1.0692024324861509,12.383721790574588,plus,plus,1,1
2024-12-01 09:00:00+00:00,bullish,1.8892,1.9097,106.57655315830497,0.04211268450213203,BALANCE,NORMAL_VOL,bullish,0.7430007178750893,other,other,other,13.634846763827895,1.006822540554341,minus,minus,1,1
2024-12-01 19:00:00+00:00,bullish,1.9341,1.9723,179.68015051740363,0.04875189439306078,IMBALANCE,HIGH_VOL,bullish,1.0,trend_aligned,other,high_vol_regular,15.398375988171914,1.0091915527082145,both,both,0,0
2024-12-01 20:00:00+00:00,bullish,1.9833,2.0768,430.79616660523374,0.05436247336498501,IMBALANCE,HIGH_VOL,bullish,1.0,trend_aligned,other,high_vol_large,12.992418414408082,0.531616724021506,plus,plus,0,0
2024-12-02 00:00:00+00:00,bullish,2.1858,2.2804,390.2318290570095,0.07073664883843543,IMBALANCE,HIGH_VOL,bullish,1.0,trend_aligned,other,high_vol_large,6.396966882521157,2.9320020584196382,both,both,0,0
2024-12-02 09:00:00+00:00,bearish,2.3664,2.39,100.35720360605573,0.0946479280658362,IMBALANCE,NORMAL_VOL,bullish,0.7630554654557248,trend_counter,other,other,1.3333625212822022,5.547929159471357,plus,plus,1,1
2024-12-02 15:00:00+00:00,bullish,2.4596,2.605,538.4188113312349,0.114684411206684,IMBALANCE,HIGH_VOL,bullish,1.0,trend_aligned,other,high_vol_large,1.8790696811585523,3.6142662776808336,plus,plus,1,1
2024-12-03 07:00:00+00:00,bearish,2.6459,2.6964,192.1467163838368,0.1112493148874288,IMBALANCE,NORMAL_VOL,bullish,0.6184553968985107,trend_counter,other,other,3.0759739989973522,2.5869822235869004,minus,minus,1,1
2024-12-03 12:00:00+00:00,bullish,2.654,2.6838,109.478324761206,0.12993264482897396,BALANCE,HIGH_VOL,bullish,0.5611111111111112,other,middle,high_vol_regular,0.031554810612813344,3.3555847383380235,minus,minus,1,1
2024-12-03 14:00:00+00:00,bearish,2.6058,2.6838,314.0728810146982,0.16307202538824792,BALANCE,HIGH_VOL,bullish,0.29674796747967436,other,other,high_vol_regular,0.49916593484504646,1.2540470967544506,minus,minus,1,1
2024-12-04 17:00:00+00:00,bearish,2.4196,2.487,280.57613853967246,0.09394032799240193,BALANCE,NORMAL_VOL,neutral,0.21483516483516538,other,other,other,2.3653313198775705,1.004893234007391,plus,plus,1,1
2024-12-07 16:00:00+00:00,bullish,2.4825,2.5239,163.07558986883004,0.04790449150242287,BALANCE,NORMAL_VOL,bullish,0.9408658922914461,other,edge,other,1.7534890229604378,1.3819163490473876,minus,minus,1,1
2024-12-08 00:00:00+00:00,bullish,2.5587,2.5764,68.53558429489681,0.04854626956937521,IMBALANCE,NORMAL_VOL,bullish,0.8312289562289552,trend_aligned,other,other,1.3636475178674012,2.8282296707430987,minus,minus,1,1
2024-12-09 01:00:00+00:00,bearish,2.5175,2.5833,262.9370629370624,0.04927806736498587,BALANCE,NORMAL_VOL,neutral,0.28108108108108065,other,other,other,9.994304288604102,0.2333695417643565,plus,plus,0,0
2024-12-09 21:00:00+00:00,bearish,2.3223,2.3926,314.7244482249185,0.07570699630915696,BALANCE,HIGH_VOL,bearish,0.0,other,edge,high_vol_regular,4.406461968689281,2.3947588576839567,plus,plus,1,1
2024-12-10 03:00:00+00:00,bearish,2.1568,2.1955,179.9916282963581,0.08933503641499364,IMBALANCE,NORMAL_VOL,bearish,0.30791208791208863,trend_aligned,other,other,2.7984541119864725,2.9652419770608627,minus,minus,1,1
2024-12-10 13:00:00+00:00,bearish,2.1815,2.204,104.24388435878413,0.07454223498682337,IMBALANCE,NORMAL_VOL,bearish,0.34335955576122157,trend_aligned,other,other,3.4651496570455524,3.442343794029769,plus,plus,1,1
2024-12-10 16:00:00+00:00,bearish,2.0981,2.1549,272.69672091795076,0.08327164368296316,BALANCE,NORMAL_VOL,bearish,0.18035625927758567,other,other,other,2.1952250720061115,4.646239498682521,plus,plus,1,1
2024-12-10 20:00:00+00:00,bullish,2.0428,2.1115,299.7774577824312,0.10201981505698436,BALANCE,HIGH_VOL,neutral,1.0,other,edge,high_vol_regular,1.7457392948665933,0.6087052791196824,plus,plus,0,0
2024-12-10 21:00:00+00:00,bullish,2.1491,2.2818,565.3303795850563,0.10424697112434263,BALANCE,HIGH_VOL,neutral,1.0,other,edge,high_vol_large,1.1750940931788394,1.1290495899359143,minus,minus,0,0
2024-12-11 01:00:00+00:00,bearish,2.3168,2.3325,70.17387029008101,0.09833649370789128,BALANCE,NORMAL_VOL,bearish,0.6548844435812776,other,middle,other,0.016270663511276155,2.36433079148258,minus,minus,1,1
2024-12-12 05:00:00+00:00,bullish,2.4293,2.4339,18.87644138044211,0.05523159921364168,BALANCE,NORMAL_VOL,bullish,0.7111383108935124,other,other,other,0.3114159329964077,2.3627778637227617,minus,minus,1,1
2024-12-12 20:00:00+00:00,bearish,2.3951,2.4026,31.40572002847571,0.048494515257843616,BALANCE,NORMAL_VOL,bullish,0.3420150788211104,other,middle,other,2.177565843034588,1.8929975794562077,plus,plus,1,1
2024-12-15 22:00:00+00:00,bearish,2.402,2.4043,9.587727708532949,0.027413027546162903,BALANCE,NORMAL_VOL,neutral,0.4026284348864954,other,middle,other,2.652023745920608,6.854405252523865,minus,minus,1,1
2024-12-16 00:00:00+00:00,bullish,2.402,2.4433,168.49577740606125,0.030910212527048637,BALANCE,NORMAL_VOL,bullish,0.7931671283471816,other,other,other,4.390134810016373,4.040735724178648,minus,minus,1,1
2024-12-16 12:00:00+00:00,bearish,2.3691,2.3751,25.485282249501882,0.02837740119881543,BALANCE,NORMAL_VOL,bearish,0.19076714188730343,other,other,other,0.20086405939942012,13.200645026495136,minus,minus,1,1
2024-12-16 17:00:00+00:00,bullish,2.3933,2.4822,353.45101781170564,0.04414589944537948,BALANCE,NORMAL_VOL,bullish,0.7252494244052184,other,other,other,4.840766700526851,1.7034424701900812,minus,minus,0,1
2024-12-17 09:00:00+00:00,bullish,2.5531,2.562,34.388161199334206,0.03899848160046846,IMBALANCE,NORMAL_VOL,bullish,0.9568517778665596,trend_aligned,other,other,3.610396975001937,3.0949922932012286,plus,plus,1,1
2024-12-17 11:00:00+00:00,bullish,2.5918,2.6287,137.2410458585923,0.047707874441220266,IMBALANCE,HIGH_VOL,bullish,1.0,trend_aligned,other,high_vol_regular,0.5701364883382634,4.638647237840334,minus,minus,1,1
2024-12-17 23:00:00+00:00,bearish,2.5697,2.5943,95.88774118105614,0.052976384131259546,BALANCE,NORMAL_VOL,bullish,0.3923391595388627,other,middle,other,6.308471321333539,0.49833525698145986,plus,plus,0,0
2024-12-18 04:00:00+00:00,bearish,2.5247,2.5276,11.591190695071356,0.05377237143237893,BALANCE,HIGH_VOL,neutral,0.0,other,edge,high_vol_regular,6.122103065772045,1.6737219803143466,minus,minus,1,1
2024-12-18 15:00:00+00:00,bearish,2.4865,2.5201,136.00485731633214,0.04863462658722066,BALANCE,NORMAL_VOL,neutral,0.019183168316830947,other,edge,other,6.123209344805592,0.9108736533743756,plus,plus,0,0
2024-12-18 20:00:00+00:00,bearish,2.4193,2.4608,178.27992095540895,0.0634008183150044,BALANCE,HIGH_VOL,bearish,0.0,other,edge,high_vol_regular,2.6466535363359545,1.6103893090578163,minus,minus,0,0
2024-12-18 21:00:00+00:00,bearish,2.3938,2.401,30.656561355699782,0.06428647414964694,BALANCE,NORMAL_VOL,bearish,0.3252911813643921,other,middle,other,2.9337431006244636,1.2646517183497867,plus,plus,1,1
2024-12-19 04:00:00+00:00,bullish,2.2947,2.3335,166.159907498607,0.06607721137368876,BALANCE,NORMAL_VOL,bearish,0.3874045801526725,other,middle,other,1.4346852421461014,2.649930231010369,plus,plus,1,1
2024-12-19 15:00:00+00:00,bearish,2.333,2.3541,90.71367153912156,0.054803268118320245,BALANCE,NORMAL_VOL,bearish,0.4485078993563492,other,middle,other,6.674784416327837,0.5437631919261026,plus,plus,1,1
2024-12-20 03:00:00+00:00,bullish,2.3096,2.3193,41.62911463027356,0.06353053048508008,BALANCE,NORMAL_VOL,bearish,0.6302334197851049,other,middle,other,0.19832984084650468,5.822397470565268,minus,minus,1,1
2024-12-20 09:00:00+00:00,bearish,2.2429,2.2783,166.21278993332754,0.06519178935065302,IMBALANCE,HIGH_VOL,bearish,0.0,trend_aligned,other,high_vol_regular,2.6015546081693968,3.9268748802556974,plus,plus,1,1
2024-12-20 10:00:00+00:00,bearish,2.1535,2.2001,225.8189571622395,0.06759951868274923,IMBALANCE,HIGH_VOL,bearish,0.0,trend_aligned,other,high_vol_regular,1.529596689663811,4.766306125818947,plus,plus,1,1
2024-12-20 11:00:00+00:00,bearish,2.0966,2.1273,155.99593495934934,0.07251383877683858,IMBALANCE,HIGH_VOL,bearish,0.0,trend_aligned,other,high_vol_regular,0.08274282676531595,5.761658837091499,minus,minus,1,1
2024-12-20 13:00:00+00:00,bullish,2.0966,2.1053,39.94306964785892,0.0849660140473761,BALANCE,NORMAL_VOL,bearish,0.5508088978766437,other,middle,other,2.4445068105017707,0.49784611499386094,plus,plus,0,0
2024-12-20 16:00:00+00:00,bullish,2.1946,2.2,24.30571184228426,0.08176068981854416,BALANCE,NORMAL_VOL,bearish,0.6610212335692616,other,middle,other,2.007076999523808,0.36692449717071124,plus,plus,1,1
2024-12-21 13:00:00+00:00,bearish,2.2591,2.2838,110.26293469041437,0.053463533294908445,BALANCE,NORMAL_VOL,bearish,0.18466703973139287,other,other,other,1.2045593703050879,0.9950707841650708,plus,plus,1,1
2024-12-22 15:00:00+00:00,bearish,2.23,2.2459,71.66035694970167,0.03889130865970774,BALANCE,NORMAL_VOL,bearish,0.3664965986394553,other,middle,other,2.278143962067072,1.0850753408491078,minus,minus,1,1
2024-12-23 04:00:00+00:00,bullish,2.1674,2.2031,161.56039281350337,0.0413206928408023,BALANCE,NORMAL_VOL,bearish,0.48743102391171267,other,middle,other,1.6626052294109077,1.8973544393859683,minus,minus,1,1
2024-12-23 21:00:00+00:00,bullish,2.1995,2.2201,92.55930984902926,0.043413412141125866,BALANCE,NORMAL_VOL,neutral,0.8252595155709345,other,other,other,2.8654739138128,0.2902328883765362,plus,plus,0,1
2024-12-24 14:00:00+00:00,bullish,2.2464,2.2946,208.55869499372602,0.033813646473323966,BALANCE,NORMAL_VOL,bullish,0.9292397660818725,other,edge,other,1.150423100054845,1.4816503165230814,plus,plus,0,1
2024-12-25 12:00:00+00:00,bearish,2.2886,2.2913,11.83431952662689,0.027969342925838834,BALANCE,NORMAL_VOL,bullish,0.23033707865168257,other,other,other,4.612192726230488,1.2656714923144163,minus,minus,1,1
2024-12-26 09:00:00+00:00,bearish,2.1983,2.2323,155.8203483043071,0.02692602851404176,BALANCE,NORMAL_VOL,bearish,0.14021669853409702,other,edge,other,2.068630357832112,2.0240638151140105,plus,plus,1,1
2024-12-29 22:00:00+00:00,bearish,2.112,2.1152,15.314668581000676,0.019586178173198576,BALANCE,NORMAL_VOL,bearish,0.0,other,edge,other,4.886098714804633,3.1654975999779107,minus,minus,1,1
2024-12-29 23:00:00+00:00,bearish,2.1,2.1037,17.68135334034127,0.019701451160827242,IMBALANCE,NORMAL_VOL,bearish,0.18060985144644187,trend_aligned,other,other,5.014859016905611,2.989627490847573,minus,minus,1,1
2024-12-30 05:00:00+00:00,bearish,2.0897,2.0952,26.64728682170572,0.025273233194733572,IMBALANCE,NORMAL_VOL,bearish,0.0,trend_aligned,other,other,2.777642237504788,2.971523248384748,minus,minus,1,1
2024-12-30 14:00:00+00:00,bearish,2.0403,2.0709,152.36008763194673,0.03009623913907277,IMBALANCE,HIGH_VOL,bearish,0.0,trend_aligned,other,high_vol_regular,0.48511044627650296,4.658389353970275,minus,minus,1,1
2024-12-30 18:00:00+00:00,bullish,2.0306,2.065,164.43594646271396,0.03495232418916747,BALANCE,NORMAL_VOL,bearish,0.6227013316423595,other,middle,other,1.6193486788939095,2.3088593354547506,plus,plus,1,1
2024-12-30 22:00:00+00:00,bearish,2.0748,2.103,136.62790697674419,0.035684697291930766,BALANCE,NORMAL_VOL,bearish,0.48313833448038573,other,middle,other,1.476823512579355,2.370764120763055,plus,plus,1,1
2024-12-31 01:00:00+00:00,bearish,2.0386,2.0489,50.6117635497026,0.03337229590028128,BALANCE,NORMAL_VOL,bearish,0.2842395044735024,other,other,other,0.7131663961962965,3.4010246205159502,minus,minus,1,1
2024-12-31 09:00:00+00:00,bullish,2.0369,2.0592,107.72946859903375,0.030094616139341942,BALANCE,NORMAL_VOL,bearish,0.5244322092222975,other,middle,other,2.611762836118996,0.5050737291222358,plus,plus,0,0
2024-12-31 14:00:00+00:00,bullish,2.102,2.1231,99.03778455761613,0.030881944298180582,BALANCE,NORMAL_VOL,neutral,0.8836174944403274,other,edge,other,1.7712615330124353,2.2537441078183793,minus,minus,1,1
2025-01-01 01:00:00+00:00,bullish,2.0879,2.0926,22.450441843802952,0.02693305981335779,BALANCE,NORMAL_VOL,neutral,0.5986890021849974,other,middle,other,13.303352923246264,0.12995181476797565,plus,plus,0,0
2025-01-01 06:00:00+00:00,bullish,2.112,2.1292,80.2463375944755,0.025055989277683873,BALANCE,NORMAL_VOL,bullish,0.9445628997867817,other,edge,other,12.308434385972394,2.1312269656644953,minus,minus,1,1
2025-01-01 12:00:00+00:00,bullish,2.1176,2.1307,60.4466592838691,0.026658201946232536,BALANCE,NORMAL_VOL,bullish,1.0,other,edge,other,10.675888815532858,0.3413583563645304,plus,plus,0,0
2025-01-01 13:00:00+00:00,bullish,2.1437,2.1581,66.5065582856096,0.026632616092930213,BALANCE,NORMAL_VOL,bullish,0.925465838509317,other,edge,other,10.761240991119895,0.1952493131675578,plus,plus,0,0
2025-01-01 16:00:00+00:00,bullish,2.1852,2.2204,155.5251181902537,0.032115910188107714,BALANCE,HIGH_VOL,bullish,1.0,other,edge,high_vol_regular,5.869365024871693,1.628476343770775,minus,minus,0,0
2025-01-01 19:00:00+00:00,bullish,2.2654,2.2885,99.69358249536015,0.03852239602160087,IMBALANCE,NORMAL_VOL,bullish,0.939522342064714,trend_aligned,other,other,3.4966672354562007,0.8228979314325239,plus,plus,0,0
2025-01-02 01:00:00+00:00,bullish,2.3519,2.3712,80.39321864456147,0.04487787429645427,IMBALANCE,NORMAL_VOL,bullish,0.8587617468214486,trend_aligned,other,other,0.8445141530019943,1.258972286137541,minus,minus,1,1
2025-01-02 06:00:00+00:00,bearish,2.383,2.398,63.69697227058526,0.04136004377110989,IMBALANCE,NORMAL_VOL,bullish,0.7236166571591565,trend_counter,other,other,0.16199209162056888,2.898933102284345,minus,minus,1,1
2025-01-03 08:00:00+00:00,bearish,2.4248,2.4292,18.230785166770083,0.032679684057088036,BALANCE,NORMAL_VOL,bullish,0.4417122040072842,other,middle,other,0.4100406838876239,2.9682049505298456,minus,minus,1,1
2025-01-04 16:00:00+00:00,bearish,2.4338,2.4446,44.63178775105256,0.02527728911337354,BALANCE,NORMAL_VOL,bullish,0.17319963536918967,other,other,other,3.6752358840113453,0.8782587365452409,plus,plus,0,1
2025-01-05 10:00:00+00:00,bearish,2.3539,2.3664,53.384582532565354,0.02332648063296349,BALANCE,NORMAL_VOL,bearish,0.0,other,edge,other,0.21006169242160602,4.3298430478738075,minus,minus,1,1
2025-01-06 15:00:00+00:00,bullish,2.3995,2.4173,73.06160981816613,0.02588212404201947,BALANCE,NORMAL_VOL,bullish,0.9192708333333364,other,edge,other,1.2750112759843288,6.263009934456375,minus,minus,1,1
2025-01-07 06:00:00+00:00,bullish,2.4175,2.4249,30.253475061324913,0.02247995327249083,BALANCE,NORMAL_VOL,bullish,0.8634408602150568,other,edge,other,1.0364790227794893,8.443078048220947,plus,plus,1,1
2025-01-07 12:00:00+00:00,bearish,2.4312,2.439,32.315532170526694,0.02452451709842921,BALANCE,NORMAL_VOL,neutral,0.27885862516212745,other,other,other,6.4221448017864375,1.2028779152552427,both,both,1,1
2025-01-07 15:00:00+00:00,bearish,2.4015,2.4133,51.03144055702129,0.03465672888675255,BALANCE,HIGH_VOL,neutral,0.0,other,edge,high_vol_regular,1.6187332677390653,1.8726522116981457,plus,plus,0,0
2025-01-07 16:00:00+00:00,bearish,2.3445,2.3697,109.05786125416492,0.03549553396627024,BALANCE,NORMAL_VOL,bearish,0.18708354689902712,other,other,other,1.5354044272665066,1.8734751268481231,plus,plus,1,1
2025-01-08 01:00:00+00:00,bullish,2.295,2.2963,5.5430008954081735,0.039761289008168436,BALANCE,NORMAL_VOL,bearish,0.4181135617081173,other,middle,other,1.3279247558888971,3.6945482318196814,minus,minus,1,1
2025-01-08 09:00:00+00:00,bullish,2.2946,2.3061,49.86125563648909,0.03963106793808791,BALANCE,NORMAL_VOL,bearish,0.2684491978609617,other,other,other,2.3138412556344594,2.7251347394604375,plus,plus,1,1
2025-01-09 14:00:00+00:00,bearish,2.2772,2.283,25.521429200034344,0.0374777601895175,BALANCE,NORMAL_VOL,bearish,0.23754556500607737,other,other,other,0.7311002541625701,1.7370301659117862,minus,minus,1,1
2025-01-09 16:00:00+00:00,bullish,2.2772,2.2972,86.20318089737519,0.03943643608177781,BALANCE,NORMAL_VOL,bearish,0.5266990291262147,other,middle,other,0.21553671793195534,1.8992588438945834,minus,minus,1,1
2025-01-10 18:00:00+00:00,bullish,2.2913,2.3215,129.3417276971167,0.03592599247714488,BALANCE,NORMAL_VOL,neutral,0.8559160305343522,other,edge,other,4.957413497018961,0.3034014998175661,plus,plus,0,0
2025-01-11 11:00:00+00:00,bullish,2.3592,2.3773,74.82740088469968,0.028137883235499896,BALANCE,NORMAL_VOL,bullish,1.0,other,edge,other,6.571212143162317,1.4748799564155404,minus,minus,0,1
2025-01-11 12:00:00+00:00,bullish,2.3925,2.3982,23.694712337878443,0.02842803443296419,BALANCE,NORMAL_VOL,bullish,0.8145968216598009,other,other,other,6.971990992461086,0.9919785367679249,plus,plus,1,1
2025-01-11 17:00:00+00:00,bullish,2.416,2.4457,119.69049729991158,0.03604895446971233,IMBALANCE,HIGH_VOL,bullish,0.9035037334864999,trend_aligned,other,high_vol_regular,3.395382800986323,0.3162366334251858,plus,plus,0,1
2025-01-11 20:00:00+00:00,bullish,2.504,2.5073,12.731972684130787,0.041084676738322896,IMBALANCE,HIGH_VOL,bullish,1.0,trend_aligned,other,high_vol_regular,0.2896457011404493,2.9670429385731056,minus,minus,1,1
2025-01-11 21:00:00+00:00,bullish,2.5321,2.5528,80.42895442359313,0.04179291411415698,IMBALANCE,NORMAL_VOL,bullish,0.9079665332848306,trend_aligned,other,other,0.23448951114610467,2.4812818679440314,minus,minus,1,1
2025-01-12 01:00:00+00:00,bearish,2.531,2.5439,50.984111927909616,0.04231993752640666,IMBALANCE,NORMAL_VOL,bullish,0.7342960288808653,trend_counter,other,other,1.4224973740198974,0.7750484031204901,plus,plus,1,1
2025-01-13 01:00:00+00:00,bullish,2.5086,2.5187,39.93989243910154,0.03407100197714981,BALANCE,NORMAL_VOL,bullish,0.6322580645161264,other,middle,other,0.7983328467487446,5.814328564004612,minus,minus,1,1
2025-01-13 07:00:00+00:00,bearish,2.4761,2.4954,78.40747511679818,0.038508932925259205,BALANCE,NORMAL_VOL,neutral,0.272401433691755,other,other,other,3.396614501208472,2.453976073120804,plus,plus,1,1
2025-01-13 12:00:00+00:00,bearish,2.3889,2.4107,91.75470348078545,0.04439745666355212,BALANCE,NORMAL_VOL,bearish,0.18368237347294944,other,other,other,1.0180763358254852,5.10614834804508,both,both,1,1
2025-01-13 15:00:00+00:00,bullish,2.412,2.4174,21.90580503833635,0.05239136745255972,BALANCE,NORMAL_VOL,neutral,0.5785622040464911,other,middle,other,2.6244781666465515,0.7921152284787806,plus,plus,0,0
2025-01-13 21:00:00+00:00,bullish,2.4821,2.4924,40.70020152526959,0.051825279903346275,BALANCE,NORMAL_VOL,bullish,0.863930885529158,other,edge,other,3.2899002247162237,0.37819380882368414,plus,plus,0,0
2025-01-14 10:00:00+00:00,bullish,2.5518,2.5629,42.85548820508817,0.03827548580814084,BALANCE,HIGH_VOL,bullish,1.0,other,edge,high_vol_regular,7.900618205495967,1.1391102968241562,minus,minus,1,1
2025-01-14 17:00:00+00:00,bullish,2.5905,2.5972,25.228753247731028,0.041374345788898016,IMBALANCE,HIGH_VOL,bullish,1.0,trend_aligned,other,high_vol_regular,9.191686122129477,0.4205504562846479,plus,plus,0,0
2025-01-14 18:00:00+00:00,bullish,2.616,2.6527,136.81267474370821,0.04188332108969103,IMBALANCE,HIGH_VOL,bullish,1.0,trend_aligned,other,high_vol_regular,8.440113887888629,1.0553126841433595,minus,minus,0,0
2025-01-15 02:00:00+00:00,bullish,2.6831,2.7801,340.64969271290596,0.04761600674227263,IMBALANCE,HIGH_VOL,bullish,1.0,trend_aligned,other,high_vol_large,7.386171669195577,2.839381318382839,minus,minus,0,0
2025-01-15 12:00:00+00:00,bearish,2.7736,2.804,109.96165810605426,0.053840054267904836,IMBALANCE,NORMAL_VOL,bullish,0.6253661394258938,trend_counter,other,other,0.01671617928766895,10.843228297933104,minus,minus,1,1
2025-01-15 14:00:00+00:00,bullish,2.7736,2.8253,180.52306295610828,0.05849321005753018,IMBALANCE,NORMAL_VOL,bullish,0.8874901652242331,trend_aligned,other,other,8.960014324475072,0.32140482598766035,plus,plus,0,0
2025-01-15 16:00:00+00:00,bullish,2.877,2.8823,18.2815356489948,0.07199720663123776,IMBALANCE,HIGH_VOL,bullish,0.6557706814181538,trend_aligned,other,high_vol_regular,7.016938901360193,0.4041823476436644,plus,plus,1,1
2025-01-15 19:00:00+00:00,bullish,2.9248,2.9285,12.566654213226432,0.0674950666796025,IMBALANCE,NORMAL_VOL,bullish,0.7631103074141053,trend_aligned,other,other,6.815312920329558,0.3437288255470576,plus,plus,1,1
2025-01-15 22:00:00+00:00,bullish,2.9758,3.0186,138.91593638429137,0.06902782853319486,IMBALANCE,HIGH_VOL,bullish,1.0,trend_aligned,other,high_vol_regular,4.683618286565802,2.3164570492479775,plus,plus,1,1
2025-01-16 07:00:00+00:00,bullish,3.0756,3.0879,39.809690261189616,0.07432908745206857,IMBALANCE,NORMAL_VOL,bullish,0.7751078250154041,trend_aligned,other,other,4.2325287553526225,0.8516181507114451,plus,plus,1,1
2025-01-16 12:00:00+00:00,bullish,3.1105,3.16,148.27906419435072,0.08346654754592743,IMBALANCE,HIGH_VOL,bullish,1.0,trend_aligned,other,high_vol_regular,0.7907359527921508,2.0834694271296095,minus,minus,0,1
2025-01-16 13:00:00+00:00,bullish,3.22,3.251,94.027723012526,0.08729036557836119,IMBALANCE,HIGH_VOL,bullish,0.8923494983277593,trend_aligned,other,high_vol_regular,1.2303763340707563,1.5179223860742528,minus,minus,1,1
2025-01-16 21:00:00+00:00,bearish,3.3057,3.3213,47.40776758038065,0.08847763885707403,IMBALANCE,NORMAL_VOL,bullish,0.729736154028999,trend_counter,other,other,1.4263490937395176,0.6939606525800818,plus,plus,1,1
2025-01-17 13:00:00+00:00,bearish,3.2589,3.2847,79.68373587003467,0.06465912185518527,BALANCE,NORMAL_VOL,bullish,0.3229212494500655,other,middle,other,2.8255873998596326,1.2279783226538319,plus,plus,1,1
2025-01-18 06:00:00+00:00,bearish,3.1593,3.1842,79.138062547674,0.06482034685303306,BALANCE,NORMAL_VOL,neutral,0.295730513121817,other,other,other,1.4085083532028007,2.26163553756332,plus,plus,1,1
2025-01-18 12:00:00+00:00,bullish,3.1347,3.1523,55.57485237929785,0.06398326791628879,BALANCE,NORMAL_VOL,neutral,0.4265547500953835,other,middle,other,1.9708277508579348,2.063039358550733,plus,plus,1,1
2025-01-18 14:00:00+00:00,bullish,3.1814,3.1932,36.88652703970001,0.06449475651965718,BALANCE,NORMAL_VOL,bullish,0.5490270888973666,other,middle,other,1.4574828260860293,2.544392891071452,minus,minus,1,1
2025-01-19 05:00:00+00:00,bearish,3.2074,3.2316,75.56832375718211,0.05410177404732414,BALANCE,NORMAL_VOL,bullish,0.6191677175283726,other,middle,other,6.881474897188032,0.6376870372092047,plus,plus,1,1
2025-01-19 22:00:00+00:00,bearish,3.1323,3.1771,147.0057424118128,0.0703921006993222,BALANCE,HIGH_VOL,bearish,0.04980237154150174,other,edge,high_vol_regular,3.088414720404748,4.605630415617387,plus,plus,1,1
2025-01-20 03:00:00+00:00,bullish,3.0326,3.0675,112.15373738672129,0.08655952011244096,BALANCE,NORMAL_VOL,bearish,0.6924778761061953,other,middle,other,3.002558235794162,1.4094348009499373,plus,plus,1,1
2025-01-20 18:00:00+00:00,bearish,3.1989,3.2252,82.49427558734038,0.10540016473666218,BALANCE,NORMAL_VOL,bullish,0.6610044313146232,other,middle,other,1.6631852562847467,0.486716506830618,plus,plus,1,1
2025-01-22 12:00:00+00:00,bullish,3.1701,3.2246,168.88227820643917,0.04139602611162637,BALANCE,NORMAL_VOL,bullish,0.8995918367346959,other,edge,other,1.4373360341293457,4.295098266692405,minus,minus,1,1
2025-01-22 20:00:00+00:00,bullish,3.1927,3.2101,54.050695825050646,0.05111040742415684,BALANCE,NORMAL_VOL,bullish,0.645251396648044,other,middle,other,0.12326256661813144,3.5824406266317417,minus,minus,1,1
2025-01-24 04:00:00+00:00,bullish,3.0814,3.1113,94.64121799132732,0.04937218925929263,BALANCE,NORMAL_VOL,neutral,0.8346883468834692,other,other,other,0.8810628139567961,1.5980656556595723,minus,minus,1,1
2025-01-26 22:00:00+00:00,bearish,3.0973,3.1219,79.89088074824615,0.018372961928023828,BALANCE,NORMAL_VOL,bearish,0.0,other,edge,other,23.632553188809776,-0.005442780559387296,plus,plus,0,1
2025-01-27 00:00:00+00:00,bearish,3.0372,3.0581,69.95113461409781,0.02550780900936746,BALANCE,NORMAL_VOL,bearish,0.0,other,edge,other,13.439021747187713,4.108545738346769,plus,plus,1,1
2025-01-27 05:00:00+00:00,bearish,2.9654,2.9686,10.904753791106122,0.033803153132837244,IMBALANCE,NORMAL_VOL,bearish,0.0,trend_aligned,other,other,8.564289812324407,6.307103930872418,plus,plus,1,1
2025-01-27 07:00:00+00:00,bearish,2.8725,2.9015,103.25061416313567,0.05261955550739537,IMBALANCE,HIGH_VOL,bearish,0.0,trend_aligned,other,high_vol_regular,1.7617024527501253,6.442471752775553,plus,plus,1,1
2025-01-27 08:00:00+00:00,bearish,2.8119,2.8372,90.63552339327971,0.05571101582829569,IMBALANCE,HIGH_VOL,bearish,0.2974400650142216,trend_aligned,other,high_vol_regular,0.7969698512919448,6.395503558903603,minus,minus,1,1
2025-01-27 13:00:00+00:00,bullish,2.8223,2.8565,119.29261571732614,0.06197322042143037,IMBALANCE,NORMAL_VOL,bearish,0.450832994717594,trend_counter,other,other,5.323267013665159,0.20170002325193395,plus,plus,0,0
2025-01-27 15:00:00+00:00,bullish,2.9208,2.935,48.05739813185397,0.06482027679194761,BALANCE,NORMAL_VOL,bearish,0.6294189353921172,other,middle,other,3.998748737712878,1.2079553478507663,plus,plus,1,1
2025-01-27 21:00:00+00:00,bullish,2.9267,2.9936,222.16318533523713,0.06617817406037556,BALANCE,NORMAL_VOL,neutral,0.9667458432304039,other,edge,other,3.0629433779039172,0.16319579911870433,plus,plus,0,0
2025-01-28 21:00:00+00:00,bearish,3.1027,3.1214,62.00059679718822,0.05213992070536478,BALANCE,HIGH_VOL,neutral,0.05401529636711216,other,edge,high_vol_regular,0.9608760297720341,2.291909891372443,minus,minus,1,1
2025-01-31 19:00:00+00:00,bearish,3.0486,3.0738,83.15733896515275,0.02680689568794847,BALANCE,NORMAL_VOL,bearish,0.12562100780695581,other,edge,other,4.6480577777611245,1.5257268307418026,plus,plus,0,0
2025-02-01 10:00:00+00:00,bearish,2.9911,3.0062,50.93607691010401,0.02845284292943618,BALANCE,NORMAL_VOL,bearish,0.12456140350877262,other,edge,other,5.032888993031033,1.4761266599671938,minus,minus,1,1
2025-02-01 20:00:00+00:00,bearish,2.9367,2.9615,84.85304684025023,0.031565654898721804,IMBALANCE,NORMAL_VOL,bearish,0.10211480362537594,trend_aligned,other,other,13.391136707165748,0.9694080511929843,plus,plus,0,0
2025-02-01 23:00:00+00:00,bearish,2.8986,2.9062,26.418242491657576,0.03686677981504803,IMBALANCE,NORMAL_VOL,bearish,0.07314578005115079,trend_aligned,other,other,11.574105526456432,2.0750388394045465,minus,minus,1,1
2025-02-02 01:00:00+00:00,bullish,2.8986,2.9216,78.32987092599573,0.038224417289505694,IMBALANCE,NORMAL_VOL,bearish,0.4771441010013061,trend_counter,other,other,0.020929030623039677,24.874152895485395,minus,minus,1,1
2025-02-02 03:00:00+00:00,bearish,2.8989,2.9216,80.15253698668968,0.04197309449962478,IMBALANCE,HIGH_VOL,bearish,0.02390438247011888,trend_aligned,other,high_vol_regular,25.45678398836073,2.2442948541914616,minus,minus,1,1
2025-02-02 04:00:00+00:00,bearish,2.8624,2.8797,60.95197829686818,0.04191073060679445,IMBALANCE,NORMAL_VOL,bearish,0.057855126999058086,trend_aligned,other,other,25.64259759828125,2.099700929234905,minus,minus,1,1
2025-02-02 06:00:00+00:00,bullish,2.8624,2.8936,107.5565361279651,0.043673027921164564,BALANCE,NORMAL_VOL,bearish,0.4292656587472996,other,middle,other,0.2999563030904864,26.038954799580008,minus,minus,1,1
2025-02-02 11:00:00+00:00,bearish,2.8705,2.8787,29.423373640963025,0.04559384139780476,IMBALANCE,HIGH_VOL,bearish,0.0,trend_aligned,other,high_vol_regular,22.4438206702467,1.3488663844621953,plus,plus,0,0
2025-02-02 12:00:00+00:00,bearish,2.8172,2.8516,125.87361410955309,0.04856570986939014,IMBALANCE,HIGH_VOL,bearish,0.0,trend_aligned,other,high_vol_regular,19.958526347226883,2.3782211834361955,minus,minus,0,0
2025-02-02 17:00:00+00:00,bearish,2.7319,2.775,167.41765071472932,0.0664816096242181,IMBALANCE,HIGH_VOL,bearish,0.0,trend_aligned,other,high_vol_regular,12.195853929875959,2.176541765728978,plus,plus,0,1
2025-02-02 18:00:00+00:00,bearish,2.6265,2.6878,241.57635467980347,0.07076863750820253,IMBALANCE,HIGH_VOL,bearish,0.03593786227683812,trend_aligned,other,high_vol_regular,10.93563515208697,2.566108468302098,minus,minus,1,1
2025-02-03 01:00:00+00:00,bearish,2.4146,2.4718,272.73160730462934,0.1355187985056477,IMBALANCE,HIGH_VOL,bearish,0.0,trend_aligned,other,high_vol_regular,2.462389009345396,5.08195178524475,plus,plus,1,1
2025-02-03 02:00:00+00:00,bearish,2.173,2.1781,23.702188966863897,0.15508174146953,IMBALANCE,HIGH_VOL,bearish,0.17665816326530603,trend_aligned,other,high_vol_regular,0.19022226421023364,4.090101091137318,minus,minus,1,1
2025-02-03 16:00:00+00:00,bullish,2.3976,2.5352,527.5264529980062,0.14027952068236993,BALANCE,NORMAL_VOL,neutral,0.8841444270015698,other,edge,other,1.2660436757702753,0.9808987037499427,plus,plus,0,1
2025-02-04 06:00:00+00:00,bearish,2.5945,2.6685,287.3451636702514,0.10382079216757863,BALANCE,NORMAL_VOL,bearish,0.6367241379310343,other,middle,other,1.4929572079339568,1.2820168024258725,plus,plus,1,1
2025-02-04 22:00:00+00:00,bearish,2.5214,2.5307,36.97078115682801,0.0888673203273688,BALANCE,NORMAL_VOL,bearish,0.2660704304080487,other,other,other,1.9545992763158035,0.5873925286337659,plus,plus,1,1
2025-02-07 14:00:00+00:00,bullish,2.4252,2.4822,225.22522522522675,0.05423197544496561,BALANCE,HIGH_VOL,neutral,1.0,other,edge,high_vol_regular,0.009219653090216507,3.3983641290556945,minus,minus,1,1
2025-02-07 21:00:00+00:00,bearish,2.3961,2.4245,119.77058029689601,0.05868629028925943,BALANCE,NORMAL_VOL,bearish,0.3908629441624366,other,middle,other,0.42088194496970405,1.107584065709739,minus,minus,1,1
2025-02-09 04:00:00+00:00,bullish,2.4488,2.4736,99.55841027699691,0.03310594693892156,BALANCE,NORMAL_VOL,bullish,0.9023668639053262,other,edge,other,0.0966593707741964,5.452192632731856,minus,minus,1,1
2025-02-10 02:00:00+00:00,bearish,2.3582,2.3903,136.9804557480575,0.040930824018150694,BALANCE,NORMAL_VOL,bearish,0.17909635274904578,other,other,other,0.254087237417646,3.141886416529817,minus,minus,1,1
2025-02-11 06:00:00+00:00,bullish,2.484,2.491,27.768962234211823,0.03256171897988046,BALANCE,NORMAL_VOL,bullish,1.0,other,edge,other,0.06756400057870282,4.6250629487053185,minus,minus,1,1
2025-02-12 14:00:00+00:00,bearish,2.3944,2.4181,99.08440988335562,0.03592475125443855,BALANCE,NORMAL_VOL,bearish,0.5004088307440728,other,middle,other,0.7682725429195575,2.8921564206283237,minus,minus,1,1
2025-02-13 07:00:00+00:00,bearish,2.4479,2.4574,38.94240623078344,0.029148699612329788,BALANCE,NORMAL_VOL,neutral,0.6589945487583264,other,middle,other,0.9159928351900113,5.629753717403801,minus,minus,1,1
2025-02-14 08:00:00+00:00,bullish,2.5629,2.5866,87.97980547924803,0.044288990462554585,IMBALANCE,HIGH_VOL,bullish,1.0,trend_aligned,other,high_vol_regular,3.192667038088184,0.347716212069012,plus,plus,0,0
2025-02-14 09:00:00+00:00,bullish,2.5915,2.6881,350.7370561324523,0.047339776858086415,IMBALANCE,HIGH_VOL,bullish,1.0,trend_aligned,other,high_vol_large,1.7110346811058916,1.6011904793558864,minus,minus,0,0
2025-02-15 02:00:00+00:00,bullish,2.7512,2.7792,99.20986429507857,0.0478839594871867,IMBALANCE,NORMAL_VOL,bullish,0.9567694369973185,trend_aligned,other,other,0.10859586499716647,2.284689928978709,minus,minus,1,1
2025-02-15 03:00:00+00:00,bullish,2.7824,2.797,51.905574516496614,0.04664224809524479,IMBALANCE,NORMAL_VOL,bullish,0.9208760155422121,trend_aligned,other,other,0.240125646969866,2.1418350118116454,minus,minus,1,1
2025-02-15 09:00:00+00:00,bullish,2.7737,2.7842,37.691147964677846,0.041702515943394136,BALANCE,NORMAL_VOL,bullish,0.6773350751143047,other,middle,other,0.9160118792796922,1.7480959685730393,minus,minus,1,1
2025-02-16 14:00:00+00:00,bearish,2.7315,2.7469,56.51583544350281,0.028865859400644057,BALANCE,NORMAL_VOL,neutral,0.13043478260869565,other,edge,other,3.1386559028960805,1.4376845471323172,plus,plus,1,1
2025-02-17 16:00:00+00:00,bearish,2.6534,2.6754,84.07857525032408,0.0364041146607401,BALANCE,HIGH_VOL,bearish,0.0,other,edge,high_vol_regular,3.884176316818723,1.876161544828275,minus,minus,1,1
2025-02-18 06:00:00+00:00,bearish,2.6107,2.6371,103.41990833235475,0.03589339825805572,BALANCE,HIGH_VOL,bearish,0.0,other,edge,high_vol_regular,2.35140733661399,2.1424552628627387,minus,minus,0,1
2025-02-18 07:00:00+00:00,bearish,2.5833,2.6018,72.1923046905485,0.036429584096766034,BALANCE,NORMAL_VOL,bearish,0.0836501901140689,other,edge,other,2.588555492412864,1.839164559826735,minus,minus,1,1
2025-02-18 10:00:00+00:00,bullish,2.5783,2.5847,24.735255468811097,0.03644347531362791,BALANCE,NORMAL_VOL,bearish,0.2481713688610254,other,other,other,1.1579576216821246,3.2680747095341633,plus,plus,1,1
2025-02-18 13:00:00+00:00,bullish,2.5888,2.5948,22.9990800367994,0.03523163821575819,BALANCE,NORMAL_VOL,bearish,0.47517241379310465,other,middle,other,0.6187620304936388,3.9878929029521504,minus,minus,1,1
2025-02-18 16:00:00+00:00,bearish,2.556,2.5615,22.089240531748505,0.04187507622449734,IMBALANCE,HIGH_VOL,bearish,0.0,trend_aligned,other,high_vol_regular,0.515819956582279,4.365365188113019,minus,minus,1,1
2025-02-18 17:00:00+00:00,bearish,2.5046,2.525,81.49242999240992,0.04147685649417609,IMBALANCE,NORMAL_VOL,bearish,0.13400095374344217,trend_aligned,other,other,0.39057926201024157,4.508538394809587,minus,minus,1,1
2025-02-19 05:00:00+00:00,bearish,2.535,2.5428,30.838571936899648,0.03648361147460068,BALANCE,NORMAL_VOL,bearish,0.3781773093614385,other,middle,other,0.2439451479795571,5.964321820264141,minus,minus,1,1
2025-02-19 17:00:00+00:00,bullish,2.6238,2.6344,39.64691801316473,0.03988504456942401,BALANCE,HIGH_VOL,neutral,1.0,other,edge,high_vol_regular,1.8377815743044734,1.0530262772276588,minus,minus,0,1
2025-02-20 07:00:00+00:00,bearish,2.6995,2.707,27.94024512908334,0.035544549784038836,BALANCE,NORMAL_VOL,bullish,0.6439135381114894,other,middle,other,1.3054040712828368,1.7471032936781168,minus,minus,1,1
2025-02-21 16:00:00+00:00,bearish,2.6451,2.6481,11.415959511397366,0.03806467067176217,BALANCE,NORMAL_VOL,neutral,0.43412384716732544,other,middle,other,3.2182072729943583,0.2443210419497779,plus,plus,0,0
2025-02-21 18:00:00+00:00,bearish,2.5841,2.5922,31.47342244327098,0.04046596603840718,BALANCE,NORMAL_VOL,bearish,0.10927573062261679,other,edge,other,1.6853669064830887,0.8599819405514917,plus,plus,1,1
2025-02-21 20:00:00+00:00,bearish,2.5469,2.5521,20.57857453797092,0.04224616459434089,BALANCE,NORMAL_VOL,bearish,0.1031669865642997,other,edge,other,0.04260741814751443,1.92916921056823,minus,minus,1,1
2025-02-24 04:00:00+00:00,bearish,2.4914,2.5364,181.99466148992937,0.028109617111212053,BALANCE,NORMAL_VOL,bearish,0.03556771545827548,other,edge,other,9.341998468390981,1.0921529054821124,minus,minus,0,0
2025-02-24 15:00:00+00:00,bearish,2.4525,2.4626,41.56378600823044,0.03375112217114494,IMBALANCE,NORMAL_VOL,bearish,0.026511134676565934,trend_aligned,other,other,10.870749663952695,1.330326137670953,minus,minus,1,1
2025-02-24 22:00:00+00:00,bearish,2.3655,2.3899,107.7881344701152,0.047167343061901845,IMBALANCE,HIGH_VOL,bearish,0.0,trend_aligned,other,high_vol_regular,4.252942544097409,2.130711493927161,minus,minus,0,0
2025-02-24 23:00:00+00:00,bearish,2.321,2.3553,150.64341868329748,0.048398247128908854,IMBALANCE,NORMAL_VOL,bearish,0.14941406250000022,trend_aligned,other,other,4.417515358160455,1.8037843347399785,both,both,1,1
2025-02-25 08:00:00+00:00,bearish,2.2114,2.2458,157.40825478173429,0.06482863964406542,IMBALANCE,NORMAL_VOL,bearish,0.24112785610111856,trend_aligned,other,other,1.8865118976963715,2.7580402887008235,plus,plus,1,1
2025-02-25 12:00:00+00:00,bullish,2.1634,2.1712,34.35669294806671,0.07447320587448338,BALANCE,NORMAL_VOL,bearish,0.503156872268092,other,middle,other,1.260856154873446,1.5334374109323585,minus,minus,1,1
2025-02-25 13:00:00+00:00,bullish,2.2042,2.2156,51.30743957873726,0.07352511974059173,IMBALANCE,NORMAL_VOL,bearish,0.3856240893637695,trend_counter,other,other,1.9353929718449503,0.894932238562183,plus,plus,1,1
2025-02-26 01:00:00+00:00,bearish,2.3101,2.3165,27.83697968770468,0.06486282239046827,BALANCE,NORMAL_VOL,bearish,0.7837927598804393,other,other,other,2.306405957783052,0.4717648550010749,plus,plus,1,1
2025-02-26 18:00:00+00:00,bearish,2.2259,2.2282,10.621103671207427,0.05181014517388338,BALANCE,HIGH_VOL,bearish,0.0,other,edge,high_vol_regular,0.23547511706548552,1.7525525106185287,minus,minus,1,1
2025-02-26 19:00:00+00:00,bearish,2.1965,2.201,20.654518749713915,0.05088799194717742,BALANCE,NORMAL_VOL,bearish,0.14133591481122898,other,edge,other,0.4991354350622734,1.5249177071193922,minus,minus,1,1
2025-02-28 02:00:00+00:00,bearish,2.1067,2.1725,320.2258127311654,0.04705975415695669,BALANCE,HIGH_VOL,bearish,0.0,other,edge,high_vol_regular,2.2035814223366588,3.4148074693298005,plus,plus,1,1
2025-03-02 03:00:00+00:00,bullish,2.2141,2.238,106.0854898131289,0.02942316886629373,BALANCE,NORMAL_VOL,bullish,0.9174757281553382,other,edge,other,25.61246898403594,1.1487545802287822,plus,plus,0,1
2025-03-02 16:00:00+00:00,bullish,2.2579,2.5934,1178.5990304222587,0.08549043462089788,IMBALANCE,HIGH_VOL,bullish,1.0,trend_aligned,other,high_vol_large,1.4878857566236603,3.755975758269312,plus,plus,0,1
2025-03-02 17:00:00+00:00,bullish,2.7062,2.7816,262.5531025837459,0.09311254643369091,IMBALANCE,HIGH_VOL,bullish,0.8406294368196875,trend_aligned,other,high_vol_regular,1.028862421545125,3.719155079134407,minus,minus,1,1
2025-03-03 02:00:00+00:00,bearish,2.8218,2.8535,112.78329241825823,0.08965120385983681,IMBALANCE,NORMAL_VOL,bullish,0.7513335026670056,trend_counter,other,other,6.683680466096207,0.13385207876027125,plus,plus,0,0
2025-03-03 07:00:00+00:00,bearish,2.6954,2.798,381.6396369587868,0.08235661542573473,IMBALANCE,NORMAL_VOL,bullish,0.5960121920243842,trend_counter,other,other,5.790670215558406,0.3108432743096965,plus,plus,0,0
2025-03-03 09:00:00+00:00,bearish,2.6029,2.6312,109.99261533678035,0.08459218370892432,BALANCE,NORMAL_VOL,bullish,0.44932689865379755,other,middle,other,4.272262331512233,1.6680028084570417,minus,minus,1,1
2025-03-03 11:00:00+00:00,bullish,2.6029,2.6245,82.05128205128145,0.08256468901432763,BALANCE,NORMAL_VOL,bullish,0.5232632249840661,other,middle,other,0.9871047898679453,5.099032104716615,minus,minus,1,1
2025-03-03 15:00:00+00:00,bearish,2.6421,2.6537,44.66692337312304,0.08424312741925788,IMBALANCE,NORMAL_VOL,bullish,0.1617281158109023,trend_counter,other,other,4.57604094018802,0.4665068974043805,plus,plus,0,0
2025-03-03 19:00:00+00:00,bearish,2.4977,2.5831,363.65184806676854,0.09044689093662595,BALANCE,HIGH_VOL,neutral,0.0,other,edge,high_vol_large,1.513595421382947,1.941470825382368,plus,plus,0,1
2025-03-03 20:00:00+00:00,bearish,2.4174,2.4423,103.37097309863708,0.08912925586972409,BALANCE,NORMAL_VOL,neutral,0.10848755583918257,other,edge,other,2.2136390355191975,1.292504900617396,plus,plus,1,1
2025-03-04 02:00:00+00:00,bearish,2.31,2.3566,203.59124470269452,0.09048515563180615,BALANCE,NORMAL_VOL,bearish,0.07882724719101075,other,edge,other,0.18235035221843476,2.7673047391210175,minus,minus,1,1
2025-03-05 04:00:00+00:00,bearish,2.4586,2.4771,75.4886358999468,0.07036747261107335,BALANCE,NORMAL_VOL,neutral,0.6486915146708957,other,middle,other,0.622446684167359,1.3713722607796854,minus,minus,1,1
2025-03-07 01:00:00+00:00,bearish,2.4999,2.5774,312.0847259694766,0.06520817696019213,BALANCE,NORMAL_VOL,neutral,0.4072847682119202,other,middle,other,2.2589191550305534,1.2943162028824085,minus,minus,0,0
2025-03-07 17:00:00+00:00,bearish,2.4747,2.4811,26.181223154019975,0.058942513694230855,BALANCE,NORMAL_VOL,bearish,0.2852042840142812,other,other,other,2.4396652091557294,1.491283531883088,minus,minus,1,1
2025-03-07 22:00:00+00:00,bearish,2.402,2.4376,148.6305945223784,0.06519984555741669,BALANCE,NORMAL_VOL,bearish,0.10714285714285797,other,edge,other,1.4493899363117488,0.22085941886655505,plus,plus,0,0
2025-03-09 11:00:00+00:00,bearish,2.2629,2.2921,129.58771579461188,0.03166929051018985,IMBALANCE,NORMAL_VOL,bearish,0.1058158319870735,trend_aligned,other,other,5.427971300610278,0.20840378466567028,plus,plus,0,0
2025-03-09 14:00:00+00:00,bearish,2.2107,2.2242,61.09426618998084,0.035554639668690644,IMBALANCE,NORMAL_VOL,bearish,0.23351786612984496,trend_aligned,other,other,4.050104327925626,1.4119113698740655,plus,plus,1,1
2025-03-09 17:00:00+00:00,bearish,2.1608,2.172,53.239530351286305,0.039916998306163756,IMBALANCE,HIGH_VOL,bearish,0.0,trend_aligned,other,high_vol_regular,2.1168926418736196,3.9131198894752717,minus,minus,1,1
2025-03-10 14:00:00+00:00,bearish,2.1491,2.1869,180.66242890598997,0.05005167007878327,BALANCE,HIGH_VOL,bearish,0.06106442577030758,other,edge,high_vol_regular,3.937930536378842,1.4185340846417995,minus,minus,0,1
2025-03-11 19:00:00+00:00,bullish,2.126,2.1727,211.58986905894596,0.05745445152352646,BALANCE,HIGH_VOL,neutral,1.0,other,edge,high_vol_regular,1.221837440589861,1.3071223901467057,minus,minus,0,0
2025-03-13 10:00:00+00:00,bullish,2.2433,2.2491,25.58108763727696,0.036061134165236895,BALANCE,NORMAL_VOL,bullish,0.8601398601398612,other,edge,other,2.176858876382052,1.4752725124015917,plus,plus,1,1
2025-03-16 12:00:00+00:00,bearish,2.3211,2.3408,85.4478421166787,0.025312006081339537,BALANCE,NORMAL_VOL,neutral,0.13471133285816062,other,edge,other,1.5289187224291276,2.516592315729613,plus,plus,1,1
2025-03-17 01:00:00+00:00,bullish,2.3046,2.3162,49.685184391997296,0.029225717328592825,BALANCE,NORMAL_VOL,bearish,0.530054644808746,other,middle,other,1.4678852709640406,1.9469154293206128,plus,plus,1,1
2025-03-18 02:00:00+00:00,bearish,2.3062,2.3122,26.111933153450185,0.025635338528836035,BALANCE,NORMAL_VOL,bearish,0.20040080160320636,other,other,other,3.0036662052808913,0.3627804637547086,plus,plus,0,1
2025-03-19 14:00:00+00:00,bullish,2.3394,2.485,573.6348593491449,0.044316785883727235,BALANCE,HIGH_VOL,bullish,0.8625827814569529,other,edge,high_vol_large,0.9702869723634313,2.4392563188950334,minus,minus,0,0
2025-03-19 23:00:00+00:00,bullish,2.5194,2.5293,38.88910712181333,0.049428034285175185,IMBALANCE,NORMAL_VOL,bullish,0.8644230769230771,trend_aligned,other,other,0.34393437339462773,3.196566529197145,minus,minus,1,1
2025-03-20 01:00:00+00:00,bearish,2.5159,2.5293,53.71172037838825,0.04920784588874796,IMBALANCE,NORMAL_VOL,bullish,0.6956237753102549,trend_counter,other,other,2.1764821862379033,0.46130854927731363,plus,plus,0,0
2025-03-20 09:00:00+00:00,bullish,2.4697,2.484,56.956227346954954,0.04137374147032925,BALANCE,NORMAL_VOL,bullish,0.7115671641791042,other,other,other,0.16435545247646235,3.103417661467257,minus,minus,1,1
2025-03-20 16:00:00+00:00,bearish,2.4558,2.4909,146.17082413692546,0.04206837655547966,BALANCE,HIGH_VOL,neutral,0.0,other,edge,high_vol_regular,1.0958350137235144,1.542726516066296,minus,minus,0,0
2025-03-20 17:00:00+00:00,bearish,2.43,2.4362,25.575447570331498,0.04127777823008827,BALANCE,NORMAL_VOL,neutral,0.1932239280042339,other,other,other,1.6716015967570743,1.0174966241130088,minus,minus,1,1
2025-03-26 03:00:00+00:00,bearish,2.4492,2.4528,14.772867167302916,0.021307470498646754,BALANCE,NORMAL_VOL,neutral,0.35479041916167975,other,middle,other,5.232906459125749,1.670775515200692,minus,minus,1,1
2025-03-26 14:00:00+00:00,bearish,2.428,2.4424,59.82302355531632,0.020811228754263392,BALANCE,NORMAL_VOL,neutral,0.0,other,edge,other,5.122234792511312,0.4036282575712682,plus,plus,0,0
2025-03-26 18:00:00+00:00,bearish,2.3919,2.3969,21.10417018402791,0.020974864755584067,BALANCE,NORMAL_VOL,bearish,0.0,other,edge,other,3.2753488902335084,0.9106137380416227,plus,plus,0,0
2025-03-27 01:00:00+00:00,bullish,2.3497,2.3584,36.72745694022354,0.02353246302758764,IMBALANCE,NORMAL_VOL,bearish,0.295037389530929,trend_counter,other,other,0.8286425427351146,2.9023736240414,minus,minus,1,1
2025-03-28 05:00:00+00:00,bearish,2.2765,2.2994,101.71900679607302,0.026435980243017708,IMBALANCE,NORMAL_VOL,bearish,0.0,trend_aligned,other,other,4.690576965942131,0.5674085039446167,plus,plus,0,0
2025-03-28 23:00:00+00:00,bullish,2.1847,2.1946,44.88778054862853,0.02589940139003778,IMBALANCE,NORMAL_VOL,bearish,0.31992797118847377,trend_counter,other,other,0.7065800372915002,5.6256126466321845,minus,minus,1,1
2025-03-29 03:00:00+00:00,bearish,2.1787,2.1815,12.874155133569984,0.02903225226730711,BALANCE,NORMAL_VOL,bearish,0.2337796086508754,other,other,other,3.964556347204684,1.2813335891921276,plus,plus,1,1
2025-03-29 07:00:00+00:00,bearish,2.1377,2.139,6.128895384468599,0.02888758217947098,IMBALANCE,HIGH_VOL,bearish,0.0,trend_aligned,other,high_vol_regular,2.1220190606177867,3.1501424880296516,plus,plus,1,1
2025-03-29 10:00:00+00:00,bearish,2.1059,2.1166,51.65588490875703,0.031285575090487516,IMBALANCE,HIGH_VOL,bearish,0.0,trend_aligned,other,high_vol_regular,0.37077790535891647,4.4972802831033825,minus,minus,1,1
2025-03-30 02:00:00+00:00,bullish,2.1388,2.1614,103.26707790724322,0.03001683389644955,BALANCE,HIGH_VOL,neutral,1.0,other,edge,high_vol_regular,0.7862254920493637,3.681267664044681,minus,minus,1,1
2025-03-30 03:00:00+00:00,bullish,2.1657,2.178,56.40390700233758,0.030308488618131728,BALANCE,NORMAL_VOL,neutral,0.8889705882352917,other,edge,other,0.5411025342315765,3.43798073578844,minus,minus,1,1
2025-03-30 19:00:00+00:00,bullish,2.1373,2.1398,11.670245541965954,0.02727982828668729,BALANCE,NORMAL_VOL,bearish,0.29393939393939145,other,other,other,0.7697995668927295,4.391523243511864,minus,minus,1,1
2025-04-01 03:00:00+00:00,bullish,2.084,2.0931,43.389119343918885,0.0300799760059643,BALANCE,NORMAL_VOL,bearish,0.6445783132530137,other,middle,other,3.4574495664284566,0.4621014324361134,plus,plus,1,1
2025-04-01 09:00:00+00:00,bullish,2.1152,2.1677,240.37360926697392,0.03149160609702544,BALANCE,HIGH_VOL,neutral,1.0,other,edge,high_vol_regular,0.0730353349687432,3.750205678177694,minus,minus,1,1
2025-04-01 11:00:00+00:00,bearish,2.1513,2.1677,76.88701359587422,0.0318095991346801,BALANCE,NORMAL_VOL,neutral,0.5043541364296092,other,middle,other,2.106282437459392,1.5309843985712317,plus,plus,1,1
2025-04-02 01:00:00+00:00,bearish,2.1184,2.1256,34.142640364188615,0.02746306822071424,BALANCE,NORMAL_VOL,neutral,0.1864555848724709,other,other,other,4.59526222582853,4.529719658423685,plus,plus,1,1
2025-04-02 06:00:00+00:00,bearish,2.0871,2.089,9.180517974487886,0.025645475450842024,BALANCE,NORMAL_VOL,bearish,0.0,other,edge,other,3.3924112721857718,6.379292921029806,minus,minus,1,1
2025-04-02 08:00:00+00:00,bullish,2.0871,2.0971,47.51045229950699,0.0270249252611852,BALANCE,NORMAL_VOL,bearish,0.33535004321521217,other,middle,other,4.7511694762914205,4.521751635535916,plus,plus,1,1
2025-04-02 16:00:00+00:00,bullish,2.1308,2.158,125.90261062766207,0.03034301584086127,BALANCE,NORMAL_VOL,bullish,0.7352024922118396,other,other,other,2.399234155952429,6.706650422202191,both,both,1,1
2025-04-02 21:00:00+00:00,bearish,2.1292,2.136,32.32861082057687,0.037801397633056344,BALANCE,NORMAL_VOL,neutral,0.2236842105263174,other,other,other,3.875518080630162,0.0,plus,plus,0,1
2025-04-02 23:00:00+00:00,bearish,2.0388,2.083,218.70361207323117,0.0435420214285027,BALANCE,NORMAL_VOL,bearish,0.15323224261771734,other,other,other,1.472141115571631,1.3733859393320418,minus,minus,0,1
2025-04-03 01:00:00+00:00,bullish,2.0388,2.0485,47.234125438254985,0.04281990623171917,BALANCE,NORMAL_VOL,bearish,0.2833200319233835,other,other,other,0.6352185792469462,2.258295463719828,minus,minus,1,1
2025-04-04 08:00:00+00:00,bullish,2.0764,2.0875,53.04152530224059,0.02984184931464703,BALANCE,NORMAL_VOL,neutral,0.9905178701677602,other,edge,other,2.338997133322463,2.610428032748112,minus,minus,1,1
2025-04-04 11:00:00+00:00,bearish,2.0526,2.0829,148.0576594185194,0.03120085384266744,BALANCE,NORMAL_VOL,bearish,0.59077598828697,other,middle,other,0.3012738063964542,3.958225009570495,minus,minus,1,1
2025-04-06 18:00:00+00:00,bearish,2.0362,2.0563,100.77713712709844,0.02507333831216554,BALANCE,NORMAL_VOL,bearish,0.0,other,edge,other,15.21935353198853,0.5623503270467461,plus,plus,0,1
2025-04-06 19:00:00+00:00,bearish,2.0086,2.0249,81.75753623915436,0.02556095700415372,BALANCE,NORMAL_VOL,bearish,0.1072589382448539,other,edge,other,14.897720767579987,0.42251939151750517,plus,plus,0,1
2025-04-06 23:00:00+00:00,bearish,1.932,1.9421,52.593209747969155,0.036018471287891374,IMBALANCE,HIGH_VOL,bearish,0.06603366422097579,trend_aligned,other,high_vol_regular,8.537286259102698,2.3349130874489017,plus,plus,1,1
2025-04-07 03:00:00+00:00,bearish,1.8967,1.8995,15.365197826921548,0.0435448448160523,IMBALANCE,HIGH_VOL,bearish,0.0,trend_aligned,other,high_vol_regular,4.80883560119629,4.1841921993217035,plus,plus,1,1
2025-04-07 04:00:00+00:00,bearish,1.837,1.8916,302.8958171530011,0.04462021304347714,IMBALANCE,NORMAL_VOL,bearish,0.014846585285384196,trend_aligned,other,other,4.251436446866798,4.5248551324323,plus,plus,1,1
2025-04-07 07:00:00+00:00,bearish,1.711,1.7501,233.12663963749054,0.05563797669698224,IMBALANCE,NORMAL_VOL,bearish,0.13367983367983372,trend_aligned,other,other,0.08088000799360529,5.882672581401628,minus,minus,1,1
2025-04-07 09:00:00+00:00,bullish,1.711,1.7386,157.70527398434288,0.059524071743826526,IMBALANCE,NORMAL_VOL,bearish,0.28523908523908514,trend_counter,other,other,4.273901172199044,0.09239959295241738,plus,plus,0,0
2025-04-07 14:00:00+00:00,bullish,1.8092,1.8487,208.9504866694884,0.07248538884464173,BALANCE,HIGH_VOL,bearish,0.6555634301913538,other,middle,high_vol_regular,1.164372590742321,0.7394593704240343,plus,plus,0,1
2025-04-08 12:00:00+00:00,bullish,1.8952,1.9255,155.25722484115593,0.04695227349899621,BALANCE,NORMAL_VOL,neutral,0.8657616892911009,other,edge,other,0.494118777879757,4.90711062170239,minus,minus,1,1
2025-04-08 15:00:00+00:00,bearish,1.9152,1.9353,105.60605264540538,0.046470278745369784,BALANCE,NORMAL_VOL,bearish,0.44227769110764376,other,middle,other,3.9186336926834993,0.10759565328620514,plus,plus,0,1
2025-04-08 17:00:00+00:00,bearish,1.8678,1.8896,117.0344124120902,0.04806825055085456,BALANCE,NORMAL_VOL,bearish,0.12558502340093597,other,edge,other,2.94373101534656,4.632995739347554,plus,plus,1,1
2025-04-09 05:00:00+00:00,bullish,1.7744,1.7813,38.31417624521144,0.044523725045910796,BALANCE,NORMAL_VOL,bearish,0.3142744479495263,other,middle,other,6.470707464456864,0.8489855680543902,plus,plus,1,1
2025-04-09 12:00:00+00:00,bearish,1.8076,1.8168,51.28205128205058,0.0413416163544536,BALANCE,NORMAL_VOL,bearish,0.3890967397113841,other,middle,other,0.2854266726977852,7.1356668174446085,minus,minus,1,1
2025-04-09 18:00:00+00:00,bullish,1.865,2.0019,683.236013375256,0.059058295769383894,BALANCE,HIGH_VOL,neutral,0.7756727073036789,other,other,high_vol_large,1.4307896782183385,1.4121640137681535,plus,plus,0,0
2025-04-10 16:00:00+00:00,bearish,1.9536,1.9795,132.8000820386609,0.043120456236959495,BALANCE,NORMAL_VOL,bullish,0.1786777843954735,other,other,other,0.3942444371780285,1.9132450627757376,minus,minus,1,1
2025-04-11 02:00:00+00:00,bullish,1.9753,1.9809,28.147775823071374,0.03555726463748631,BALANCE,NORMAL_VOL,bullish,0.5509554140127394,other,middle,other,2.0867746930615785,0.1715542537422594,plus,plus,0,0
2025-04-12 14:00:00+00:00,bullish,2.0725,2.1434,329.3691349995373,0.027196674222395606,IMBALANCE,NORMAL_VOL,bullish,0.81887201735358,trend_aligned,other,other,3.4710126402979222,1.356783542658836,minus,minus,0,0
2025-04-13 09:00:00+00:00,bullish,2.1533,2.1685,68.1889551837049,0.02762449981158804,IMBALANCE,NORMAL_VOL,bullish,1.0,trend_aligned,other,other,0.6479755333883461,5.390142844777904,minus,minus,1,1
2025-04-13 10:00:00+00:00,bullish,2.1799,2.1941,63.995673531931196,0.029429892682188874,IMBALANCE,NORMAL_VOL,bullish,0.8919619706136582,trend_aligned,other,other,0.3737696266441834,4.712895201413426,minus,minus,1,1
2025-04-13 14:00:00+00:00,bearish,2.1588,2.1636,22.34636871508547,0.032177940568929524,BALANCE,NORMAL_VOL,bullish,0.23017107309487,other,other,other,2.1070335391652324,1.134317465774784,minus,minus,1,1
2025-04-13 20:00:00+00:00,bearish,2.144,2.165,99.52606635071048,0.03377254362547362,BALANCE,NORMAL_VOL,neutral,0.09868421052631389,other,edge,other,0.8823735733521291,2.054923690961008,minus,minus,1,1
2025-04-16 15:00:00+00:00,bullish,2.0862,2.0922,28.665615594095968,0.02491084934304753,BALANCE,NORMAL_VOL,bearish,0.6189473684210534,other,middle,other,1.5414970188769168,1.90278538267621,both,both,1,1
2025-04-17 15:00:00+00:00,bearish,2.086,2.09,19.359210144226136,0.022320839438864374,BALANCE,NORMAL_VOL,bearish,0.09010600706713183,other,edge,other,1.0841886151406872,1.689004578132396,minus,minus,1,1
2025-04-20 20:00:00+00:00,bullish,2.0615,2.0741,60.574010864862004,0.013053922873111754,BALANCE,NORMAL_VOL,neutral,0.7592920353982261,other,other,other,4.5963194806051,1.6776566104208623,minus,minus,1,1
2025-04-21 01:00:00+00:00,bullish,2.0782,2.1018,111.44692104269015,0.016065852184592482,BALANCE,NORMAL_VOL,bullish,0.9594272076372308,other,edge,other,1.400485933860264,3.6972828653911103,plus,plus,1,1
2025-04-21 17:00:00+00:00,bearish,2.0865,2.1096,111.47034695748637,0.018863275237806097,BALANCE,NORMAL_VOL,neutral,0.16605166051660114,other,other,other,0.5460345496818357,6.361567569108787,minus,minus,1,1
2025-04-22 08:00:00+00:00,bullish,2.0827,2.0903,36.235338991132124,0.017196664432648008,BALANCE,NORMAL_VOL,neutral,0.49061326658322874,other,middle,other,11.711573531529782,0.23841832909269817,plus,plus,0,0
2025-04-22 14:00:00+00:00,bullish,2.1064,2.1188,57.67441860465101,0.01856019133894641,BALANCE,NORMAL_VOL,bullish,1.0,other,edge,other,8.14107986499763,0.7219753156251957,plus,plus,0,0
2025-04-22 15:00:00+00:00,bullish,2.1324,2.1366,19.496796954785914,0.02121303481473594,BALANCE,NORMAL_VOL,bullish,0.9594172736732547,other,edge,other,6.924987456200931,0.7118264846060809,plus,plus,0,1
2025-04-22 22:00:00+00:00,bullish,2.1591,2.1943,159.40585091930132,0.02811751098316635,IMBALANCE,NORMAL_VOL,bullish,0.7690631808278876,trend_aligned,other,other,3.3039908850971194,0.6757354878024311,plus,plus,0,1
2025-04-23 09:00:00+00:00,bullish,2.2641,2.2727,37.83878915874666,0.029811842979123714,IMBALANCE,NORMAL_VOL,bullish,0.8709677419354848,trend_aligned,other,other,0.8285297898991467,5.242882840535966,minus,minus,1,1
2025-04-24 04:00:00+00:00,bearish,2.1887,2.1944,26.064291920069678,0.027383002878546208,BALANCE,NORMAL_VOL,neutral,0.12153846153846191,other,edge,other,2.5709379030579806,1.818646414379071,plus,plus,1,1
2025-04-24 16:00:00+00:00,bullish,2.1985,2.2083,44.32383536861063,0.030512738212245868,BALANCE,NORMAL_VOL,bullish,0.7861896838602326,other,other,other,0.2851268194772676,1.5993320448839543,minus,minus,1,1
2025-04-25 03:00:00+00:00,bearish,2.1839,2.1906,30.728306732709267,0.025729705255131824,BALANCE,NORMAL_VOL,neutral,0.5316139767054929,other,middle,other,0.39254239020035175,1.527417419294434,minus,minus,1,1
2025-04-26 07:00:00+00:00,bullish,2.1924,2.2167,109.49891852919868,0.020844475736175948,BALANCE,NORMAL_VOL,bullish,0.7557959814528579,other,other,other,0.7675894660296847,3.0511681274679776,minus,minus,1,1
2025-04-27 02:00:00+00:00,bearish,2.1723,2.186,63.09874723655143,0.0176381012275164,BALANCE,NORMAL_VOL,bearish,0.16864864864864484,other,other,other,0.7030235193715347,6.979209293115818,minus,minus,1,1
2025-04-27 13:00:00+00:00,bullish,2.1824,2.2129,137.28844076341363,0.020950030094445148,BALANCE,NORMAL_VOL,neutral,0.5749128919860623,other,middle,other,6.711207543194882,0.48687280896578355,plus,plus,0,1
2025-04-27 20:00:00+00:00,bullish,2.2517,2.264,53.90008764241786,0.023279815417499128,BALANCE,NORMAL_VOL,bullish,0.9882720875684123,other,edge,other,3.445044497204852,2.8178917583121916,minus,minus,1,1
2025-04-28 08:00:00+00:00,bullish,2.2934,2.3235,129.42896456828353,0.026886265917169076,IMBALANCE,NORMAL_VOL,bullish,0.9006466784244578,trend_aligned,other,other,0.8033841540712605,2.9011094452573616,minus,minus,1,1
2025-04-28 14:00:00+00:00,bearish,2.3037,2.3098,26.67249672059464,0.027667680519142823,BALANCE,NORMAL_VOL,bullish,0.48422496570644585,other,middle,other,1.4240442010576158,0.9650248773664509,plus,plus,1,1
2025-04-29 22:00:00+00:00,bearish,2.261,2.2746,60.82289803219962,0.020066656200599196,BALANCE,NORMAL_VOL,neutral,0.0,other,edge,other,5.700999651181758,1.071429130248299,minus,minus,0,0
2025-04-29 23:00:00+00:00,bearish,2.241,2.2504,42.03183688070046,0.020104752186270676,BALANCE,NORMAL_VOL,neutral,0.08660351826793203,other,edge,other,5.710092764953151,1.0495031127222072,minus,minus,1,1
2025-04-30 08:00:00+00:00,bearish,2.2298,2.238,36.86055920165416,0.01914835448531588,BALANCE,NORMAL_VOL,bearish,0.18924508790072414,other,other,other,5.379052287703721,0.6684647503165736,plus,plus,0,1
2025-04-30 13:00:00+00:00,bearish,2.194,2.2281,160.3951081843839,0.02455198648984875,BALANCE,NORMAL_VOL,bearish,0.0,other,edge,other,0.11404372518522597,4.86722327129857,minus,minus,1,1
2025-05-01 11:00:00+00:00,bullish,2.218,2.2287,47.84261122289261,0.01900808223259958,BALANCE,NORMAL_VOL,neutral,0.9079754601227004,other,edge,other,1.02061848021303,2.430545040507298,minus,minus,1,1
2025-05-04 09:00:00+00:00,bearish,2.1908,2.202,51.40680222150869,0.01449816830628794,BALANCE,NORMAL_VOL,bearish,0.09817351598173941,other,edge,other,3.359045016664534,1.8278171035238129,minus,minus,1,1
2025-05-04 23:00:00+00:00,bearish,2.1637,2.1741,48.264340077966345,0.01561638412346175,BALANCE,NORMAL_VOL,bearish,0.022184300341290784,other,edge,other,3.176151381002584,2.843167768478127,plus,plus,1,1
2025-05-05 11:00:00+00:00,bearish,2.1629,2.1757,59.78514712751015,0.018828720342189447,BALANCE,NORMAL_VOL,bearish,0.14627659574468216,other,edge,other,3.3300191866734727,1.0409629355470542,plus,plus,0,1
2025-05-06 02:00:00+00:00,bearish,2.1134,2.1213,37.410617038406215,0.021439924389987364,IMBALANCE,NORMAL_VOL,bearish,0.06914893617021234,trend_aligned,other,other,1.6744462035866805,2.751875376368104,plus,plus,1,1
2025-05-06 19:00:00+00:00,bullish,2.1276,2.1336,28.095148904288177,0.020806466603948963,BALANCE,NORMAL_VOL,neutral,0.8398876404494428,other,other,other,1.6869755287203885,1.5908515669699494,minus,minus,1,1
2025-05-06 23:00:00+00:00,bullish,2.1317,2.1403,39.92571959145748,0.021483850288301375,BALANCE,NORMAL_VOL,neutral,1.0,other,edge,other,0.7773280755495596,2.397149454539033,minus,minus,1,1
2025-05-08 03:00:00+00:00,bullish,2.1473,2.1658,84.6836949555981,0.017791964964648962,BALANCE,NORMAL_VOL,bullish,1.0,other,edge,other,8.35770530660629,0.9498669783567425,plus,plus,0,0
2025-05-08 04:00:00+00:00,bullish,2.171,2.1809,45.38161815264735,0.018292538895745492,BALANCE,NORMAL_VOL,bullish,0.9529553679131508,other,edge,other,8.298465339620275,0.754405939965495,plus,plus,1,1
2025-05-08 09:00:00+00:00,bullish,2.1973,2.2005,14.485537096555575,0.01865267400528432,BALANCE,NORMAL_VOL,bullish,0.9221453287197203,other,edge,other,11.719499302784726,0.3806424750675666,plus,plus,0,0
2025-05-08 20:00:00+00:00,bullish,2.2531,2.2575,19.03525849015773,0.025559291833089307,IMBALANCE,NORMAL_VOL,bullish,1.0,trend_aligned,other,other,4.608891387495129,1.2167786260704432,minus,minus,0,0
2025-05-08 21:00:00+00:00,bullish,2.2751,2.2869,51.266455228744114,0.027005056702154345,IMBALANCE,NORMAL_VOL,bullish,0.9094279661016943,trend_aligned,other,other,4.725040995371092,0.7887411692899883,plus,plus,0,0
2025-05-09 08:00:00+00:00,bullish,2.3133,2.335,91.65012459348756,0.032595029224053274,IMBALANCE,HIGH_VOL,bullish,1.0,trend_aligned,other,high_vol_regular,1.8898587136268798,1.4020542729342325,minus,minus,0,0
2025-05-09 15:00:00+00:00,bearish,2.3613,2.3663,21.2847473500485,0.037887891565401365,BALANCE,NORMAL_VOL,bullish,0.5734042553191491,other,middle,other,0.7152680943783951,2.3569535360882297,minus,minus,1,1
2025-05-10 07:00:00+00:00,bullish,2.3726,2.3739,5.44137959901251,0.027289521344400346,BALANCE,NORMAL_VOL,bullish,0.6253494874184526,other,middle,other,3.4995117281379495,1.7809033506544965,plus,plus,1,1
2025-05-11 01:00:00+00:00,bearish,2.4399,2.4456,23.688803923198563,0.032506188738961654,BALANCE,NORMAL_VOL,bullish,0.40963855421686907,other,middle,other,2.4210774333464324,0.4245345435855187,plus,plus,0,1
2025-05-11 14:00:00+00:00,bearish,2.3651,2.3715,27.126690119951608,0.028357822678396673,BALANCE,NORMAL_VOL,neutral,0.13046495489243695,other,edge,other,1.1213836958020642,10.427457825429856,plus,plus,1,1
2025-05-12 13:00:00+00:00,bullish,2.4831,2.556,280.0722271312774,0.04347742008975496,BALANCE,HIGH_VOL,bullish,1.0,other,edge,high_vol_regular,0.3864074723228273,4.215981528379438,minus,minus,1,1
2025-05-12 19:00:00+00:00,bearish,2.534,2.5577,93.59080677644937,0.05979892553618315,BALANCE,NORMAL_VOL,bullish,0.597308828355761,other,middle,other,1.884649247281336,1.217413178368065,plus,plus,1,1
2025-05-13 01:00:00+00:00,bearish,2.5055,2.524,74.92305200064783,0.05269818829053723,BALANCE,NORMAL_VOL,bullish,0.3359542530378839,other,middle,other,0.9412088272663883,2.578836282772235,minus,minus,1,1
2025-05-13 05:00:00+00:00,bullish,2.4627,2.4668,16.502314348964436,0.050601248327937144,BALANCE,NORMAL_VOL,bullish,0.30122950819672206,other,middle,other,2.3833404112565404,0.0,plus,plus,0,1
2025-05-13 10:00:00+00:00,bullish,2.5092,2.5282,74.46600039192683,0.046497431121379426,BALANCE,NORMAL_VOL,bullish,0.6591704147926034,other,middle,other,2.170012354803115,1.038767063795736,minus,minus,1,1
2025-05-15 02:00:00+00:00,bearish,2.5411,2.547,23.25581395348844,0.03207106549981267,BALANCE,NORMAL_VOL,neutral,0.18960674157303425,other,other,other,5.967996292518493,0.2868629356905405,plus,plus,0,0
2025-05-15 06:00:00+00:00,bearish,2.5116,2.5182,26.447605690243087,0.030785086988237922,BALANCE,NORMAL_VOL,neutral,0.02501690331304812,other,edge,other,4.869240748199675,0.27935604025696575,plus,plus,0,0
2025-05-15 19:00:00+00:00,bearish,2.4541,2.4688,60.0588331426701,0.03781247678080912,BALANCE,NORMAL_VOL,bearish,0.2665474060822903,other,other,other,2.6975223176009377,0.29090926954520274,plus,plus,0,0
2025-05-15 23:00:00+00:00,bearish,2.3848,2.3923,31.458411979364474,0.039342116548747634,IMBALANCE,NORMAL_VOL,bearish,0.023493975903615894,trend_aligned,other,other,0.9785950370081331,1.3903674941388282,minus,minus,1,1
2025-05-17 21:00:00+00:00,bullish,2.3404,2.3421,7.2128643557216465,0.026228375951429454,BALANCE,NORMAL_VOL,bearish,0.65826944140197,other,middle,other,3.503838749687866,1.2314906595747273,minus,minus,1,1
2025-05-18 18:00:00+00:00,bearish,2.398,2.4264,118.50121004756733,0.023410404036074858,BALANCE,NORMAL_VOL,bullish,0.5797101449275348,other,middle,other,4.967876668031206,1.853876589789812,plus,plus,1,1
2025-05-18 23:00:00+00:00,bullish,2.393,2.3949,7.828594973218017,0.02870334262838095,BALANCE,NORMAL_VOL,bullish,0.8155668358714057,other,other,other,0.4529089231282044,5.110903001762163,minus,minus,1,1
2025-05-19 04:00:00+00:00,bearish,2.3613,2.3712,42.452830188679336,0.03048661940433939,BALANCE,NORMAL_VOL,bearish,0.011844331641284666,other,edge,other,1.6958259397118005,2.50273731528068,plus,plus,1,1
2025-05-19 07:00:00+00:00,bearish,2.3172,2.3204,13.885272932394546,0.032894680332118675,BALANCE,NORMAL_VOL,bearish,0.1442136498516334,other,edge,other,0.5867210079301368,3.152485415666017,minus,minus,1,1
2025-05-19 20:00:00+00:00,bullish,2.3737,2.3802,27.209175771275273,0.028593469777200547,BALANCE,NORMAL_VOL,neutral,0.6800250469630561,other,middle,other,0.6784765945219066,2.6719387536841985,minus,minus,1,1
2025-05-21 08:00:00+00:00,bearish,2.3596,2.3685,37.89814341679497,0.022595456158815624,BALANCE,NORMAL_VOL,bearish,0.47866666666666313,other,middle,other,0.8541540327553853,4.107020426927475,minus,minus,1,1
2025-05-21 15:00:00+00:00,bullish,2.3774,2.3811,15.424378856093941,0.02356533736801125,BALANCE,NORMAL_VOL,bullish,0.9716231555051084,other,edge,other,2.3975892692584857,2.779506144007641,plus,plus,1,1
2025-05-21 18:00:00+00:00,bearish,2.3727,2.3928,85.27427771413934,0.02914651829355713,BALANCE,NORMAL_VOL,neutral,0.28197381671701954,other,other,other,0.19899460860413992,3.369184580159856,minus,minus,1,1
2025-05-22 09:00:00+00:00,bullish,2.4073,2.4258,76.1003702180171,0.025425918220970834,BALANCE,NORMAL_VOL,bullish,0.9054680259499558,other,edge,other,1.919301382781551,1.0619085519488152,minus,minus,1,1
2025-05-23 07:00:00+00:00,bearish,2.4328,2.4408,32.98017067238326,0.023927475012756855,BALANCE,NORMAL_VOL,bullish,0.2862796833773091,other,other,other,5.997289723361676,1.1493063929787126,minus,minus,1,1
2025-05-23 12:00:00+00:00,bearish,2.363,2.434,302.46229871347094,0.03012203821307994,BALANCE,NORMAL_VOL,neutral,0.0,other,edge,other,2.164528161699497,1.1387011648204421,minus,minus,0,0
2025-05-25 01:00:00+00:00,bearish,2.3151,2.32,21.21946994630037,0.017024595614181036,IMBALANCE,NORMAL_VOL,bearish,0.19902912621359592,trend_aligned,other,other,2.631486880233604,2.5786221884431892,plus,plus,1,1
2025-05-25 09:00:00+00:00,bearish,2.2921,2.2993,31.419095828242693,0.01659680042720776,IMBALANCE,NORMAL_VOL,bearish,0.19298245614035167,trend_aligned,other,other,1.6388701014570064,3.9826953568496144,minus,minus,1,1
2025-05-25 23:00:00+00:00,bullish,2.3144,2.3265,51.69835505233829,0.017399792212354964,BALANCE,NORMAL_VOL,neutral,1.0,other,edge,other,0.9885175518237961,2.672445706965513,minus,minus,1,1
2025-05-26 14:00:00+00:00,bearish,2.3255,2.3306,21.97802197802243,0.01494455928292966,BALANCE,NORMAL_VOL,bearish,0.40669856459330284,other,middle,other,3.753874499603326,2.2282356655399567,minus,minus,1,1
2025-05-27 02:00:00+00:00,bearish,2.294,2.2972,14.011734827918785,0.017487620991740397,BALANCE,NORMAL_VOL,bearish,0.20793140407287994,other,other,other,0.08005662981037168,4.002831490519041,minus,minus,1,1
2025-05-27 09:00:00+00:00,bullish,2.3029,2.3066,15.982721382288616,0.016666716123863827,BALANCE,NORMAL_VOL,bearish,0.6262376237623734,other,middle,other,2.32799309183921,1.9199943025477957,plus,plus,1,1
2025-05-28 07:00:00+00:00,bearish,2.2985,2.3016,13.510568751361431,0.014452281247530343,BALANCE,NORMAL_VOL,bearish,0.12922173274596663,other,edge,other,4.850445324123414,1.3631066032129866,minus,minus,1,1
2025-05-28 14:00:00+00:00,bearish,2.2844,2.3036,84.69716352728246,0.015053083553217673,BALANCE,NORMAL_VOL,bearish,0.0,other,edge,other,2.8233417990239875,2.9894207283783363,plus,plus,1,1
2025-05-28 15:00:00+00:00,bearish,2.2765,2.2786,9.327115256495627,0.015827863299416413,BALANCE,NORMAL_VOL,bearish,0.0,other,edge,other,1.712170460873206,3.81605519692775,minus,minus,1,1
2025-05-29 00:00:00+00:00,bullish,2.2612,2.2661,21.35541512311912,0.019086671082637435,BALANCE,NORMAL_VOL,neutral,0.7720264317180642,other,other,other,0.9116309452111905,8.828150245292363,minus,minus,1,1
2025-05-29 09:00:00+00:00,bullish,2.2865,2.289,10.907504363001513,0.017536456338628947,BALANCE,NORMAL_VOL,neutral,0.7725714285714255,other,other,other,0.9408970479203554,9.465994542713771,minus,minus,1,1
2025-05-29 23:00:00+00:00,bearish,2.263,2.2672,18.728261838936866,0.0190470999678948,BALANCE,NORMAL_VOL,bearish,0.0,other,edge,other,6.121666825739213,0.4410120183208332,plus,plus,0,0
2025-05-30 00:00:00+00:00,bearish,2.251,2.2592,38.054575830703484,0.026615164255902317,BALANCE,NORMAL_VOL,bearish,0.0,other,edge,other,1.9199580926376483,2.829214175648059,minus,minus,0,0
2025-05-30 01:00:00+00:00,bearish,2.1977,2.235,170.17976092709034,0.02819265252333788,BALANCE,NORMAL_VOL,bearish,0.3605479452054809,other,middle,other,3.3909544311540905,1.3585099865397645,minus,minus,0,0
2025-05-30 03:00:00+00:00,bullish,2.1977,2.2137,72.18913553510002,0.027556419777776047,BALANCE,NORMAL_VOL,bearish,0.4953424657534258,other,middle,other,0.26853996490386217,5.029680964280406,minus,minus,1,1
2025-05-30 07:00:00+00:00,bearish,2.197,2.2091,55.27890721366796,0.026383267525850223,IMBALANCE,NORMAL_VOL,bearish,0.3446575342465749,trend_aligned,other,other,4.211002291173549,0.9513605536314726,plus,plus,1,1
2025-05-30 19:00:00+00:00,bullish,2.1741,2.1841,45.76449590407665,0.027124312116341615,BALANCE,NORMAL_VOL,bearish,0.43138686131386805,other,middle,other,0.7557795350559149,3.9558606883658003,minus,minus,1,1
2025-05-30 23:00:00+00:00,bearish,2.1535,2.1771,110.36804938502371,0.02687876349320162,IMBALANCE,NORMAL_VOL,bearish,0.05067218200620594,trend_aligned,other,other,2.250847588852156,2.5038354170206505,plus,plus,1,1
2025-05-31 05:00:00+00:00,bullish,2.112,2.1248,60.22395784322915,0.029614324061649634,BALANCE,NORMAL_VOL,bearish,0.34948604992657895,other,middle,other,2.708148929316896,0.037144187309836124,plus,plus,0,0
2025-05-31 13:00:00+00:00,bullish,2.1419,2.1511,42.66567731762684,0.02385231036612129,BALANCE,NORMAL_VOL,bearish,0.6190851735015762,other,middle,other,2.0668857332170028,1.4505932326431559,plus,plus,1,1
2025-06-03 03:00:00+00:00,bearish,2.2011,2.2032,9.567198177676497,0.016983847135678475,BALANCE,NORMAL_VOL,bullish,0.6957520091848453,other,middle,other,0.7183295929678432,5.0812986781249965,minus,minus,1,1
2025-06-03 16:00:00+00:00,bullish,2.2384,2.2483,43.93556117694058,0.01931300000531679,IMBALANCE,NORMAL_VOL,bullish,0.80671506352087,trend_aligned,other,other,1.4498006520111708,1.8277843934283613,plus,plus,1,1
2025-06-04 20:00:00+00:00,bearish,2.2111,2.2227,52.70810614322089,0.01751884386691106,BALANCE,NORMAL_VOL,neutral,0.0,other,edge,other,8.174055382185982,1.4099103906423964,plus,plus,1,1
2025-06-05 17:00:00+00:00,bearish,2.1737,2.1895,72.82448377580933,0.01796085591779456,BALANCE,NORMAL_VOL,bearish,0.11690363349131254,other,edge,other,6.235783000131808,1.107965015201979,plus,plus,1,1
2025-06-05 20:00:00+00:00,bearish,2.1313,2.1539,109.76202039825243,0.02406731066012924,BALANCE,NORMAL_VOL,bearish,0.0,other,edge,other,0.04155013470852684,5.422292579460926,minus,minus,1,1
2025-06-05 21:00:00+00:00,bearish,2.1027,2.11,34.73709255293772,0.025541074184405738,IMBALANCE,NORMAL_VOL,bearish,0.2614651578320446,trend_aligned,other,other,0.8770187126145484,3.445430656699967,minus,minus,1,1
2025-06-06 04:00:00+00:00,bullish,2.1096,2.1192,44.954343245142944,0.023123678324538415,BALANCE,NORMAL_VOL,bearish,0.4639666468135802,other,middle,other,2.335268603987456,0.5924662939745993,plus,plus,0,0
2025-06-08 07:00:00+00:00,bullish,2.196,2.2011,23.11457577954886,0.011930887391177819,BALANCE,NORMAL_VOL,bullish,0.7172774869109956,other,other,other,7.359050263513758,0.9303582907175603,plus,plus,1,1
2025-06-08 12:00:00+00:00,bullish,2.2149,2.2408,114.65250110668453,0.014481471767962365,IMBALANCE,NORMAL_VOL,bullish,1.0,trend_aligned,other,other,2.430692167482158,2.6240426808045805,plus,plus,0,0
2025-06-08 13:00:00+00:00,bullish,2.249,2.2522,14.119308153900864,0.01607565235596505,IMBALANCE,NORMAL_VOL,bullish,1.0,trend_aligned,other,other,1.729323288686605,2.824146665696818,plus,plus,1,1
2025-06-08 23:00:00+00:00,bearish,2.267,2.2717,20.742309898937062,0.015655567257115657,IMBALANCE,NORMAL_VOL,bullish,0.7743221690590094,trend_counter,other,other,2.867989339676727,4.017740077186378,plus,plus,1,1
2025-06-09 02:00:00+00:00,bearish,2.2498,2.2548,22.283625991620884,0.01538060541686701,IMBALANCE,NORMAL_VOL,bullish,0.5222748815165863,trend_counter,other,other,1.4823863809025544,5.5264404551192685,plus,plus,1,1
2025-06-09 17:00:00+00:00,bullish,2.2641,2.2776,58.967415043243065,0.018223106840500634,BALANCE,NORMAL_VOL,bullish,1.0,other,edge,other,2.16209016085194,1.7560123133822834,plus,plus,1,1
2025-06-10 12:00:00+00:00,bullish,2.291,2.2928,7.779074290160534,0.01872817672151413,BALANCE,NORMAL_VOL,bullish,0.7827988338192368,other,other,other,1.1586819327196982,3.016844663532835,minus,minus,1,1
2025-06-11 01:00:00+00:00,bearish,2.293,2.2993,27.601314348302175,0.018965923638065967,BALANCE,NORMAL_VOL,bullish,0.4141914191419163,other,middle,other,2.0510469588691844,2.8999378595836363,minus,minus,1,1
2025-06-11 09:00:00+00:00,bullish,2.2958,2.3002,19.07073509015239,0.0188194846346052,BALANCE,NORMAL_VOL,bullish,0.7134670487106008,other,other,other,1.6100334620367056,4.128699669975321,plus,plus,1,1
2025-06-11 18:00:00+00:00,bearish,2.3064,2.315,37.45481468577127,0.01984606141433216,BALANCE,NORMAL_VOL,bullish,0.3224222585924701,other,middle,other,3.829475199805409,0.17635741051734596,plus,plus,0,0
2025-06-11 22:00:00+00:00,bearish,2.2722,2.2781,26.106194690263596,0.020229650667813966,BALANCE,NORMAL_VOL,neutral,0.0,other,edge,other,4.483517856504891,0.6179048865084006,plus,plus,0,0
2025-06-12 20:00:00+00:00,bearish,2.2118,2.2292,79.73604619191578,0.020240211196287487,IMBALANCE,NORMAL_VOL,bearish,0.0,trend_aligned,other,other,4.999947827548476,1.0820045199931998,minus,minus,0,0
2025-06-13 01:00:00+00:00,bearish,2.1238,2.1837,283.95354349371814,0.026734752513281643,IMBALANCE,NORMAL_VOL,bearish,0.10692588092345245,trend_aligned,other,other,1.0660281962902625,1.9450339020032745,plus,plus,0,0
2025-06-14 04:00:00+00:00,bullish,2.1445,2.1574,59.66145592452194,0.01852994609226979,BALANCE,NORMAL_VOL,bearish,1.0,other,edge,other,0.852673824377254,2.9303916875749874,minus,minus,1,1
2025-06-14 17:00:00+00:00,bearish,2.1393,2.1434,19.254250023481802,0.01778054653871312,BALANCE,NORMAL_VOL,bearish,0.21739130434782702,other,other,other,1.2091866778779092,2.581472954167251,plus,plus,1,1
2025-06-16 08:00:00+00:00,bullish,2.1863,2.1926,28.632459210107587,0.014004181595024113,BALANCE,NORMAL_VOL,bullish,0.9575471698113217,other,edge,other,9.732807238691422,0.4070212858440318,plus,plus,0,1
2025-06-16 12:00:00+00:00,bullish,2.2095,2.2432,149.99109845113077,0.016564140736554676,IMBALANCE,NORMAL_VOL,bullish,0.9844179651695688,trend_aligned,other,other,5.421349735445328,3.5860598472767657,plus,plus,1,1
2025-06-16 15:00:00+00:00,bullish,2.2641,2.2754,49.36222261051837,0.01902212725882313,IMBALANCE,NORMAL_VOL,bullish,0.9810085134250169,trend_aligned,other,other,2.4918348697311905,6.7079774130317,plus,plus,1,1
2025-06-16 17:00:00+00:00,bullish,2.2974,2.3068,40.745557000432825,0.019951732177250586,IMBALANCE,NORMAL_VOL,bullish,0.8938666666666654,trend_aligned,other,other,1.4835804599337212,8.330103798681945,plus,plus,1,1
2025-06-16 23:00:00+00:00,bearish,2.2816,2.292,46.486679778293144,0.025995648820689974,BALANCE,NORMAL_VOL,bullish,0.4058577405857758,other,middle,other,3.7083129051687735,0.734738345318705,plus,plus,0,0
2025-06-17 00:00:00+00:00,bearish,2.254,2.26,26.633522727271764,0.027953102476354966,IMBALANCE,NORMAL_VOL,bullish,0.4957882069795445,trend_counter,other,other,4.006710886376169,0.12520971519924934,plus,plus,0,0
2025-06-17 15:00:00+00:00,bearish,2.1937,2.2042,48.202726897121394,0.023717412973259022,BALANCE,NORMAL_VOL,neutral,0.0,other,edge,other,2.580382610405354,1.0203473720883929,plus,plus,0,0
2025-06-17 19:00:00+00:00,bullish,2.166,2.1717,26.122823098075337,0.025564825383414508,BALANCE,NORMAL_VOL,bearish,0.2926136363636356,other,other,other,0.3168415930294283,2.5386443688406493,minus,minus,1,1
2025-06-18 21:00:00+00:00,bullish,2.1526,2.1608,37.71849126034952,0.023034028615364428,BALANCE,NORMAL_VOL,neutral,0.9358552631578908,other,edge,other,0.43848169890971556,1.345834917445668,minus,minus,1,1
2025-06-20 08:00:00+00:00,bullish,2.1539,2.1603,29.54209748892051,0.013560279573104832,BALANCE,NORMAL_VOL,neutral,0.7249357326478162,other,other,other,0.9365588616026076,6.083945360804267,minus,minus,1,1
2025-06-20 15:00:00+00:00,bearish,2.1445,2.1584,65.18171160609624,0.014523935367120686,BALANCE,NORMAL_VOL,bearish,0.008510638297871376,other,edge,other,3.3462005146360507,1.032777936616074,plus,plus,0,0
2025-06-21 18:00:00+00:00,bearish,2.1051,2.1084,15.854713173824631,0.013751279376398116,BALANCE,NORMAL_VOL,bearish,0.0,other,edge,other,11.446207708509803,0.8362858236840282,plus,plus,0,1
2025-06-21 22:00:00+00:00,bearish,2.0614,2.066,22.387696500705395,0.021766828672149845,IMBALANCE,NORMAL_VOL,bearish,0.44069912609238476,trend_aligned,other,other,6.785554396767899,1.5711981067668503,plus,plus,1,1
2025-06-22 08:00:00+00:00,bearish,2.0732,2.0759,13.03718010622851,0.022379330009276256,BALANCE,NORMAL_VOL,bearish,0.5584832904884333,other,middle,other,7.328190787303372,0.2681045409988939,plus,plus,1,1
2025-06-22 10:00:00+00:00,bearish,2.0464,2.0615,74.25986033244759,0.02305717740595763,IMBALANCE,NORMAL_VOL,bearish,0.35416666666666596,trend_aligned,other,other,5.482024003828846,0.35997467746661826,plus,plus,0,1
2025-06-22 14:00:00+00:00,bearish,1.9755,1.9982,116.33866338663357,0.0300150157197927,IMBALANCE,HIGH_VOL,bearish,0.06215722120658122,trend_aligned,other,high_vol_regular,1.4725962635712817,2.9252025326144486,minus,minus,1,1
2025-06-22 18:00:00+00:00,bullish,1.9606,1.9621,7.639030352414223,0.029415057891841928,IMBALANCE,NORMAL_VOL,bearish,0.24014554275318384,trend_counter,other,other,3.127649802297879,1.9241845522832584,minus,minus,1,1
2025-06-22 23:00:00+00:00,bullish,1.9762,2.0047,141.37606032045338,0.03273679343025907,BALANCE,NORMAL_VOL,bearish,0.5986805937328185,other,middle,other,4.6950230579985,1.7014494751497433,minus,minus,1,1
2025-06-23 16:00:00+00:00,bearish,1.9997,2.0112,58.337137929285575,0.027326187455688888,BALANCE,NORMAL_VOL,bearish,0.48712121212121184,other,middle,other,0.24152655802067052,8.7352105150807,minus,minus,1,1
2025-06-23 18:00:00+00:00,bullish,1.9997,2.0261,129.04487242154647,0.031432784081690944,BALANCE,NORMAL_VOL,neutral,0.9470802919708007,other,edge,other,5.223845255745061,0.022269742259561374,plus,plus,0,0
2025-06-23 21:00:00+00:00,bullish,2.0622,2.0731,52.2005651070368,0.03030113944149959,BALANCE,NORMAL_VOL,neutral,0.9268115942028985,other,edge,other,4.211062763707254,0.04950308891505575,plus,plus,0,0
2025-06-23 23:00:00+00:00,bullish,2.0904,2.1533,291.5411355735823,0.032710676355170575,BALANCE,NORMAL_VOL,bullish,0.9422158548233057,other,edge,other,1.7792356039376158,0.8223614732976405,plus,plus,0,0
2025-06-24 06:00:00+00:00,bullish,2.1542,2.1803,119.12368781378372,0.02995287857098381,IMBALANCE,NORMAL_VOL,bullish,0.942810457516339,trend_aligned,other,other,0.8246285892511094,1.0349589581693914,minus,minus,0,1
2025-06-26 14:00:00+00:00,bearish,2.1437,2.1535,46.16761671456283,0.017683844561207755,BALANCE,NORMAL_VOL,neutral,0.06576200417536499,other,edge,other,3.183696837253534,1.255383122327308,plus,plus,0,1
2025-06-27 22:00:00+00:00,bullish,2.1157,2.1357,93.51912466099326,0.02293240574395727,BALANCE,NORMAL_VOL,neutral,0.8251428571428543,other,other,other,3.0001213465416248,0.5799653184448047,plus,plus,0,0
2025-06-28 02:00:00+00:00,bullish,2.1504,2.1689,85.23774419461833,0.023346955447031553,BALANCE,NORMAL_VOL,neutral,0.936936936936936,other,edge,other,1.5847890781281413,0.008566427449340379,plus,plus,0,0
2025-06-29 23:00:00+00:00,bullish,2.1913,2.204,57.59114819517575,0.01121292224123997,BALANCE,NORMAL_VOL,bullish,0.6762589928057543,other,middle,other,10.853548912735711,3.9597171053859075,minus,minus,1,1
2025-06-30 16:00:00+00:00,bullish,2.1877,2.1899,10.00318283090166,0.014415688422861147,BALANCE,NORMAL_VOL,bullish,0.6603773584905654,other,middle,other,8.851467668907539,1.7203479481889195,plus,plus,1,1
2025-06-30 19:00:00+00:00,bullish,2.2182,2.2353,73.73232149016951,0.021092298638857872,BALANCE,NORMAL_VOL,bullish,1.0,other,edge,other,0.2797229501165216,7.794314067653567,minus,minus,1,1
2025-06-30 20:00:00+00:00,bullish,2.2374,2.282,194.3524490151646,0.022664277307510878,BALANCE,NORMAL_VOL,bullish,0.8067429259482227,other,other,other,0.1103057452959885,6.609520258135769,minus,minus,1,1
2025-06-30 23:00:00+00:00,bearish,2.2594,2.2635,18.33795509437434,0.023590239520627304,BALANCE,NORMAL_VOL,bullish,0.4515352197471383,other,middle,other,3.8490495156102273,0.73759318911475,plus,plus,0,1
2025-07-01 00:00:00+00:00,bearish,2.252,2.2587,29.934769010813923,0.023355222412011052,BALANCE,NORMAL_VOL,bullish,0.4659843467790479,other,middle,other,3.9905421732172988,0.6422546416122319,plus,plus,0,1
2025-07-01 19:00:00+00:00,bearish,2.1735,2.1836,46.846011131725405,0.02061482433334012,BALANCE,NORMAL_VOL,bearish,0.0,other,edge,other,0.5335965915659028,6.669957394573698,minus,minus,1,1
2025-07-02 15:00:00+00:00,bullish,2.1863,2.1937,33.46750486183381,0.015281191928576032,BALANCE,NORMAL_VOL,neutral,1.0,other,edge,other,6.714135944339292,0.20940774875132936,plus,plus,0,0
2025-07-02 16:00:00+00:00,bullish,2.1972,2.2079,47.45011086474471,0.020303963933677734,BALANCE,NORMAL_VOL,bullish,1.0,other,edge,other,2.8910610850049623,1.5366457555733206,minus,minus,0,1
2025-07-02 17:00:00+00:00,bullish,2.2148,2.2268,53.51409204423837,0.021953680795557904,BALANCE,NORMAL_VOL,bullish,0.629978276611151,other,middle,other,3.247746957058186,0.8472383366238632,plus,plus,0,1
2025-07-03 06:00:00+00:00,bullish,2.257,2.2631,26.840322083864983,0.018001413879654798,IMBALANCE,NORMAL_VOL,bullish,0.8353127474267623,trend_aligned,other,other,2.2775988749604905,2.3220398286182515,plus,plus,1,1
2025-07-03 16:00:00+00:00,bearish,2.2604,2.2743,61.54799858306776,0.023917014711929103,BALANCE,NORMAL_VOL,bullish,0.38487208008898643,other,middle,other,2.688462618536119,0.9951074700024876,plus,plus,1,1
2025-07-04 03:00:00+00:00,bearish,2.2503,2.2588,37.81643457756698,0.017605446370622703,BALANCE,NORMAL_VOL,bullish,0.12582781456953743,other,edge,other,3.044512412331642,0.193122056006116,plus,plus,0,1
2025-07-04 14:00:00+00:00,bearish,2.2259,2.2327,30.611326190689187,0.016098075716021915,BALANCE,NORMAL_VOL,bearish,0.20105124835742316,other,other,other,1.695854863748034,0.7019472512949685,plus,plus,1,1
2025-07-06 09:00:00+00:00,bullish,2.2323,2.2376,23.523145887888166,0.01172532145730719,BALANCE,NORMAL_VOL,neutral,0.988805970149255,other,edge,other,3.121449602321217,0.6481698627770883,plus,plus,0,0
2025-07-07 14:00:00+00:00,bullish,2.283,2.302,82.20126330362606,0.020108654392942016,IMBALANCE,NORMAL_VOL,bullish,0.6312260536398471,trend_aligned,other,other,2.078706967815398,3.1976281825485353,plus,plus,1,1
2025-07-07 21:00:00+00:00,bearish,2.2826,2.2889,27.658266748616963,0.024138243278798953,BALANCE,NORMAL_VOL,bullish,0.2391523713420771,other,other,other,1.2718406905346051,1.8145479558767386,plus,plus,1,1
2025-07-08 18:00:00+00:00,bullish,2.2922,2.3076,66.48821345307003,0.016389123582797125,BALANCE,NORMAL_VOL,bullish,1.0,other,edge,other,5.430430709145362,1.2630327604416574,minus,minus,0,0
2025-07-08 21:00:00+00:00,bearish,2.3073,2.3115,18.21651630811928,0.016277771323398433,BALANCE,NORMAL_VOL,bullish,0.7852348993288589,other,other,other,0.552901243124289,7.531743600782057,minus,minus,1,1
2025-07-09 05:00:00+00:00,bullish,2.3128,2.3159,13.321301190322206,0.015360098235685096,IMBALANCE,NORMAL_VOL,bullish,1.0,trend_aligned,other,other,7.102819156881105,0.31900837643188257,plus,plus,0,0
2025-07-09 11:00:00+00:00,bullish,2.339,2.352,54.60808199613501,0.01661084712323429,IMBALANCE,NORMAL_VOL,bullish,1.0,trend_aligned,other,other,4.8582711887777075,1.7940084439352473,plus,plus,0,0
2025-07-09 12:00:00+00:00,bullish,2.36,2.3778,74.6738264043305,0.0173815009001461,IMBALANCE,NORMAL_VOL,bullish,0.9531396438612944,trend_aligned,other,other,4.464516640179653,1.892816977601952,minus,minus,1,1
2025-07-10 02:00:00+00:00,bullish,2.4181,2.4208,11.14413075780058,0.021566574223564682,IMBALANCE,NORMAL_VOL,bullish,0.899016979445935,trend_aligned,other,other,7.864021343486571,0.6259686800534744,plus,plus,1,1
2025-07-10 08:00:00+00:00,bullish,2.421,2.4335,51.04332557474857,0.01993902752592857,IMBALANCE,NORMAL_VOL,bullish,1.0,trend_aligned,other,other,7.71351560651589,1.5497245269267916,minus,minus,1,1
2025-07-10 17:00:00+00:00,bullish,2.459,2.4714,49.68744991184471,0.022341300729206013,IMBALANCE,NORMAL_VOL,bullish,1.0,trend_aligned,other,other,21.578868922782426,0.6490221932801167,plus,plus,0,0
2025-07-10 18:00:00+00:00,bullish,2.4786,2.4811,10.049039311841574,0.022945493534262704,IMBALANCE,NORMAL_VOL,bullish,0.8751147842056946,trend_aligned,other,other,21.350597635586734,0.017432616971287514,plus,plus,0,0
2025-07-10 22:00:00+00:00,bullish,2.5123,2.528,61.67747004517707,0.02592897596918154,IMBALANCE,NORMAL_VOL,bullish,0.8647619047619043,trend_aligned,other,other,16.668610457802146,1.3151309963235853,minus,minus,1,1
2025-07-11 03:00:00+00:00,bullish,2.5536,2.5652,45.048543689320596,0.027761040367341977,IMBALANCE,NORMAL_VOL,bullish,0.9010238907849838,trend_aligned,other,other,14.505940507681231,0.7852731638128999,plus,plus,1,1
2025-07-11 10:00:00+00:00,bullish,2.6027,2.6067,15.111446921042704,0.029975192597979154,IMBALANCE,NORMAL_VOL,bullish,1.0,trend_aligned,other,other,11.032456219223596,1.3344367970031419,minus,minus,0,0
2025-07-11 13:00:00+00:00,bullish,2.6613,2.6715,36.424668785486425,0.043168075123090434,IMBALANCE,HIGH_VOL,bullish,1.0,trend_aligned,other,high_vol_regular,4.109518422912247,3.2361878448750883,minus,minus,1,1
2025-07-11 14:00:00+00:00,bullish,2.6969,2.7386,147.68903842748387,0.04731321261429826,IMBALANCE,HIGH_VOL,bullish,0.9930394431554532,trend_aligned,other,high_vol_regular,3.259131888951459,3.443012871012926,both,both,1,1
2025-07-11 21:00:00+00:00,bearish,2.7772,2.8043,98.8509939813967,0.0634620764523007,IMBALANCE,NORMAL_VOL,bullish,0.47754921477549195,trend_counter,other,other,1.274777071954236,1.7049552433306407,plus,plus,1,1
2025-07-12 02:00:00+00:00,bullish,2.746,2.7931,168.62983781461432,0.06608310981325503,IMBALANCE,NORMAL_VOL,bullish,0.565135453474676,trend_aligned,other,other,0.8262323028425104,1.96873301464854,minus,minus,1,1
2025-07-12 10:00:00+00:00,bullish,2.7928,2.8091,57.46113441675101,0.0526143553883278,BALANCE,NORMAL_VOL,bullish,0.5553453169347208,other,middle,other,0.2090684171422997,3.3013803688742818,minus,minus,1,1
2025-07-12 16:00:00+00:00,bearish,2.7252,2.7502,92.3361034164355,0.05545134048334182,BALANCE,NORMAL_VOL,bullish,0.2367491166077739,other,other,other,0.4147780702778426,3.3633091350790107,minus,minus,1,1
2025-07-13 13:00:00+00:00,bullish,2.7925,2.7981,19.77401129943442,0.03781348840409782,IMBALANCE,NORMAL_VOL,bullish,1.0,trend_aligned,other,other,5.445146922167778,1.8961487825130094,plus,plus,1,1
2025-07-13 22:00:00+00:00,bearish,2.8248,2.833,29.133802316492524,0.04347892438437636,BALANCE,NORMAL_VOL,bullish,0.47382372432074144,other,middle,other,0.057499122515052195,5.135821623044573,minus,minus,1,1
2025-07-14 03:00:00+00:00,bullish,2.877,2.8859,30.408637419707976,0.043248348105417854,IMBALANCE,HIGH_VOL,bullish,1.0,trend_aligned,other,high_vol_regular,2.568884243374885,2.84866371542562,both,both,1,1
2025-07-14 04:00:00+00:00,bullish,2.8973,2.919,73.80952380952398,0.04183775181217371,IMBALANCE,NORMAL_VOL,bullish,0.9573787959509855,trend_aligned,other,other,2.33999189152209,3.2602134218959438,minus,minus,1,1
2025-07-15 01:00:00+00:00,bearish,2.9225,2.9359,46.38122598733274,0.05336784789289918,BALANCE,NORMAL_VOL,bullish,0.09212934716290358,other,edge,other,1.602088211830934,1.0849228943276146,plus,plus,1,1
2025-07-17 05:00:00+00:00,bullish,3.0538,3.0653,36.57877158942806,0.04843856451194657,IMBALANCE,HIGH_VOL,bullish,1.0,trend_aligned,other,high_vol_regular,10.749699237506885,0.3468310873633855,plus,plus,0,0
2025-07-17 06:00:00+00:00,bullish,3.0775,3.1412,201.87614882423736,0.047385809903950395,IMBALANCE,HIGH_VOL,bullish,1.0,trend_aligned,other,high_vol_regular,10.745833004271383,0.5972252042829586,plus,plus,0,0
2025-07-17 09:00:00+00:00,bullish,3.1645,3.2202,170.61814617411108,0.0512232596060419,IMBALANCE,HIGH_VOL,bullish,1.0,trend_aligned,other,high_vol_regular,7.808952477378441,1.8468172609000064,minus,minus,0,0
2025-07-17 18:00:00+00:00,bullish,3.2746,3.3041,87.89702639890376,0.05517521567786634,IMBALANCE,HIGH_VOL,bullish,1.0,trend_aligned,other,high_vol_regular,5.589466143649631,1.265060754950529,minus,minus,0,0
2025-07-17 22:00:00+00:00,bullish,3.3789,3.4456,191.8872266973545,0.07193862544188723,IMBALANCE,NORMAL_VOL,bullish,0.8578352180936992,trend_aligned,other,other,2.6216792278350267,1.7848547871368898,plus,plus,1,1
2025-07-18 01:00:00+00:00,bullish,3.5555,3.5771,60.021674493567915,0.08173825076378506,IMBALANCE,NORMAL_VOL,bullish,0.8999493841741185,trend_aligned,other,other,0.70224160002983,3.0720011457750993,minus,minus,1,1
2025-07-18 07:00:00+00:00,bearish,3.5728,3.587,41.03809028379924,0.07878027079369761,BALANCE,HIGH_VOL,bullish,0.5867367569753335,other,middle,high_vol_regular,1.429291862868387,1.0891051672656074,minus,minus,0,0
2025-07-18 08:00:00+00:00,bearish,3.5168,3.5355,54.209183673469205,0.07961025145129062,BALANCE,NORMAL_VOL,bullish,0.565305297209867,other,middle,other,1.2812420277608194,1.2108993281974716,minus,minus,1,1
2025-07-18 15:00:00+00:00,bearish,3.46,3.4671,21.027691396416063,0.08185343813317868,BALANCE,NORMAL_VOL,bullish,0.23823373876255963,other,other,other,0.2675513759650253,1.340200271386451,minus,minus,1,1
2025-07-20 09:00:00+00:00,bullish,3.4597,3.4773,50.44425336772668,0.041753302902512154,BALANCE,NORMAL_VOL,bullish,0.9118046132971511,other,edge,other,2.268084041665174,2.1315678955459387,plus,plus,1,1
2025-07-20 23:00:00+00:00,bearish,3.4649,3.4846,57.032018991372325,0.04328711404841581,BALANCE,NORMAL_VOL,bullish,0.3391739674593254,other,middle,other,1.0950140946560705,4.59721107250121,plus,plus,1,1
2025-07-21 07:00:00+00:00,bullish,3.5127,3.5526,111.79602129447976,0.04029407204800649,BALANCE,NORMAL_VOL,bullish,0.9883040935672501,other,edge,other,2.08963740124562,3.695332648996107,minus,minus,1,1
2025-07-21 15:00:00+00:00,bullish,3.5759,3.6028,74.58548217157413,0.043601273249749765,BALANCE,NORMAL_VOL,bullish,0.8159557661927324,other,other,other,0.43118006880929893,4.277398023028376,minus,minus,1,1
2025-07-23 13:00:00+00:00,bearish,3.3688,3.4367,207.98872756233624,0.048184653340664255,BALANCE,HIGH_VOL,bearish,0.0,other,edge,high_vol_regular,6.456412538667264,1.3946349167420058,minus,minus,0,0
2025-07-23 17:00:00+00:00,bearish,3.2477,3.2657,55.54012774229318,0.056295600376476226,IMBALANCE,NORMAL_VOL,bearish,0.0501953712052892,trend_aligned,other,other,5.10519468800431,0.410334019808278,plus,plus,0,0
2025-07-23 20:00:00+00:00,bearish,3.217,3.2327,49.87451952094992,0.061833904528833195,IMBALANCE,HIGH_VOL,bearish,0.0,trend_aligned,other,high_vol_regular,3.143906267626219,1.8776106876101015,plus,plus,1,1
2025-07-23 21:00:00+00:00,bearish,3.1762,3.1822,19.11802192199778,0.0664314827767737,IMBALANCE,HIGH_VOL,bearish,0.1423573146730805,trend_aligned,other,high_vol_regular,2.7833188764024706,1.890669826263658,minus,minus,1,1
2025-07-24 05:00:00+00:00,bearish,3.1314,3.1842,173.8615035068654,0.06646816024884294,IMBALANCE,HIGH_VOL,bearish,0.0,trend_aligned,other,high_vol_regular,1.2547360975204958,3.416673474183497,plus,plus,1,1
2025-07-24 06:00:00+00:00,bearish,3.1015,3.1156,46.80497925311203,0.07229186308821133,IMBALANCE,HIGH_VOL,bearish,0.0,trend_aligned,other,high_vol_regular,0.6570587334571845,3.478953083462748,minus,minus,1,1
2025-07-24 12:00:00+00:00,bullish,3.131,3.1367,18.03455040182256,0.06913510858849023,BALANCE,NORMAL_VOL,bearish,0.5623133315232148,other,middle,other,1.4956221536508005,1.822518291682797,plus,plus,1,1
2025-07-24 15:00:00+00:00,bullish,3.192,3.208,49.62163503287437,0.07177781835601782,BALANCE,NORMAL_VOL,bearish,0.9033011003667892,other,edge,other,0.4764703188716027,3.1834347328117563,minus,minus,1,1
2025-07-24 22:00:00+00:00,bearish,3.1956,3.2065,34.311256610425296,0.06014595161200122,BALANCE,NORMAL_VOL,bearish,0.7191626409017721,other,other,other,3.0076837285238733,0.0,plus,plus,0,1
2025-07-25 15:00:00+00:00,bearish,3.0444,3.093,160.09487103468715,0.060077056706152564,IMBALANCE,NORMAL_VOL,bearish,0.15053353658536536,trend_aligned,other,other,0.20307253166000344,2.8912867827330055,minus,minus,1,1
2025-07-25 21:00:00+00:00,bullish,3.0959,3.1206,78.68998693809986,0.05099760164540917,BALANCE,NORMAL_VOL,bearish,0.8703590992087641,other,edge,other,1.5412489502253954,0.6039499703173354,plus,plus,0,0
2025-07-28 06:00:00+00:00,bullish,3.2747,3.283,25.24330900243234,0.03697107055352399,BALANCE,NORMAL_VOL,bullish,0.7534084173088309,other,other,other,0.12712642424556883,5.728803543661829,minus,minus,1,1
2025-07-28 14:00:00+00:00,bearish,3.1999,3.2237,75.45255682718842,0.0370690858593601,BALANCE,NORMAL_VOL,neutral,0.0,other,edge,other,2.1068768810839043,0.8066020325788574,plus,plus,0,0
2025-07-29 11:00:00+00:00,bearish,3.1399,3.1481,26.150460822144932,0.03495458050362797,BALANCE,NORMAL_VOL,bearish,0.5509259259259244,other,middle,other,2.7063691978846998,1.0957076139427508,minus,minus,1,1
2025-07-29 15:00:00+00:00,bearish,3.1154,3.1314,51.65956347668867,0.03716747120377234,BALANCE,NORMAL_VOL,bearish,0.19444444444444342,other,other,other,1.6062432569784455,1.71386424572072,plus,plus,1,1
2025-07-29 18:00:00+00:00,bullish,3.1061,3.1324,83.77396954832129,0.03826801539165004,BALANCE,NORMAL_VOL,bearish,0.6621417797888391,other,middle,other,0.5905715195497433,2.662798134607063,minus,minus,1,1
2025-07-30 15:00:00+00:00,bullish,3.0979,3.1238,82.41058928344162,0.03746315645366194,BALANCE,NORMAL_VOL,neutral,0.9469424460431652,other,edge,other,0.9369205193218418,3.8117450187794155,minus,minus,1,1
2025-07-30 19:00:00+00:00,bearish,3.1158,3.1216,18.731430047796813,0.046388187512313564,BALANCE,HIGH_VOL,bearish,0.4730923694779119,other,middle,high_vol_regular,0.9894760382223615,1.7569127911791396,minus,minus,1,1
2025-07-31 01:00:00+00:00,bullish,3.1028,3.1145,37.414857215951734,0.040002267015938626,BALANCE,NORMAL_VOL,neutral,0.7845679012345682,other,other,other,1.2699280263230899,4.979717772510992,plus,plus,1,1
2025-07-31 20:00:00+00:00,bearish,3.0653,3.0671,5.902413431269025,0.03216997823235912,BALANCE,NORMAL_VOL,bearish,0.0,other,edge,other,4.930062397134835,0.5035750998334448,plus,plus,0,0
2025-08-01 01:00:00+00:00,bearish,2.9971,3.0082,37.19963805757528,0.03914697880315362,BALANCE,NORMAL_VOL,bearish,0.2240000000000002,other,other,other,2.373107780989636,1.8826484764148006,plus,plus,1,1
2025-08-01 23:00:00+00:00,bearish,2.9701,2.9907,69.58989257482587,0.05239627396005808,BALANCE,NORMAL_VOL,bearish,0.41536614645858333,other,middle,other,4.2388510329819935,1.1393939967088011,minus,minus,1,1
2025-08-02 05:00:00+00:00,bullish,2.9828,3.0041,70.76647064686567,0.04177686376914513,BALANCE,NORMAL_VOL,bearish,0.7102065613608759,other,other,other,0.031117702065520093,6.781265380893316,minus,minus,1,1
2025-08-02 07:00:00+00:00,bearish,2.9939,3.0041,34.10002674511971,0.043958112127477175,BALANCE,NORMAL_VOL,bearish,0.5965978128797098,other,middle,other,6.019366783374779,0.21838972456688144,plus,plus,0,1
2025-08-02 15:00:00+00:00,bearish,2.8928,2.9168,84.83862985612791,0.04328076585638119,IMBALANCE,HIGH_VOL,bearish,0.0,trend_aligned,other,high_vol_regular,2.3636365479174453,1.6866614662558483,plus,plus,0,1
2025-08-02 16:00:00+00:00,bearish,2.8515,2.8699,64.72719597565607,0.04312499686663968,IMBALANCE,NORMAL_VOL,bearish,0.10533910533910336,trend_aligned,other,other,2.692174108650467,1.760000127877446,plus,plus,1,1
2025-08-04 01:00:00+00:00,bullish,2.9607,2.9933,108.78633163146114,0.033415609710467566,BALANCE,NORMAL_VOL,bullish,0.8943589743589747,other,edge,other,3.2679337874177006,0.9546436613427247,plus,plus,0,1
2025-08-04 14:00:00+00:00,bullish,3.0048,3.0246,65.2603823335532,0.0324984290096122,IMBALANCE,NORMAL_VOL,bullish,0.8759351620947616,trend_aligned,other,other,2.212414636373165,2.3478057963180996,plus,plus,1,1
2025-08-04 17:00:00+00:00,bullish,3.045,3.0544,30.754130541468516,0.03309287483021794,IMBALANCE,NORMAL_VOL,bullish,0.8673349056603775,trend_aligned,other,other,1.4927684661258713,3.0520164995691093,plus,plus,1,1
2025-08-05 13:00:00+00:00,bearish,3.0429,3.0581,50.060929420676814,0.030688084061438185,BALANCE,NORMAL_VOL,bullish,0.37410071942446255,other,middle,other,4.421911766414812,0.04236171920661478,plus,plus,0,1
2025-08-05 15:00:00+00:00,bearish,2.993,3.0205,92.58635782102316,0.03443870513460741,BALANCE,NORMAL_VOL,neutral,0.08434547908232233,other,edge,other,2.0209819076519047,1.1034096622237304,plus,plus,0,1
2025-08-06 06:00:00+00:00,bullish,2.9176,2.9283,36.30441420961535,0.032264777133259114,BALANCE,NORMAL_VOL,bearish,0.2613318410744261,other,other,other,2.1540517609327687,0.9236078054071369,plus,plus,1,1
2025-08-06 15:00:00+00:00,bullish,2.9587,2.966,24.315501965226524,0.032289410586072605,BALANCE,NORMAL_VOL,neutral,1.0,other,edge,other,2.638635963108886,1.2140203022754545,minus,minus,0,0
2025-08-07 11:00:00+00:00,bullish,3.0065,3.0653,191.03313840156005,0.025987798828794297,BALANCE,NORMAL_VOL,bullish,1.0,other,edge,other,11.670861468419014,2.708963558775786,minus,minus,0,0
2025-08-07 20:00:00+00:00,bullish,3.0564,3.099,136.9951119115005,0.02808411297056571,IMBALANCE,NORMAL_VOL,bullish,1.0,trend_aligned,other,other,9.674508868582118,0.28129782871474696,plus,plus,0,0
2025-08-07 22:00:00+00:00,bullish,3.1196,3.2413,366.15819718987785,0.0435587504695184,IMBALANCE,NORMAL_VOL,bullish,1.0,trend_aligned,other,other,1.3223519816140568,2.7250552121109184,minus,minus,0,0
2025-08-08 15:00:00+00:00,bearish,3.2802,3.3125,100.29187107992367,0.04696731629323669,BALANCE,HIGH_VOL,bullish,0.5142079806529629,other,middle,high_vol_regular,0.03193710261482531,2.686974899993865,minus,minus,1,1
2025-08-08 16:00:00+00:00,bearish,3.2481,3.2714,71.80056084558218,0.04568393655800549,BALANCE,NORMAL_VOL,bullish,0.5175345377258228,other,middle,other,0.01970057897390119,2.2261654240516315,minus,minus,1,1
2025-08-08 18:00:00+00:00,bullish,3.2481,3.2616,41.22137404580174,0.04500910856277005,BALANCE,NORMAL_VOL,bullish,0.39705048213272764,other,middle,other,1.5952326605150877,0.666531752304349,plus,plus,1,1
2025-08-09 14:00:00+00:00,bearish,3.2946,3.3015,20.94590492380519,0.033003269728450677,BALANCE,NORMAL_VOL,bullish,0.38262910798122046,other,middle,other,4.335934020399189,0.07878007304708998,plus,plus,0,1
2025-08-10 08:00:00+00:00,bearish,3.2101,3.2347,76.70481120014952,0.03543309967226759,BALANCE,NORMAL_VOL,neutral,0.27854984894259877,other,other,other,1.4562654827623178,3.5475304492872723,plus,plus,1,1
2025-08-11 02:00:00+00:00,bullish,3.2062,3.2213,46.28920020845434,0.03117317265334108,BALANCE,NORMAL_VOL,neutral,1.0,other,edge,other,2.2679757619224072,4.699553735808103,both,both,1,1
2025-08-11 03:00:00+00:00,bullish,3.2309,3.2475,50.8562850402866,0.03073937460667387,BALANCE,NORMAL_VOL,neutral,0.9511784511784527,other,edge,other,2.2349185980213355,4.830937580875793,minus,minus,1,1
2025-08-11 12:00:00+00:00,bearish,3.2349,3.249,43.98003742981909,0.03901036056507316,BALANCE,NORMAL_VOL,neutral,0.2823995472552347,other,other,other,2.655704753797008,0.6716164531803293,plus,plus,0,1
2025-08-12 20:00:00+00:00,bullish,3.2569,3.2711,43.16240615216333,0.033955058267718975,BALANCE,NORMAL_VOL,bullish,1.0,other,edge,other,1.3753473674465047,2.6122764773555622,minus,minus,1,1
2025-08-13 06:00:00+00:00,bearish,3.23,3.2382,25.43187668641251,0.030801764584251566,BALANCE,NORMAL_VOL,bullish,0.5987229862475442,other,middle,other,0.17206806400662789,4.29196189842941,minus,minus,1,1
2025-08-13 09:00:00+00:00,bullish,3.2419,3.267,76.31963026027768,0.031260778714140194,BALANCE,NORMAL_VOL,bullish,0.8834688346883478,other,edge,other,2.1656530254435764,2.1176695758399644,both,both,1,1
2025-08-14 06:00:00+00:00,bearish,3.2764,3.304,84.50704225351998,0.03509142571930319,BALANCE,NORMAL_VOL,bullish,0.3107387661843104,other,middle,other,8.121642086580328,0.17098193866484276,plus,plus,0,0
2025-08-14 11:00:00+00:00,bearish,3.2185,3.2231,14.296369965191253,0.03345264943475422,BALANCE,NORMAL_VOL,neutral,0.12751256281407147,other,edge,other,7.072683449526558,0.5081809748180505,plus,plus,1,1
2025-08-14 13:00:00+00:00,bearish,3.1344,3.2013,215.07104738635618,0.05257192731874215,BALANCE,HIGH_VOL,bearish,0.3451398135818905,other,middle,high_vol_regular,1.5749850580517173,0.5858640071013682,plus,plus,0,0
2025-08-15 16:00:00+00:00,bearish,3.0408,3.0532,40.84994234887157,0.036096000899847165,BALANCE,NORMAL_VOL,bearish,0.19772727272727264,other,other,other,0.4294104502880117,3.3050752722167926,minus,minus,1,1
2025-08-18 00:00:00+00:00,bearish,3.0897,3.0945,15.58188605745793,0.01990199090486419,BALANCE,NORMAL_VOL,bearish,0.07507082152974016,other,edge,other,7.109841456384955,0.7386195717940759,plus,plus,1,1
2025-08-18 02:00:00+00:00,bearish,3.043,3.0706,91.7339714827004,0.02334967583123496,BALANCE,NORMAL_VOL,bearish,0.0,other,edge,other,2.9850521482085037,3.704548218364925,plus,plus,1,1
2025-08-18 03:00:00+00:00,bearish,3.0144,3.0331,62.5794792851882,0.02522469898614677,BALANCE,NORMAL_VOL,bearish,0.0,other,edge,other,1.9504692613783108,4.241874206656098,plus,plus,1,1
2025-08-18 18:00:00+00:00,bullish,3.021,3.0419,68.2048102339854,0.03131036541667024,BALANCE,NORMAL_VOL,neutral,0.7267981438515062,other,other,other,0.9773121326686324,5.531714424124384,minus,minus,1,1
2025-08-19 04:00:00+00:00,bearish,3.0061,3.0312,83.52467471964367,0.03184411469978011,BALANCE,NORMAL_VOL,bearish,0.4231754161331626,other,middle,other,4.95224946545897,0.9860534763184018,plus,plus,1,1
2025-08-19 15:00:00+00:00,bearish,2.9657,2.9831,59.42622950819624,0.03248489308408584,BALANCE,NORMAL_VOL,bearish,0.0,other,edge,other,3.4046595047647576,0.18470123895650412,plus,plus,0,1
2025-08-20 20:00:00+00:00,bullish,2.9442,2.9643,67.68816299040319,0.03856480081321901,BALANCE,NORMAL_VOL,neutral,0.8936545240893066,other,edge,other,0.15298925122355747,3.0909014823471237,minus,minus,1,1
2025-08-21 20:00:00+00:00,bearish,2.8868,2.8992,43.07350284840894,0.03131151797444973,BALANCE,NORMAL_VOL,bearish,0.2653631284916215,other,other,other,3.1170638255111656,7.058105588503776,plus,plus,1,1
2025-08-22 11:00:00+00:00,bearish,2.8326,2.8491,58.844507845935034,0.02838673426553843,IMBALANCE,NORMAL_VOL,bearish,0.0,trend_aligned,other,other,0.8031920750982254,10.63877222279242,minus,minus,1,1
2025-08-22 12:00:00+00:00,bearish,2.8168,2.8261,33.13854047890408,0.02890196753228569,IMBALANCE,NORMAL_VOL,bearish,0.034512510785159684,trend_aligned,other,other,0.1522387704257444,10.366076277171233,minus,minus,1,1
2025-08-22 14:00:00+00:00,bullish,2.8168,2.8384,71.90412782956005,0.04329761486202182,BALANCE,HIGH_VOL,neutral,1.0,other,edge,high_vol_regular,2.355787964880911,0.826835383752322,plus,plus,0,0
2025-08-22 15:00:00+00:00,bullish,2.8625,3.0035,467.5066312997348,0.04299778522902029,BALANCE,NORMAL_VOL,neutral,0.9090205187766168,other,edge,other,2.0931310652544166,1.11168516576846,plus,plus,0,0
2025-08-22 17:00:00+00:00,bullish,3.0426,3.0474,15.65864161283981,0.044202171957675666,BALANCE,NORMAL_VOL,bullish,0.9789872545642438,other,edge,other,0.9185069014001204,2.198986965913589,minus,minus,1,1
2025-08-23 01:00:00+00:00,bearish,3.0466,3.0644,58.84492049323883,0.037187694806025684,IMBALANCE,NORMAL_VOL,bullish,0.7503078817733997,trend_counter,other,other,1.524697895251438,1.7183103263944677,plus,plus,1,1
2025-08-23 03:00:00+00:00,bearish,3.0078,3.01,7.350484463747938,0.03795418582764459,IMBALANCE,NORMAL_VOL,bullish,0.6520935960591131,trend_counter,other,other,0.018443288526290652,2.524095772599145,minus,minus,1,1
2025-08-23 05:00:00+00:00,bullish,3.0078,3.0256,58.349177211039844,0.03775335410648949,IMBALANCE,NORMAL_VOL,bullish,0.8294334975369467,trend_aligned,other,other,1.0118306281410248,1.1734056760902583,minus,minus,1,1
2025-08-24 20:00:00+00:00,bearish,3.0401,3.0451,16.51309488424432,0.03401093335735605,BALANCE,NORMAL_VOL,bullish,0.2483018867924509,other,other,other,5.998071204237553,0.7350577456173585,plus,plus,1,1
2025-08-25 07:00:00+00:00,bearish,2.9671,2.9902,78.64097501191647,0.03431382456754487,BALANCE,NORMAL_VOL,bearish,0.0,other,edge,other,3.4155329951430575,1.0374827186612043,minus,minus,0,1
2025-08-25 20:00:00+00:00,bearish,2.8925,2.9449,185.519560984245,0.037303946500810134,BALANCE,NORMAL_VOL,bearish,0.0,other,edge,other,0.11526930535102523,6.8759480982643355,minus,minus,1,1
2025-08-25 21:00:00+00:00,bearish,2.8628,2.871,28.785059851862204,0.037682236036466574,IMBALANCE,NORMAL_VOL,bearish,0.1082969432314407,trend_aligned,other,other,0.30783735839811316,6.164708478955287,minus,minus,1,1
2025-08-26 20:00:00+00:00,bullish,2.9876,3.0155,91.82464454976241,0.036416475615746624,BALANCE,NORMAL_VOL,neutral,0.8200253485424598,other,other,other,0.15103054062764368,1.8782707234421003,minus,minus,1,1
2025-08-28 05:00:00+00:00,bullish,2.9844,2.9933,29.67655885295142,0.02688096218240325,BALANCE,NORMAL_VOL,bullish,0.5119565217391315,other,middle,other,0.9560669676037016,3.7573059816332153,minus,minus,1,1
2025-08-28 20:00:00+00:00,bearish,2.9617,2.9673,18.995285098876657,0.026067811701833542,BALANCE,NORMAL_VOL,bearish,0.08043217286915177,other,edge,other,6.360334419184791,1.1393361414341732,minus,minus,1,1
2025-08-29 08:00:00+00:00,bearish,2.8771,2.89,45.247281655559924,0.02441548161164057,IMBALANCE,NORMAL_VOL,bearish,0.0,trend_aligned,other,other,3.7435264007417066,2.8178842053723074,minus,minus,1,1
2025-08-29 14:00:00+00:00,bearish,2.8603,2.8742,49.25933801119861,0.028304463791978846,IMBALANCE,NORMAL_VOL,bearish,0.0,trend_aligned,other,other,2.1975332391785853,0.8055266535895643,plus,plus,0,0
2025-08-30 02:00:00+00:00,bearish,2.8022,2.8112,32.23264809111059,0.030788429827932274,IMBALANCE,NORMAL_VOL,bearish,0.2034956304619222,trend_aligned,other,other,0.6268588592488169,2.4619638098995176,minus,minus,1,1
2025-08-31 01:00:00+00:00,bullish,2.8168,2.8351,63.95470748584603,0.019938663142686157,BALANCE,NORMAL_VOL,neutral,1.0,other,edge,other,0.09027686495922735,6.299319021600132,minus,minus,1,1
2025-09-01 00:00:00+00:00,bearish,2.7762,2.7974,76.78099308246833,0.019197710958388566,IMBALANCE,NORMAL_VOL,bearish,0.0,trend_aligned,other,other,3.4170740533696558,4.010894849229632,plus,plus,1,1
2025-09-01 03:00:00+00:00,bearish,2.745,2.7533,30.284233954828156,0.020947766390517396,IMBALANCE,NORMAL_VOL,bearish,0.11637931034482807,trend_aligned,other,other,2.1577479506579267,4.649660406948724,plus,plus,1,1
2025-09-01 08:00:00+00:00,bullish,2.7392,2.7928,189.7949789313421,0.026643785376692673,BALANCE,NORMAL_VOL,neutral,1.0,other,edge,other,0.5254508622579825,4.826641491884113,minus,minus,1,1
2025-09-01 09:00:00+00:00,bullish,2.7934,2.8071,48.79786286731984,0.026954943564071746,BALANCE,NORMAL_VOL,neutral,0.8545310015898252,other,edge,other,0.9015043916615446,4.155081969798109,minus,minus,1,1
2025-09-01 19:00:00+00:00,bullish,2.7472,2.7512,14.428973378544129,0.027043894263085594,BALANCE,NORMAL_VOL,bearish,0.522809558291095,other,middle,other,2.688222313427467,2.8361300060507286,minus,minus,1,1
2025-09-02 03:00:00+00:00,bullish,2.7759,2.7822,22.527354644925882,0.028623125309159708,BALANCE,NORMAL_VOL,neutral,0.7089761570827511,other,other,other,2.3826887966764017,1.2542306129132543,plus,plus,1,1
2025-09-02 14:00:00+00:00,bullish,2.8013,2.8085,25.37981599633436,0.02888151621465727,BALANCE,NORMAL_VOL,bullish,1.0,other,edge,other,1.675812296012256,1.956268486047357,minus,minus,1,1
2025-09-02 16:00:00+00:00,bearish,2.8043,2.8085,15.030060120240416,0.03019834816467896,BALANCE,NORMAL_VOL,bullish,0.6619812583668006,other,middle,other,0.2549808339850193,3.0100984167842593,minus,minus,1,1
2025-09-05 00:00:00+00:00,bearish,2.7988,2.802,11.509549329209408,0.0214330078951061,BALANCE,NORMAL_VOL,bearish,0.0,other,edge,other,0.15863382389629072,4.852328730945268,minus,minus,1,1
2025-09-05 02:00:00+00:00,bullish,2.7988,2.801,7.83057483538068,0.02134682823608638,BALANCE,NORMAL_VOL,bearish,0.4225352112676043,other,middle,other,3.504033441068885,0.6043052324837889,plus,plus,1,1
2025-09-05 08:00:00+00:00,bullish,2.8131,2.8315,64.72719597565764,0.01963955470182966,BALANCE,NORMAL_VOL,neutral,0.9131034482758567,other,edge,other,2.118174298326874,2.2658354873929016,plus,plus,1,1
2025-09-05 13:00:00+00:00,bullish,2.8462,2.8621,55.20258306426346,0.020552583900879186,BALANCE,NORMAL_VOL,bullish,1.0,other,edge,other,0.0,3.9946315458898596,minus,minus,1,1
2025-09-05 15:00:00+00:00,bearish,2.8253,2.8621,130.8072370525715,0.02503105448596216,BALANCE,NORMAL_VOL,neutral,0.34137291280148335,other,middle,other,0.5872705046542863,2.0454591726734472,minus,minus,1,1
2025-09-05 20:00:00+00:00,bullish,2.8383,2.8452,24.219024219025446,0.024031393566029687,BALANCE,NORMAL_VOL,bullish,0.6725417439703169,other,middle,other,0.07490202326611001,2.413509638574933,minus,minus,1,1
2025-09-05 22:00:00+00:00,bearish,2.8262,2.8452,67.42849031159105,0.02351686486050517,BALANCE,NORMAL_VOL,neutral,0.24173318129988497,other,other,other,1.139607688310901,0.4124699468886464,plus,plus,0,1
2025-09-07 15:00:00+00:00,bullish,2.8487,2.8709,76.57548894484418,0.01558377934258596,BALANCE,NORMAL_VOL,bullish,0.7902046783625719,other,other,other,6.160251495454627,3.2212981778314664,minus,minus,0,0
2025-09-07 18:00:00+00:00,bearish,2.8667,2.8767,35.00052500787592,0.01759845598238388,BALANCE,NORMAL_VOL,bullish,0.43977812995245597,other,middle,other,0.23865730062933913,7.841597020678314,minus,minus,1,1
2025-09-08 08:00:00+00:00,bullish,2.8933,2.9022,30.60101774171411,0.019561328734567944,IMBALANCE,NORMAL_VOL,bullish,0.8069651741293521,trend_aligned,other,other,6.538410643545953,0.2862791212185779,plus,plus,0,0
2025-09-08 10:00:00+00:00,bullish,2.9194,2.9241,15.934363981557324,0.021124308959908047,BALANCE,NORMAL_VOL,bullish,1.0,other,edge,other,4.104276270743268,0.9704459463695242,plus,plus,0,0
2025-09-08 13:00:00+00:00,bullish,2.9499,2.9618,39.983872051610255,0.023669353784591056,IMBALANCE,NORMAL_VOL,bullish,0.9665907365223997,trend_aligned,other,other,2.539148324325012,1.837819502631235,minus,minus,1,1
2025-09-09 07:00:00+00:00,bullish,2.9655,2.9908,83.7942569469748,0.02307578776205965,IMBALANCE,NORMAL_VOL,bullish,1.0,trend_aligned,other,other,0.7367029102231177,3.696515190707673,minus,minus,1,1
2025-09-09 08:00:00+00:00,bullish,2.9969,3.0123,50.93940195819026,0.023141802921912532,IMBALANCE,NORMAL_VOL,bullish,0.958860759493673,trend_aligned,other,other,0.2549498852750759,3.85449657059944,minus,minus,1,1
2025-09-09 15:00:00+00:00,bearish,2.9704,2.9952,84.19337316675696,0.02641372722375567,BALANCE,NORMAL_VOL,bullish,0.12451737451737564,other,edge,other,0.4391655862019875,2.949224065959871,minus,minus,1,1
2025-09-10 08:00:00+00:00,bullish,2.959,2.9679,29.98450239202254,0.018740933003594924,BALANCE,NORMAL_VOL,bullish,0.3596214511040988,other,middle,other,2.9507602417335437,0.4962399683204748,plus,plus,1,1
2025-09-10 13:00:00+00:00,bullish,2.972,2.9906,61.76529189081547,0.019796821335053432,BALANCE,NORMAL_VOL,bullish,1.0,other,edge,other,1.192110571721557,3.5005619754366033,minus,minus,1,1
2025-09-10 20:00:00+00:00,bearish,2.9859,2.9875,5.381045268042725,0.020068525911903726,BALANCE,NORMAL_VOL,bullish,0.44022346368714854,other,middle,other,1.5596561569793306,3.0694830437676557,minus,minus,1,1
2025-09-11 04:00:00+00:00,bullish,2.9963,3.0002,12.964563526360589,0.017036348433881056,BALANCE,NORMAL_VOL,bullish,0.7631578947368441,other,other,other,3.6979755517742787,3.879939428131418,minus,minus,1,1
2025-09-12 18:00:00+00:00,bullish,3.0413,3.0588,56.85694791903594,0.022529860051598172,BALANCE,NORMAL_VOL,bullish,1.0,other,edge,other,4.775884082438739,0.5592578014751651,plus,plus,0,1
2025-09-13 09:00:00+00:00,bullish,3.1214,3.1385,53.788808153251274,0.02413967638539133,IMBALANCE,NORMAL_VOL,bullish,1.0,trend_aligned,other,other,0.26512368673978115,4.370398273600961,minus,minus,1,1
2025-09-13 10:00:00+00:00,bullish,3.145,3.1593,45.2131023144049,0.02428684235786339,IMBALANCE,NORMAL_VOL,bullish,0.8716577540106938,trend_aligned,other,other,0.749376956124046,3.6727705761683556,minus,minus,1,1
2025-09-13 14:00:00+00:00,bearish,3.1561,3.1636,23.837523440232285,0.02738322846165493,BALANCE,NORMAL_VOL,bullish,0.690607734806629,other,middle,other,5.043232947984319,0.36153516426534993,plus,plus,0,0
2025-09-13 17:00:00+00:00,bearish,3.1175,3.12,8.033160888146098,0.028654574683037875,BALANCE,NORMAL_VOL,bullish,0.27684729064039165,other,other,other,3.625948078074377,0.516496935086635,plus,plus,1,1
2025-09-14 12:00:00+00:00,bearish,3.0654,3.0794,45.916693998032905,0.022268980535829406,BALANCE,NORMAL_VOL,neutral,0.0,other,edge,other,4.3648158856491515,0.7409409682429201,plus,plus,0,0
2025-09-15 09:00:00+00:00,bearish,2.9827,3.0101,92.0760803817464,0.02739476802063681,BALANCE,NORMAL_VOL,bearish,0.19551569506726307,other,other,other,0.4927948281887386,2.6610920722191818,minus,minus,1,1
2025-09-15 12:00:00+00:00,bullish,2.9804,2.9851,15.729058599110298,0.025402552966960288,BALANCE,NORMAL_VOL,bearish,0.3192612137203182,other,middle,other,2.3855869950874267,1.0156459484035687,plus,plus,1,1
2025-09-15 14:00:00+00:00,bullish,2.9991,3.0033,13.980892779867451,0.027694548221511687,BALANCE,NORMAL_VOL,bearish,0.4599824098504853,other,middle,other,1.6104252592702346,1.5093223281949844,plus,plus,1,1
2025-09-16 09:00:00+00:00,bullish,3.0129,3.02,23.44859473562497,0.024562188417664995,BALANCE,NORMAL_VOL,neutral,0.7592592592592556,other,other,other,1.2132469425471986,1.2091756440822485,minus,minus,1,1
2025-09-17 23:00:00+00:00,bullish,3.0381,3.0685,98.60525462212053,0.02993906643049517,BALANCE,NORMAL_VOL,bullish,0.9336363636363648,other,edge,other,1.863785570252891,0.9519334901829409,plus,plus,0,1
2025-09-18 08:00:00+00:00,bullish,3.0816,3.0893,24.7947190468532,0.02644389957282774,BALANCE,NORMAL_VOL,bullish,0.9564553093964856,other,edge,other,1.2592696439604114,3.1614096767294777,plus,plus,1,1
2025-09-19 15:00:00+00:00,bearish,3.0109,3.0234,41.548944656806306,0.020139490990106063,BALANCE,NORMAL_VOL,bearish,0.03257918552036241,other,edge,other,2.2344159553043097,0.3674372904277983,plus,plus,0,0
2025-09-20 09:00:00+00:00,bearish,2.9873,2.9972,33.24937027707815,0.015684480209693593,IMBALANCE,NORMAL_VOL,bearish,0.014754098360657766,trend_aligned,other,other,1.1667584615708144,2.2187537957740204,minus,minus,1,1
2025-09-22 01:00:00+00:00,bearish,2.9348,2.9672,111.10730084702165,0.02088208026841539,BALANCE,NORMAL_VOL,bearish,0.18266779949022982,other,other,other,11.766069129215394,0.2681725157655845,plus,plus,0,1
2025-09-22 03:00:00+00:00,bearish,2.9068,2.9108,13.78074829463241,0.02215393655797041,IMBALANCE,NORMAL_VOL,bearish,0.21076923076923165,trend_aligned,other,other,10.481207228900395,0.12638837313058787,plus,plus,0,1
2025-09-22 06:00:00+00:00,bearish,2.8491,2.8927,154.4894054283895,0.03477955488989106,IMBALANCE,NORMAL_VOL,bearish,0.0,trend_aligned,other,other,0.974710576582259,1.6388938898285734,minus,minus,0,1
2025-09-22 07:00:00+00:00,bearish,2.8262,2.8417,55.26634814233704,0.03400244382632743,IMBALANCE,NORMAL_VOL,bearish,0.4174183514774506,trend_aligned,other,other,0.47937730838568227,2.3027756593005066,minus,minus,1,1
2025-09-22 13:00:00+00:00,bullish,2.8212,2.8324,39.221179436894715,0.03111158241130821,IMBALANCE,NORMAL_VOL,bearish,0.5760497667185073,trend_counter,other,other,0.8774867070109902,1.8610432357485938,minus,minus,1,1
2025-09-22 19:00:00+00:00,bearish,2.8364,2.8431,23.649006388762743,0.02907815671339432,IMBALANCE,NORMAL_VOL,bearish,0.5062227753578096,trend_aligned,other,other,1.2174086668875312,2.1596967310886153,minus,minus,1,1
2025-09-23 02:00:00+00:00,bearish,2.8362,2.8457,33.83190883190906,0.026818312771000247,BALANCE,NORMAL_VOL,bearish,0.6774987690792709,other,middle,other,0.3840659212214794,3.277611114113421,minus,minus,1,1
2025-09-23 18:00:00+00:00,bearish,2.8536,2.8622,30.234847419490723,0.025454795089733816,BALANCE,NORMAL_VOL,bearish,0.47556008146639334,other,middle,other,2.2510493523127737,4.364600053088141,plus,plus,1,1
2025-09-24 05:00:00+00:00,bullish,2.8333,2.8369,12.60504201680689,0.02621155463430242,BALANCE,NORMAL_VOL,bearish,0.633272058823527,other,middle,other,5.295374575697852,0.9614080641756848,plus,plus,1,1
2025-09-24 06:00:00+00:00,bullish,2.8477,2.8496,6.655457475129651,0.025632157874709394,BALANCE,NORMAL_VOL,bearish,0.6222426470588223,other,middle,other,5.4618889554411885,0.9363238209327751,plus,plus,1,1
2025-09-24 15:00:00+00:00,bullish,2.8859,2.907,71.79556977100317,0.024066381179808118,BALANCE,NORMAL_VOL,bullish,1.0,other,edge,other,2.322742234586595,6.423898917121385,plus,plus,1,1
2025-09-24 16:00:00+00:00,bullish,2.925,2.9276,8.827923400788258,0.024047353952678967,BALANCE,NORMAL_VOL,bullish,0.9705340699815816,other,edge,other,2.062596994979345,6.690964848632543,plus,plus,1,1
2025-09-25 04:00:00+00:00,bearish,2.8771,2.8871,35.16792685071296,0.02873422116757909,BALANCE,NORMAL_VOL,neutral,0.0,other,edge,other,4.197086091063898,0.7482367409442297,plus,plus,0,0
2025-09-25 05:00:00+00:00,bearish,2.865,2.8679,10.127112725240616,0.028917491084180607,BALANCE,NORMAL_VOL,neutral,0.19999999999999946,other,other,other,4.8655673339852825,0.013832458660937465,plus,plus,0,0
2025-09-25 17:00:00+00:00,bearish,2.7929,2.8184,93.20516100734704,0.0337812066239994,BALANCE,NORMAL_VOL,bearish,0.0,other,edge,other,1.160408520521911,2.270493202143636,minus,minus,0,1
2025-09-26 11:00:00+00:00,bearish,2.7318,2.7396,28.608105629928584,0.030950988730506092,IMBALANCE,NORMAL_VOL,bearish,0.1378254211332328,trend_aligned,other,other,0.8885015027935309,2.63965719193565,minus,minus,1,1
2025-09-26 17:00:00+00:00,bullish,2.7471,2.7616,51.932237384047696,0.03626175162231848,BALANCE,NORMAL_VOL,bearish,1.0,other,edge,other,0.4439939958689284,0.8824725383730382,none,plus,0,0
2025-09-26 18:00:00+00:00,bullish,2.7653,2.7893,85.65616189014605,0.035021626506438586,BALANCE,NORMAL_VOL,neutral,1.0,other,edge,other,0.09993824813809889,1.1935482206206236,minus,minus,1,1
2025-09-29 14:00:00+00:00,bullish,2.8676,2.8772,33.02259984176766,0.022100140648627007,IMBALANCE,NORMAL_VOL,bullish,1.0,trend_aligned,other,other,0.2986406333305482,3.5610633095626616,minus,minus,1,1
2025-09-29 20:00:00+00:00,bullish,2.8818,2.8883,22.378296495214318,0.022929105762169,BALANCE,NORMAL_VOL,bullish,0.7270588235294103,other,other,other,0.11775426516873286,4.042896437459266,minus,minus,1,1
2025-09-30 08:00:00+00:00,bearish,2.8742,2.8865,43.09287741302511,0.0204479616981742,BALANCE,NORMAL_VOL,neutral,0.12186379928315148,other,edge,other,2.073556309712066,3.213034187454804,plus,plus,1,1
2025-09-30 20:00:00+00:00,bullish,2.8424,2.8574,52.244784229041564,0.0214072243907301,BALANCE,NORMAL_VOL,bullish,0.6291179596174293,other,middle,other,4.15280366933024,2.7327223245873977,minus,minus,1,1
2025-10-01 08:00:00+00:00,bullish,2.8484,2.8505,7.201893069035258,0.02588735996289419,BALANCE,NORMAL_VOL,bullish,1.0,other,edge,other,2.8469492488086083,0.37856312942096626,plus,plus,0,0
2025-10-01 09:00:00+00:00,bullish,2.8563,2.9061,169.37623290932538,0.027259691394116044,BALANCE,NORMAL_VOL,bullish,1.0,other,edge,other,1.852552153649851,0.7960471630535024,plus,plus,0,0
2025-10-02 17:00:00+00:00,bullish,2.992,3.0302,125.91054418405284,0.02897554715846973,IMBALANCE,NORMAL_VOL,bullish,0.8216175359032502,trend_aligned,other,other,2.2467220254362315,1.0595140734392017,plus,plus,0,1
2025-10-02 19:00:00+00:00,bullish,3.055,3.0572,7.1211238428165915,0.029899834029496888,IMBALANCE,NORMAL_VOL,bullish,1.0,trend_aligned,other,other,0.18729200953007766,2.8829591466949784,minus,minus,1,1
2025-10-03 16:00:00+00:00,bullish,3.0466,3.0584,38.54193885549905,0.02699350742636117,BALANCE,NORMAL_VOL,bullish,0.6728110599078334,other,middle,other,-0.0037045945315764893,4.582583435570794,minus,minus,1,1
2025-10-03 18:00:00+00:00,bearish,3.0506,3.0584,25.614922334240532,0.028895932423750194,BALANCE,NORMAL_VOL,bullish,0.4564270152505447,other,middle,other,3.7098647113352943,0.3426087746475693,plus,plus,0,1
2025-10-04 15:00:00+00:00,bearish,2.9724,2.9826,34.58916884261999,0.02150827426045462,BALANCE,NORMAL_VOL,bearish,0.0,other,edge,other,0.5114310830704283,5.741976250836106,minus,minus,1,1
2025-10-05 03:00:00+00:00,bullish,2.9692,3.0016,107.76292157254035,0.020027539765130758,BALANCE,NORMAL_VOL,neutral,0.7427027027027029,other,other,other,3.285475938215932,3.050799085486237,plus,plus,1,1
2025-10-05 08:00:00+00:00,bullish,3.0394,3.0463,22.64299543858467,0.02191820320776819,BALANCE,NORMAL_VOL,bullish,0.8447876447876432,other,other,other,0.21899605339450054,4.644541299075109,minus,minus,1,1
2025-10-05 10:00:00+00:00,bearish,3.0251,3.0463,70.30576374610295,0.02298100174547358,BALANCE,NORMAL_VOL,bullish,0.5762081784386623,other,middle,other,3.0416428654494068,0.3307079510359889,plus,plus,0,1
2025-10-07 07:00:00+00:00,bearish,2.973,2.9853,41.40438280540007,0.02042401612772298,BALANCE,NORMAL_VOL,bearish,0.08429561200923649,other,edge,other,6.967287878648221,0.935173566283768,plus,plus,1,1
2025-10-07 14:00:00+00:00,bearish,2.9549,2.9655,36.44740913936033,0.02368967373287104,BALANCE,NORMAL_VOL,bearish,0.0,other,edge,other,3.3727775612685456,0.31237238990472327,plus,plus,0,0
2025-10-07 15:00:00+00:00,bearish,2.9157,2.936,70.4005548812199,0.02543326846623741,BALANCE,NORMAL_VOL,bearish,0.0,other,edge,other,2.1664537561558577,0.7588485933540381,plus,plus,0,0
2025-10-08 04:00:00+00:00,bearish,2.8632,2.8653,7.340347443112275,0.023414584513840684,IMBALANCE,NORMAL_VOL,bearish,0.1608072916666678,trend_aligned,other,other,1.6186492644187997,2.6692764914558014,minus,minus,1,1
2025-10-08 17:00:00+00:00,bullish,2.8717,2.8803,29.471231280627602,0.022287132249230283,BALANCE,NORMAL_VOL,neutral,1.0,other,edge,other,0.13011992604387485,6.645090016240862,minus,minus,1,1
2025-10-08 18:00:00+00:00,bullish,2.883,2.9012,62.616115048509506,0.022109479945713835,BALANCE,NORMAL_VOL,bearish,0.8231578947368432,other,other,other,0.24423912336512008,6.178345231791916,minus,minus,1,1
2025-10-09 03:00:00+00:00,bearish,2.8447,2.8494,16.529506928325766,0.020275987620162278,BALANCE,NORMAL_VOL,bearish,0.2031872509960156,other,other,other,3.620045611342332,0.19727768999140816,plus,plus,0,0
2025-10-09 09:00:00+00:00,bearish,2.8089,2.8121,11.39966513483699,0.02038508696005803,BALANCE,NORMAL_VOL,bearish,0.16270698344132592,other,other,other,1.8199578972948625,1.5844916464318985,minus,minus,1,1
2025-10-10 15:00:00+00:00,bearish,2.8007,2.8161,56.20437956204408,0.02576488291781876,BALANCE,NORMAL_VOL,bearish,0.0,other,edge,other,60.578579183861336,0.9004504337939279,plus,plus,0,0
2025-10-10 16:00:00+00:00,bearish,2.7632,2.793,109.24154111221186,0.02661024842368884,IMBALANCE,NORMAL_VOL,bearish,0.134723336006415,trend_aligned,other,other,58.19938150676279,0.15031802545815934,plus,plus,0,0
2025-10-10 20:00:00+00:00,bearish,2.6963,2.702,22.834708757311265,0.04909717318900918,IMBALANCE,HIGH_VOL,bearish,0.0,trend_aligned,other,high_vol_regular,26.824354936483832,1.0774551071678051,both,both,0,0
2025-10-10 21:00:00+00:00,bearish,2.5491,2.6297,346.42826442018395,0.14344023224693708,BALANCE,HIGH_VOL,bearish,0.0,other,edge,high_vol_large,1.5023678965397218,1.240934967907519,plus,plus,0,1
2025-10-10 22:00:00+00:00,bearish,2.3546,2.405,214.42246330567872,0.150587358515013,BALANCE,NORMAL_VOL,bearish,0.7070505855366412,other,other,other,0.36523650153884873,1.0233262706752169,minus,minus,1,1
2025-10-11 09:00:00+00:00,bullish,2.4415,2.4642,91.99594731509603,0.10855266393523025,IMBALANCE,NORMAL_VOL,bearish,0.777677170107449,trend_counter,other,other,0.2247756905768673,1.4490662347434922,minus,minus,1,1
2025-10-11 20:00:00+00:00,bearish,2.4109,2.4615,215.02634710181962,0.07274688580025328,BALANCE,NORMAL_VOL,bearish,0.27594452415112447,other,other,other,0.5910905948341013,3.147901074814152,minus,minus,1,1
2025-10-12 01:00:00+00:00,bearish,2.3563,2.3746,78.6826038352394,0.062433958821907234,BALANCE,NORMAL_VOL,bearish,0.021881838074398287,other,edge,other,0.24986402102898894,4.106739422553363,minus,minus,1,1
2025-10-12 15:00:00+00:00,bullish,2.4135,2.4354,88.06144195584878,0.05115689498264532,BALANCE,HIGH_VOL,neutral,1.0,other,edge,high_vol_regular,3.018165978454705,0.01759293640290324,plus,plus,0,1
2025-10-12 16:00:00+00:00,bullish,2.4784,2.486,30.203075944839846,0.05137425962674207,IMBALANCE,HIGH_VOL,neutral,1.0,other,other,high_vol_regular,2.4331250884817264,0.3172795115380211,plus,plus,0,1
2025-10-12 20:00:00+00:00,bullish,2.5399,2.5433,13.299432818306549,0.04840961654517335,BALANCE,HIGH_VOL,neutral,1.0,other,edge,high_vol_regular,1.807492110960008,1.0225241084859504,minus,minus,1,1
2025-10-13 07:00:00+00:00,bullish,2.578,2.5951,65.27464976905796,0.044540450565114346,BALANCE,HIGH_VOL,bullish,1.0,other,edge,high_vol_regular,0.5680229921117133,4.537448486394333,minus,minus,1,1
2025-10-14 07:00:00+00:00,bearish,2.4796,2.4949,62.405677693028785,0.04091188213603293,BALANCE,NORMAL_VOL,neutral,0.14995602462620952,other,edge,other,1.5643377096951592,2.045860410960696,plus,plus,1,1
2025-10-14 16:00:00+00:00,bullish,2.462,2.4805,73.95858319341154,0.04228107987239099,BALANCE,NORMAL_VOL,bearish,0.4418966187329955,other,middle,other,1.078496579028402,1.8518921521474419,plus,plus,1,1
2025-10-16 15:00:00+00:00,bearish,2.417,2.4292,51.82667799490224,0.035379463217487236,BALANCE,HIGH_VOL,bearish,0.03463203463203468,other,edge,high_vol_regular,4.689161024862573,1.3228013017695417,minus,minus,0,0
2025-10-17 07:00:00+00:00,bearish,2.2978,2.33,143.8720343148206,0.03848666975319322,IMBALANCE,HIGH_VOL,bearish,0.0,trend_aligned,other,high_vol_regular,1.2991511170137497,3.544084247213481,plus,plus,1,1
2025-10-17 08:00:00+00:00,bearish,2.2505,2.2725,99.35419771485253,0.0393733361993937,IMBALANCE,HIGH_VOL,bearish,0.0,trend_aligned,other,high_vol_regular,0.6654249430964825,4.068743354353258,minus,minus,1,1
2025-10-17 12:00:00+00:00,bullish,2.2369,2.2777,179.0966156007197,0.04168213648456071,IMBALANCE,NORMAL_VOL,bearish,0.42313117066290507,trend_counter,other,other,2.682204162961067,0.9308543964480193,plus,plus,0,0
2025-10-19 14:00:00+00:00,bullish,2.378,2.389,45.620437956203034,0.025925748731081687,BALANCE,NORMAL_VOL,bullish,1.0,other,edge,other,2.6421609154098205,2.2294438089151494,minus,minus,1,1
2025-10-20 04:00:00+00:00,bullish,2.3949,2.4301,143.9378450214685,0.025202396434372217,BALANCE,NORMAL_VOL,bullish,1.0,other,edge,other,4.201981358231818,1.1506842246338267,plus,plus,0,1
2025-10-20 20:00:00+00:00,bullish,2.4765,2.5051,112.98542251017248,0.027435704270149693,IMBALANCE,NORMAL_VOL,bullish,0.8984848484848473,trend_aligned,other,other,0.014579541901359527,4.774799972695763,minus,minus,1,1
2025-10-21 05:00:00+00:00,bearish,2.4347,2.4473,52.003797102645365,0.02481776206600527,BALANCE,NORMAL_VOL,neutral,0.047442550037062554,other,edge,other,1.3941627737415505,4.375898185789987,minus,minus,1,1
2025-10-21 15:00:00+00:00,bullish,2.4307,2.4731,168.15387666071868,0.02948126717071003,BALANCE,NORMAL_VOL,bullish,0.8021178027796159,other,other,other,0.06783968912933303,5.366119410130829,minus,minus,1,1
2025-10-21 23:00:00+00:00,bearish,2.4469,2.45,12.803568478441784,0.03185273905605987,BALANCE,NORMAL_VOL,neutral,0.15929878048780285,other,other,other,3.0672401462257484,0.4771960104670608,plus,plus,0,1
2025-10-22 06:00:00+00:00,bearish,2.4084,2.4178,39.134054954206064,0.027645038387640857,BALANCE,NORMAL_VOL,bearish,0.09567039106145299,other,edge,other,2.8395692166987425,0.593234842724322,plus,plus,1,1
2025-10-22 22:00:00+00:00,bearish,2.3534,2.357,15.415578298291642,0.02782724776883528,BALANCE,NORMAL_VOL,bearish,0.10451727192205541,other,edge,other,0.021561600521338483,3.216272077766667,minus,minus,1,1
2025-10-23 00:00:00+00:00,bullish,2.3534,2.3606,30.43496639472313,0.02691226975986308,BALANCE,NORMAL_VOL,bearish,0.3737821080602292,other,middle,other,2.19602436090848,0.1263364268542977,plus,plus,0,0
2025-10-23 07:00:00+00:00,bullish,2.3942,2.4009,27.84126324537681,0.021948380194584526,BALANCE,NORMAL_VOL,neutral,0.8746048472075844,other,edge,other,1.8680193999061552,1.517196244314011,minus,minus,1,1
2025-10-24 05:00:00+00:00,bullish,2.409,2.4261,70.06473817913675,0.019144898857233018,BALANCE,NORMAL_VOL,bullish,1.0,other,edge,other,6.758980601828154,0.6633620837961023,plus,plus,0,0
2025-10-24 13:00:00+00:00,bullish,2.4553,2.4729,70.04417558801401,0.022214461920418725,BALANCE,NORMAL_VOL,bullish,1.0,other,edge,other,3.9028629327415088,2.3993378813739668,minus,minus,0,0
2025-10-25 05:00:00+00:00,bullish,2.5467,2.5482,5.8680854393242186,0.02285866309374975,IMBALANCE,NORMAL_VOL,bullish,0.9000000000000012,trend_aligned,other,other,4.265341310649948,1.3036632928960772,minus,minus,1,1
2025-10-25 19:00:00+00:00,bullish,2.5994,2.6031,14.211638179373209,0.025873513706791,IMBALANCE,NORMAL_VOL,bullish,0.7138869504535943,trend_aligned,other,other,2.253269527311942,0.5913383150578458,plus,plus,1,1
2025-10-26 01:00:00+00:00,bullish,2.6004,2.6057,20.255293128487665,0.023807121384579622,BALANCE,NORMAL_VOL,bullish,0.7085624509033768,other,other,other,2.238825901670064,0.9828991763429561,plus,plus,1,1
2025-10-26 23:00:00+00:00,bullish,2.6292,2.6408,43.85799085031591,0.020828576685355267,BALANCE,NORMAL_VOL,bullish,0.7428160919540222,other,other,other,2.4965700146261867,2.155692185706057,plus,plus,1,1
2025-10-27 16:00:00+00:00,bullish,2.6272,2.66,122.20566318926953,0.02567494638609785,IMBALANCE,NORMAL_VOL,bullish,1.0,trend_aligned,other,other,0.5024353237592201,3.224933705989498,minus,minus,1,1
2025-10-27 17:00:00+00:00,bullish,2.6645,2.676,42.74934017322882,0.025162450215662286,IMBALANCE,NORMAL_VOL,bullish,1.0,trend_aligned,other,other,0.2702439524656091,3.5330422609108507,minus,minus,1,1
2025-10-27 21:00:00+00:00,bearish,2.6488,2.6533,17.088174982912474,0.02674954812082281,BALANCE,NORMAL_VOL,bullish,0.3446852425180594,other,middle,other,2.6654655876036064,2.033679214104305,minus,minus,1,1
2025-10-28 13:00:00+00:00,bullish,2.657,2.6594,9.009685411818378,0.024730443091647243,BALANCE,NORMAL_VOL,bullish,0.6322222222222251,other,middle,other,0.5984526821922747,4.112340390469975,minus,minus,1,1
2025-10-28 15:00:00+00:00,bearish,2.6472,2.6594,46.31211327487374,0.027406351441267292,BALANCE,NORMAL_VOL,bullish,0.37742303306727676,other,middle,other,2.634425824784704,1.61641362933465,minus,minus,1,1
2025-10-28 20:00:00+00:00,bearish,2.6417,2.6545,49.41512566112004,0.03125111959615496,BALANCE,NORMAL_VOL,neutral,0.0,other,edge,other,1.3503516208485662,2.326316654874168,minus,minus,1,1
2025-10-28 21:00:00+00:00,bearish,2.6063,2.6111,18.48357657206637,0.032176039625001034,BALANCE,NORMAL_VOL,neutral,0.1276391554702503,other,edge,other,1.5166565111413655,2.0543236759516974,minus,minus,1,1
2025-10-29 14:00:00+00:00,bearish,2.6418,2.6458,15.154959460483456,0.023823471801602998,BALANCE,NORMAL_VOL,bullish,0.6635193133047232,other,middle,other,7.769648418227,0.8521008259859861,plus,plus,1,1
2025-10-30 00:00:00+00:00,bearish,2.5633,2.5902,105.03299363554693,0.034380819023445044,BALANCE,NORMAL_VOL,bearish,0.19826907946499084,other,other,other,5.398358889398046,0.939477328273468,plus,plus,1,1
2025-10-30 05:00:00+00:00,bearish,2.5623,2.5717,36.75895510714787,0.03746233086971194,BALANCE,NORMAL_VOL,bearish,0.41025641025641013,other,middle,other,4.850205413857552,0.9663039954961126,plus,plus,1,1
2025-10-30 10:00:00+00:00,bearish,2.5655,2.5761,41.57841060641611,0.03250496280494727,BALANCE,NORMAL_VOL,bearish,0.373651334469051,other,middle,other,5.349952284010369,0.2307339972977536,plus,plus,0,0
2025-10-30 13:00:00+00:00,bearish,2.5073,2.5408,135.89161122829827,0.03489493559856748,BALANCE,HIGH_VOL,bearish,0.0,other,edge,high_vol_regular,2.5705735935985525,1.8283455437189349,plus,plus,0,1
2025-10-30 14:00:00+00:00,bearish,2.4848,2.4884,14.565463667260268,0.03412386877009836,IMBALANCE,NORMAL_VOL,bearish,0.08422590068159733,trend_aligned,other,other,2.816210572354831,1.682107043217141,plus,plus,1,1
2025-11-02 12:00:00+00:00,bullish,2.5279,2.5342,24.841291747170747,0.017051553874276645,BALANCE,NORMAL_VOL,bullish,0.7190839694656463,other,other,other,0.34014495351945134,9.154590904204143,minus,minus,1,1
2025-11-03 03:00:00+00:00,bearish,2.4643,2.4812,69.59028206711835,0.0229029229727824,BALANCE,NORMAL_VOL,bearish,0.0,other,edge,other,7.287279453296957,1.0260699050477975,minus,minus,0,0
2025-11-03 04:00:00+00:00,bearish,2.4466,2.4525,24.13482778368656,0.023524142760440802,BALANCE,NORMAL_VOL,bearish,0.15526518063028424,other,other,other,7.779242026525209,0.31457044260266215,plus,plus,0,0
2025-11-03 16:00:00+00:00,bearish,2.3781,2.4103,135.73325464738863,0.034154998767666464,IMBALANCE,NORMAL_VOL,bearish,0.34106920845420674,trend_aligned,other,other,4.216073933409733,0.6382667482523009,plus,plus,0,1
2025-11-03 19:00:00+00:00,bearish,2.3522,2.3649,54.670684459750994,0.03387337182673587,IMBALANCE,NORMAL_VOL,bearish,0.13675922088686257,trend_aligned,other,other,4.974408832456554,1.210390279707528,plus,plus,0,1
2025-11-03 21:00:00+00:00,bearish,2.3122,2.3211,38.524803047355775,0.036936733871012026,IMBALANCE,NORMAL_VOL,bearish,0.20292275574112723,trend_aligned,other,other,6.624841299031061,1.456544592921415,plus,plus,1,1
2025-11-04 01:00:00+00:00,bullish,2.3125,2.322,40.58614944247475,0.0365989446087561,BALANCE,NORMAL_VOL,bearish,0.4154411764705882,other,middle,other,0.6366303796209871,7.519342509514871,minus,minus,1,1
2025-11-04 06:00:00+00:00,bearish,2.3084,2.3356,119.67090501121965,0.040407013336368154,BALANCE,NORMAL_VOL,bearish,0.15501355013550122,other,other,other,5.132772330226405,1.3042290347296663,plus,plus,0,1
2025-11-04 17:00:00+00:00,bearish,2.2579,2.2741,72.65877287405809,0.0425520518396885,BALANCE,NORMAL_VOL,bearish,0.00957995578482004,other,edge,other,3.856453282634495,1.4523388962023849,plus,plus,1,1
2025-11-04 23:00:00+00:00,bullish,2.1697,2.203,151.09578474522286,0.05290215856438898,IMBALANCE,NORMAL_VOL,bearish,0.4636515912897821,trend_counter,other,other,3.253175383959641,1.9507710611541875,minus,minus,1,1
2025-11-05 01:00:00+00:00,bearish,2.179,2.203,110.55322677230652,0.05451053468051905,BALANCE,NORMAL_VOL,bearish,0.3821609862218999,other,middle,other,0.0036690155613434824,3.7625754581581528,minus,minus,1,1
2025-11-05 03:00:00+00:00,bullish,2.179,2.2146,159.19864055093493,0.05344071612759039,BALANCE,NORMAL_VOL,bearish,0.6562860438292967,other,middle,other,3.3644758721182733,0.6081505330580906,plus,plus,0,1
2025-11-05 21:00:00+00:00,bullish,2.325,2.3371,51.73593295707106,0.039400309151564894,BALANCE,NORMAL_VOL,neutral,0.8648746821649114,other,edge,other,1.9593754887309995,4.076110148836774,plus,plus,1,1
2025-11-06 03:00:00+00:00,bullish,2.3442,2.35,24.601289446896203,0.04008010865683569,BALANCE,NORMAL_VOL,bullish,0.7249175694771559,other,other,other,0.14221518331707164,4.476035769663599,minus,minus,1,1
2025-11-06 06:00:00+00:00,bearish,2.3365,2.3447,35.373797506578605,0.03708542227371283,BALANCE,NORMAL_VOL,bullish,0.5318029650884736,other,middle,other,3.772371768277394,0.3828997791961389,plus,plus,0,1
2025-11-06 15:00:00+00:00,bearish,2.27,2.2773,32.68998253548817,0.03391266893450584,BALANCE,HIGH_VOL,bearish,0.0,other,edge,high_vol_regular,2.3648979133693975,0.44821007834432747,plus,plus,0,1
2025-11-07 17:00:00+00:00,bullish,2.2193,2.2491,129.08256085939456,0.038619409812754746,BALANCE,HIGH_VOL,neutral,1.0,other,edge,high_vol_regular,1.6597871461730536,1.7788982362260444,plus,plus,0,0
2025-11-07 18:00:00+00:00,bullish,2.2767,2.2993,96.76728751873335,0.039339451968986534,BALANCE,NORMAL_VOL,neutral,0.9854290339989211,other,edge,other,0.9456156132862938,2.430130447047582,minus,minus,1,1
2025-11-09 03:00:00+00:00,bearish,2.2638,2.2686,21.30492676431584,0.02201404634603806,BALANCE,NORMAL_VOL,bearish,0.1407089151450063,other,edge,other,0.0681383138938479,10.152608770182955,minus,minus,1,1
2025-11-10 04:00:00+00:00,bullish,2.4229,2.45,110.01502050095542,0.031467614614723596,IMBALANCE,NORMAL_VOL,bullish,0.9413333333333319,trend_aligned,other,other,3.705396847762438,0.7881118509820599,plus,plus,0,1
2025-11-10 10:00:00+00:00,bullish,2.4976,2.5218,95.30560806553245,0.03284549672528019,IMBALANCE,NORMAL_VOL,bullish,0.982764811490126,trend_aligned,other,other,1.2391348604167758,3.0597801835844494,plus,plus,1,1
2025-11-10 22:00:00+00:00,bearish,2.5336,2.5419,32.79854579941593,0.03481540770782963,IMBALANCE,NORMAL_VOL,bullish,0.7462686567164192,trend_counter,other,other,4.385989136805645,1.1115768146324687,minus,minus,1,1
2025-11-11 05:00:00+00:00,bearish,2.5017,2.5279,105.85430891681055,0.03447083902662682,BALANCE,HIGH_VOL,bullish,0.0,other,edge,high_vol_regular,2.8197747065256613,0.11894111416415454,plus,plus,0,0
2025-11-11 06:00:00+00:00,bearish,2.4772,2.4925,61.89320388349641,0.033572921953296336,BALANCE,NORMAL_VOL,bullish,0.0018501387604068292,other,edge,other,2.802854042043276,0.21445854519353708,plus,plus,0,1
2025-11-12 09:00:00+00:00,bullish,2.3916,2.4,34.73370823685065,0.025871139720787712,BALANCE,NORMAL_VOL,bearish,0.5182755388940946,other,middle,other,3.8846375182786046,4.01219278007284,plus,plus,1,1
2025-11-12 15:00:00+00:00,bearish,2.4232,2.4271,16.471681378552148,0.028249221046895315,BALANCE,NORMAL_VOL,bearish,0.0542452830188672,other,edge,other,1.8796978476628126,5.614314098668944,plus,plus,1,1
2025-11-12 16:00:00+00:00,bearish,2.373,2.3946,92.43805366542492,0.029567133829259965,BALANCE,NORMAL_VOL,bearish,0.0,other,edge,other,0.747451549670655,6.412525512106612,minus,minus,1,1
2025-11-12 17:00:00+00:00,bearish,2.3558,2.3624,28.116213683224682,0.02966233855574139,BALANCE,NORMAL_VOL,bearish,0.1735197368421057,other,other,other,1.105779301195766,6.031216981217163,plus,plus,1,1
2025-11-12 22:00:00+00:00,bullish,2.3558,2.3616,24.392295399109468,0.029781425093296118,BALANCE,NORMAL_VOL,bearish,0.47411852963240847,other,middle,other,4.98632955054349,3.4249536306763506,plus,plus,1,1
2025-11-13 04:00:00+00:00,bullish,2.4246,2.45,102.73834081624524,0.03527658593745316,BALANCE,NORMAL_VOL,neutral,0.8025445292620879,other,other,other,1.5307603773149716,6.463210481996573,plus,plus,1,1
2025-11-13 16:00:00+00:00,bearish,2.4431,2.4469,15.827398059061291,0.040978608263299236,BALANCE,NORMAL_VOL,neutral,0.3556012332990749,other,middle,other,4.285162611470847,0.19522380917862625,plus,plus,0,0
2025-11-13 17:00:00+00:00,bearish,2.4089,2.42,47.127754426187266,0.042065850530206436,BALANCE,NORMAL_VOL,neutral,0.018932874354562826,other,edge,other,3.090392761859185,0.444541112667434,plus,plus,0,0
2025-11-13 18:00:00+00:00,bearish,2.374,2.3946,88.02666438765897,0.04249686120662028,BALANCE,HIGH_VOL,neutral,0.0,other,edge,high_vol_regular,2.703729092870053,0.2964924853800045,plus,plus,0,0
2025-11-13 20:00:00+00:00,bearish,2.3211,2.3259,20.9004615518589,0.04271719155060625,BALANCE,HIGH_VOL,bearish,0.0,other,edge,high_vol_regular,1.6691172198325024,1.1260103544732487,minus,minus,1,1
2025-11-15 09:00:00+00:00,bearish,2.2659,2.2734,33.24320730464201,0.03306188412021359,BALANCE,NORMAL_VOL,bearish,0.27697536108751,other,other,other,2.0809461357326753,0.6623941914614196,plus,plus,1,1
2025-11-16 03:00:00+00:00,bullish,2.2216,2.2376,71.14589354795685,0.027774834702690303,BALANCE,NORMAL_VOL,bearish,0.6135458167330662,other,middle,other,1.1017167276619735,3.4095612454113815,plus,plus,1,1
2025-11-16 12:00:00+00:00,bearish,2.2456,2.2679,99.81648090953844,0.02436441458198472,BALANCE,NORMAL_VOL,bearish,0.5075921908893725,other,middle,other,3.2793728628751513,2.019338483772923,plus,plus,1,1
2025-11-16 16:00:00+00:00,bearish,2.1995,2.2082,40.10325435604385,0.02700950241764016,IMBALANCE,NORMAL_VOL,bearish,0.0,trend_aligned,other,other,0.5627649026985717,5.083396127665361,minus,minus,1,1
2025-11-19 04:00:00+00:00,bearish,2.1868,2.2001,61.378005445567815,0.028818205870647956,BALANCE,NORMAL_VOL,bearish,0.19627192982456135,other,other,other,4.917030596423251,0.1422711746318573,plus,plus,0,0
2025-11-19 06:00:00+00:00,bearish,2.1508,2.1662,71.6545691420067,0.02928712649050767,BALANCE,NORMAL_VOL,bearish,0.20731707317073167,other,other,other,4.233942173882784,0.7102096549738833,plus,plus,1,1
2025-11-19 22:00:00+00:00,bullish,2.0552,2.0692,66.93760459000617,0.031522081741583094,IMBALANCE,NORMAL_VOL,bearish,0.34192882929345003,trend_counter,other,other,1.817773345991026,3.746579967915174,plus,plus,1,1
2025-11-20 16:00:00+00:00,bearish,2.0872,2.0925,26.386537887083733,0.031220151171713995,BALANCE,HIGH_VOL,bearish,0.0,other,edge,high_vol_regular,6.037767048699758,1.3709094412962908,plus,plus,0,0
2025-11-20 17:00:00+00:00,bearish,2.015,2.0817,333.0670128832516,0.0315972832308773,IMBALANCE,NORMAL_VOL,bearish,0.020763563295379123,trend_aligned,other,other,5.775813023749415,1.5444365784053207,minus,minus,0,0
2025-11-21 03:00:00+00:00,bearish,2.0005,2.0044,19.707918540602314,0.0339573558158807,IMBALANCE,NORMAL_VOL,bearish,0.0951859956236329,trend_aligned,other,other,4.676453633817234,0.5506906986925816,plus,plus,0,1
2025-11-22 09:00:00+00:00,bearish,1.9249,1.9425,92.05020920502008,0.03705793282305606,BALANCE,NORMAL_VOL,bearish,0.23911111111111033,other,other,other,0.666523956366841,4.390422983841511,minus,minus,1,1
2025-11-22 15:00:00+00:00,bullish,1.9106,1.9198,47.71041850334427,0.03306733835547402,BALANCE,NORMAL_VOL,bearish,0.4863582443653607,other,middle,other,4.4273294217453945,0.29636494763049176,plus,plus,0,0
2025-11-23 02:00:00+00:00,bullish,1.9623,1.9947,159.59804935717443,0.02955617846662544,BALANCE,HIGH_VOL,neutral,1.0,other,edge,high_vol_regular,2.5950580886703163,0.5108914881215334,plus,plus,0,0
2025-11-23 03:00:00+00:00,bullish,2.0042,2.021,82.79940857565268,0.029116451433295058,BALANCE,NORMAL_VOL,neutral,0.8763141620284476,other,edge,other,2.6720289104679327,0.48082782450579126,plus,plus,0,0
2025-11-24 03:00:00+00:00,bullish,2.0644,2.0753,52.27316324573139,0.028523731907432424,IMBALANCE,NORMAL_VOL,bullish,0.764705882352942,trend_aligned,other,other,7.00469351795928,1.7038443692333358,minus,minus,1,1
2025-11-24 18:00:00+00:00,bullish,2.1208,2.1841,285.53385357932206,0.035863268894252745,IMBALANCE,HIGH_VOL,bullish,1.0,trend_aligned,other,high_vol_regular,1.89887877206067,1.6423488938968123,plus,plus,0,0
2025-11-25 15:00:00+00:00,bearish,2.1959,2.205,41.607608248365906,0.02980669108079179,BALANCE,NORMAL_VOL,bullish,0.16751700680271975,other,other,other,1.482888519231967,0.9897106632883061,plus,plus,1,1
2025-11-26 18:00:00+00:00,bullish,2.1999,2.2235,105.30073175084804,0.02662505832878407,BALANCE,NORMAL_VOL,bullish,1.0,other,edge,other,0.03755860316440323,2.6403698024578386,minus,minus,1,1
2025-11-28 06:00:00+00:00,bullish,2.1931,2.1947,7.274049827242534,0.019107296312885286,BALANCE,NORMAL_VOL,bullish,0.5131578947368471,other,middle,other,3.9304357230988853,2.3394204636820377,plus,plus,1,1
2025-11-28 09:00:00+00:00,bullish,2.2104,2.2244,62.72963527197883,0.021264916180542624,BALANCE,NORMAL_VOL,bullish,0.8423028785982436,other,other,other,2.017407434657741,3.61628512179903,minus,minus,1,1
2025-11-28 12:00:00+00:00,bearish,2.2011,2.2183,78.3777625882904,0.021248185440470888,BALANCE,NORMAL_VOL,neutral,0.3546099290780171,other,middle,other,1.86368855406236,3.774439950399017,minus,minus,1,1
2025-11-28 17:00:00+00:00,bearish,2.1949,2.2118,77.7154419203538,0.028819363986636436,BALANCE,NORMAL_VOL,neutral,0.0916515426497275,other,edge,other,0.6835681734383429,1.67942637535107,minus,minus,1,1
2025-11-29 12:00:00+00:00,bullish,2.1867,2.2032,74.5762711864395,0.018667683456469707,BALANCE,NORMAL_VOL,neutral,0.6012526096033383,other,middle,other,0.44461863837334586,1.708835489651725,minus,minus,1,1
2025-12-01 00:00:00+00:00,bearish,2.1598,2.1843,119.12865895166655,0.022618365046289366,BALANCE,NORMAL_VOL,bearish,0.0,other,edge,other,3.276098862510686,1.5518363032945304,minus,minus,0,1
2025-12-01 01:00:00+00:00,bearish,2.0917,2.1502,281.62911611785097,0.02354562468584013,BALANCE,NORMAL_VOL,bearish,0.13206349206349147,other,edge,other,4.021978659030895,0.403471987970367,plus,plus,0,1
2025-12-01 05:00:00+00:00,bearish,2.0358,2.0413,27.133695115935176,0.02390174632060286,IMBALANCE,NORMAL_VOL,bearish,0.0,trend_aligned,other,other,1.8617886493775575,1.3471818991001592,minus,minus,1,1
2025-12-01 16:00:00+00:00,bearish,2.0091,2.0134,21.61021208161498,0.025389657031475176,IMBALANCE,NORMAL_VOL,bearish,0.0332271279016845,trend_aligned,other,other,0.16936030268819013,6.876816011478654,minus,minus,1,1
2025-12-01 21:00:00+00:00,bullish,2.0042,2.009,23.70253320823621,0.02541963714558576,BALANCE,NORMAL_VOL,bearish,0.390109890109892,other,middle,other,6.192063210758035,1.2352654689822293,minus,minus,1,1
2025-12-02 15:00:00+00:00,bullish,2.0468,2.0892,196.82480735307666,0.026608887834255128,BALANCE,NORMAL_VOL,neutral,1.0,other,edge,other,2.4202439576258516,0.7779355578082988,plus,plus,0,0
2025-12-02 16:00:00+00:00,bullish,2.0917,2.1335,194.76283664150725,0.02677253870323688,BALANCE,NORMAL_VOL,neutral,0.8940011648223635,other,edge,other,2.70426352922768,0.20916955474688587,plus,plus,0,1
2025-12-02 18:00:00+00:00,bullish,2.1624,2.1642,8.280430582391416,0.02638703592268894,BALANCE,NORMAL_VOL,neutral,0.9846910880262432,other,edge,other,1.6978034263211275,1.2581936105772615,minus,minus,1,1
2025-12-03 03:00:00+00:00,bullish,2.1659,2.1732,33.558589619821916,0.023006337754459,IMBALANCE,NORMAL_VOL,bullish,0.9284253578732117,trend_aligned,other,other,1.882090077183521,1.4952401536977753,plus,plus,1,1
2025-12-03 05:00:00+00:00,bullish,2.1904,2.1971,30.4282664971158,0.02315699530869169,IMBALANCE,NORMAL_VOL,bullish,1.0,trend_aligned,other,other,0.5268386436741588,2.634193218370813,minus,minus,1,1
2025-12-04 19:00:00+00:00,bearish,2.1044,2.1156,53.430016219826825,0.0224908929682714,BALANCE,NORMAL_VOL,bearish,0.0,other,edge,other,3.788199966990827,0.6936140784631123,plus,plus,0,0
2025-12-05 10:00:00+00:00,bearish,2.0684,2.074,27.172594497548776,0.017886991268504016,IMBALANCE,NORMAL_VOL,bearish,0.07528957528957579,trend_aligned,other,other,2.7897369239434675,2.118858304959067,minus,minus,1,1
2025-12-05 17:00:00+00:00,bearish,2.044,2.0644,100.28019466155422,0.02203847944368284,IMBALANCE,NORMAL_VOL,bearish,0.17902542372881453,trend_aligned,other,other,1.057241723937476,0.6715526830160895,plus,plus,0,1
2025-12-07 03:00:00+00:00,bullish,2.0415,2.0467,25.157232704401892,0.013425304474779408,IMBALANCE,NORMAL_VOL,neutral,1.0,other,other,other,3.188009633629034,5.906756166980945,minus,minus,1,1
2025-12-07 04:00:00+00:00,bullish,2.0481,2.0507,12.674271229405077,0.014037782726580895,IMBALANCE,NORMAL_VOL,bearish,0.6608084358523758,trend_counter,other,other,4.160201161214578,4.537753663859075,minus,minus,1,1
2025-12-07 08:00:00+00:00,bearish,2.0349,2.0426,37.947858656548526,0.013809040828141309,BALANCE,NORMAL_VOL,bearish,0.18656716417910768,other,other,other,2.998035889330666,5.84399749441989,minus,minus,1,1
2025-12-07 16:00:00+00:00,bullish,2.0311,2.0366,26.736668125030675,0.019172036327973787,BALANCE,NORMAL_VOL,neutral,0.8164705882352938,other,other,other,3.4529456791925566,2.4254074634811826,plus,plus,1,1
2025-12-07 18:00:00+00:00,bullish,2.0583,2.086,131.75418569254109,0.021175888466467195,BALANCE,NORMAL_VOL,neutral,1.0,other,edge,other,0.9869715753884927,4.33511916845276,minus,minus,1,1
2025-12-07 22:00:00+00:00,bearish,2.048,2.078,147.96547472256378,0.023940833259339038,BALANCE,NORMAL_VOL,neutral,0.32596232596232494,other,middle,other,0.25479480742887073,4.001531565850143,minus,minus,1,1
2025-12-08 02:00:00+00:00,bullish,2.048,2.0573,44.86468232910456,0.024730032765513905,BALANCE,NORMAL_VOL,bullish,0.6977886977886999,other,middle,other,2.0380078133290107,0.6227246096283148,plus,plus,0,1
2025-12-09 16:00:00+00:00,bullish,2.0716,2.1144,197.76360779964756,0.023573037138935212,BALANCE,NORMAL_VOL,bullish,1.0,other,edge,other,0.5599617869433399,4.66210608977831,minus,minus,1,1
2025-12-09 17:00:00+00:00,bullish,2.119,2.1406,100.52589938102035,0.024517820200439834,BALANCE,NORMAL_VOL,bullish,0.8114754098360647,other,other,other,0.34260794521403953,3.8502607176435015,minus,minus,1,1
2025-12-09 21:00:00+00:00,bearish,2.116,2.1282,58.147848053000274,0.025331116273031088,BALANCE,NORMAL_VOL,bullish,0.4236918604651166,other,middle,other,2.5778571815061357,0.7382225006763321,plus,plus,0,0
2025-12-10 01:00:00+00:00,bearish,2.0949,2.1045,45.974809635553044,0.022620960325750755,BALANCE,NORMAL_VOL,bullish,0.35101744186046374,other,middle,other,3.5232810124896745,0.9371839079646471,plus,plus,1,1
2025-12-11 02:00:00+00:00,bearish,2.013,2.0199,34.41224876564713,0.021950942957866013,BALANCE,NORMAL_VOL,bearish,0.0,other,edge,other,1.4167956273994868,2.314251378517468,plus,plus,1,1
2025-12-12 16:00:00+00:00,bearish,2.0022,2.0295,137.42071881606705,0.019040336667668443,BALANCE,NORMAL_VOL,bearish,0.22742474916387959,other,other,other,0.13130019934180506,3.20372486394012,minus,minus,1,1
2025-12-15 02:00:00+00:00,bullish,1.9889,1.992,15.541963300912979,0.015396753092730708,BALANCE,NORMAL_VOL,bearish,0.6369593709043244,other,middle,other,0.642992710240599,8.86550555028682,minus,minus,1,1
2025-12-15 14:00:00+00:00,bearish,1.9793,1.9812,9.7958341926171,0.016154600943266352,BALANCE,NORMAL_VOL,bearish,0.0,other,edge,other,5.509266388724844,0.5261658910579879,plus,plus,0,1
2025-12-15 15:00:00+00:00,bearish,1.9414,1.954,65.49196943708064,0.01715784373303304,IMBALANCE,NORMAL_VOL,bearish,0.0,trend_aligned,other,other,4.272098588873352,1.4104336405284477,plus,plus,0,1
2025-12-15 18:00:00+00:00,bearish,1.8951,1.9051,52.90725358446648,0.018976998061761497,IMBALANCE,NORMAL_VOL,bearish,0.012028869286285762,trend_aligned,other,other,2.0814672516403983,3.056331660636547,plus,plus,1,1
2025-12-16 11:00:00+00:00,bullish,1.8808,1.9032,116.69705652513662,0.018774448310361843,BALANCE,NORMAL_VOL,bearish,0.7588105726872243,other,other,other,1.523347026086262,1.2836595569468174,plus,plus,0,1
2025-12-16 12:00:00+00:00,bullish,1.9109,1.9187,40.33092037228557,0.0188048448596217,BALANCE,NORMAL_VOL,bearish,1.0,other,edge,other,0.7498067708219132,2.052662507356441,minus,minus,1,1
2025-12-17 09:00:00+00:00,bearish,1.907,1.9177,56.2832044605751,0.016420447907864847,BALANCE,NORMAL_VOL,bearish,0.06187624750499203,other,edge,other,4.616195637616829,5.194742584283835,minus,minus,1,1
2025-12-17 19:00:00+00:00,bearish,1.8658,1.8691,17.704812489940885,0.02546439956733577,BALANCE,NORMAL_VOL,bearish,0.09259259259259225,other,edge,other,2.5604373599146095,2.725373508866172,plus,plus,1,1
2025-12-18 06:00:00+00:00,bearish,1.8356,1.8522,90.60146272241114,0.02006354417530045,IMBALANCE,NORMAL_VOL,bearish,0.020330368487929427,trend_aligned,other,other,3.0851976828801293,5.038990076561885,minus,minus,1,1
2025-12-18 10:00:00+00:00,bullish,1.8536,1.8675,74.10171660091707,0.01901038070571522,IMBALANCE,NORMAL_VOL,bearish,0.31346989447548096,trend_counter,other,other,3.024663255834403,5.549599538965716,plus,plus,1,1
2025-12-18 18:00:00+00:00,bearish,1.876,1.9046,155.22388059701592,0.02644452103685849,BALANCE,NORMAL_VOL,bearish,0.15925925925926007,other,other,other,2.7302441930926773,2.457976074113903,plus,plus,1,1
2025-12-18 20:00:00+00:00,bearish,1.822,1.8389,93.86802932681579,0.02763583701647492,BALANCE,NORMAL_VOL,bearish,0.012630014858841264,other,edge,other,1.089165491244434,4.378372905002539,plus,plus,1,1
2025-12-19 04:00:00+00:00,bullish,1.7979,1.8358,206.1126821840333,0.02664781173921891,BALANCE,NORMAL_VOL,bearish,0.4202453987730061,other,middle,other,3.0996916673061556,0.5516400424866863,plus,plus,0,0
2025-12-19 07:00:00+00:00,bullish,1.8395,1.8499,55.71926064827317,0.025868637897618032,BALANCE,NORMAL_VOL,neutral,0.5901840490797549,other,middle,other,2.122260948461268,0.313120467805761,plus,plus,0,0
2025-12-21 14:00:00+00:00,bearish,1.914,1.9255,60.32312211498146,0.014411715941951692,BALANCE,NORMAL_VOL,neutral,0.22965641952983953,other,other,other,0.5689815170537914,2.9420507711074144,minus,minus,1,1
2025-12-22 20:00:00+00:00,bearish,1.9054,1.9228,91.79635979952563,0.015443893638808574,BALANCE,NORMAL_VOL,neutral,0.0,other,edge,other,2.195042312050996,0.8676568431116072,plus,plus,0,0
2025-12-23 14:00:00+00:00,bearish,1.8856,1.8956,53.4130968913578,0.013827751127314044,BALANCE,NORMAL_VOL,bearish,0.0,other,edge,other,2.617923888469031,1.5982353020763975,minus,minus,0,0
2025-12-24 03:00:00+00:00,bearish,1.863,1.8693,33.86004514672671,0.014175802150084089,BALANCE,NORMAL_VOL,bearish,0.20433996383363584,other,other,other,1.7353515335182659,1.142792473292518,plus,plus,1,1
2025-12-24 11:00:00+00:00,bullish,1.8579,1.8646,35.86723768736579,0.013263331908216458,BALANCE,NORMAL_VOL,bearish,0.5488850771869643,other,middle,other,0.9349083688630555,1.515456307592538,minus,minus,1,1
2025-12-25 11:00:00+00:00,bearish,1.8636,1.8654,9.687836383207879,0.010945920832651024,BALANCE,NORMAL_VOL,bearish,0.31076923076923096,other,middle,other,3.1609949065948353,2.9051918505697882,minus,minus,1,1
2025-12-25 23:00:00+00:00,bearish,1.8503,1.8632,70.43407043406995,0.012037755342028033,BALANCE,NORMAL_VOL,bearish,0.0,other,edge,other,0.6728829229250116,4.228363058874471,minus,minus,1,1
2025-12-26 00:00:00+00:00,bearish,1.836,1.8386,14.201441992571203,0.012077915674740328,BALANCE,NORMAL_VOL,bearish,0.05448717948718059,other,edge,other,0.4884948826343636,4.272260329480193,minus,minus,1,1
2025-12-26 03:00:00+00:00,bullish,1.8387,1.8584,105.68669527897022,0.014545911347450615,BALANCE,NORMAL_VOL,bearish,0.6114457831325328,other,middle,other,1.2649602737490107,2.688040581716661,plus,plus,1,1
2025-12-26 15:00:00+00:00,bearish,1.8431,1.8678,134.4876402047258,0.014267122116950205,BALANCE,NORMAL_VOL,bearish,0.22372881355932311,other,other,other,0.3013922474870605,1.605088945919467,minus,minus,0,1
2025-12-28 19:00:00+00:00,bearish,1.8596,1.8654,31.24326653738433,0.00769924948676059,BALANCE,NORMAL_VOL,neutral,0.17279411764706357,other,other,other,1.1169919892566484,7.87089704057597,minus,minus,1,1
2025-12-29 02:00:00+00:00,bullish,1.877,1.8813,22.738088942943104,0.01009884835634756,BALANCE,NORMAL_VOL,bullish,1.0,other,edge,other,2.5646488674840606,4.8223320404043815,plus,plus,1,1
2025-12-29 03:00:00+00:00,bullish,1.886,1.8904,22.98730473852036,0.011256073473751306,BALANCE,NORMAL_VOL,bullish,1.0,other,edge,other,0.2576386878393077,6.369894454509495,minus,minus,1,1
2025-12-29 04:00:00+00:00,bullish,1.8968,1.9091,64.2868342654052,0.011016353939911929,BALANCE,NORMAL_VOL,bullish,0.9476923076923067,other,edge,other,0.06354189451591995,6.435886173113168,minus,minus,1,1
2025-12-29 06:00:00+00:00,bearish,1.9079,1.9091,6.312467122567543,0.011021754162475082,IMBALANCE,NORMAL_VOL,bullish,0.7549770290964781,trend_counter,other,other,5.316758034715644,0.29940787567512045,plus,plus,0,0
2025-12-29 10:00:00+00:00,bearish,1.8825,1.8957,70.39624553357089,0.012439265426761012,BALANCE,NORMAL_VOL,bullish,0.3583460949464018,other,middle,other,2.6287725905141746,0.22509367747521322,plus,plus,0,0
2025-12-30 04:00:00+00:00,bullish,1.8509,1.8561,27.964506587792922,0.010655359675497873,BALANCE,NORMAL_VOL,bearish,0.2762520193861046,other,other,other,2.4588564626539275,0.6287915381595854,plus,plus,0,1
2025-12-31 15:00:00+00:00,bearish,1.8668,1.872,27.981058975463267,0.009019580999028193,BALANCE,NORMAL_VOL,neutral,0.0,other,edge,other,5.299580989976168,0.8980461510210644,plus,plus,0,1
2025-12-31 16:00:00+00:00,bearish,1.8592,1.8629,20.077052471648148,0.009953896641954752,BALANCE,NORMAL_VOL,bearish,0.0,other,edge,other,3.244960356917761,2.370930787097814,plus,plus,1,1
2025-12-31 17:00:00+00:00,bearish,1.844,1.852,43.630017452007024,0.010107189738957984,BALANCE,NORMAL_VOL,bearish,0.0,other,edge,other,2.275607819189029,4.066412233420425,plus,plus,1,1
2025-12-31 22:00:00+00:00,bullish,1.8336,1.8359,12.49932068909402,0.011471289677937242,BALANCE,NORMAL_VOL,bearish,0.41086350974930425,other,middle,other,3.1121173819419568,1.3424820078965434,minus,minus,1,1
2026-01-01 06:00:00+00:00,bullish,1.8337,1.8432,51.507265235306015,0.010525552743483423,BALANCE,LOW_VOL,bearish,0.4707520891364904,other,middle,other,4.531828509389387,0.3800275479571828,plus,plus,0,0
2026-01-01 09:00:00+00:00,bullish,1.8461,1.8482,11.34460590999941,0.009863607644837133,BALANCE,NORMAL_VOL,bearish,0.564066852367687,other,middle,other,5.129968853382497,0.2230421240601066,plus,plus,0,0
2026-01-02 10:00:00+00:00,bullish,1.8802,1.8962,84.34814697664618,0.010303605991144693,BALANCE,NORMAL_VOL,bullish,0.9053254437869839,other,edge,other,15.373258656836724,1.009355366357964,minus,minus,0,0
2026-01-02 17:00:00+00:00,bullish,1.9246,1.9616,185.77094944017634,0.017277134688518138,IMBALANCE,NORMAL_VOL,bullish,1.0,trend_aligned,other,other,3.681165954113127,1.3601792440512412,minus,minus,0,0
2026-01-02 18:00:00+00:00,bullish,1.964,1.9682,21.236790210850895,0.018121625067909708,IMBALANCE,NORMAL_VOL,bullish,0.849884526558891,trend_aligned,other,other,4.282176665127908,0.3090230583082027,plus,plus,0,0
2026-01-02 22:00:00+00:00,bullish,1.9969,2.0092,61.04521316194341,0.020322369157761578,IMBALANCE,NORMAL_VOL,bullish,0.9670836076366036,trend_aligned,other,other,1.987957195658475,1.55001613027826,plus,plus,1,1
2026-01-03 04:00:00+00:00,bullish,2.0298,2.0367,33.69469674773098,0.020190256073150566,IMBALANCE,NORMAL_VOL,bullish,1.0,trend_aligned,other,other,1.0153412579675538,3.1896574152737225,minus,minus,1,1
2026-01-03 06:00:00+00:00,bearish,2.0349,2.0367,8.952551477172216,0.02127935345082881,IMBALANCE,NORMAL_VOL,bullish,0.7351895734597169,trend_counter,other,other,1.2782343252511132,2.9982113952580964,plus,plus,1,1
2026-01-03 07:00:00+00:00,bearish,2.0151,2.0271,60.19563581640337,0.02202368534719817,IMBALANCE,NORMAL_VOL,bullish,0.6338862559241711,trend_counter,other,other,0.08627075668976213,3.959373675445906,minus,minus,1,1
2026-01-04 01:00:00+00:00,bullish,2.0178,2.0255,37.85085778892131,0.015590893518079721,BALANCE,NORMAL_VOL,bullish,0.7079276773296251,other,other,other,8.434410756991454,0.5772600518092947,plus,plus,0,0
2026-01-04 04:00:00+00:00,bullish,2.0363,2.0516,74.28626917848062,0.0164491957212905,IMBALANCE,NORMAL_VOL,bullish,0.9812409812409801,trend_aligned,other,other,6.456242712374272,0.3282835277478627,plus,plus,0,0
2026-01-05 01:00:00+00:00,bullish,2.0973,2.1083,51.02277471125598,0.021399684337950836,IMBALANCE,NORMAL_VOL,bullish,1.0,trend_aligned,other,other,11.621666753230931,2.2243318755681285,minus,minus,0,0
2026-01-05 02:00:00+00:00,bullish,2.1163,2.1345,84.91578407129295,0.021728278313811474,IMBALANCE,NORMAL_VOL,bullish,0.7939560439560442,trend_aligned,other,other,12.619499623479422,1.6108041094886272,minus,minus,1,1
2026-01-05 15:00:00+00:00,bullish,2.1305,2.1369,29.573494755324337,0.021969605736623772,IMBALANCE,NORMAL_VOL,bullish,0.981972428419936,trend_aligned,other,other,11.534116862988451,0.03186220127896,plus,plus,0,1
2026-01-05 19:00:00+00:00,bullish,2.207,2.2567,218.26006762988047,0.027052434127543507,IMBALANCE,NORMAL_VOL,bullish,1.0,trend_aligned,other,other,5.189921148613072,2.72064242548377,plus,plus,1,1
2026-01-05 21:00:00+00:00,bullish,2.2814,2.3119,130.63776930654888,0.030544190650790053,IMBALANCE,NORMAL_VOL,bullish,0.9370860927152332,trend_aligned,other,other,2.710826452946399,4.295415828823299,plus,plus,1,1
2026-01-06 08:00:00+00:00,bearish,2.3459,2.3734,117.93970064759746,0.03278644934421819,IMBALANCE,NORMAL_VOL,bullish,0.7202477991522667,trend_counter,other,other,3.9101519854759097,2.052677290347334,minus,minus,1,1
2026-01-06 16:00:00+00:00,bearish,2.3539,2.369,66.19613344439233,0.03546341647500943,BALANCE,HIGH_VOL,bullish,0.04213483146067268,other,edge,high_vol_regular,2.7775101721914353,1.0771663814996288,plus,plus,0,0
2026-01-06 17:00:00+00:00,bearish,2.2886,2.3338,204.71941664024598,0.03880888672679448,IMBALANCE,HIGH_VOL,neutral,0.0,other,other,high_vol_regular,0.6519125420449756,2.8704765685300435,minus,minus,0,0
2026-01-06 18:00:00+00:00,bearish,2.2555,2.266,46.77060133630269,0.039751109103452024,BALANCE,NORMAL_VOL,neutral,0.1832386363636363,other,other,other,1.6049866642452908,1.8691302375144987,minus,minus,1,1
2026-01-06 22:00:00+00:00,bullish,2.2661,2.2738,33.620049775139776,0.038486040376501815,BALANCE,NORMAL_VOL,bullish,0.405607476635513,other,middle,other,0.7535199702619111,3.2557259404764176,minus,minus,1,1
2026-01-07 10:00:00+00:00,bearish,2.2518,2.2727,92.97153024911094,0.030864987398012165,BALANCE,NORMAL_VOL,neutral,0.22762148337596014,other,other,other,5.443060702847397,0.30455220599264693,plus,plus,0,0
2026-01-08 07:00:00+00:00,bearish,2.1219,2.139,80.71748878923611,0.028334258059995482,IMBALANCE,NORMAL_VOL,bearish,0.07952286282306169,trend_aligned,other,other,1.8881736690164328,1.7434725093347923,plus,plus,1,1
2026-01-08 16:00:00+00:00,bullish,2.0979,2.1107,59.69870808264504,0.029256358261167265,BALANCE,NORMAL_VOL,bearish,0.5942900075131466,other,middle,other,0.8134983782855302,2.4917660410510436,minus,minus,1,1
2026-01-09 09:00:00+00:00,bearish,2.1072,2.1183,52.98582271230077,0.026133982382348545,BALANCE,NORMAL_VOL,bearish,0.29057337220602564,other,other,other,0.7805928580474812,2.5292739174969907,minus,minus,1,1
2026-01-09 16:00:00+00:00,bullish,2.1068,2.1143,35.20300398967512,0.02855388487983945,BALANCE,NORMAL_VOL,bearish,0.6603563474387526,other,middle,other,0.04903010591698224,1.9612042366795073,minus,minus,1,1
2026-01-11 21:00:00+00:00,bearish,2.0742,2.0832,43.421623968738075,0.013875143174796918,BALANCE,NORMAL_VOL,bearish,0.44748858447489004,other,middle,other,2.825196072297385,2.5369107587976205,plus,plus,1,1
2026-01-12 15:00:00+00:00,bullish,2.0592,2.0676,40.13953266115527,0.019498220631012756,BALANCE,NORMAL_VOL,neutral,0.8076398362892215,other,other,other,0.7795583139429579,2.805384195571019,minus,minus,1,1
2026-01-12 16:00:00+00:00,bullish,2.0757,2.0852,45.37638517386351,0.019726919157368985,BALANCE,NORMAL_VOL,neutral,0.8199181446111878,other,other,other,1.0290507016356454,2.818483695120266,minus,minus,1,1
2026-01-12 18:00:00+00:00,bearish,2.077,2.0852,39.686380795663474,0.021372190497935508,BALANCE,NORMAL_VOL,bearish,0.4395161290322556,other,middle,other,1.31947167524658,2.2318723017468884,plus,plus,1,1
2026-01-13 20:00:00+00:00,bullish,2.1125,2.1173,22.521465772065685,0.021553735198679733,BALANCE,NORMAL_VOL,bullish,0.9188311688311702,other,edge,other,2.8022985085063024,0.9789486511503859,plus,plus,1,1
2026-01-13 23:00:00+00:00,bullish,2.1412,2.1494,37.884037884037824,0.02516401466162514,BALANCE,NORMAL_VOL,bullish,0.8761127596439156,other,edge,other,1.0809086056319872,2.1578432825667897,plus,plus,1,1
2026-01-14 05:00:00+00:00,bearish,2.1631,2.165,8.828586032247632,0.02322936222695058,IMBALANCE,NORMAL_VOL,bullish,0.7103145574250174,trend_counter,other,other,3.0650863034626865,1.0202604689897024,plus,plus,1,1
2026-01-14 15:00:00+00:00,bullish,2.131,2.1414,48.2665800343444,0.023775480173628422,BALANCE,NORMAL_VOL,bullish,0.5852017937219737,other,middle,other,0.8874689321061147,3.6844681731040434,minus,minus,1,1
2026-01-14 18:00:00+00:00,bearish,2.1526,2.1545,8.882240194474372,0.02444884473085338,BALANCE,NORMAL_VOL,bullish,0.3546012269938663,other,middle,other,3.0880804729690228,1.0552645854649052,minus,minus,1,1
2026-01-15 15:00:00+00:00,bearish,2.1059,2.1141,39.142679841519815,0.021898742040812314,BALANCE,NORMAL_VOL,bearish,0.1666666666666649,other,other,other,3.1919641717194818,0.1643930045520783,plus,plus,0,0
2026-01-16 16:00:00+00:00,bearish,2.0473,2.0538,31.8175143178812,0.015273584208248838,BALANCE,NORMAL_VOL,bearish,0.29635761589404014,other,other,other,0.38628784963346,2.5599754102827474,minus,minus,1,1
2026-01-16 21:00:00+00:00,bullish,2.056,2.0677,56.43177543047229,0.015631275289747892,BALANCE,NORMAL_VOL,bearish,0.8050000000000032,other,other,other,0.5949610526083721,1.305075857334542,minus,minus,1,1
2026-01-19 00:00:00+00:00,bearish,1.9904,2.0544,329.3366953120971,0.023797052230467804,BALANCE,NORMAL_VOL,bearish,0.0,other,edge,other,0.2689408729290397,3.597084175425932,minus,minus,0,0
2026-01-19 01:00:00+00:00,bearish,1.9612,1.9843,118.38868388683834,0.023832977071148675,BALANCE,NORMAL_VOL,bearish,0.4922118380062304,other,middle,other,0.1048966728972502,3.26018859364661,minus,minus,1,1
2026-01-19 09:00:00+00:00,bullish,1.9624,1.9726,51.5073473716103,0.019325900078313498,IMBALANCE,NORMAL_VOL,bearish,0.6217178460169108,trend_counter,other,other,2.5147599751142535,3.2029556061640174,plus,plus,1,1
2026-01-19 17:00:00+00:00,bullish,1.983,2.007,118.97090170029257,0.01875330020075485,BALANCE,NORMAL_VOL,neutral,0.7930879712746858,other,other,other,0.39992960810694816,6.446865282684143,minus,minus,1,1
2026-01-20 02:00:00+00:00,bearish,1.9719,1.9809,45.72473708276238,0.01655135557371695,BALANCE,NORMAL_VOL,bearish,0.2140077821011663,other,other,other,6.078052009211244,0.29000645769597216,plus,plus,0,1
2026-01-20 09:00:00+00:00,bearish,1.9304,1.9448,74.8168545747399,0.017167360944480327,IMBALANCE,NORMAL_VOL,bearish,0.05701357466063321,trend_aligned,other,other,3.3202540672581873,0.8737510703310938,plus,plus,0,1
2026-01-21 01:00:00+00:00,bullish,1.8928,1.8971,22.660202360876742,0.018825644201754813,IMBALANCE,NORMAL_VOL,bearish,0.29721669980119314,trend_counter,other,other,4.849767637247149,1.4660852879301278,plus,plus,1,1
2026-01-21 06:00:00+00:00,bullish,1.9087,1.9126,20.376175548589416,0.01706398192085542,BALANCE,NORMAL_VOL,bearish,0.643055555555555,other,middle,other,4.389362362629908,2.5785306269120856,minus,minus,1,1
2026-01-21 12:00:00+00:00,bearish,1.8975,1.902,23.729171060957334,0.016640037116685852,BALANCE,NORMAL_VOL,bearish,0.4856175972927258,other,middle,other,1.5865349226611576,5.558881831293821,minus,minus,1,1
2026-01-21 15:00:00+00:00,bullish,1.905,1.9335,145.6310679611649,0.019707456831398993,IMBALANCE,NORMAL_VOL,neutral,1.0,other,other,other,1.6186766396552497,4.4145726536052505,minus,minus,1,1
2026-01-21 17:00:00+00:00,bearish,1.8973,1.9335,191.5343915343916,0.024348266349522585,BALANCE,NORMAL_VOL,bearish,0.24212812160694863,other,other,other,0.3532078989339858,4.061890837740864,minus,minus,1,1
2026-01-21 20:00:00+00:00,bullish,1.9135,1.9451,160.22715748909886,0.029160364857835682,BALANCE,NORMAL_VOL,neutral,0.8988566402814417,other,edge,other,0.572695166244207,2.4725342207309886,minus,minus,1,1
2026-01-22 00:00:00+00:00,bearish,1.96,1.9647,24.051993244971733,0.02720408633654325,BALANCE,NORMAL_VOL,neutral,0.7073170731707317,other,other,other,1.9849959058342586,0.4925730581144296,plus,plus,1,1
2026-01-22 15:00:00+00:00,bearish,1.9228,1.925,11.497256336555944,0.018520747586372115,BALANCE,NORMAL_VOL,bearish,0.1750547045951863,other,other,other,1.4740225723980867,1.1554609175574844,minus,minus,1,1
2026-01-23 16:00:00+00:00,bullish,1.9079,1.9191,57.869174330888185,0.015500840012363324,BALANCE,NORMAL_VOL,neutral,1.0,other,edge,other,1.9031226679632303,1.845061298432141,plus,plus,1,1
2026-01-23 20:00:00+00:00,bearish,1.9279,1.9415,71.03311396636403,0.017988252071873934,BALANCE,NORMAL_VOL,bearish,0.3608640406607368,other,middle,other,0.3113142943308036,1.0006530889204321,minus,minus,0,1
2026-01-25 11:00:00+00:00,bullish,1.8965,1.8991,13.676292672662857,0.00857531900758049,BALANCE,NORMAL_VOL,bearish,0.41961852861035437,other,middle,other,0.15159785879112986,10.681818357897413,minus,minus,1,1
2026-01-25 17:00:00+00:00,bearish,1.8607,1.883,120.87376009539805,0.012568453164133958,IMBALANCE,NORMAL_VOL,bearish,0.005134788189986592,trend_aligned,other,other,2.8165757184041786,7.9962107259779955,plus,plus,1,1
2026-01-26 01:00:00+00:00,bullish,1.8383,1.8515,70.09718018161477,0.017274341592172452,BALANCE,NORMAL_VOL,bearish,0.7215686274509803,other,other,other,3.6065050391402536,1.1056861355951595,minus,minus,0,0
2026-01-26 02:00:00+00:00,bullish,1.8529,1.8709,95.98464245720695,0.017054745764160134,BALANCE,NORMAL_VOL,bearish,0.6450980392156858,other,middle,other,4.110292875037304,0.6625721752913118,plus,plus,0,0
2026-01-27 10:00:00+00:00,bearish,1.8886,1.8917,16.454352441612954,0.012841369256287438,BALANCE,LOW_VOL,neutral,0.03912363067292557,other,edge,other,0.8643938024416723,4.0805617340490175,minus,minus,1,1
2026-01-28 10:00:00+00:00,bullish,1.918,1.9255,38.92666216847492,0.01435030500804951,BALANCE,NORMAL_VOL,bullish,0.9066901408450728,other,edge,other,1.0452739500370174,4.362276618154513,plus,plus,1,1
2026-01-28 15:00:00+00:00,bearish,1.9233,1.9243,5.245213742459427,0.015631216340947492,BALANCE,NORMAL_VOL,neutral,0.2727272727272748,other,other,other,7.804894855201335,1.6313509738330552,minus,minus,1,1
2026-01-29 02:00:00+00:00,bearish,1.8955,1.8993,20.283975659229345,0.016357834776833318,BALANCE,NORMAL_VOL,neutral,0.0,other,edge,other,10.337553979912235,0.9475581708376128,plus,plus,0,0
2026-01-29 03:00:00+00:00,bearish,1.8832,1.889,30.939933852555356,0.01611798943563093,BALANCE,NORMAL_VOL,bearish,0.0795610425240059,other,edge,other,10.565833950947358,0.8872074309955778,plus,plus,0,0
2026-01-29 15:00:00+00:00,bearish,1.8293,1.8718,236.111111111111,0.017069268646984527,IMBALANCE,NORMAL_VOL,bearish,0.0,trend_aligned,other,other,5.606567098989714,2.4312699541073366,minus,minus,0,0
2026-01-29 16:00:00+00:00,bearish,1.8174,1.8237,34.72605004960972,0.017750035172199915,IMBALANCE,NORMAL_VOL,bearish,0.2013559322033903,trend_aligned,other,other,6.191537027043494,1.5380251213674838,minus,minus,1,1
2026-01-29 19:00:00+00:00,bearish,1.7969,1.8114,81.08712671960608,0.019849681950919545,IMBALANCE,NORMAL_VOL,bearish,0.04252199413489754,trend_aligned,other,other,4.226767975801919,1.2242009751130687,minus,minus,1,1
2026-01-30 02:00:00+00:00,bearish,1.7607,1.7963,203.8129043338872,0.024838062289835938,IMBALANCE,NORMAL_VOL,bearish,0.22968580715059572,trend_aligned,other,other,1.453414504672235,1.4815970573944173,minus,minus,0,0
2026-01-30 12:00:00+00:00,bullish,1.7512,1.7578,37.485091156925876,0.02296299432774356,BALANCE,NORMAL_VOL,bearish,0.41107871720116623,other,middle,other,0.9929018696160858,3.5578983661242787,minus,minus,1,1
2026-01-30 21:00:00+00:00,bearish,1.75,1.7665,95.53033811949953,0.02796582065522509,BALANCE,NORMAL_VOL,bearish,0.22968906720160595,other,other,other,8.088444919557093,0.9440094866326566,plus,plus,0,0
2026-01-31 09:00:00+00:00,bearish,1.7061,1.7109,28.24193927983136,0.02214445490349973,IMBALANCE,NORMAL_VOL,bearish,0.1971291866028703,trend_aligned,other,other,8.968385126906563,0.4922225472471333,plus,plus,0,0
2026-01-31 15:00:00+00:00,bearish,1.6604,1.6715,67.9231428221753,0.024053780210136006,IMBALANCE,NORMAL_VOL,bearish,0.1294460641399417,trend_aligned,other,other,5.5375911327181395,1.8915945686086655,plus,plus,1,1
2026-01-31 17:00:00+00:00,bearish,1.6154,1.632,105.92814753366058,0.031028514568943816,IMBALANCE,HIGH_VOL,bearish,0.0,trend_aligned,other,high_vol_regular,2.130298563056544,3.6289200937997994,both,both,1,1
2026-01-31 22:00:00+00:00,bullish,1.5999,1.6019,12.397718819737179,0.03474569163861572,IMBALANCE,NORMAL_VOL,bearish,0.4441805225653207,trend_counter,other,other,1.9139063539634116,1.0879046643581514,plus,plus,1,1
2026-02-01 00:00:00+00:00,bullish,1.6211,1.6423,127.50345823058944,0.035006744321051296,BALANCE,NORMAL_VOL,bearish,0.6562500000000002,other,middle,other,0.4856207090865333,3.173674163500832,minus,minus,1,1
2026-02-02 13:00:00+00:00,bullish,1.6263,1.6352,54.34118940041463,0.030196458097326403,BALANCE,NORMAL_VOL,neutral,0.8670936749399506,other,edge,other,0.6225895745589017,1.6889398033246648,minus,minus,1,1
2026-02-03 18:00:00+00:00,bearish,1.5639,1.5813,113.67348272032312,0.023856395123422115,BALANCE,HIGH_VOL,bearish,0.0,other,edge,high_vol_regular,1.1694977323966238,4.346842826148024,minus,minus,1,1
2026-02-03 20:00:00+00:00,bullish,1.5639,1.5655,9.88997403881706,0.02970321824417521,BALANCE,HIGH_VOL,neutral,0.9298780487804865,other,edge,high_vol_regular,0.3568636877278044,3.87163434799027,minus,minus,1,1
2026-02-03 21:00:00+00:00,bullish,1.5898,1.6006,67.4241478336866,0.029567274083876986,BALANCE,NORMAL_VOL,bearish,0.6984273820536525,other,middle,other,0.33144753121979426,3.3482964888530122,minus,minus,1,1
2026-02-04 14:00:00+00:00,bearish,1.5743,1.5878,87.42390882010146,0.021657400959007842,BALANCE,HIGH_VOL,bearish,0.16558741905642935,other,other,high_vol_regular,9.391708653544644,0.9142371255662946,plus,plus,0,0
2026-02-05 11:00:00+00:00,bearish,1.382,1.4114,215.44775025648607,0.030730684958282038,IMBALANCE,NORMAL_VOL,bearish,0.040885040885040656,trend_aligned,other,other,8.044077127977545,0.7354212908264242,plus,plus,0,1
2026-02-05 16:00:00+00:00,bearish,1.3126,1.3517,305.61200562763725,0.03559569991338322,IMBALANCE,NORMAL_VOL,bearish,0.04066736183524522,trend_aligned,other,other,4.551111521734445,7.366058277770187,plus,plus,1,1
2026-02-05 18:00:00+00:00,bearish,1.2667,1.2704,29.35343117810422,0.03887996574164163,IMBALANCE,NORMAL_VOL,bearish,0.13838199513381957,trend_aligned,other,other,3.680558798608599,7.229944642130521,plus,plus,1,1
2026-02-06 02:00:00+00:00,bullish,1.2349,1.2416,53.15351051170114,0.05427216276293122,IMBALANCE,NORMAL_VOL,bearish,0.4308943089430894,trend_counter,other,other,5.179450858221483,0.10318365281408946,plus,plus,0,0
2026-02-06 06:00:00+00:00,bullish,1.2899,1.2996,74.4950464634056,0.049193909846732574,BALANCE,NORMAL_VOL,bearish,0.6218855218855218,other,middle,other,4.8684888179488235,0.3780955825212854,plus,plus,1,1
2026-02-06 10:00:00+00:00,bullish,1.3083,1.3268,136.2297496318112,0.04643607244722327,BALANCE,NORMAL_VOL,bearish,0.8954224041682174,other,edge,other,3.953822757268497,0.1636658657692853,plus,plus,0,0
2026-02-06 11:00:00+00:00,bullish,1.3302,1.3504,147.7580279423597,0.04455492441527875,BALANCE,NORMAL_VOL,bearish,0.9255003706449222,other,edge,other,3.916514331245519,0.24239744858138262,plus,plus,0,0
2026-02-06 14:00:00+00:00,bullish,1.3823,1.4013,128.5520974289574,0.04753978459925927,BALANCE,HIGH_VOL,neutral,1.0,other,edge,high_vol_regular,1.3378268441079784,1.9604632369632597,plus,plus,0,1
2026-02-06 15:00:00+00:00,bullish,1.4392,1.4622,152.14658993186418,0.04981551427074076,BALANCE,HIGH_VOL,neutral,1.0,other,edge,high_vol_regular,0.4536739273064999,2.5473991758935823,minus,minus,1,1
2026-02-06 19:00:00+00:00,bearish,1.4658,1.4803,99.61527892278069,0.04723390001787347,BALANCE,NORMAL_VOL,neutral,0.7972654408297971,other,other,other,1.4989234421296782,0.8722548844031444,plus,plus,1,1
2026-02-08 09:00:00+00:00,bullish,1.4205,1.4323,82.10980446732873,0.02241518927563904,BALANCE,NORMAL_VOL,bullish,0.6505524861878471,other,middle,other,1.4008358177963536,1.9763384308400869,plus,plus,1,1
2026-02-09 15:00:00+00:00,bullish,1.4118,1.4199,56.04372794575517,0.023343264065171294,BALANCE,NORMAL_VOL,neutral,0.8106312292358813,other,other,other,0.7839520620984628,2.300449493698774,minus,minus,1,1
2026-02-13 16:00:00+00:00,bullish,1.3937,1.3988,36.01694915254311,0.017553487181131616,BALANCE,NORMAL_VOL,neutral,0.9309878213802423,other,edge,other,3.446608606922956,1.059618513863914,minus,minus,0,0
2026-02-14 09:00:00+00:00,bullish,1.4247,1.4452,141.29161210283246,0.013312331636581463,IMBALANCE,NORMAL_VOL,bullish,1.0,trend_aligned,other,other,16.405841287776383,0.8112778658790629,plus,plus,0,0
2026-02-14 12:00:00+00:00,bullish,1.451,1.46,61.48800983808088,0.014257468150717741,IMBALANCE,NORMAL_VOL,bullish,0.8816489361702139,trend_aligned,other,other,14.420512662316543,0.904788975407987,plus,plus,1,1
2026-02-14 19:00:00+00:00,bullish,1.4791,1.4826,23.380093520372988,0.015387637756850118,IMBALANCE,NORMAL_VOL,bullish,1.0,trend_aligned,other,other,11.19730024339162,3.236364202675007,plus,plus,1,1
2026-02-15 05:00:00+00:00,bullish,1.5333,1.544,67.63590391908933,0.02109299076203602,IMBALANCE,NORMAL_VOL,bullish,1.0,trend_aligned,other,other,4.1388156371416915,6.532975885430999,plus,plus,1,1
2026-02-15 06:00:00+00:00,bullish,1.5589,1.5713,78.56554520686794,0.0207577771361763,IMBALANCE,NORMAL_VOL,bullish,0.9312668463611861,trend_aligned,other,other,4.383899075658093,6.4602292972060535,plus,plus,1,1
2026-02-15 08:00:00+00:00,bullish,1.5877,1.6111,144.87369985141214,0.026983491510274467,IMBALANCE,HIGH_VOL,bullish,0.8307225871652345,trend_aligned,other,high_vol_regular,0.26682981323075117,6.337208064230257,minus,minus,1,1
2026-02-15 10:00:00+00:00,bearish,1.5965,1.6111,92.1368168622993,0.027262296251206047,IMBALANCE,NORMAL_VOL,bullish,0.6058631921824106,trend_counter,other,other,5.1499697129800275,0.36313889001782296,plus,plus,0,0
2026-02-15 12:00:00+00:00,bearish,1.5655,1.5725,46.04354403736181,0.02930065340027459,BALANCE,HIGH_VOL,bullish,0.300797747536368,other,middle,high_vol_regular,2.59721170584158,0.774726750625541,plus,plus,0,0
2026-02-15 13:00:00+00:00,bearish,1.5399,1.5569,111.93784157503065,0.029279178157397844,BALANCE,NORMAL_VOL,bullish,0.2548243443839678,other,other,other,2.5444703263017105,0.8299413279078057,plus,plus,0,0
2026-02-15 18:00:00+00:00,bearish,1.4954,1.506,72.17266970790457,0.028859017625830607,BALANCE,HIGH_VOL,neutral,0.0,other,edge,high_vol_regular,0.8489547467503173,1.6182117009485726,minus,minus,1,1
2026-02-15 19:00:00+00:00,bearish,1.4694,1.4806,77.07659486614737,0.028383373509699848,BALANCE,HIGH_VOL,neutral,0.0,other,edge,high_vol_regular,0.3135638544501628,2.194946981151108,minus,minus,1,1
2026-02-16 03:00:00+00:00,bearish,1.4619,1.4634,10.270455323519732,0.0243582578049554,BALANCE,NORMAL_VOL,neutral,0.07241226121723668,other,edge,other,0.5460160618422447,2.2538557740706486,minus,minus,1,1
2026-02-16 10:00:00+00:00,bullish,1.4699,1.482,81.26259234385493,0.02308902922309296,BALANCE,NORMAL_VOL,bullish,0.4534412955465605,other,middle,other,1.1434001726497658,1.6631275238542151,plus,plus,1,1
2026-02-20 12:00:00+00:00,bearish,1.4087,1.4194,76.20539847589156,0.012624884015493906,BALANCE,NORMAL_VOL,bearish,0.5091649694501008,other,middle,other,2.1782378330169565,3.2792380467964612,plus,plus,1,1
2026-02-20 16:00:00+00:00,bullish,1.4067,1.4228,112.41446725317695,0.015666287806292208,BALANCE,NORMAL_VOL,neutral,1.0,other,edge,other,2.004303788379823,1.6149326702550675,minus,minus,0,1
2026-02-22 13:00:00+00:00,bearish,1.41,1.4198,70.0350175087546,0.008855296478250327,BALANCE,NORMAL_VOL,bearish,0.0,other,edge,other,7.9387517033072,2.8683398757326244,plus,plus,1,1
2026-02-23 01:00:00+00:00,bearish,1.3649,1.3871,166.7292527224934,0.012419765237524747,IMBALANCE,NORMAL_VOL,bearish,0.0,trend_aligned,other,other,0.4267391451157693,7.504167608451098,minus,minus,1,1
2026-02-23 02:00:00+00:00,bearish,1.3429,1.3627,147.62898896510617,0.012404067720558692,IMBALANCE,NORMAL_VOL,bearish,0.1268191268191266,trend_aligned,other,other,1.2092807245109338,6.731662699777586,minus,minus,1,1
2026-02-23 07:00:00+00:00,bullish,1.3482,1.3662,131.3580967671314,0.012891770758034965,IMBALANCE,NORMAL_VOL,bearish,0.4347368421052645,trend_counter,other,other,4.219746148223625,3.8474156057333118,plus,plus,1,1
2026-02-23 10:00:00+00:00,bullish,1.3723,1.3862,99.86349594080052,0.01383160362806225,BALANCE,NORMAL_VOL,bearish,0.8651994497936721,other,edge,other,2.371380852286273,5.1693210651971775,plus,plus,1,1
2026-02-24 04:00:00+00:00,bearish,1.334,1.3426,64.62763958818623,0.016219711114966697,BALANCE,NORMAL_VOL,bearish,0.04761904761904687,other,edge,other,1.1837448807755357,4.254083165287104,plus,plus,1,1
2026-02-25 02:00:00+00:00,bullish,1.3514,1.3775,189.32250108806042,0.016651497302669988,BALANCE,NORMAL_VOL,neutral,0.7607709750566901,other,other,other,6.894274905932477,1.5974539416184979,minus,minus,0,1
2026-02-25 13:00:00+00:00,bullish,1.385,1.3977,89.91150442477829,0.015843708234749124,BALANCE,NORMAL_VOL,bullish,1.0,other,edge,other,5.106127858537971,0.0,plus,plus,0,1
2026-02-25 14:00:00+00:00,bullish,1.4027,1.4125,68.27365194370928,0.01641201478940989,BALANCE,NORMAL_VOL,bullish,1.0,other,edge,other,3.5339963279478313,1.0784781897358058,plus,plus,0,1
2026-02-25 15:00:00+00:00,bullish,1.4238,1.4247,6.248264371008907,0.016711156590166323,BALANCE,NORMAL_VOL,bullish,1.0,other,edge,other,3.171533921906279,1.986696720892223,plus,plus,1,1
2026-02-25 18:00:00+00:00,bullish,1.45,1.4555,37.37936658964293,0.01751571101625196,IMBALANCE,NORMAL_VOL,bullish,0.9842578710644678,trend_aligned,other,other,1.2560152413788574,5.115407528524804,minus,minus,1,1
2026-02-25 23:00:00+00:00,bearish,1.4569,1.462,35.5847055540042,0.021514501008428853,IMBALANCE,HIGH_VOL,bullish,0.574257425742574,trend_counter,other,high_vol_regular,2.3890863181006545,1.626809749679427,minus,minus,1,1
2026-02-26 17:00:00+00:00,bearish,1.4002,1.4072,50.46863734679248,0.01986037604093357,BALANCE,NORMAL_VOL,neutral,0.030082041932544,other,edge,other,2.5175756942842713,1.933498133210318,minus,minus,1,1
2026-02-27 11:00:00+00:00,bearish,1.396,1.4041,58.62343489903739,0.015271021905825714,BALANCE,NORMAL_VOL,bearish,0.0,other,edge,other,7.360345672552572,0.18990215703205882,plus,plus,0,0
2026-02-28 07:00:00+00:00,bearish,1.3221,1.3458,182.0556153018901,0.01635413425375186,IMBALANCE,NORMAL_VOL,bearish,0.0933589990375366,trend_aligned,other,other,1.9872650851294091,5.564342238362348,plus,plus,1,1
2026-02-28 14:00:00+00:00,bullish,1.2985,1.3133,112.3339658444017,0.020344331291196144,BALANCE,HIGH_VOL,bearish,0.5079030558482593,other,middle,high_vol_regular,3.701276730220455,0.3883145573537952,plus,plus,0,0
2026-02-28 21:00:00+00:00,bullish,1.3586,1.3637,37.045107866636755,0.02131866219795951,BALANCE,NORMAL_VOL,neutral,0.9347258485639681,other,edge,other,0.7552068629119231,0.1735568566940461,none,none,0,0
