risk_per_trade_pct,worst_day_neg_r,approx_one_day_hit_pct
1.0,7.488888235306652,7.488888235306653
1.5,7.488888235306652,11.233332352959977
2.0,7.488888235306652,14.977776470613305
