stream,sym,side,entry_ts_utc,exit_ts_utc,year,entry_price,stop_init,tp_price,risk,tp_r,managed_r,baseline_r,saved_r,managed_reason,bars_5m,duration_h,mfe_r,sim_active,m1_daily_cap,balance_before,risk_pct,dollar_risk,dollar_pnl,balance_after
S1,LTCUSDT,1,2025-01-05T23:00:00+00:00,2025-01-06T01:20:00+00:00,2025,116.01,113.79171096,142.62946854,2.21828904,12.0,-1.015689,-1.015689,0.0,SL,29,2.33,0.0496,True,False,10000.0,0.4981,49.81,-50.59,9949.41
S2,LTCUSDT,-1,2025-01-07T03:00:00+00:00,2025-01-07T15:05:00+00:00,2025,113.15,115.05815934,107.42552197,1.90815934,3.0,2.982211,2.982211,0.0,TP,146,12.08,3.5794,True,False,9949.41,1.378,137.1,408.87,10358.28
S5,AVAXUSDT,-1,2025-01-07T20:00:00+00:00,2025-01-13T11:55:00+00:00,2025,39.86,41.15683969,33.37580156,1.29683969,5.0,4.990779,4.990779,0.0,TP,1632,135.92,5.0045,True,False,10358.28,0.5216,54.03,269.65,11054.62
S2,AVAXUSDT,-1,2025-01-08T17:00:00+00:00,2025-01-13T09:30:00+00:00,2025,37.39,38.44390278,34.22829167,1.05390278,3.0,2.989357,2.989357,0.0,TP,1351,112.5,3.0838,True,False,10358.28,1.378,142.74,426.69,10784.97
S5,AVAXUSDT,-1,2025-01-13T12:00:00+00:00,2025-01-13T15:05:00+00:00,2025,33.39,34.50369179,27.82154103,1.11369179,5.0,-1.008994,-1.008994,0.0,SL,38,3.08,0.5387,True,False,11054.62,0.5216,57.66,-58.18,10938.18
S5,LTCUSDT,-1,2025-01-13T12:00:00+00:00,2025-01-13T14:55:00+00:00,2025,94.0,96.72571415,80.37142927,2.72571415,5.0,-1.010346,-1.010346,0.0,SL,36,2.92,0.5246,True,False,11054.62,0.5216,57.66,-58.26,10996.36
S1,AVAXUSDT,1,2025-01-15T14:00:00+00:00,2025-01-19T08:20:00+00:00,2025,39.04,37.88388091,52.91342906,1.15611909,12.0,-1.01013,-1.01013,0.0,SL,1085,90.33,2.4046,True,False,10938.18,0.4981,54.48,-55.03,10415.39
S1,LTCUSDT,1,2025-01-15T23:00:00+00:00,2025-01-27T07:15:00+00:00,2025,113.68,110.1947567,155.5029196,3.4852433,12.0,-1.009785,-1.009785,0.0,SL,3268,272.25,7.9019,True,False,10938.18,0.4981,54.48,-55.02,9608.55
S2,AVAXUSDT,-1,2025-01-16T14:00:00+00:00,2025-01-17T01:35:00+00:00,2025,39.61,40.55281829,36.78154512,0.94281829,3.0,-1.012604,-1.012604,0.0,SL,140,11.58,1.1773,True,False,10938.18,1.378,150.73,-152.63,10785.55
S1,LTCUSDT,1,2025-01-16T16:00:00+00:00,2025-01-19T05:10:00+00:00,2025,126.61,119.80781906,208.23617124,6.80218094,12.0,-1.005584,-1.005584,0.0,SL,735,61.17,2.1478,True,False,10938.18,0.4981,54.48,-54.79,10470.42
S1,LTCUSDT,1,2025-01-17T04:00:00+00:00,2025-01-18T05:40:00+00:00,2025,133.81,127.04383862,215.00393651,6.76616138,12.0,-1.005933,-1.005933,0.0,SL,309,25.67,1.0952,True,False,10785.55,0.4981,53.72,-54.04,10731.51
S2,AVAXUSDT,-1,2025-01-18T06:00:00+00:00,2025-01-19T01:45:00+00:00,2025,39.44,40.33166687,36.76499938,0.89166687,3.0,-1.01327,-1.01327,0.0,SL,238,19.75,1.2785,True,False,10731.51,1.378,147.88,-149.84,10525.21
S5,AVAXUSDT,-1,2025-01-18T17:00:00+00:00,2025-01-19T01:20:00+00:00,2025,38.37,39.7073784,31.68310799,1.3373784,5.0,-1.008607,-1.008607,0.0,SL,101,8.33,0.0523,True,False,10731.51,0.5216,55.98,-56.46,10675.05
S2,AVAXUSDT,-1,2025-01-19T09:00:00+00:00,2025-01-19T14:55:00+00:00,2025,37.63,38.59976001,34.72071998,0.96976001,3.0,-1.011641,-1.011641,0.0,SL,72,5.92,1.2271,True,False,10415.39,1.378,143.52,-145.19,10125.14
S3,AVAXUSDT,-1,2025-01-19T09:00:00+00:00,2025-01-19T14:55:00+00:00,2025,37.63,38.616976,32.1346933,1.29301334,4.25,-0.772045,-0.772045,0.0,SL,72,5.92,0.9203,True,False,10415.39,3.3981,353.93,-273.25,9851.9
S2,AVAXUSDT,-1,2025-01-19T12:00:00+00:00,2025-01-19T14:00:00+00:00,2025,36.65,37.68392046,33.54823863,1.03392046,3.0,-1.010634,-1.010634,0.0,SL,25,2.0,0.058,True,False,10415.39,1.378,143.52,-145.05,10270.34
S5,AVAXUSDT,-1,2025-01-19T22:00:00+00:00,2025-01-20T06:55:00+00:00,2025,36.57,38.04324766,29.20376168,1.47324766,5.0,-1.007447,-1.007447,0.0,SL,108,8.92,1.4118,False,True,,,,,
S2,LTCUSDT,-1,2025-01-20T01:00:00+00:00,2025-01-20T02:30:00+00:00,2025,113.05,118.20706237,97.57881289,5.15706237,3.0,-1.006576,-1.006576,0.0,SL,19,1.5,0.0252,True,False,9851.9,1.378,135.76,-136.65,9715.24
S5,AVAXUSDT,-1,2025-01-20T01:00:00+00:00,2025-01-20T06:40:00+00:00,2025,34.56,36.38277154,25.44614228,1.82277154,5.0,-1.005688,-1.005688,0.0,SL,69,5.67,0.0329,True,False,9851.9,0.5216,51.39,-51.68,9663.56
S2,AVAXUSDT,-1,2025-01-27T00:00:00+00:00,2025-01-27T07:20:00+00:00,2025,35.74,36.41606413,33.71180762,0.67606413,3.0,2.984141,2.984141,0.0,TP,89,7.33,3.402,True,False,9663.56,1.378,133.16,397.38,10005.93
S3,AVAXUSDT,-1,2025-01-27T00:00:00+00:00,2025-01-28T23:30:00+00:00,2025,35.74,37.05760641,31.90896995,0.90141883,4.25,4.238105,4.238105,0.0,TP,571,47.5,4.3265,True,False,9663.56,3.3981,328.38,1391.7,11397.63
S1,LTCUSDT,1,2025-01-30T13:00:00+00:00,2025-01-30T20:35:00+00:00,2025,132.43,127.58979004,190.51251956,4.84020996,12.0,-1.008208,-1.008208,0.0,SL,92,7.58,0.3244,True,False,11397.63,0.4981,56.77,-57.24,11340.39
S2,AVAXUSDT,-1,2025-01-31T19:00:00+00:00,2025-02-01T22:25:00+00:00,2025,34.49,35.20843848,32.33468457,0.71843848,3.0,2.985598,2.985598,0.0,TP,330,27.42,3.0761,True,False,11340.39,1.378,156.27,466.56,12273.38
S3,AVAXUSDT,-1,2025-01-31T19:00:00+00:00,2025-02-02T12:55:00+00:00,2025,34.49,35.64184385,30.41884862,0.95791797,4.25,4.239198,4.239198,0.0,TP,504,41.92,4.3114,True,False,11340.39,3.3981,385.36,1633.61,14373.26
S2,AVAXUSDT,-1,2025-02-01T04:00:00+00:00,2025-02-01T20:20:00+00:00,2025,34.59,35.27049115,32.54852656,0.68049115,3.0,2.984751,2.984751,0.0,TP,197,16.33,3.0272,True,False,11340.39,1.378,156.27,466.43,11806.82
S2,AVAXUSDT,-1,2025-02-01T10:00:00+00:00,2025-02-02T02:50:00+00:00,2025,33.74,34.36356137,31.86931589,0.62356137,3.0,2.983767,2.983767,0.0,TP,203,16.83,3.047,True,False,11340.39,1.378,156.27,466.27,12739.65
S5,AVAXUSDT,-1,2025-02-02T04:00:00+00:00,2025-02-03T00:40:00+00:00,2025,30.81,31.79941775,25.86291125,0.98941775,5.0,4.990658,4.990658,0.0,TP,249,20.67,5.0333,True,False,12739.65,0.5216,66.45,331.63,14704.89
S5,AVAXUSDT,-1,2025-02-02T12:00:00+00:00,2025-02-03T01:45:00+00:00,2025,30.55,31.53493849,25.62530753,0.98493849,5.0,4.990695,4.990695,0.0,TP,166,13.75,5.8684,True,False,12739.65,0.5216,66.45,331.63,15628.78
S2,LTCUSDT,-1,2025-02-02T17:00:00+00:00,2025-02-03T01:25:00+00:00,2025,111.55,114.98006692,101.25979924,3.43006692,3.0,2.990244,2.990244,0.0,TP,102,8.42,3.0757,True,False,14373.26,1.378,198.06,592.26,15297.15
S5,AVAXUSDT,-1,2025-02-02T17:00:00+00:00,2025-02-03T01:50:00+00:00,2025,29.43,30.54070437,23.87647814,1.11070437,5.0,4.992051,4.992051,0.0,TP,107,8.83,5.1139,True,False,14373.26,0.5216,74.97,374.26,16003.04
S5,AVAXUSDT,-1,2025-02-02T21:00:00+00:00,2025-02-25T07:05:00+00:00,2025,28.23,29.66082381,21.07588094,1.43082381,5.0,4.994081,4.994081,0.0,TP,6458,538.08,5.0181,True,False,14373.26,0.5216,74.97,374.41,15953.11
S2,AVAXUSDT,-1,2025-02-07T21:00:00+00:00,2025-02-08T00:15:00+00:00,2025,23.91,24.65734694,21.66795918,0.74734694,3.0,-1.009598,-1.009598,0.0,SL,40,3.25,0.2676,True,False,16003.04,1.378,220.52,-222.64,15780.4
S2,AVAXUSDT,-1,2025-02-09T22:00:00+00:00,2025-02-09T22:40:00+00:00,2025,23.88,24.48041184,22.07876449,0.60041184,3.0,-1.011932,-1.011932,0.0,SL,9,0.67,0.3664,True,False,15780.4,1.378,217.45,-220.05,15560.35
S2,AVAXUSDT,-1,2025-02-10T02:00:00+00:00,2025-02-10T03:30:00+00:00,2025,24.2,24.94675064,21.95974809,0.74675064,3.0,-1.009722,-1.009722,0.0,SL,19,1.5,0.4553,True,False,15560.35,1.378,214.42,-216.51,15343.85
S2,LTCUSDT,-1,2025-02-11T14:00:00+00:00,2025-02-12T13:30:00+00:00,2025,125.39,129.64847672,112.61456984,4.25847672,3.0,2.991167,2.991167,0.0,TP,283,23.5,3.0668,True,False,15343.85,1.378,211.44,632.45,15976.29
S2,AVAXUSDT,-1,2025-02-17T16:00:00+00:00,2025-02-18T08:45:00+00:00,2025,25.14,25.61497746,23.71506763,0.47497746,3.0,2.984121,2.984121,0.0,TP,202,16.75,3.0949,True,False,15976.29,1.378,220.15,656.96,15963.13
S2,AVAXUSDT,-1,2025-02-17T17:00:00+00:00,2025-02-17T21:50:00+00:00,2025,24.8,25.29890764,23.30327709,0.49890764,3.0,-1.014913,-1.014913,0.0,SL,59,4.83,0.7416,True,False,15976.29,1.378,220.15,-223.44,15752.86
S3,AVAXUSDT,-1,2025-02-17T17:00:00+00:00,2025-02-17T21:55:00+00:00,2025,24.8,25.33989076,21.97285672,0.66521018,4.25,-0.822794,-0.822794,0.0,SL,60,4.92,0.5562,True,False,15976.29,3.3981,542.89,-446.69,15306.17
S2,AVAXUSDT,-1,2025-02-18T06:00:00+00:00,2025-02-20T12:00:00+00:00,2025,24.12,24.63332981,22.58001058,0.51332981,3.0,-1.014096,-1.014096,0.0,SL,649,54.0,2.3182,True,False,15306.17,1.378,210.92,-213.89,15665.24
S5,AVAXUSDT,-1,2025-02-18T17:00:00+00:00,2025-02-19T10:05:00+00:00,2025,23.11,23.88874771,19.21626145,0.77874771,5.0,-1.008903,-1.008903,0.0,SL,206,17.08,0.2311,True,False,15963.13,0.5216,83.26,-84.01,15879.13
S1,AVAXUSDT,1,2025-02-21T13:00:00+00:00,2025-02-21T15:35:00+00:00,2025,25.94,25.34058509,33.13297898,0.59941491,12.0,-1.012983,-1.012983,0.0,SL,32,2.58,1.001,True,False,15665.24,0.4981,78.03,-79.04,15586.2
S2,AVAXUSDT,-1,2025-02-21T18:00:00+00:00,2025-02-22T04:15:00+00:00,2025,24.59,25.32781234,22.37656299,0.73781234,3.0,-1.009998,-1.009998,0.0,SL,124,10.25,1.1114,True,False,15586.2,1.378,214.78,-216.93,14936.08
S2,LTCUSDT,-1,2025-02-21T18:00:00+00:00,2025-02-24T22:00:00+00:00,2025,129.02,133.84668284,114.53995149,4.82668284,3.0,2.991981,2.991981,0.0,TP,913,76.0,3.4351,True,False,15586.2,1.378,214.78,642.61,15578.69
S2,AVAXUSDT,-1,2025-02-21T20:00:00+00:00,2025-02-21T22:50:00+00:00,2025,23.91,24.6808688,21.5973936,0.7708688,3.0,-1.009305,-1.009305,0.0,SL,35,2.83,0.1168,True,False,15586.2,1.378,214.78,-216.78,15369.42
S2,LTCUSDT,-1,2025-02-21T20:00:00+00:00,2025-02-22T01:00:00+00:00,2025,124.48,129.39231836,109.74304491,4.91231836,3.0,-1.007602,-1.007602,0.0,SL,61,5.0,0.0611,True,False,15586.2,1.378,214.78,-216.41,15153.01
S5,AVAXUSDT,-1,2025-02-24T15:00:00+00:00,2025-03-02T16:30:00+00:00,2025,23.13,23.83440561,19.60797196,0.70440561,5.0,-1.009851,-1.009851,0.0,SL,1747,145.5,4.1169,True,False,14936.08,0.5216,77.91,-78.67,15575.42
S5,LTCUSDT,-1,2025-02-24T15:00:00+00:00,2025-02-26T09:35:00+00:00,2025,121.11,124.96633653,101.82831736,3.85633653,5.0,-1.009422,-1.009422,0.0,SL,512,42.58,3.8975,True,False,14936.08,0.5216,77.91,-78.64,15874.47
S2,LTCUSDT,-1,2025-02-26T19:00:00+00:00,2025-02-26T20:50:00+00:00,2025,122.05,126.97837668,107.26486995,4.92837668,3.0,-1.007429,-1.007429,0.0,SL,23,1.83,0.1299,True,False,15874.47,1.378,218.75,-220.38,15654.09
S1,AVAXUSDT,1,2025-03-02T20:00:00+00:00,2025-03-03T06:50:00+00:00,2025,24.68,23.67297822,36.76426137,1.00702178,12.0,-1.007352,-1.007352,0.0,SL,131,10.83,0.4369,True,False,15575.42,0.4981,77.58,-78.15,15497.26
S2,AVAXUSDT,-1,2025-03-03T15:00:00+00:00,2025-03-03T21:55:00+00:00,2025,22.99,23.75205942,20.70382175,0.76205942,3.0,2.99095,2.99095,0.0,TP,84,6.92,3.1625,True,False,15497.26,1.378,213.55,638.72,16135.99
S5,LTCUSDT,-1,2025-03-03T15:00:00+00:00,2025-03-11T00:50:00+00:00,2025,112.87,118.60532743,84.19336284,5.73532743,5.0,4.994096,4.994096,0.0,TP,2135,177.83,5.1593,True,False,15497.26,0.5216,80.83,403.69,17775.74
S5,AVAXUSDT,-1,2025-03-03T19:00:00+00:00,2025-03-10T18:50:00+00:00,2025,22.03,23.13240261,16.51798694,1.10240261,5.0,4.994005,4.994005,0.0,TP,2015,167.83,5.0617,True,False,15497.26,0.5216,80.83,403.68,16296.99
S5,AVAXUSDT,-1,2025-03-03T20:00:00+00:00,2025-03-05T21:10:00+00:00,2025,20.95,22.15794528,14.91027359,1.20794528,5.0,-1.005203,-1.005203,0.0,SL,591,49.17,1.7468,True,False,15497.26,0.5216,80.83,-81.25,15977.13
S5,LTCUSDT,-1,2025-03-03T20:00:00+00:00,2025-04-06T17:10:00+00:00,2025,107.65,113.7049072,77.37546401,6.0549072,5.0,4.994666,4.994666,0.0,TP,9759,813.17,5.0075,True,False,15497.26,0.5216,80.83,403.74,17198.09
S1,AVAXUSDT,1,2025-03-03T21:00:00+00:00,2025-03-04T01:40:00+00:00,2025,21.27,20.07547938,35.60424743,1.19452062,12.0,-1.005342,-1.005342,0.0,SL,57,4.67,0.0084,True,False,15497.26,0.4981,77.19,-77.6,16058.38
S5,AVAXUSDT,-1,2025-03-07T01:00:00+00:00,2025-03-07T09:25:00+00:00,2025,19.8,20.8178903,14.71054848,1.0178903,5.0,-1.005836,-1.005836,0.0,SL,102,8.42,0.1179,True,False,15977.13,0.5216,83.34,-83.82,15893.31
S2,AVAXUSDT,-1,2025-03-10T14:00:00+00:00,2025-03-10T18:50:00+00:00,2025,18.22,18.80864379,16.45406862,0.58864379,3.0,2.990714,2.990714,0.0,TP,59,4.83,3.0069,True,False,15893.31,1.378,219.01,655.0,16951.99
S2,AVAXUSDT,-1,2025-03-10T15:00:00+00:00,2025-03-11T00:35:00+00:00,2025,17.57,18.20552638,15.66342087,0.63552638,3.0,2.991706,2.991706,0.0,TP,116,9.58,3.0369,True,False,15893.31,1.378,219.01,655.21,17372.05
S2,LTCUSDT,-1,2025-03-10T15:00:00+00:00,2025-03-24T20:10:00+00:00,2025,92.07,95.16409059,82.78772822,3.09409059,3.0,-1.008927,-1.008927,0.0,SL,4095,341.17,2.8409,True,False,15893.31,1.378,219.01,-220.96,15545.58
S2,AVAXUSDT,-1,2025-03-10T17:00:00+00:00,2025-03-11T00:50:00+00:00,2025,17.41,18.0735406,15.4193782,0.6635406,3.0,2.992129,2.992129,0.0,TP,95,7.83,3.1799,True,False,15893.31,1.378,219.01,655.31,18431.05
S2,AVAXUSDT,-1,2025-03-10T18:00:00+00:00,2025-03-11T16:25:00+00:00,2025,16.85,17.54007342,14.77977975,0.69007342,3.0,-1.007325,-1.007325,0.0,SL,270,22.42,2.2896,True,False,15893.31,1.378,219.01,-220.61,17189.36
S2,LTCUSDT,-1,2025-03-10T18:00:00+00:00,2025-03-11T16:20:00+00:00,2025,88.54,91.84972559,78.61082322,3.30972559,3.0,-1.008025,-1.008025,0.0,SL,269,22.33,1.5893,True,False,15893.31,1.378,219.01,-220.77,17409.97
S2,AVAXUSDT,-1,2025-03-10T19:00:00+00:00,2025-03-10T19:30:00+00:00,2025,16.25,16.98399674,14.04800977,0.73399674,3.0,-1.006642,-1.006642,0.0,SL,7,0.5,0.1499,True,False,16951.99,1.378,233.6,-235.15,16716.84
S3,AVAXUSDT,-1,2025-03-10T19:00:00+00:00,2025-03-11T08:15:00+00:00,2025,16.25,17.18339967,12.09068512,0.97866232,4.25,-0.958732,-0.958732,0.0,SL,160,13.25,1.0014,True,False,16951.99,3.3981,576.05,-552.27,17878.77
S2,AVAXUSDT,-1,2025-03-11T15:00:00+00:00,2025-03-11T15:50:00+00:00,2025,16.63,17.36802483,14.41592551,0.73802483,3.0,-1.00676,-1.00676,0.0,SL,11,0.83,0.0271,True,False,17878.77,1.378,246.37,-248.03,17630.74
S5,LTCUSDT,-1,2025-03-16T12:00:00+00:00,2025-03-16T16:05:00+00:00,2025,88.87,90.63501413,80.04492937,1.76501413,5.0,-1.015105,-1.015105,0.0,SL,50,4.08,0.3003,True,False,17189.36,0.5216,89.66,-91.01,17098.34
S4,AVAXUSDT,1,2025-03-16T15:00:00+00:00,2025-03-30T13:30:00+00:00,2025,18.53,17.92808214,30.26739824,0.60191786,19.5,0.990765,-1.009235,2.0,BE,4015,334.5,8.1905,True,False,17189.36,1.6151,277.63,275.06,16723.8
S1,LTCUSDT,1,2025-03-17T10:00:00+00:00,2025-03-18T00:45:00+00:00,2025,93.6,91.32008105,120.95902744,2.27991895,12.0,-1.012316,-1.012316,0.0,SL,178,14.75,0.6141,True,False,17098.34,0.4981,85.17,-86.22,17012.13
S2,AVAXUSDT,-1,2025-03-18T07:00:00+00:00,2025-03-18T08:00:00+00:00,2025,18.51,18.93451266,17.23646201,0.42451266,3.0,-1.013081,-1.013081,0.0,SL,13,1.0,0.1178,True,False,17012.13,1.378,234.43,-237.49,16774.63
S1,AVAXUSDT,1,2025-03-19T19:00:00+00:00,2025-03-20T01:30:00+00:00,2025,20.01,19.3715402,27.67151761,0.6384598,12.0,-1.009402,-1.009402,0.0,SL,79,6.5,0.1253,True,False,16774.63,0.4981,83.55,-84.34,16690.29
S2,AVAXUSDT,-1,2025-03-19T20:00:00+00:00,2025-03-24T00:30:00+00:00,2025,19.59,20.09999879,18.06000363,0.50999879,3.0,-1.011524,-1.011524,0.0,SL,1207,100.5,2.4118,True,False,16774.63,1.378,231.15,-233.82,16222.29
S2,LTCUSDT,-1,2025-03-20T17:00:00+00:00,2025-03-20T18:10:00+00:00,2025,90.32,91.80469567,85.86591299,1.48469567,3.0,-1.01825,-1.01825,0.0,SL,15,1.17,0.0674,True,False,16690.29,1.378,229.99,-234.19,16456.1
S2,LTCUSDT,-1,2025-03-24T02:00:00+00:00,2025-03-24T03:05:00+00:00,2025,90.94,91.91325843,88.0202247,0.97325843,3.0,-1.028032,-1.028032,0.0,SL,14,1.08,0.0616,True,False,16222.29,1.378,223.54,-229.81,15992.48
S1,AVAXUSDT,1,2025-03-24T04:00:00+00:00,2025-03-28T08:30:00+00:00,2025,21.15,20.62634949,27.43380607,0.52365051,12.0,-1.012117,-1.012117,0.0,SL,1207,100.5,4.4113,True,False,15992.48,0.4981,79.66,-80.62,15795.64
S1,AVAXUSDT,1,2025-03-24T05:00:00+00:00,2025-03-28T07:20:00+00:00,2025,21.51,20.96518167,28.04781992,0.54481833,12.0,-1.011844,-1.011844,0.0,SL,1181,98.33,3.5792,True,False,15992.48,0.4981,79.66,-80.6,15876.27
S2,LTCUSDT,-1,2025-03-24T08:00:00+00:00,2025-03-24T10:45:00+00:00,2025,92.77,93.87444083,89.4566775,1.10444083,3.0,-1.025199,-1.025199,0.0,SL,34,2.75,0.0,True,False,15992.48,1.378,220.38,-225.93,15766.55
S2,LTCUSDT,-1,2025-03-26T03:00:00+00:00,2025-03-26T07:25:00+00:00,2025,93.98,95.42993412,89.63019763,1.44993412,3.0,-1.019445,-1.019445,0.0,SL,54,4.42,0.4966,True,False,15545.58,1.378,214.22,-218.38,15327.2
S2,LTCUSDT,-1,2025-03-26T14:00:00+00:00,2025-03-28T06:00:00+00:00,2025,93.94,95.44455131,89.42634606,1.50455131,3.0,2.981269,2.981269,0.0,TP,481,40.0,3.0109,True,False,15327.2,1.378,211.21,629.67,15956.87
S5,LTCUSDT,-1,2025-03-28T07:00:00+00:00,2025-04-06T13:50:00+00:00,2025,88.76,90.81728426,78.47357872,2.05728426,5.0,4.987057,4.987057,0.0,TP,2675,222.83,5.0844,True,False,15956.87,0.5216,83.23,415.08,16794.36
S2,AVAXUSDT,-1,2025-03-28T08:00:00+00:00,2025-03-30T00:25:00+00:00,2025,20.71,21.13097183,19.44708452,0.42097183,3.0,2.985241,2.985241,0.0,TP,486,40.42,3.0168,True,False,15876.27,1.378,218.77,653.1,16448.74
S3,AVAXUSDT,-1,2025-03-28T08:00:00+00:00,2025-03-31T09:10:00+00:00,2025,20.71,21.15209718,18.32449299,0.56129577,4.25,4.238931,4.238931,0.0,TP,879,73.17,4.2936,True,False,15876.27,3.3981,539.49,2286.87,18763.72
S2,PAXGUSDT,-1,2025-03-30T20:00:00+00:00,2025-03-31T03:45:00+00:00,2025,3117.11,3130.17830233,3077.905093,13.06830233,3.0,-1.071557,-1.071557,0.0,SL,94,7.75,0.9267,True,False,16723.8,1.378,230.45,-246.94,16476.86
S2,AVAXUSDT,-1,2025-04-02T18:00:00+00:00,2025-04-02T20:15:00+00:00,2025,19.29,19.79955557,17.76133328,0.50955557,3.0,-1.011357,-1.011357,0.0,SL,28,2.25,0.471,True,False,18763.72,1.378,258.56,-261.5,18502.22
S2,PAXGUSDT,-1,2025-04-02T22:00:00+00:00,2025-04-02T23:00:00+00:00,2025,3138.66,3156.92998029,3083.85005913,18.26998029,3.0,-1.051538,-1.051538,0.0,SL,13,1.0,0.1199,True,False,18502.22,1.378,254.96,-268.1,18234.12
S2,AVAXUSDT,-1,2025-04-02T23:00:00+00:00,2025-04-03T01:20:00+00:00,2025,17.89,18.5394168,15.94174959,0.6494168,3.0,-1.008264,-1.008264,0.0,SL,29,2.33,0.2002,True,False,18234.12,1.378,251.27,-253.34,17980.78
S2,LTCUSDT,-1,2025-04-02T23:00:00+00:00,2025-04-03T03:00:00+00:00,2025,81.61,83.95814824,74.56555528,2.34814824,3.0,-1.010427,-1.010427,0.0,SL,49,4.0,0.2811,True,False,18234.12,1.378,251.27,-253.89,17726.89
S3,AVAXUSDT,-1,2025-04-02T23:00:00+00:00,2025-04-03T04:55:00+00:00,2025,17.89,18.98494168,14.20997145,0.86588907,4.25,-1.270727,-1.270727,0.0,SL,72,5.92,0.1501,True,False,18234.12,3.3981,619.61,-787.36,16939.53
S2,PAXGUSDT,-1,2025-04-03T03:00:00+00:00,2025-04-03T11:35:00+00:00,2025,3167.8,3190.65317219,3099.24048344,22.85317219,3.0,2.958415,2.958415,0.0,TP,104,8.58,3.1654,True,False,17726.89,1.378,244.28,722.67,17373.98
S4,AVAXUSDT,1,2025-04-03T03:00:00+00:00,2025-04-03T11:00:00+00:00,2025,18.85,18.0074126,35.28045439,0.8425874,19.5,-1.006711,-1.006711,0.0,SL,97,8.0,0.1662,True,False,17726.89,1.6151,286.31,-288.23,16651.3
S2,PAXGUSDT,-1,2025-04-03T11:00:00+00:00,2025-04-03T14:45:00+00:00,2025,3109.52,3134.41708988,3034.82873036,24.89708988,3.0,-1.037468,-1.037468,0.0,SL,46,3.75,1.3455,False,True,,,,,
S5,AVAXUSDT,-1,2025-04-03T13:00:00+00:00,2025-04-04T05:40:00+00:00,2025,17.62,18.33505235,14.04473827,0.71505235,5.0,-1.007392,-1.007392,0.0,SL,201,16.67,0.0559,True,False,17373.98,0.5216,90.62,-91.29,16949.61
S5,LTCUSDT,-1,2025-04-03T13:00:00+00:00,2025-04-03T21:55:00+00:00,2025,80.48,83.23145461,66.72272694,2.75145461,5.0,-1.008775,-1.008775,0.0,SL,108,8.92,0.1054,True,False,17373.98,0.5216,90.62,-91.42,17282.56
S4,LTCUSDT,1,2025-04-03T14:00:00+00:00,2025-04-06T13:35:00+00:00,2025,81.92,79.09222072,137.06169602,2.82777928,19.5,-1.008691,-1.008691,0.0,SL,860,71.58,1.1316,True,False,17373.98,1.6151,280.61,-283.05,16379.28
S2,AVAXUSDT,-1,2025-04-03T15:00:00+00:00,2025-04-04T05:35:00+00:00,2025,17.75,18.31802492,16.04592523,0.56802492,3.0,-1.009375,-1.009375,0.0,SL,176,14.58,0.0176,True,False,17373.98,1.378,239.41,-241.66,17040.9
S4,PAXGUSDT,1,2025-04-03T19:00:00+00:00,2025-04-04T14:00:00+00:00,2025,3124.63,3085.23001637,3892.92968083,39.39998363,19.5,-1.023792,-1.023792,0.0,SL,229,19.0,0.5675,True,False,17373.98,1.6151,280.61,-287.28,16662.32
S2,PAXGUSDT,-1,2025-04-04T13:00:00+00:00,2025-04-06T23:20:00+00:00,2025,3089.28,3115.56941685,3010.41174945,26.28941685,3.0,2.964747,2.964747,0.0,TP,701,58.33,3.396,True,False,16949.61,1.378,233.57,692.46,17890.56
S4,PAXGUSDT,1,2025-04-07T05:00:00+00:00,2025-04-07T13:40:00+00:00,2025,3057.07,3022.53985197,3730.40788659,34.53014803,19.5,-1.02656,-1.02656,0.0,SL,105,8.67,0.2131,True,False,17890.56,1.6151,288.95,-296.62,17406.27
S5,AVAXUSDT,-1,2025-04-07T07:00:00+00:00,2025-04-07T09:45:00+00:00,2025,14.82,15.62186812,10.81065941,0.80186812,5.0,-1.005545,-1.005545,0.0,SL,34,2.75,0.1871,True,False,17890.56,0.5216,93.32,-93.83,17796.72
S5,LTCUSDT,-1,2025-04-07T07:00:00+00:00,2025-04-07T10:20:00+00:00,2025,63.77,67.30168945,46.11155276,3.53168945,5.0,-1.005417,-1.005417,0.0,SL,41,3.33,0.0651,True,False,17890.56,0.5216,93.32,-93.82,17702.9
S1,AVAXUSDT,1,2025-04-09T18:00:00+00:00,2025-04-10T03:15:00+00:00,2025,18.83,17.90673935,29.90912784,0.92326065,12.0,-1.006119,-1.006119,0.0,SL,112,9.25,0.0866,True,False,17406.27,0.4981,86.7,-87.23,17319.04
S1,LTCUSDT,1,2025-04-09T18:00:00+00:00,2025-04-10T03:15:00+00:00,2025,77.24,74.12264419,114.64826969,3.11735581,12.0,-1.007433,-1.007433,0.0,SL,112,9.25,0.4202,True,False,17406.27,0.4981,86.7,-87.35,17231.7
S5,AVAXUSDT,-1,2025-04-09T19:00:00+00:00,2025-04-11T12:50:00+00:00,2025,18.22,19.17731346,13.43343268,0.95731346,5.0,-1.00571,-1.00571,0.0,SL,503,41.83,0.6999,True,False,17406.27,0.5216,90.79,-91.31,17140.39
S2,LTCUSDT,-1,2025-04-13T14:00:00+00:00,2025-04-13T17:20:00+00:00,2025,77.83,79.14733876,73.87798373,1.31733876,3.0,-1.017724,-1.017724,0.0,SL,41,3.33,0.2201,True,False,17140.39,1.378,236.19,-240.38,16900.01
S2,PAXGUSDT,-1,2025-04-14T13:00:00+00:00,2025-04-15T04:50:00+00:00,2025,3224.95,3246.22863258,3161.11410225,21.27863258,3.0,-1.045467,-1.045467,0.0,SL,191,15.83,0.6941,True,False,16900.01,1.378,232.88,-243.47,16185.15
S2,AVAXUSDT,-1,2025-04-14T16:00:00+00:00,2025-04-14T17:55:00+00:00,2025,19.83,20.37346617,18.19960149,0.54346617,3.0,-1.010946,-1.010946,0.0,SL,24,1.92,0.2024,True,False,16900.01,1.378,232.88,-235.43,16664.58
S2,LTCUSDT,-1,2025-04-14T16:00:00+00:00,2025-04-15T02:00:00+00:00,2025,76.43,78.17005192,71.20984423,1.74005192,3.0,-1.013177,-1.013177,0.0,SL,121,10.0,0.4425,True,False,16900.01,1.378,232.88,-235.95,16428.63
S4,LTCUSDT,1,2025-04-14T18:00:00+00:00,2025-04-15T18:05:00+00:00,2025,77.15,74.86340969,121.73851101,2.28659031,19.5,-1.010122,-1.010122,0.0,SL,290,24.08,0.6866,True,False,16664.58,1.6151,269.15,-271.87,15913.28
S2,AVAXUSDT,-1,2025-04-16T18:00:00+00:00,2025-04-16T19:50:00+00:00,2025,18.55,18.98584068,17.24247797,0.43584068,3.0,-1.012768,-1.012768,0.0,SL,23,1.83,0.0918,True,False,15913.28,1.378,219.29,-222.08,15469.0
S2,LTCUSDT,-1,2025-04-16T18:00:00+00:00,2025-04-16T18:25:00+00:00,2025,73.47,75.13040937,68.4887719,1.66040937,3.0,-1.013274,-1.013274,0.0,SL,6,0.42,0.0181,True,False,15913.28,1.378,219.29,-222.2,15691.09
S2,PAXGUSDT,-1,2025-04-17T02:00:00+00:00,2025-04-21T00:00:00+00:00,2025,3347.98,3369.58654264,3283.16037209,21.60654264,3.0,-1.046486,-1.046486,0.0,SL,1129,94.0,1.8966,True,False,15469.0,1.378,213.16,-223.07,15027.95
S4,LTCUSDT,1,2025-04-17T05:00:00+00:00,2025-06-22T20:10:00+00:00,2025,74.71,72.69981986,113.90851272,2.01018014,19.5,0.98885,19.48885,-18.5,BE,19191,1599.17,16.0881,True,False,15469.0,1.6151,249.84,247.05,8625.89
S2,AVAXUSDT,-1,2025-04-20T11:00:00+00:00,2025-04-20T20:05:00+00:00,2025,19.37,19.62727168,18.59818495,0.25727168,3.0,-1.022587,-1.022587,0.0,SL,110,9.08,0.5442,True,False,15469.0,1.378,213.16,-217.98,15251.02
S1,PAXGUSDT,1,2025-04-21T02:00:00+00:00,2025-04-22T21:25:00+00:00,2025,3396.36,3382.53822512,3562.22129862,13.82177488,12.0,-1.073718,-1.073718,0.0,SL,522,43.42,9.1269,True,False,15027.95,0.4981,74.85,-80.37,14138.79
S5,PAXGUSDT,-1,2025-04-21T05:00:00+00:00,2025-04-21T05:55:00+00:00,2025,3393.23,3408.86391378,3315.06043108,15.63391378,5.0,-1.065113,-1.065113,0.0,SL,12,0.92,0.0,True,False,15027.95,0.5216,78.39,-83.49,14944.46
S1,PAXGUSDT,1,2025-04-21T06:00:00+00:00,2025-04-22T19:30:00+00:00,2025,3407.6,3390.64850863,3611.01789644,16.95149137,12.0,-1.060306,-1.060306,0.0,SL,451,37.5,6.7788,True,False,14944.46,0.4981,74.44,-78.93,14219.16
S1,PAXGUSDT,1,2025-04-21T07:00:00+00:00,2025-04-22T16:35:00+00:00,2025,3416.84,3399.4464723,3625.56233241,17.3935277,12.0,-1.058933,-1.058933,0.0,SL,404,33.58,6.0752,True,False,14944.46,0.4981,74.44,-78.83,14298.09
S1,AVAXUSDT,1,2025-04-21T08:00:00+00:00,2025-04-21T16:55:00+00:00,2025,20.62,20.16792635,26.04488384,0.45207365,12.0,-1.013684,-1.013684,0.0,SL,108,8.92,0.73,True,False,14944.46,0.4981,74.44,-75.46,14793.26
S1,LTCUSDT,1,2025-04-21T08:00:00+00:00,2025-04-21T16:50:00+00:00,2025,80.36,78.98673478,96.83918266,1.37326522,12.0,-1.017555,-1.017555,0.0,SL,107,8.83,1.085,True,False,14944.46,0.4981,74.44,-75.75,14868.72
S2,LTCUSDT,-1,2025-04-21T17:00:00+00:00,2025-04-22T07:35:00+00:00,2025,78.4,79.65127568,74.64617296,1.25127568,3.0,-1.018797,-1.018797,0.0,SL,176,14.58,0.8152,True,False,14793.26,1.378,203.85,-207.68,14585.58
S2,PAXGUSDT,-1,2025-04-22T09:00:00+00:00,2025-04-22T10:05:00+00:00,2025,3458.77,3485.95311938,3377.22064187,27.18311938,3.0,-1.038172,-1.038172,0.0,SL,14,1.08,0.0434,True,False,14585.58,1.378,200.99,-208.66,14376.91
S3,PAXGUSDT,-1,2025-04-22T09:00:00+00:00,2025-04-23T13:40:00+00:00,2025,3458.77,3499.95831194,3304.73232354,36.24415917,4.25,4.221371,4.221371,0.0,TP,345,28.67,4.3806,True,False,14585.58,3.3981,495.63,2092.25,16155.71
S1,LTCUSDT,1,2025-04-22T14:00:00+00:00,2025-05-09T08:20:00+00:00,2025,81.2,79.66359701,99.63683589,1.53640299,12.0,11.984145,11.984145,0.0,TP,4829,402.33,12.1648,True,False,14376.91,0.4981,71.61,858.2,14540.88
S1,AVAXUSDT,1,2025-04-22T15:00:00+00:00,2025-04-30T13:40:00+00:00,2025,21.35,20.71298736,28.9941517,0.63701264,12.0,-1.010055,-1.010055,0.0,SL,2289,190.67,2.7158,True,False,14376.91,0.4981,71.61,-72.33,15563.86
S1,LTCUSDT,1,2025-04-22T15:00:00+00:00,2025-05-09T08:25:00+00:00,2025,81.84,80.28048294,100.55420475,1.55951706,12.0,11.984257,11.984257,0.0,TP,4818,401.42,12.3628,True,False,14376.91,0.4981,71.61,858.21,15399.09
S1,LTCUSDT,1,2025-04-22T22:00:00+00:00,2025-04-23T15:15:00+00:00,2025,84.46,82.78140988,104.60308141,1.67859012,12.0,-1.015095,-1.015095,0.0,SL,208,17.25,0.4528,True,False,14138.79,0.4981,70.43,-71.49,16084.22
S5,PAXGUSDT,-1,2025-04-22T23:00:00+00:00,2025-04-23T00:50:00+00:00,2025,3337.96,3384.6517006,3104.50149699,46.6917006,5.0,-1.021447,-1.021447,0.0,SL,23,1.83,0.0488,True,False,14138.79,0.5216,73.75,-75.33,14063.46
S2,AVAXUSDT,-1,2025-04-23T14:00:00+00:00,2025-04-25T14:45:00+00:00,2025,22.25,22.78739886,20.63780341,0.53739886,3.0,-1.012421,-1.012421,0.0,SL,586,48.75,1.1909,True,False,16155.71,1.378,222.63,-225.39,15858.83
S2,LTCUSDT,-1,2025-04-28T14:00:00+00:00,2025-04-29T00:55:00+00:00,2025,85.4,86.76502971,81.30491088,1.36502971,3.0,-1.018769,-1.018769,0.0,SL,132,10.92,1.1428,True,False,15858.83,1.378,218.53,-222.64,15636.19
S5,AVAXUSDT,-1,2025-04-30T14:00:00+00:00,2025-04-30T18:05:00+00:00,2025,20.52,21.08354866,17.70225668,0.56354866,5.0,-1.010924,-1.010924,0.0,SL,50,4.08,0.2839,True,False,15563.86,0.5216,81.18,-82.07,15481.79
S5,LTCUSDT,-1,2025-04-30T14:00:00+00:00,2025-04-30T18:10:00+00:00,2025,81.63,83.59875759,71.78621205,1.96875759,5.0,-1.012439,-1.012439,0.0,SL,51,4.17,0.1016,True,False,15563.86,0.5216,81.18,-82.19,15399.6
S5,PAXGUSDT,-1,2025-05-01T01:00:00+00:00,2025-05-05T02:45:00+00:00,2025,3257.4,3286.82130994,3110.29345032,29.42130994,5.0,-1.033215,-1.033215,0.0,SL,1174,97.75,1.4017,True,False,15399.6,0.5216,80.32,-82.99,15316.61
S4,LTCUSDT,1,2025-05-05T01:00:00+00:00,2025-05-05T19:55:00+00:00,2025,85.83,84.37592686,114.18442615,1.45407314,19.5,-1.017708,-1.017708,0.0,SL,228,18.92,2.5308,True,False,15399.6,1.6151,248.72,-253.12,14264.62
S2,PAXGUSDT,-1,2025-05-05T04:00:00+00:00,2025-05-05T08:25:00+00:00,2025,3270.95,3282.6535611,3235.83931671,11.7035611,3.0,-1.083845,-1.083845,0.0,SL,54,4.42,0.0555,True,False,15316.61,1.378,211.06,-228.76,15087.85
S1,PAXGUSDT,1,2025-05-05T09:00:00+00:00,2025-05-11T22:45:00+00:00,2025,3296.8,3279.25809911,3507.30281073,17.54190089,12.0,-1.056382,-1.056382,0.0,SL,1894,157.75,8.7334,True,False,15087.85,0.4981,75.15,-79.39,15028.72
S1,PAXGUSDT,1,2025-05-05T10:00:00+00:00,2025-05-09T01:35:00+00:00,2025,3317.29,3298.0725206,3547.89975282,19.2174794,12.0,-1.051786,-1.051786,0.0,SL,1052,87.58,6.9057,True,False,15087.85,0.4981,75.15,-79.04,13682.68
S2,AVAXUSDT,-1,2025-05-05T12:00:00+00:00,2025-05-05T18:35:00+00:00,2025,19.47,19.8013779,18.47586629,0.3313779,3.0,-1.017626,-1.017626,0.0,SL,80,6.58,0.513,True,False,15087.85,1.378,207.91,-211.58,14517.74
S3,AVAXUSDT,-1,2025-05-05T12:00:00+00:00,2025-05-05T18:30:00+00:00,2025,19.47,19.77313779,17.59219189,0.4418372,4.25,-0.699305,-0.699305,0.0,SL,79,6.5,0.3848,True,False,15087.85,3.3981,512.7,-358.53,14729.32
S1,PAXGUSDT,1,2025-05-05T13:00:00+00:00,2025-05-08T16:20:00+00:00,2025,3334.81,3314.93435778,3573.31770661,19.87564222,12.0,-1.050335,-1.050335,0.0,SL,905,75.33,5.7955,True,False,15087.85,0.4981,75.15,-78.94,13761.72
S2,LTCUSDT,-1,2025-05-05T20:00:00+00:00,2025-05-06T22:50:00+00:00,2025,84.47,86.26708144,79.07875567,1.79708144,3.0,-1.014101,-1.014101,0.0,SL,323,26.83,1.9365,False,True,,,,,
S2,LTCUSDT,-1,2025-05-05T21:00:00+00:00,2025-05-06T19:15:00+00:00,2025,82.52,84.43407563,76.77777312,1.91407563,3.0,-1.012934,-1.012934,0.0,SL,268,22.25,0.7993,False,True,,,,,
S3,LTCUSDT,-1,2025-05-05T21:00:00+00:00,2025-05-06T21:00:00+00:00,2025,82.52,84.66140756,71.67357146,2.55210083,4.25,-0.848777,-0.848777,0.0,SL,289,24.0,0.5995,False,True,,,,,
S1,PAXGUSDT,1,2025-05-06T02:00:00+00:00,2025-05-06T05:45:00+00:00,2025,3389.01,3362.39857544,3708.3470947,26.61142456,12.0,-1.038206,-1.038206,0.0,SL,46,3.75,0.2954,True,False,14264.62,0.4981,71.05,-73.77,14190.85
S5,PAXGUSDT,-1,2025-05-06T03:00:00+00:00,2025-05-06T12:35:00+00:00,2025,3367.97,3396.9463228,3223.08838598,28.9763228,5.0,-1.03487,-1.03487,0.0,SL,116,9.58,0.2167,True,False,14264.62,0.5216,74.4,-77.0,14113.85
S1,LTCUSDT,1,2025-05-06T23:00:00+00:00,2025-05-31T00:15:00+00:00,2025,86.92,84.71189768,113.41722785,2.20810232,12.0,-1.011809,-1.011809,0.0,SL,6928,577.25,9.1164,True,False,14113.85,0.4981,70.3,-71.13,9439.25
S2,PAXGUSDT,-1,2025-05-06T23:00:00+00:00,2025-05-08T02:00:00+00:00,2025,3390.5,3416.24220193,3313.27339421,25.74220193,3.0,-1.039513,-1.039513,0.0,SL,325,27.0,1.0531,True,False,14113.85,1.378,194.49,-202.17,13840.66
S1,LTCUSDT,1,2025-05-07T08:00:00+00:00,2025-05-07T14:30:00+00:00,2025,92.51,89.80360192,124.98677697,2.70639808,12.0,-1.010255,-1.010255,0.0,SL,79,6.5,0.2919,True,False,14113.85,0.4981,70.3,-71.02,14042.83
S1,AVAXUSDT,1,2025-05-08T21:00:00+00:00,2025-05-19T06:50:00+00:00,2025,21.93,21.35245623,28.86052525,0.57754377,12.0,-1.011391,-1.011391,0.0,SL,2999,249.83,8.5015,True,False,13761.72,0.4981,68.55,-69.33,12105.24
S2,LTCUSDT,-1,2025-05-10T12:00:00+00:00,2025-05-10T16:35:00+00:00,2025,100.71,103.32915134,92.85254597,2.61915134,3.0,-1.011535,-1.011535,0.0,SL,56,4.58,0.0,True,False,15399.09,1.378,212.2,-214.65,15184.44
S1,AVAXUSDT,1,2025-05-10T22:00:00+00:00,2025-05-11T07:05:00+00:00,2025,25.52,24.69475006,35.42299932,0.82524994,12.0,-1.009277,-1.009277,0.0,SL,110,9.08,0.6059,True,False,15184.44,0.4981,75.63,-76.34,15108.11
S5,PAXGUSDT,-1,2025-05-12T08:00:00+00:00,2025-05-12T13:05:00+00:00,2025,3229.98,3257.17376625,3094.01116875,27.19376625,5.0,-1.035633,-1.035633,0.0,SL,62,5.08,0.4078,True,False,15028.72,0.5216,78.39,-81.18,14866.4
S5,PAXGUSDT,-1,2025-05-12T10:00:00+00:00,2025-05-12T13:00:00+00:00,2025,3225.56,3253.24707396,3087.1246302,27.68707396,5.0,-1.03495,-1.03495,0.0,SL,37,3.0,0.2409,True,False,15028.72,0.5216,78.39,-81.13,14947.59
S2,AVAXUSDT,-1,2025-05-12T12:00:00+00:00,2025-05-13T19:25:00+00:00,2025,24.98,25.71353697,22.77938909,0.73353697,3.0,-1.010216,-1.010216,0.0,SL,378,31.42,2.0858,True,False,15028.72,1.378,207.1,-209.21,14450.36
S2,AVAXUSDT,-1,2025-05-12T15:00:00+00:00,2025-05-13T19:20:00+00:00,2025,24.91,25.68466863,22.58599411,0.77466863,3.0,-1.009647,-1.009647,0.0,SL,341,28.33,1.8847,True,False,14866.4,1.378,204.86,-206.84,14659.57
S2,LTCUSDT,-1,2025-05-13T01:00:00+00:00,2025-05-14T07:50:00+00:00,2025,102.11,105.12191525,93.07425426,3.01191525,3.0,-1.010171,-1.010171,0.0,SL,371,30.83,0.8931,True,False,14866.4,1.378,204.86,-206.94,14243.41
S1,PAXGUSDT,1,2025-05-15T07:00:00+00:00,2025-09-01T06:35:00+00:00,2025,3168.95,3141.39959706,3499.55483528,27.55040294,12.0,11.965493,11.965493,0.0,TP,31388,2615.58,12.0528,True,False,14243.41,0.4981,70.95,848.91,8080.64
S4,PAXGUSDT,1,2025-05-15T16:00:00+00:00,2025-05-16T10:45:00+00:00,2025,3231.54,3202.8241278,3791.49950782,28.7158722,19.5,-1.03376,-1.03376,0.0,SL,226,18.75,0.996,True,False,14243.41,1.6151,230.05,-237.81,14005.6
S2,PAXGUSDT,-1,2025-05-16T11:00:00+00:00,2025-05-16T17:55:00+00:00,2025,3185.45,3209.28645387,3113.94063838,23.83645387,3.0,-1.040091,-1.040091,0.0,SL,84,6.92,0.8579,True,False,14005.6,1.378,193.0,-200.73,13804.87
S2,AVAXUSDT,-1,2025-05-18T18:00:00+00:00,2025-05-19T06:50:00+00:00,2025,22.95,23.47792638,21.36622086,0.52792638,3.0,2.986958,2.986958,0.0,TP,155,12.83,3.0307,True,False,13804.87,1.378,190.23,568.21,12673.45
S2,AVAXUSDT,-1,2025-05-18T19:00:00+00:00,2025-05-18T23:50:00+00:00,2025,22.47,23.02450307,20.8064908,0.55450307,3.0,-1.012157,-1.012157,0.0,SL,59,4.83,1.6411,True,False,13804.87,1.378,190.23,-192.54,12354.15
S2,AVAXUSDT,-1,2025-05-18T20:00:00+00:00,2025-05-18T22:55:00+00:00,2025,22.03,22.60703856,20.29888431,0.57703856,3.0,-1.011453,-1.011453,0.0,SL,36,2.92,0.8145,True,False,13804.87,1.378,190.23,-192.41,13419.32
S2,LTCUSDT,-1,2025-05-18T20:00:00+00:00,2025-05-18T21:20:00+00:00,2025,97.02,98.92639565,91.30081305,1.90639565,3.0,-1.015268,-1.015268,0.0,SL,17,1.33,0.64,True,False,13804.87,1.378,190.23,-193.14,13611.73
S3,AVAXUSDT,-1,2025-05-18T20:00:00+00:00,2025-05-18T22:55:00+00:00,2025,22.03,22.66770386,18.76011481,0.76938475,4.25,-0.837439,-0.837439,0.0,SL,36,2.92,0.6109,True,False,13804.87,3.3981,469.1,-392.85,13026.48
S3,LTCUSDT,-1,2025-05-18T20:00:00+00:00,2025-05-18T23:25:00+00:00,2025,97.02,99.59063957,86.21709131,2.54186087,4.25,-1.022773,-1.022773,0.0,SL,42,3.42,0.48,True,False,13804.87,3.3981,469.1,-479.79,12546.69
S2,AVAXUSDT,-1,2025-05-19T01:00:00+00:00,2025-05-21T15:00:00+00:00,2025,22.48,23.17711424,20.38865728,0.69711424,3.0,-1.009674,-1.009674,0.0,SL,745,62.0,1.7501,True,False,12354.15,1.378,170.24,-171.89,11612.9
S2,LTCUSDT,-1,2025-05-19T01:00:00+00:00,2025-05-23T01:30:00+00:00,2025,98.77,101.14156964,91.65529108,2.37156964,3.0,-1.012494,-1.012494,0.0,SL,1159,96.5,2.7324,True,False,12354.15,1.378,170.24,-172.37,11278.75
S2,PAXGUSDT,-1,2025-05-19T02:00:00+00:00,2025-05-19T08:10:00+00:00,2025,3232.01,3249.41986602,3179.78040194,17.40986602,3.0,-1.055693,-1.055693,0.0,SL,75,6.17,0.5451,True,False,12354.15,1.378,170.24,-179.72,12493.73
S2,PAXGUSDT,-1,2025-05-19T04:00:00+00:00,2025-05-19T05:55:00+00:00,2025,3225.36,3243.00024162,3172.43927514,17.64024162,3.0,-1.054852,-1.054852,0.0,SL,24,1.92,0.161,True,False,12354.15,1.378,170.24,-179.58,12174.57
S2,LTCUSDT,-1,2025-05-19T05:00:00+00:00,2025-05-19T15:45:00+00:00,2025,95.27,97.70745928,87.95762217,2.43745928,3.0,-1.011726,-1.011726,0.0,SL,130,10.75,0.4021,True,False,12354.15,1.378,170.24,-172.24,12321.5
S3,LTCUSDT,-1,2025-05-19T05:00:00+00:00,2025-05-19T16:20:00+00:00,2025,95.27,98.10374593,81.45773077,3.2499457,4.25,-0.880731,-0.880731,0.0,SL,137,11.33,0.3015,True,False,12354.15,3.3981,419.81,-369.74,11951.76
S2,LTCUSDT,-1,2025-05-20T08:00:00+00:00,2025-05-21T06:30:00+00:00,2025,93.94,95.97521136,87.83436591,2.03521136,3.0,-1.013847,-1.013847,0.0,SL,271,22.5,0.8107,True,False,11951.76,1.378,164.7,-166.98,11784.78
S1,PAXGUSDT,1,2025-05-20T15:00:00+00:00,2025-05-28T23:35:00+00:00,2025,3295.71,3270.74638625,3595.27336505,24.96361375,12.0,-1.039606,-1.039606,0.0,SL,2408,200.58,3.2315,True,False,11951.76,0.4981,59.53,-61.89,10232.8
S2,AVAXUSDT,-1,2025-05-21T18:00:00+00:00,2025-05-21T23:20:00+00:00,2025,22.58,23.19811584,20.72565248,0.61811584,3.0,-1.010959,-1.010959,0.0,SL,65,5.33,0.2427,True,False,11612.9,1.378,160.03,-161.78,11451.12
S2,LTCUSDT,-1,2025-05-23T07:00:00+00:00,2025-05-23T09:35:00+00:00,2025,99.95,101.74950087,94.5514974,1.79950087,3.0,-1.016663,-1.016663,0.0,SL,32,2.58,0.0111,True,False,11278.75,1.378,155.42,-158.01,11120.74
S2,AVAXUSDT,-1,2025-05-23T12:00:00+00:00,2025-05-25T08:00:00+00:00,2025,24.46,25.16978535,22.33064396,0.70978535,3.0,2.989662,2.989662,0.0,TP,529,44.0,3.0009,True,False,11120.74,1.378,153.24,458.15,11423.52
S2,LTCUSDT,-1,2025-05-23T12:00:00+00:00,2025-05-23T13:55:00+00:00,2025,97.45,99.56348626,91.10954121,2.11348626,3.0,-1.013833,-1.013833,0.0,SL,24,1.92,1.1261,True,False,11120.74,1.378,153.24,-155.36,10965.38
S2,AVAXUSDT,-1,2025-05-26T14:00:00+00:00,2025-05-27T06:10:00+00:00,2025,23.35,23.817169,21.948493,0.467169,3.0,-1.014995,-1.014995,0.0,SL,195,16.17,1.7981,True,False,11423.52,1.378,157.42,-159.78,11104.11
S2,AVAXUSDT,-1,2025-05-26T17:00:00+00:00,2025-05-27T04:50:00+00:00,2025,23.14,23.63235251,21.66294246,0.49235251,3.0,-1.0141,-1.0141,0.0,SL,143,11.83,1.2796,True,False,11423.52,1.378,157.42,-159.64,11263.89
S2,LTCUSDT,-1,2025-05-26T18:00:00+00:00,2025-05-27T08:05:00+00:00,2025,94.64,95.92118288,90.79645136,1.28118288,3.0,-1.022161,-1.022161,0.0,SL,170,14.08,1.2567,True,False,11423.52,1.378,157.42,-160.9,10943.21
S3,LTCUSDT,-1,2025-05-26T18:00:00+00:00,2025-05-27T08:40:00+00:00,2025,94.64,96.09811829,87.37996368,1.70824384,4.25,-0.870198,-0.870198,0.0,SL,177,14.67,0.9425,True,False,11423.52,3.3981,388.18,-337.8,10605.41
S2,PAXGUSDT,-1,2025-05-27T08:00:00+00:00,2025-05-28T00:35:00+00:00,2025,3311.21,3325.05291279,3269.68126163,13.84291279,3.0,-1.07176,-1.07176,0.0,SL,200,16.58,0.8098,True,False,11104.11,1.378,153.01,-163.99,10441.41
S5,PAXGUSDT,-1,2025-05-27T12:00:00+00:00,2025-05-27T19:40:00+00:00,2025,3301.03,3320.04431425,3205.95842874,19.01431425,5.0,-1.052082,-1.052082,0.0,SL,93,7.67,0.0542,False,True,,,,,
S2,LTCUSDT,-1,2025-05-28T14:00:00+00:00,2025-05-29T02:55:00+00:00,2025,95.92,97.17427305,92.15718084,1.25427305,3.0,-1.022942,-1.022942,0.0,SL,156,12.92,1.9294,True,False,10441.41,1.378,143.88,-147.18,9681.74
S2,LTCUSDT,-1,2025-05-28T15:00:00+00:00,2025-05-29T00:55:00+00:00,2025,94.94,96.22146783,91.0955965,1.28146783,3.0,-1.022226,-1.022226,0.0,SL,120,9.92,1.1237,True,False,10441.41,1.378,143.88,-147.08,9828.92
S3,LTCUSDT,-1,2025-05-28T15:00:00+00:00,2025-05-29T00:50:00+00:00,2025,94.94,96.14814678,87.67834894,1.70862378,4.25,-0.723757,-0.723757,0.0,SL,119,9.83,0.8428,True,False,10441.41,3.3981,354.81,-256.8,9976.0
S4,LTCUSDT,1,2025-05-28T17:00:00+00:00,2025-05-29T23:20:00+00:00,2025,95.25,93.47644174,129.83438604,1.77355826,19.5,-1.016112,-1.016112,0.0,SL,365,30.33,2.0862,True,False,10441.41,1.6151,168.64,-171.36,9510.38
S2,LTCUSDT,-1,2025-05-28T20:00:00+00:00,2025-05-28T21:20:00+00:00,2025,93.54,94.95946998,89.28159006,1.41946998,3.0,-1.019769,-1.019769,0.0,SL,17,1.33,0.0141,True,False,10441.41,1.378,143.88,-146.73,10294.69
S4,LTCUSDT,1,2025-05-29T15:00:00+00:00,2025-05-29T19:05:00+00:00,2025,96.31,94.13930951,138.63846465,2.17069049,19.5,-1.013311,-1.013311,0.0,SL,50,4.08,0.1566,False,True,,,,,
S5,PAXGUSDT,-1,2025-05-30T14:00:00+00:00,2025-06-01T22:05:00+00:00,2025,3290.08,3314.98950801,3165.53245995,24.90950801,5.0,-1.039624,-1.039624,0.0,SL,674,56.08,0.2011,True,False,9510.38,0.5216,49.61,-51.57,9387.68
S1,PAXGUSDT,1,2025-06-02T06:00:00+00:00,2025-06-09T00:45:00+00:00,2025,3335.24,3321.14495565,3504.38053222,14.09504435,12.0,-1.070988,-1.070988,0.0,SL,1954,162.75,5.7112,True,False,9387.68,0.4981,46.76,-50.08,10013.82
S1,PAXGUSDT,1,2025-06-02T07:00:00+00:00,2025-06-06T14:20:00+00:00,2025,3355.66,3339.60603024,3548.30763706,16.05396976,12.0,-1.062707,-1.062707,0.0,SL,1241,103.33,3.7424,True,False,9387.68,0.4981,46.76,-49.69,9825.01
S1,AVAXUSDT,1,2025-06-03T02:00:00+00:00,2025-06-03T04:30:00+00:00,2025,21.66,21.16070118,27.65158588,0.49929882,12.0,-1.013014,-1.013014,0.0,SL,31,2.5,0.0801,True,False,9387.68,0.4981,46.76,-47.37,9340.31
S5,PAXGUSDT,-1,2025-06-03T14:00:00+00:00,2025-06-04T01:25:00+00:00,2025,3354.69,3374.37372426,3256.27137868,19.68372426,5.0,-1.051129,-1.051129,0.0,SL,138,11.42,0.5532,True,False,9340.31,0.5216,48.72,-51.21,9289.1
S4,AVAXUSDT,1,2025-06-04T01:00:00+00:00,2025-06-04T13:30:00+00:00,2025,21.29,20.79497423,30.94300252,0.49502577,19.5,-1.012902,-1.012902,0.0,SL,151,12.5,0.707,True,False,9340.31,1.6151,150.86,-152.8,9136.3
S2,PAXGUSDT,-1,2025-06-04T16:00:00+00:00,2025-06-05T09:20:00+00:00,2025,3381.18,3397.55686341,3332.04940978,16.37686341,3.0,-1.061938,-1.061938,0.0,SL,209,17.33,0.5569,True,False,9136.3,1.378,125.9,-133.7,9002.6
S2,AVAXUSDT,-1,2025-06-05T14:00:00+00:00,2025-06-05T20:20:00+00:00,2025,20.02,20.40390983,18.86827052,0.38390983,3.0,2.984356,2.984356,0.0,TP,77,6.33,3.0736,True,False,9002.6,1.378,124.06,370.23,9372.83
S2,LTCUSDT,-1,2025-06-05T14:00:00+00:00,2025-06-05T20:20:00+00:00,2025,87.62,88.77558634,84.15324098,1.15558634,3.0,2.977253,2.977253,0.0,TP,77,6.33,3.4961,True,False,9002.6,1.378,124.06,369.35,9742.17
S2,PAXGUSDT,-1,2025-06-05T15:00:00+00:00,2025-06-06T19:55:00+00:00,2025,3382.85,3399.78781777,3332.0365467,16.93781777,3.0,2.940083,2.940083,0.0,TP,348,28.92,3.0258,True,False,9002.6,1.378,124.06,364.73,10189.75
S2,PAXGUSDT,-1,2025-06-05T16:00:00+00:00,2025-06-05T22:25:00+00:00,2025,3362.4,3381.36047364,3305.51857908,18.96047364,3.0,-1.053201,-1.053201,0.0,SL,78,6.42,0.337,True,False,9002.6,1.378,124.06,-130.66,9981.19
S2,AVAXUSDT,-1,2025-06-05T17:00:00+00:00,2025-06-07T03:15:00+00:00,2025,19.62,20.02617525,18.40147425,0.40617525,3.0,-1.014491,-1.014491,0.0,SL,412,34.25,2.9298,True,False,9002.6,1.378,124.06,-125.85,10063.9
S2,LTCUSDT,-1,2025-06-05T17:00:00+00:00,2025-06-05T20:50:00+00:00,2025,86.4,87.68828287,82.5351514,1.28828287,3.0,2.97988,2.97988,0.0,TP,47,3.83,3.1748,True,False,9002.6,1.378,124.06,369.67,10111.85
S5,AVAXUSDT,-1,2025-06-05T21:00:00+00:00,2025-06-06T03:55:00+00:00,2025,18.49,19.15626445,15.15867775,0.66626445,5.0,-1.008326,-1.008326,0.0,SL,84,6.92,0.0901,True,False,10111.85,0.5216,52.74,-53.18,9928.01
S5,LTCUSDT,-1,2025-06-05T21:00:00+00:00,2025-06-06T04:40:00+00:00,2025,82.2,84.53328793,70.53356033,2.33328793,5.0,-1.010569,-1.010569,0.0,SL,93,7.67,0.1071,True,False,10111.85,0.5216,52.74,-53.3,9874.71
S1,LTCUSDT,1,2025-06-05T22:00:00+00:00,2025-06-20T17:35:00+00:00,2025,83.58,81.17051835,112.49377985,2.40948165,12.0,-1.010406,-1.010406,0.0,SL,4268,355.58,4.3951,True,False,10111.85,0.4981,50.37,-50.89,8465.84
S2,PAXGUSDT,-1,2025-06-06T17:00:00+00:00,2025-06-10T13:25:00+00:00,2025,3339.87,3357.61417864,3286.63746408,17.74417864,3.0,-1.056467,-1.056467,0.0,SL,1110,92.42,1.4574,True,False,9825.01,1.378,135.39,-143.03,9226.59
S2,AVAXUSDT,-1,2025-06-08T23:00:00+00:00,2025-06-09T21:10:00+00:00,2025,21.16,21.50056795,20.13829614,0.34056795,3.0,-1.018639,-1.018639,0.0,SL,267,22.17,2.7601,True,False,10063.9,1.378,138.68,-141.27,9369.62
S2,PAXGUSDT,-1,2025-06-09T02:00:00+00:00,2025-06-09T03:05:00+00:00,2025,3317.4,3326.71113718,3289.46658847,9.31113718,3.0,-1.106885,-1.106885,0.0,SL,14,1.08,0.3641,True,False,10013.82,1.378,137.99,-152.74,9861.08
S3,PAXGUSDT,-1,2025-06-09T02:00:00+00:00,2025-06-09T03:45:00+00:00,2025,3317.4,3329.18111372,3264.63688934,12.41484957,4.25,-1.029117,-1.029117,0.0,SL,22,1.75,0.2731,True,False,10013.82,3.3981,340.28,-350.19,9510.89
S2,PAXGUSDT,-1,2025-06-09T09:00:00+00:00,2025-06-09T16:20:00+00:00,2025,3340.23,3350.52083271,3309.35750188,10.29083271,3.0,-1.097375,-1.097375,0.0,SL,89,7.33,0.8716,False,True,,,,,
S2,LTCUSDT,-1,2025-06-09T14:00:00+00:00,2025-06-09T21:15:00+00:00,2025,88.45,89.47326482,85.38020553,1.02326482,3.0,-1.025932,-1.025932,0.0,SL,88,7.25,0.8404,False,True,,,,,
S2,LTCUSDT,-1,2025-06-09T15:00:00+00:00,2025-06-09T16:40:00+00:00,2025,87.8,88.87017448,84.58947656,1.07017448,3.0,-1.024613,-1.024613,0.0,SL,21,1.67,0.1962,False,True,,,,,
S3,LTCUSDT,-1,2025-06-09T15:00:00+00:00,2025-06-09T16:40:00+00:00,2025,87.8,88.89701745,81.73567795,1.4268993,4.25,-0.787272,-0.787272,0.0,SL,21,1.67,0.1472,False,True,,,,,
S1,AVAXUSDT,1,2025-06-09T23:00:00+00:00,2025-06-11T22:00:00+00:00,2025,21.96,21.41873534,28.45517589,0.54126466,12.0,-1.012171,-1.012171,0.0,SL,565,47.0,1.4965,False,True,,,,,
S1,AVAXUSDT,1,2025-06-10T12:00:00+00:00,2025-06-10T15:30:00+00:00,2025,22.22,21.66096191,28.92845706,0.55903809,12.0,-1.011924,-1.011924,0.0,SL,43,3.5,0.4651,True,False,9369.62,0.4981,46.67,-47.23,9179.36
S1,LTCUSDT,1,2025-06-10T12:00:00+00:00,2025-06-12T04:10:00+00:00,2025,91.62,90.01937735,110.82747183,1.60062265,12.0,-1.017172,-1.017172,0.0,SL,483,40.17,1.5931,True,False,9369.62,0.4981,46.67,-47.47,8607.41
S2,LTCUSDT,-1,2025-06-10T15:00:00+00:00,2025-06-10T19:20:00+00:00,2025,90.72,92.12809985,86.49570046,1.40809985,3.0,-1.019328,-1.019328,0.0,SL,53,4.33,0.4261,True,False,9226.59,1.378,127.14,-129.6,9049.76
S2,PAXGUSDT,-1,2025-06-10T15:00:00+00:00,2025-06-11T07:50:00+00:00,2025,3343.61,3357.212271,3302.80318701,13.602271,3.0,-1.073744,-1.073744,0.0,SL,203,16.83,0.9146,True,False,9226.59,1.378,127.14,-136.52,8913.25
S2,LTCUSDT,-1,2025-06-11T01:00:00+00:00,2025-06-11T16:00:00+00:00,2025,92.01,93.48219773,87.5934068,1.47219773,3.0,-1.01875,-1.01875,0.0,SL,181,15.0,0.7947,True,False,9049.76,1.378,124.71,-127.04,8786.2
S2,PAXGUSDT,-1,2025-06-11T14:00:00+00:00,2025-06-11T18:25:00+00:00,2025,3343.06,3357.56650516,3299.54048453,14.50650516,3.0,-1.069136,-1.069136,0.0,SL,54,4.42,0.5508,True,False,8913.25,1.378,122.82,-131.32,8654.89
S2,AVAXUSDT,-1,2025-06-11T18:00:00+00:00,2025-06-12T20:35:00+00:00,2025,21.91,22.3971824,20.44845279,0.4871824,3.0,2.986508,2.986508,0.0,TP,320,26.58,3.0789,True,False,8786.2,1.378,121.07,361.59,8843.53
S2,PAXGUSDT,-1,2025-06-12T08:00:00+00:00,2025-06-12T09:10:00+00:00,2025,3362.03,3379.46166329,3309.73501013,17.43166329,3.0,-1.057861,-1.057861,0.0,SL,15,1.17,0.0017,True,False,8607.41,1.378,118.61,-125.47,8481.94
S5,LTCUSDT,-1,2025-06-13T01:00:00+00:00,2025-06-13T20:40:00+00:00,2025,82.82,85.23982138,70.72089309,2.41982138,5.0,-1.010268,-1.010268,0.0,SL,237,19.67,0.6281,True,False,8843.53,0.5216,46.13,-46.6,8796.93
S1,LTCUSDT,1,2025-06-13T04:00:00+00:00,2025-06-21T19:35:00+00:00,2025,83.29,80.80329899,113.13041213,2.48670101,12.0,-1.010048,-1.010048,0.0,SL,2492,207.58,2.264,True,False,8843.53,0.4981,44.05,-44.49,8421.35
S4,AVAXUSDT,1,2025-06-17T01:00:00+00:00,2025-06-17T15:00:00+00:00,2025,19.29,18.7043608,30.70996432,0.5856392,19.5,-1.009882,-1.009882,0.0,SL,169,14.0,0.3415,True,False,8796.93,1.6151,142.08,-143.48,8653.44
S5,AVAXUSDT,-1,2025-06-17T17:00:00+00:00,2025-06-17T19:00:00+00:00,2025,18.16,18.66262951,15.64685246,0.50262951,5.0,-1.010839,-1.010839,0.0,SL,25,2.0,0.0597,True,False,8653.44,0.5216,45.14,-45.63,8607.82
S5,LTCUSDT,-1,2025-06-17T17:00:00+00:00,2025-06-17T19:00:00+00:00,2025,82.63,84.34570663,74.05146684,1.71570663,5.0,-1.014448,-1.014448,0.0,SL,25,2.0,0.0816,True,False,8653.44,0.5216,45.14,-45.79,8562.03
S5,LTCUSDT,-1,2025-06-17T23:00:00+00:00,2025-06-18T01:15:00+00:00,2025,83.73,85.49735056,74.8932472,1.76735056,5.0,-1.014213,-1.014213,0.0,SL,28,2.25,0.0057,True,False,8562.03,0.5216,44.66,-45.29,8516.74
S1,LTCUSDT,1,2025-06-21T23:00:00+00:00,2025-06-22T13:40:00+00:00,2025,80.23,78.46643377,101.39279481,1.76356623,12.0,-1.013648,-1.013648,0.0,SL,177,14.67,1.0263,True,False,8421.35,0.4981,41.95,-42.52,8378.83
S1,PAXGUSDT,1,2025-06-22T15:00:00+00:00,2025-06-22T22:00:00+00:00,2025,3447.14,3427.69443352,3680.4867978,19.44556648,12.0,-1.053181,-1.053181,0.0,SL,85,7.0,0.5328,True,False,8378.83,0.4981,41.73,-43.95,8581.93
S2,AVAXUSDT,-1,2025-06-22T16:00:00+00:00,2025-06-22T23:20:00+00:00,2025,16.03,16.47707746,14.68876763,0.44707746,3.0,-1.010757,-1.010757,0.0,SL,89,7.33,0.9394,True,False,8378.83,1.378,115.46,-116.7,8348.22
S2,LTCUSDT,-1,2025-06-22T16:00:00+00:00,2025-06-22T22:05:00+00:00,2025,77.66,79.39313081,72.46060758,1.73313081,3.0,-1.013443,-1.013443,0.0,SL,74,6.08,0.8597,True,False,8378.83,1.378,115.46,-117.01,8464.92
S2,PAXGUSDT,-1,2025-06-22T23:00:00+00:00,2025-06-24T06:10:00+00:00,2025,3412.54,3433.65494378,3349.19516865,21.11494378,3.0,2.951515,2.951515,0.0,TP,375,31.17,3.0111,True,False,8464.92,1.378,116.65,344.28,8576.13
S2,PAXGUSDT,-1,2025-06-23T00:00:00+00:00,2025-06-24T12:10:00+00:00,2025,3401.0,3422.18601923,3337.44194232,21.18601923,3.0,2.951841,2.951841,0.0,TP,435,36.17,3.1053,True,False,8348.22,1.378,115.04,339.58,8915.71
S3,PAXGUSDT,-1,2025-06-23T00:00:00+00:00,2025-06-27T13:00:00+00:00,2025,3401.0,3416.70860192,3280.94589105,28.24802564,4.25,4.213881,4.213881,0.0,TP,1309,109.0,4.3426,True,False,8348.22,3.3981,283.68,1195.4,10446.09
S2,AVAXUSDT,-1,2025-06-23T17:00:00+00:00,2025-06-23T17:25:00+00:00,2025,16.37,16.79388816,15.09833551,0.42388816,3.0,-1.011586,-1.011586,0.0,SL,6,0.42,0.1651,True,False,8348.22,1.378,115.04,-116.37,8231.85
S2,PAXGUSDT,-1,2025-06-23T23:00:00+00:00,2025-06-27T03:45:00+00:00,2025,3376.0,3397.60413838,3311.18758486,21.60413838,3.0,2.95312,2.95312,0.0,TP,922,76.75,3.0434,True,False,8231.85,1.378,113.43,334.99,9250.69
S4,LTCUSDT,1,2025-06-27T02:00:00+00:00,2025-06-27T13:50:00+00:00,2025,85.05,83.53205903,114.64984894,1.51794097,19.5,-1.016809,-1.016809,0.0,SL,143,11.83,0.3953,True,False,8915.71,1.6151,144.0,-146.42,10299.67
S5,PAXGUSDT,-1,2025-06-27T13:00:00+00:00,2025-06-30T06:20:00+00:00,2025,3284.95,3301.45495887,3202.42520563,16.50495887,5.0,-1.059708,-1.059708,0.0,SL,785,65.33,1.3184,True,False,10446.09,0.5216,54.49,-57.74,10046.25
S2,AVAXUSDT,-1,2025-06-27T19:00:00+00:00,2025-06-27T21:05:00+00:00,2025,17.17,17.48886302,16.21341095,0.31886302,3.0,-1.016154,-1.016154,0.0,SL,26,2.08,0.0,True,False,10299.67,1.378,141.93,-144.22,10155.45
S1,AVAXUSDT,1,2025-06-29T23:00:00+00:00,2025-06-30T01:30:00+00:00,2025,18.8,18.47421384,22.70943392,0.32578616,12.0,-1.017312,-1.017312,0.0,SL,31,2.5,0.2763,True,False,10155.45,0.4981,50.58,-51.46,10103.99
S2,AVAXUSDT,-1,2025-06-30T02:00:00+00:00,2025-07-01T04:25:00+00:00,2025,18.46,18.72354743,17.66935771,0.26354743,3.0,2.978987,2.978987,0.0,TP,318,26.42,3.1493,True,False,10103.99,1.378,139.23,414.77,10295.43
S2,AVAXUSDT,-1,2025-06-30T03:00:00+00:00,2025-07-01T04:45:00+00:00,2025,18.38,18.63757976,17.60726073,0.25757976,3.0,2.978593,2.978593,0.0,TP,310,25.75,3.1447,True,False,10103.99,1.378,139.23,414.72,10710.14
S4,LTCUSDT,1,2025-06-30T20:00:00+00:00,2025-07-01T00:25:00+00:00,2025,87.09,85.82059128,111.84347012,1.26940872,19.5,-1.020582,-1.020582,0.0,SL,54,4.42,0.0236,True,False,10046.25,1.6151,162.26,-165.6,9880.65
S4,LTCUSDT,1,2025-07-01T04:00:00+00:00,2025-07-01T10:35:00+00:00,2025,86.64,85.37405378,111.32595133,1.26594622,19.5,-1.020532,-1.020532,0.0,SL,80,6.58,0.0553,True,False,9880.65,1.6151,159.58,-162.86,10547.29
S4,LTCUSDT,1,2025-07-01T08:00:00+00:00,2025-07-01T10:35:00+00:00,2025,86.66,85.34166103,112.36761,1.31833897,19.5,-1.01972,-1.01972,0.0,SL,32,2.58,0.0,True,False,10710.14,1.6151,172.98,-176.39,10370.9
S1,PAXGUSDT,1,2025-07-01T11:00:00+00:00,2025-07-01T18:25:00+00:00,2025,3354.0,3340.60630676,3514.72431892,13.39369324,12.0,-1.075125,-1.075125,0.0,SL,90,7.42,0.6391,True,False,10370.9,0.4981,51.66,-55.54,10315.36
S2,LTCUSDT,-1,2025-07-01T15:00:00+00:00,2025-07-02T14:20:00+00:00,2025,84.5,85.56530564,81.30408307,1.06530564,3.0,-1.023796,-1.023796,0.0,SL,281,23.33,1.9807,True,False,10370.9,1.378,142.91,-146.31,10169.05
S1,AVAXUSDT,1,2025-07-02T16:00:00+00:00,2025-07-04T15:30:00+00:00,2025,18.02,17.69113739,21.96635138,0.32886261,12.0,-1.016438,-1.016438,0.0,SL,571,47.5,3.4969,True,False,10169.05,0.4981,50.65,-51.48,9724.24
S1,AVAXUSDT,1,2025-07-02T17:00:00+00:00,2025-07-04T07:25:00+00:00,2025,18.58,18.19177043,23.23875485,0.38822957,12.0,-1.014357,-1.014357,0.0,SL,462,38.42,1.5197,True,False,10169.05,0.4981,50.65,-51.38,9775.72
S1,LTCUSDT,1,2025-07-03T10:00:00+00:00,2025-07-03T12:35:00+00:00,2025,92.03,90.23483952,113.5719257,1.79516048,12.0,-1.01538,-1.01538,0.0,SL,32,2.58,0.1448,True,False,10169.05,0.4981,50.65,-51.43,10117.61
S2,AVAXUSDT,-1,2025-07-03T15:00:00+00:00,2025-07-04T16:00:00+00:00,2025,18.69,19.03163762,17.66508714,0.34163762,3.0,2.983588,2.983588,0.0,TP,301,25.0,3.1027,True,False,10117.61,1.378,139.42,415.97,10140.21
S2,PAXGUSDT,-1,2025-07-03T15:00:00+00:00,2025-07-04T04:20:00+00:00,2025,3328.33,3342.95638146,3284.45085561,14.62638146,3.0,-1.068267,-1.068267,0.0,SL,161,13.33,0.1032,True,False,10117.61,1.378,139.42,-148.94,9827.1
S2,AVAXUSDT,-1,2025-07-03T16:00:00+00:00,2025-07-04T01:20:00+00:00,2025,18.37,18.72687779,17.29936663,0.35687779,3.0,-1.015442,-1.015442,0.0,SL,113,9.33,0.056,True,False,10117.61,1.378,139.42,-141.57,9976.04
S5,PAXGUSDT,-1,2025-07-07T08:00:00+00:00,2025-07-07T13:50:00+00:00,2025,3309.8,3321.98806886,3248.85965572,12.18806886,5.0,-1.081468,-1.081468,0.0,SL,71,5.83,0.3709,True,False,10140.21,0.5216,52.89,-57.2,10083.01
S2,AVAXUSDT,-1,2025-07-07T15:00:00+00:00,2025-07-08T11:05:00+00:00,2025,18.0,18.25413296,17.23760111,0.25413296,3.0,-1.021249,-1.021249,0.0,SL,242,20.08,1.2198,True,False,10083.01,1.378,138.94,-141.9,9798.27
S2,LTCUSDT,-1,2025-07-07T17:00:00+00:00,2025-07-08T06:45:00+00:00,2025,85.56,86.4749067,82.81527991,0.9149067,3.0,-1.028055,-1.028055,0.0,SL,166,13.75,0.4372,True,False,10083.01,1.378,138.94,-142.84,9940.17
S1,AVAXUSDT,1,2025-07-09T20:00:00+00:00,2025-07-17T23:35:00+00:00,2025,19.11,18.70630188,23.95437748,0.40369812,12.0,11.985799,11.985799,0.0,TP,2348,195.58,12.7818,True,False,9798.27,0.4981,48.81,584.97,9464.84
S1,LTCUSDT,1,2025-07-09T20:00:00+00:00,2025-07-18T03:15:00+00:00,2025,90.37,89.10074338,105.6010794,1.26925662,12.0,11.97864,11.97864,0.0,TP,2392,199.25,12.5822,True,False,9798.27,0.4981,48.81,584.62,10049.46
S1,LTCUSDT,1,2025-07-10T22:00:00+00:00,2025-07-11T22:25:00+00:00,2025,94.67,93.08255598,113.71932827,1.58744402,12.0,-1.017891,-1.017891,0.0,SL,294,24.42,2.2993,True,False,9798.27,0.4981,48.81,-49.68,9748.6
S1,AVAXUSDT,1,2025-07-10T23:00:00+00:00,2025-07-12T15:35:00+00:00,2025,20.71,20.23832179,26.37013857,0.47167821,12.0,-1.013172,-1.013172,0.0,SL,488,40.58,1.7385,True,False,9798.27,0.4981,48.81,-49.45,9699.15
S2,AVAXUSDT,-1,2025-07-12T05:00:00+00:00,2025-07-13T02:00:00+00:00,2025,20.66,21.10257088,19.33228737,0.44257088,3.0,-1.014005,-1.014005,0.0,SL,253,21.0,1.0846,True,False,9748.6,1.378,134.34,-136.22,9562.93
S2,LTCUSDT,-1,2025-07-12T05:00:00+00:00,2025-07-13T06:25:00+00:00,2025,92.97,94.80765825,87.45702524,1.83765825,3.0,-1.015177,-1.015177,0.0,SL,306,25.42,1.2081,True,False,9748.6,1.378,134.34,-136.37,9426.56
S2,PAXGUSDT,-1,2025-07-14T02:00:00+00:00,2025-07-14T06:40:00+00:00,2025,3344.89,3354.04123802,3317.43628595,9.15123802,3.0,-1.109654,-1.109654,0.0,SL,57,4.67,0.1967,True,False,9426.56,1.378,129.9,-144.14,9282.41
S2,PAXGUSDT,-1,2025-07-14T15:00:00+00:00,2025-07-15T04:20:00+00:00,2025,3351.73,3363.24910765,3317.17267704,11.51910765,3.0,-1.087291,-1.087291,0.0,SL,161,13.33,0.5842,True,False,9282.41,1.378,127.91,-139.08,9143.34
S2,PAXGUSDT,-1,2025-07-15T16:00:00+00:00,2025-07-16T06:15:00+00:00,2025,3337.31,3349.91291544,3299.50125368,12.60291544,3.0,-1.079441,-1.079441,0.0,SL,172,14.25,0.6578,True,False,9143.34,1.378,126.0,-136.0,8879.87
S2,AVAXUSDT,-1,2025-07-15T19:00:00+00:00,2025-07-15T21:40:00+00:00,2025,21.37,21.92166579,19.71500263,0.55166579,3.0,-1.011621,-1.011621,0.0,SL,33,2.67,0.3807,True,False,9143.34,1.378,126.0,-127.46,9015.88
S1,AVAXUSDT,1,2025-07-18T01:00:00+00:00,2025-07-18T19:45:00+00:00,2025,24.38,23.4390017,35.67197955,0.9409983,12.0,-1.007773,-1.007773,0.0,SL,226,18.75,0.6908,True,False,9464.84,0.4981,47.14,-47.51,9951.46
S1,LTCUSDT,1,2025-07-18T04:00:00+00:00,2025-07-18T15:10:00+00:00,2025,107.79,104.10406694,152.02119671,3.68593306,12.0,-1.008773,-1.008773,0.0,SL,135,11.17,1.248,True,False,10049.46,0.4981,50.06,-50.5,9998.97
S2,PAXGUSDT,-1,2025-07-21T08:00:00+00:00,2025-07-21T11:25:00+00:00,2025,3368.4,3375.04320204,3348.47039387,6.64320204,3.0,-1.152113,-1.152113,0.0,SL,42,3.42,0.4817,True,False,9951.46,1.378,137.13,-157.99,9793.47
S1,PAXGUSDT,1,2025-07-21T12:00:00+00:00,2025-07-24T09:15:00+00:00,2025,3377.02,3367.94966495,3485.86402062,9.07033505,12.0,-1.111694,-1.111694,0.0,SL,832,69.25,6.4805,True,False,9793.47,0.4981,48.78,-54.23,9164.45
S1,PAXGUSDT,1,2025-07-21T13:00:00+00:00,2025-07-24T05:40:00+00:00,2025,3387.78,3377.50897459,3511.03230487,10.27102541,12.0,-1.098952,-1.098952,0.0,SL,777,64.67,4.6753,True,False,9793.47,0.4981,48.78,-53.61,9218.68
S1,PAXGUSDT,1,2025-07-21T15:00:00+00:00,2025-07-22T02:00:00+00:00,2025,3400.2,3388.13130973,3545.02428328,12.06869027,12.0,-1.084521,-1.084521,0.0,SL,133,11.0,0.232,True,False,9793.47,0.4981,48.78,-52.9,9740.56
S2,PAXGUSDT,-1,2025-07-22T02:00:00+00:00,2025-07-22T12:20:00+00:00,2025,3389.2,3397.71814707,3363.64555878,8.51814707,3.0,-1.119364,-1.119364,0.0,SL,125,10.33,0.398,True,False,9740.56,1.378,134.22,-150.25,9454.53
S2,AVAXUSDT,-1,2025-07-22T05:00:00+00:00,2025-07-22T05:20:00+00:00,2025,25.12,25.76802129,23.17593614,0.64802129,3.0,-1.011629,-1.011629,0.0,SL,5,0.33,0.0309,True,False,9740.56,1.378,134.22,-135.79,9604.78
S2,AVAXUSDT,-1,2025-07-22T14:00:00+00:00,2025-07-22T23:45:00+00:00,2025,25.1,25.81057884,22.96826347,0.71057884,3.0,-1.010597,-1.010597,0.0,SL,118,9.75,0.5488,True,False,9454.53,1.378,130.28,-131.66,9322.86
S1,PAXGUSDT,1,2025-07-22T15:00:00+00:00,2025-07-23T13:20:00+00:00,2025,3425.8,3411.89146764,3592.70238836,13.90853236,12.0,-1.073893,-1.073893,0.0,SL,269,22.33,0.719,True,False,9454.53,0.4981,47.09,-50.57,9272.29
S2,LTCUSDT,-1,2025-07-24T16:00:00+00:00,2025-08-04T12:35:00+00:00,2025,113.48,116.96240764,103.03277709,3.48240764,3.0,-1.009776,-1.009776,0.0,SL,3128,260.58,2.9635,True,False,9164.45,1.378,126.29,-127.52,9778.69
S1,AVAXUSDT,1,2025-07-28T05:00:00+00:00,2025-07-28T16:55:00+00:00,2025,26.52,25.87486803,34.26158363,0.64513197,12.0,-1.012332,-1.012332,0.0,SL,144,11.92,1.3331,True,False,9164.45,0.4981,45.65,-46.21,9426.73
S2,PAXGUSDT,-1,2025-07-28T05:00:00+00:00,2025-07-28T13:50:00+00:00,2025,3345.7,3353.02856527,3323.71430418,7.32856527,3.0,2.863041,2.863041,0.0,TP,107,8.83,4.709,True,False,9164.45,1.378,126.29,361.56,9526.02
S2,LTCUSDT,-1,2025-07-28T14:00:00+00:00,2025-07-30T19:05:00+00:00,2025,111.46,113.18584271,106.28247188,1.72584271,3.0,2.980625,2.980625,0.0,TP,638,53.08,3.6272,True,False,9526.02,1.378,131.27,391.26,10210.14
S5,PAXGUSDT,-1,2025-07-28T14:00:00+00:00,2025-07-28T15:30:00+00:00,2025,3310.33,3324.90248223,3237.46758883,14.57248223,5.0,-1.068149,-1.068149,0.0,SL,19,1.5,0.0,True,False,9526.02,0.5216,49.69,-53.07,9472.94
S2,AVAXUSDT,-1,2025-07-28T15:00:00+00:00,2025-07-29T02:15:00+00:00,2025,26.33,26.95573399,24.45279804,0.62573399,3.0,2.987376,2.987376,0.0,TP,136,11.25,3.0364,True,False,9526.02,1.378,131.27,392.15,9818.88
S2,LTCUSDT,-1,2025-07-30T19:00:00+00:00,2025-07-30T21:00:00+00:00,2025,108.03,110.17413671,101.59758987,2.14413671,3.0,-1.015115,-1.015115,0.0,SL,25,2.0,1.3199,True,False,9818.88,1.378,135.3,-137.35,10072.79
S4,LTCUSDT,1,2025-07-30T20:00:00+00:00,2025-08-01T00:10:00+00:00,2025,108.91,105.69964026,171.51201488,3.21035974,19.5,-1.010177,-1.010177,0.0,SL,339,28.17,0.9189,True,False,10210.14,1.6151,164.9,-166.58,9906.21
S1,PAXGUSDT,1,2025-08-01T13:00:00+00:00,2025-08-17T23:15:00+00:00,2025,3341.0,3322.57106758,3562.14718907,18.42893242,12.0,-1.054387,-1.054387,0.0,SL,4732,394.25,2.9302,True,False,9906.21,0.4981,49.34,-52.03,8014.24
S2,PAXGUSDT,-1,2025-08-04T15:00:00+00:00,2025-08-05T14:45:00+00:00,2025,3374.11,3384.17456621,3343.91630138,10.06456621,3.0,-1.100574,-1.100574,0.0,SL,286,23.75,2.1849,True,False,9778.69,1.378,134.75,-148.3,9332.45
S2,PAXGUSDT,-1,2025-08-04T22:00:00+00:00,2025-08-04T23:10:00+00:00,2025,3370.33,3379.15235344,3343.86293969,8.82235344,3.0,-1.114606,-1.114606,0.0,SL,15,1.17,0.0,True,False,9778.69,1.378,134.75,-150.19,9628.5
S1,AVAXUSDT,1,2025-08-04T23:00:00+00:00,2025-08-05T06:30:00+00:00,2025,23.11,22.58849466,29.36806407,0.52150534,12.0,-1.013294,-1.013294,0.0,SL,91,7.5,0.0575,True,False,9778.69,0.4981,48.71,-49.36,9579.14
S5,LTCUSDT,-1,2025-08-05T08:00:00+00:00,2025-08-05T09:10:00+00:00,2025,120.87,124.43131672,103.06341639,3.56131672,5.0,-1.010182,-1.010182,0.0,SL,15,1.17,0.0393,True,False,9579.14,0.5216,49.96,-50.47,9528.67
S1,LTCUSDT,1,2025-08-05T10:00:00+00:00,2025-08-05T12:35:00+00:00,2025,127.27,123.21978303,175.87260364,4.05021697,12.0,-1.009427,-1.009427,0.0,SL,32,2.58,0.4666,True,False,9528.67,0.4981,47.46,-47.91,9480.76
S2,AVAXUSDT,-1,2025-08-05T13:00:00+00:00,2025-08-07T10:25:00+00:00,2025,22.32,22.70535821,21.16392536,0.38535821,3.0,-1.017376,-1.017376,0.0,SL,546,45.42,2.2836,True,False,9480.76,1.378,130.64,-132.91,8940.02
S2,LTCUSDT,-1,2025-08-05T13:00:00+00:00,2025-08-11T03:15:00+00:00,2025,123.83,127.19861152,113.72416544,3.36861152,3.0,-1.011028,-1.011028,0.0,SL,1612,134.25,2.5649,True,False,9480.76,1.378,130.64,-132.09,8109.57
S4,PAXGUSDT,1,2025-08-05T13:00:00+00:00,2025-08-11T07:35:00+00:00,2025,3366.8,3353.90193745,3618.31221975,12.89806255,19.5,-1.078309,-1.078309,0.0,SL,1664,138.58,2.1864,True,False,9480.76,1.6151,153.12,-165.11,7944.46
S2,AVAXUSDT,-1,2025-08-05T15:00:00+00:00,2025-08-06T15:55:00+00:00,2025,21.92,22.33324254,20.68027237,0.41324254,3.0,-1.015913,-1.015913,0.0,SL,300,24.92,1.1615,True,False,9332.45,1.378,128.6,-130.65,9201.81
S4,AVAXUSDT,1,2025-08-05T23:00:00+00:00,2025-08-20T01:35:00+00:00,2025,21.77,21.2331447,32.23867843,0.5368553,19.5,0.987835,19.487835,-18.5,BE,4064,338.58,7.8606,True,False,9332.45,1.6151,150.73,148.89,8785.8
S4,AVAXUSDT,1,2025-08-06T02:00:00+00:00,2025-08-19T23:55:00+00:00,2025,21.79,21.2697117,31.9356219,0.5202883,19.5,0.987436,19.487436,-18.5,BE,4008,333.92,8.0724,True,False,9332.45,1.6151,150.73,148.83,8636.9
S2,AVAXUSDT,-1,2025-08-06T17:00:00+00:00,2025-08-07T10:00:00+00:00,2025,22.08,22.48501455,20.86495636,0.40501455,3.0,-1.016355,-1.016355,0.0,SL,205,17.0,0.321,True,False,9201.81,1.378,126.8,-128.87,9072.93
S2,PAXGUSDT,-1,2025-08-07T11:00:00+00:00,2025-08-07T12:30:00+00:00,2025,3372.51,3383.26624547,3340.2412636,10.75624547,3.0,-1.094062,-1.094062,0.0,SL,19,1.5,0.0093,True,False,8940.02,1.378,123.19,-134.78,8805.24
S2,PAXGUSDT,-1,2025-08-08T11:00:00+00:00,2025-08-11T11:30:00+00:00,2025,3380.79,3392.66719321,3345.15842036,11.87719321,3.0,2.914606,2.914606,0.0,TP,871,72.5,3.0125,True,False,8805.24,1.378,121.34,353.65,8298.11
S1,AVAXUSDT,1,2025-08-08T14:00:00+00:00,2025-08-08T15:30:00+00:00,2025,23.69,23.15397865,30.12225626,0.53602135,12.0,-1.013259,-1.013259,0.0,SL,19,1.5,0.2052,True,False,8805.24,0.4981,43.86,-44.44,8760.8
S2,AVAXUSDT,-1,2025-08-09T07:00:00+00:00,2025-08-09T09:45:00+00:00,2025,24.22,24.62821696,22.99534913,0.40821696,3.0,-1.017799,-1.017799,0.0,SL,34,2.75,0.049,True,False,8760.8,1.378,120.72,-122.87,8637.92
S2,AVAXUSDT,-1,2025-08-10T08:00:00+00:00,2025-08-10T14:45:00+00:00,2025,23.48,23.94652097,22.08043708,0.46652097,3.0,-1.015099,-1.015099,0.0,SL,82,6.75,0.4716,True,False,8637.92,1.378,119.03,-120.83,8517.1
S3,AVAXUSDT,-1,2025-08-10T08:00:00+00:00,2025-08-11T01:30:00+00:00,2025,23.48,24.0566521,20.83638116,0.62202796,4.25,-0.938376,-0.938376,0.0,SL,211,17.5,0.3537,True,False,8637.92,3.3981,293.53,-275.44,8241.66
S5,PAXGUSDT,-1,2025-08-11T07:00:00+00:00,2025-08-19T17:25:00+00:00,2025,3360.76,3370.24182219,3313.35088905,9.48182219,5.0,4.893667,4.893667,0.0,TP,2430,202.42,5.0096,True,False,8109.57,0.5216,42.3,207.0,8158.17
S2,AVAXUSDT,-1,2025-08-11T12:00:00+00:00,2025-08-11T16:00:00+00:00,2025,23.38,23.84957587,21.97127239,0.46957587,3.0,-1.014937,-1.014937,0.0,SL,49,4.0,0.6389,True,False,8298.11,1.378,114.35,-116.06,8182.05
S2,LTCUSDT,-1,2025-08-11T15:00:00+00:00,2025-08-11T17:05:00+00:00,2025,123.64,126.58857804,114.79426589,2.94857804,3.0,-1.01258,-1.01258,0.0,SL,26,2.08,0.1357,True,False,8298.11,1.378,114.35,-115.79,8066.26
S1,AVAXUSDT,1,2025-08-15T01:00:00+00:00,2025-08-19T03:40:00+00:00,2025,23.96,23.15554728,33.6134326,0.80445272,12.0,-1.008935,-1.008935,0.0,SL,1185,98.67,2.1381,True,False,8066.26,0.4981,40.18,-40.54,7753.66
S2,AVAXUSDT,-1,2025-08-18T02:00:00+00:00,2025-08-19T03:40:00+00:00,2025,24.69,25.2104652,23.12860441,0.5204652,3.0,2.985769,2.985769,0.0,TP,309,25.67,3.0934,True,False,8014.24,1.378,110.44,329.74,8083.4
S2,AVAXUSDT,-1,2025-08-18T03:00:00+00:00,2025-08-19T19:00:00+00:00,2025,24.04,24.60257483,22.35227552,0.56257483,3.0,2.98718,2.98718,0.0,TP,481,40.0,3.004,True,False,8014.24,1.378,110.44,329.89,8488.07
S2,PAXGUSDT,-1,2025-08-18T03:00:00+00:00,2025-08-18T03:35:00+00:00,2025,3333.79,3338.57635716,3319.43092853,4.78635716,3.0,-1.208956,-1.208956,0.0,SL,8,0.58,0.0125,True,False,8014.24,1.378,110.44,-133.51,7880.72
S3,AVAXUSDT,-1,2025-08-18T03:00:00+00:00,2025-08-22T16:05:00+00:00,2025,24.04,24.78625748,20.85207599,0.75009977,4.25,-1.004492,-1.004492,0.0,SL,1310,109.08,2.4663,True,False,8014.24,3.3981,272.33,-273.56,7804.04
S5,LTCUSDT,-1,2025-08-18T03:00:00+00:00,2025-08-18T13:35:00+00:00,2025,115.96,118.4918097,103.3009515,2.5318097,5.0,-1.01374,-1.01374,0.0,SL,128,10.58,0.2646,True,False,8014.24,0.5216,41.8,-42.38,7794.2
S1,PAXGUSDT,1,2025-08-18T05:00:00+00:00,2025-08-18T05:30:00+00:00,2025,3349.2,3341.14823565,3445.82117222,8.05176435,12.0,-1.124788,-1.124788,0.0,SL,7,0.5,0.1739,True,False,7880.72,0.4981,39.25,-44.15,7836.57
S5,AVAXUSDT,-1,2025-08-18T14:00:00+00:00,2025-08-22T15:10:00+00:00,2025,23.57,24.32562069,19.79189654,0.75562069,5.0,-1.009358,-1.009358,0.0,SL,1167,97.17,1.8263,True,False,7794.2,0.5216,40.65,-41.03,8077.6
S2,AVAXUSDT,-1,2025-08-19T04:00:00+00:00,2025-08-22T14:10:00+00:00,2025,23.11,23.67546508,21.41360475,0.56546508,3.0,-1.012261,-1.012261,0.0,SL,987,82.17,1.627,True,False,8083.4,1.378,111.39,-112.75,8118.63
S3,AVAXUSDT,-1,2025-08-19T04:00:00+00:00,2025-08-21T02:00:00+00:00,2025,23.11,23.58654651,19.90569787,0.75395344,4.25,-0.641259,-0.641259,0.0,SL,553,46.0,1.1672,True,False,8083.4,3.3981,274.68,-176.14,8231.39
S4,LTCUSDT,1,2025-08-19T05:00:00+00:00,2025-08-19T07:25:00+00:00,2025,117.06,114.30844002,170.71541959,2.75155998,19.5,-1.012763,-1.012763,0.0,SL,30,2.42,0.1236,True,False,8083.4,1.6151,130.55,-132.22,7951.17
S2,PAXGUSDT,-1,2025-08-19T15:00:00+00:00,2025-08-20T12:30:00+00:00,2025,3320.23,3328.47913893,3295.48258321,8.24913893,3.0,-1.120748,-1.120748,0.0,SL,259,21.5,2.0814,True,False,7951.17,1.378,109.57,-122.8,8540.09
S2,PAXGUSDT,-1,2025-08-19T17:00:00+00:00,2025-08-20T12:00:00+00:00,2025,3315.0,3323.16522693,3290.5043192,8.16522693,3.0,-1.121797,-1.121797,0.0,SL,229,19.0,1.4623,True,False,7951.17,1.378,109.57,-122.91,8662.88
S2,PAXGUSDT,-1,2025-08-20T16:00:00+00:00,2025-08-20T19:55:00+00:00,2025,3328.9,3336.80022875,3305.19931374,7.90022875,3.0,-1.12641,-1.12641,0.0,SL,48,3.92,0.0,True,False,8540.09,1.378,117.68,-132.56,8407.53
S1,PAXGUSDT,1,2025-08-22T15:00:00+00:00,2025-08-25T21:00:00+00:00,2025,3358.92,3345.72906347,3517.21123833,13.19093653,12.0,-1.076392,-1.076392,0.0,SL,937,78.0,0.4996,True,False,8118.63,0.4981,40.44,-43.53,8208.89
S4,AVAXUSDT,1,2025-08-22T15:00:00+00:00,2025-08-25T06:30:00+00:00,2025,24.1,23.35645913,38.59904693,0.74354087,19.5,0.990276,-1.009724,2.0,BE,763,63.5,3.5909,True,False,8118.63,1.6151,131.12,129.85,7627.97
S2,PAXGUSDT,-1,2025-08-22T16:00:00+00:00,2025-08-22T20:05:00+00:00,2025,3351.16,3361.73297365,3319.44107904,10.57297365,3.0,-1.095087,-1.095087,0.0,SL,50,4.08,0.0255,True,False,8077.6,1.378,111.31,-121.89,7682.15
S1,AVAXUSDT,1,2025-08-23T10:00:00+00:00,2025-08-24T10:30:00+00:00,2025,25.82,25.13147451,34.08230588,0.68852549,12.0,-1.01125,-1.01125,0.0,SL,295,24.5,1.3798,True,False,7682.15,0.4981,38.26,-38.7,7498.12
S1,AVAXUSDT,1,2025-08-23T13:00:00+00:00,2025-08-23T16:00:00+00:00,2025,26.17,25.47579792,34.50042494,0.69420208,12.0,-1.011309,-1.011309,0.0,SL,37,3.0,0.8643,True,False,7682.15,0.4981,38.26,-38.7,7643.45
S2,AVAXUSDT,-1,2025-08-23T15:00:00+00:00,2025-08-25T07:45:00+00:00,2025,26.1,26.67971997,24.3608401,0.57971997,3.0,2.986493,2.986493,0.0,TP,490,40.75,3.0532,True,False,7682.15,1.378,105.86,316.15,7944.12
S2,AVAXUSDT,-1,2025-08-23T16:00:00+00:00,2025-08-23T23:20:00+00:00,2025,25.63,26.24866854,23.77399438,0.61866854,3.0,-1.012428,-1.012428,0.0,SL,89,7.33,0.6627,True,False,7643.45,1.378,105.33,-106.64,7536.81
S2,LTCUSDT,-1,2025-08-24T21:00:00+00:00,2025-08-25T07:45:00+00:00,2025,118.81,121.00904437,112.2128669,2.19904437,3.0,2.983792,2.983792,0.0,TP,130,10.75,3.0059,True,False,7498.12,1.378,103.32,308.3,8252.42
S3,LTCUSDT,-1,2025-08-24T21:00:00+00:00,2025-09-22T06:00:00+00:00,2025,118.81,121.02990444,106.34874859,2.93205915,4.25,4.237844,4.237844,0.0,TP,8173,681.0,5.665,True,False,7498.12,3.3981,254.79,1079.78,7502.3
S2,AVAXUSDT,-1,2025-08-25T07:00:00+00:00,2025-08-27T14:45:00+00:00,2025,24.65,25.27647496,22.77057512,0.62647496,3.0,-1.011804,-1.011804,0.0,SL,670,55.75,2.5859,True,False,7627.97,1.378,105.11,-106.35,8022.68
S2,LTCUSDT,-1,2025-08-25T07:00:00+00:00,2025-08-25T21:30:00+00:00,2025,113.77,116.07981776,106.84054671,2.30981776,3.0,2.985224,2.985224,0.0,TP,175,14.5,3.0608,True,False,7627.97,1.378,105.11,313.79,8841.78
S3,LTCUSDT,-1,2025-08-25T07:00:00+00:00,2025-08-27T05:00:00+00:00,2025,113.77,115.37098178,100.68103267,3.07975702,4.25,-0.530923,-0.530923,0.0,SL,553,46.0,2.2956,True,False,7627.97,3.3981,259.21,-137.62,8244.03
S2,AVAXUSDT,-1,2025-08-25T08:00:00+00:00,2025-08-27T13:40:00+00:00,2025,24.28,24.92815532,22.33553404,0.64815532,3.0,-1.011238,-1.011238,0.0,SL,645,53.67,1.9286,True,False,8252.42,1.378,113.72,-115.0,8129.04
S2,PAXGUSDT,-1,2025-08-25T20:00:00+00:00,2025-08-25T21:15:00+00:00,2025,3353.04,3358.22755281,3337.47734158,5.18755281,3.0,2.806091,2.806091,0.0,TP,16,1.25,3.0033,True,False,8252.42,1.378,113.72,319.1,8527.99
S2,PAXGUSDT,-1,2025-08-25T21:00:00+00:00,2025-08-26T00:15:00+00:00,2025,3348.18,3353.62272761,3331.85181718,5.44272761,3.0,-1.18455,-1.18455,0.0,SL,40,3.25,2.6016,True,False,8208.89,1.378,113.12,-133.99,8707.78
S3,PAXGUSDT,-1,2025-08-25T21:00:00+00:00,2025-08-26T00:15:00+00:00,2025,3348.18,3354.53427276,3317.33787689,7.25697014,4.25,-1.014022,-1.014022,0.0,SL,40,3.25,1.9512,True,False,8208.89,3.3981,278.95,-282.86,8424.93
S5,LTCUSDT,-1,2025-08-25T21:00:00+00:00,2025-08-26T03:40:00+00:00,2025,107.32,110.33611226,92.23943869,3.01611226,5.0,-1.010675,-1.010675,0.0,SL,81,6.67,0.2056,True,False,8208.89,0.5216,42.82,-43.27,8381.65
S2,AVAXUSDT,-1,2025-08-29T08:00:00+00:00,2025-09-03T01:00:00+00:00,2025,24.15,24.64364014,22.66907958,0.49364014,3.0,-1.014677,-1.014677,0.0,SL,1357,113.0,2.9981,True,False,8022.68,1.378,110.55,-112.18,7248.51
S2,LTCUSDT,-1,2025-08-29T08:00:00+00:00,2025-08-29T12:30:00+00:00,2025,110.42,111.98699866,105.71900402,1.56699866,3.0,-1.02114,-1.02114,0.0,SL,55,4.5,0.9955,True,False,8022.68,1.378,110.55,-112.89,7909.79
S3,AVAXUSDT,-1,2025-08-29T08:00:00+00:00,2025-09-03T06:30:00+00:00,2025,24.15,24.73936401,21.35270587,0.65818685,4.25,-0.906443,-0.906443,0.0,SL,1423,118.5,2.2486,True,False,8022.68,3.3981,272.62,-247.11,7001.39
S2,AVAXUSDT,-1,2025-08-29T09:00:00+00:00,2025-08-29T12:30:00+00:00,2025,23.65,24.1748087,22.07557389,0.5248087,3.0,-1.013519,-1.013519,0.0,SL,43,3.5,0.2858,True,False,8022.68,1.378,110.55,-112.05,7797.75
S2,LTCUSDT,-1,2025-08-29T09:00:00+00:00,2025-08-29T12:30:00+00:00,2025,109.4,111.01792733,104.54621802,1.61792733,3.0,-1.020285,-1.020285,0.0,SL,43,3.5,0.3338,True,False,8022.68,1.378,110.55,-112.8,7684.95
S3,AVAXUSDT,-1,2025-08-29T09:00:00+00:00,2025-08-29T12:30:00+00:00,2025,23.65,24.28248087,20.67608402,0.69974494,4.25,-0.914013,-0.914013,0.0,SL,43,3.5,0.2144,True,False,8022.68,3.3981,272.62,-249.18,7435.77
S3,LTCUSDT,-1,2025-08-29T09:00:00+00:00,2025-08-29T12:30:00+00:00,2025,109.4,110.98179273,100.23174515,2.15723643,4.25,-0.748464,-0.748464,0.0,SL,43,3.5,0.2503,True,False,8022.68,3.3981,272.62,-204.05,7231.73
S1,PAXGUSDT,1,2025-08-29T15:00:00+00:00,2025-09-05T14:05:00+00:00,2025,3442.79,3429.87083686,3597.81995763,12.91916314,12.0,11.920054,11.920054,0.0,TP,2006,167.08,12.1068,False,True,,,,,
S1,PAXGUSDT,1,2025-08-29T16:00:00+00:00,2025-09-06T15:40:00+00:00,2025,3449.21,3435.7850628,3610.30924637,13.4249372,12.0,11.922922,11.922922,0.0,TP,2301,191.67,12.044,False,True,,,,,
S1,PAXGUSDT,1,2025-08-29T17:00:00+00:00,2025-09-06T16:15:00+00:00,2025,3453.6,3440.14684403,3615.03787163,13.45315597,12.0,11.922986,11.922986,0.0,TP,2296,191.25,12.1949,False,True,,,,,
S1,PAXGUSDT,1,2025-09-01T03:00:00+00:00,2025-09-01T12:35:00+00:00,2025,3494.01,3479.66458017,3666.15503801,14.34541983,12.0,-1.073069,-1.073069,0.0,SL,116,9.58,0.5577,True,False,7231.73,0.4981,36.02,-38.65,8041.98
S2,LTCUSDT,-1,2025-09-01T10:00:00+00:00,2025-09-02T06:25:00+00:00,2025,110.36,111.74755311,106.19734068,1.38755311,3.0,-1.023861,-1.023861,0.0,SL,246,20.42,2.8684,True,False,8080.64,1.378,111.35,-114.01,7815.28
S2,AVAXUSDT,-1,2025-09-01T18:00:00+00:00,2025-09-02T04:30:00+00:00,2025,23.45,23.86497411,22.20507766,0.41497411,3.0,-1.016953,-1.016953,0.0,SL,127,10.5,1.8796,True,False,8041.98,1.378,110.82,-112.7,7929.29
S2,PAXGUSDT,-1,2025-09-02T03:00:00+00:00,2025-09-02T15:50:00+00:00,2025,3517.98,3531.53839169,3477.30482493,13.55839169,3.0,-1.077841,-1.077841,0.0,SL,155,12.83,2.4324,True,False,8041.98,1.378,110.82,-119.44,7360.68
S2,PAXGUSDT,-1,2025-09-02T07:00:00+00:00,2025-09-02T14:20:00+00:00,2025,3497.99,3512.00628827,3455.9411352,14.01628827,3.0,-1.07487,-1.07487,0.0,SL,89,7.33,0.9268,True,False,7815.28,1.378,107.69,-115.76,7480.13
S2,AVAXUSDT,-1,2025-09-02T13:00:00+00:00,2025-09-02T13:45:00+00:00,2025,23.61,24.0422233,22.31333011,0.4322233,3.0,-1.016387,-1.016387,0.0,SL,10,0.75,0.2314,True,False,7815.28,1.378,107.69,-109.46,7595.89
S2,LTCUSDT,-1,2025-09-02T13:00:00+00:00,2025-09-02T13:35:00+00:00,2025,108.84,110.40988718,104.13033847,1.56988718,3.0,-1.020799,-1.020799,0.0,SL,8,0.58,0.0255,True,False,7815.28,1.378,107.69,-109.93,7705.34
S1,LTCUSDT,1,2025-09-05T13:00:00+00:00,2025-09-05T14:25:00+00:00,2025,114.09,112.54893012,132.58283857,1.54106988,12.0,-1.02221,-1.02221,0.0,SL,18,1.42,0.6684,True,False,7001.39,0.4981,34.87,-35.65,6965.75
S2,AVAXUSDT,-1,2025-09-05T15:00:00+00:00,2025-09-07T23:15:00+00:00,2025,24.31,24.73169901,23.04490298,0.42169901,3.0,-1.017294,-1.017294,0.0,SL,676,56.25,0.5217,True,False,6965.75,1.378,95.99,-97.65,6573.86
S2,LTCUSDT,-1,2025-09-05T15:00:00+00:00,2025-09-07T05:55:00+00:00,2025,111.94,113.41360004,107.51919989,1.47360004,3.0,-1.022789,-1.022789,0.0,SL,468,38.92,0.4818,True,False,6965.75,1.378,95.99,-98.18,6769.84
S2,AVAXUSDT,-1,2025-09-05T22:00:00+00:00,2025-09-07T03:30:00+00:00,2025,24.26,24.66117842,23.05646474,0.40117842,3.0,-1.018142,-1.018142,0.0,SL,355,29.5,0.4238,True,False,6965.75,1.378,95.99,-97.73,6868.02
S2,LTCUSDT,-1,2025-09-05T22:00:00+00:00,2025-09-07T05:55:00+00:00,2025,112.05,113.42631284,107.92106149,1.37631284,3.0,-1.024424,-1.024424,0.0,SL,384,31.92,0.5958,True,False,6965.75,1.378,95.99,-98.33,6671.51
S4,LTCUSDT,1,2025-09-09T04:00:00+00:00,2025-09-11T14:20:00+00:00,2025,112.33,110.7141738,143.83861082,1.6158262,19.5,0.979144,-1.020856,2.0,BE,701,58.33,3.9608,True,False,6573.86,1.6151,106.17,103.96,6581.02
S4,LTCUSDT,1,2025-09-09T17:00:00+00:00,2025-09-11T14:20:00+00:00,2025,111.72,109.89324285,147.34176447,1.82675715,19.5,0.981653,-1.018347,2.0,BE,545,45.33,3.8374,True,False,6573.86,1.6151,106.17,104.23,6685.24
S2,PAXGUSDT,-1,2025-09-09T22:00:00+00:00,2025-09-09T23:20:00+00:00,2025,3632.01,3647.89305865,3584.36082406,15.88305865,3.0,-1.068602,-1.068602,0.0,SL,17,1.33,0.0006,True,False,6573.86,1.378,90.59,-96.8,6477.06
S1,AVAXUSDT,1,2025-09-10T07:00:00+00:00,2025-09-18T17:50:00+00:00,2025,26.98,26.36486579,34.36161055,0.61513421,12.0,11.986842,11.986842,0.0,TP,2435,202.83,12.0299,True,False,6477.06,0.4981,32.26,386.72,6490.71
S1,AVAXUSDT,1,2025-09-10T13:00:00+00:00,2025-09-26T12:10:00+00:00,2025,28.11,27.34179786,37.32842563,0.76820214,12.0,-1.010978,-1.010978,0.0,SL,4599,383.17,10.479,True,False,6477.06,0.4981,32.26,-32.62,7311.69
S5,AVAXUSDT,-1,2025-09-13T10:00:00+00:00,2025-09-17T22:55:00+00:00,2025,30.44,31.24413115,26.41934426,0.80413115,5.0,-1.011356,-1.011356,0.0,SL,1308,108.92,2.7607,True,False,6685.24,0.5216,34.87,-35.27,6439.57
S4,PAXGUSDT,1,2025-09-15T02:00:00+00:00,2025-09-18T06:00:00+00:00,2025,3641.5,3631.48052782,3836.8797076,10.01947218,19.5,0.890967,19.390967,-18.5,BE,913,76.0,6.8417,True,False,6685.24,1.6151,107.97,96.2,6535.77
S2,AVAXUSDT,-1,2025-09-15T09:00:00+00:00,2025-09-15T19:35:00+00:00,2025,28.34,29.08394506,26.10816481,0.74394506,3.0,-1.011428,-1.011428,0.0,SL,128,10.58,0.1075,True,False,6685.24,1.378,92.12,-93.18,6592.07
S3,AVAXUSDT,-1,2025-09-15T09:00:00+00:00,2025-09-15T20:05:00+00:00,2025,28.34,29.25439451,24.12431131,0.99192675,4.25,-0.930408,-0.930408,0.0,SL,134,11.08,0.0807,True,False,6685.24,3.3981,227.17,-211.36,6380.71
S1,PAXGUSDT,1,2025-09-15T16:00:00+00:00,2025-09-17T18:40:00+00:00,2025,3685.45,3668.14470265,3893.11356817,17.30529735,12.0,-1.06389,-1.06389,0.0,SL,609,50.67,1.4215,True,False,6685.24,0.4981,33.3,-35.43,6222.19
S2,AVAXUSDT,-1,2025-09-15T23:00:00+00:00,2025-09-16T07:45:00+00:00,2025,29.75,30.49448484,27.51654548,0.74448484,3.0,-1.011988,-1.011988,0.0,SL,106,8.75,0.7791,True,False,6380.71,1.378,87.93,-88.98,6291.73
S1,PAXGUSDT,1,2025-09-16T07:00:00+00:00,2025-09-17T01:35:00+00:00,2025,3702.51,3687.34677449,3884.46870616,15.16322551,12.0,-1.073253,-1.073253,0.0,SL,224,18.58,0.4973,True,False,6380.71,0.4981,31.78,-34.11,6257.62
S2,PAXGUSDT,-1,2025-09-16T15:00:00+00:00,2025-09-17T18:50:00+00:00,2025,3696.18,3709.08285323,3657.47144032,12.90285323,3.0,2.914061,2.914061,0.0,TP,335,27.83,3.1915,True,False,6291.73,1.378,86.7,252.65,6474.84
S5,PAXGUSDT,-1,2025-09-17T19:00:00+00:00,2025-09-19T18:05:00+00:00,2025,3661.04,3682.39221238,3554.27893808,21.35221238,5.0,-1.051438,-1.051438,0.0,SL,566,47.08,1.1929,True,False,6474.84,0.5216,33.77,-35.51,6455.2
S2,LTCUSDT,-1,2025-09-18T07:00:00+00:00,2025-09-18T15:20:00+00:00,2025,115.05,116.58247685,110.45256946,1.53247685,3.0,-1.022522,-1.022522,0.0,SL,101,8.33,0.0196,True,False,6535.77,1.378,90.06,-92.09,6333.09
S3,LTCUSDT,-1,2025-09-18T07:00:00+00:00,2025-09-18T15:45:00+00:00,2025,115.05,117.12324768,106.36596454,2.04330246,4.25,-1.031547,-1.031547,0.0,SL,106,8.75,0.0147,True,False,6535.77,3.3981,222.09,-229.1,6103.99
S4,PAXGUSDT,1,2025-09-18T09:00:00+00:00,2025-09-18T13:40:00+00:00,2025,3665.0,3641.95898411,4114.29980984,23.04101589,19.5,-1.047719,-1.047719,0.0,SL,57,4.67,0.3559,True,False,6535.77,1.6151,105.56,-110.6,6425.18
S1,AVAXUSDT,1,2025-09-18T18:00:00+00:00,2025-09-19T23:25:00+00:00,2025,34.32,33.34382731,46.03407224,0.97617269,12.0,-1.010547,-1.010547,0.0,SL,354,29.42,1.5264,True,False,6490.71,0.4981,32.33,-32.67,6422.53
S2,LTCUSDT,-1,2025-09-22T01:00:00+00:00,2025-09-22T06:00:00+00:00,2025,111.61,112.92940492,107.65178525,1.31940492,3.0,2.974623,2.974623,0.0,TP,61,5.0,7.132,True,False,6422.53,1.378,88.5,263.26,7765.57
S5,AVAXUSDT,-1,2025-09-22T06:00:00+00:00,2025-09-22T12:15:00+00:00,2025,31.04,31.84491572,27.01542139,0.80491572,5.0,-1.011569,-1.011569,0.0,SL,76,6.25,2.0251,True,False,7765.57,0.5216,40.51,-40.97,7724.59
S5,LTCUSDT,-1,2025-09-22T06:00:00+00:00,2025-10-01T14:25:00+00:00,2025,109.44,111.46372527,99.32137365,2.02372527,5.0,-1.016224,-1.016224,0.0,SL,2694,224.42,4.5411,True,False,7765.57,0.5216,40.51,-41.16,6808.76
S5,AVAXUSDT,-1,2025-09-22T08:00:00+00:00,2025-09-22T12:15:00+00:00,2025,30.54,31.5270957,25.6045215,0.9870957,5.0,-1.009282,-1.009282,0.0,SL,52,4.25,0.081,True,False,7765.57,0.5216,40.51,-40.88,7683.71
S5,LTCUSDT,-1,2025-09-22T08:00:00+00:00,2025-10-01T08:45:00+00:00,2025,105.48,108.42831414,90.73842932,2.94831414,5.0,-1.010733,-1.010733,0.0,SL,2602,216.75,1.7739,True,False,7765.57,0.5216,40.51,-40.94,6947.64
S1,AVAXUSDT,1,2025-09-22T09:00:00+00:00,2025-09-25T16:05:00+00:00,2025,30.95,29.95341114,42.90906637,0.99658886,12.0,-1.009317,-1.009317,0.0,SL,950,79.08,5.2278,True,False,7765.57,0.4981,38.68,-39.04,7344.31
S1,PAXGUSDT,1,2025-09-22T11:00:00+00:00,2025-09-22T12:20:00+00:00,2025,3735.72,3722.61532128,3892.97614469,13.10467872,12.0,-1.08552,-1.08552,0.0,SL,17,1.33,0.1595,True,False,7765.57,0.4981,38.68,-41.99,7641.72
S2,AVAXUSDT,-1,2025-09-22T19:00:00+00:00,2025-09-22T21:05:00+00:00,2025,31.72,32.49316083,29.4005175,0.77316083,3.0,-1.012308,-1.012308,0.0,SL,26,2.08,0.5174,True,False,7641.72,1.378,105.3,-106.6,7535.12
S2,PAXGUSDT,-1,2025-09-23T03:00:00+00:00,2025-09-23T05:35:00+00:00,2025,3749.5,3762.73531636,3709.79405092,13.23531636,3.0,-1.084989,-1.084989,0.0,SL,32,2.58,0.1247,True,False,7535.12,1.378,103.83,-112.66,7422.46
S1,PAXGUSDT,1,2025-09-23T09:00:00+00:00,2025-09-23T19:15:00+00:00,2025,3782.03,3762.47152081,4016.73175027,19.55847919,12.0,-1.058011,-1.058011,0.0,SL,124,10.25,0.8513,True,False,7422.46,0.4981,36.97,-39.12,7383.35
S5,AVAXUSDT,-1,2025-09-29T02:00:00+00:00,2025-09-29T15:05:00+00:00,2025,29.58,30.29452521,26.00737393,0.71452521,5.0,-1.012419,-1.012419,0.0,SL,158,13.08,0.6298,True,False,7311.69,0.5216,38.14,-38.61,7273.08
S1,PAXGUSDT,1,2025-09-29T06:00:00+00:00,2025-10-08T04:00:00+00:00,2025,3822.31,3805.29725139,4026.46298329,17.01274861,12.0,11.932598,11.932598,0.0,TP,2569,214.0,12.0903,True,False,7311.69,0.4981,36.42,434.58,6522.48
S1,PAXGUSDT,1,2025-09-29T09:00:00+00:00,2025-09-30T09:45:00+00:00,2025,3827.01,3808.21574756,4052.54102926,18.79425244,12.0,-1.061088,-1.061088,0.0,SL,298,24.75,2.8727,True,False,7311.69,0.4981,36.42,-38.64,7089.0
S2,PAXGUSDT,-1,2025-09-29T13:00:00+00:00,2025-09-29T15:55:00+00:00,2025,3823.37,3839.56383233,3774.788503,16.19383233,3.0,-1.07083,-1.07083,0.0,SL,36,2.92,0.189,True,False,7311.69,1.378,100.76,-107.89,7165.19
S1,PAXGUSDT,1,2025-09-30T04:00:00+00:00,2025-09-30T07:50:00+00:00,2025,3876.45,3854.04341807,4145.32898317,22.40658193,12.0,-1.051901,-1.051901,0.0,SL,47,3.83,0.2031,True,False,7165.19,0.4981,35.69,-37.54,7127.65
S4,LTCUSDT,1,2025-09-30T20:00:00+00:00,2025-10-10T13:25:00+00:00,2025,106.84,105.38828998,135.14834546,1.45171002,19.5,19.477921,19.477921,0.0,TP,2802,233.42,20.0798,True,False,7089.0,1.6151,114.49,2230.11,8414.13
S2,LTCUSDT,-1,2025-09-30T22:00:00+00:00,2025-10-01T08:40:00+00:00,2025,106.61,107.75405227,103.17784318,1.14405227,3.0,-1.027956,-1.027956,0.0,SL,129,10.67,1.0664,True,False,7089.0,1.378,97.69,-100.42,6988.58
S1,LTCUSDT,1,2025-10-01T10:00:00+00:00,2025-10-10T13:25:00+00:00,2025,110.51,108.43262971,135.43844347,2.07737029,12.0,11.984041,11.984041,0.0,TP,2634,219.42,12.2655,True,False,6947.64,0.4981,34.61,414.72,8828.86
S2,LTCUSDT,-1,2025-10-01T11:00:00+00:00,2025-10-01T13:00:00+00:00,2025,109.45,111.03174002,104.70477993,1.58174002,3.0,-1.020759,-1.020759,0.0,SL,25,2.0,0.0,True,False,6947.64,1.378,95.74,-97.73,6849.92
S2,LTCUSDT,-1,2025-10-01T18:00:00+00:00,2025-10-01T19:40:00+00:00,2025,110.62,112.16418873,105.9874338,1.54418873,3.0,-1.021491,-1.021491,0.0,SL,21,1.67,0.0065,True,False,6808.76,1.378,93.82,-95.84,6712.92
S1,LTCUSDT,1,2025-10-01T23:00:00+00:00,2025-10-10T21:10:00+00:00,2025,114.85,112.61409611,141.68084673,2.23590389,12.0,-1.01541,-1.01541,0.0,SL,2571,214.17,9.4548,False,True,,,,,
S1,LTCUSDT,1,2025-10-02T01:00:00+00:00,2025-10-07T15:05:00+00:00,2025,118.0,115.41751144,148.98986274,2.58248856,12.0,-1.013708,-1.013708,0.0,SL,1610,134.08,2.6564,True,False,6712.92,0.4981,33.44,-33.9,6178.38
S1,LTCUSDT,1,2025-10-02T02:00:00+00:00,2025-10-02T02:50:00+00:00,2025,121.33,118.41054634,156.36344397,2.91945366,12.0,-1.012468,-1.012468,0.0,SL,11,0.83,0.0582,True,False,6712.92,0.4981,33.44,-33.85,6679.06
S2,AVAXUSDT,-1,2025-10-02T04:00:00+00:00,2025-10-03T16:00:00+00:00,2025,30.86,31.40645422,29.22063734,0.54645422,3.0,-1.016942,-1.016942,0.0,SL,433,36.0,2.5254,True,False,6679.06,1.378,92.04,-93.6,6280.87
S5,LTCUSDT,-1,2025-10-02T12:00:00+00:00,2025-10-03T18:45:00+00:00,2025,119.85,123.2346292,102.92685402,3.3846292,5.0,-1.010623,-1.010623,0.0,SL,370,30.75,1.1995,True,False,6679.06,0.5216,34.84,-35.21,6245.66
S2,AVAXUSDT,-1,2025-10-02T15:00:00+00:00,2025-10-02T17:25:00+00:00,2025,29.77,30.34781566,28.03655303,0.57781566,3.0,-1.015456,-1.015456,0.0,SL,30,2.42,0.3981,True,False,6679.06,1.378,92.04,-93.46,6585.6
S3,AVAXUSDT,-1,2025-10-02T15:00:00+00:00,2025-10-02T17:45:00+00:00,2025,29.77,30.47778157,26.49571129,0.77042087,4.25,-0.930287,-0.930287,0.0,SL,34,2.75,0.2985,True,False,6679.06,3.3981,226.96,-211.14,6374.46
S1,PAXGUSDT,1,2025-10-06T02:00:00+00:00,2025-10-10T21:15:00+00:00,2025,3923.14,3908.85094231,4094.60869222,14.28905769,12.0,-1.082367,-1.082367,0.0,SL,1384,115.25,10.6599,True,False,6245.66,0.4981,31.11,-33.67,9050.76
S1,PAXGUSDT,1,2025-10-06T04:00:00+00:00,2025-10-10T21:15:00+00:00,2025,3937.58,3922.01708802,4124.3349438,15.56291198,12.0,-1.075903,-1.075903,0.0,SL,1360,113.25,8.8595,True,False,6245.66,0.4981,31.11,-33.47,9017.29
S1,PAXGUSDT,1,2025-10-06T05:00:00+00:00,2025-10-06T06:05:00+00:00,2025,3944.61,3928.39872459,4139.14530496,16.21127541,12.0,-1.072998,-1.072998,0.0,SL,14,1.08,0.3325,True,False,6245.66,0.4981,31.11,-33.38,6212.28
S1,PAXGUSDT,1,2025-10-06T15:00:00+00:00,2025-10-10T21:15:00+00:00,2025,3964.28,3942.03843778,4231.17874665,22.24156222,12.0,-1.053471,-1.053471,0.0,SL,1228,102.25,4.9987,True,False,6212.28,0.4981,30.94,-32.6,8984.69
S5,AVAXUSDT,-1,2025-10-07T15:00:00+00:00,2025-10-08T18:50:00+00:00,2025,28.89,29.54609378,25.6095311,0.65609378,5.0,-1.01321,-1.01321,0.0,SL,335,27.83,1.6461,True,False,6212.28,0.5216,32.4,-32.83,6457.5
S2,PAXGUSDT,-1,2025-10-07T16:00:00+00:00,2025-10-07T17:35:00+00:00,2025,3978.99,3998.01396286,3921.91811143,19.02396286,3.0,-1.062747,-1.062747,0.0,SL,20,1.58,0.1877,True,False,6178.38,1.378,85.14,-90.48,6087.9
S5,AVAXUSDT,-1,2025-10-07T20:00:00+00:00,2025-10-08T17:00:00+00:00,2025,28.1,28.77494141,24.72529296,0.67494141,5.0,-1.01249,-1.01249,0.0,SL,253,21.0,0.4297,True,False,6087.9,0.5216,31.75,-32.15,6490.33
S2,LTCUSDT,-1,2025-10-09T09:00:00+00:00,2025-10-09T12:20:00+00:00,2025,115.72,117.54213605,110.25359186,1.82213605,3.0,-1.019052,-1.019052,0.0,SL,41,3.33,0.0384,True,False,6457.5,1.378,88.98,-90.68,6366.82
S3,LTCUSDT,-1,2025-10-09T09:00:00+00:00,2025-10-09T12:20:00+00:00,2025,115.72,117.5422136,105.3945624,2.42951473,4.25,-0.764321,-0.764321,0.0,SL,41,3.33,0.0288,True,False,6457.5,3.3981,219.43,-167.72,6199.1
S2,PAXGUSDT,-1,2025-10-09T14:00:00+00:00,2025-10-09T17:15:00+00:00,2025,4037.09,4060.87823016,3965.72530951,23.78823016,3.0,2.949087,2.949087,0.0,TP,40,3.25,3.2302,True,False,6199.1,1.378,85.42,251.92,6451.02
S2,LTCUSDT,-1,2025-10-09T17:00:00+00:00,2025-10-09T17:55:00+00:00,2025,115.86,117.99294881,109.46115358,2.13294881,3.0,-1.016296,-1.016296,0.0,SL,12,0.92,0.1125,True,False,6199.1,1.378,85.42,-86.82,6364.21
S2,PAXGUSDT,-1,2025-10-09T17:00:00+00:00,2025-10-10T09:40:00+00:00,2025,3981.65,4011.85770287,3891.0268914,30.20770287,3.0,-1.039543,-1.039543,0.0,SL,201,16.67,0.8607,True,False,6199.1,1.378,85.42,-88.8,6275.41
S4,AVAXUSDT,1,2025-10-09T18:00:00+00:00,2025-10-10T15:20:00+00:00,2025,28.06,27.37605269,41.39697257,0.68394731,19.5,-1.012308,-1.012308,0.0,SL,257,21.33,0.8188,True,False,6364.21,1.6151,102.79,-104.05,8724.8
S2,PAXGUSDT,-1,2025-10-10T02:00:00+00:00,2025-10-10T09:40:00+00:00,2025,3983.6,4012.01754734,3898.34735797,28.41754734,3.0,-1.042054,-1.042054,0.0,SL,93,7.67,0.9835,True,False,6364.21,1.378,87.7,-91.39,6184.02
S2,LTCUSDT,-1,2025-10-10T16:00:00+00:00,2025-10-10T21:10:00+00:00,2025,127.06,131.41782851,113.98651448,4.35782851,3.0,2.991253,2.991253,0.0,TP,63,5.17,3.6509,True,False,8724.8,1.378,120.23,359.63,9084.43
S1,AVAXUSDT,1,2025-10-11T03:00:00+00:00,2025-10-17T08:15:00+00:00,2025,22.67,19.04146959,66.21236497,3.62853041,12.0,-1.001874,-1.001874,0.0,SL,1792,149.25,0.3858,True,False,8984.69,0.4981,44.75,-44.84,9767.33
S4,PAXGUSDT,1,2025-10-11T03:00:00+00:00,2025-10-21T14:20:00+00:00,2025,3984.93,3813.02371088,7337.10263781,171.90628912,19.5,0.993046,0.993046,0.0,BE,3017,251.33,6.5229,True,False,8984.69,1.6151,145.11,144.1,9429.15
S2,AVAXUSDT,-1,2025-10-11T20:00:00+00:00,2025-10-12T20:45:00+00:00,2025,21.9,23.23538138,17.89385586,1.33538138,3.0,-1.00492,-1.00492,0.0,SL,298,24.75,0.9286,True,False,8984.69,1.378,123.81,-124.42,8860.28
S2,PAXGUSDT,-1,2025-10-14T06:00:00+00:00,2025-10-14T08:25:00+00:00,2025,4129.03,4159.08323649,4038.87029052,30.05323649,3.0,-1.041217,-1.041217,0.0,SL,30,2.42,0.9327,True,False,8860.28,1.378,122.09,-127.13,8733.15
S2,AVAXUSDT,-1,2025-10-16T16:00:00+00:00,2025-10-17T07:55:00+00:00,2025,21.14,21.71134756,19.42595731,0.57134756,3.0,2.9889,2.9889,0.0,TP,192,15.92,3.1329,True,False,8733.15,1.378,120.34,359.69,9092.84
S2,LTCUSDT,-1,2025-10-16T16:00:00+00:00,2025-10-17T07:55:00+00:00,2025,91.77,94.03681186,84.96956443,2.26681186,3.0,2.987855,2.987855,0.0,TP,192,15.92,3.2866,True,False,8733.15,1.378,120.34,359.57,9452.41
S3,AVAXUSDT,-1,2025-10-16T16:00:00+00:00,2025-10-30T17:30:00+00:00,2025,21.14,21.92713476,17.9023638,0.76179675,4.25,4.241675,4.241675,0.0,TP,4051,337.5,4.2662,True,False,8733.15,3.3981,296.76,1258.76,10580.01
S3,LTCUSDT,-1,2025-10-16T16:00:00+00:00,2025-10-20T05:50:00+00:00,2025,91.77,95.27668119,78.92473281,3.02241581,4.25,-1.169334,-1.169334,0.0,SL,1031,85.83,2.7825,True,False,8733.15,3.3981,296.76,-347.01,9322.82
S2,AVAXUSDT,-1,2025-10-16T18:00:00+00:00,2025-10-17T07:55:00+00:00,2025,21.16,21.7620803,19.35375911,0.6020803,3.0,2.989457,2.989457,0.0,TP,168,13.92,3.0062,True,False,8733.15,1.378,120.34,359.76,9812.17
S5,PAXGUSDT,-1,2025-10-17T01:00:00+00:00,2025-12-23T23:50:00+00:00,2025,4392.36,4531.79868297,3695.16658515,139.43868297,5.0,-1.00945,-1.00945,0.0,SL,19571,1630.83,3.5558,True,False,8733.15,0.5216,45.55,-45.98,18118.77
S5,AVAXUSDT,-1,2025-10-17T07:00:00+00:00,2025-10-19T13:45:00+00:00,2025,19.91,20.63913553,16.26432234,0.72913553,5.0,-1.008192,-1.008192,0.0,SL,658,54.75,1.2069,True,False,8733.15,0.5216,45.55,-45.93,9669.83
S5,AVAXUSDT,-1,2025-10-17T08:00:00+00:00,2025-10-17T16:00:00+00:00,2025,19.4,20.15991156,15.60044218,0.75991156,5.0,-1.007659,-1.007659,0.0,SL,97,8.0,0.4869,True,False,9812.17,0.5216,51.18,-51.57,9715.76
S1,AVAXUSDT,1,2025-10-20T04:00:00+00:00,2025-10-20T16:00:00+00:00,2025,21.02,20.50965075,27.14419102,0.51034925,12.0,-1.012356,-1.012356,0.0,SL,145,12.0,0.3723,True,False,9669.83,0.4981,48.17,-48.76,9093.5
S1,PAXGUSDT,1,2025-10-20T13:00:00+00:00,2025-10-20T14:00:00+00:00,2025,4324.0,4281.28962214,4836.52453431,42.71037786,12.0,-1.030372,-1.030372,0.0,SL,13,1.0,0.0375,True,False,9322.82,0.4981,46.44,-47.85,9274.97
S2,PAXGUSDT,-1,2025-10-20T14:00:00+00:00,2025-10-20T15:00:00+00:00,2025,4295.81,4329.42151315,4194.97546055,33.61151315,3.0,-1.038342,-1.038342,0.0,SL,13,1.0,0.5581,True,False,9274.97,1.378,127.81,-132.71,9142.26
S5,AVAXUSDT,-1,2025-10-21T05:00:00+00:00,2025-10-21T10:50:00+00:00,2025,19.52,19.95627252,17.33863742,0.43627252,5.0,-1.013423,-1.013423,0.0,SL,71,5.83,0.1146,True,False,9093.5,0.5216,47.43,-48.07,9045.43
S2,PAXGUSDT,-1,2025-10-21T08:00:00+00:00,2025-10-21T13:45:00+00:00,2025,4297.82,4337.00505894,4180.26482319,39.18505894,3.0,2.967096,2.967096,0.0,TP,70,5.75,3.2109,True,False,9093.5,1.378,125.31,371.8,9417.24
S5,PAXGUSDT,-1,2025-10-21T13:00:00+00:00,2025-10-28T07:25:00+00:00,2025,4214.16,4271.39374283,3927.99128585,57.23374283,5.0,4.977911,4.977911,0.0,TP,1950,162.42,5.0323,True,False,9045.43,0.5216,47.18,234.86,8854.04
S2,AVAXUSDT,-1,2025-10-21T14:00:00+00:00,2025-10-21T14:10:00+00:00,2025,19.87,20.18937953,18.91186142,0.31937953,3.0,-1.018664,-1.018664,0.0,SL,3,0.17,0.0,True,False,9417.24,1.378,129.77,-132.19,9285.05
S5,PAXGUSDT,-1,2025-10-21T14:00:00+00:00,2025-11-29T01:15:00+00:00,2025,4178.11,4239.87847549,3869.26762257,61.76847549,5.0,-1.020292,-1.020292,0.0,SL,11080,923.25,4.5583,True,False,9417.24,0.5216,49.12,-50.12,11889.64
S4,AVAXUSDT,1,2025-10-21T15:00:00+00:00,2025-10-21T21:20:00+00:00,2025,20.55,20.05314916,30.23859142,0.49685084,19.5,-1.012408,-1.012408,0.0,SL,77,6.33,0.6038,True,False,9429.15,1.6151,152.29,-154.18,9274.97
S2,AVAXUSDT,-1,2025-10-21T17:00:00+00:00,2025-10-22T11:00:00+00:00,2025,20.41,20.82360125,19.16919626,0.41360125,3.0,2.985196,2.985196,0.0,TP,217,18.0,3.1189,True,False,9429.15,1.378,129.93,387.88,9662.85
S2,LTCUSDT,-1,2025-10-21T23:00:00+00:00,2025-10-24T08:10:00+00:00,2025,94.46,96.23841424,89.12475727,1.77841424,3.0,-1.015934,-1.015934,0.0,SL,687,57.17,2.5585,True,False,9274.97,1.378,127.81,-129.85,9220.86
S2,LTCUSDT,-1,2025-10-22T00:00:00+00:00,2025-10-22T16:55:00+00:00,2025,92.45,94.36602751,86.70191746,1.91602751,3.0,-1.014475,-1.014475,0.0,SL,204,16.92,0.7933,True,False,9274.97,1.378,127.81,-129.66,9350.71
S2,AVAXUSDT,-1,2025-10-22T01:00:00+00:00,2025-10-24T12:30:00+00:00,2025,19.38,19.80533962,18.10398113,0.42533962,3.0,-1.013669,-1.013669,0.0,SL,715,59.5,2.257,True,False,9274.97,1.378,127.81,-129.56,9091.31
S3,AVAXUSDT,-1,2025-10-22T01:00:00+00:00,2025-10-22T15:00:00+00:00,2025,19.38,19.70253396,16.96974213,0.5671195,4.25,-0.578975,-0.578975,0.0,SL,169,14.0,0.4585,True,False,9274.97,3.3981,315.17,-182.48,9480.37
S1,AVAXUSDT,1,2025-10-26T12:00:00+00:00,2025-10-28T05:50:00+00:00,2025,20.37,20.00688774,24.72734715,0.36311226,12.0,-1.01683,-1.01683,0.0,SL,503,41.83,2.0104,True,False,9091.31,0.4981,45.28,-46.05,8999.27
S1,AVAXUSDT,1,2025-10-26T23:00:00+00:00,2025-10-27T13:40:00+00:00,2025,20.72,20.32080885,25.51029375,0.39919115,12.0,-1.015571,-1.015571,0.0,SL,177,14.67,0.9519,True,False,9091.31,0.4981,45.28,-45.99,9045.32
S5,PAXGUSDT,-1,2025-10-27T15:00:00+00:00,2025-10-29T09:45:00+00:00,2025,3986.39,4024.23865059,3797.14674707,37.84865059,5.0,-1.031597,-1.031597,0.0,SL,514,42.75,2.3737,True,False,9045.32,0.5216,47.18,-48.67,9086.24
S2,LTCUSDT,-1,2025-10-27T18:00:00+00:00,2025-10-28T06:50:00+00:00,2025,101.88,103.461085,97.13674499,1.581085,3.0,-1.019331,-1.019331,0.0,SL,155,12.83,2.0429,True,False,9045.32,1.378,124.64,-127.05,8745.33
S2,AVAXUSDT,-1,2025-10-27T21:00:00+00:00,2025-10-28T20:00:00+00:00,2025,20.48,20.79233097,19.54300708,0.31233097,3.0,2.980329,2.980329,0.0,TP,277,23.0,3.0096,True,False,9045.32,1.378,124.64,371.48,9134.91
S2,LTCUSDT,-1,2025-10-27T21:00:00+00:00,2025-10-28T06:45:00+00:00,2025,100.21,101.87905202,95.20284393,1.66905202,3.0,-1.018012,-1.018012,0.0,SL,118,9.75,0.9347,True,False,9045.32,1.378,124.64,-126.89,8872.38
S2,AVAXUSDT,-1,2025-10-28T06:00:00+00:00,2025-10-28T06:50:00+00:00,2025,20.02,20.36795316,18.97614051,0.34795316,3.0,-1.017261,-1.017261,0.0,SL,11,0.83,0.0575,True,False,8999.27,1.378,124.01,-126.15,8619.18
S1,LTCUSDT,1,2025-10-28T07:00:00+00:00,2025-10-28T07:45:00+00:00,2025,105.52,102.5942722,140.62873355,2.9257278,12.0,-1.01082,-1.01082,0.0,SL,10,0.75,0.499,True,False,8619.18,0.4981,42.93,-43.4,8810.64
S2,LTCUSDT,-1,2025-10-28T08:00:00+00:00,2025-10-30T12:50:00+00:00,2025,102.47,105.01220329,94.84339014,2.54220329,3.0,2.987908,2.987908,0.0,TP,635,52.83,3.0407,True,False,8810.64,1.378,121.41,362.76,9321.24
S5,PAXGUSDT,-1,2025-10-28T09:00:00+00:00,2025-10-28T14:05:00+00:00,2025,3906.54,3949.16287329,3693.42563354,42.62287329,5.0,-1.027496,-1.027496,0.0,SL,62,5.08,0.2344,True,False,8810.64,0.5216,45.96,-47.22,8763.42
S2,AVAXUSDT,-1,2025-10-28T20:00:00+00:00,2025-10-29T17:55:00+00:00,2025,19.64,20.034891,18.45532701,0.394891,3.0,-1.014921,-1.014921,0.0,SL,264,21.92,1.2915,True,False,9134.91,1.378,125.88,-127.76,8958.48
S2,AVAXUSDT,-1,2025-10-30T13:00:00+00:00,2025-11-03T04:05:00+00:00,2025,18.77,19.23132954,17.38601139,0.46132954,3.0,2.987794,2.987794,0.0,TP,1046,87.08,3.013,True,False,9321.24,1.378,128.45,383.77,10963.78
S1,AVAXUSDT,1,2025-10-30T21:00:00+00:00,2025-11-03T06:45:00+00:00,2025,17.94,17.28271085,25.82746985,0.65728915,12.0,-1.008188,-1.008188,0.0,SL,982,81.75,1.6279,True,False,10580.01,0.4981,52.7,-53.13,10910.65
S5,AVAXUSDT,-1,2025-11-03T04:00:00+00:00,2025-11-04T20:15:00+00:00,2025,17.54,18.04781428,15.00092859,0.50781428,5.0,4.989638,4.989638,0.0,TP,484,40.25,5.0018,True,False,10580.01,0.5216,55.19,275.35,10314.89
S5,LTCUSDT,-1,2025-11-03T11:00:00+00:00,2025-11-07T16:15:00+00:00,2025,91.66,94.59152075,77.00239623,2.93152075,5.0,-1.00938,-1.00938,0.0,SL,1216,101.25,4.0866,True,False,10910.65,0.5216,56.91,-57.44,10257.45
S5,LTCUSDT,-1,2025-11-03T20:00:00+00:00,2025-11-04T04:10:00+00:00,2025,87.39,90.89389979,69.87050104,3.50389979,5.0,-1.007482,-1.007482,0.0,SL,99,8.17,0.3339,True,False,10910.65,0.5216,56.91,-57.34,10853.31
S2,AVAXUSDT,-1,2025-11-04T06:00:00+00:00,2025-11-04T06:15:00+00:00,2025,15.99,16.5196401,14.40107969,0.5296401,3.0,-1.009057,-1.009057,0.0,SL,4,0.25,0.0378,True,False,10853.31,1.378,149.56,-150.91,10702.4
S2,PAXGUSDT,-1,2025-11-04T06:00:00+00:00,2025-11-04T07:30:00+00:00,2025,3965.07,3986.4829832,3900.83105039,21.4129832,3.0,-1.055551,-1.055551,0.0,SL,19,1.5,0.2863,True,False,10853.31,1.378,149.56,-157.87,10544.53
S3,AVAXUSDT,-1,2025-11-04T06:00:00+00:00,2025-11-04T14:55:00+00:00,2025,15.99,16.84296401,12.98870608,0.7061868,4.25,-1.214638,-1.214638,0.0,SL,108,8.92,0.0283,True,False,10853.31,3.3981,368.81,-447.97,10039.54
S5,LTCUSDT,-1,2025-11-04T06:00:00+00:00,2025-11-04T14:45:00+00:00,2025,85.34,88.81022414,67.9888793,3.47022414,5.0,-1.007378,-1.007378,0.0,SL,106,8.75,0.0115,True,False,10853.31,0.5216,56.61,-57.03,10487.5
S2,AVAXUSDT,-1,2025-11-04T16:00:00+00:00,2025-11-05T17:20:00+00:00,2025,16.41,16.93774196,14.82677411,0.52774196,3.0,-1.009328,-1.009328,0.0,SL,305,25.33,2.6718,False,True,,,,,
S2,AVAXUSDT,-1,2025-11-04T17:00:00+00:00,2025-11-05T04:40:00+00:00,2025,15.97,16.51683182,14.32950453,0.54683182,3.0,-1.008761,-1.008761,0.0,SL,141,11.67,1.7739,False,True,,,,,
S2,PAXGUSDT,-1,2025-11-04T18:00:00+00:00,2025-11-05T08:05:00+00:00,2025,3944.17,3970.34035199,3865.65894404,26.17035199,3.0,-1.045213,-1.045213,0.0,SL,170,14.08,1.1345,False,True,,,,,
S4,LTCUSDT,1,2025-11-04T23:00:00+00:00,2025-11-19T17:00:00+00:00,2025,85.46,81.02510738,171.94040617,4.43489262,19.5,0.994219,-1.005781,2.0,BE,4249,354.0,6.3699,False,True,,,,,
S4,AVAXUSDT,1,2025-11-05T03:00:00+00:00,2025-11-14T04:35:00+00:00,2025,16.35,15.44587739,33.98039093,0.90412261,19.5,-1.005425,-1.005425,0.0,SL,2612,217.58,2.4997,True,False,10314.89,1.6151,166.6,-167.5,9814.16
S4,LTCUSDT,1,2025-11-05T03:00:00+00:00,2025-11-17T20:40:00+00:00,2025,86.99,82.65302769,171.56096003,4.33697231,19.5,0.993983,-1.006017,2.0,BE,3669,305.67,6.161,True,False,10314.89,1.6151,166.6,165.59,10165.47
S1,LTCUSDT,1,2025-11-07T17:00:00+00:00,2025-11-08T10:30:00+00:00,2025,103.33,98.37875847,162.74489842,4.95124153,12.0,-1.006261,-1.006261,0.0,SL,211,17.5,0.307,True,False,10257.45,0.4981,51.09,-51.41,10206.04
S1,AVAXUSDT,1,2025-11-07T18:00:00+00:00,2025-11-08T16:05:00+00:00,2025,17.73,17.05030782,25.88630612,0.67969218,12.0,-1.007826,-1.007826,0.0,SL,266,22.08,1.0005,True,False,10257.45,0.4981,51.09,-51.49,10154.54
S5,LTCUSDT,-1,2025-11-07T19:00:00+00:00,2025-11-08T23:55:00+00:00,2025,101.11,106.40510112,74.6344944,5.29510112,5.0,-1.005729,-1.005729,0.0,SL,348,28.92,0.5836,True,False,10257.45,0.5216,53.5,-53.81,9958.21
S2,LTCUSDT,-1,2025-11-08T01:00:00+00:00,2025-11-08T23:35:00+00:00,2025,100.27,103.86939767,89.471807,3.59939767,3.0,-1.008357,-1.008357,0.0,SL,272,22.58,0.6251,True,False,10257.45,1.378,141.35,-142.53,10012.02
S2,LTCUSDT,-1,2025-11-09T03:00:00+00:00,2025-11-09T10:50:00+00:00,2025,101.5,105.04048374,90.87854877,3.54048374,3.0,-1.008601,-1.008601,0.0,SL,95,7.83,0.7626,True,False,9958.21,1.378,137.22,-138.4,9819.8
S2,LTCUSDT,-1,2025-11-09T12:00:00+00:00,2025-11-09T14:10:00+00:00,2025,102.05,105.91054793,90.4683562,3.86054793,3.0,-1.00793,-1.00793,0.0,SL,27,2.17,0.272,True,False,9819.8,1.378,135.32,-136.39,9683.41
S1,PAXGUSDT,1,2025-11-10T06:00:00+00:00,2025-11-14T13:20:00+00:00,2025,4064.11,4046.26927578,4278.19869062,17.84072422,12.0,-1.06834,-1.06834,0.0,SL,1241,103.33,9.647,True,False,9683.41,0.4981,48.23,-51.53,10244.04
S1,PAXGUSDT,1,2025-11-12T16:00:00+00:00,2025-11-13T18:35:00+00:00,2025,4169.39,4138.97666982,4534.34996214,30.41333018,12.0,-1.041127,-1.041127,0.0,SL,320,26.58,2.1974,True,False,9683.41,0.4981,48.23,-50.22,9583.01
S1,PAXGUSDT,1,2025-11-12T17:00:00+00:00,2025-11-13T18:30:00+00:00,2025,4181.96,4151.02333626,4553.19996485,30.93666374,12.0,-1.040553,-1.040553,0.0,SL,307,25.5,1.7539,True,False,9683.41,0.4981,48.23,-50.19,9633.22
S2,AVAXUSDT,-1,2025-11-13T16:00:00+00:00,2025-11-14T04:30:00+00:00,2025,16.96,17.3687268,15.7338196,0.4087268,3.0,2.987552,2.987552,0.0,TP,151,12.5,3.1561,True,False,9683.41,1.378,133.44,398.65,9981.66
S2,AVAXUSDT,-1,2025-11-13T17:00:00+00:00,2025-11-14T04:35:00+00:00,2025,16.72,17.13703203,15.46890391,0.41703203,3.0,2.987972,2.987972,0.0,TP,140,11.58,3.2611,True,False,9683.41,1.378,133.44,398.71,10212.86
S2,LTCUSDT,-1,2025-11-13T17:00:00+00:00,2025-11-14T19:50:00+00:00,2025,97.36,100.03602945,89.33191165,2.67602945,3.0,-1.010915,-1.010915,0.0,SL,323,26.83,1.5471,True,False,9683.41,1.378,133.44,-134.89,10109.14
S3,LTCUSDT,-1,2025-11-13T17:00:00+00:00,2025-11-15T01:40:00+00:00,2025,97.36,100.38760295,82.19583311,3.56803927,4.25,-0.85672,-0.85672,0.0,SL,393,32.67,1.1603,True,False,9683.41,3.3981,329.05,-281.91,9827.24
S2,AVAXUSDT,-1,2025-11-13T18:00:00+00:00,2025-11-14T12:40:00+00:00,2025,16.38,16.80902974,15.09291077,0.42902974,3.0,2.988546,2.988546,0.0,TP,225,18.67,3.0301,True,False,9683.41,1.378,133.44,398.78,10295.57
S2,LTCUSDT,-1,2025-11-13T18:00:00+00:00,2025-11-14T07:35:00+00:00,2025,95.8,98.49381306,87.71856082,2.69381306,3.0,-1.010669,-1.010669,0.0,SL,164,13.58,0.9578,True,False,9683.41,1.378,133.44,-134.86,9896.78
S3,AVAXUSDT,-1,2025-11-13T18:00:00+00:00,2025-11-19T16:35:00+00:00,2025,16.38,16.79290297,13.94883146,0.57203966,4.25,4.24141,4.24141,0.0,TP,1712,142.58,4.3179,True,False,9683.41,3.3981,329.05,1395.64,11926.05
S3,LTCUSDT,-1,2025-11-13T18:00:00+00:00,2025-11-14T07:00:00+00:00,2025,95.8,97.74938131,80.53505932,3.59175075,4.25,-0.55074,-0.55074,0.0,SL,157,13.0,0.7183,True,False,9683.41,3.3981,329.05,-181.22,10031.64
S2,AVAXUSDT,-1,2025-11-13T20:00:00+00:00,2025-11-16T17:55:00+00:00,2025,15.98,16.42033687,14.65898939,0.44033687,3.0,2.989113,2.989113,0.0,TP,840,69.92,3.0885,True,False,9583.01,1.378,132.05,394.72,10221.96
S5,PAXGUSDT,-1,2025-11-14T13:00:00+00:00,2025-11-24T20:50:00+00:00,2025,4091.36,4134.02419404,3878.03902978,42.66419404,5.0,-1.028769,-1.028769,0.0,SL,2975,247.83,2.2989,True,False,10295.57,0.5216,53.7,-55.25,11939.76
S4,AVAXUSDT,1,2025-11-17T03:00:00+00:00,2025-11-17T16:15:00+00:00,2025,15.51,14.97051439,26.02996934,0.53948561,19.5,-1.008625,-1.008625,0.0,SL,160,13.25,0.6302,True,False,10221.96,1.6151,165.09,-166.52,9999.88
S5,PAXGUSDT,-1,2025-11-17T06:00:00+00:00,2025-11-17T07:45:00+00:00,2025,4040.0,4068.81200581,3895.93997095,28.81200581,5.0,-1.042066,-1.042066,0.0,SL,22,1.75,0.0375,True,False,10221.96,0.5216,53.32,-55.56,10166.4
S2,AVAXUSDT,-1,2025-11-17T16:00:00+00:00,2025-11-19T05:40:00+00:00,2025,15.25,15.65922174,14.02233479,0.40922174,3.0,2.98882,2.98882,0.0,TP,453,37.67,3.1523,True,False,10166.4,1.378,140.09,418.71,10530.4
S2,AVAXUSDT,-1,2025-11-17T18:00:00+00:00,2025-11-21T07:30:00+00:00,2025,14.75,15.20922691,13.37231928,0.45922691,3.0,2.990364,2.990364,0.0,TP,1027,85.5,4.7471,True,False,9999.88,1.378,137.8,412.07,12338.12
S5,PAXGUSDT,-1,2025-11-17T20:00:00+00:00,2025-11-17T22:05:00+00:00,2025,4000.94,4039.51556042,3808.06219792,38.57556042,5.0,-1.031115,-1.031115,0.0,SL,26,2.08,0.1488,True,False,9999.88,0.5216,52.16,-53.78,10111.69
S2,AVAXUSDT,-1,2025-11-21T16:00:00+00:00,2025-11-21T17:25:00+00:00,2025,13.0,13.43089884,11.70730348,0.43089884,3.0,-1.009051,-1.009051,0.0,SL,18,1.42,0.3713,True,False,12338.12,1.378,170.02,-171.56,12166.56
S2,LTCUSDT,-1,2025-11-21T16:00:00+00:00,2025-11-24T02:20:00+00:00,2025,82.02,84.74198269,73.85405194,2.72198269,3.0,-1.00904,-1.00904,0.0,SL,701,58.33,0.6245,True,False,12338.12,1.378,170.02,-171.56,11995.0
S1,PAXGUSDT,1,2025-11-24T19:00:00+00:00,2025-12-22T15:55:00+00:00,2025,4117.9,4090.14394318,4450.97268182,27.75605682,12.0,11.955492,11.955492,0.0,TP,8028,668.92,12.0086,True,False,11995.0,0.4981,59.75,714.31,15226.28
S2,AVAXUSDT,-1,2025-11-28T17:00:00+00:00,2025-11-29T20:10:00+00:00,2025,14.85,15.02134842,14.33595474,0.17134842,3.0,2.974,2.974,0.0,TP,327,27.17,3.3266,True,False,11939.76,1.378,164.53,489.31,12315.77
S5,LTCUSDT,-1,2025-11-28T18:00:00+00:00,2025-11-29T04:50:00+00:00,2025,83.68,85.41463341,75.00683297,1.73463341,5.0,-1.014472,-1.014472,0.0,SL,131,10.83,0.3171,True,False,11939.76,0.5216,62.28,-63.18,11826.46
S2,AVAXUSDT,-1,2025-12-01T00:00:00+00:00,2025-12-01T03:05:00+00:00,2025,13.72,13.9383907,13.06482789,0.2183907,3.0,2.981153,2.981153,0.0,TP,38,3.08,3.2053,True,False,12315.77,1.378,169.71,505.94,13105.79
S2,LTCUSDT,-1,2025-12-01T00:00:00+00:00,2025-12-01T00:15:00+00:00,2025,82.37,83.27607687,79.65176938,0.90607687,3.0,2.972727,2.972727,0.0,TP,4,0.25,3.0461,True,False,12315.77,1.378,169.71,504.51,12820.28
S5,AVAXUSDT,-1,2025-12-01T01:00:00+00:00,2025-12-02T15:10:00+00:00,2025,13.11,13.47181706,11.30091469,0.36181706,5.0,-1.01087,-1.01087,0.0,SL,459,38.17,1.5754,True,False,12820.28,0.5216,66.87,-67.6,12748.85
S5,LTCUSDT,-1,2025-12-01T01:00:00+00:00,2025-12-02T14:35:00+00:00,2025,77.99,79.77323803,69.07380983,1.78323803,5.0,-1.013121,-1.013121,0.0,SL,452,37.58,1.8674,True,False,12820.28,0.5216,66.87,-67.75,12816.45
S4,PAXGUSDT,1,2025-12-01T02:00:00+00:00,2025-12-01T02:30:00+00:00,2025,4269.99,4250.14192358,4657.02749018,19.84807642,19.5,-1.06454,-1.06454,0.0,SL,7,0.5,0.0952,True,False,12820.28,1.6151,207.06,-220.42,12599.85
S4,PAXGUSDT,1,2025-12-01T08:00:00+00:00,2025-12-02T01:05:00+00:00,2025,4251.0,4223.78310745,4781.72940475,27.21689255,19.5,-1.046857,-1.046857,0.0,SL,206,17.08,1.1566,True,False,13105.79,1.6151,211.67,-221.59,12884.2
S1,AVAXUSDT,1,2025-12-02T16:00:00+00:00,2025-12-05T16:40:00+00:00,2025,13.67,13.30896595,18.00240863,0.36103405,12.0,-1.011359,-1.011359,0.0,SL,873,72.67,3.9331,True,False,12748.85,0.4981,63.5,-64.22,12551.91
S5,PAXGUSDT,-1,2025-12-02T16:00:00+00:00,2025-12-02T20:35:00+00:00,2025,4171.21,4207.37321521,3990.39392394,36.16321521,5.0,-1.034603,-1.034603,0.0,SL,56,4.58,0.0572,True,False,12748.85,0.5216,66.5,-68.8,12680.05
S1,AVAXUSDT,1,2025-12-03T22:00:00+00:00,2025-12-04T17:35:00+00:00,2025,14.9,14.53021778,19.33738666,0.36978222,12.0,-1.012088,-1.012088,0.0,SL,236,19.58,0.5138,True,False,12680.05,0.4981,63.16,-63.92,12616.13
S2,LTCUSDT,-1,2025-12-07T15:00:00+00:00,2025-12-07T15:50:00+00:00,2025,79.99,81.00533167,76.94400498,1.01533167,3.0,-1.023635,-1.023635,0.0,SL,11,0.83,0.0689,True,False,12551.91,1.378,172.97,-177.05,12374.85
S2,AVAXUSDT,-1,2025-12-07T22:00:00+00:00,2025-12-08T09:00:00+00:00,2025,13.53,13.78214094,12.77357719,0.25214094,3.0,-1.016098,-1.016098,0.0,SL,133,11.0,1.0312,True,False,12374.85,1.378,170.53,-173.27,12027.72
S2,LTCUSDT,-1,2025-12-07T22:00:00+00:00,2025-12-08T01:35:00+00:00,2025,81.65,82.9006712,77.89798641,1.2506712,3.0,-1.019585,-1.019585,0.0,SL,44,3.58,1.2393,True,False,12374.85,1.378,170.53,-173.87,12200.99
S2,PAXGUSDT,-1,2025-12-08T08:00:00+00:00,2025-12-08T15:05:00+00:00,2025,4215.34,4223.1656674,4191.86299781,7.8256674,3.0,2.838403,2.838403,0.0,TP,86,7.08,3.8003,True,False,12200.99,1.378,168.13,477.22,12504.94
S2,PAXGUSDT,-1,2025-12-08T14:00:00+00:00,2025-12-09T06:10:00+00:00,2025,4210.55,4220.32966358,4181.21100926,9.77966358,3.0,2.870838,2.870838,0.0,TP,195,16.17,3.1238,True,False,12027.72,1.378,165.74,475.82,12980.76
S4,PAXGUSDT,1,2025-12-08T18:00:00+00:00,2025-12-09T06:10:00+00:00,2025,4201.68,4183.92712805,4547.86100297,17.75287195,19.5,-1.071003,-1.071003,0.0,SL,147,12.17,0.1082,True,False,12504.94,1.6151,201.97,-216.31,12764.45
S4,PAXGUSDT,1,2025-12-09T07:00:00+00:00,2025-12-23T01:00:00+00:00,2025,4190.8,4174.85364053,4501.75400974,15.94635947,19.5,19.421158,19.421158,0.0,TP,3961,330.0,19.5574,True,False,12764.45,1.6151,206.16,4003.84,18682.01
S1,AVAXUSDT,1,2025-12-09T16:00:00+00:00,2025-12-11T00:45:00+00:00,2025,14.13,13.80811941,17.99256712,0.32188059,12.0,-1.013169,-1.013169,0.0,SL,394,32.75,2.1747,True,False,12764.45,0.4981,63.58,-64.42,12266.3
S1,AVAXUSDT,1,2025-12-09T17:00:00+00:00,2025-12-10T11:35:00+00:00,2025,14.61,14.23253945,19.13952661,0.37746055,12.0,-1.011612,-1.011612,0.0,SL,224,18.58,0.3179,True,False,12764.45,0.4981,63.58,-64.32,12700.13
S2,PAXGUSDT,-1,2025-12-09T18:00:00+00:00,2025-12-10T20:00:00+00:00,2025,4206.18,4221.78687831,4159.35936508,15.60687831,3.0,-1.080852,-1.080852,0.0,SL,313,26.0,1.1662,True,False,12764.45,1.378,175.89,-190.12,12510.02
S2,LTCUSDT,-1,2025-12-10T01:00:00+00:00,2025-12-10T20:10:00+00:00,2025,85.26,86.57976994,81.30069018,1.31976994,3.0,-1.019381,-1.019381,0.0,SL,231,19.17,1.1517,True,False,12764.45,1.378,175.89,-179.3,12330.71
S4,PAXGUSDT,1,2025-12-10T20:00:00+00:00,2026-01-12T08:50:00+00:00,2026,4219.16,4199.67712924,4599.07597986,19.48287076,19.5,19.435033,19.435033,0.0,TP,9371,780.83,19.5469,True,False,12510.02,1.6151,202.05,3926.83,22403.8
S2,AVAXUSDT,-1,2025-12-10T22:00:00+00:00,2025-12-11T02:10:00+00:00,2025,14.27,14.53709363,13.4687191,0.26709363,3.0,2.983972,2.983972,0.0,TP,51,4.17,3.0701,True,False,12330.71,1.378,169.92,507.03,12773.32
S2,LTCUSDT,-1,2025-12-11T01:00:00+00:00,2025-12-12T10:00:00+00:00,2025,82.77,84.20122131,78.47633608,1.43122131,3.0,-1.01735,-1.01735,0.0,SL,397,33.0,1.7188,True,False,12266.3,1.378,169.03,-171.96,11871.46
S5,AVAXUSDT,-1,2025-12-11T01:00:00+00:00,2025-12-17T16:20:00+00:00,2025,13.81,14.19847168,11.86764161,0.38847168,5.0,4.989335,4.989335,0.0,TP,1913,159.33,5.0197,True,False,12266.3,0.5216,63.98,319.22,12002.28
S2,LTCUSDT,-1,2025-12-11T02:00:00+00:00,2025-12-11T21:15:00+00:00,2025,81.54,83.00613407,77.14159779,1.46613407,3.0,-1.016685,-1.016685,0.0,SL,232,19.25,0.8389,True,False,12266.3,1.378,169.03,-171.85,12411.76
S3,LTCUSDT,-1,2025-12-11T02:00:00+00:00,2025-12-11T21:15:00+00:00,2025,81.54,82.92661341,73.23190694,1.95484543,4.25,-0.721835,-0.721835,0.0,SL,232,19.25,0.6292,True,False,12266.3,3.3981,416.82,-300.88,12110.88
S5,AVAXUSDT,-1,2025-12-11T02:00:00+00:00,2025-12-18T17:15:00+00:00,2025,13.6,13.99215227,11.63923864,0.39215227,5.0,4.989596,4.989596,0.0,TP,2200,183.25,5.3296,True,False,12266.3,0.5216,63.98,319.24,12071.45
S2,PAXGUSDT,-1,2025-12-11T03:00:00+00:00,2025-12-11T14:35:00+00:00,2025,4223.84,4240.12270521,4174.99188437,16.28270521,3.0,-1.077822,-1.077822,0.0,SL,140,11.58,0.8162,True,False,12773.32,1.378,176.02,-189.71,12583.61
S5,LTCUSDT,-1,2025-12-11T03:00:00+00:00,2025-12-11T21:15:00+00:00,2025,80.91,82.84949932,71.21250338,1.93949932,5.0,-1.012515,-1.012515,0.0,SL,220,18.25,0.3094,True,False,12773.32,0.5216,66.63,-67.46,12043.42
S1,PAXGUSDT,1,2025-12-11T17:00:00+00:00,2026-01-12T13:05:00+00:00,2026,4277.15,4249.68195924,4606.76648909,27.46804076,12.0,11.953286,11.953286,0.0,TP,9170,764.08,12.0402,True,False,12583.61,0.4981,62.68,749.22,23153.02
S2,AVAXUSDT,-1,2025-12-12T16:00:00+00:00,2025-12-12T18:40:00+00:00,2025,12.9,13.18128271,12.05615186,0.28128271,3.0,-1.013758,-1.013758,0.0,SL,33,2.67,0.32,True,False,11871.46,1.378,163.59,-165.84,11705.62
S2,LTCUSDT,-1,2025-12-12T16:00:00+00:00,2025-12-15T15:20:00+00:00,2025,81.35,82.58566743,77.64299772,1.23566743,3.0,2.98025,2.98025,0.0,TP,857,71.33,3.0914,True,False,11871.46,1.378,163.59,487.54,11957.99
S2,PAXGUSDT,-1,2025-12-12T16:00:00+00:00,2025-12-15T01:20:00+00:00,2025,4300.83,4326.29992187,4224.42023439,25.46992187,3.0,-1.050658,-1.050658,0.0,SL,689,57.33,1.1975,True,False,11871.46,1.378,163.59,-171.88,11533.75
S3,AVAXUSDT,-1,2025-12-12T16:00:00+00:00,2025-12-18T19:50:00+00:00,2025,12.9,13.53812827,11.30606463,0.37504362,4.25,4.239681,4.239681,0.0,TP,1775,147.83,4.3195,True,False,11871.46,3.3981,403.4,1710.3,14742.78
S1,PAXGUSDT,1,2025-12-15T06:00:00+00:00,2025-12-15T14:15:00+00:00,2025,4354.36,4341.50926669,4508.56879972,12.85073331,12.0,-1.101652,-1.101652,0.0,SL,100,8.25,0.8031,True,False,11533.75,0.4981,57.45,-63.29,11470.46
S2,PAXGUSDT,-1,2025-12-15T14:00:00+00:00,2025-12-15T16:20:00+00:00,2025,4345.42,4357.2314692,4309.98559241,11.8114692,3.0,2.88963,2.88963,0.0,TP,29,2.33,3.3027,True,False,11533.75,1.378,158.94,459.26,12417.26
S2,AVAXUSDT,-1,2025-12-15T16:00:00+00:00,2025-12-17T19:00:00+00:00,2025,12.5,12.74006622,11.77980134,0.24006622,3.0,2.984379,2.984379,0.0,TP,613,51.0,3.1241,True,False,11957.99,1.378,164.78,491.77,12494.05
S2,LTCUSDT,-1,2025-12-15T16:00:00+00:00,2025-12-16T11:40:00+00:00,2025,77.84,79.00326966,74.35019102,1.16326966,3.0,-1.020074,-1.020074,0.0,SL,237,19.67,1.8053,True,False,11957.99,1.378,164.78,-168.09,11849.31
S2,LTCUSDT,-1,2025-12-15T18:00:00+00:00,2025-12-15T23:00:00+00:00,2025,76.45,77.69486006,72.71541981,1.24486006,3.0,-1.018424,-1.018424,0.0,SL,61,5.0,0.5703,True,False,12417.26,1.378,171.11,-174.26,12017.4
S3,LTCUSDT,-1,2025-12-15T18:00:00+00:00,2025-12-15T19:00:00+00:00,2025,76.45,77.31448601,69.39579297,1.65981342,4.25,-0.534651,-0.534651,0.0,SL,13,1.0,0.4278,True,False,12417.26,3.3981,421.95,-225.6,12191.66
S4,PAXGUSDT,1,2025-12-16T13:00:00+00:00,2025-12-19T01:25:00+00:00,2025,4305.3,4283.44260674,4731.51916857,21.85739326,19.5,0.940908,19.440908,-18.5,BE,726,60.42,3.58,True,False,11849.31,1.6151,191.38,180.07,14717.25
S2,LTCUSDT,-1,2025-12-16T14:00:00+00:00,2025-12-16T15:45:00+00:00,2025,77.63,78.91056705,73.78829886,1.28056705,3.0,-1.018186,-1.018186,0.0,SL,22,1.75,0.3592,True,False,11849.31,1.378,163.28,-166.25,11683.05
S2,AVAXUSDT,-1,2025-12-17T16:00:00+00:00,2025-12-18T19:35:00+00:00,2025,12.15,12.40235542,11.39293374,0.25235542,3.0,2.985556,2.985556,0.0,TP,332,27.58,3.0116,True,False,11683.05,1.378,160.99,480.65,13032.47
S2,LTCUSDT,-1,2025-12-17T16:00:00+00:00,2025-12-18T17:20:00+00:00,2025,78.23,79.67631736,73.89104791,1.44631736,3.0,2.983773,2.983773,0.0,TP,305,25.33,3.1943,True,False,11683.05,1.378,160.99,480.37,12551.82
S2,AVAXUSDT,-1,2025-12-17T18:00:00+00:00,2025-12-18T13:45:00+00:00,2025,11.91,12.18667381,11.07997858,0.27667381,3.0,-1.012914,-1.012914,0.0,SL,238,19.75,0.9397,True,False,12002.28,1.378,165.39,-167.53,11919.97
S2,LTCUSDT,-1,2025-12-17T18:00:00+00:00,2025-12-18T13:45:00+00:00,2025,76.41,78.01432467,71.597026,1.60432467,3.0,-1.014288,-1.014288,0.0,SL,238,19.75,1.0098,True,False,12002.28,1.378,165.39,-167.75,11752.22
S3,AVAXUSDT,-1,2025-12-17T18:00:00+00:00,2025-12-18T13:40:00+00:00,2025,11.91,12.09766738,10.34218177,0.36889841,4.25,-0.518409,-0.518409,0.0,SL,237,19.67,0.7048,True,False,12002.28,3.3981,407.85,-211.43,12282.61
S3,LTCUSDT,-1,2025-12-17T18:00:00+00:00,2025-12-18T13:40:00+00:00,2025,76.41,77.41043247,67.31882689,2.13909956,4.25,-0.478405,-0.478405,0.0,SL,237,19.67,0.7573,True,False,12002.28,3.3981,407.85,-195.12,12087.5
S2,AVAXUSDT,-1,2025-12-18T20:00:00+00:00,2025-12-19T03:25:00+00:00,2025,11.3,11.62465423,10.32603731,0.32465423,3.0,-1.010442,-1.010442,0.0,SL,90,7.42,0.1232,True,False,14742.78,1.378,203.16,-205.28,14511.97
S2,LTCUSDT,-1,2025-12-18T20:00:00+00:00,2025-12-18T21:55:00+00:00,2025,72.75,74.56438698,67.30683905,1.81438698,3.0,-1.012029,-1.012029,0.0,SL,24,1.92,0.0165,True,False,14742.78,1.378,203.16,-205.6,14537.18
S1,PAXGUSDT,1,2025-12-22T02:00:00+00:00,2025-12-23T01:00:00+00:00,2025,4392.54,4383.60732894,4499.73205275,8.93267106,12.0,11.852478,11.852478,0.0,TP,277,23.0,12.3289,True,False,14511.97,0.4981,72.28,856.75,19538.76
S1,PAXGUSDT,1,2025-12-22T05:00:00+00:00,2025-12-24T00:40:00+00:00,2025,4411.01,4400.17638545,4541.01337459,10.83361455,12.0,11.877852,11.877852,0.0,TP,525,43.67,12.0523,True,False,14511.97,0.4981,72.28,858.58,18977.35
S1,PAXGUSDT,1,2025-12-22T07:00:00+00:00,2025-12-29T14:00:00+00:00,2025,4433.52,4419.44836297,4602.37964442,14.07163703,12.0,-1.09452,-1.09452,0.0,SL,2101,175.0,10.1211,True,False,14511.97,0.4981,72.28,-79.12,17950.11
S1,PAXGUSDT,1,2025-12-22T13:00:00+00:00,2025-12-29T14:00:00+00:00,2025,4430.55,4416.83114054,4595.17631349,13.71885946,12.0,-1.096886,-1.096886,0.0,SL,2029,169.0,10.5978,True,False,14511.97,0.4981,72.28,-79.29,17870.83
S2,AVAXUSDT,-1,2025-12-22T20:00:00+00:00,2025-12-22T21:35:00+00:00,2025,12.14,12.30856173,11.63431482,0.16856173,3.0,-1.021606,-1.021606,0.0,SL,20,1.58,0.356,True,False,15226.28,1.378,209.82,-214.35,15011.92
S2,LTCUSDT,-1,2025-12-22T20:00:00+00:00,2025-12-27T12:00:00+00:00,2025,77.05,78.08463118,73.94610647,1.03463118,3.0,-1.022341,-1.022341,0.0,SL,1345,112.0,1.7687,True,False,15226.28,1.378,209.82,-214.51,18125.28
S3,LTCUSDT,-1,2025-12-22T20:00:00+00:00,2025-12-27T14:45:00+00:00,2025,77.05,78.43346312,71.18709,1.37950823,4.25,-1.019623,-1.019623,0.0,SL,1378,114.75,1.3266,True,False,15226.28,3.3981,517.4,-527.56,17597.73
S2,LTCUSDT,-1,2025-12-22T21:00:00+00:00,2025-12-23T16:15:00+00:00,2025,76.41,77.45322895,73.28031315,1.04322895,3.0,-1.021973,-1.021973,0.0,SL,232,19.25,0.8435,True,False,15226.28,1.378,209.82,-214.43,19324.33
S3,LTCUSDT,-1,2025-12-22T21:00:00+00:00,2025-12-22T22:50:00+00:00,2025,76.41,77.28432289,70.49836929,1.39097193,4.25,-0.64505,-0.64505,0.0,SL,23,1.83,0.0431,True,False,15226.28,3.3981,517.4,-333.75,14678.17
S2,PAXGUSDT,-1,2025-12-23T15:00:00+00:00,2025-12-23T16:45:00+00:00,2025,4461.6,4482.54965312,4398.75104063,20.94965312,3.0,-1.06389,-1.06389,0.0,SL,22,1.75,0.6625,True,False,19538.76,1.378,269.24,-286.45,19037.88
S3,PAXGUSDT,-1,2025-12-23T15:00:00+00:00,2025-12-23T18:55:00+00:00,2025,4461.6,4496.99496531,4342.88529898,27.93287083,4.25,-1.315062,-1.315062,0.0,SL,48,3.92,0.4969,True,False,19538.76,3.3981,663.95,-873.13,18164.75
S2,PAXGUSDT,-1,2025-12-24T03:00:00+00:00,2025-12-26T00:05:00+00:00,2025,4495.08,4520.20490275,4419.70529176,25.12490275,3.0,-1.053673,-1.053673,0.0,SL,542,45.08,1.2629,True,False,18977.35,1.378,261.51,-275.54,18701.81
S2,LTCUSDT,-1,2025-12-26T15:00:00+00:00,2025-12-26T19:45:00+00:00,2025,75.92,76.88028612,73.03914163,0.96028612,3.0,-1.023718,-1.023718,0.0,SL,58,4.75,0.4582,True,False,18701.81,1.378,257.71,-263.82,18339.79
S1,PAXGUSDT,1,2025-12-26T16:00:00+00:00,2025-12-26T17:30:00+00:00,2025,4567.38,4542.05319407,4871.30167111,25.32680593,12.0,-1.054101,-1.054101,0.0,SL,19,1.5,0.1785,True,False,18701.81,0.4981,93.15,-98.19,18603.61
S2,LTCUSDT,-1,2025-12-29T05:00:00+00:00,2025-12-29T12:10:00+00:00,2025,79.78,80.70068997,77.01793009,0.92068997,3.0,2.974004,2.974004,0.0,TP,87,7.17,3.0412,True,False,17597.73,1.378,242.5,721.19,18029.23
S5,PAXGUSDT,-1,2025-12-29T07:00:00+00:00,2025-12-29T15:00:00+00:00,2025,4493.89,4519.68139109,4364.93304453,25.79139109,5.0,4.947728,4.947728,0.0,TP,97,8.0,5.2638,True,False,17597.73,0.5216,91.79,454.15,18324.98
S4,LTCUSDT,1,2025-12-29T08:00:00+00:00,2025-12-29T09:40:00+00:00,2025,79.23,77.99298549,103.35178296,1.23701451,19.5,-1.019215,-1.019215,0.0,SL,21,1.67,0.0485,True,False,17597.73,1.6151,284.22,-289.68,17308.04
S2,AVAXUSDT,-1,2025-12-29T09:00:00+00:00,2025-12-29T20:35:00+00:00,2025,12.9,13.0770612,12.36881641,0.1770612,3.0,2.978143,2.978143,0.0,TP,140,11.58,3.1063,True,False,17597.73,1.378,242.5,722.19,19047.17
S5,PAXGUSDT,-1,2025-12-29T15:00:00+00:00,2026-01-05T06:25:00+00:00,2026,4380.45,4426.47778572,4150.31107142,46.02778572,5.0,-1.028551,-1.028551,0.0,SL,1914,159.42,1.9032,True,False,18324.98,0.5216,95.58,-98.31,18855.18
S1,PAXGUSDT,1,2025-12-29T17:00:00+00:00,2025-12-31T05:50:00+00:00,2025,4363.51,4313.71900109,4961.00198689,49.79099891,12.0,-1.026291,-1.026291,0.0,SL,443,36.83,1.1613,True,False,18324.98,0.4981,91.28,-93.68,18953.49
S4,PAXGUSDT,1,2026-01-02T21:00:00+00:00,2026-01-21T01:20:00+00:00,2026,4343.79,4317.62218211,4854.06244892,26.16781789,19.5,19.450201,19.450201,0.0,TP,5237,436.33,19.5003,True,False,18953.49,1.6151,306.12,5954.05,29745.01
S1,PAXGUSDT,1,2026-01-05T01:00:00+00:00,2026-01-12T13:05:00+00:00,2026,4400.17,4382.93761056,4606.95867331,17.23238944,12.0,11.923397,11.923397,0.0,TP,2162,180.08,12.0529,True,False,18953.49,0.4981,94.41,1125.66,24278.68
S2,PAXGUSDT,-1,2026-01-06T10:00:00+00:00,2026-01-06T13:15:00+00:00,2026,4451.25,4473.75461585,4383.73615246,22.50461585,3.0,-1.059338,-1.059338,0.0,SL,40,3.25,0.1444,True,False,18855.18,1.378,259.82,-275.24,18579.94
S5,PAXGUSDT,-1,2026-01-12T02:00:00+00:00,2026-01-12T08:45:00+00:00,2026,4573.01,4594.95842026,4463.26789872,21.94842026,5.0,-1.062506,-1.062506,0.0,SL,82,6.75,0.3864,True,False,18579.94,0.5216,96.91,-102.97,18476.97
S1,PAXGUSDT,1,2026-01-12T06:00:00+00:00,2026-01-16T15:30:00+00:00,2026,4585.66,4562.24442548,4866.64689429,23.41557452,12.0,-1.058751,-1.058751,0.0,SL,1267,105.5,2.6581,True,False,18579.94,0.4981,92.55,-97.98,24053.15
S1,PAXGUSDT,1,2026-01-12T14:00:00+00:00,2026-01-12T14:25:00+00:00,2026,4620.3,4594.95313638,4924.4623634,25.34686362,12.0,-1.054685,-1.054685,0.0,SL,6,0.42,0.0213,True,False,24278.68,0.4981,120.93,-127.55,24151.13
S1,PAXGUSDT,1,2026-01-19T07:00:00+00:00,2026-01-19T11:40:00+00:00,2026,4689.4,4669.44066475,4928.91202303,19.95933525,12.0,-1.070484,-1.070484,0.0,SL,57,4.67,0.0025,True,False,24053.15,0.4981,119.81,-128.25,23924.89
S5,PAXGUSDT,-1,2026-01-19T08:00:00+00:00,2026-01-20T04:35:00+00:00,2026,4676.0,4696.77081131,4572.14594347,20.77081131,5.0,-1.067537,-1.067537,0.0,SL,248,20.58,0.4372,True,False,24053.15,0.5216,125.46,-133.93,23790.96
S1,PAXGUSDT,1,2026-01-20T06:00:00+00:00,2026-01-23T16:05:00+00:00,2026,4730.85,4709.15134157,4991.23390118,21.69865843,12.0,11.934593,11.934593,0.0,TP,986,82.08,12.0814,True,False,23790.96,0.4981,118.5,1414.28,30692.08
S1,PAXGUSDT,1,2026-01-21T02:00:00+00:00,2026-01-21T19:35:00+00:00,2026,4865.0,4825.38953706,5340.3255553,39.61046294,12.0,-1.036846,-1.036846,0.0,SL,212,17.58,1.1944,True,False,29745.01,0.4981,148.16,-153.62,29437.94
S1,PAXGUSDT,1,2026-01-21T04:00:00+00:00,2026-01-21T17:30:00+00:00,2026,4872.32,4831.43210083,5362.97479003,40.88789917,12.0,-1.035749,-1.035749,0.0,SL,163,13.5,0.978,True,False,29745.01,0.4981,148.16,-153.46,29591.56
S5,PAXGUSDT,-1,2026-01-21T07:00:00+00:00,2026-01-22T17:45:00+00:00,2026,4872.37,4917.78879536,4645.27602319,45.41879536,5.0,-1.032183,-1.032183,0.0,SL,418,34.75,2.0062,True,False,29745.01,0.5216,155.15,-160.14,29277.79
S2,PAXGUSDT,-1,2026-01-30T02:00:00+00:00,2026-01-30T09:40:00+00:00,2026,5342.07,5451.66822395,5013.27532815,109.59822395,3.0,2.985377,2.985377,0.0,TP,93,7.67,3.0181,True,False,30692.08,1.378,422.94,1262.63,31954.7
S5,PAXGUSDT,-1,2026-02-02T04:00:00+00:00,2026-02-02T11:30:00+00:00,2026,4669.17,4782.43040051,4102.86799747,113.26040051,5.0,-1.012368,-1.012368,0.0,SL,91,7.5,1.864,True,False,31954.7,0.5216,166.68,-168.74,31785.96
S2,PAXGUSDT,-1,2026-02-09T02:00:00+00:00,2026-02-09T02:55:00+00:00,2026,4986.09,5017.22359456,4892.68921633,31.13359456,3.0,-1.048045,-1.048045,0.0,SL,12,0.92,0.4709,True,False,31785.96,1.378,438.01,-459.05,31326.91
S2,PAXGUSDT,-1,2026-02-09T08:00:00+00:00,2026-02-09T14:55:00+00:00,2026,5009.29,5044.97653787,4902.2303864,35.68653787,3.0,-1.042111,-1.042111,0.0,SL,84,6.92,0.517,True,False,31326.91,1.378,431.68,-449.86,30877.05
S2,PAXGUSDT,-1,2026-02-16T03:00:00+00:00,2026-02-16T08:00:00+00:00,2026,4996.8,5015.01874964,4942.14375108,18.21874964,3.0,-1.08228,-1.08228,0.0,SL,61,5.0,1.4485,True,False,30877.05,1.378,425.49,-460.49,30416.55
S2,PAXGUSDT,-1,2026-02-17T01:00:00+00:00,2026-02-17T01:25:00+00:00,2026,4941.37,4964.5029118,4871.9712646,23.1329118,3.0,-1.064082,-1.064082,0.0,SL,6,0.42,0.5723,True,False,30416.55,1.378,419.14,-446.0,29970.55
S5,PAXGUSDT,-1,2026-02-17T14:00:00+00:00,2026-02-18T04:05:00+00:00,2026,4877.55,4925.9734103,4635.43294849,48.4234103,5.0,-1.030218,-1.030218,0.0,SL,170,14.08,0.6623,True,False,29970.55,0.5216,156.33,-161.05,29809.5
S1,PAXGUSDT,1,2026-02-23T03:00:00+00:00,2026-02-23T06:55:00+00:00,2026,5190.49,5159.34899477,5564.1820628,31.14100523,12.0,-1.050003,-1.050003,0.0,SL,48,3.92,0.0713,True,False,29809.5,0.4981,148.48,-155.91,29653.6
S1,PAXGUSDT,1,2026-02-28T09:00:00+00:00,2026-02-28T13:45:00+00:00,2026,5429.38,5382.19553771,5995.59354753,47.18446229,12.0,-1.03452,-1.03452,0.0,SL,58,4.75,3.1657,True,False,29653.6,0.4981,147.7,-152.8,29500.79
