tf_rule,bar_start_utc,bar_end_utc,hour_utc,weekday,weekday_name,event,atr,atr_roc_1,d_atr,close,fwd_range_pct_48m,fwd_range_pct_192m,fwd_range_pct_288m
1h,2022-03-01T14:00:00+00:00,2022-03-01T15:00:00+00:00,15,1,Tuesday,expand,0.012763265306122453,0.11818344359020205,0.0013489795918367343,0.7818,2.5837810181632124,3.210539779994885,4.221028396009213
1h,2022-03-01T20:00:00+00:00,2022-03-01T21:00:00+00:00,21,1,Tuesday,contract,0.012386212277752521,-0.042152994597101645,-0.0005450932521348113,0.7833,2.5660666411336663,3.6384527001149087,4.212945231711992
1h,2022-03-01T23:00:00+00:00,2022-03-02T00:00:00+00:00,0,2,Wednesday,contract,0.011567750865241358,-0.03939833590225672,-0.0004744423742493401,0.7836,2.641653905053591,3.6498213374170447,3.6498213374170447
1h,2022-03-03T04:00:00+00:00,2022-03-03T05:00:00+00:00,5,3,Thursday,expand,0.01044883089016756,0.11905368801938931,0.0011116283930640274,0.7704,1.8691588785046689,5.438733125649006,6.710799584631356
1h,2022-03-03T15:00:00+00:00,2022-03-03T16:00:00+00:00,16,3,Thursday,expand,0.00999496256008128,0.10273352532127933,0.0009311567261475855,0.7488,2.4839743589743524,4.821047008547011,4.821047008547011
1h,2022-03-04T00:00:00+00:00,2022-03-04T01:00:00+00:00,1,4,Friday,expand,0.01046084002470842,0.1308850692082686,0.0012107046134839684,0.731,2.790697674418601,3.228454172366615,7.441860465116281
1h,2022-03-04T07:00:00+00:00,2022-03-04T08:00:00+00:00,8,4,Friday,contract,0.00946592617986304,-0.042528789429195135,-0.00042045585998946346,0.7373,2.87535602875356,7.378272073782721,7.378272073782721
1h,2022-03-04T22:00:00+00:00,2022-03-04T23:00:00+00:00,23,4,Friday,expand,0.011093593599317246,0.11183695696214935,0.0011158774154371408,0.7125,2.259649122807018,9.094736842105274,9.094736842105274
1h,2022-03-05T05:00:00+00:00,2022-03-05T06:00:00+00:00,6,5,Saturday,contract,0.009516287463111445,-0.04711068729144818,-0.0004704836510085759,0.7195,2.4739402362751965,7.18554551772065,7.18554551772065
1h,2022-03-05T06:00:00+00:00,2022-03-05T07:00:00+00:00,7,5,Saturday,contract,0.009136552644317777,-0.03990367254726768,-0.0003797348187936679,0.7202,2.5965009719522274,6.831435712302142,6.831435712302142
1h,2022-03-05T20:00:00+00:00,2022-03-05T21:00:00+00:00,21,5,Saturday,contract,0.009745379523321957,-0.04482501208924827,-0.0004573368864093791,0.7514,2.182592494011175,4.351876497205211,4.351876497205211
1h,2022-03-06T23:00:00+00:00,2022-03-07T00:00:00+00:00,0,0,Monday,expand,0.009625094187234534,0.10290674409645173,0.0008980696779050338,0.7248,2.6766004415011,6.5121412803532035,7.146799116997801
1h,2022-03-07T06:00:00+00:00,2022-03-07T07:00:00+00:00,7,0,Monday,expand,0.011135027546701107,0.1213488702040757,0.0012049978810229952,0.7467,2.3704298915226913,6.830052229811175,6.830052229811175
1h,2022-03-08T03:00:00+00:00,2022-03-08T04:00:00+00:00,4,1,Tuesday,contract,0.01071950947753022,-0.04272429508658271,-0.0004784238059638672,0.7274,2.2271102557052505,2.502062139125652,5.2378333791586495
1h,2022-03-08T21:00:00+00:00,2022-03-08T22:00:00+00:00,22,1,Tuesday,contract,0.008595015386282637,-0.041970387940727716,-0.00037653964509866064,0.7179,1.6994010307842304,6.101128290848316,8.093049171193766
1h,2022-03-08T22:00:00+00:00,2022-03-08T23:00:00+00:00,23,1,Tuesday,contract,0.008173942858691023,-0.04899031690666111,-0.00042107252759161426,0.7185,1.8928322894919896,6.054279749478077,8.044537230340982
1h,2022-03-09T03:00:00+00:00,2022-03-09T04:00:00+00:00,4,2,Wednesday,expand,0.008653797275376258,0.15557997743454144,0.0011650925172787532,0.7434,1.4527845036319658,4.560129136400329,5.138552596179716
1h,2022-03-10T07:00:00+00:00,2022-03-10T08:00:00+00:00,8,3,Thursday,contract,0.01009229197724836,-0.04437467650271909,-0.00046863784440373014,0.7378,1.3553808620222294,3.2122526429926883,4.09325020330713
1h,2022-03-10T13:00:00+00:00,2022-03-10T14:00:00+00:00,14,3,Thursday,expand,0.009954361642790488,0.11498807621050999,0.001026587565939192,0.7272,1.5264026402640263,3.4515951595159535,3.8641364136413663
1h,2022-03-10T18:00:00+00:00,2022-03-10T19:00:00+00:00,19,3,Thursday,contract,0.008563961997673241,-0.039379986790821,-0.000351073999821018,0.7308,1.9841269841269933,3.379857690202525,3.639846743295013
1h,2022-03-11T17:00:00+00:00,2022-03-11T18:00:00+00:00,18,4,Friday,contract,0.007971755582041202,-0.044899078593442,-0.00037475042938778583,0.7285,12.27179135209333,17.03500343170899,17.03500343170899
1h,2022-03-11T20:00:00+00:00,2022-03-11T21:00:00+00:00,21,4,Friday,expand,0.010085257658070163,0.2571082069025612,0.0020626724878407606,0.7649,7.778794613675004,10.968754085501384,10.968754085501384
1h,2022-03-11T21:00:00+00:00,2022-03-11T22:00:00+00:00,22,4,Friday,expand,0.012879167825350868,0.27702913123345296,0.002793910167280705,0.8079,7.488550563188514,8.763460824359463,8.763460824359463
1h,2022-03-12T18:00:00+00:00,2022-03-12T19:00:00+00:00,19,5,Saturday,contract,0.013425024715083212,-0.04500688997098112,-0.0006326942088525564,0.789,3.2319391634981085,3.2319391634981085,3.7135614702154616
1h,2022-03-12T19:00:00+00:00,2022-03-12T20:00:00+00:00,20,5,Saturday,contract,0.01284466580686298,-0.04322963424925319,-0.0005803589082202312,0.7899,3.228256741359675,3.228256741359675,3.709330294974046
1h,2022-03-13T04:00:00+00:00,2022-03-13T05:00:00+00:00,5,6,Sunday,contract,0.011101913991971775,-0.04183793431199412,-0.00048476261476705813,0.7959,1.382083176278428,3.3798215856263254,7.588893077019727
1h,2022-03-13T16:00:00+00:00,2022-03-13T17:00:00+00:00,17,6,Sunday,contract,0.00924744546813327,-0.040294385748024686,-0.00038826503601025256,0.7833,1.5192135835567497,6.089620834929155,6.089620834929155
1h,2022-03-13T22:00:00+00:00,2022-03-13T23:00:00+00:00,23,6,Sunday,expand,0.010523689389704086,0.2651981193684305,0.0022058700469458417,0.7593,2.5418148294481737,4.17489793230608,4.385618332674832
1h,2022-03-15T10:00:00+00:00,2022-03-15T11:00:00+00:00,11,1,Tuesday,contract,0.00802232429044028,-0.04594463075691413,-0.00038633263772617533,0.7514,1.7567207878626552,5.0838434921479925,5.0838434921479925
1h,2022-03-16T02:00:00+00:00,2022-03-16T03:00:00+00:00,3,2,Wednesday,expand,0.008368973845452748,0.14685008249226428,0.0010716173965036341,0.7744,2.4276859504132284,3.254132231404959,5.423553719008269
1h,2022-03-16T07:00:00+00:00,2022-03-16T08:00:00+00:00,8,2,Wednesday,contract,0.008003079457219625,-0.043249446823567905,-0.0003617753428630417,0.764,1.269633507853394,4.947643979057599,5.497382198952884
1h,2022-03-17T11:00:00+00:00,2022-03-17T12:00:00+00:00,12,3,Thursday,contract,0.007627270619840198,-0.039961262025749233,-0.0003174823553723184,0.7879,1.434192156365018,2.5764690950628233,3.376062952151283
1h,2022-03-17T23:00:00+00:00,2022-03-18T00:00:00+00:00,0,4,Friday,contract,0.006876513712874622,-0.04053306212584873,-0.00029050105483651063,0.7931,2.3326188374732015,3.1269701172613713,3.1269701172613713
1h,2022-03-18T00:00:00+00:00,2022-03-18T01:00:00+00:00,1,4,Friday,expand,0.007706762733383575,0.12073691047172797,0.000830249020508953,0.7855,1.1203055378739695,2.2915340547421903,3.068109484404839
1h,2022-03-18T06:00:00+00:00,2022-03-18T07:00:00+00:00,7,4,Friday,contract,0.006771765049315176,-0.042128036965999205,-0.0002978280807165506,0.7914,1.5036643922163282,2.982057113975228,5.964114227950456
1h,2022-03-19T05:00:00+00:00,2022-03-19T06:00:00+00:00,6,5,Saturday,expand,0.006882633929916447,0.2937866418132902,0.0015628743130833506,0.8195,1.9768151311775464,2.464917632702867,2.464917632702867
1h,2022-03-20T03:00:00+00:00,2022-03-20T04:00:00+00:00,4,6,Sunday,contract,0.007210641533934805,-0.040047950064205584,-0.0003008185795334486,0.814,0.7862407862407815,2.702702702702692,3.7960687960687878
1h,2022-03-20T04:00:00+00:00,2022-03-20T05:00:00+00:00,5,6,Sunday,contract,0.006895595710082321,-0.04369178836166121,-0.00031504582385248354,0.8136,0.7866273352998968,2.7040314650934008,3.797935103244829
1h,2022-03-21T02:00:00+00:00,2022-03-21T03:00:00+00:00,3,0,Monday,expand,0.007553837113973822,0.14380463588736592,0.0009497048373866236,0.7939,2.090943443758653,5.27774278876432,7.784355712306332
1h,2022-03-21T17:00:00+00:00,2022-03-21T18:00:00+00:00,18,0,Monday,expand,0.007987216047588324,0.15858760826873408,0.0010932910732624366,0.8313,4.2223024178996775,5.485384337784191,5.485384337784191
1h,2022-03-21T19:00:00+00:00,2022-03-21T20:00:00+00:00,20,0,Monday,expand,0.009445099551236874,0.11087257689073438,0.00094268464990486,0.8467,2.621944017952049,3.862052675091526,4.535254517538679
1h,2022-03-23T09:00:00+00:00,2022-03-23T10:00:00+00:00,10,2,Wednesday,contract,0.00781437946555824,-0.039832960152063945,-0.00032418303581216966,0.824,1.092233009708739,2.7912621359223326,3.2888349514563124
1h,2022-03-24T04:00:00+00:00,2022-03-24T05:00:00+00:00,5,3,Thursday,contract,0.007923695422359635,-0.04117680296947379,-0.00034028426325842867,0.8331,1.020285679990405,2.700756211739283,2.700756211739283
1h,2022-03-25T21:00:00+00:00,2022-03-25T22:00:00+00:00,22,4,Friday,contract,0.006369177828104622,-0.03909988261370356,-0.00025916752523881623,0.8282,0.9538758753924194,1.7387104564114908,1.7387104564114908
1h,2022-03-26T05:00:00+00:00,2022-03-26T06:00:00+00:00,6,5,Saturday,contract,0.005311521589639022,-0.03912427831692189,-0.00021627089151068923,0.828,1.002415458937195,1.256038647342991,2.258454106280186
1h,2022-03-27T00:00:00+00:00,2022-03-27T01:00:00+00:00,1,6,Sunday,expand,0.0046528008057458575,0.11930594546977646,0.0004959383995580113,0.84,1.3571428571428532,2.500000000000002,5.130952380952385
1h,2022-03-27T16:00:00+00:00,2022-03-27T17:00:00+00:00,17,6,Sunday,expand,0.005486538005943563,0.13014201561811856,0.0006318047687735757,0.8421,1.531884574278592,4.928155800973754,8.027550172188576
1h,2022-03-28T00:00:00+00:00,2022-03-28T01:00:00+00:00,1,0,Monday,expand,0.006970262975701484,0.13007306235384197,0.0008022874634075758,0.862,1.5777262180974545,5.220417633410677,7.238979118329468
1h,2022-03-28T13:00:00+00:00,2022-03-28T14:00:00+00:00,14,0,Monday,expand,0.008936019425982275,0.2878353764049142,0.001997229274924443,0.8937,2.5847599865726765,6.982208794897618,6.982208794897618
1h,2022-03-28T18:00:00+00:00,2022-03-28T19:00:00+00:00,19,0,Monday,expand,0.011073465967921177,0.14587876633489283,0.0014097333870829853,0.9096,3.507036059806501,6.563324538258573,7.442832014072118
1h,2022-03-28T23:00:00+00:00,2022-03-29T00:00:00+00:00,0,1,Tuesday,expand,0.013759782939451112,0.1427152852342084,0.0017184782354268385,0.864,1.9212962962963032,3.37962962962963,5.057870370370378
1h,2022-03-29T03:00:00+00:00,2022-03-29T04:00:00+00:00,4,1,Tuesday,contract,0.012385187435799227,-0.04725169206803914,-0.0006142451873691751,0.871,1.9862227324913873,5.017221584385772,5.017221584385772
1h,2022-03-30T10:00:00+00:00,2022-03-30T11:00:00+00:00,11,2,Wednesday,contract,0.009373650690491961,-0.03921475341148484,-0.00038258851465322943,0.8622,1.6353514265831597,2.5748086290883783,2.7951751333797277
1h,2022-03-31T04:00:00+00:00,2022-03-31T05:00:00+00:00,5,3,Thursday,contract,0.008495733508204947,-0.042446003861229764,-0.0003765948852465402,0.8618,1.0211185889997714,11.731260153167785,11.731260153167785
1h,2022-03-31T07:00:00+00:00,2022-03-31T08:00:00+00:00,8,3,Thursday,contract,0.007898734153617448,-0.041972742427572984,-0.00034605647335519095,0.8646,1.2144344205412854,11.693268563497567,11.693268563497567
1h,2022-03-31T14:00:00+00:00,2022-03-31T15:00:00+00:00,15,3,Thursday,expand,0.013237731929646732,0.6200071065939687,0.005066328313104093,0.8321,4.158154068020666,4.158154068020666,4.903256820093733
1h,2022-03-31T21:00:00+00:00,2022-03-31T22:00:00+00:00,22,3,Thursday,contract,0.012858555410783805,-0.04051523646129107,-0.0005429658008295219,0.8173,2.5449651290835726,4.33133488315184,5.187813532362657
1h,2022-04-03T02:00:00+00:00,2022-04-03T03:00:00+00:00,3,6,Sunday,contract,0.01192789000516183,-0.04512512620446296,-0.0005636838465509064,0.8212,1.7169995129079396,3.3365806137359932,3.8236726741354095
1h,2022-04-03T04:00:00+00:00,2022-04-03T05:00:00+00:00,5,6,Sunday,contract,0.011081701075879328,-0.046223018618797074,-0.000537053928913794,0.8308,0.9027443428021259,2.527684159845934,3.009147809340398
1h,2022-04-03T05:00:00+00:00,2022-04-03T06:00:00+00:00,6,6,Sunday,contract,0.01048300814188795,-0.054025363966413664,-0.0005986929339913787,0.8323,0.9251471825063127,2.5231286795626597,3.0037246185269764
1h,2022-04-03T10:00:00+00:00,2022-04-03T11:00:00+00:00,11,6,Sunday,contract,0.008835305308104517,-0.041198173588751774,-0.00037963886985420067,0.8301,1.6744970485483708,2.9996385977593105,3.4815082520178335
1h,2022-04-04T17:00:00+00:00,2022-04-04T18:00:00+00:00,18,0,Monday,expand,0.00876859846314902,0.1082185551025674,0.0008562616566808474,0.8114,2.3416317475967485,2.896228740448603,3.6110426423465602
1h,2022-04-05T04:00:00+00:00,2022-04-05T05:00:00+00:00,5,1,Tuesday,contract,0.0069734394498630935,-0.04401055328742842,-0.0003210338038356292,0.828,0.978260869565217,2.632850241545899,7.246376811594196
1h,2022-04-05T07:00:00+00:00,2022-04-05T08:00:00+00:00,8,1,Tuesday,contract,0.006350964457488769,-0.03900393260303148,-0.0002577664967299137,0.8236,0.983487129674599,2.731908693540549,7.28508984944147
1h,2022-04-06T00:00:00+00:00,2022-04-06T01:00:00+00:00,1,2,Wednesday,expand,0.009353552362558002,0.35332823538446534,0.0024420344336493786,0.8025,1.4205607476635471,7.389408099688476,8.31152647975079
1h,2022-04-06T03:00:00+00:00,2022-04-06T04:00:00+00:00,4,2,Wednesday,contract,0.008569626290284219,-0.040229469058344125,-0.000359202022329563,0.809,1.4338689740420338,7.651421508034619,8.244746600741667
1h,2022-04-06T11:00:00+00:00,2022-04-06T12:00:00+00:00,12,2,Wednesday,expand,0.008385642158586447,0.10450317494030026,0.0007934121416472003,0.795,4.327044025157231,6.0628930817610085,6.0628930817610085
1h,2022-04-06T13:00:00+00:00,2022-04-06T14:00:00+00:00,14,2,Wednesday,expand,0.010117211861230145,0.19414019055962095,0.001644829856828449,0.7773,3.5507526051717573,4.245465071401007,4.927312491959347
1h,2022-04-07T07:00:00+00:00,2022-04-07T08:00:00+00:00,8,3,Thursday,contract,0.011018103973096357,-0.053011046524867655,-0.0006167772286997195,0.7742,2.1441487987600034,3.048307930767252,3.3712219064841142
1h,2022-04-07T08:00:00+00:00,2022-04-07T09:00:00+00:00,9,3,Thursday,contract,0.010523953689303759,-0.04484893998088946,-0.0004941502837925976,0.7774,2.3282737329559935,3.125803961924362,3.3573449961409847
1h,2022-04-07T10:00:00+00:00,2022-04-07T11:00:00+00:00,11,3,Thursday,contract,0.009722694762715986,-0.046202835772999995,-0.00047097652020892597,0.7762,2.0613244009275835,3.1306364339087853,3.362535429013142
1h,2022-04-08T02:00:00+00:00,2022-04-08T03:00:00+00:00,3,4,Friday,contract,0.007456441037130156,-0.04583554521034494,-0.0003581877720869337,0.7895,1.1019632678910616,5.256491450284988,6.079797340088655
1h,2022-04-08T04:00:00+00:00,2022-04-08T05:00:00+00:00,5,4,Friday,contract,0.006976727220790798,-0.03895903708285198,-0.0002828251708300641,0.7906,1.9858335441436805,5.24917783961548,6.0713382241335605
1h,2022-04-09T11:00:00+00:00,2022-04-09T12:00:00+00:00,12,5,Saturday,contract,0.006235641620769007,-0.04854097420129455,-0.00031812627852069366,0.7621,1.5352315969032848,2.007610549796612,2.007610549796612
1h,2022-04-09T19:00:00+00:00,2022-04-09T20:00:00+00:00,20,5,Saturday,contract,0.005668490759635705,-0.039975715305021864,-0.00023603775074121282,0.7609,0.7228282297279471,1.7085030884478922,2.115915363385465
1h,2022-04-11T00:00:00+00:00,2022-04-11T01:00:00+00:00,1,0,Monday,expand,0.005751936478415991,0.1106250282298944,0.000572927963198769,0.7505,2.9447035309793486,7.061958694203871,9.846768820786139
1h,2022-04-11T02:00:00+00:00,2022-04-11T03:00:00+00:00,3,0,Monday,expand,0.006549884004348487,0.15379899398177055,0.0008730858458193495,0.7359,1.3996466911265084,5.9926620464737095,8.832721837206135
1h,2022-04-11T09:00:00+00:00,2022-04-11T10:00:00+00:00,10,0,Monday,expand,0.007580659324206594,0.18834541903132962,0.0012014877442918003,0.7103,2.618611854146144,5.828523159228494,5.828523159228494
1h,2022-04-11T21:00:00+00:00,2022-04-11T22:00:00+00:00,22,0,Monday,expand,0.00948490478476908,0.12105879251025731,0.0010242380934792957,0.6848,3.1688084112149446,5.505257009345788,5.505257009345788
1h,2022-04-12T08:00:00+00:00,2022-04-12T09:00:00+00:00,9,1,Tuesday,contract,0.008697170104772925,-0.040702143036278615,-0.00036901308498253106,0.7067,2.2215933210697676,4.76864298853827,4.76864298853827
1h,2022-04-12T09:00:00+00:00,2022-04-12T10:00:00+00:00,10,1,Tuesday,contract,0.008347372240146289,-0.040219733592961604,-0.00034979786462663656,0.7053,2.566283850843613,4.778108606266829,4.778108606266829
1h,2022-04-12T23:00:00+00:00,2022-04-13T00:00:00+00:00,0,2,Wednesday,expand,0.008919323859561474,0.09937065585610627,0.0008062058569568084,0.7147,1.4971316636350975,3.1201902896320117,3.27410102140758
1h,2022-04-13T05:00:00+00:00,2022-04-13T06:00:00+00:00,6,2,Wednesday,contract,0.007659786948258968,-0.03917313576732839,-0.00031229130371223345,0.7199,1.8335879983331003,3.2365606334213064,5.500763994999301
1h,2022-04-13T08:00:00+00:00,2022-04-13T09:00:00+00:00,9,2,Wednesday,contract,0.007353553908646121,-0.039714351077254184,-0.00030411953143431956,0.714,2.7871148459383797,4.019607843137248,5.546218487394953
1h,2022-04-13T23:00:00+00:00,2022-04-14T00:00:00+00:00,0,3,Thursday,contract,0.006751719267506937,-0.04099161322213729,-0.00028859378980822595,0.7228,2.6840066408411696,3.9568345323740948,4.634753735473156
1h,2022-04-14T17:00:00+00:00,2022-04-14T18:00:00+00:00,18,3,Thursday,expand,0.008046525561294473,0.11102839806578269,0.0008041134183619687,0.7178,2.0618556701030974,12.510448592922819,12.510448592922819
1h,2022-04-15T02:00:00+00:00,2022-04-15T03:00:00+00:00,3,4,Friday,expand,0.009618005826503628,0.12997490846353,0.0011063072441151057,0.7622,5.024927840461822,5.024927840461822,5.379165573340336
1h,2022-04-15T03:00:00+00:00,2022-04-15T04:00:00+00:00,4,4,Friday,expand,0.011145291124610514,0.1587943827085505,0.0015272852981068862,0.7863,4.336767137224981,4.362202721607528,4.7055831107719746
1h,2022-04-15T19:00:00+00:00,2022-04-15T20:00:00+00:00,20,4,Friday,contract,0.010840501310514875,-0.04175308223097185,-0.00047234625465498656,0.7713,2.9949436017113977,3.980293011798271,4.485932840658638
1h,2022-04-16T10:00:00+00:00,2022-04-16T11:00:00+00:00,11,5,Saturday,contract,0.008985640783336057,-0.04407271796751411,-0.0004142800602566169,0.7761,0.9019456255637168,2.4481381265300883,2.641412189150892
1h,2022-04-16T12:00:00+00:00,2022-04-16T13:00:00+00:00,13,5,Saturday,contract,0.008265680063182618,-0.04924529868488481,-0.0004281292356294285,0.7768,2.072605561277034,2.445932028836253,2.639031925849649
1h,2022-04-16T13:00:00+00:00,2022-04-16T14:00:00+00:00,14,5,Saturday,contract,0.007860988630098148,-0.04896045213352318,-0.00040469143308446975,0.7776,2.0704732510288073,2.4434156378600846,2.636316872427993
1h,2022-04-17T06:00:00+00:00,2022-04-17T07:00:00+00:00,7,6,Sunday,contract,0.006038012377768136,-0.041961689038219396,-0.00026446249059755393,0.7799,1.269393511988719,3.71842543915887,7.718938325426341
1h,2022-04-17T23:00:00+00:00,2022-04-18T00:00:00+00:00,0,0,Monday,expand,0.007568431388262325,0.13537772938477532,0.0009024283547490507,0.7516,2.514635444385315,4.6434273549760565,5.827567855242143
1h,2022-04-18T04:00:00+00:00,2022-04-18T05:00:00+00:00,5,0,Monday,expand,0.009272400070361465,0.23996230664496632,0.0017944307638183459,0.7299,1.3974517057131095,4.973284011508426,6.699547883271674
1h,2022-04-20T06:00:00+00:00,2022-04-20T07:00:00+00:00,7,2,Wednesday,contract,0.005934275704091316,-0.052031002652464964,-0.00032571351569932877,0.7689,1.365587202497082,4.109767199895964,4.109767199895964
1h,2022-04-20T13:00:00+00:00,2022-04-20T14:00:00+00:00,14,2,Wednesday,expand,0.00678545030341522,0.10545036860921275,0.0006472730535834444,0.7606,1.419931632921382,2.563765448330275,2.971338417039188
1h,2022-04-21T03:00:00+00:00,2022-04-21T04:00:00+00:00,4,3,Thursday,contract,0.005953348009053288,-0.03914922983093927,-0.000242565231465635,0.7543,1.657165583985146,3.473419064032878,7.02638207609705
1h,2022-04-21T20:00:00+00:00,2022-04-21T21:00:00+00:00,21,3,Thursday,expand,0.007776379510907426,0.14268925618653028,0.0009710477299301962,0.734,3.1335149863760243,3.1335149863760243,3.433242506811989
1h,2022-04-21T22:00:00+00:00,2022-04-21T23:00:00+00:00,23,3,Thursday,expand,0.00865004151705793,0.13930980253979786,0.0010576891140724647,0.7266,1.3762730525736317,3.220478943022292,3.4131571703825947
1h,2022-04-22T01:00:00+00:00,2022-04-22T02:00:00+00:00,2,4,Friday,contract,0.008175926098023423,-0.03954282341251658,-0.00033660969984795376,0.7322,1.0379677683693052,3.387052717836648,3.387052717836648
1h,2022-04-22T03:00:00+00:00,2022-04-22T04:00:00+00:00,4,4,Friday,contract,0.007671079135540604,-0.04014702154843497,-0.0003208522411954351,0.7315,1.8591934381407988,3.390293916609697,4.128503075871497
1h,2022-04-22T04:00:00+00:00,2022-04-22T05:00:00+00:00,5,4,Friday,contract,0.007316002054430555,-0.046287761452616705,-0.0003550770811100489,0.7338,1.8533660397928517,3.3796674843281456,4.483510493322421
1h,2022-04-22T16:00:00+00:00,2022-04-22T17:00:00+00:00,17,4,Friday,expand,0.008374501990367617,0.14306031963751265,0.0010481152315101848,0.7262,1.3219498760671913,3.5527402919305886,3.5527402919305886
1h,2022-04-23T05:00:00+00:00,2022-04-23T06:00:00+00:00,6,5,Saturday,contract,0.007415957984608296,-0.046635669242029665,-0.0003627659988160196,0.7129,1.0380137466685317,1.2484219385608109,2.146163557301177
1h,2022-04-23T06:00:00+00:00,2022-04-23T07:00:00+00:00,7,5,Saturday,contract,0.007079103842850556,-0.04542287624294472,-0.00033685414175774024,0.7127,0.799775501613572,1.24877227444928,2.1467658201206805
1h,2022-04-23T07:00:00+00:00,2022-04-23T08:00:00+00:00,8,5,Saturday,contract,0.006773453568361224,-0.043176407815802675,-0.00030565027448933163,0.7114,0.7590666291818893,2.150688782682048,2.150688782682048
1h,2022-04-23T10:00:00+00:00,2022-04-23T11:00:00+00:00,11,5,Saturday,contract,0.006097331446679878,-0.04341318881070999,-0.0002767178035907635,0.7113,0.899761000984108,2.1509911429776594,2.1509911429776594
1h,2022-04-23T11:00:00+00:00,2022-04-23T12:00:00+00:00,12,5,Saturday,contract,0.005826093486202741,-0.04448470004444838,-0.00027123796047713675,0.7112,0.899887514060737,2.151293588301475,2.151293588301475
1h,2022-04-23T14:00:00+00:00,2022-04-23T15:00:00+00:00,15,5,Saturday,contract,0.005370418144747605,-0.04474762166100299,-0.00025157062651904715,0.7138,0.8685906416363104,2.143457551134784,2.8439338750350216
1h,2022-04-23T19:00:00+00:00,2022-04-23T20:00:00+00:00,20,5,Saturday,contract,0.004712752804296144,-0.04389539519427743,-0.00021636560033047158,0.7111,1.9265926030094285,1.9265926030094285,2.967233863029111
1h,2022-04-23T20:00:00+00:00,2022-04-23T21:00:00+00:00,21,5,Saturday,contract,0.004490413318274994,-0.04717826188941321,-0.00022233948602114976,0.7123,1.9233469043942222,1.9233469043942222,2.962235013337078
1h,2022-04-23T21:00:00+00:00,2022-04-23T22:00:00+00:00,22,5,Saturday,contract,0.004305383795541067,-0.041205454736404246,-0.00018502952273392707,0.7127,1.9222674337028265,2.6238248912585855,2.9605724708853667
1h,2022-04-23T23:00:00+00:00,2022-04-24T00:00:00+00:00,0,6,Sunday,expand,0.004820968680849189,0.12733545259715529,0.0005445408707039105,0.7053,0.8081667375584911,2.2118247554232164,2.552105487026799
1h,2022-04-24T05:00:00+00:00,2022-04-24T06:00:00+00:00,6,6,Sunday,contract,0.004332527889824947,-0.05109102756208517,-0.0002332713761403829,0.7098,0.3803888419273085,2.5218371372217567,6.072132995209922
1h,2022-04-24T13:00:00+00:00,2022-04-24T14:00:00+00:00,14,6,Sunday,expand,0.004405866043513682,0.10610097592463386,0.0004226256889604792,0.7039,1.9605057536581951,5.540559738599238,8.992754652649527
1h,2022-04-25T00:00:00+00:00,2022-04-25T01:00:00+00:00,1,0,Monday,expand,0.006828677601292172,0.37842794870433183,0.0018747171075929108,0.675,1.2296296296296256,5.481481481481485,8.029629629629632
1h,2022-04-25T03:00:00+00:00,2022-04-25T04:00:00+00:00,4,0,Monday,contract,0.0064979608928713226,-0.04085274843018172,-0.0002767662225285619,0.6791,5.198056250920335,6.405536739802677,9.159181269327055
1h,2022-04-25T06:00:00+00:00,2022-04-25T07:00:00+00:00,7,0,Monday,expand,0.007400444636165563,0.16322296633809064,0.0010384273356795742,0.6543,1.8798716185236097,8.161393856029346,9.506342656273887
1h,2022-04-27T02:00:00+00:00,2022-04-27T03:00:00+00:00,3,2,Wednesday,contract,0.009450909516990418,-0.04023747784073417,-0.0003962238089992645,0.6492,2.2797288971041336,3.481207640172513,3.481207640172513
1h,2022-04-27T03:00:00+00:00,2022-04-27T04:00:00+00:00,4,2,Wednesday,contract,0.009047273122919678,-0.04270873542330511,-0.0004036363940707402,0.6493,2.1715693824118287,3.4806714923763984,3.4806714923763984
1h,2022-04-27T09:00:00+00:00,2022-04-27T10:00:00+00:00,10,2,Wednesday,contract,0.008562026642168492,-0.040200845471516256,-0.00035861743401296824,0.6512,3.009828009828002,3.009828009828002,3.009828009828002
1h,2022-04-28T02:00:00+00:00,2022-04-28T03:00:00+00:00,3,3,Thursday,contract,0.007449314189485327,-0.042034795055859386,-0.00032687032226810363,0.6507,1.0142923005993452,3.826648224988479,3.826648224988479
1h,2022-04-28T06:00:00+00:00,2022-04-28T07:00:00+00:00,7,3,Thursday,contract,0.006560361895197064,-0.04007382777843138,-0.00027387399193823554,0.6482,1.635297747608771,3.841406973156438,3.841406973156438
1h,2022-04-28T11:00:00+00:00,2022-04-28T12:00:00+00:00,12,3,Thursday,contract,0.006173054473495801,-0.04033655870068553,-0.00025946572873044443,0.6484,2.7914867365823577,2.976557680444168,6.107341147439847
1h,2022-04-29T05:00:00+00:00,2022-04-29T06:00:00+00:00,6,4,Friday,contract,0.006040251949132729,-0.04197296118126337,-0.00026463476531789903,0.64,1.796874999999993,6.906250000000003,6.906250000000003
1h,2022-04-29T07:00:00+00:00,2022-04-29T08:00:00+00:00,8,4,Friday,contract,0.005567870303078729,-0.05196936120605711,-0.00030522079254452234,0.6401,4.671145133572885,6.8426808311201475,6.8426808311201475
1h,2022-04-29T10:00:00+00:00,2022-04-29T11:00:00+00:00,11,4,Friday,expand,0.006573181871670546,0.1733868425772913,0.0009712937021791887,0.617,1.7017828200972374,4.4246353322528345,4.975688816855763
1h,2022-04-30T03:00:00+00:00,2022-04-30T04:00:00+00:00,4,5,Saturday,contract,0.006451429335121063,-0.04172107962810767,-0.00028087917962469483,0.6194,1.9373587342589622,4.278333871488551,10.962221504681963
1h,2022-04-30T10:00:00+00:00,2022-04-30T11:00:00+00:00,11,5,Saturday,contract,0.006058335628508694,-0.04089710957236603,-0.00025833350988528105,0.6199,2.7262461687368793,10.582351992256815,10.582351992256815
1h,2022-04-30T23:00:00+00:00,2022-05-01T00:00:00+00:00,0,6,Sunday,expand,0.009540317960879369,0.4115393818710238,0.0027815140030092843,0.5839,3.2026031854769736,5.309128275389626,6.353827710224358
1h,2022-05-01T10:00:00+00:00,2022-05-01T11:00:00+00:00,11,6,Sunday,contract,0.00830744751850179,-0.04176813989854555,-0.00036211134757705744,0.5902,1.4063029481531641,5.760759064723828,7.268722466960361
1h,2022-05-01T11:00:00+00:00,2022-05-01T12:00:00+00:00,12,6,Sunday,contract,0.007978344124323094,-0.03961546473158439,-0.0003291033941786956,0.589,3.073005093378609,6.044142614601032,7.249575551782696
1h,2022-05-01T14:00:00+00:00,2022-05-01T15:00:00+00:00,15,6,Sunday,contract,0.00740055467971496,-0.04183495826371331,-0.0003231195907473054,0.5921,3.4622529978044185,6.586725215335254,6.586725215335254
1h,2022-05-04T18:00:00+00:00,2022-05-04T19:00:00+00:00,19,2,Wednesday,expand,0.008558884862565402,0.300979822440653,0.0019800857798026603,0.6422,1.899719713484911,3.5191529118654725,11.522890065400198
1h,2022-05-05T15:00:00+00:00,2022-05-05T16:00:00+00:00,16,3,Thursday,expand,0.009058731345228235,0.20879492093791563,0.0015647129734439802,0.6006,4.512154512154514,6.310356310356317,6.310356310356317
1h,2022-05-07T21:00:00+00:00,2022-05-07T22:00:00+00:00,22,5,Saturday,expand,0.005925661415033041,0.14362299425778957,0.0007441798911513092,0.5772,2.927927927927932,3.7768537768537835,5.266805266805264
1h,2022-05-07T22:00:00+00:00,2022-05-07T23:00:00+00:00,23,5,Saturday,expand,0.006545257028244962,0.10456142695565518,0.000619595613211921,0.5746,2.8889662373825375,3.793943612948145,5.290636964845106
1h,2022-05-08T17:00:00+00:00,2022-05-08T18:00:00+00:00,18,6,Sunday,expand,0.00668587706667706,0.10157023398626341,0.0006164709948709903,0.5677,2.0081028712348012,7.151664611590623,13.880570723973925
1h,2022-05-09T10:00:00+00:00,2022-05-09T11:00:00+00:00,11,0,Monday,expand,0.00928024428531212,0.10963374510574764,0.0009169042857452205,0.5312,3.6897590361445687,15.097891566265048,15.097891566265048
1h,2022-05-09T18:00:00+00:00,2022-05-09T19:00:00+00:00,19,0,Monday,expand,0.014447139390708278,0.21829833421982547,0.0025886815853301357,0.4867,7.520032874460646,12.862132730634885,13.355249640435598
1h,2022-05-10T10:00:00+00:00,2022-05-10T11:00:00+00:00,11,1,Tuesday,contract,0.013979468264198375,-0.039021567007706315,-0.0005676514049383404,0.5182,4.998070243149369,8.529525279814758,9.359320725588583
1h,2022-05-11T12:00:00+00:00,2022-05-11T13:00:00+00:00,13,2,Wednesday,expand,0.020401588702220527,0.4659372470991274,0.006484493176752265,0.4192,19.394083969465644,32.20419847328244,36.85591603053434
1h,2022-05-11T13:00:00+00:00,2022-05-11T14:00:00+00:00,14,2,Wednesday,expand,0.02475147522349049,0.2132131269167541,0.004349886521269962,0.4733,12.190999366152539,29.579547855482772,29.579547855482772
1h,2022-05-11T20:00:00+00:00,2022-05-11T21:00:00+00:00,21,2,Wednesday,expand,0.02521159683427535,0.1021931747085072,0.0023375694742865105,0.3714,17.474421109316104,25.175013462574036,25.175013462574036
1h,2022-05-12T22:00:00+00:00,2022-05-12T23:00:00+00:00,23,3,Thursday,contract,0.01845310752012127,-0.046705387873867354,-0.0009040851938554827,0.3779,11.352209579253769,23.20719767134162,23.20719767134162
1h,2022-05-13T19:00:00+00:00,2022-05-13T20:00:00+00:00,20,4,Friday,contract,0.013826510917674863,-0.042236171075892726,-0.0006097316090519101,0.4262,4.880337869544811,8.986391365556075,10.746128578132334
1h,2022-05-14T02:00:00+00:00,2022-05-14T03:00:00+00:00,3,5,Saturday,contract,0.012741738784894261,-0.04188776531010174,-0.0005570568296072494,0.4331,3.2325098129762213,9.628261371507739,9.628261371507739
1h,2022-05-16T19:00:00+00:00,2022-05-16T20:00:00+00:00,20,0,Monday,expand,0.008753905511655268,0.14655323964664224,0.001118930345257286,0.4225,2.816568047337283,4.378698224852075,5.396449704142009
1h,2022-05-17T02:00:00+00:00,2022-05-17T03:00:00+00:00,3,1,Tuesday,contract,0.007870247301659708,-0.04096461823215791,-0.00033617286935843857,0.4302,1.8131101813110118,5.2998605299860495,6.113435611343558
1h,2022-05-17T10:00:00+00:00,2022-05-17T11:00:00+00:00,11,1,Tuesday,contract,0.006515030913355117,-0.04740760764773588,-0.000324233147181165,0.4308,3.203342618384396,6.104921077065922,6.104921077065922
1h,2022-05-17T18:00:00+00:00,2022-05-17T19:00:00+00:00,19,1,Tuesday,expand,0.007252191598098183,0.11399894377948505,0.0007421391078385985,0.4255,3.290246768507641,4.488836662749708,9.236192714453585
1h,2022-05-18T10:00:00+00:00,2022-05-18T11:00:00+00:00,11,2,Wednesday,contract,0.005645228474413894,-0.04109626319337312,-0.00024194065187799207,0.4284,4.271708683473385,9.056956115779645,9.056956115779645
1h,2022-05-18T12:00:00+00:00,2022-05-18T13:00:00+00:00,13,2,Wednesday,expand,0.006055834755999733,0.09980437154993638,0.0005495511726154043,0.4164,4.0105667627281445,7.228626320845345,7.228626320845345
1h,2022-05-19T04:00:00+00:00,2022-05-19T05:00:00+00:00,5,3,Thursday,contract,0.007515202804640111,-0.03947586984746854,-0.0003088617542030851,0.4089,2.7635118610907257,6.334067009048662,9.904622157006598
1h,2022-05-19T18:00:00+00:00,2022-05-19T19:00:00+00:00,19,3,Thursday,contract,0.007089777422782948,-0.039494586193353,-0.000291521340214076,0.4189,1.5994270708999856,6.4693244211028915,9.429458104559556
1h,2022-05-21T09:00:00+00:00,2022-05-21T10:00:00+00:00,10,5,Saturday,contract,0.005141140483579175,-0.04488884725092457,-0.0002416261910445517,0.4115,0.9963547995139851,2.2114216281895636,3.110571081409486
1h,2022-05-21T11:00:00+00:00,2022-05-21T12:00:00+00:00,12,5,Saturday,contract,0.0048691466414534776,-0.0390044418379869,-0.00019762666472718845,0.4107,1.7774531288044737,2.167031896761631,3.2383735086437735
1h,2022-05-21T13:00:00+00:00,2022-05-21T14:00:00+00:00,14,5,Saturday,contract,0.0045274784816614145,-0.03960986235456376,-0.0001867291139739562,0.411,2.0681265206812673,2.0681265206812673,3.1386861313868537
1h,2022-05-23T03:00:00+00:00,2022-05-23T04:00:00+00:00,4,0,Monday,contract,0.0037065055363123484,-0.04188626771740278,-0.0001620388874086433,0.4198,1.8818484992853781,5.097665555026197,6.9318723201524435
1h,2022-05-23T19:00:00+00:00,2022-05-23T20:00:00+00:00,20,0,Monday,expand,0.004526107823852832,0.11090032415119655,0.0004518378597036304,0.4081,3.871600098015188,3.871600098015188,6.150453320264644
1h,2022-05-24T03:00:00+00:00,2022-05-24T04:00:00+00:00,4,1,Tuesday,contract,0.004735344176502155,-0.04403062612526343,-0.00021810339819247192,0.4111,2.0189734857698793,5.643395767453174,5.643395767453174
1h,2022-05-24T13:00:00+00:00,2022-05-24T14:00:00+00:00,14,1,Tuesday,expand,0.005564720789066933,0.1162742435039863,0.000579636862379467,0.393,4.198473282442752,5.852417302798988,6.208651399491102
1h,2022-05-25T04:00:00+00:00,2022-05-25T05:00:00+00:00,5,2,Wednesday,contract,0.004796334898482303,-0.045851492411686734,-0.00023048729988325682,0.4103,2.4616134535705574,4.996344138435296,4.996344138435296
1h,2022-05-25T13:00:00+00:00,2022-05-25T14:00:00+00:00,14,2,Wednesday,expand,0.005574469569501443,0.15500687674497815,0.0007481177254229695,0.4043,1.7313875834776171,2.8444224585703712,9.201088300766761
1h,2022-05-26T08:00:00+00:00,2022-05-26T09:00:00+00:00,9,3,Thursday,expand,0.005225353394317632,0.19689290703081985,0.0008595882004371076,0.3882,2.5502318392581196,7.187017001545589,7.5991756826378225
1h,2022-05-26T13:00:00+00:00,2022-05-26T14:00:00+00:00,14,3,Thursday,expand,0.0061481459321941325,0.15543191627418285,0.0008270656975235303,0.3879,3.557617942768749,4.614591389533391,4.614591389533391
1h,2022-05-28T07:00:00+00:00,2022-05-28T08:00:00+00:00,8,5,Saturday,contract,0.005281194664348403,-0.04428368151560902,-0.0002447072818729506,0.3857,1.1926367643246172,1.6852476017630298,2.3593466424682386
1h,2022-05-28T09:00:00+00:00,2022-05-28T10:00:00+00:00,10,5,Saturday,contract,0.0049297035626269395,-0.04085413218062961,-0.00020997719712515048,0.3842,1.4836022904737216,1.6918271733472168,2.3685580426861
1h,2022-05-29T04:00:00+00:00,2022-05-29T05:00:00+00:00,5,6,Sunday,contract,0.0035023614001758116,-0.04010623426191651,-0.00014633549232121248,0.3822,0.837257980115118,2.4332810047095697,5.337519623233902
1h,2022-05-30T01:00:00+00:00,2022-05-30T02:00:00+00:00,2,0,Monday,expand,0.003142005165191815,0.12871630172948834,0.00035830729498524325,0.3945,1.9264892268694538,2.8136882129277563,7.553865652724966
1h,2022-05-30T02:00:00+00:00,2022-05-30T03:00:00+00:00,3,0,Monday,expand,0.0034604333676781134,0.1013455375611576,0.0003184282024862985,0.3983,2.309816721064521,2.736630680391656,7.431584232990199
1h,2022-05-30T12:00:00+00:00,2022-05-30T13:00:00+00:00,13,0,Monday,expand,0.003697030273657613,0.10337770126375223,0.0003463822866417213,0.3973,1.4850239114019674,7.173420588975578,9.740750062924745
1h,2022-05-30T20:00:00+00:00,2022-05-30T21:00:00+00:00,21,0,Monday,expand,0.003840846606664057,0.11772857179193763,0.0004045502610258416,0.4082,4.262616364527185,6.761391474767274,6.883880450759435
1h,2022-05-30T21:00:00+00:00,2022-05-30T22:00:00+00:00,22,0,Monday,expand,0.004273643277616626,0.11268262320126121,0.0004327966709525687,0.4165,3.0252100840336134,6.3385354141656745,6.746698679471792
1h,2022-05-31T05:00:00+00:00,2022-05-31T06:00:00+00:00,6,1,Tuesday,expand,0.005586170499523623,0.20219433918179752,0.0009395253461904939,0.425,2.7529411764705856,4.611764705882355,4.752941176470587
1h,2022-05-31T13:00:00+00:00,2022-05-31T14:00:00+00:00,14,1,Tuesday,expand,0.006350417826587631,0.10507319330895548,0.0006038140133394114,0.4104,2.8996101364522473,4.922027290448342,4.922027290448342
1h,2022-06-01T14:00:00+00:00,2022-06-01T15:00:00+00:00,15,2,Wednesday,expand,0.0054401229859739,0.13223902216453864,0.0006353751549250837,0.4113,3.087770483831764,5.835156819839538,5.835156819839538
1h,2022-06-01T20:00:00+00:00,2022-06-01T21:00:00+00:00,21,2,Wednesday,expand,0.0057786935994204374,0.12794425774413232,0.0006554851077368879,0.3942,2.0547945205479445,2.8919330289193357,2.8919330289193357
1h,2022-06-01T21:00:00+00:00,2022-06-01T22:00:00+00:00,22,2,Wednesday,contract,0.005551644056604692,-0.03929080836514964,-0.00022704954281574548,0.3949,2.025829323879465,2.8868067865282407,3.190681185110155
1h,2022-06-02T09:00:00+00:00,2022-06-02T10:00:00+00:00,10,3,Thursday,contract,0.004773074043289016,-0.03981666876743828,-0.00019792877256069076,0.3958,2.046488125315815,4.345629105608892,4.699343102577061
1h,2022-06-03T03:00:00+00:00,2022-06-03T04:00:00+00:00,4,4,Friday,contract,0.0039042083745648853,-0.03980801129268985,-0.00016186218265883557,0.4085,1.5177478580171317,6.315789473684208,6.315789473684208
1h,2022-06-04T05:00:00+00:00,2022-06-04T06:00:00+00:00,6,5,Saturday,contract,0.0037579396598159598,-0.04230328934469685,-0.0001659953584473824,0.3905,0.9987195902688897,1.6645326504481448,1.9974391805377651
1h,2022-06-05T09:00:00+00:00,2022-06-05T10:00:00+00:00,10,6,Sunday,expand,0.002677354475715824,0.10553789235672606,0.0002555881172526292,0.3934,0.8642602948652807,3.3553634977122493,4.677173360447375
1h,2022-06-06T00:00:00+00:00,2022-06-06T01:00:00+00:00,1,0,Monday,expand,0.002874305834754913,0.11075098002917727,0.00028659185886500613,0.3993,1.402454295016277,3.4560480841472527,5.05885299273729
1h,2022-06-07T00:00:00+00:00,2022-06-07T01:00:00+00:00,1,1,Tuesday,expand,0.004138957696439097,0.22161316700554967,0.0007508494079662255,0.3911,1.8920992073638498,2.889286627461016,8.437739708514453
1h,2022-06-07T18:00:00+00:00,2022-06-07T19:00:00+00:00,19,1,Tuesday,expand,0.004102475098994438,0.11726334514839198,0.00043057883853888854,0.4055,3.9457459926017298,5.647348951911228,5.647348951911228
1h,2022-06-07T19:00:00+00:00,2022-06-07T20:00:00+00:00,20,1,Tuesday,expand,0.004588012591923403,0.11835233151030611,0.0004855374929289653,0.414,3.8647342995169116,5.531400966183583,5.531400966183583
1h,2022-06-08T11:00:00+00:00,2022-06-08T12:00:00+00:00,12,2,Wednesday,contract,0.004366000712319926,-0.04806789603119288,-0.00022046159325537877,0.3987,2.2824178580386247,2.2824178580386247,2.2824178580386247
1h,2022-06-08T17:00:00+00:00,2022-06-08T18:00:00+00:00,18,2,Wednesday,contract,0.004291904113644224,-0.044392061826860285,-0.00019937723951109557,0.4005,1.7478152309613,1.8476903870162202,1.9475655430711682
1h,2022-06-09T03:00:00+00:00,2022-06-09T04:00:00+00:00,4,3,Thursday,contract,0.003621644484291989,-0.045061019771575506,-0.00017089572956092113,0.4012,0.7228315054835389,1.944167497507485,3.0907278165503547
1h,2022-06-09T04:00:00+00:00,2022-06-09T05:00:00+00:00,5,3,Thursday,contract,0.003455812735413992,-0.045789074437663,-0.00016583174887799734,0.4012,0.9720837487537286,1.944167497507485,3.265204386839482
1h,2022-06-10T00:00:00+00:00,2022-06-10T01:00:00+00:00,1,4,Friday,expand,0.003156732005239233,0.16272532518117422,0.00044178984575082977,0.3981,1.9090680733484036,9.168550615423268,9.168550615423268
1h,2022-06-10T12:00:00+00:00,2022-06-10T13:00:00+00:00,13,4,Friday,expand,0.004096128024170519,0.20349668296069368,0.0006926055366022676,0.3927,4.76190476190476,4.76190476190476,5.984211866564799
1h,2022-06-10T16:00:00+00:00,2022-06-10T17:00:00+00:00,17,4,Friday,expand,0.004838367151664266,0.1366466143983458,0.000581664065256597,0.381,1.1811023622047254,2.414698162729655,8.425196850393705
1h,2022-06-10T18:00:00+00:00,2022-06-10T19:00:00+00:00,19,4,Friday,contract,0.00451981657464929,-0.04268371105400304,-0.00020152435189610234,0.3819,1.5449070437287145,2.4875621890547284,8.405341712490184
1h,2022-06-10T22:00:00+00:00,2022-06-10T23:00:00+00:00,23,4,Friday,contract,0.004071292721484755,-0.03940776172551297,-0.0001670225170372873,0.3853,1.583181936153645,6.670127173630938,8.33117051648067
1h,2022-06-11T02:00:00+00:00,2022-06-11T03:00:00+00:00,3,5,Saturday,contract,0.003825871809098448,-0.04467486143686894,-0.0001789132160844955,0.3844,0.8064516129032235,8.350676378772116,12.799167533818945
1h,2022-06-11T03:00:00+00:00,2022-06-11T04:00:00+00:00,4,5,Saturday,contract,0.003659738108448559,-0.04342374991624143,-0.00016613370064988897,0.3845,1.2223667100130136,8.348504551365414,12.795838751625494
1h,2022-06-11T14:00:00+00:00,2022-06-11T15:00:00+00:00,15,5,Saturday,expand,0.004759160598984846,0.10424811714257931,0.0004492953385396266,0.3647,3.509734027968187,8.198519330956945,8.198519330956945
1h,2022-06-11T22:00:00+00:00,2022-06-11T23:00:00+00:00,23,5,Saturday,contract,0.005254621728652184,-0.04280297610487149,-0.0002349709022040165,0.3648,7.072368421052628,7.072368421052628,7.072368421052628
1h,2022-06-12T14:00:00+00:00,2022-06-12T15:00:00+00:00,15,6,Sunday,expand,0.0065290367837010825,0.19031869979430405,0.0010439202474076103,0.356,2.6685393258426835,13.314606741573035,18.089887640449426
1h,2022-06-13T08:00:00+00:00,2022-06-13T09:00:00+00:00,9,0,Monday,expand,0.00922284212010825,0.10280702264632913,0.000859781375376286,0.3059,5.099705786204643,9.218698921216085,11.670480549199088
1h,2022-06-13T18:00:00+00:00,2022-06-13T19:00:00+00:00,19,0,Monday,contract,0.009340660721710881,-0.04212899198608111,-0.00041082005551622454,0.3161,7.1180006327111744,11.293894337235056,11.293894337235056
1h,2022-06-15T18:00:00+00:00,2022-06-15T19:00:00+00:00,19,2,Wednesday,expand,0.00889177728465462,0.24850949984504034,0.0017698632857957967,0.3197,9.008445417578978,10.8852048795746,11.792305286205805
1h,2022-06-16T02:00:00+00:00,2022-06-16T03:00:00+00:00,3,3,Thursday,contract,0.008948192092151364,-0.04238078008049828,-0.00039601477631933876,0.3379,2.8114826871855603,8.700799052974247,9.559041136430896
1h,2022-06-16T04:00:00+00:00,2022-06-16T05:00:00+00:00,5,3,Thursday,contract,0.008291043181497862,-0.04170757657377755,-0.0003608494754998356,0.3357,4.438486744116762,8.19183795055108,9.055704498063742
1h,2022-06-16T05:00:00+00:00,2022-06-16T06:00:00+00:00,6,3,Thursday,contract,0.007963111525676584,-0.03955252055050007,-0.00032793165582127755,0.3342,5.535607420706152,7.9593058049072285,8.827049670855766
1h,2022-06-18T03:00:00+00:00,2022-06-18T04:00:00+00:00,4,5,Saturday,contract,0.005086834071479289,-0.041828671353170366,-0.0002220641593445585,0.3197,5.317485142320914,8.507976227713481,10.791366906474813
1h,2022-06-18T04:00:00+00:00,2022-06-18T05:00:00+00:00,5,5,Saturday,contract,0.004852060209230766,-0.04615323774070912,-0.0002347738622485232,0.3205,6.614664586583461,10.76443057722308,10.76443057722308
1h,2022-06-18T05:00:00+00:00,2022-06-18T06:00:00+00:00,6,5,Saturday,contract,0.004655484479999995,-0.0405138684917381,-0.00019657572923077044,0.3195,6.353677621283267,10.516431924882635,10.516431924882635
1h,2022-06-18T06:00:00+00:00,2022-06-18T07:00:00+00:00,7,5,Saturday,expand,0.005322949874285711,0.14337184393013302,0.000667465394285716,0.3105,3.7359098228663443,8.888888888888893,8.888888888888893
1h,2022-06-18T12:00:00+00:00,2022-06-18T13:00:00+00:00,13,5,Saturday,contract,0.005225053410960664,-0.03992966153241717,-0.00021731180084312747,0.3061,1.8948056190787415,9.016661221822938,10.192747468147667
1h,2022-06-18T21:00:00+00:00,2022-06-18T22:00:00+00:00,22,5,Saturday,expand,0.006407121226700762,0.12557995678647305,0.0007148368287153255,0.3051,3.933136676499512,6.5880039331366795,11.766633890527691
1h,2022-06-22T05:00:00+00:00,2022-06-22T06:00:00+00:00,6,2,Wednesday,contract,0.004615376504259619,-0.04329689497279876,-0.0002088751157122773,0.3238,1.9456454601606017,2.779493514515136,3.458925262507717
1h,2022-06-24T00:00:00+00:00,2022-06-24T01:00:00+00:00,1,4,Friday,expand,0.003918544000522367,0.12057858118721887,0.00042165046149827707,0.3437,9.805062554553375,12.656386383473956,12.656386383473956
1h,2022-06-24T01:00:00+00:00,2022-06-24T02:00:00+00:00,2,4,Friday,expand,0.0060457908576279085,0.5428666506799376,0.0021272468571055412,0.3608,3.963414634146351,9.617516629711753,9.645232815964523
1h,2022-06-25T06:00:00+00:00,2022-06-25T07:00:00+00:00,7,5,Saturday,contract,0.006314965018265888,-0.04440678345051763,-0.00029345884755891446,0.3692,1.3001083423618558,5.037919826652223,5.037919826652223
1h,2022-06-25T09:00:00+00:00,2022-06-25T10:00:00+00:00,10,5,Saturday,contract,0.005728417691373959,-0.039077442562129416,-0.00023295520702876736,0.3702,3.700702323068609,4.727174500270129,4.727174500270129
1h,2022-06-27T09:00:00+00:00,2022-06-27T10:00:00+00:00,10,0,Monday,contract,0.004259259244758086,-0.03920308471938161,-0.00017378917267369884,0.3644,4.198682766191009,6.9978046103183384,6.9978046103183384
1h,2022-06-27T10:00:00+00:00,2022-06-27T11:00:00+00:00,11,0,Monday,contract,0.0040907407272753665,-0.03956521728282136,-0.00016851851748271932,0.3641,4.833836858006044,6.893710519088166,6.893710519088166
1h,2022-06-27T13:00:00+00:00,2022-06-27T14:00:00+00:00,14,0,Monday,expand,0.004656034029819232,0.17338483573619978,0.0006879973823215981,0.3512,2.0216400911161716,5.637813211845097,5.637813211845097
1h,2022-06-28T01:00:00+00:00,2022-06-28T02:00:00+00:00,2,1,Tuesday,expand,0.00515685791652734,0.14800911843840825,0.0006648570833440535,0.3424,1.9275700934579425,4.176401869158889,5.753504672897195
1h,2022-06-30T03:00:00+00:00,2022-06-30T04:00:00+00:00,4,3,Thursday,contract,0.004415782904624721,-0.04358115691009101,-0.00020121406958651528,0.3256,3.86977886977887,8.353808353808354,9.490171990171985
1h,2022-06-30T18:00:00+00:00,2022-06-30T19:00:00+00:00,19,3,Thursday,expand,0.005958582978995366,0.14216151625838558,0.0007416474631542032,0.3259,4.295796256520409,8.162012887388773,8.162012887388773
1h,2022-07-01T06:00:00+00:00,2022-07-01T07:00:00+00:00,7,4,Friday,contract,0.006706101225156068,-0.04077773246009653,-0.0002850847096273895,0.317,3.312302839116722,3.43848580441641,3.943217665615145
1h,2022-07-01T16:00:00+00:00,2022-07-01T17:00:00+00:00,17,4,Friday,contract,0.00535908591919209,-0.04074349282791645,-0.0002276219937840055,0.3112,2.8277634961439686,3.374035989717227,3.374035989717227
1h,2022-07-01T18:00:00+00:00,2022-07-01T19:00:00+00:00,19,4,Friday,contract,0.004955028165017671,-0.0466924634260899,-0.0002426944742321309,0.3124,2.368758002560825,3.3610755441741387,3.3610755441741387
1h,2022-07-02T05:00:00+00:00,2022-07-02T06:00:00+00:00,6,5,Saturday,contract,0.004209267922007397,-0.04217186113559068,-0.00018532830169287924,0.3129,1.5979546180888475,2.844359220198152,3.195909236177695
1h,2022-07-02T11:00:00+00:00,2022-07-02T12:00:00+00:00,12,5,Saturday,contract,0.0034680348549175712,-0.045881919621818645,-0.00016677191191673399,0.3116,1.5083440308087235,2.3106546854942187,3.2092426187419796
1h,2022-07-03T04:00:00+00:00,2022-07-03T05:00:00+00:00,5,6,Sunday,expand,0.003120199387964526,0.13041907904430383,0.00035998466246426946,0.314,2.070063694267518,5.22292993630574,5.22292993630574
1h,2022-07-03T07:00:00+00:00,2022-07-03T08:00:00+00:00,8,6,Sunday,contract,0.0030889497286290314,-0.04492654111907102,-0.00014530382527915778,0.3122,0.8327994875080227,5.253042921204365,5.253042921204365
1h,2022-07-03T10:00:00+00:00,2022-07-03T11:00:00+00:00,11,6,Sunday,contract,0.0028384192980313414,-0.042514526378862105,-0.00012603225369471616,0.3115,1.1556982343499351,5.264847512038531,5.264847512038531
1h,2022-07-03T11:00:00+00:00,2022-07-03T12:00:00+00:00,12,6,Sunday,contract,0.002699960776743389,-0.0487801507634843,-0.0001384585212879522,0.312,1.1538461538461693,5.256410256410264,5.256410256410264
1h,2022-07-03T18:00:00+00:00,2022-07-03T19:00:00+00:00,19,6,Sunday,expand,0.0029667563721135375,0.10717059430282405,0.00028717258676049613,0.3217,2.2691949020826776,3.512589368977301,4.072116879079888
1h,2022-07-06T21:00:00+00:00,2022-07-06T22:00:00+00:00,22,2,Wednesday,contract,0.0032623364600921716,-0.039896498142999004,-0.00013556434308401337,0.3294,1.7607771706132442,2.5804493017607792,5.768063145112314
1h,2022-07-08T00:00:00+00:00,2022-07-08T01:00:00+00:00,1,4,Friday,expand,0.003981649043764035,0.172583105098155,0.0005860269966335356,0.3514,2.9311326124075063,6.687535571997713,6.687535571997713
1h,2022-07-09T02:00:00+00:00,2022-07-09T03:00:00+00:00,3,5,Saturday,contract,0.0050014881682401745,-0.041307191143669875,-0.00021549908986462536,0.341,1.2903225806451493,2.463343108504404,3.196480938416428
1h,2022-07-09T04:00:00+00:00,2022-07-09T05:00:00+00:00,5,5,Saturday,contract,0.0047278137777172925,-0.04100231971783297,-0.00020213952136287003,0.3423,1.3730645632486234,2.4539877300613555,3.622553315804856
1h,2022-07-09T12:00:00+00:00,2022-07-09T13:00:00+00:00,13,5,Saturday,contract,0.0038925938459128,-0.04152929790594906,-0.0001686610650702123,0.3416,1.1709601873536308,3.629976580796259,3.6885245901639343
1h,2022-07-09T20:00:00+00:00,2022-07-09T21:00:00+00:00,21,5,Saturday,contract,0.0032183554062665547,-0.05035196746117743,-0.0001706427235589657,0.3458,1.9664545980335375,3.5858877964141027,8.155002891844997
1h,2022-07-10T05:00:00+00:00,2022-07-10T06:00:00+00:00,6,6,Sunday,contract,0.0032048573117709886,-0.04372147466899312,-0.0001465274855208436,0.3392,0.9433962264150886,6.397405660377357,6.898584905660371
1h,2022-07-10T15:00:00+00:00,2022-07-10T16:00:00+00:00,16,6,Sunday,expand,0.004057799672996021,0.2265143588813412,0.0007494000251541551,0.3243,2.3743447425223683,4.224483502929384,4.224483502929384
1h,2022-07-10T17:00:00+00:00,2022-07-10T18:00:00+00:00,18,6,Sunday,contract,0.003971776248654733,-0.04214417648737345,-0.00017475201912728854,0.3246,1.232285890326557,4.22057917436845,4.22057917436845
1h,2022-07-10T21:00:00+00:00,2022-07-10T22:00:00+00:00,22,6,Sunday,contract,0.003656187563458663,-0.04146657544486709,-0.00015816827411220145,0.3265,2.6952526799387533,4.196018376722814,4.777947932618684
1h,2022-07-10T22:00:00+00:00,2022-07-10T23:00:00+00:00,23,6,Sunday,expand,0.0040236027374973326,0.10049133630636398,0.0003674151740386696,0.3268,1.8665850673194768,3.6719706242350094,4.987760097919228
1h,2022-07-11T07:00:00+00:00,2022-07-11T08:00:00+00:00,8,0,Monday,expand,0.004610088623711596,0.12144013288985778,0.0004992239520221842,0.3264,1.9914215686274526,5.545343137254903,6.43382352941177
1h,2022-07-11T15:00:00+00:00,2022-07-11T16:00:00+00:00,16,0,Monday,contract,0.00423234658130854,-0.038991010891742395,-0.00017171896779296422,0.3231,1.2689569792633837,5.787681832250076,5.787681832250076
1h,2022-07-11T16:00:00+00:00,2022-07-11T17:00:00+00:00,17,0,Monday,contract,0.004044321825500787,-0.04442565186843006,-0.00018802475580775337,0.3229,1.3007122948281145,5.791266646020437,5.791266646020437
1h,2022-07-12T12:00:00+00:00,2022-07-12T13:00:00+00:00,13,1,Tuesday,contract,0.0036808482999289354,-0.03975062652705219,-0.000152372946148381,0.3116,1.732991014120655,2.7920410783055156,6.739409499358158
1h,2022-07-13T12:00:00+00:00,2022-07-13T13:00:00+00:00,13,2,Wednesday,expand,0.004501864062453475,0.3925688361418225,0.0012690873798112717,0.3063,3.5912504080966405,7.28044400914136,7.28044400914136
1h,2022-07-13T19:00:00+00:00,2022-07-13T20:00:00+00:00,20,2,Wednesday,contract,0.0043614055847583915,-0.04483524281232398,-0.00020472350651987766,0.3175,3.2755905511810917,4.094488188976381,5.63779527559056
1h,2022-07-14T03:00:00+00:00,2022-07-14T04:00:00+00:00,4,3,Thursday,contract,0.004230057005130953,-0.04064941667788635,-0.00017923515424084126,0.3214,1.5868077162414416,5.5693839452395855,11.449906658369633
1h,2022-07-14T17:00:00+00:00,2022-07-14T18:00:00+00:00,18,3,Thursday,expand,0.004211444033108302,0.10246745441857108,0.00039142738206859396,0.3272,1.650366748166247,7.182151589242043,7.182151589242043
1h,2022-07-15T01:00:00+00:00,2022-07-15T02:00:00+00:00,2,4,Friday,expand,0.004900013562560646,0.20872764336054694,0.0008461528028799485,0.3462,2.8596187175043224,6.123627960716347,6.123627960716347
1h,2022-07-16T03:00:00+00:00,2022-07-16T04:00:00+00:00,4,5,Saturday,contract,0.004449125211634089,-0.04379605923301355,-0.0002037788624333894,0.3356,1.7580452920143077,7.181168057210968,7.181168057210968
1h,2022-07-16T16:00:00+00:00,2022-07-16T17:00:00+00:00,17,5,Saturday,expand,0.004416499406111996,0.14300933254224235,0.0005525769687606155,0.3536,2.3472850678732957,4.044117647058833,4.496606334841636
1h,2022-07-17T15:00:00+00:00,2022-07-17T16:00:00+00:00,16,6,Sunday,contract,0.004146123223593263,-0.04171202732577428,-0.00018047101719948465,0.3486,4.5611015490533475,8.347676419965564,9.00745840504876
1h,2022-07-17T17:00:00+00:00,2022-07-17T18:00:00+00:00,18,6,Sunday,expand,0.004956096044832963,0.20461500306958946,0.0008418387657820776,0.344,2.2093023255813944,7.732558139534872,8.401162790697668
1h,2022-07-17T20:00:00+00:00,2022-07-17T21:00:00+00:00,21,6,Sunday,contract,0.00469804774435059,-0.03929436668933384,-0.00019215751879620054,0.3475,2.9640287769784104,8.316546762589923,8.316546762589923
1h,2022-07-20T16:00:00+00:00,2022-07-20T17:00:00+00:00,17,2,Wednesday,expand,0.0057773019744820145,0.1047729424659094,0.0005478998481167697,0.3684,3.745928338762209,5.103148751357216,6.026058631921823
1h,2022-07-20T19:00:00+00:00,2022-07-20T20:00:00+00:00,20,2,Wednesday,contract,0.00550668091761552,-0.04415175505724378,-0.00025436007058580665,0.3691,3.7388241668924356,5.526957464101862,6.014630181522622
1h,2022-07-20T20:00:00+00:00,2022-07-20T21:00:00+00:00,21,2,Wednesday,expand,0.006099060852071553,0.10757477023247297,0.000592379934456033,0.3587,2.34178979648732,4.711458042932804,5.492054641761916
1h,2022-07-21T05:00:00+00:00,2022-07-21T06:00:00+00:00,6,3,Thursday,contract,0.005806282159570069,-0.04074679985990359,-0.0002466370891976979,0.3584,1.3392857142857217,5.496651785714284,5.831473214285707
1h,2022-07-21T09:00:00+00:00,2022-07-21T10:00:00+00:00,10,3,Thursday,contract,0.005153600706983566,-0.039477914337985864,-0.00021181543899873555,0.3574,2.1824286513710054,5.847789591494117,5.9317291550083935
1h,2022-07-21T21:00:00+00:00,2022-07-21T22:00:00+00:00,22,3,Thursday,contract,0.004488080189754375,-0.047165325961780136,-0.00022216001459649058,0.3666,1.8821603927986805,3.2460447354064432,4.828150572831422
1h,2022-07-23T01:00:00+00:00,2022-07-23T02:00:00+00:00,2,5,Saturday,contract,0.004124751323808308,-0.03983688477341829,-0.00017113471721602255,0.359,1.253481894150419,3.5654596100278493,4.0389972144846835
1h,2022-07-23T02:00:00+00:00,2022-07-23T03:00:00+00:00,3,5,Saturday,contract,0.003951554800679146,-0.04198956725693048,-0.00017319652312916198,0.3591,1.2531328320802015,3.5644667223614537,4.0378724589250945
1h,2022-07-23T03:00:00+00:00,2022-07-23T04:00:00+00:00,4,5,Saturday,contract,0.003790729457773491,-0.04069925662628138,-0.00016082534290565468,0.3582,1.2562814070351769,3.685092127303179,4.048017867113348
1h,2022-07-25T23:00:00+00:00,2022-07-26T00:00:00+00:00,0,1,Tuesday,expand,0.004107362850890036,0.11233939903322954,0.0004148182422392243,0.3358,2.3823704586063155,3.5735556879094728,3.930911256700414
1h,2022-07-26T09:00:00+00:00,2022-07-26T10:00:00+00:00,10,1,Tuesday,contract,0.0037724319505397313,-0.04241867348412465,-0.00016711015004151853,0.3318,2.260397830018085,4.279686558167568,4.279686558167568
1h,2022-07-27T10:00:00+00:00,2022-07-27T11:00:00+00:00,11,2,Wednesday,contract,0.0032571889322387296,-0.04417969377128539,-0.000150552994787593,0.3357,2.0256181114090044,8.5492999702115,8.5492999702115
1h,2022-07-27T18:00:00+00:00,2022-07-27T19:00:00+00:00,19,2,Wednesday,expand,0.00431399462073821,0.20616872216447102,0.0007373850291739863,0.3506,2.3673702224757642,3.337136337706785,7.301768397033658
1h,2022-07-28T05:00:00+00:00,2022-07-28T06:00:00+00:00,6,3,Thursday,contract,0.003991614344191353,-0.04405858061554668,-0.00018397033416856206,0.3582,1.8425460636515896,8.458961474036848,8.682300390843109
1h,2022-07-28T15:00:00+00:00,2022-07-28T16:00:00+00:00,16,3,Thursday,expand,0.00494799776302825,0.1492175893323311,0.0006424617105362908,0.3647,2.933918289004673,4.442007129147258,4.743624897175771
1h,2022-07-30T07:00:00+00:00,2022-07-30T08:00:00+00:00,8,5,Saturday,contract,0.004565663041324793,-0.04911403839778239,-0.00023582023394806088,0.3695,1.8132611637347722,11.826792963464131,11.826792963464131
1h,2022-07-30T13:00:00+00:00,2022-07-30T14:00:00+00:00,14,5,Saturday,expand,0.005913419785606159,0.3537124695633409,0.0015451215549533706,0.3986,3.938785750125437,6.397390868038125,7.099849473156043
1h,2022-07-31T08:00:00+00:00,2022-07-31T09:00:00+00:00,9,6,Sunday,expand,0.006211408044074703,0.1331550690769352,0.0007298916889173302,0.3851,2.1033497792781084,5.401194494936376,5.712801869644253
1h,2022-07-31T18:00:00+00:00,2022-07-31T19:00:00+00:00,19,6,Sunday,expand,0.005864911767866079,0.12772143174111084,0.0006642375563179941,0.3909,4.041954464057299,5.679201841903299,6.472243540547451
1h,2022-07-31T20:00:00+00:00,2022-07-31T21:00:00+00:00,21,6,Sunday,contract,0.00552637800392534,-0.042978665651508985,-0.00024818292337887553,0.3927,3.9215686274509727,5.271199388846447,5.882352941176474
1h,2022-08-02T01:00:00+00:00,2022-08-02T02:00:00+00:00,2,1,Tuesday,expand,0.00534250109603207,0.26749693949036857,0.0011274999156898379,0.3764,2.922422954303934,3.2678002125398455,3.9054197662061614
1h,2022-08-04T03:00:00+00:00,2022-08-04T04:00:00+00:00,4,3,Thursday,contract,0.00326376141309894,-0.04207833582841425,-0.0001433662625460754,0.3711,1.6707087038534192,2.991107518189167,3.260576663971975
1h,2022-08-04T17:00:00+00:00,2022-08-04T18:00:00+00:00,18,3,Thursday,contract,0.0032631839435810503,-0.039904965368471546,-0.0001356295341216193,0.3661,1.5842665938268157,3.987981425839935,3.987981425839935
1h,2022-08-06T06:00:00+00:00,2022-08-06T07:00:00+00:00,7,5,Saturday,contract,0.002486290733414054,-0.043962601877037266,-0.00011433005641646541,0.3744,0.587606837606847,1.282051282051289,2.1634615384615374
1h,2022-08-06T10:00:00+00:00,2022-08-06T11:00:00+00:00,11,5,Saturday,contract,0.002201753166311928,-0.04350118591707075,-0.00010013485894707057,0.3742,0.5077498663816176,2.1378941742383626,2.1378941742383626
1h,2022-08-08T08:00:00+00:00,2022-08-08T09:00:00+00:00,9,0,Monday,expand,0.0024421169857350793,0.18066003902114125,0.00037368330878961116,0.3825,0.7843137254901967,3.45098039215686,3.45098039215686
1h,2022-08-08T15:00:00+00:00,2022-08-08T16:00:00+00:00,16,0,Monday,expand,0.0027620063165283474,0.11968264624448244,0.0002952302833439729,0.3792,1.1867088607594802,3.0854430379746804,6.1445147679324865
1h,2022-08-08T22:00:00+00:00,2022-08-08T23:00:00+00:00,23,0,Monday,expand,0.003363540524246175,0.1632490052449802,0.00047203534428875635,0.3777,1.509134233518676,5.295207836907603,5.295207836907603
1h,2022-08-10T10:00:00+00:00,2022-08-10T11:00:00+00:00,11,2,Wednesday,contract,0.0028602752022501045,-0.042742289480194984,-0.00012771347709616358,0.3628,4.575523704520398,6.449834619625146,6.449834619625146
1h,2022-08-10T12:00:00+00:00,2022-08-10T13:00:00+00:00,13,2,Wednesday,expand,0.003576461781531977,0.2713538981349122,0.0007633490937283063,0.376,1.1968085106382989,3.457446808510641,3.457446808510641
1h,2022-08-12T17:00:00+00:00,2022-08-12T18:00:00+00:00,18,4,Friday,contract,0.0027434054189918043,-0.046605552968388086,-0.00013410810915321595,0.3722,1.6120365394948968,4.271896829661465,4.271896829661465
1h,2022-08-13T06:00:00+00:00,2022-08-13T07:00:00+00:00,7,5,Saturday,expand,0.002941952197253683,0.12198220599415,0.00031984983098048547,0.3827,1.724588450483406,1.907499346746792,3.4230467729291876
1h,2022-08-13T21:00:00+00:00,2022-08-13T22:00:00+00:00,22,5,Saturday,contract,0.002460320288823367,-0.04079596154637133,-0.00010464002221717865,0.3789,1.5043547110055377,4.275534441805223,4.935339139614673
1h,2022-08-14T19:00:00+00:00,2022-08-14T20:00:00+00:00,20,6,Sunday,contract,0.003391224872897439,-0.04113401866128685,-0.0001454788363767258,0.3786,1.769677760169054,5.150554675118864,5.150554675118864
1h,2022-08-15T06:00:00+00:00,2022-08-15T07:00:00+00:00,7,0,Monday,expand,0.003965157921666926,0.1685438550025311,0.0005719109291025455,0.3722,1.8001074691026286,3.0628694250403066,3.1434712520150425
1h,2022-08-16T17:00:00+00:00,2022-08-16T18:00:00+00:00,18,1,Tuesday,contract,0.00323139188396383,-0.03958418416485787,-0.00013318399107414098,0.374,1.7112299465240688,5.82887700534759,6.631016042780747
1h,2022-08-17T00:00:00+00:00,2022-08-17T01:00:00+00:00,1,2,Wednesday,expand,0.0036596645621851886,0.14267544332756787,0.0004569488798319083,0.3856,2.619294605809128,6.43153526970954,6.43153526970954
1h,2022-08-18T23:00:00+00:00,2022-08-19T00:00:00+00:00,0,4,Friday,expand,0.003885683791879541,0.12504163897789589,0.00043187047754772835,0.37,3.054054054054063,12.91891891891892,12.91891891891892
1h,2022-08-19T06:00:00+00:00,2022-08-19T07:00:00+00:00,7,4,Friday,expand,0.006621090972095738,0.6150434514733321,0.0025214545406080204,0.3423,2.9506281040023365,4.236050248320175,4.9371895997662785
1h,2022-08-19T18:00:00+00:00,2022-08-19T19:00:00+00:00,19,4,Friday,contract,0.005254063327619618,-0.0427998399833488,-0.0002349279482784343,0.3383,2.6899201891811995,3.4584688146615394,3.4880283771800107
1h,2022-08-20T07:00:00+00:00,2022-08-20T08:00:00+00:00,8,5,Saturday,contract,0.004612430550958599,-0.04480245498660851,-0.00021634081161220255,0.3414,1.0544815465729327,3.163444639718798,3.573520796719388
1h,2022-08-20T09:00:00+00:00,2022-08-20T10:00:00+00:00,10,5,Saturday,contract,0.004290310015877567,-0.04601625547553967,-0.00020694692429827546,0.34,0.9411764705882295,3.176470588235287,4.617647058823526
1h,2022-08-20T11:00:00+00:00,2022-08-20T12:00:00+00:00,12,5,Saturday,contract,0.003966644860629124,-0.04210509686681729,-0.00017435729697147257,0.3412,0.8792497069167651,3.077373974208678,4.601406799531064
1h,2022-08-20T13:00:00+00:00,2022-08-20T14:00:00+00:00,14,5,Saturday,contract,0.003673280517583277,-0.04353009823668674,-0.00016717542442948275,0.3409,0.9680258140217147,3.0800821355236168,4.605456145497211
1h,2022-08-21T18:00:00+00:00,2022-08-21T19:00:00+00:00,19,6,Sunday,contract,0.0030087895384346757,-0.0441997696176637,-0.0001391376568026688,0.3435,1.8340611353711709,5.065502183406104,5.065502183406104
1h,2022-08-23T19:00:00+00:00,2022-08-23T20:00:00+00:00,20,1,Tuesday,contract,0.0032601494379823543,-0.04420516362101656,-0.00015078072599864064,0.3449,1.1887503624238889,2.696433748912721,3.6532328211075673
1h,2022-08-24T09:00:00+00:00,2022-08-24T10:00:00+00:00,10,2,Wednesday,contract,0.003130179200591814,-0.04304024508157045,-0.00014078301543014177,0.3421,1.1692487576731798,3.478515054077745,3.478515054077745
1h,2022-08-26T08:00:00+00:00,2022-08-26T09:00:00+00:00,9,4,Friday,expand,0.004221966241543682,0.47909507889405134,0.0013675410583427958,0.3698,5.327203893996754,10.302866414277979,11.465657111952405
1h,2022-08-26T17:00:00+00:00,2022-08-26T18:00:00+00:00,18,4,Friday,contract,0.00557522088532711,-0.04826095395160468,-0.00028270929887131563,0.3349,3.165123917587339,5.046282472379823,5.046282472379823
1h,2022-08-27T04:00:00+00:00,2022-08-27T05:00:00+00:00,5,5,Saturday,contract,0.005092700165579702,-0.03908252621973296,-0.00020713078196767272,0.334,2.5449101796407207,2.964071856287431,2.964071856287431
1h,2022-08-27T08:00:00+00:00,2022-08-27T09:00:00+00:00,9,5,Saturday,contract,0.004727967758983805,-0.04398661751709787,-0.00021753598146029111,0.3348,1.3142174432497058,2.2102747909199576,2.2102747909199576
1h,2022-08-27T09:00:00+00:00,2022-08-27T10:00:00+00:00,10,5,Saturday,contract,0.004525970061913534,-0.04272400053626568,-0.00020199769707027106,0.3343,1.076877056536043,2.2135806162129876,2.2135806162129876
1h,2022-08-27T20:00:00+00:00,2022-08-27T21:00:00+00:00,21,5,Saturday,contract,0.003576487536586658,-0.04275174479100674,-0.00015972981050666607,0.3355,1.3412816691505227,1.6393442622950833,1.7585692995529107
1h,2022-08-28T04:00:00+00:00,2022-08-28T05:00:00+00:00,5,6,Sunday,contract,0.003113742327729633,-0.04061732986927824,-0.00013182633290227804,0.3334,1.1697660467906463,1.7696460707858477,5.698860227954414
1h,2022-08-28T06:00:00+00:00,2022-08-28T07:00:00+00:00,7,6,Sunday,contract,0.00294960435401178,-0.043637058892613156,-0.0001345849503085958,0.3338,0.7489514679448779,2.6063511084481683,5.692031156381072
1h,2022-08-28T09:00:00+00:00,2022-08-28T10:00:00+00:00,10,6,Sunday,contract,0.0026826824948119076,-0.04863069831973532,-0.0001371294226778382,0.3334,0.9298140371925591,5.698860227954414,5.698860227954414
1h,2022-08-28T17:00:00+00:00,2022-08-28T18:00:00+00:00,18,6,Sunday,contract,0.0024677335520280528,-0.04659180292724463,-0.00012059488861754187,0.3347,0.7768150582611434,5.318195398864666,5.318195398864666
1h,2022-08-28T22:00:00+00:00,2022-08-28T23:00:00+00:00,23,6,Sunday,expand,0.0025677474298899847,0.10355079742887008,0.00024094250539307685,0.3303,3.6633363608840455,3.935815924916746,4.42022403875265
1h,2022-08-28T23:00:00+00:00,2022-08-29T00:00:00+00:00,0,0,Monday,expand,0.0030414797563264135,0.18449335044480053,0.0004737323264364288,0.3223,2.14086255041887,4.033509152963082,4.902264970524368
1h,2022-08-29T17:00:00+00:00,2022-08-29T18:00:00+00:00,18,0,Monday,contract,0.0032868570642873803,-0.04013966008716108,-0.000137450543406721,0.3281,1.9811033221578807,2.864980188966784,5.028954587016158
1h,2022-08-30T14:00:00+00:00,2022-08-30T15:00:00+00:00,15,1,Tuesday,expand,0.0031811021420913026,0.13189656887363488,0.00037068445060836185,0.3238,2.0074119827053756,4.478072884496607,4.539839407041381
1h,2022-09-02T12:00:00+00:00,2022-09-02T13:00:00+00:00,13,4,Friday,expand,0.0028804590239070184,0.10374039815957059,0.0002707339212379184,0.3309,1.9945602901178587,2.901178603807796,2.901178603807796
1h,2022-09-03T03:00:00+00:00,2022-09-03T04:00:00+00:00,4,5,Saturday,contract,0.0028836539299766295,-0.04541893226932392,-0.0001372041484597416,0.3282,1.5539305301645319,1.5539305301645319,1.5539305301645319
1h,2022-09-03T10:00:00+00:00,2022-09-03T11:00:00+00:00,11,5,Saturday,contract,0.0024763707811786156,-0.04668073878769563,-0.00012125929085989246,0.3284,0.8221680876979233,1.1266747868453049,1.6443361753958636
1h,2022-09-03T13:00:00+00:00,2022-09-03T14:00:00+00:00,14,5,Saturday,contract,0.002227072378370782,-0.04065979116967999,-9.43901829515985e-05,0.329,0.8814589665653368,1.4893617021276642,1.6413373860182416
1h,2022-09-03T21:00:00+00:00,2022-09-03T22:00:00+00:00,22,5,Saturday,contract,0.0019453724630599041,-0.03969485282685514,-8.041326638922675e-05,0.329,0.6990881458966639,1.6413373860182416,1.6413373860182416
1h,2022-09-05T05:00:00+00:00,2022-09-05T06:00:00+00:00,6,0,Monday,expand,0.002011858022980335,0.13882000637976777,0.00024524169053997307,0.3266,1.347213717085124,2.8169014084506996,6.338028169014083
1h,2022-09-06T00:00:00+00:00,2022-09-06T01:00:00+00:00,1,1,Tuesday,expand,0.0025652856283065067,0.2918848192080985,0.0005795934132071922,0.3411,3.6939313984168867,3.6939313984168867,7.593081207856926
1h,2022-09-06T01:00:00+00:00,2022-09-06T02:00:00+00:00,2,1,Tuesday,expand,0.0029891937977131852,0.16524794148810829,0.00042390816940667854,0.3347,1.6133851210038888,4.421870331640285,6.154765461607411
1h,2022-09-06T17:00:00+00:00,2022-09-06T18:00:00+00:00,18,1,Tuesday,expand,0.003627696069217479,0.1882773621078926,0.000574792610060194,0.3249,2.4622960911049576,4.001231148045556,5.355493998153285
1h,2022-09-06T21:00:00+00:00,2022-09-06T22:00:00+00:00,22,1,Tuesday,contract,0.003647707398816128,-0.04525472662724128,-0.00017290056913970078,0.3238,2.3162445954292625,4.478072884496607,7.81346510191476
1h,2022-09-07T08:00:00+00:00,2022-09-07T09:00:00+00:00,9,2,Wednesday,contract,0.0033474976264947836,-0.051182804475131904,-0.00018057674049959827,0.3201,1.5307716338644224,6.029365823180269,6.029365823180269
1h,2022-09-10T07:00:00+00:00,2022-09-10T08:00:00+00:00,8,5,Saturday,expand,0.004576208871680437,0.1023551223243262,0.00042490700987073485,0.3528,1.0487528344671304,2.2959183673469377,2.49433106575963
1h,2022-09-10T09:00:00+00:00,2022-09-10T10:00:00+00:00,10,5,Saturday,contract,0.004252955608744871,-0.04413718472762407,-0.00019638120067267967,0.3546,1.2690355329949248,2.284263959390862,2.4816694867456213
1h,2022-09-10T11:00:00+00:00,2022-09-10T12:00:00+00:00,12,5,Saturday,contract,0.003952803560601447,-0.04732738345036902,-0.00019636950466164933,0.3545,1.4104372355430197,2.200282087447101,2.4823695345557053
1h,2022-09-11T19:00:00+00:00,2022-09-11T20:00:00+00:00,20,6,Sunday,contract,0.0022594869824378028,-0.04423567644574766,-0.00010457592172598371,0.3551,3.4074908476485493,3.6327794987327575,3.6327794987327575
1h,2022-09-11T20:00:00+00:00,2022-09-11T21:00:00+00:00,21,6,Sunday,expand,0.0024838093408351036,0.09928021720898572,0.00022432235839730088,0.3594,3.3667223149693934,3.5893155258764673,3.5893155258764673
1h,2022-09-11T21:00:00+00:00,2022-09-11T22:00:00+00:00,22,6,Sunday,expand,0.0031706801022040247,0.27653924561616394,0.000686870761368921,0.3511,2.3070350327541997,2.9621190544004614,3.1614924522927934
1h,2022-09-13T12:00:00+00:00,2022-09-13T13:00:00+00:00,13,1,Tuesday,expand,0.004168709238467892,0.32301434466563816,0.001017791597040929,0.3429,1.9539224263633663,3.966170895304754,3.966170895304754
1h,2022-09-13T15:00:00+00:00,2022-09-13T16:00:00+00:00,16,1,Tuesday,contract,0.003952315669429287,-0.041995414262529285,-0.00017325505149455838,0.339,2.2713864306784615,3.1268436578171084,3.1268436578171084
1h,2022-09-14T05:00:00+00:00,2022-09-14T06:00:00+00:00,6,2,Wednesday,contract,0.0032343631905565706,-0.041803050322111845,-0.00014110486081204314,0.3367,1.3959013959013906,3.3561033561033495,3.534303534303524
1h,2022-09-15T14:00:00+00:00,2022-09-15T15:00:00+00:00,15,3,Thursday,expand,0.0037133552138001033,0.09995323183668714,0.0003374342143230686,0.326,1.1349693251533683,2.7607361963190207,3.5582822085889565
1h,2022-09-15T18:00:00+00:00,2022-09-15T19:00:00+00:00,19,3,Thursday,contract,0.003317022549493562,-0.040433703877785554,-0.00013977096534565844,0.3272,1.650366748166264,2.750611246943768,5.684596577017117
1h,2022-09-16T16:00:00+00:00,2022-09-16T17:00:00+00:00,17,4,Friday,expand,0.003867113175737014,0.1261859153117837,0.00043329898648176426,0.3387,4.546796575140233,7.2040153528195985,13.404192500738116
1h,2022-09-16T22:00:00+00:00,2022-09-16T23:00:00+00:00,23,4,Friday,expand,0.004844987218424348,0.14664189007787098,0.0006196163678135139,0.3544,2.6805869074492126,9.283295711060944,9.960496613995486
1h,2022-09-17T03:00:00+00:00,2022-09-17T04:00:00+00:00,4,5,Saturday,contract,0.0044867602399491875,-0.04715800144429294,-0.00022205847999609302,0.3501,1.4281633818908896,10.08283347614967,10.08283347614967
1h,2022-09-17T13:00:00+00:00,2022-09-17T14:00:00+00:00,14,5,Saturday,expand,0.0049367645537287405,0.21977193867193945,0.0008894796497131751,0.3693,2.626590847549414,4.522068778770645,8.20471161657189
1h,2022-09-17T20:00:00+00:00,2022-09-17T21:00:00+00:00,21,5,Saturday,contract,0.005317550766784537,-0.04182578196324238,-0.00023211928975265961,0.3724,1.8528464017185868,8.136412459720727,8.915145005370556
1h,2022-09-18T07:00:00+00:00,2022-09-18T08:00:00+00:00,8,6,Sunday,expand,0.005748025226049304,0.22554443219217202,0.0010578442133808196,0.3867,5.120248254460833,10.964572019653476,15.076286527023525
1h,2022-09-18T09:00:00+00:00,2022-09-18T10:00:00+00:00,10,6,Sunday,expand,0.006675082975522105,0.13653907547953947,0.0008019166941906075,0.3801,2.788739805314391,11.28650355169692,15.33806892922914
1h,2022-09-18T11:00:00+00:00,2022-09-18T12:00:00+00:00,12,6,Sunday,contract,0.00658055623909814,-0.03909516728207019,-0.0002677350953152425,0.3776,3.151483050847463,15.439618644067787,15.439618644067787
1h,2022-09-18T21:00:00+00:00,2022-09-18T22:00:00+00:00,22,6,Sunday,expand,0.008113713744381842,0.09996962221304528,0.0007374066350475496,0.3772,6.230116648992583,10.312831389183454,14.1304347826087
1h,2022-09-18T22:00:00+00:00,2022-09-18T23:00:00+00:00,23,6,Sunday,expand,0.00891987704835457,0.09935811508397574,0.0008061633039727276,0.3648,7.593201754385966,7.757675438596488,14.610745614035093
1h,2022-09-20T14:00:00+00:00,2022-09-20T15:00:00+00:00,15,1,Tuesday,expand,0.009189335061266244,0.10356206366819243,0.0008623588414410598,0.3957,7.278241091736162,8.617639625979267,8.794541319181198
1h,2022-09-20T15:00:00+00:00,2022-09-20T16:00:00+00:00,16,1,Tuesday,expand,0.010447239699747226,0.1368874494285388,0.0012579046384809823,0.4195,5.458879618593558,8.295589988081048,8.295589988081048
1h,2022-09-21T18:00:00+00:00,2022-09-21T19:00:00+00:00,19,2,Wednesday,expand,0.012672781402221568,0.3912146042018003,0.0035636321998291105,0.4224,9.682765151515149,10.961174242424244,19.436553030303035
1h,2022-09-22T02:00:00+00:00,2022-09-22T03:00:00+00:00,3,3,Thursday,contract,0.011710007868027986,-0.041614223647202575,-0.0005084621436944551,0.4011,6.407379705809026,16.52954375467465,25.105958613812017
1h,2022-09-22T03:00:00+00:00,2022-09-22T04:00:00+00:00,4,3,Thursday,contract,0.011123578734597416,-0.05007931164860324,-0.0005864291334305698,0.402,5.995024875621892,24.651741293532343,36.293532338308445
1h,2022-09-22T19:00:00+00:00,2022-09-22T20:00:00+00:00,20,3,Thursday,expand,0.014353509094171673,0.18587005472643447,0.0022497300696791046,0.4831,3.9536327882426012,17.30490581660111,21.27923825294969
1h,2022-09-23T03:00:00+00:00,2022-09-23T04:00:00+00:00,4,4,Friday,expand,0.01714009034938169,0.17545731017190036,0.0025584545885090973,0.5382,8.008175399479732,19.100706057227786,19.100706057227786
1h,2022-09-24T03:00:00+00:00,2022-09-24T04:00:00+00:00,4,5,Saturday,contract,0.018346763335740274,-0.043115591839038125,-0.0008266741027492461,0.5014,6.402074192261671,9.533306741124854,9.533306741124854
1h,2022-09-24T09:00:00+00:00,2022-09-24T10:00:00+00:00,10,5,Saturday,contract,0.016294625709980158,-0.050194542135168274,-0.0008611250546138594,0.4938,2.409882543539899,7.432158768732282,7.432158768732282
1h,2022-09-24T23:00:00+00:00,2022-09-25T00:00:00+00:00,0,6,Sunday,contract,0.013992261623758648,-0.042088533581446486,-0.0006147893556737415,0.4877,3.157678900963712,9.370514660652043,9.370514660652043
1h,2022-09-26T19:00:00+00:00,2022-09-26T20:00:00+00:00,20,0,Monday,contract,0.009991285988805693,-0.04127080286238716,-0.0004300989222158248,0.4727,1.8193357309075515,4.907975460122699,11.233340385022208
1h,2022-09-27T04:00:00+00:00,2022-09-27T05:00:00+00:00,5,1,Tuesday,contract,0.008669260025632479,-0.04547536529554441,-0.0004130200019717284,0.4741,3.1217042817970846,11.200168740771984,14.743724952541648
1h,2022-09-27T16:00:00+00:00,2022-09-27T17:00:00+00:00,17,1,Tuesday,expand,0.010341955042206483,0.23245628545666897,0.0019506188429071949,0.4447,2.293681133348322,7.645603777827743,7.645603777827743
1h,2022-09-27T20:00:00+00:00,2022-09-27T21:00:00+00:00,21,1,Tuesday,contract,0.009318686952323487,-0.04658123418053095,-0.00045528361171719503,0.4451,1.6400808807009601,7.638732869018193,7.638732869018193
1h,2022-09-27T21:00:00+00:00,2022-09-27T22:00:00+00:00,22,1,Tuesday,contract,0.008895923598586096,-0.04536726642930966,-0.0004227633537373914,0.4462,5.401165396683105,7.6199013895114245,7.6199013895114245
1h,2022-09-29T04:00:00+00:00,2022-09-29T05:00:00+00:00,5,3,Thursday,contract,0.007187635534084669,-0.04485101385442536,-0.0003375104256988226,0.4434,2.2778529544429404,11.614794767704103,18.80920162381596
1h,2022-09-29T20:00:00+00:00,2022-09-29T21:00:00+00:00,21,3,Thursday,expand,0.008935863604576568,0.3230462537452894,0.002181856645801803,0.4762,7.391852162956732,9.323813523729513,9.323813523729513
1h,2022-09-29T21:00:00+00:00,2022-09-29T22:00:00+00:00,22,3,Thursday,expand,0.010811873347106812,0.20994162685847528,0.0018760097425302436,0.4983,5.960264900662241,7.324904675898038,7.324904675898038
1h,2022-10-01T03:00:00+00:00,2022-10-01T04:00:00+00:00,4,5,Saturday,contract,0.009744529984574596,-0.03902591810319034,-0.0003957330757365079,0.476,1.365546218487396,3.9495798319327693,3.9495798319327693
1h,2022-10-01T04:00:00+00:00,2022-10-01T05:00:00+00:00,5,5,Saturday,contract,0.009312777842819265,-0.044307128454505795,-0.0004317521417553302,0.4742,1.3707296499367367,3.9645719105862467,3.9645719105862467
1h,2022-10-01T07:00:00+00:00,2022-10-01T08:00:00+00:00,8,5,Saturday,contract,0.008428962434647929,-0.039691018077462226,-0.00034838172574215044,0.4756,1.9133725820016811,3.952901597981493,3.952901597981493
1h,2022-10-01T08:00:00+00:00,2022-10-01T09:00:00+00:00,9,5,Saturday,contract,0.00809117940360165,-0.04007409377668991,-0.0003377830310462779,0.4737,1.752163816761658,3.9687565970023186,3.9687565970023186
1h,2022-10-01T09:00:00+00:00,2022-10-01T10:00:00+00:00,10,5,Saturday,contract,0.007763238017630104,-0.040530727303558334,-0.0003279413859715464,0.474,3.2278481012658187,3.966244725738393,3.966244725738393
1h,2022-10-02T01:00:00+00:00,2022-10-02T02:00:00+00:00,2,6,Sunday,contract,0.006154989630843556,-0.05274058585413666,-0.00034269151006488616,0.4741,1.1390002109259683,6.496519721577725,7.677705125500946
1h,2022-10-02T02:00:00+00:00,2022-10-02T03:00:00+00:00,3,6,Sunday,contract,0.005908204657211875,-0.04009510794218152,-0.0002467849736316804,0.4748,1.0951979780960368,6.486941870261162,7.66638584667228
1h,2022-10-02T04:00:00+00:00,2022-10-02T05:00:00+00:00,5,6,Sunday,contract,0.005448911158514323,-0.047710194116334925,-0.00027299316603956233,0.4751,0.9892654178067737,6.482845716691221,8.735003157230052
1h,2022-10-02T07:00:00+00:00,2022-10-02T08:00:00+00:00,8,6,Sunday,contract,0.004993898620720104,-0.04828731024068389,-0.00025337681697847145,0.4755,6.225026288117775,7.402733964248162,8.475289169295479
1h,2022-10-02T10:00:00+00:00,2022-10-02T11:00:00+00:00,11,6,Sunday,expand,0.006243547838819997,0.3217156555914815,0.00151972708932154,0.4569,2.6482818997592474,4.815057999562272,5.931275990369887
1h,2022-10-03T20:00:00+00:00,2022-10-03T21:00:00+00:00,21,0,Monday,expand,0.006039004691924239,0.11919407348361766,0.0006431534852365944,0.4664,2.8516295025728944,5.060034305317326,7.418524871355064
1h,2022-10-04T09:00:00+00:00,2022-10-04T10:00:00+00:00,10,1,Tuesday,expand,0.006286881823427418,0.14121242995596517,0.0007779321674286624,0.4683,3.267136450992949,4.163997437540043,6.278026905829592
1h,2022-10-05T05:00:00+00:00,2022-10-05T06:00:00+00:00,6,2,Wednesday,expand,0.006618707440926766,0.16177402799542429,0.0009216378891594807,0.489,4.601226993865024,5.950920245398765,6.687116564417179
1h,2022-10-06T09:00:00+00:00,2022-10-06T10:00:00+00:00,10,3,Thursday,contract,0.006281927484001701,-0.04649232537975334,-0.00030630211415397495,0.4926,2.293950466910256,4.019488428745441,4.506699147381242
1h,2022-10-07T04:00:00+00:00,2022-10-07T05:00:00+00:00,5,4,Friday,contract,0.005953588208976914,-0.04271587104418051,-0.0002656606314597621,0.4887,1.718845917740949,11.1315735625128,11.1315735625128
1h,2022-10-07T05:00:00+00:00,2022-10-07T06:00:00+00:00,6,4,Friday,contract,0.005721189051192851,-0.0390351414351513,-0.00023239915778406305,0.4887,1.718845917740949,11.1315735625128,11.1315735625128
1h,2022-10-07T11:00:00+00:00,2022-10-07T12:00:00+00:00,12,4,Friday,contract,0.004980429591278812,-0.04400716066132382,-0.0002292638147137543,0.4901,3.77473984901041,11.099775556008991,11.099775556008991
1h,2022-10-07T12:00:00+00:00,2022-10-07T13:00:00+00:00,13,4,Friday,expand,0.0055532560490446125,0.11501547151050429,0.0005728264577658003,0.4883,2.9694859717386763,9.850501740733163,9.850501740733163
1h,2022-10-07T17:00:00+00:00,2022-10-07T18:00:00+00:00,18,4,Friday,expand,0.006874759955334678,0.10408387685703069,0.0006480953880511732,0.5068,5.386740331491711,5.386740331491711,5.386740331491711
1h,2022-10-07T18:00:00+00:00,2022-10-07T19:00:00+00:00,19,4,Friday,expand,0.008333705672810773,0.2122176958839097,0.0014589457174760947,0.5167,2.3611379910973462,3.6965357073737186,3.6965357073737186
1h,2022-10-08T08:00:00+00:00,2022-10-08T09:00:00+00:00,9,5,Saturday,contract,0.006781560521867377,-0.04008587185311474,-0.0002831969632205687,0.5197,1.8087358091206394,3.925341543197993,3.9830671541273692
1h,2022-10-09T02:00:00+00:00,2022-10-09T03:00:00+00:00,3,6,Sunday,contract,0.00575314699160974,-0.04168346802912237,-0.0002502420762776677,0.51,1.1568627450980424,8.13725490196078,8.13725490196078
1h,2022-10-09T18:00:00+00:00,2022-10-09T19:00:00+00:00,19,6,Sunday,expand,0.006244670464936858,0.23140295935851096,0.0011734868873125468,0.5397,1.8528812303131181,5.855104687789506,5.855104687789506
1h,2022-10-10T22:00:00+00:00,2022-10-10T23:00:00+00:00,23,0,Monday,expand,0.008200662299582655,0.21133384286357249,0.0014307182846474914,0.4987,3.5893322638861096,5.373972328052947,5.373972328052947
1h,2022-10-11T22:00:00+00:00,2022-10-11T23:00:00+00:00,23,1,Tuesday,contract,0.007743550686027144,-0.04044955135258488,-0.0003264269758482411,0.4898,2.1233156390363455,2.8174765210289983,3.246222948142104
1h,2022-10-12T20:00:00+00:00,2022-10-12T21:00:00+00:00,21,2,Wednesday,contract,0.005770983490333706,-0.04300065603623282,-0.00025930642233336094,0.4895,1.0418794688457709,10.398365679264556,10.398365679264556
1h,2022-10-13T01:00:00+00:00,2022-10-13T02:00:00+00:00,2,3,Thursday,expand,0.00595003137285892,0.15275561153230455,0.0007884591251647016,0.4744,2.318718381112987,9.591062394603707,13.069139966273188
1h,2022-10-13T06:00:00+00:00,2022-10-13T07:00:00+00:00,7,3,Thursday,expand,0.006676409380248758,0.1335200012203237,0.0007864300476731739,0.4598,4.458460200086986,10.809047411918218,14.615050021748582
1h,2022-10-13T10:00:00+00:00,2022-10-13T11:00:00+00:00,11,3,Thursday,expand,0.007344482202969724,0.10095987168378384,0.0006735013690023295,0.4496,6.672597864768677,13.189501779359421,13.790035587188612
1h,2022-10-13T12:00:00+00:00,2022-10-13T13:00:00+00:00,13,3,Thursday,expand,0.00903274230766267,0.2173710051640101,0.0016128659763336387,0.4637,5.995255553159368,10.675005391416862,10.84753073107613
1h,2022-10-13T21:00:00+00:00,2022-10-13T22:00:00+00:00,22,3,Thursday,contract,0.008287974777177643,-0.05098115755574795,-0.00044522882901366564,0.4865,4.974306269270298,7.153134635149012,7.153134635149012
1h,2022-10-13T22:00:00+00:00,2022-10-13T23:00:00+00:00,23,3,Thursday,contract,0.007910262293093526,-0.045573556174931085,-0.0003777124840841171,0.486,5.493827160493816,7.160493827160481,7.160493827160481
1h,2022-10-14T01:00:00+00:00,2022-10-14T02:00:00+00:00,2,4,Friday,expand,0.008674652426358048,0.10402206312505635,0.0008173344287416909,0.4977,2.4311834438416717,5.103475989551934,6.489853325296352
1h,2022-10-14T06:00:00+00:00,2022-10-14T07:00:00+00:00,7,4,Friday,contract,0.007892797501301094,-0.03925871050195906,-0.00032252288471546625,0.4972,2.2727272727272796,6.49637972646821,6.49637972646821
1h,2022-10-14T20:00:00+00:00,2022-10-14T21:00:00+00:00,21,4,Friday,contract,0.007628544214185525,-0.04182183718226262,-0.0003329649395527349,0.4888,2.0253682487724967,2.6186579378068697,2.6186579378068697
1h,2022-10-15T01:00:00+00:00,2022-10-15T02:00:00+00:00,2,5,Saturday,contract,0.006940679975080299,-0.05191452045982803,-0.00038005230577540725,0.4849,1.154877294287492,2.4953598680140234,2.4953598680140234
1h,2022-10-15T03:00:00+00:00,2022-10-15T04:00:00+00:00,4,5,Saturday,contract,0.0065417087540233215,-0.04429686443108005,-0.00030320836569410186,0.4878,0.8405084050840607,2.480524805248052,2.480524805248052
1h,2022-10-15T04:00:00+00:00,2022-10-15T05:00:00+00:00,5,5,Saturday,contract,0.006238729557307371,-0.04631499323928323,-0.00030297919671595005,0.4874,2.297907263028311,2.4825605252359457,2.4825605252359457
1h,2022-10-15T05:00:00+00:00,2022-10-15T06:00:00+00:00,6,5,Saturday,contract,0.005971677446071131,-0.04280552775740121,-0.0002670521112362401,0.4869,2.300266995276235,2.485109878825221,2.485109878825221
1h,2022-10-15T07:00:00+00:00,2022-10-15T08:00:00+00:00,8,5,Saturday,contract,0.005566905552989907,-0.03938195367674657,-0.0002282235040761433,0.4861,1.9337584859082422,2.4891997531372145,2.4891997531372145
1h,2022-10-16T03:00:00+00:00,2022-10-16T04:00:00+00:00,4,6,Sunday,contract,0.00407956084143587,-0.03947489209983579,-0.00016765852626429711,0.4837,0.9716766590862067,3.804010750465158,4.879057266900974
1h,2022-10-16T04:00:00+00:00,2022-10-16T05:00:00+00:00,5,6,Sunday,contract,0.003909592209904735,-0.04166346284256217,-0.00016996863153113505,0.4848,0.9694719471947157,3.795379537953789,4.86798679867987
1h,2022-10-16T19:00:00+00:00,2022-10-16T20:00:00+00:00,20,6,Sunday,expand,0.004404927549854743,0.11259348463076879,0.00044577480385732653,0.4815,2.5129802699896158,4.174454828660438,4.174454828660438
1h,2022-10-18T01:00:00+00:00,2022-10-18T02:00:00+00:00,2,1,Tuesday,expand,0.0053227554307215255,0.09976774690951884,0.0004828649668675751,0.4736,1.3302364864864924,3.2939189189189193,4.645270270270274
1h,2022-10-18T18:00:00+00:00,2022-10-18T19:00:00+00:00,19,1,Tuesday,expand,0.005144829407448273,0.1049962226099661,0.0004888592763501332,0.4592,2.9834494773519142,3.65853658536585,4.094076655052261
1h,2022-10-20T05:00:00+00:00,2022-10-20T06:00:00+00:00,6,3,Thursday,contract,0.005135265199773771,-0.03935989443779453,-0.0002104050153672113,0.4603,1.2600477949163529,9.624158157723226,9.624158157723226
1h,2022-10-20T11:00:00+00:00,2022-10-20T12:00:00+00:00,12,3,Thursday,contract,0.00456670222224249,-0.04759377322630476,-0.00022820786324942357,0.4626,1.1889321227842637,9.576307825335064,9.576307825335064
1h,2022-10-20T18:00:00+00:00,2022-10-20T19:00:00+00:00,19,3,Thursday,expand,0.006481783394908499,0.3735957084721284,0.0017629397388531911,0.4385,4.652223489167611,5.313568985176736,5.313568985176736
1h,2022-10-21T04:00:00+00:00,2022-10-21T05:00:00+00:00,5,4,Friday,contract,0.006757959504563433,-0.04829260424846982,-0.00034291996188949656,0.4455,2.446689113355772,4.624017957351293,6.397306397306403
1h,2022-10-21T07:00:00+00:00,2022-10-21T08:00:00+00:00,8,4,Friday,contract,0.0061324478977863904,-0.038966624329453414,-0.00024864983829126375,0.4436,1.5554553651938596,6.176735798016226,6.424706943192071
1h,2022-10-22T06:00:00+00:00,2022-10-22T07:00:00+00:00,7,5,Saturday,contract,0.004630811418977777,-0.044911158905818094,-0.0002177547245367506,0.4574,1.0931351114997825,2.9733275032794055,2.9733275032794055
1h,2022-10-22T08:00:00+00:00,2022-10-22T09:00:00+00:00,9,5,Saturday,contract,0.004273505764322675,-0.04427225982776872,-0.00019796198187097252,0.4595,2.1545157780195905,2.872687704026125,2.872687704026125
1h,2022-10-22T21:00:00+00:00,2022-10-22T22:00:00+00:00,22,5,Saturday,contract,0.0037007559974582224,-0.04374339997752408,-0.00016928892288140159,0.4644,1.830318690783809,3.1438415159345396,3.4883720930232545
1h,2022-10-23T17:00:00+00:00,2022-10-23T18:00:00+00:00,18,6,Sunday,expand,0.0038283650596670797,0.1601887587886699,0.0005285873031025358,0.4635,1.8770226537216796,4.552319309600864,6.019417475728151
1h,2022-10-24T14:00:00+00:00,2022-10-24T15:00:00+00:00,15,0,Monday,expand,0.004790329426614269,0.11673479547538612,0.0005007438902604388,0.4538,1.057734684883202,3.5918907007492367,3.5918907007492367
1h,2022-10-27T00:00:00+00:00,2022-10-27T01:00:00+00:00,1,3,Thursday,expand,0.005416404076553115,0.14998607476580106,0.0007064304556497611,0.4767,2.5173064820641815,3.083700440528632,4.300398573526319
1h,2022-10-27T20:00:00+00:00,2022-10-27T21:00:00+00:00,21,3,Thursday,expand,0.005744648972726732,0.12259061302200314,0.000627334694405633,0.4656,1.4604810996563515,2.25515463917526,3.8445017182130523
1h,2022-10-28T04:00:00+00:00,2022-10-28T05:00:00+00:00,5,4,Friday,contract,0.005158377950401523,-0.04088227528590971,-0.00021987522695396562,0.4633,1.575652924670834,3.86358730843945,4.165767321390025
1h,2022-10-28T18:00:00+00:00,2022-10-28T19:00:00+00:00,19,4,Friday,contract,0.00444368481676933,-0.03898890241939723,-0.0001802834474437954,0.4686,1.408450704225351,3.4571062740076806,3.8839095177123335
1h,2022-10-29T06:00:00+00:00,2022-10-29T07:00:00+00:00,7,5,Saturday,contract,0.003651320933250413,-0.052901050512135006,-0.00020394776409618552,0.4704,3.0187074829931952,3.8690476190476177,3.8690476190476177
1h,2022-10-29T08:00:00+00:00,2022-10-29T09:00:00+00:00,9,5,Saturday,expand,0.00411721039652714,0.13539799698154242,0.0004909838156517544,0.4783,2.927033242734676,3.8051432155550895,4.39054986410202
1h,2022-10-30T02:00:00+00:00,2022-10-30T03:00:00+00:00,3,6,Sunday,contract,0.004857140858815645,-0.04183827055094713,-0.00021208775837043472,0.4671,0.9419824448726096,3.040034253907084,4.988225219439089
1h,2022-10-30T03:00:00+00:00,2022-10-30T04:00:00+00:00,4,6,Sunday,contract,0.004631630797471669,-0.04642856114305971,-0.00022551006134397585,0.4679,1.1327206668091412,3.0348365035263924,4.979696516349645
1h,2022-10-30T05:00:00+00:00,2022-10-30T06:00:00+00:00,6,6,Sunday,contract,0.004259416350881185,-0.049104010715270485,-0.00021995510391393646,0.467,2.398286937901496,3.040685224839398,4.989293361884365
1h,2022-10-30T19:00:00+00:00,2022-10-30T20:00:00+00:00,20,6,Sunday,contract,0.004247572108304578,-0.04575349381160276,-0.00020365939294650273,0.4617,2.2742040285899954,3.4004764998917025,3.5737491877842786
1h,2022-10-31T22:00:00+00:00,2022-10-31T23:00:00+00:00,23,0,Monday,expand,0.005119571755879444,0.14209471793592732,0.0006369560187785067,0.462,2.0129870129870073,2.9220779220779245,2.9220779220779245
1h,2022-11-02T04:00:00+00:00,2022-11-02T05:00:00+00:00,5,2,Wednesday,contract,0.003784565783637107,-0.04251457931506364,-0.00016804352181823976,0.4606,1.3894919669995573,4.624402952670427,4.624402952670427
1h,2022-11-02T18:00:00+00:00,2022-11-02T19:00:00+00:00,19,2,Wednesday,expand,0.0044173991997493705,0.14982104771726545,0.0005755846769423538,0.4585,3.9258451472191966,3.9258451472191966,3.9258451472191966
1h,2022-11-02T19:00:00+00:00,2022-11-02T20:00:00+00:00,20,2,Wednesday,expand,0.005044727828338704,0.1420131168188119,0.0006273286285893333,0.4513,2.060713494349651,3.3237314424994495,3.3237314424994495
1h,2022-11-03T09:00:00+00:00,2022-11-03T10:00:00+00:00,10,3,Thursday,contract,0.0042436617639253745,-0.0407513515196779,-0.00018028167414810455,0.4572,1.7279090113735824,1.7279090113735824,11.307961504811892
1h,2022-11-04T08:00:00+00:00,2022-11-04T09:00:00+00:00,9,4,Friday,expand,0.004833812654066579,0.3208977007365754,0.001174322103533341,0.4804,5.745212323064105,6.265611990008329,6.265611990008329
1h,2022-11-04T09:00:00+00:00,2022-11-04T10:00:00+00:00,10,4,Friday,expand,0.006159968893061822,0.2743499456644387,0.0013261562389952422,0.4991,4.908835904628325,5.409737527549594,5.409737527549594
1h,2022-11-04T10:00:00+00:00,2022-11-04T11:00:00+00:00,11,4,Friday,expand,0.006812828257843115,0.10598419831577899,0.0006528593647812933,0.4941,4.148957700870262,5.464480874316945,5.464480874316945
1h,2022-11-04T19:00:00+00:00,2022-11-04T20:00:00+00:00,20,4,Friday,contract,0.007188332577523,-0.03994725865777227,-0.00029910250596330585,0.4938,2.754151478331297,3.807209396516805,3.807209396516805
1h,2022-11-05T11:00:00+00:00,2022-11-05T12:00:00+00:00,12,5,Saturday,contract,0.005713506487771927,-0.0451670851315672,-0.0002702697298286108,0.497,2.3541247484909436,4.54728370221327,4.54728370221327
1h,2022-11-05T13:00:00+00:00,2022-11-05T14:00:00+00:00,14,5,Saturday,contract,0.005322360185884975,-0.04317838212192482,-0.0002401815527603851,0.4946,2.365547917509096,4.56934896886372,4.56934896886372
1h,2022-11-06T03:00:00+00:00,2022-11-06T04:00:00+00:00,4,6,Sunday,contract,0.005520548277696039,-0.04166971722254642,-0.00024004217520738613,0.4902,0.9791921664626736,2.3867809057527514,5.140758873929008
1h,2022-11-06T04:00:00+00:00,2022-11-06T05:00:00+00:00,5,6,Sunday,contract,0.0052905091150034665,-0.041669622494195036,-0.00023003916269257255,0.4906,0.9580105992662122,2.384834896045656,5.136567468406033
1h,2022-11-06T06:00:00+00:00,2022-11-06T07:00:00+00:00,7,6,Sunday,contract,0.004955081838957072,-0.04810147372417373,-0.000250390910689003,0.4887,0.9617352158788698,3.580928995293639,5.606711684059746
1h,2022-11-06T07:00:00+00:00,2022-11-06T08:00:00+00:00,8,6,Sunday,contract,0.004744004564745853,-0.04259814087261293,-0.00021107727421121932,0.4885,0.9416581371545534,5.158648925281474,6.632548618219035
1h,2022-11-06T09:00:00+00:00,2022-11-06T10:00:00+00:00,10,6,Sunday,contract,0.004499167201234949,-0.03940273571313435,-0.00018455132317191526,0.4892,0.8585445625510999,5.151267375306623,6.623058053965655
1h,2022-11-06T23:00:00+00:00,2022-11-07T00:00:00+00:00,0,0,Monday,expand,0.0050879732926082345,0.10181344575882711,0.00047015590056859614,0.4706,1.5937101572460703,3.6549086272843168,4.6323841903952365
1h,2022-11-07T11:00:00+00:00,2022-11-07T12:00:00+00:00,12,0,Monday,contract,0.004839885792927664,-0.04318666125361481,-0.0002184527533021282,0.47,1.6595744680851128,8.808510638297872,12.319148936170215
1h,2022-11-08T03:00:00+00:00,2022-11-08T04:00:00+00:00,4,1,Tuesday,expand,0.006810069944905469,0.12006341707431045,0.0007299946196226547,0.4397,5.13986809188083,29.019786217875826,29.019786217875826
1h,2022-11-08T04:00:00+00:00,2022-11-08T05:00:00+00:00,5,1,Tuesday,expand,0.007937922091697936,0.165615354308688,0.0011278521467924666,0.4319,4.584394535772178,29.543875897198426,29.543875897198426
1h,2022-11-08T09:00:00+00:00,2022-11-08T10:00:00+00:00,10,1,Tuesday,contract,0.00778706027844203,-0.03971832856074364,-0.00032208155988015276,0.4389,1.4809751651856928,29.07268170426065,29.07268170426065
1h,2022-11-08T10:00:00+00:00,2022-11-08T11:00:00+00:00,11,1,Tuesday,contract,0.0074379845442676,-0.04482766560069196,-0.00034907573417443036,0.4376,2.5594149908592296,29.15904936014625,29.15904936014625
1h,2022-11-08T16:00:00+00:00,2022-11-08T17:00:00+00:00,17,1,Tuesday,expand,0.008134200731642924,0.12400028484868031,0.0008973691744890051,0.4484,27.185548617305976,27.185548617305976,27.185548617305976
1h,2022-11-08T17:00:00+00:00,2022-11-08T18:00:00+00:00,18,1,Tuesday,expand,0.009110329250811285,0.12000300353679672,0.0009761285191683608,0.4301,24.459428039990705,24.459428039990705,24.459428039990705
1h,2022-11-08T18:00:00+00:00,2022-11-08T19:00:00+00:00,19,1,Tuesday,expand,0.011231020018610479,0.2327787184651251,0.0021206907677991937,0.4049,19.535687824154113,20.227216596690546,20.227216596690546
1h,2022-11-08T19:00:00+00:00,2022-11-08T20:00:00+00:00,20,1,Tuesday,expand,0.016078804302995443,0.4316423865643453,0.004847784284384964,0.3928,7.917515274949088,14.383910386965375,18.024439918533613
1h,2022-11-10T02:00:00+00:00,2022-11-10T03:00:00+00:00,3,3,Thursday,contract,0.014448382104167701,-0.04255528034820477,-0.0006421832387821323,0.3429,10.644502770487033,15.777194517351992,17.76027996500438
1h,2022-11-10T09:00:00+00:00,2022-11-10T10:00:00+00:00,10,3,Thursday,contract,0.01316339587559733,-0.0417912458014571,-0.0005741073750459499,0.3618,9.9502487562189,13.101160862354892,13.101160862354892
1h,2022-11-10T22:00:00+00:00,2022-11-10T23:00:00+00:00,23,3,Thursday,contract,0.011979147552495245,-0.04171576051832848,-0.0005214728886534827,0.3963,5.4756497602826135,8.427958617209196,8.427958617209196
1h,2022-11-11T14:00:00+00:00,2022-11-11T15:00:00+00:00,15,4,Friday,expand,0.01017482117436837,0.13981498371969447,0.0012480906788947446,0.3767,3.3182904167772795,6.556941863551899,6.556941863551899
1h,2022-11-12T01:00:00+00:00,2022-11-12T02:00:00+00:00,2,5,Saturday,contract,0.008537028905731473,-0.03927537709934725,-0.00034900222351780426,0.3752,4.877398720682313,5.410447761194041,5.623667377398723
1h,2022-11-12T11:00:00+00:00,2022-11-12T12:00:00+00:00,12,5,Saturday,contract,0.006975366838334783,-0.038952483186410314,-0.00028272052602575093,0.3714,1.9924609585352766,3.66182014001077,7.054388799138396
1h,2022-11-13T01:00:00+00:00,2022-11-13T02:00:00+00:00,2,6,Sunday,contract,0.00526996552747664,-0.0428888827369206,-0.00023615119442127724,0.3644,1.564215148188814,7.49176728869374,11.004390779363343
1h,2022-11-14T00:00:00+00:00,2022-11-14T01:00:00+00:00,1,0,Monday,expand,0.006508813504046395,0.1492893309692176,0.0008454758843041248,0.3449,7.857349956509137,10.84372281820819,19.39692664540447
1h,2022-11-14T01:00:00+00:00,2022-11-14T02:00:00+00:00,2,0,Monday,expand,0.007272469682328795,0.117326480134613,0.0007636561782823998,0.3344,4.276315789473695,11.184210526315804,20.005980861244023
1h,2022-11-14T06:00:00+00:00,2022-11-14T07:00:00+00:00,7,0,Monday,expand,0.00819401957845114,0.11991618184874642,0.0008773831093499126,0.342,4.9415204678362645,12.923976608187138,15.46783625730994
1h,2022-11-14T20:00:00+00:00,2022-11-14T21:00:00+00:00,21,0,Monday,expand,0.009293550702401062,0.1627032673334412,0.0013004960998153035,0.3682,7.4144486692015175,7.821835958718085,10.157523085279735
1h,2022-11-16T18:00:00+00:00,2022-11-16T19:00:00+00:00,19,2,Wednesday,contract,0.006298466573516148,-0.04987862373959262,-0.00033065127488586185,0.3692,3.006500541711809,5.633802816901405,5.633802816901405
1h,2022-11-18T04:00:00+00:00,2022-11-18T05:00:00+00:00,5,4,Friday,contract,0.004987922269697361,-0.04545680587786671,-0.00023753248228441156,0.3797,1.764550961285221,2.870687384777447,2.870687384777447
1h,2022-11-18T05:00:00+00:00,2022-11-18T06:00:00+00:00,6,4,Friday,contract,0.0047387849647189785,-0.049948112963175584,-0.0002491373049783828,0.3799,1.763622005790993,2.869176098973405,2.869176098973405
1h,2022-11-18T07:00:00+00:00,2022-11-18T08:00:00+00:00,8,4,Friday,contract,0.004404870709375035,-0.04985832016529479,-0.00023114390072116048,0.381,1.4960629921259798,2.8608923884514343,2.8608923884514343
1h,2022-11-18T09:00:00+00:00,2022-11-18T10:00:00+00:00,10,4,Friday,contract,0.004209301785124392,-0.050482221534642324,-0.00022379244500956696,0.3832,1.174321503131525,2.8444676409185714,2.8444676409185714
1h,2022-11-18T22:00:00+00:00,2022-11-18T23:00:00+00:00,23,4,Friday,contract,0.0034306973568011337,-0.04149381455047696,-0.00014851518129239483,0.3821,1.491756084794552,2.1722062287359263,3.4807641978539596
1h,2022-11-19T10:00:00+00:00,2022-11-19T11:00:00+00:00,11,5,Saturday,contract,0.0029009170859787925,-0.040722499783937494,-0.00012314746815221284,0.3793,0.8700237279198444,4.982863168995511,4.982863168995511
1h,2022-11-19T11:00:00+00:00,2022-11-19T12:00:00+00:00,12,5,Saturday,contract,0.002786565865551738,-0.039418989594620424,-0.0001143512204270546,0.3802,1.3150973172014595,4.971067859021561,6.338769068911103
1h,2022-11-19T16:00:00+00:00,2022-11-19T17:00:00+00:00,17,5,Saturday,contract,0.0026609773827837658,-0.0405222780773159,-0.00011238287559875307,0.3818,0.8119434258774205,4.347826086956523,7.228915662650606
1h,2022-11-20T00:00:00+00:00,2022-11-20T01:00:00+00:00,1,6,Sunday,expand,0.0031139033895389587,0.11227191074392362,0.0003143151238816171,0.3893,1.9265348060621648,7.089648086308762,11.225276136655541
1h,2022-11-20T01:00:00+00:00,2022-11-20T02:00:00+00:00,2,6,Sunday,expand,0.003427196004571891,0.10061089759092301,0.0003132926150329323,0.3902,1.255766273705796,6.40697078421323,10.533059969246548
1h,2022-11-20T21:00:00+00:00,2022-11-20T22:00:00+00:00,22,6,Sunday,expand,0.004683044487400625,0.1560301229226988,0.000632073500969184,0.3619,3.564520585797188,5.775075987841953,5.775075987841953
1h,2022-11-22T04:00:00+00:00,2022-11-22T05:00:00+00:00,5,1,Tuesday,contract,0.005810661431293365,-0.04441106000993578,-0.00027005087933026136,0.358,2.0111731843575376,7.2625698324022405,7.765363128491617
1h,2022-11-22T09:00:00+00:00,2022-11-22T10:00:00+00:00,10,1,Tuesday,contract,0.00530674312564929,-0.041763567286570935,-0.00023128793274225512,0.3562,4.856822010106676,6.485120718697364,7.495788882650197
1h,2022-11-24T08:00:00+00:00,2022-11-24T09:00:00+00:00,9,3,Thursday,contract,0.003945643802992408,-0.04728251224730018,-0.0001958187540763382,0.3801,1.6837674296237874,8.103130755064456,11.996842936069449
1h,2022-11-24T14:00:00+00:00,2022-11-24T15:00:00+00:00,15,3,Thursday,expand,0.004571636820526255,0.20056118072494677,0.0007637202445749001,0.3899,4.7448063606052875,8.207232623749672,8.617594254937154
1h,2022-11-24T17:00:00+00:00,2022-11-24T18:00:00+00:00,18,3,Thursday,expand,0.005451707760457794,0.12452880832216362,0.0006037147876570949,0.399,2.3809523809523827,7.844611528822052,7.844611528822052
1h,2022-11-25T06:00:00+00:00,2022-11-25T07:00:00+00:00,7,4,Friday,expand,0.006575737806213999,0.18959365103064552,0.001048020168752769,0.4154,3.6350505536831843,5.103514684641309,5.103514684641309
1h,2022-11-26T04:00:00+00:00,2022-11-26T05:00:00+00:00,5,5,Saturday,contract,0.005171508143353018,-0.03959234338868023,-0.000213192934104078,0.4078,1.0544384502206894,3.653751839136838,4.144188327611581
1h,2022-11-26T05:00:00+00:00,2022-11-26T06:00:00+00:00,6,5,Saturday,contract,0.004902114704542084,-0.05209185238491543,-0.0002693934388109335,0.4075,0.8588957055214732,3.656441717791417,4.147239263803688
1h,2022-11-26T13:00:00+00:00,2022-11-26T14:00:00+00:00,14,5,Saturday,contract,0.0038505952531340793,-0.039352539482142124,-0.00015773809639492735,0.4058,2.513553474618035,4.164613109906364,4.164613109906364
1h,2022-11-26T21:00:00+00:00,2022-11-26T22:00:00+00:00,22,5,Saturday,contract,0.003941262382025845,-0.04191024481237127,-0.00017240479861737462,0.3995,1.9524405506883675,4.055068836045054,4.305381727158947
1h,2022-11-27T23:00:00+00:00,2022-11-28T00:00:00+00:00,0,0,Monday,expand,0.003926991949721879,0.1375512178090812,0.0004748467730983168,0.3961,6.639737440040391,6.639737440040391,6.639737440040391
1h,2022-11-28T01:00:00+00:00,2022-11-28T02:00:00+00:00,2,0,Monday,expand,0.005359498160729578,0.3679443840684735,0.0014415770645592645,0.3734,2.892340653454749,4.1242635243706545,4.847348687734335
1h,2022-11-28T13:00:00+00:00,2022-11-28T14:00:00+00:00,14,0,Monday,contract,0.004355180840099367,-0.03993691248713338,-0.00018116775693072067,0.3786,3.961965134706818,5.7580559957739,5.7580559957739
1h,2022-11-28T16:00:00+00:00,2022-11-28T17:00:00+00:00,17,0,Monday,expand,0.005195164834438159,0.16983272554331053,0.0007542180896586044,0.3853,1.427459122761486,3.2442252790033774,3.2442252790033774
1h,2022-11-29T23:00:00+00:00,2022-11-30T00:00:00+00:00,0,2,Wednesday,contract,0.004372079739258609,-0.04006274515653718,-0.00018246767225066178,0.3977,3.2185064118682507,3.2185064118682507,5.003771687201415
1h,2022-11-30T00:00:00+00:00,2022-11-30T01:00:00+00:00,1,2,Wednesday,expand,0.004966931186454422,0.13605686141869966,0.0005948514471958129,0.4065,2.091020910209104,2.681426814268148,4.895448954489552
1h,2022-11-30T04:00:00+00:00,2022-11-30T05:00:00+00:00,5,2,Wednesday,contract,0.004754194127871846,-0.04117665102353529,-0.00020416877906706543,0.4018,0.9457441513190705,4.9527127924340535,4.9527127924340535
1h,2022-11-30T05:00:00+00:00,2022-11-30T06:00:00+00:00,6,2,Wednesday,contract,0.004550323118738144,-0.042882348438085804,-0.00020387100913370204,0.4012,1.395812562313073,4.960119641076776,4.960119641076776
1h,2022-11-30T14:00:00+00:00,2022-11-30T15:00:00+00:00,15,2,Wednesday,contract,0.0037781541844412523,-0.040593580244226324,-0.00015985801418778997,0.4013,2.5666583603289386,4.958883628208331,4.958883628208331
1h,2022-11-30T17:00:00+00:00,2022-11-30T18:00:00+00:00,18,2,Wednesday,expand,0.003925147501172537,0.112859747908296,0.0003980655768328809,0.3955,4.879898862199757,4.879898862199757,4.879898862199757
1h,2022-11-30T19:00:00+00:00,2022-11-30T20:00:00+00:00,20,2,Wednesday,expand,0.0047849486107048944,0.12915491577085247,0.0005473116453303941,0.407,1.4004914004913964,3.464373464373465,4.275184275184269
1h,2022-12-01T03:00:00+00:00,2022-12-01T04:00:00+00:00,4,3,Thursday,contract,0.004157068270845242,-0.043488737736997574,-0.00018900525160348187,0.4023,1.1434253044991283,2.1625652498135683,4.822271936365903
1h,2022-12-01T04:00:00+00:00,2022-12-01T05:00:00+00:00,5,3,Thursday,contract,0.003988706251499155,-0.04050018146847867,-0.00016836201934608726,0.4013,1.1462746075255401,2.1679541490156953,4.8342885621729454
1h,2022-12-01T20:00:00+00:00,2022-12-01T21:00:00+00:00,21,3,Thursday,contract,0.0033511897010654037,-0.042867597940400404,-0.0001500915154665685,0.3964,0.9586276488395625,3.758829465186687,3.758829465186687
1h,2022-12-02T01:00:00+00:00,2022-12-02T02:00:00+00:00,2,4,Friday,expand,0.003922013293712585,0.24941041678155917,0.0007829220543298012,0.388,1.7268041237113358,2.0876288659793802,3.3762886597938144
1h,2022-12-02T09:00:00+00:00,2022-12-02T10:00:00+00:00,10,4,Friday,contract,0.0034909575861170722,-0.04605425091166604,-0.00016853519893208525,0.3908,1.6632548618219052,2.942681678607986,2.942681678607986
1h,2022-12-02T10:00:00+00:00,2022-12-02T11:00:00+00:00,11,4,Friday,contract,0.00333446061568014,-0.04482923856173249,-0.0001564969704369321,0.3909,1.6116653875671454,2.9419288820670273,2.9419288820670273
1h,2022-12-02T20:00:00+00:00,2022-12-02T21:00:00+00:00,21,4,Friday,contract,0.0028249483860055837,-0.05225770702481414,-0.00015576526046196665,0.3903,1.742249551626961,2.4340251088905993,2.562131693569052
1h,2022-12-03T01:00:00+00:00,2022-12-03T02:00:00+00:00,2,5,Saturday,contract,0.0028894109617368735,-0.04304039469912302,-0.00012995468936437228,0.3935,0.7878017789072406,2.5412960609911073,3.049555273189329
1h,2022-12-03T05:00:00+00:00,2022-12-03T06:00:00+00:00,6,5,Saturday,contract,0.0025899590399356223,-0.03964580075468793,-0.00010691992614889545,0.3921,1.3006885998469762,2.5503698036215274,3.060443764345833
1h,2022-12-03T10:00:00+00:00,2022-12-03T11:00:00+00:00,11,5,Saturday,contract,0.0025523073753027396,-0.041935050194068624,-0.00011171595194636079,0.3901,1.7175083311971249,3.0761343245321737,3.0761343245321737
1h,2022-12-03T11:00:00+00:00,2022-12-03T12:00:00+00:00,12,5,Saturday,expand,0.002827142562781117,0.10768106934838828,0.0002748351874783772,0.3941,1.2433392539964516,3.044912458766813,3.044912458766813
1h,2022-12-03T22:00:00+00:00,2022-12-03T23:00:00+00:00,23,5,Saturday,expand,0.0028551437937648716,0.11221547209596006,0.00028806586201808636,0.3871,1.3949883750968783,1.627486437613027,1.834151382071815
1h,2022-12-04T02:00:00+00:00,2022-12-04T03:00:00+00:00,3,6,Sunday,contract,0.0027273834312192442,-0.046455808669541576,-0.00013287564855532638,0.3908,0.4861821903787136,1.7656090071647947,1.816786079836232
1h,2022-12-04T05:00:00+00:00,2022-12-04T06:00:00+00:00,6,6,Sunday,contract,0.002440838702036691,-0.04343572639282334,-0.00011083374631051498,0.3906,0.8192524321556671,1.817716333845365,2.457757296466973
1h,2022-12-05T19:00:00+00:00,2022-12-05T20:00:00+00:00,20,0,Monday,expand,0.0034655191542161566,0.2976755198146839,0.0007949600650602987,0.3844,1.795005202913636,2.6274713839750254,2.6274713839750254
1h,2022-12-07T07:00:00+00:00,2022-12-07T08:00:00+00:00,8,2,Wednesday,expand,0.003658386357187035,0.27444600032770716,0.0007878164340625335,0.3771,1.4850172368072112,2.041898700609914,3.924688411561915
1h,2022-12-07T17:00:00+00:00,2022-12-07T18:00:00+00:00,18,2,Wednesday,contract,0.0030863899826270246,-0.042624982354683816,-0.0001374146140482313,0.3821,1.3085579691180331,3.166710285265637,3.402250719706886
1h,2022-12-07T19:00:00+00:00,2022-12-07T20:00:00+00:00,20,2,Wednesday,contract,0.002912754627877386,-0.04327480384781002,-0.0001317503559905655,0.3816,1.2578616352201328,3.170859538784067,3.7473794549266337
1h,2022-12-09T13:00:00+00:00,2022-12-09T14:00:00+00:00,14,4,Friday,expand,0.0031738713483600426,0.12627896319412302,0.0003558560501261531,0.3884,0.8238928939237993,1.1328527291452148,1.1328527291452148
1h,2022-12-10T03:00:00+00:00,2022-12-10T04:00:00+00:00,4,5,Saturday,contract,0.0021628165859199776,-0.052656552700774184,-0.00012021666045538377,0.3877,0.41269022440030706,0.9027598658756779,1.0575187000257913
1h,2022-12-10T05:00:00+00:00,2022-12-10T06:00:00+00:00,6,5,Saturday,contract,0.0020016122603085562,-0.04414029196096392,-9.243171233142564e-05,0.3868,0.6980351602895503,0.904860392967943,1.0599793174767302
1h,2022-12-10T10:00:00+00:00,2022-12-10T11:00:00+00:00,11,5,Saturday,contract,0.0017967748203255045,-0.04092716330732804,-7.667498617888735e-05,0.3874,0.4130098089829752,1.0583376355188416,1.0583376355188416
1h,2022-12-10T11:00:00+00:00,2022-12-10T12:00:00+00:00,12,5,Saturday,contract,0.001718433761730828,-0.04360093302091361,-7.834105859467642e-05,0.3877,0.5674490585504347,1.0575187000257913,1.0575187000257913
1h,2022-12-10T19:00:00+00:00,2022-12-10T20:00:00+00:00,20,5,Saturday,contract,0.001533934088238308,-0.044739191990025295,-7.184108371063977e-05,0.387,0.6459948320413442,0.8268733850129149,1.0335917312661507
1h,2022-12-10T20:00:00+00:00,2022-12-10T21:00:00+00:00,21,5,Saturday,contract,0.0014672245105069993,-0.04348920741954643,-6.670957773130862e-05,0.3871,0.6199948333763919,1.0333247222939819,2.118315680702657
1h,2022-12-11T15:00:00+00:00,2022-12-11T16:00:00+00:00,16,6,Sunday,contract,0.001205068382809327,-0.04306824380111618,-5.42360294468712e-05,0.3857,0.5703914959813274,4.614985740212596,4.614985740212596
1h,2022-12-11T20:00:00+00:00,2022-12-11T21:00:00+00:00,21,6,Sunday,expand,0.001605484982184546,0.2902006572500606,0.0003611165398319559,0.3836,2.0855057351407735,3.9103232533889503,3.9103232533889503
1h,2022-12-11T22:00:00+00:00,2022-12-11T23:00:00+00:00,23,6,Sunday,expand,0.0019838110305570836,0.24147226616083706,0.00038586068995714786,0.38,3.4473684210526314,3.4473684210526314,4.7105263157894806
1h,2022-12-12T02:00:00+00:00,2022-12-12T03:00:00+00:00,3,0,Monday,expand,0.002862844305595088,0.36928705162951103,0.00077208889956961,0.373,1.5549597855227957,1.7694369973190485,4.906166219839152
1h,2022-12-13T13:00:00+00:00,2022-12-13T14:00:00+00:00,14,1,Tuesday,expand,0.003768604537003561,0.2574762863986224,0.0007716458048458827,0.395,1.7721518987341787,1.9240506329113911,1.9746835443037907
1h,2022-12-13T20:00:00+00:00,2022-12-13T21:00:00+00:00,21,1,Tuesday,contract,0.003552590921903564,-0.04255285075353721,-0.000157891609377197,0.3916,1.0980592441266523,1.9918283963227714,4.954034729315621
1h,2022-12-14T04:00:00+00:00,2022-12-14T05:00:00+00:00,5,2,Wednesday,contract,0.0030343635811203922,-0.03978384156122294,-0.0001257202754708026,0.3917,0.9190707173857523,4.467704876180754,4.467704876180754
1h,2022-12-14T07:00:00+00:00,2022-12-14T08:00:00+00:00,8,2,Wednesday,contract,0.002820771424096754,-0.04232795937270639,-0.00012467472493052096,0.3899,0.9233136701718369,4.48833034111311,4.48833034111311
1h,2022-12-14T18:00:00+00:00,2022-12-14T19:00:00+00:00,19,2,Wednesday,expand,0.0033643582500794728,0.31732890066472486,0.0008104339807631193,0.3869,3.0757301628327784,3.0757301628327784,4.032049625226157
1h,2022-12-14T19:00:00+00:00,2022-12-14T20:00:00+00:00,20,2,Wednesday,expand,0.003974046946502369,0.18121990914864483,0.0006096886964228961,0.3818,1.8072289156626409,2.6453640649554737,3.6668412781560917
1h,2022-12-15T04:00:00+00:00,2022-12-15T05:00:00+00:00,5,3,Thursday,contract,0.0035623701566638365,-0.040651352728440227,-0.00015095155051260325,0.3809,1.1026516145970022,2.7303754266211513,2.7303754266211513
1h,2022-12-15T05:00:00+00:00,2022-12-15T06:00:00+00:00,6,3,Thursday,contract,0.0034150580026164196,-0.04135228726073059,-0.0001473121540474169,0.3805,1.1038107752956587,2.7332457293035386,2.7332457293035386
1h,2022-12-15T18:00:00+00:00,2022-12-15T19:00:00+00:00,19,3,Thursday,expand,0.003069560603102745,0.10312531172153694,0.0002869568766844018,0.3761,0.8774262164318067,6.434458920499867,6.434458920499867
1h,2022-12-16T08:00:00+00:00,2022-12-16T09:00:00+00:00,9,4,Friday,expand,0.0027144880998764076,0.12016417229097631,0.00029119322308643076,0.3751,5.251932817915222,8.584377499333499,8.584377499333499
1h,2022-12-16T09:00:00+00:00,2022-12-16T10:00:00+00:00,10,4,Friday,expand,0.003927738949885236,0.44695382899783875,0.001213250850008828,0.3643,0.8783969256107551,6.176228383200648,6.176228383200648
1h,2022-12-16T22:00:00+00:00,2022-12-16T23:00:00+00:00,23,4,Friday,expand,0.004529100368554499,0.2825448222635394,0.000997761510111194,0.3518,3.780557134735639,4.00795906765206,4.00795906765206
1h,2022-12-17T12:00:00+00:00,2022-12-17T13:00:00+00:00,13,5,Saturday,contract,0.0039142637313267,-0.04170012363495745,-0.00017032797933282454,0.3524,1.3337116912599427,2.5822928490351864,2.5822928490351864
1h,2022-12-18T02:00:00+00:00,2022-12-18T03:00:00+00:00,3,6,Sunday,contract,0.0031245162926440777,-0.04298721785424908,-0.0001403474071264661,0.3523,1.1070110701106894,2.4694862333238676,3.4629577065001387
1h,2022-12-18T05:00:00+00:00,2022-12-18T06:00:00+00:00,6,6,Sunday,contract,0.0028686815943655347,-0.05014274727833701,-0.0001514370457204252,0.3539,1.102006216445312,2.0344730149759775,4.831873410567958
1h,2022-12-18T07:00:00+00:00,2022-12-18T08:00:00+00:00,8,6,Sunday,contract,0.002664322395141709,-0.04584845318166908,-0.00012802479962628534,0.3529,1.1334655709832824,1.870218192122413,4.67554548030604
1h,2022-12-18T08:00:00+00:00,2022-12-18T09:00:00+00:00,9,6,Sunday,contract,0.002552585081203015,-0.04193836081640989,-0.00011173731393869426,0.3532,1.1041902604756553,1.8403171007927537,4.643261608154027
1h,2022-12-19T02:00:00+00:00,2022-12-19T03:00:00+00:00,3,0,Monday,expand,0.0027726013583810466,0.19285536907188972,0.0004482614339706881,0.3463,2.7721628645682928,4.418134565405712,4.418134565405712
1h,2022-12-19T03:00:00+00:00,2022-12-19T04:00:00+00:00,4,0,Monday,expand,0.0032602726899252574,0.17588945128013922,0.0004876713315442108,0.341,1.6422287390029304,4.193548387096768,4.193548387096768
1h,2022-12-21T03:00:00+00:00,2022-12-21T04:00:00+00:00,4,2,Wednesday,expand,0.003575829179483532,0.10256180855165486,0.00033262852465511424,0.3387,1.4171833480956513,1.919102450546208,2.6276941245940253
1h,2022-12-21T17:00:00+00:00,2022-12-21T18:00:00+00:00,18,2,Wednesday,contract,0.002839441472018049,-0.04500241499044089,-0.00013380319015523535,0.3413,1.377087606211539,1.757984178142382,2.021681804863745
1h,2022-12-23T13:00:00+00:00,2022-12-23T14:00:00+00:00,14,4,Friday,expand,0.002335423507242849,0.12463273555503296,0.0002588135763659373,0.3517,0.8814330395223178,1.7059994313335245,1.7059994313335245
1h,2022-12-23T16:00:00+00:00,2022-12-23T17:00:00+00:00,17,4,Friday,contract,0.0022738795355001953,-0.041313698637202356,-9.799073350001469e-05,0.35,0.8285714285714325,1.42857142857143,1.42857142857143
1h,2022-12-24T02:00:00+00:00,2022-12-24T03:00:00+00:00,3,5,Saturday,contract,0.00201001995055326,-0.040749213251924155,-8.538615004256194e-05,0.3523,0.7663922793074186,0.8515469770082323,1.6179392563156507
1h,2022-12-24T03:00:00+00:00,2022-12-24T04:00:00+00:00,4,5,Saturday,contract,0.0019235899540851677,-0.042999571444204965,-8.642999646809213e-05,0.3525,0.7659574468085208,0.8510638297872349,1.6170212765957557
1h,2022-12-25T02:00:00+00:00,2022-12-25T03:00:00+00:00,3,6,Sunday,expand,0.001246163032846166,0.13714714506474524,0.00015029515131952868,0.3489,0.48724562912008584,2.0636285468615605,2.0636285468615605
1h,2022-12-25T14:00:00+00:00,2022-12-25T15:00:00+00:00,15,6,Sunday,expand,0.0014571523538670053,0.20654905634275256,0.00024944981893330583,0.3464,0.8949191685912217,1.7609699769053262,3.6374133949191685
1h,2022-12-26T13:00:00+00:00,2022-12-26T14:00:00+00:00,14,0,Monday,expand,0.0017357004279285135,0.1752257066372782,0.0002587922747747293,0.3558,3.1478358628442913,4.525014052838674,5.340078695896576
1h,2022-12-26T16:00:00+00:00,2022-12-26T17:00:00+00:00,17,0,Monday,expand,0.001973044402390285,0.09977247130189237,0.0001789965844315141,0.359,3.4818941504178302,4.28969359331477,4.28969359331477
1h,2022-12-26T17:00:00+00:00,2022-12-26T18:00:00+00:00,18,0,Monday,expand,0.00237496980221955,0.20370823856895703,0.0004019253998292652,0.3644,2.0307354555433634,3.9242590559824464,3.9242590559824464
1h,2022-12-26T19:00:00+00:00,2022-12-26T20:00:00+00:00,20,0,Monday,expand,0.0027753566151791026,0.10150035520238165,0.0002557417988323764,0.366,1.4480874316939811,3.9071038251366215,3.9071038251366215
1h,2022-12-27T06:00:00+00:00,2022-12-27T07:00:00+00:00,7,1,Tuesday,expand,0.003348755867980497,0.113893296884501,0.0003424033947707337,0.3684,1.9272529858849066,2.4701411509229088,4.994571118349627
1h,2022-12-27T21:00:00+00:00,2022-12-27T22:00:00+00:00,22,1,Tuesday,contract,0.003502987660891756,-0.04414162474807526,-0.00016176828160706152,0.3693,2.5995125913891135,4.765773084213378,4.765773084213378
1h,2022-12-28T07:00:00+00:00,2022-12-28T08:00:00+00:00,8,2,Wednesday,contract,0.0037230359215143674,-0.04391398674721825,-0.0001710027631934125,0.3585,0.9483960948396134,1.8967921896792268,5.4951185495118535
1h,2022-12-28T12:00:00+00:00,2022-12-28T13:00:00+00:00,13,2,Wednesday,contract,0.0032118484418821665,-0.04378357933677901,-0.00014706526476016913,0.3581,1.8989109187377908,5.501256632225634,5.501256632225634
1h,2022-12-29T18:00:00+00:00,2022-12-29T19:00:00+00:00,19,3,Thursday,contract,0.0025878776316412477,-0.05313432002349294,-0.0001452213562800975,0.3449,3.131342418092194,3.624238909828939,3.624238909828939
1h,2022-12-29T20:00:00+00:00,2022-12-29T21:00:00+00:00,21,3,Thursday,expand,0.0031074046925886234,0.1776077041258899,0.0004686611774931816,0.3401,2.0876212878565115,3.3225521905322055,3.3813584239929457
1h,2022-12-30T01:00:00+00:00,2022-12-30T02:00:00+00:00,2,4,Friday,expand,0.003733833764438377,0.13746569873438186,0.0004512435565816632,0.3353,1.5210259469132101,2.0876826722338224,3.7280047718461113
1h,2022-12-30T04:00:00+00:00,2022-12-30T05:00:00+00:00,5,4,Friday,contract,0.003470930313582769,-0.041851852564275815,-0.0001516100241217514,0.3384,1.8912529550827475,3.398345153664306,3.6938534278959843
1h,2022-12-30T11:00:00+00:00,2022-12-30T12:00:00+00:00,12,4,Friday,contract,0.003020736751978795,-0.041979105840132536,-0.0001323643655368285,0.3379,1.3021604024859306,2.9298609055933604,2.9298609055933604
1h,2022-12-30T13:00:00+00:00,2022-12-30T14:00:00+00:00,14,4,Friday,contract,0.002862778117777636,-0.042768143887891075,-0.00012790600905981594,0.3388,1.298701298701287,2.9220779220779116,2.9220779220779116
1h,2022-12-30T16:00:00+00:00,2022-12-30T17:00:00+00:00,17,4,Friday,contract,0.0028201980775355152,-0.04976827542386619,-0.00014770754442581212,0.3396,1.9140164899882228,2.2084805653710267,2.2084805653710267
1h,2022-12-31T02:00:00+00:00,2022-12-31T03:00:00+00:00,3,5,Saturday,contract,0.0025666154677762816,-0.039346746763334384,-0.00010512426675202352,0.3411,0.5570214013485819,1.612430372324833,2.491937848138378
1h,2022-12-31T04:00:00+00:00,2022-12-31T05:00:00+00:00,5,5,Saturday,contract,0.002403867418643836,-0.0429920142637682,-0.00010798980143414145,0.3406,0.8807985907222556,1.4679976512037594,2.9359953024075187
1h,2022-12-31T05:00:00+00:00,2022-12-31T06:00:00+00:00,6,5,Saturday,contract,0.0022821626030264173,-0.05062875542698586,-0.00012170481561741848,0.3406,0.8514386376981837,1.4386376981796873,2.9359953024075187
1h,2023-01-01T08:00:00+00:00,2023-01-01T09:00:00+00:00,9,6,Sunday,contract,0.0017134727511763424,-0.039393151020513106,-7.026713470587075e-05,0.3367,0.7128007128007167,1.069201069201067,14.582714582714576
1h,2023-01-02T01:00:00+00:00,2023-01-02T02:00:00+00:00,2,0,Monday,expand,0.004253621811693883,1.7997523396613118,0.0027343367837158556,0.3248,3.140394088669947,9.667487684729059,9.667487684729059
1h,2023-01-02T06:00:00+00:00,2023-01-02T07:00:00+00:00,7,0,Monday,contract,0.004172403617780643,-0.04190515168315767,-0.00018249258598312858,0.3315,5.037707390648564,7.269984917043744,7.269984917043744
1h,2023-01-02T15:00:00+00:00,2023-01-02T16:00:00+00:00,16,0,Monday,expand,0.004719488952881595,0.10005785096787712,0.0004292700805475719,0.3509,1.766885152465085,3.96124251923624,4.388714733542312
1h,2023-01-02T19:00:00+00:00,2023-01-02T20:00:00+00:00,20,0,Monday,contract,0.0044468482919421915,-0.03901278552639886,-0.0001805267916878614,0.3512,2.192482915717535,3.7015945330296,4.128701594533017
1h,2023-01-03T21:00:00+00:00,2023-01-03T22:00:00+00:00,22,1,Tuesday,contract,0.003161805770770951,-0.04555423150034066,-0.00015090813621315181,0.3447,1.7986655062373191,3.1331592689295134,3.394255874673626
1h,2023-01-04T12:00:00+00:00,2023-01-04T13:00:00+00:00,13,2,Wednesday,contract,0.002792803093586349,-0.03949293591237446,-0.00011483100719894817,0.3476,2.3302646720368227,3.078250863060986,4.401611047180677
1h,2023-01-04T15:00:00+00:00,2023-01-04T16:00:00+00:00,16,2,Wednesday,expand,0.0029662858588225976,0.11359922349854079,0.000302593395475182,0.3474,2.3891767415083565,2.475532527345998,4.4041450777202185
1h,2023-01-05T03:00:00+00:00,2023-01-05T04:00:00+00:00,4,3,Thursday,contract,0.0028294057191802684,-0.04241953791850661,-0.00012533890147540692,0.3456,1.3888888888888804,3.3275462962962994,4.571759259259253
1h,2023-01-05T09:00:00+00:00,2023-01-05T10:00:00+00:00,10,3,Thursday,expand,0.0030824686129385394,0.13664987756615976,0.0003705793374662674,0.3398,1.2654502648616748,3.0311948204826296,3.384343731606814
1h,2023-01-05T21:00:00+00:00,2023-01-05T22:00:00+00:00,22,3,Thursday,contract,0.0025567268001454625,-0.03921835951347141,-0.00010436360001119102,0.3411,2.6385224274406354,2.990325417766047,3.488712987393716
1h,2023-01-05T23:00:00+00:00,2023-01-06T00:00:00+00:00,0,4,Friday,expand,0.0029417695368601188,0.15242624635345847,0.0003890946510107609,0.3377,1.5694403316553234,2.901984009475859,4.441812259401823
1h,2023-01-06T17:00:00+00:00,2023-01-06T18:00:00+00:00,18,4,Friday,contract,0.002702951166215922,-0.043628027693634275,-0.00012330393586276397,0.3372,1.690391459074728,2.6097271648872997,2.6097271648872997
1h,2023-01-07T04:00:00+00:00,2023-01-07T05:00:00+00:00,5,5,Saturday,contract,0.0024428042443780094,-0.04345892858840916,-0.00011098494187523119,0.3428,0.729288214702451,1.3127187864643957,3.58809801633605
1h,2023-01-07T05:00:00+00:00,2023-01-07T06:00:00+00:00,6,5,Saturday,contract,0.0023468896554938693,-0.03926413223854619,-9.591458888414013e-05,0.3426,0.5545826036193687,1.3134851138353614,3.590192644483356
1h,2023-01-07T07:00:00+00:00,2023-01-07T08:00:00+00:00,8,5,Saturday,contract,0.002200634447849305,-0.04348656148741015,-0.00010004880368071501,0.3424,0.4672897196261654,1.1390186915887732,3.592289719626162
1h,2023-01-07T08:00:00+00:00,2023-01-07T09:00:00+00:00,9,5,Saturday,contract,0.0021148748444314975,-0.038970399423503,-8.57596034178074e-05,0.3419,0.4387247733255342,3.597543141269371,3.597543141269371
1h,2023-01-07T10:00:00+00:00,2023-01-07T11:00:00+00:00,11,5,Saturday,contract,0.001953131881167972,-0.04703269435457902,-9.639476008984574e-05,0.3429,1.0207057451151949,3.587051618547675,3.587051618547675
1h,2023-01-07T11:00:00+00:00,2023-01-07T12:00:00+00:00,12,5,Saturday,contract,0.0018636224610845437,-0.04582866162109933,-8.95094200834281e-05,0.3425,1.021897810218979,3.591240875912402,3.591240875912402
1h,2023-01-08T00:00:00+00:00,2023-01-08T01:00:00+00:00,1,6,Sunday,expand,0.0024318346247828443,0.4147630954329158,0.0007129357980936268,0.3406,0.7633587786259516,1.7615971814445113,2.8479154433352867
1h,2023-01-08T08:00:00+00:00,2023-01-08T09:00:00+00:00,9,6,Sunday,contract,0.0019327557232047064,-0.04313849864760999,-8.71350556311296e-05,0.3399,1.2356575463371526,2.8537805236834326,5.001471020888485
1h,2023-01-08T16:00:00+00:00,2023-01-08T17:00:00+00:00,17,6,Sunday,expand,0.0021270639241728105,0.1070077792639279,0.00020561046737132454,0.34,1.2352941176470698,4.73529411764706,5.470588235294119
1h,2023-01-08T23:00:00+00:00,2023-01-09T00:00:00+00:00,0,0,Monday,expand,0.0022624659560320183,0.11941354741472088,0.00024134877261292303,0.3451,2.839756592292082,4.433497536945807,4.607360185453483
1h,2023-01-09T13:00:00+00:00,2023-01-09T14:00:00+00:00,14,0,Monday,expand,0.0037078986684491726,0.24199847059351098,0.0007224693331962175,0.3488,2.6376146788990784,4.185779816513746,4.185779816513746
1h,2023-01-11T04:00:00+00:00,2023-01-11T05:00:00+00:00,5,2,Wednesday,expand,0.003732025832695137,0.4333436966794617,0.0011283057051772994,0.3656,3.0908096280087616,6.072210065645529,6.920131291028459
1h,2023-01-11T14:00:00+00:00,2023-01-11T15:00:00+00:00,15,2,Wednesday,expand,0.004625970390259012,0.11441103397220709,0.0004749253545954634,0.3722,2.1493820526598624,4.0032240730789965,6.689951638903826
1h,2023-01-12T04:00:00+00:00,2023-01-12T05:00:00+00:00,5,3,Thursday,contract,0.004806082223969493,-0.042981936553111444,-0.00021585247876688366,0.3768,2.016985138004245,5.732484076433122,6.104033970276014
1h,2023-01-12T07:00:00+00:00,2023-01-12T08:00:00+00:00,8,3,Thursday,contract,0.004593936824366244,-0.04316160918729883,-0.00020722590956663393,0.3733,1.6876506830967124,5.7862309134744185,6.161264398607023
1h,2023-01-12T13:00:00+00:00,2023-01-12T14:00:00+00:00,14,3,Thursday,expand,0.004882534157387976,0.22167952718124195,0.0008859589109701579,0.3727,3.3002414810839755,4.480815669439226,4.480815669439226
1h,2023-01-12T16:00:00+00:00,2023-01-12T17:00:00+00:00,17,3,Thursday,contract,0.004934740358520913,-0.042318169641008097,-0.00021805695065545572,0.3673,3.2126327252926696,3.5937925401579056,3.5937925401579056
1h,2023-01-12T23:00:00+00:00,2023-01-13T00:00:00+00:00,0,4,Friday,contract,0.004472775672813569,-0.047080127359783064,-0.00022098274406258302,0.3746,2.2690870261612406,3.39028296849973,5.178857447944467
1h,2023-01-13T21:00:00+00:00,2023-01-13T22:00:00+00:00,22,4,Friday,expand,0.003995838305705453,0.11372136025268564,0.0004080124380226595,0.3842,6.507027589796986,8.979698073919828,8.979698073919828
1h,2023-01-14T00:00:00+00:00,2023-01-14T01:00:00+00:00,1,5,Saturday,expand,0.004996558585143904,0.2431195959906003,0.0009771878011427763,0.3934,3.533299440772756,8.769700050838834,8.769700050838834
1h,2023-01-14T01:00:00+00:00,2023-01-14T02:00:00+00:00,2,5,Saturday,expand,0.005632518686205055,0.12727962461043285,0.0006359601010611513,0.4035,2.0570012391573664,8.55018587360594,8.55018587360594
1h,2023-01-14T04:00:00+00:00,2023-01-14T05:00:00+00:00,5,5,Saturday,contract,0.005398448816906887,-0.039662245479775704,-0.00022295760130052952,0.4009,2.793714143177847,8.605637316038907,8.605637316038907
1h,2023-01-14T09:00:00+00:00,2023-01-14T10:00:00+00:00,10,5,Saturday,expand,0.007420811002439099,0.36274470728691055,0.001975322230581605,0.3905,3.1754161331626034,3.5339308578745143,4.788732394366195
1h,2023-01-14T18:00:00+00:00,2023-01-14T19:00:00+00:00,19,5,Saturday,contract,0.006474649310818613,-0.04073902364793791,-0.00027497302390912335,0.3929,1.1962331382031004,4.581318401628917,4.581318401628917
1h,2023-01-14T20:00:00+00:00,2023-01-14T21:00:00+00:00,21,5,Saturday,contract,0.0059720190486140115,-0.04633459478278079,-0.00029015531143184413,0.3931,3.307046553039942,4.57898753497838,4.57898753497838
1h,2023-01-14T21:00:00+00:00,2023-01-14T22:00:00+00:00,22,5,Saturday,contract,0.005724017687998725,-0.04152722196571734,-0.0002480013606152862,0.3917,3.3188664794485607,4.595353586928776,4.595353586928776
1h,2023-01-15T04:00:00+00:00,2023-01-15T05:00:00+00:00,5,6,Sunday,contract,0.005513259710100223,-0.04672780466787996,-0.000270250746930786,0.3894,2.8248587570621493,2.8248587570621493,6.9851052901900355
1h,2023-01-15T05:00:00+00:00,2023-01-15T06:00:00+00:00,6,6,Sunday,contract,0.005255169730807351,-0.04681259234351942,-0.00025808997929287203,0.3887,2.572678157962441,2.8299459737586856,6.997684589657835
1h,2023-01-15T06:00:00+00:00,2023-01-15T07:00:00+00:00,7,6,Sunday,contract,0.0050226576071782545,-0.04424445556268941,-0.00023251212362909637,0.3873,2.323780015491869,2.840175574490062,7.02297960237542
1h,2023-01-15T10:00:00+00:00,2023-01-15T11:00:00+00:00,11,6,Sunday,contract,0.004780857557231838,-0.04868758456473321,-0.0002446813505562915,0.3843,1.6393442622950747,3.929221962008848,8.066614623991681
1h,2023-01-15T11:00:00+00:00,2023-01-15T12:00:00+00:00,12,6,Sunday,contract,0.004560796303143848,-0.04602966130105901,-0.00022006125408798993,0.384,2.4739583333333357,6.77083333333334,8.072916666666675
1h,2023-01-16T03:00:00+00:00,2023-01-16T04:00:00+00:00,4,0,Monday,expand,0.004986599364200305,0.161494615413329,0.0006933385104461306,0.4053,3.355539106834444,7.648655317049107,7.648655317049107
1h,2023-01-16T08:00:00+00:00,2023-01-16T09:00:00+00:00,9,0,Monday,expand,0.00607212775505003,0.18152837337774086,0.0009329132496115403,0.3837,1.1988532707844652,4.274172530622889,4.274172530622889
1h,2023-01-16T11:00:00+00:00,2023-01-16T12:00:00+00:00,12,0,Monday,contract,0.005455562929243775,-0.04645955063987972,-0.00026581253301875135,0.3848,2.416839916839925,4.261954261954269,4.261954261954269
1h,2023-01-16T12:00:00+00:00,2023-01-16T13:00:00+00:00,13,0,Monday,contract,0.005215879862869219,-0.04393370024012899,-0.0002396830663745561,0.3848,2.468814968814971,4.261954261954269,4.261954261954269
1h,2023-01-17T03:00:00+00:00,2023-01-17T04:00:00+00:00,4,1,Tuesday,contract,0.004465281060763923,-0.03915124989970298,-0.00018194469698184102,0.3833,1.826245760500915,3.2611531437516335,4.148186798852081
1h,2023-01-18T05:00:00+00:00,2023-01-18T06:00:00+00:00,6,2,Wednesday,contract,0.004052959140036683,-0.041006563237779625,-0.0001733045492335935,0.388,1.6237113402061785,8.479381443298966,8.479381443298966
1h,2023-01-18T10:00:00+00:00,2023-01-18T11:00:00+00:00,11,2,Wednesday,contract,0.0038136690775823308,-0.040890175608231716,-0.00016258992904479627,0.3882,2.189592993302409,8.475012879958781,8.475012879958781
1h,2023-01-18T15:00:00+00:00,2023-01-18T16:00:00+00:00,16,2,Wednesday,expand,0.005568846932867952,0.42611326876720157,0.0016639348513178506,0.3813,7.343299239444015,7.343299239444015,8.523472331497517
1h,2023-01-18T16:00:00+00:00,2023-01-18T17:00:00+00:00,17,2,Wednesday,expand,0.006442500723377383,0.15688234944168222,0.0008736537905094308,0.3756,5.058572949946757,5.058572949946757,6.256656017039409
1h,2023-01-19T06:00:00+00:00,2023-01-19T07:00:00+00:00,7,3,Thursday,contract,0.005259335529913749,-0.04550193767984534,-0.0002507181176856733,0.3834,1.9040166927490947,3.964527908189878,3.964527908189878
1h,2023-01-19T07:00:00+00:00,2023-01-19T08:00:00+00:00,8,3,Thursday,contract,0.00503366870634848,-0.04290785828014454,-0.0002256668235652683,0.3839,1.9015368585569232,3.959364417817137,3.959364417817137
1h,2023-01-19T13:00:00+00:00,2023-01-19T14:00:00+00:00,14,3,Thursday,expand,0.0055068814087377025,0.10483799888038337,0.0005225475839432565,0.3909,3.555896648759265,3.8884625223842386,3.8884625223842386
1h,2023-01-19T22:00:00+00:00,2023-01-19T23:00:00+00:00,23,3,Thursday,contract,0.0052677409637651084,-0.04287645985520039,-0.00023598007413577933,0.3931,1.3228186212159712,2.1622996692953467,7.199185957771571
1h,2023-01-19T23:00:00+00:00,2023-01-20T00:00:00+00:00,0,4,Friday,contract,0.005027188037781884,-0.04566529137212738,-0.00024055292598322477,0.3927,1.1204481792717125,2.1135727018080033,7.206518971224865
1h,2023-01-20T03:00:00+00:00,2023-01-20T04:00:00+00:00,4,4,Friday,contract,0.004502923717906302,-0.0410040219541189,-0.0001925325936850998,0.3904,1.5368852459016404,4.380122950819673,7.300204918032794
1h,2023-01-20T07:00:00+00:00,2023-01-20T08:00:00+00:00,8,4,Friday,contract,0.00413487360233033,-0.03991684654187688,-0.00017191335402540892,0.388,1.494845360824735,6.855670103092787,6.9072164948453585
1h,2023-01-20T09:00:00+00:00,2023-01-20T10:00:00+00:00,10,4,Friday,contract,0.0038984369326215576,-0.04338464747929005,-0.00017680284097088992,0.3903,0.8967460927491681,6.430950550858318,6.86651293876505
1h,2023-01-20T21:00:00+00:00,2023-01-20T22:00:00+00:00,22,4,Friday,expand,0.004329611705618165,0.11866123512033,0.0004592606380293741,0.41,1.804878048780492,5.7317073170731625,5.7317073170731625
1h,2023-01-21T04:00:00+00:00,2023-01-21T05:00:00+00:00,5,5,Saturday,contract,0.00419038189465157,-0.040348241222097236,-0.00017618322266550485,0.4099,1.1710173212978705,5.73310563552085,5.73310563552085
1h,2023-01-21T10:00:00+00:00,2023-01-21T11:00:00+00:00,11,5,Saturday,expand,0.0056466606896548735,0.32137344657900035,0.0013733337931034683,0.4081,1.739769664297965,3.8470962999264864,3.8470962999264864
1h,2023-01-21T14:00:00+00:00,2023-01-21T15:00:00+00:00,15,5,Saturday,contract,0.005127443668191192,-0.0406918868771311,-0.00021749566678393607,0.409,1.9315403422982795,3.838630806845964,3.838630806845964
1h,2023-01-21T21:00:00+00:00,2023-01-21T22:00:00+00:00,22,5,Saturday,contract,0.004664614357948268,-0.04057638711287337,-0.00019727802753447942,0.4115,2.5516403402187144,3.0862697448359637,4.082624544349935
1h,2023-01-22T04:00:00+00:00,2023-01-22T05:00:00+00:00,5,6,Sunday,contract,0.004674927885313068,-0.04064670753681654,-0.00019807137579331419,0.4059,1.3057403301305808,4.138950480413891,4.1882237004188125
1h,2023-01-22T05:00:00+00:00,2023-01-22T06:00:00+00:00,6,6,Sunday,contract,0.004448147322076416,-0.04850995968282512,-0.00022678056323665197,0.4063,1.3044548363278432,4.134875707605214,4.184100418410032
1h,2023-01-22T15:00:00+00:00,2023-01-22T16:00:00+00:00,16,6,Sunday,expand,0.004050404152709772,0.10607133783675637,0.00038843044979155594,0.4055,2.515413070283597,4.6609124537607824,9.198520345252774
1h,2023-01-23T08:00:00+00:00,2023-01-23T09:00:00+00:00,9,0,Monday,expand,0.005596124007236061,0.24049277799840119,0.0010849135379049175,0.4221,2.6533996683250387,4.927742241175074,4.927742241175074
1h,2023-01-24T22:00:00+00:00,2023-01-24T23:00:00+00:00,23,1,Tuesday,expand,0.006046651741801234,0.1466504750637836,0.0007733344813999048,0.4081,3.2099975496201907,3.381524136241112,6.81205586865964
1h,2023-01-25T03:00:00+00:00,2023-01-25T04:00:00+00:00,4,2,Wednesday,contract,0.006052390308295289,-0.04436094531709822,-0.00028095310063809813,0.4042,1.4101929737753545,2.449282533399312,5.616031667491341
1h,2023-01-25T07:00:00+00:00,2023-01-25T08:00:00+00:00,8,2,Wednesday,contract,0.005317714483424138,-0.04579442298846104,-0.00025520880641724183,0.409,1.711491442542789,5.550122249388753,5.550122249388753
1h,2023-01-25T11:00:00+00:00,2023-01-25T12:00:00+00:00,12,2,Wednesday,contract,0.004766301628516159,-0.03977022017948639,-0.00019740781757816763,0.4052,1.9002961500493545,5.602171767028627,5.602171767028627
1h,2023-01-25T22:00:00+00:00,2023-01-25T23:00:00+00:00,23,2,Wednesday,expand,0.005295764700576058,0.12785296624785802,0.0006003257922633804,0.4134,1.3546202225447628,3.0478955007256894,3.1688437348814706
1h,2023-01-26T05:00:00+00:00,2023-01-26T06:00:00+00:00,6,3,Thursday,contract,0.004598825600580524,-0.0431925720835622,-0.00020760196927542378,0.4144,1.8581081081081043,2.509652509652501,4.174710424710421
1h,2023-01-27T03:00:00+00:00,2023-01-27T04:00:00+00:00,4,4,Friday,contract,0.004371232817281094,-0.0432887449932714,-0.0001977871397908556,0.4055,1.0850801479654646,2.367447595561035,3.403205918618984
1h,2023-01-28T18:00:00+00:00,2023-01-28T19:00:00+00:00,19,5,Saturday,contract,0.0027559092346757853,-0.04162107113139224,-0.00011968532574428833,0.4083,1.0776389909380257,2.1797697771246543,2.5226549106049414
1h,2023-01-29T03:00:00+00:00,2023-01-29T04:00:00+00:00,4,6,Sunday,contract,0.002789701303706426,-0.03945620496866942,-0.00011459240797741547,0.41,0.4878048780487809,2.1707317073170778,3.5365853658536484
1h,2023-01-29T04:00:00+00:00,2023-01-29T05:00:00+00:00,5,6,Sunday,contract,0.00266900835344168,-0.04326375375901059,-0.00012069295026474573,0.41,0.6341463414634261,2.1707317073170778,3.5365853658536484
1h,2023-01-29T05:00:00+00:00,2023-01-29T06:00:00+00:00,6,6,Sunday,contract,0.002549793471052989,-0.04466635791340401,-0.00011921488238869106,0.4103,1.0723860589812368,2.1691445283938626,3.533999512551781
1h,2023-01-29T06:00:00+00:00,2023-01-29T07:00:00+00:00,7,6,Sunday,contract,0.002439093937406347,-0.043415098086719395,-0.0001106995336466422,0.4099,1.3417906806538193,2.1712612832398195,3.537448158087328
1h,2023-01-30T00:00:00+00:00,2023-01-30T01:00:00+00:00,1,0,Monday,expand,0.003003285209725553,0.20331369741879834,0.0005074395992518805,0.419,2.8639618138424714,5.918854415274461,8.687350835322192
1h,2023-01-30T01:00:00+00:00,2023-01-30T02:00:00+00:00,2,0,Monday,expand,0.0033244791233165813,0.10694752284961306,0.00032119391359102835,0.4125,1.7939393939393848,4.8969696969696965,7.709090909090908
1h,2023-01-30T09:00:00+00:00,2023-01-30T10:00:00+00:00,10,0,Monday,expand,0.003971551815947662,0.20626383858939445,0.0006791113987732597,0.3991,1.5534953645702927,4.961162615885753,4.961162615885753
1h,2023-01-30T19:00:00+00:00,2023-01-30T20:00:00+00:00,20,0,Monday,expand,0.0048389625349999615,0.2620305521535353,0.0010046951896153897,0.3948,1.8996960486322065,3.596757852076999,5.851063829787237
1h,2023-02-01T03:00:00+00:00,2023-02-01T04:00:00+00:00,4,2,Wednesday,contract,0.0035764197665828427,-0.048627496639847445,-0.0001828015205063739,0.4028,1.9860973187686215,3.351539225422049,5.312810327706066
1h,2023-02-01T19:00:00+00:00,2023-02-01T20:00:00+00:00,20,2,Wednesday,expand,0.004303051799738027,0.17909907504467748,0.0006536114000201499,0.4076,2.011776251226689,2.4779195289499505,2.9440628066731978
1h,2023-02-01T22:00:00+00:00,2023-02-01T23:00:00+00:00,23,2,Wednesday,contract,0.004139032362982665,-0.04165948576621081,-0.00017992556638328407,0.4144,1.78571428571429,1.78571428571429,2.8474903474903424
1h,2023-02-02T07:00:00+00:00,2023-02-02T08:00:00+00:00,8,3,Thursday,contract,0.0037337356634571006,-0.04021441959479144,-0.00015644120488131266,0.4129,0.8961007507871244,2.8578348268345795,3.3179946718333713
1h,2023-02-02T10:00:00+00:00,2023-02-02T11:00:00+00:00,11,3,Thursday,contract,0.003372673925880198,-0.047214146717631245,-0.0001671287635292432,0.4144,1.2789575289575221,3.3059845559845535,3.3059845559845535
1h,2023-02-03T04:00:00+00:00,2023-02-03T05:00:00+00:00,5,4,Friday,contract,0.0035362059943865047,-0.046387690148818606,-0.00017201584572203686,0.4116,0.8989310009718126,2.113702623906702,2.113702623906702
1h,2023-02-03T09:00:00+00:00,2023-02-03T10:00:00+00:00,10,4,Friday,contract,0.0031420422522493397,-0.04538691699678965,-0.00014938786555763897,0.4121,1.7956806600339765,2.11113807328318,2.11113807328318
1h,2023-02-04T02:00:00+00:00,2023-02-04T03:00:00+00:00,3,5,Saturday,contract,0.0027125942831921325,-0.04112957154615915,-0.00011635340639939637,0.4095,0.48840048840048883,3.1990231990231996,3.2967032967032996
1h,2023-02-04T03:00:00+00:00,2023-02-04T04:00:00+00:00,4,5,Saturday,contract,0.0025902661201069803,-0.04509637281296586,-0.00012232816308515226,0.4087,0.5382921458282309,3.205285050159041,3.3031563494005414
1h,2023-02-04T18:00:00+00:00,2023-02-04T19:00:00+00:00,19,5,Saturday,expand,0.0025958639562423053,0.1619764683301701,0.000361856618750594,0.4141,0.7969089591885944,2.342429364887705,5.699106496015458
1h,2023-02-04T23:00:00+00:00,2023-02-05T00:00:00+00:00,0,6,Sunday,expand,0.003006032672221905,0.15669830843687516,0.00040722825598292836,0.4106,1.16902094495859,3.458353628835847,4.554310764734533
1h,2023-02-05T05:00:00+00:00,2023-02-05T06:00:00+00:00,6,6,Sunday,contract,0.002652863636826322,-0.04836808055780262,-0.00013483566437125444,0.4092,0.6842619745845612,4.4721407624633525,4.496578690127084
1h,2023-02-05T10:00:00+00:00,2023-02-05T11:00:00+00:00,11,6,Sunday,contract,0.0023440655275855206,-0.04224373817460381,-0.0001033896559681168,0.4102,2.9497805948317892,4.217454900048765,4.241833252072166
1h,2023-02-05T12:00:00+00:00,2023-02-05T13:00:00+00:00,13,6,Sunday,expand,0.0029553422151120043,0.28601565050544764,0.0006572813680683041,0.4015,1.992528019925282,2.889165628891656,2.9140722291407193
1h,2023-02-07T17:00:00+00:00,2023-02-07T18:00:00+00:00,18,1,Tuesday,expand,0.0029778102957318114,0.14229221091775646,0.00037093766955909394,0.3996,2.9029029029029028,3.7787787787787788,3.7787787787787788
1h,2023-02-07T18:00:00+00:00,2023-02-07T19:00:00+00:00,19,1,Tuesday,expand,0.0035008238460366805,0.17563696084150182,0.0005230135503048691,0.3965,1.8915510718789423,2.471626733921824,3.203026481715003
1h,2023-02-08T07:00:00+00:00,2023-02-08T08:00:00+00:00,8,2,Wednesday,contract,0.002706216270110618,-0.046255184348685474,-0.00013124740539312415,0.4019,0.796217964667823,2.214481214232387,4.428962428464788
1h,2023-02-08T10:00:00+00:00,2023-02-08T11:00:00+00:00,11,2,Wednesday,contract,0.00254896397428317,-0.04465739773078137,-0.00011915107494485941,0.4006,0.8237643534697877,2.221667498751863,4.44333499750374
1h,2023-02-09T03:00:00+00:00,2023-02-09T04:00:00+00:00,4,3,Thursday,expand,0.003256927719206907,0.19614867421146331,0.0005340824831379289,0.3906,1.2800819252432167,8.03891449052739,9.88223246287763
1h,2023-02-09T14:00:00+00:00,2023-02-09T15:00:00+00:00,15,3,Thursday,expand,0.0034992522439071445,0.281794302641891,0.0007692882889302208,0.4041,3.1427864390002447,9.007671368473147,9.007671368473147
1h,2023-02-09T19:00:00+00:00,2023-02-09T20:00:00+00:00,20,3,Thursday,expand,0.005871029116210904,0.34385376482950214,0.0015022285295222364,0.3876,4.643962848297218,4.643962848297218,4.643962848297218
1h,2023-02-10T01:00:00+00:00,2023-02-10T02:00:00+00:00,2,4,Friday,contract,0.006263546834411688,-0.046417177850948343,-0.0003048882180316662,0.3834,1.982263954094939,2.842983828899327,2.842983828899327
1h,2023-02-10T03:00:00+00:00,2023-02-10T04:00:00+00:00,4,4,Friday,contract,0.00579765007661008,-0.04313539574702607,-0.00026135769820077436,0.3873,1.962303124193131,2.8143557965401556,2.8143557965401556
1h,2023-02-10T07:00:00+00:00,2023-02-10T08:00:00+00:00,8,4,Friday,contract,0.0052465661140686315,-0.04275766708820783,-0.00023435123954373884,0.3864,1.1904761904761887,2.691511387163566,2.691511387163566
1h,2023-02-10T09:00:00+00:00,2023-02-10T10:00:00+00:00,10,4,Friday,contract,0.004872804455497952,-0.04193640938837362,-0.00021329265042291986,0.3852,0.9605399792315776,2.4143302180685438,2.4143302180685438
1h,2023-02-10T10:00:00+00:00,2023-02-10T11:00:00+00:00,11,4,Friday,contract,0.004653318422962386,-0.04504306186305551,-0.00021948603253556676,0.3857,0.9333679025149059,2.3852735286492055,2.3852735286492055
1h,2023-02-10T20:00:00+00:00,2023-02-10T21:00:00+00:00,21,4,Friday,contract,0.003801818812307812,-0.038926607190975626,-0.00015398606248521454,0.384,1.2760416666666563,1.2760416666666563,1.2760416666666563
1h,2023-02-11T00:00:00+00:00,2023-02-11T01:00:00+00:00,1,5,Saturday,contract,0.003605769655828904,-0.03906804778591533,-0.00014659766583299426,0.3813,0.9965906110673932,0.9965906110673932,1.2063991607657996
1h,2023-02-11T04:00:00+00:00,2023-02-11T05:00:00+00:00,5,5,Saturday,contract,0.0031632233220566736,-0.0455661496469324,-0.00015101717861974598,0.3825,0.679738562091501,1.0196078431372442,1.2026143790849655
1h,2023-02-11T05:00:00+00:00,2023-02-11T06:00:00+00:00,6,5,Saturday,contract,0.003022993084766914,-0.04433143759150859,-0.00014023023728975976,0.3819,0.6546216286986127,1.073579471065722,1.2045037968054446
1h,2023-02-11T08:00:00+00:00,2023-02-11T09:00:00+00:00,9,5,Saturday,contract,0.002676026168816659,-0.0511675600832876,-0.00014430970529358744,0.3817,0.5501702908042941,1.2051349227141717,1.2051349227141717
1h,2023-02-11T10:00:00+00:00,2023-02-11T11:00:00+00:00,11,5,Saturday,contract,0.00247167562515314,-0.04379536154322938,-0.00011320581731947242,0.3814,0.5506030414263217,1.2060828526481364,1.2060828526481364
1h,2023-02-12T02:00:00+00:00,2023-02-12T03:00:00+00:00,3,6,Sunday,contract,0.0017547055839443634,-0.040171273154961384,-7.343889107264156e-05,0.3819,0.5760670332547879,1.3092432573972255,5.001309243257398
1h,2023-02-12T11:00:00+00:00,2023-02-12T12:00:00+00:00,12,6,Sunday,contract,0.0015077452342618669,-0.04426204683133439,-6.982655648168305e-05,0.3822,0.6802721088435352,4.997383568812142,6.331763474620618
1h,2023-02-12T21:00:00+00:00,2023-02-12T22:00:00+00:00,22,6,Sunday,expand,0.0020260797333542823,0.21573483424012752,0.00035953232820351544,0.3769,2.3083045900769394,4.643141416821442,4.643141416821442
1h,2023-02-12T22:00:00+00:00,2023-02-12T23:00:00+00:00,23,6,Sunday,expand,0.0023242168952575465,0.14714976760054865,0.0002981371619032642,0.3753,3.3040234479083455,4.66293631761258,4.66293631761258
1h,2023-02-13T01:00:00+00:00,2023-02-13T02:00:00+00:00,2,0,Monday,expand,0.0028725235127116692,0.12088959006751421,0.00030980588363756093,0.3712,2.289870689655175,4.391163793103459,4.391163793103459
1h,2023-02-13T09:00:00+00:00,2023-02-13T10:00:00+00:00,10,0,Monday,expand,0.0035870925946301026,0.1340710541790584,0.00042406980041306873,0.3642,2.059308072487646,3.3772652388797453,3.3772652388797453
1h,2023-02-13T21:00:00+00:00,2023-02-13T22:00:00+00:00,22,0,Monday,contract,0.003457107978966153,-0.04579894569720333,-0.0001659313829973988,0.3718,2.25927918235611,2.33996772458312,4.249596557288875
1h,2023-02-14T04:00:00+00:00,2023-02-14T05:00:00+00:00,5,1,Tuesday,contract,0.0030861720988706784,-0.042622885737965466,-0.00013739785375928553,0.3662,1.2834516657564121,4.314582195521583,5.4068814855270455
1h,2023-02-14T13:00:00+00:00,2023-02-14T14:00:00+00:00,14,1,Tuesday,expand,0.0032184840936878324,0.12598681240372778,0.00036011660817786024,0.3707,2.886431076342052,4.612894523873754,6.069598057728612
1h,2023-02-14T14:00:00+00:00,2023-02-14T15:00:00+00:00,15,1,Tuesday,expand,0.003667163801281559,0.1394071539684436,0.00044867970759372667,0.3756,1.5708200212992443,3.08839190628328,4.526091586794451
1h,2023-02-15T19:00:00+00:00,2023-02-15T20:00:00+00:00,20,2,Wednesday,expand,0.003063361117145377,0.10354513042369695,0.0002874337602195888,0.3939,2.3356181772023326,2.9195227215029225,2.9195227215029225
1h,2023-02-15T20:00:00+00:00,2023-02-15T21:00:00+00:00,21,2,Wednesday,expand,0.003480263894492137,0.13609325228207347,0.0004169027773467601,0.401,2.1446384039900237,2.1446384039900237,3.0423940149625905
1h,2023-02-16T00:00:00+00:00,2023-02-16T01:00:00+00:00,1,3,Thursday,expand,0.003758244405731724,0.11000134519764115,0.00037244273802063653,0.399,1.0275689223057625,2.280701754385964,5.764411027568913
1h,2023-02-16T03:00:00+00:00,2023-02-16T04:00:00+00:00,4,3,Thursday,contract,0.0034729821280585224,-0.03983225074164631,-0.00014407554831219515,0.4009,1.2222499376402993,2.2698927413320025,5.737091544025933
1h,2023-02-17T11:00:00+00:00,2023-02-17T12:00:00+00:00,12,4,Friday,contract,0.0032045147828459156,-0.03930785802868342,-0.00013111652175737832,0.3875,1.60000000000001,3.8193548387096863,3.8193548387096863
1h,2023-02-17T23:00:00+00:00,2023-02-18T00:00:00+00:00,0,5,Saturday,contract,0.003813469926394169,-0.040888528346669006,-0.00016257460972263,0.395,0.6582278481012636,1.4683544303797396,1.6708860759493658
1h,2023-02-18T03:00:00+00:00,2023-02-18T04:00:00+00:00,4,5,Saturday,contract,0.0033864409248163183,-0.04524903706596717,-0.00016049545575510388,0.3948,0.9371833839918899,1.6717325227963515,2.4062816616008127
1h,2023-02-18T04:00:00+00:00,2023-02-18T05:00:00+00:00,5,5,Saturday,contract,0.003237409430186583,-0.04400829600705902,-0.00014903149462973516,0.3943,1.2173471975652983,1.673852396652294,2.409332995181336
1h,2023-02-18T05:00:00+00:00,2023-02-18T06:00:00+00:00,6,5,Saturday,contract,0.0030775944708875415,-0.049365074991404745,-0.00015981495929904155,0.395,1.215189873417714,1.6708860759493658,2.4050632911392427
1h,2023-02-18T09:00:00+00:00,2023-02-18T10:00:00+00:00,10,5,Saturday,contract,0.0027960556977045747,-0.04458051033685384,-0.00013046582290035308,0.3934,0.9913573970513508,2.414844941535335,2.414844941535335
1h,2023-02-19T01:00:00+00:00,2023-02-19T02:00:00+00:00,2,6,Sunday,expand,0.0027053060449234016,0.14652970752047545,0.000345745688852045,0.3912,0.9458077709611403,2.914110429447858,5.6237218813905985
1h,2023-02-19T09:00:00+00:00,2023-02-19T10:00:00+00:00,10,6,Sunday,contract,0.002282614271569055,-0.04143265991013545,-9.866263627454283e-05,0.3915,1.0983397190293667,5.619412515964245,5.619412515964245
1h,2023-02-19T16:00:00+00:00,2023-02-19T17:00:00+00:00,17,6,Sunday,expand,0.002830700067839437,0.20535017383437792,0.0004822538409354274,0.3925,2.3694267515923504,4.407643312101906,8.458598726114651
1h,2023-02-20T01:00:00+00:00,2023-02-20T02:00:00+00:00,2,0,Monday,expand,0.0036460028591383154,0.18661099717626062,0.0005733843954508987,0.3863,1.7861765467253476,6.135128138752266,6.135128138752266
1h,2023-02-20T03:00:00+00:00,2023-02-20T04:00:00+00:00,4,0,Monday,contract,0.003410584097930487,-0.039234141001355805,-0.00013927569984080327,0.3878,1.289324394017536,5.621454357916448,5.621454357916448
1h,2023-02-20T14:00:00+00:00,2023-02-20T15:00:00+00:00,15,0,Monday,expand,0.0038318632509262095,0.23774080453094126,0.000736010519159524,0.4083,2.620622091599311,3.6737692872887617,5.1922605927014445
1h,2023-02-21T08:00:00+00:00,2023-02-21T09:00:00+00:00,9,1,Tuesday,expand,0.004240334095154177,0.16876328547293373,0.000612281992680451,0.3931,1.4245738997710489,2.0096667514627224,3.1544136352073178
1h,2023-02-21T23:00:00+00:00,2023-02-22T00:00:00+00:00,0,2,Wednesday,contract,0.003605446371738908,-0.039065045033621515,-0.00014657279782606713,0.3918,2.60336906584992,3.854007146503319,3.854007146503319
1h,2023-02-22T23:00:00+00:00,2023-02-23T00:00:00+00:00,0,3,Thursday,contract,0.0035998304535848624,-0.039012793763767206,-0.00014614080412191392,0.3953,1.7202124968378518,2.4791297748545347,3.1874525676701246
1h,2023-02-23T11:00:00+00:00,2023-02-23T12:00:00+00:00,12,3,Thursday,expand,0.0035334204545293814,0.11038948196080955,0.00035127534965158575,0.3896,1.3603696098562554,2.079055441478438,2.079055441478438
1h,2023-02-24T02:00:00+00:00,2023-02-24T03:00:00+00:00,3,4,Friday,contract,0.002786163129182366,-0.03941420312667576,-0.00011432024070633833,0.3885,1.1840411840411822,4.761904761904765,4.787644787644789
1h,2023-02-24T15:00:00+00:00,2023-02-24T16:00:00+00:00,16,4,Friday,expand,0.002847071337956688,0.1298247451613237,0.00032714835861871565,0.3813,2.412798321531599,2.4390243902438957,2.4390243902438957
1h,2023-02-24T16:00:00+00:00,2023-02-24T17:00:00+00:00,17,4,Friday,expand,0.0032865662423883497,0.15436736641347482,0.00043949490443166185,0.3752,1.89232409381663,1.9189765458422134,1.9189765458422134
1h,2023-02-25T04:00:00+00:00,2023-02-25T05:00:00+00:00,5,5,Saturday,contract,0.0030031035494909575,-0.04414670070842697,-0.0001387002730377676,0.3775,0.9006622516556182,2.9139072847682,2.9139072847682
1h,2023-02-25T20:00:00+00:00,2023-02-25T21:00:00+00:00,21,5,Saturday,expand,0.0026618441221776803,0.17437682973221902,0.0003952427598324839,0.3733,1.84837931958211,2.0091079560675076,2.54487007768551
1h,2023-02-26T03:00:00+00:00,2023-02-26T04:00:00+00:00,4,6,Sunday,contract,0.0023915429967285504,-0.051600376305338314,-0.0001301186920560399,0.3781,0.34382438508330276,1.5339857180639969,1.6397778365511726
1h,2023-02-26T05:00:00+00:00,2023-02-26T06:00:00+00:00,6,6,Sunday,contract,0.002191687583913904,-0.04975007276364196,-0.00011474519876260563,0.3774,0.4504504504504596,1.6428192898781089,1.6428192898781089
1h,2023-02-26T06:00:00+00:00,2023-02-26T07:00:00+00:00,7,6,Sunday,contract,0.002085138470777195,-0.04861510094720456,-0.00010654911313670926,0.3775,0.45033112582782375,1.6423841059602606,1.6423841059602606
1h,2023-02-27T13:00:00+00:00,2023-02-27T14:00:00+00:00,14,0,Monday,expand,0.0022862775209822428,0.10456869606438968,0.00021644019069367313,0.3778,1.5881418740074125,2.170460561143458,2.170460561143458
1h,2023-02-28T05:00:00+00:00,2023-02-28T06:00:00+00:00,6,1,Tuesday,contract,0.0027506882410033265,-0.04156267477441078,-0.00011928371084641166,0.3771,1.750198886237071,2.731370989127561,2.731370989127561
1h,2023-02-28T21:00:00+00:00,2023-02-28T22:00:00+00:00,22,1,Tuesday,expand,0.003193387594209343,0.10978067217932219,0.00031589326198389923,0.3761,1.542143047061959,3.243818133475137,3.243818133475137
1h,2023-03-02T11:00:00+00:00,2023-03-02T12:00:00+00:00,12,3,Thursday,contract,0.0022247772014691086,-0.05007991493299735,-0.00011729055395916406,0.3783,1.2159661644197708,8.670367433254029,8.670367433254029
1h,2023-03-03T01:00:00+00:00,2023-03-03T02:00:00+00:00,2,4,Friday,expand,0.0041515497299229745,0.8989065984410969,0.001965265405390541,0.3603,2.248126561199,2.858728837080204,5.856230918678881
1h,2023-03-03T16:00:00+00:00,2023-03-03T17:00:00+00:00,17,4,Friday,contract,0.003000326805561595,-0.04412070933962997,-0.00013848667735089342,0.3667,1.3635124079629135,3.8451049904554133,3.8451049904554133
1h,2023-03-04T02:00:00+00:00,2023-03-04T03:00:00+00:00,3,5,Saturday,contract,0.0030710428647851974,-0.040174514491949864,-0.00012854175882963392,0.3748,0.9071504802561404,1.6808964781216722,3.014941302027742
1h,2023-03-04T03:00:00+00:00,2023-03-04T04:00:00+00:00,4,5,Saturday,contract,0.002923111231586255,-0.048169836668590316,-0.00014793163319894252,0.3755,0.9054593874833592,2.077230359520647,3.009320905459381
1h,2023-03-04T08:00:00+00:00,2023-03-04T09:00:00+00:00,9,5,Saturday,contract,0.002540268449361421,-0.050059847810210445,-0.00013386680379703052,0.3752,0.42643923240937914,3.0117270788912522,3.0117270788912522
1h,2023-03-04T09:00:00+00:00,2023-03-04T10:00:00+00:00,10,5,Saturday,contract,0.00243739213154989,-0.04049820712350005,-0.00010287631781153101,0.3752,0.39978678038379567,3.0117270788912522,3.0117270788912522
1h,2023-03-04T11:00:00+00:00,2023-03-04T12:00:00+00:00,12,5,Saturday,contract,0.0022592819909792393,-0.041112769638766644,-9.686784545994169e-05,0.3753,0.4529709565680733,3.0109245936584,3.0109245936584
1h,2023-03-04T12:00:00+00:00,2023-03-04T13:00:00+00:00,13,5,Saturday,contract,0.0021550475630521524,-0.04613608586412388,-0.00010423442792708692,0.3754,0.9589770911028216,3.0101225359616346,3.0101225359616346
1h,2023-03-04T13:00:00+00:00,2023-03-04T14:00:00+00:00,14,5,Saturday,contract,0.002043972737119855,-0.05154170508189815,-0.00011107482593229745,0.3751,1.2529992002132717,3.0125299920021265,3.0125299920021265
1h,2023-03-05T04:00:00+00:00,2023-03-05T05:00:00+00:00,5,6,Sunday,contract,0.002820755465581783,-0.04730392813740936,-0.00014005811273706033,0.3746,0.9610250934329931,2.0822210357714828,3.8441003737319726
1h,2023-03-05T06:00:00+00:00,2023-03-05T07:00:00+00:00,7,6,Sunday,contract,0.0026224881310373516,-0.048094265605023945,-0.00013249908700287269,0.3727,0.5366246310705667,1.9050174403005087,3.380735175744567
1h,2023-03-05T07:00:00+00:00,2023-03-05T08:00:00+00:00,8,6,Sunday,contract,0.0024923104073918284,-0.04963901346391608,-0.00013017772364552326,0.3724,0.5102040816326565,2.0945220193340575,3.3566058002148256
1h,2023-03-05T11:00:00+00:00,2023-03-05T12:00:00+00:00,12,6,Sunday,contract,0.002170293043146554,-0.03982742161352182,-9.002254178050407e-05,0.3714,0.4577275175013556,3.231017770597741,3.6348949919224585
1h,2023-03-05T12:00:00+00:00,2023-03-05T13:00:00+00:00,13,6,Sunday,contract,0.0020795578257789436,-0.04180781837463743,-9.073521736761023e-05,0.3712,0.7273706896551821,3.2327586206896584,3.636853448275865
1h,2023-03-06T01:00:00+00:00,2023-03-06T02:00:00+00:00,2,0,Monday,expand,0.002559132450468004,0.1500584005827501,0.00033391288842553974,0.3625,2.09655172413793,2.8689655172413695,4.165517241379311
1h,2023-03-06T22:00:00+00:00,2023-03-06T23:00:00+00:00,23,0,Monday,contract,0.002553246076130735,-0.041946237762840344,-0.00011178815970236487,0.371,1.1859838274932655,3.04582210242587,4.69002695417789
1h,2023-03-07T15:00:00+00:00,2023-03-07T16:00:00+00:00,16,1,Tuesday,expand,0.0035813491533589208,0.21436852355038583,0.0006322039112800853,0.3784,1.717758985200847,3.594080338266385,7.875264270613106
1h,2023-03-08T02:00:00+00:00,2023-03-08T03:00:00+00:00,3,2,Wednesday,contract,0.003795825700796312,-0.04445693951135632,-0.00017660197698433173,0.3769,2.281772353409391,7.906606526930219,7.906606526930219
1h,2023-03-08T13:00:00+00:00,2023-03-08T14:00:00+00:00,14,2,Wednesday,expand,0.004937276957055618,0.10241378858506933,0.00045867100330341127,0.3953,2.377940804452306,3.8704781178851455,3.8704781178851455
1h,2023-03-09T20:00:00+00:00,2023-03-09T21:00:00+00:00,21,3,Thursday,expand,0.006015014663195408,0.136389439589224,0.0007219219489849665,0.3646,2.9621503017005026,5.019199122325848,5.019199122325848
1h,2023-03-10T18:00:00+00:00,2023-03-10T19:00:00+00:00,19,4,Friday,contract,0.005404542405634616,-0.04101003315239504,-0.00023111864658728175,0.3646,1.919912232583655,4.0866703236423545,4.415798134942404
1h,2023-03-10T20:00:00+00:00,2023-03-10T21:00:00+00:00,21,4,Friday,contract,0.005034528910980872,-0.04570389764457239,-0.00024111760853698892,0.3691,1.544296938499047,4.036846383094019,4.361961528041182
1h,2023-03-11T18:00:00+00:00,2023-03-11T19:00:00+00:00,19,5,Saturday,contract,0.003730229378912517,-0.040184092152524165,-0.00015617149068557993,0.3616,1.1061946902654878,2.4059734513274296,5.116150442477881
1h,2023-03-12T17:00:00+00:00,2023-03-12T18:00:00+00:00,18,6,Sunday,expand,0.0037292233057230006,0.12982731593995966,0.0004285212841751559,0.3572,1.9036954087345948,5.963045912653971,7.082866741321385
1h,2023-03-12T22:00:00+00:00,2023-03-12T23:00:00+00:00,23,6,Sunday,expand,0.004680663021456479,0.10978325314501913,0.0004630259214264236,0.3661,2.7861240098333755,5.818082491122641,6.910680142037692
1h,2023-03-13T05:00:00+00:00,2023-03-13T06:00:00+00:00,6,0,Monday,contract,0.004398816820216251,-0.04025979369550703,-0.00018452437078586483,0.3686,3.9338035811177314,6.863809007053715,6.863809007053715
1h,2023-03-13T14:00:00+00:00,2023-03-13T15:00:00+00:00,15,0,Monday,expand,0.005040825231477542,0.12072836066907411,0.0005430134437324971,0.3712,3.151939655172411,3.5829741379310436,6.034482758620698
1h,2023-03-13T21:00:00+00:00,2023-03-13T22:00:00+00:00,22,0,Monday,contract,0.004724945279604751,-0.046935317859934766,-0.0002326880984311365,0.3717,1.5873015873015917,4.923325262308309,6.133979015334944
1h,2023-03-14T03:00:00+00:00,2023-03-14T04:00:00+00:00,4,1,Tuesday,contract,0.004029212477382902,-0.044321436250483126,-0.0001868624982602242,0.3707,1.7264634475317016,6.150526031831666,6.150526031831666
1h,2023-03-14T04:00:00+00:00,2023-03-14T05:00:00+00:00,5,1,Tuesday,contract,0.0038628401575698406,-0.04129152303259165,-0.00016637231981306158,0.3707,2.292959266253037,6.150526031831666,6.150526031831666
1h,2023-03-14T12:00:00+00:00,2023-03-14T13:00:00+00:00,13,1,Tuesday,expand,0.00428321969548621,0.20614674952057177,0.000732060023424136,0.3783,3.3835580227332747,5.6304520222045955,6.582077716098328
1h,2023-03-15T02:00:00+00:00,2023-03-15T03:00:00+00:00,3,2,Wednesday,contract,0.004822111054199721,-0.04161641314082898,-0.00020939315801536424,0.3743,1.0953780390061427,5.5036067325674605,5.5036067325674605
1h,2023-03-15T03:00:00+00:00,2023-03-15T04:00:00+00:00,4,2,Wednesday,contract,0.004620531693185455,-0.04180313533814284,-0.0002015793610142657,0.3742,1.309460181721009,5.505077498663819,5.505077498663819
1h,2023-03-15T04:00:00+00:00,2023-03-15T05:00:00+00:00,5,2,Wednesday,contract,0.0044047794293864935,-0.046694250386197234,-0.00021575226379896145,0.3748,1.3073639274279656,5.496264674493065,5.496264674493065
1h,2023-03-15T21:00:00+00:00,2023-03-15T22:00:00+00:00,22,2,Wednesday,contract,0.0044462862944761065,-0.04377789073059457,-0.00020356048419047264,0.361,1.8005540166205,2.714681440443222,3.047091412742385
1h,2023-03-16T23:00:00+00:00,2023-03-17T00:00:00+00:00,0,4,Friday,contract,0.003006439218887219,-0.04650969226511048,-0.00014664917068363302,0.3644,2.0032930845224954,5.708013172338086,5.708013172338086
1h,2023-03-17T13:00:00+00:00,2023-03-17T14:00:00+00:00,14,4,Friday,expand,0.0037837468213940966,0.13935397255023396,0.00046278870604661007,0.3754,2.6638252530634015,6.020245071923283,6.020245071923283
1h,2023-03-18T01:00:00+00:00,2023-03-18T02:00:00+00:00,2,5,Saturday,expand,0.004477929380896141,0.10480099886966876,0.00042477466300798895,0.3833,1.2783720323506433,4.435168275502221,4.435168275502221
1h,2023-03-18T15:00:00+00:00,2023-03-18T16:00:00+00:00,16,5,Saturday,expand,0.00409942099335164,0.117432514162231,0.00043081376974218053,0.3767,3.2651977701088493,5.2561720201752165,8.46827714361562
1h,2023-03-18T16:00:00+00:00,2023-03-18T17:00:00+00:00,17,5,Saturday,expand,0.004520890922397952,0.1028120629059186,0.00042146992904631194,0.3783,2.114723764208302,4.3616177636796225,7.560137457044677
1h,2023-03-19T03:00:00+00:00,2023-03-19T04:00:00+00:00,4,6,Sunday,contract,0.003683883968587299,-0.041699049667486054,-0.0001602987668144081,0.3772,3.525980911983042,6.733828207847305,6.733828207847305
1h,2023-03-19T05:00:00+00:00,2023-03-19T06:00:00+00:00,6,6,Sunday,expand,0.004046308115771701,0.14232208237192556,0.0005041301449406387,0.3856,3.4491701244813364,6.5871369294605895,6.5871369294605895
1h,2023-03-19T10:00:00+00:00,2023-03-19T11:00:00+00:00,11,6,Sunday,expand,0.005073612704582209,0.11544597637961518,0.0005251067150321359,0.3918,3.522205206738141,4.3389484430832095,6.125574272588061
1h,2023-03-19T20:00:00+00:00,2023-03-19T21:00:00+00:00,21,6,Sunday,expand,0.005705380912559064,0.10084728056257908,0.0005226630067262268,0.387,2.2997416020671886,4.237726098191221,5.865633074935414
1h,2023-03-19T22:00:00+00:00,2023-03-19T23:00:00+00:00,23,6,Sunday,contract,0.0054694355827677645,-0.0400884497210241,-0.00022841812175136613,0.3914,2.401635155850797,4.19008686765458,5.7996934082779905
1h,2023-03-20T05:00:00+00:00,2023-03-20T06:00:00+00:00,6,0,Monday,contract,0.005521775247559445,-0.04676690924254123,-0.0002709057882738031,0.3825,1.359477124183002,3.790849673202618,3.869281045751643
1h,2023-03-21T13:00:00+00:00,2023-03-21T14:00:00+00:00,14,1,Tuesday,expand,0.0068317774345462295,0.45013102690832985,0.0021206325050349044,0.4199,10.335794236723029,18.028101929030733,18.028101929030733
1h,2023-03-21T16:00:00+00:00,2023-03-21T17:00:00+00:00,17,1,Tuesday,expand,0.008219065241872475,0.100764868449156,0.0007523795967790412,0.4412,11.763372620126928,11.763372620126928,13.803263825929287
1h,2023-03-21T19:00:00+00:00,2023-03-21T20:00:00+00:00,20,1,Tuesday,expand,0.010389317177986083,0.14603834105491287,0.0013238986786164569,0.4742,7.971320118093632,10.88148460565163,17.882749894559264
1h,2023-03-21T21:00:00+00:00,2023-03-21T22:00:00+00:00,22,1,Tuesday,expand,0.01264487042387576,0.1256957994697505,0.0014119330443172502,0.471,5.095541401273879,7.961783439490441,14.35244161358811
1h,2023-03-22T19:00:00+00:00,2023-03-22T20:00:00+00:00,20,2,Wednesday,expand,0.012408698775916303,0.10699362111675659,0.001199330863391055,0.4113,3.5497203987357167,10.64916119620715,10.84366642353514
1h,2023-03-22T23:00:00+00:00,2023-03-23T00:00:00+00:00,0,3,Thursday,contract,0.011163162373462761,-0.048288011724527125,-0.0005663971056509825,0.4212,3.442545109211766,10.351377018043678,10.541310541310539
1h,2023-03-23T04:00:00+00:00,2023-03-23T05:00:00+00:00,5,3,Thursday,contract,0.009829459724984582,-0.03931556985465434,-0.00040226613269112206,0.4212,8.119658119658121,8.309591642924984,8.309591642924984
1h,2023-03-23T07:00:00+00:00,2023-03-23T08:00:00+00:00,8,3,Thursday,expand,0.010588383023247494,0.12423999249768825,0.0011701243828271153,0.4467,3.8952316991269247,4.947391985672713,6.268188941123802
1h,2023-03-23T10:00:00+00:00,2023-03-23T11:00:00+00:00,11,3,Thursday,contract,0.010122258564896043,-0.050661398874995545,-0.0005401737357612346,0.4413,4.5320643553138495,5.529118513482898,7.115341037842746
1h,2023-03-23T20:00:00+00:00,2023-03-23T21:00:00+00:00,21,3,Thursday,contract,0.010019269801032776,-0.04487262446289275,-0.00047071306161790456,0.4421,2.058357837593304,7.057226871748474,7.441755258991176
1h,2023-03-23T22:00:00+00:00,2023-03-23T23:00:00+00:00,23,3,Thursday,contract,0.009343656103951731,-0.04062560575081797,-0.00039566585415013074,0.445,3.3932584269662924,7.01123595505618,7.393258426966288
1h,2023-03-23T23:00:00+00:00,2023-03-24T00:00:00+00:00,0,4,Friday,contract,0.008919109239383747,-0.045436910331966285,-0.0004245468645679845,0.4435,2.8635851183765477,6.493799323562569,6.877113866967299
1h,2023-03-24T06:00:00+00:00,2023-03-24T07:00:00+00:00,7,4,Friday,contract,0.007471332783248797,-0.05055132526217865,-0.0003977948294806794,0.4353,3.101309441764303,5.582356995175738,9.051229037445438
1h,2023-03-24T22:00:00+00:00,2023-03-24T23:00:00+00:00,23,4,Friday,contract,0.007170455733353371,-0.0477130293368343,-0.0003592658256425666,0.4221,1.4451551764984587,9.713338071547035,10.187159440890795
1h,2023-03-25T04:00:00+00:00,2023-03-25T05:00:00+00:00,5,5,Saturday,expand,0.0075174810330745035,0.15455797752708977,0.0010063476128404228,0.4478,3.1933899062081244,5.940151853506032,5.940151853506032
1h,2023-03-26T04:00:00+00:00,2023-03-26T05:00:00+00:00,5,6,Sunday,contract,0.006842788691617603,-0.04449872540836075,-0.00031867605320135516,0.4469,3.0879391362721043,4.8332960393824145,4.8332960393824145
1h,2023-03-27T11:00:00+00:00,2023-03-27T12:00:00+00:00,12,0,Monday,expand,0.007040293995986393,0.1045048982346688,0.0006661312310779696,0.4772,7.376362112321868,7.376362112321868,9.702430846605187
1h,2023-03-27T14:00:00+00:00,2023-03-27T15:00:00+00:00,15,0,Monday,expand,0.008765570666611553,0.17819259325303416,0.0013257253333375744,0.4626,4.496325118893209,8.754863813229568,11.34889753566796
1h,2023-03-28T18:00:00+00:00,2023-03-28T19:00:00+00:00,19,1,Tuesday,expand,0.010951012484053427,0.15917533583955468,0.0015037682704574316,0.5212,3.5111281657712943,14.15963161933998,14.15963161933998
1h,2023-03-29T08:00:00+00:00,2023-03-29T09:00:00+00:00,9,2,Wednesday,expand,0.012612165932021756,0.11786865746715902,0.0013298333898444752,0.5708,7.988787666433073,10.05606166783462,11.492641906096706
1h,2023-03-29T12:00:00+00:00,2023-03-29T13:00:00+00:00,13,2,Wednesday,expand,0.01370751434778408,0.10267296821510352,0.0012763450501704545,0.5523,3.6936447582835368,6.644939344559109,6.826000362122027
1h,2023-03-30T09:00:00+00:00,2023-03-30T10:00:00+00:00,10,3,Thursday,contract,0.011761783595770034,-0.04831036646822762,-0.0005970602765976944,0.5299,5.416116248348734,6.076618229854691,6.076618229854691
1h,2023-03-30T19:00:00+00:00,2023-03-30T20:00:00+00:00,20,3,Thursday,contract,0.011024505624505335,-0.044180136089218,-0.000509577355731183,0.5386,2.5436316375789167,4.381730412179717,4.381730412179717
1h,2023-04-01T03:00:00+00:00,2023-04-01T04:00:00+00:00,4,5,Saturday,contract,0.0070226548437725255,-0.04819423831189207,-0.00035558883413635157,0.5318,5.791650996615277,6.995110943963898,6.995110943963898
1h,2023-04-01T06:00:00+00:00,2023-04-01T07:00:00+00:00,7,5,Saturday,expand,0.008194960893501555,0.22552815577049512,0.0015080799312691155,0.5185,4.204435872709727,5.149469623915129,5.149469623915129
1h,2023-04-01T22:00:00+00:00,2023-04-01T23:00:00+00:00,23,5,Saturday,contract,0.007015542175314572,-0.03914492727351038,-0.000285810936562653,0.5112,3.677621283255094,5.1643192488262875,5.457746478873247
1h,2023-04-01T23:00:00+00:00,2023-04-02T00:00:00+00:00,0,6,Sunday,contract,0.006735860591363531,-0.039865997090738126,-0.00027968158395104154,0.5092,3.69206598586018,5.184603299293005,5.479183032207391
1h,2023-04-02T02:00:00+00:00,2023-04-02T03:00:00+00:00,3,6,Sunday,expand,0.007603857769397116,0.1100022600412287,0.0007535494023540737,0.5197,1.7702520685010554,4.2524533384645,5.041370021166057
1h,2023-04-02T11:00:00+00:00,2023-04-02T12:00:00+00:00,12,6,Sunday,contract,0.006150558039264592,-0.04021901352007662,-0.0002577352337895817,0.5144,4.004665629860022,5.093312597200623,5.093312597200623
1h,2023-04-02T13:00:00+00:00,2023-04-02T14:00:00+00:00,14,6,Sunday,expand,0.0070992056563046625,0.1325431697095989,0.0008308303341304042,0.5215,3.087248322147652,5.023969319271333,5.023969319271333
1h,2023-04-03T01:00:00+00:00,2023-04-03T02:00:00+00:00,2,0,Monday,expand,0.0077507411106144545,0.1157038582323473,0.000803789145337349,0.5066,2.1713383339912946,3.1385708645874284,7.30359257797078
1h,2023-04-03T20:00:00+00:00,2023-04-03T21:00:00+00:00,21,0,Monday,expand,0.007335981598605907,0.2025631820037237,0.0012356937231841631,0.4904,3.955954323001637,4.139477977161509,5.322185970636229
1h,2023-04-05T04:00:00+00:00,2023-04-05T05:00:00+00:00,5,2,Wednesday,contract,0.004897159736050751,-0.04496173284400651,-0.00023055074892697983,0.5041,4.582424122197957,5.633802816901394,6.585994842293186
1h,2023-04-05T22:00:00+00:00,2023-04-05T23:00:00+00:00,23,2,Wednesday,contract,0.005565067772574781,-0.04444625018173676,-0.00025885136712112955,0.5069,2.7421582166107648,3.4326297100019674,3.86664036299074
1h,2023-04-07T06:00:00+00:00,2023-04-07T07:00:00+00:00,7,4,Friday,expand,0.0053433538868329295,0.1330460172244914,0.0006274343163974721,0.5047,1.9813750743015668,2.2587675847037993,2.3974638399048938
1h,2023-04-07T15:00:00+00:00,2023-04-07T16:00:00+00:00,16,4,Friday,contract,0.00488555761400268,-0.039117146954732784,-0.00019888904723097765,0.5077,1.7530037423675433,1.8908804412054245,1.8908804412054245
1h,2023-04-08T02:00:00+00:00,2023-04-08T03:00:00+00:00,3,5,Saturday,contract,0.004212105344834704,-0.042192190012327324,-0.0001855465649872835,0.5102,0.7448059584476726,2.2148177185417657,2.2148177185417657
1h,2023-04-08T11:00:00+00:00,2023-04-08T12:00:00+00:00,12,5,Saturday,contract,0.0032415001010197507,-0.04187035405751183,-0.00014165385392459102,0.51,0.5490196078431203,1.7450980392156898,1.8431372549019536
1h,2023-04-08T13:00:00+00:00,2023-04-08T14:00:00+00:00,14,5,Saturday,contract,0.0030735383524098867,-0.0425007915910014,-0.00013642602710844682,0.5094,1.1778563015312142,1.6489988221437129,1.7471535139379701
1h,2023-04-09T03:00:00+00:00,2023-04-09T04:00:00+00:00,4,6,Sunday,contract,0.0027151142458839636,-0.04115860948274552,-0.00011654724968338361,0.506,1.3438735177865668,2.0355731225296507,2.1146245059288513
1h,2023-04-09T14:00:00+00:00,2023-04-09T15:00:00+00:00,15,6,Sunday,expand,0.0025825321724421988,0.1023615735495802,0.00023980521750444506,0.5006,0.9788254095085815,1.7978425888933294,1.7978425888933294
1h,2023-04-10T06:00:00+00:00,2023-04-10T07:00:00+00:00,7,0,Monday,contract,0.0026114093026297263,-0.0479927719941865,-0.00013164686943305508,0.5037,0.7345642247369318,2.8985507246376923,5.400039706174311
1h,2023-04-10T16:00:00+00:00,2023-04-10T17:00:00+00:00,17,0,Monday,expand,0.002668509141026026,0.10623671875370477,0.00025626852761338314,0.5086,0.943767204089663,3.9716869838773086,3.9716869838773086
1h,2023-04-11T05:00:00+00:00,2023-04-11T06:00:00+00:00,6,1,Tuesday,expand,0.0037813342279557224,0.21861563017979657,0.0006783589055418633,0.5237,1.5848768378842797,2.978804659155995,4.716440710330331
1h,2023-04-11T21:00:00+00:00,2023-04-11T22:00:00+00:00,22,1,Tuesday,contract,0.0036724487447709997,-0.04923795831147304,-0.00019018836498238588,0.5155,1.299709020368582,3.4723569350145547,3.9379243452958375
1h,2023-04-12T02:00:00+00:00,2023-04-12T03:00:00+00:00,3,2,Wednesday,expand,0.004263940641905638,0.12676162083685316,0.00047969687369956316,0.5064,0.9873617693522916,2.409162717219598,2.409162717219598
1h,2023-04-13T04:00:00+00:00,2023-04-13T05:00:00+00:00,5,3,Thursday,contract,0.003243611390988639,-0.04406227021766296,-0.0001495085685375903,0.5045,1.4469772051536123,2.3587710604559016,4.023785926660057
1h,2023-04-14T00:00:00+00:00,2023-04-14T01:00:00+00:00,1,4,Friday,expand,0.003214796239338733,0.12323448818684635,0.0003527079815893305,0.5182,1.4666152064839928,6.850636819760705,6.850636819760705
1h,2023-04-14T05:00:00+00:00,2023-04-14T06:00:00+00:00,6,4,Friday,expand,0.004253287767174392,0.2220462770436653,0.000772824017909669,0.5331,4.126805477396364,6.659163383980486,6.659163383980486
1h,2023-04-14T06:00:00+00:00,2023-04-14T07:00:00+00:00,7,4,Friday,expand,0.004999481498090511,0.1754392770399924,0.0007461937309161185,0.5347,1.8141013652515507,4.432391995511491,4.432391995511491
1h,2023-04-15T02:00:00+00:00,2023-04-15T03:00:00+00:00,3,5,Saturday,contract,0.004961183050184443,-0.0396265523887831,-0.00020470638847572883,0.5188,0.9444872783346212,1.7154973014649226,2.1202775636083286
1h,2023-04-15T03:00:00+00:00,2023-04-15T04:00:00+00:00,4,5,Saturday,contract,0.004735384260885547,-0.04551309375502699,-0.00022579878929889548,0.5193,1.0591180435201348,1.8678990949354983,2.1182360870402483
1h,2023-04-16T05:00:00+00:00,2023-04-16T06:00:00+00:00,6,6,Sunday,contract,0.0034646797649476022,-0.03975395424178707,-0.00014343690499596558,0.5199,0.6347374495095152,1.4810540488555568,3.3467974610502176
1h,2023-04-16T06:00:00+00:00,2023-04-16T07:00:00+00:00,7,6,Sunday,contract,0.0032957740674513444,-0.048750738583429265,-0.0001689056974962578,0.5192,0.7511556240369613,1.4830508474576347,3.3513097072419264
1h,2023-04-17T00:00:00+00:00,2023-04-17T01:00:00+00:00,1,0,Monday,expand,0.003705167055502931,0.2585374518693615,0.0007611409957305484,0.5109,1.4092777451556047,1.9769035036210605,1.9769035036210605
1h,2023-04-18T10:00:00+00:00,2023-04-18T11:00:00+00:00,11,1,Tuesday,contract,0.002978982992701829,-0.041553058619397176,-0.0001291525379001346,0.5159,2.1515797635200617,4.593913549137419,15.48749757704981
1h,2023-04-18T23:00:00+00:00,2023-04-19T00:00:00+00:00,0,2,Wednesday,expand,0.004273455746148282,0.11716738412926708,0.0004481957118347476,0.5327,2.571804017270497,14.698704711845304,14.698704711845304
1h,2023-04-19T00:00:00+00:00,2023-04-19T01:00:00+00:00,1,2,Wednesday,expand,0.004775351764280546,0.11744500187807705,0.0005018960181322639,0.5284,1.2490537471612302,14.004542013626034,14.004542013626034
1h,2023-04-19T06:00:00+00:00,2023-04-19T07:00:00+00:00,7,2,Wednesday,expand,0.0049818145067631195,0.10432506505853478,0.0004706296533259135,0.5231,12.712674440833494,12.712674440833494,12.712674440833494
1h,2023-04-19T08:00:00+00:00,2023-04-19T09:00:00+00:00,9,2,Wednesday,expand,0.009159829855321263,0.8224996841123646,0.004133859241898363,0.4876,2.543068088597204,3.691550451189503,3.691550451189503
1h,2023-04-19T12:00:00+00:00,2023-04-19T13:00:00+00:00,13,2,Wednesday,contract,0.008256052178723201,-0.04753130397398597,-0.00041200401374793735,0.4967,1.5099657741091328,3.6239178578618922,3.6239178578618922
1h,2023-04-19T13:00:00+00:00,2023-04-19T14:00:00+00:00,14,2,Wednesday,contract,0.007816334165957258,-0.05326008160403195,-0.0004397180127659432,0.4967,2.1743507147171397,3.6239178578618922,3.6239178578618922
1h,2023-04-20T16:00:00+00:00,2023-04-20T17:00:00+00:00,17,3,Thursday,expand,0.006522259164968232,0.14099732536320309,0.0008059800642332138,0.4698,1.8092805449127305,3.001277139208174,4.5338441890166
1h,2023-04-20T21:00:00+00:00,2023-04-20T22:00:00+00:00,22,3,Thursday,contract,0.0059496063250032575,-0.04505993420463639,-0.00028073894807717145,0.4718,1.377702416278085,4.514624841034333,8.372191606612969
1h,2023-04-21T09:00:00+00:00,2023-04-21T10:00:00+00:00,10,4,Friday,contract,0.005232831439515702,-0.03997806697000228,-0.00021791011073197565,0.4711,3.0991296964551056,6.962428359159413,6.962428359159413
1h,2023-04-21T19:00:00+00:00,2023-04-21T20:00:00+00:00,20,4,Friday,expand,0.006277514033772509,0.14964367916197152,0.0008171143050944201,0.4442,2.1611886537595675,3.5569563259792845,8.194506978838358
1h,2023-04-22T04:00:00+00:00,2023-04-22T05:00:00+00:00,5,5,Saturday,contract,0.005258824854405756,-0.04683015480773822,-0.00025837114264659535,0.4509,1.397205588822349,5.96584608560656,5.96584608560656
1h,2023-04-22T08:00:00+00:00,2023-04-22T09:00:00+00:00,9,5,Saturday,contract,0.00480186371997821,-0.04588175182955523,-0.00023091259384447598,0.4506,1.7532179316466974,5.681313803817136,5.681313803817136
1h,2023-04-22T11:00:00+00:00,2023-04-22T12:00:00+00:00,12,5,Saturday,contract,0.004520333306411126,-0.04734293758992314,-0.00022464102357008797,0.4536,5.026455026455023,5.026455026455023,5.026455026455023
1h,2023-04-22T14:00:00+00:00,2023-04-22T15:00:00+00:00,15,5,Saturday,expand,0.0055088455809712954,0.17741653190852857,0.0008300888014637457,0.4722,1.7789072426937658,3.04955527318932,3.04955527318932
1h,2023-04-22T23:00:00+00:00,2023-04-23T00:00:00+00:00,0,6,Sunday,contract,0.004895213165471721,-0.04063156803872359,-0.00020732408965166808,0.4717,2.3743905024379877,3.4979860080559706,4.239983040067844
1h,2023-04-23T06:00:00+00:00,2023-04-23T07:00:00+00:00,7,6,Sunday,contract,0.00450329835475563,-0.04100663594586962,-0.00019256141190427886,0.4697,1.5116031509474124,4.258037044922294,7.19608260591867
1h,2023-04-23T15:00:00+00:00,2023-04-23T16:00:00+00:00,16,6,Sunday,expand,0.004597283439409011,0.11580449290101624,0.00047713204312238664,0.4606,2.6921406860616637,7.338254450716455,7.338254450716455
1h,2023-04-24T00:00:00+00:00,2023-04-24T01:00:00+00:00,1,0,Monday,expand,0.006283267666019153,0.26314908646535806,0.0013089794103062179,0.4813,3.3243299397465114,7.56285061292333,7.56285061292333
1h,2023-04-24T10:00:00+00:00,2023-04-24T11:00:00+00:00,11,0,Monday,contract,0.005988343064165057,-0.044062916721396506,-0.00027602638955115735,0.464,2.1551724137931054,4.54741379310345,4.54741379310345
1h,2023-04-24T19:00:00+00:00,2023-04-24T20:00:00+00:00,20,0,Monday,contract,0.006058598740160873,-0.03972913373859843,-0.00025066144155083854,0.46,1.0652173913043512,2.782608695652169,2.9565217391304346
1h,2023-04-26T12:00:00+00:00,2023-04-26T13:00:00+00:00,13,2,Wednesday,expand,0.004524640152561683,0.10887668903685732,0.0004442584498029452,0.4818,1.5981735159817434,10.668327106683272,10.668327106683272
1h,2023-04-26T19:00:00+00:00,2023-04-26T20:00:00+00:00,20,2,Wednesday,expand,0.006570974036987704,0.5618391447238271,0.0023637712279240223,0.4481,6.918098638696714,8.7034144164249,8.7034144164249
1h,2023-04-26T20:00:00+00:00,2023-04-26T21:00:00+00:00,21,2,Wednesday,expand,0.007808761605774295,0.1883720072274131,0.0012377875687865914,0.4545,4.3344334433443334,4.3344334433443334,4.3344334433443334
1h,2023-04-27T03:00:00+00:00,2023-04-27T04:00:00+00:00,4,3,Thursday,contract,0.007213835771637718,-0.04592192312188559,-0.00034721813627982146,0.4619,1.9051742801472247,3.030959082052383,3.030959082052383
1h,2023-04-27T04:00:00+00:00,2023-04-27T05:00:00+00:00,5,3,Thursday,contract,0.006919990359377881,-0.040733587728062126,-0.0002938454122598374,0.464,1.8965517241379373,3.0172413793103354,5.387931034482751
1h,2023-04-27T05:00:00+00:00,2023-04-27T06:00:00+00:00,6,3,Thursday,contract,0.006618562476565178,-0.04355900328736906,-0.0003014278828127031,0.4633,1.726742931146127,3.0218001295057104,6.065184545650757
1h,2023-04-27T07:00:00+00:00,2023-04-27T08:00:00+00:00,8,3,Thursday,contract,0.006349678870099566,-0.04455878701763083,-0.00029612914385381255,0.4603,1.2600477949163649,3.0414946773843052,6.104714316749937
1h,2023-04-27T10:00:00+00:00,2023-04-27T11:00:00+00:00,11,3,Thursday,contract,0.005783434576388031,-0.04791093289108361,-0.00029103342895292483,0.458,1.09170305676856,3.0567685589519558,6.135371179039292
1h,2023-04-27T11:00:00+00:00,2023-04-27T12:00:00+00:00,12,3,Thursday,contract,0.005556046392360318,-0.03931715333239316,-0.00022738818402771258,0.4592,1.9599303135888517,3.0487804878048688,6.119337979094067
1h,2023-04-27T13:00:00+00:00,2023-04-27T14:00:00+00:00,14,3,Thursday,contract,0.00527281551178007,-0.04290478243775897,-0.00023637042398307918,0.4575,1.8797814207650265,5.9453551912568186,5.9453551912568186
1h,2023-04-28T04:00:00+00:00,2023-04-28T05:00:00+00:00,5,4,Friday,expand,0.005040249673017098,0.1323762118255809,0.0005892115636140687,0.4737,3.0821194849060474,3.9687565970023186,4.749841671944273
1h,2023-04-28T09:00:00+00:00,2023-04-28T10:00:00+00:00,10,4,Friday,contract,0.005179182449729903,-0.03964113192218244,-0.00021378326536383805,0.471,2.0806794055201765,4.777070063694272,4.777070063694272
1h,2023-04-29T03:00:00+00:00,2023-04-29T04:00:00+00:00,4,5,Saturday,contract,0.0044012293171246265,-0.04508269489350003,-0.00020778687054805005,0.4804,0.8742714404662743,2.6019983347210567,2.6019983347210567
1h,2023-04-29T04:00:00+00:00,2023-04-29T05:00:00+00:00,5,5,Saturday,contract,0.004172570080187152,-0.051953493095165615,-0.00022865923693747483,0.4807,1.1441647597254014,2.6003744539213556,2.6003744539213556
1h,2023-04-29T07:00:00+00:00,2023-04-29T08:00:00+00:00,8,5,Saturday,contract,0.0038083952136192347,-0.048222110304023014,-0.00019295347797070863,0.478,1.4435146443514564,2.615062761506267,2.615062761506267
1h,2023-04-29T09:00:00+00:00,2023-04-29T10:00:00+00:00,10,5,Saturday,contract,0.003609789750518624,-0.04302439625849552,-0.0001622915192706631,0.4778,1.3813311008790277,2.6161573880284545,2.6161573880284545
1h,2023-04-29T17:00:00+00:00,2023-04-29T18:00:00+00:00,18,5,Saturday,expand,0.003732741634349785,0.11403679469075612,0.0003820967973577078,0.4751,0.9892654178067737,1.2839402231109227,1.8101452325826135
1h,2023-04-29T21:00:00+00:00,2023-04-29T22:00:00+00:00,22,5,Saturday,contract,0.00327582605733715,-0.04860924918346321,-0.0001673712351797814,0.4785,1.1912225705329234,1.212121212121218,2.863113897596654
1h,2023-04-30T20:00:00+00:00,2023-04-30T21:00:00+00:00,21,6,Sunday,expand,0.003156025366965167,0.10934284558967766,0.00031107497177190876,0.4728,1.1209813874788552,3.553299492385783,4.462774957698818
1h,2023-05-01T01:00:00+00:00,2023-05-01T02:00:00+00:00,2,0,Monday,expand,0.003795773945708259,0.235453915718153,0.0007234020041762871,0.463,1.1015118790496745,2.397408207343412,2.8941684665226832
1h,2023-05-01T09:00:00+00:00,2023-05-01T10:00:00+00:00,10,0,Monday,contract,0.0033228265618644184,-0.04048964675376987,-0.00014021742783572452,0.4648,0.9251290877796957,2.8829604130809,2.8829604130809
1h,2023-05-01T10:00:00+00:00,2023-05-01T11:00:00+00:00,11,0,Monday,contract,0.0031497675217312462,-0.052081875749804274,-0.0001730590401331721,0.4648,1.5060240963855436,2.8829604130809,2.8829604130809
1h,2023-05-01T11:00:00+00:00,2023-05-01T12:00:00+00:00,12,0,Monday,contract,0.00301049841303616,-0.04421567869191123,-0.00013926910869508638,0.4647,2.0443296750591795,2.883580804820319,2.883580804820319
1h,2023-05-01T23:00:00+00:00,2023-05-02T00:00:00+00:00,0,1,Tuesday,contract,0.003416841911174475,-0.047535209875455675,-0.00017052630085957667,0.4647,1.3772326231977656,1.592425220572404,1.8721755971594665
1h,2023-05-02T11:00:00+00:00,2023-05-02T12:00:00+00:00,12,1,Tuesday,contract,0.0029944904773885096,-0.04171272526365899,-0.0001303454213375803,0.4605,1.4115092290988067,1.8892508143322564,2.51900108577633
1h,2023-05-02T22:00:00+00:00,2023-05-02T23:00:00+00:00,23,1,Tuesday,contract,0.0030008084368738615,-0.04177728738769637,-0.00013083141822106464,0.4645,1.2486544671690047,3.3584499461786868,3.4230355220667317
1h,2023-05-04T04:00:00+00:00,2023-05-04T05:00:00+00:00,5,3,Thursday,contract,0.00323152508198011,-0.05043980403150583,-0.0001716557755369317,0.4635,1.186623516720605,2.2222222222222165,2.243797195253498
1h,2023-05-05T12:00:00+00:00,2023-05-05T13:00:00+00:00,13,4,Friday,expand,0.0029766607285742074,0.18073701068009163,0.0004556414824173657,0.4587,1.809461521691744,2.921299324177027,2.921299324177027
1h,2023-05-05T18:00:00+00:00,2023-05-05T19:00:00+00:00,19,4,Friday,expand,0.0034687420439491294,0.1144583430326962,0.00035625061200391306,0.4649,0.8819100881910192,2.3015702301570204,3.9363303936330354
1h,2023-05-06T04:00:00+00:00,2023-05-06T05:00:00+00:00,5,5,Saturday,contract,0.002881078481346102,-0.04295577462482514,-0.00012931372933431716,0.4629,1.2745733419745002,2.9163966299416626,2.9163966299416626
1h,2023-05-06T11:00:00+00:00,2023-05-06T12:00:00+00:00,12,5,Saturday,contract,0.0024309316637940366,-0.04041326068618212,-0.00010237935875338777,0.4615,2.318526543878654,2.318526543878654,2.318526543878654
1h,2023-05-06T14:00:00+00:00,2023-05-06T15:00:00+00:00,15,5,Saturday,expand,0.002916675242476491,0.11083920263732128,0.00029102498134796076,0.4532,1.8093556928508354,1.9417475728155282,1.9417475728155282
1h,2023-05-06T20:00:00+00:00,2023-05-06T21:00:00+00:00,21,5,Saturday,contract,0.0026474361647866105,-0.040358907939764155,-0.00011134124344512565,0.4566,0.8322382829610095,1.314060446780541,1.314060446780541
1h,2023-05-06T22:00:00+00:00,2023-05-06T23:00:00+00:00,23,5,Saturday,contract,0.002540391386984375,-0.04179229220996161,-0.00011079933746033308,0.4569,0.9192383453709744,1.313197636244244,1.5539505362223671
1h,2023-05-07T06:00:00+00:00,2023-05-07T07:00:00+00:00,7,6,Sunday,contract,0.0024106015806007893,-0.04307387925652195,-0.0001085078138923683,0.4573,0.4373496610540131,1.5088563306363476,8.506450907500545
1h,2023-05-07T07:00:00+00:00,2023-05-07T08:00:00+00:00,8,6,Sunday,contract,0.00230984432484359,-0.04179755649711625,-0.0001007572557571992,0.4575,0.43715846994535557,3.1912568306010933,8.502732240437156
1h,2023-05-07T23:00:00+00:00,2023-05-08T00:00:00+00:00,0,0,Monday,expand,0.002698525482921197,0.24934597244154189,0.0005385749628522146,0.4487,6.708268330733233,6.708268330733233,9.850679741475378
1h,2023-05-08T01:00:00+00:00,2023-05-08T02:00:00+00:00,2,0,Monday,expand,0.004780361258233073,0.6739286171903669,0.001924587595520532,0.4378,1.0963910461397959,5.047967108268617,7.743261763362262
1h,2023-05-08T11:00:00+00:00,2023-05-08T12:00:00+00:00,12,0,Monday,contract,0.004155023683957724,-0.04177771565539534,-0.00018115566799675048,0.4364,1.099908340971579,6.989000916590278,6.989000916590278
1h,2023-05-08T17:00:00+00:00,2023-05-08T18:00:00+00:00,18,0,Monday,expand,0.004705850269251681,0.1568428732614644,0.0006380115177498716,0.4188,4.5606494746895905,5.348615090735429,5.348615090735429
1h,2023-05-08T18:00:00+00:00,2023-05-08T19:00:00+00:00,19,0,Monday,expand,0.00550543239287656,0.169912359696057,0.0007995821236248786,0.4192,1.765267175572523,2.5524809160305315,2.5524809160305315
1h,2023-05-09T22:00:00+00:00,2023-05-09T23:00:00+00:00,23,1,Tuesday,contract,0.00365644907441852,-0.03953198074530784,-0.00015049608264758015,0.4259,1.7844564451749225,2.4888471472176565,5.494247475933325
1h,2023-05-10T12:00:00+00:00,2023-05-10T13:00:00+00:00,13,2,Wednesday,expand,0.0037958985246816274,0.14646198186008985,0.0004849308827167974,0.4312,1.0667903525046365,5.4267161410018625,5.4267161410018625
1h,2023-05-10T17:00:00+00:00,2023-05-10T18:00:00+00:00,18,2,Wednesday,expand,0.0046398532808588225,0.31532478014989707,0.0011123189783954755,0.422,3.1279620853080545,3.1279620853080545,5.308056872037922
1h,2023-05-10T23:00:00+00:00,2023-05-11T00:00:00+00:00,0,3,Thursday,contract,0.004419489019606105,-0.043605209042985815,-0.00020149915535431443,0.4298,1.0935318752908416,3.280595625872499,4.420660772452307
1h,2023-05-11T04:00:00+00:00,2023-05-11T05:00:00+00:00,5,3,Thursday,contract,0.003911463669446902,-0.03986865708260823,-0.00016242028226514868,0.4283,1.751109035722626,4.039224842400182,6.39738501050665
1h,2023-05-11T21:00:00+00:00,2023-05-11T22:00:00+00:00,22,3,Thursday,contract,0.0037809645925719116,-0.042486181734169515,-0.00016776650712091662,0.4194,1.0491177873152158,6.771578445398184,6.8907963757749116
1h,2023-05-12T04:00:00+00:00,2023-05-12T05:00:00+00:00,5,4,Friday,expand,0.0050411698648533355,0.36031828910532604,0.001335294625780511,0.4379,4.7042703813656095,6.599680292304175,6.599680292304175
1h,2023-05-12T05:00:00+00:00,2023-05-12T06:00:00+00:00,6,4,Friday,expand,0.005852514874506666,0.16094379507224477,0.0008113450096533309,0.4305,2.0673635307781697,3.9953542392566765,3.9953542392566765
1h,2023-05-12T17:00:00+00:00,2023-05-12T18:00:00+00:00,18,4,Friday,contract,0.0048301680929315844,-0.04020289641414743,-0.00020232062253319662,0.4225,3.857988165680469,3.857988165680469,3.857988165680469
1h,2023-05-12T18:00:00+00:00,2023-05-12T19:00:00+00:00,19,4,Friday,contract,0.004620870372007897,-0.04333135346365513,-0.00020929772092368772,0.4218,3.8643907064959655,3.8643907064959655,3.8643907064959655
1h,2023-05-12T22:00:00+00:00,2023-05-12T23:00:00+00:00,23,4,Friday,contract,0.004748979037247955,-0.044111602871462985,-0.00021915223363446184,0.4298,1.3727315030246663,2.1870637505816704,2.1870637505816704
1h,2023-05-13T03:00:00+00:00,2023-05-13T04:00:00+00:00,4,5,Saturday,contract,0.004110016424846984,-0.046573977788375465,-0.00020077049421899848,0.4262,0.6569685593618078,1.3374002815579629,1.7597372125762567
1h,2023-05-13T04:00:00+00:00,2023-05-13T05:00:00+00:00,5,5,Saturday,contract,0.003930729537357917,-0.04362193941736914,-0.00017928688748906733,0.4255,0.728554641598118,1.3396004700352617,1.7626321974148078
1h,2023-05-13T09:00:00+00:00,2023-05-13T10:00:00+00:00,10,5,Saturday,contract,0.003321391871902765,-0.04683037379774735,-0.00016318399014636845,0.4273,1.0531242686637032,1.7552071144395054,1.7552071144395054
1h,2023-05-13T16:00:00+00:00,2023-05-13T17:00:00+00:00,17,5,Saturday,contract,0.0028234662063577076,-0.04235660324381685,-0.00012488201587366717,0.4247,0.9182952672474721,1.6953143395337846,2.6371556392747793
1h,2023-05-13T21:00:00+00:00,2023-05-13T22:00:00+00:00,22,5,Saturday,contract,0.00256665291648787,-0.044847181765723776,-0.00012051176280675896,0.4245,1.0836277974087145,1.8610129564193212,2.6383981154299145
1h,2023-05-14T05:00:00+00:00,2023-05-14T06:00:00+00:00,6,6,Sunday,contract,0.002426847794718576,-0.04035932220166982,-0.00010206521497835297,0.426,0.563380281690144,2.0657276995305103,2.4647887323943687
1h,2023-05-14T08:00:00+00:00,2023-05-14T09:00:00+00:00,9,6,Sunday,contract,0.0022053879755818953,-0.04354859641285991,-0.00010041445966014508,0.4255,0.4465334900117539,2.467685076380731,2.467685076380731
1h,2023-05-14T11:00:00+00:00,2023-05-14T12:00:00+00:00,12,6,Sunday,contract,0.0019749407370092636,-0.04730909048252174,-9.80723643853299e-05,0.426,1.4788732394366133,2.4647887323943687,2.4647887323943687
1h,2023-05-15T01:00:00+00:00,2023-05-15T02:00:00+00:00,2,0,Monday,expand,0.0025329398179888382,0.14091812460388153,0.0003128507832316275,0.4272,0.8895131086142252,1.6151685393258466,2.083333333333338
1h,2023-05-16T03:00:00+00:00,2023-05-16T04:00:00+00:00,4,1,Tuesday,contract,0.0027424053431321844,-0.041469560382684234,-0.0001186465648563232,0.4239,0.9907997169143753,2.2175041283321586,10.497758905402215
1h,2023-05-16T21:00:00+00:00,2023-05-16T22:00:00+00:00,22,1,Tuesday,expand,0.003496679253091325,0.30797812616823306,0.0008233323651468246,0.4345,6.789413118527049,6.858457997698503,6.858457997698503
1h,2023-05-16T23:00:00+00:00,2023-05-17T00:00:00+00:00,0,2,Wednesday,expand,0.004137953029451193,0.11071439905380731,0.000412465151580678,0.4424,4.90506329113924,5.424954792043392,5.424954792043392
1h,2023-05-17T01:00:00+00:00,2023-05-17T02:00:00+00:00,2,2,Wednesday,expand,0.005241908479475778,0.16314433937497008,0.000735237809271096,0.4584,1.745200698080281,5.23560209424083,5.23560209424083
1h,2023-05-18T03:00:00+00:00,2023-05-18T04:00:00+00:00,4,3,Thursday,contract,0.004001911498579608,-0.04763071161269761,-0.00020014703835227656,0.4474,1.4751899865891807,6.4818953956191265,6.4818953956191265
1h,2023-05-18T10:00:00+00:00,2023-05-18T11:00:00+00:00,11,3,Thursday,expand,0.005358597520874727,0.38712188503588885,0.0014954924983942514,0.4687,2.602944314060164,5.269895455515255,5.269895455515255
1h,2023-05-18T17:00:00+00:00,2023-05-18T18:00:00+00:00,18,3,Thursday,expand,0.006031657884503728,0.116286571626673,0.0006283340088843277,0.4514,3.633141338059364,4.209127159946836,5.91493132476739
1h,2023-05-19T12:00:00+00:00,2023-05-19T13:00:00+00:00,13,4,Friday,contract,0.004475536121720654,-0.03922777356994511,-0.00018273354782466673,0.4644,3.3807062876830303,3.3807062876830303,3.3807062876830303
1h,2023-05-19T13:00:00+00:00,2023-05-19T14:00:00+00:00,14,4,Friday,contract,0.004291569255883465,-0.04110498962221798,-0.0001839668658371891,0.4638,3.3850797757654143,3.3850797757654143,3.3850797757654143
1h,2023-05-19T14:00:00+00:00,2023-05-19T15:00:00+00:00,15,4,Friday,expand,0.00486360002332036,0.13329174792010567,0.0005720307674368947,0.4712,3.3319185059422733,3.3319185059422733,3.3319185059422733
1h,2023-05-19T15:00:00+00:00,2023-05-19T16:00:00+00:00,16,4,Friday,expand,0.005637628593083191,0.1591472501956288,0.0007740285697628311,0.4653,1.4184397163120557,1.762303889963473,1.762303889963473
1h,2023-05-20T02:00:00+00:00,2023-05-20T03:00:00+00:00,3,5,Saturday,contract,0.004333802999797101,-0.04141005187215585,-0.00018721561536901108,0.4649,0.8819100881910192,1.7208001720800188,2.2800602280060223
1h,2023-05-20T03:00:00+00:00,2023-05-20T04:00:00+00:00,4,5,Saturday,contract,0.004131388499811594,-0.04670597625110884,-0.00020241449998550758,0.4641,0.8187890540831771,1.723766429648784,2.2839905192846364
1h,2023-05-20T05:00:00+00:00,2023-05-20T06:00:00+00:00,6,5,Saturday,contract,0.0038551257983069375,-0.044883681155547084,-0.00018116352294668707,0.4638,0.5821474773609271,1.487710219922372,2.048296679603267
1h,2023-05-20T08:00:00+00:00,2023-05-20T09:00:00+00:00,9,5,Saturday,contract,0.003442460415043858,-0.04364749661338163,-0.0001571123396187572,0.4645,1.3347685683530641,1.89451022604951,1.89451022604951
1h,2023-05-20T09:00:00+00:00,2023-05-20T10:00:00+00:00,10,5,Saturday,contract,0.003289427528255013,-0.04445450879262913,-0.00015303288678884504,0.4639,1.2287130847165302,1.789178702306526,1.789178702306526
1h,2023-05-21T04:00:00+00:00,2023-05-21T05:00:00+00:00,5,6,Sunday,contract,0.002434308414117396,-0.040457718518793095,-0.00010263910877826186,0.4682,0.5339598462195647,3.374626228107642,4.549337889790685
1h,2023-05-21T15:00:00+00:00,2023-05-21T16:00:00+00:00,16,6,Sunday,expand,0.0028683356727358866,0.2573335697145822,0.0005870511020972407,0.4593,1.0450685826257287,3.9407794469845427,3.9407794469845427
1h,2023-05-21T19:00:00+00:00,2023-05-21T20:00:00+00:00,20,6,Sunday,contract,0.0028361759461945405,-0.04497112141817072,-0.00013355199586111925,0.4584,1.592495636998249,3.948516579406633,3.948516579406633
1h,2023-05-22T00:00:00+00:00,2023-05-22T01:00:00+00:00,1,0,Monday,expand,0.0035840339508657272,0.1802583942176188,0.0005473820037795582,0.4529,1.7001545595054062,3.554868624420402,3.554868624420402
1h,2023-05-22T21:00:00+00:00,2023-05-22T22:00:00+00:00,22,0,Monday,contract,0.0033140327208292415,-0.0446605522042971,-0.00015492559390993966,0.4602,0.9995654063450657,1.9774011299435024,1.9774011299435024
1h,2023-05-24T03:00:00+00:00,2023-05-24T04:00:00+00:00,4,2,Wednesday,expand,0.003005709783696176,0.16016331090016656,0.0004149454012541418,0.4575,0.9836065573770499,4.415300546448087,4.415300546448087
1h,2023-05-24T10:00:00+00:00,2023-05-24T11:00:00+00:00,11,2,Wednesday,contract,0.002927048289366473,-0.04341643465324441,-0.00013284986841280693,0.4545,3.608360836083614,3.608360836083614,3.608360836083614
1h,2023-05-24T13:00:00+00:00,2023-05-24T14:00:00+00:00,14,2,Wednesday,expand,0.0037522321762894135,0.2928015288829382,0.0008498282941315867,0.4501,1.310819817818254,2.6660742057320617,2.8438124861141922
1h,2023-05-25T05:00:00+00:00,2023-05-25T06:00:00+00:00,6,3,Thursday,contract,0.003492056735718548,-0.042036451130305186,-0.00015323513351681115,0.4531,1.5669830059589485,2.0966674023394414,4.855440300154496
1h,2023-05-25T10:00:00+00:00,2023-05-25T11:00:00+00:00,11,3,Thursday,contract,0.003209474700971221,-0.045949076795771315,-0.00015457497699778756,0.4493,1.4244380146895086,4.896505675495219,4.896505675495219
1h,2023-05-25T20:00:00+00:00,2023-05-25T21:00:00+00:00,21,3,Thursday,contract,0.002951320848079505,-0.04126394501110475,-0.00012702468062149828,0.4518,1.9698981850376316,3.8291279327135865,3.8291279327135865
1h,2023-05-26T00:00:00+00:00,2023-05-26T01:00:00+00:00,1,4,Friday,expand,0.0030678929285193326,0.1378612839679878,0.00037170054396005276,0.4594,2.0026121027427046,2.1332172398780966,2.4379625598606856
1h,2023-05-26T01:00:00+00:00,2023-05-26T02:00:00+00:00,2,4,Friday,expand,0.0035059005764822362,0.1427714911075142,0.0004380076479629036,0.4628,1.447709593777018,1.9446845289541936,2.2471910112359597
1h,2023-05-26T15:00:00+00:00,2023-05-26T16:00:00+00:00,16,4,Friday,contract,0.0033362898842909444,-0.04061864079303934,-0.0001412530680223803,0.4629,1.4257939079714832,4.126161157917478,4.126161157917478
1h,2023-05-26T16:00:00+00:00,2023-05-26T17:00:00+00:00,17,4,Friday,contract,0.003176554892555876,-0.04787803136867308,-0.00015973499173506855,0.463,1.7710583153347699,4.125269978401729,4.125269978401729
1h,2023-05-27T04:00:00+00:00,2023-05-27T05:00:00+00:00,5,5,Saturday,expand,0.0041519893916838035,0.24575441070169823,0.0008190777391012486,0.4727,0.8885127988153123,1.6712502644383367,1.6712502644383367
1h,2023-05-27T09:00:00+00:00,2023-05-27T10:00:00+00:00,10,5,Saturday,contract,0.0037219599668412992,-0.04201282001908191,-0.0001632276897570238,0.4714,1.4637250742469279,1.6122189223589298,1.6122189223589298
1h,2023-05-27T10:00:00+00:00,2023-05-27T11:00:00+00:00,11,5,Saturday,contract,0.003570391397781206,-0.04072278326752776,-0.00015156856906009325,0.4721,1.4615547553484467,1.609828426180893,1.609828426180893
1h,2023-05-27T11:00:00+00:00,2023-05-27T12:00:00+00:00,12,5,Saturday,contract,0.0033867920122254056,-0.05142276156891279,-0.0001835993855558004,0.4719,1.4621741894469205,1.6105107014197915,1.6740834922653145
1h,2023-05-27T20:00:00+00:00,2023-05-27T21:00:00+00:00,21,5,Saturday,contract,0.002922742052531894,-0.045776389010670604,-0.00014021092711783865,0.4713,0.9972416719711398,1.0608953957139835,2.3551877784850412
1h,2023-05-28T17:00:00+00:00,2023-05-28T18:00:00+00:00,18,6,Sunday,expand,0.002322719737908956,0.16055300203566536,0.0003213292509300805,0.4766,1.6365925304238298,2.370960973562731,2.5597985732270225
1h,2023-05-28T21:00:00+00:00,2023-05-28T22:00:00+00:00,22,6,Sunday,expand,0.0026947781766560154,0.10417728801467119,0.00025424783256492237,0.4819,1.3073251711973382,1.9298609670055977,3.901224320398431
1h,2023-05-29T17:00:00+00:00,2023-05-29T18:00:00+00:00,18,0,Monday,expand,0.0033544951900988168,0.12791333893925727,0.0003804234469154781,0.4845,3.137254901960783,5.510835913312694,9.597523219814228
1h,2023-05-29T19:00:00+00:00,2023-05-29T20:00:00+00:00,20,0,Monday,expand,0.0042566820771770385,0.24650693962279124,0.000841793686370996,0.4845,2.4355005159958787,4.582043343653262,8.710010319917455
1h,2023-05-30T11:00:00+00:00,2023-05-30T12:00:00+00:00,12,1,Tuesday,contract,0.004766232482333806,-0.04273674965675178,-0.0002127871140256768,0.5023,3.185347401951017,7.147123233127611,7.147123233127611
1h,2023-05-30T15:00:00+00:00,2023-05-30T16:00:00+00:00,16,1,Tuesday,expand,0.005499952257599325,0.13312419527356623,0.0006461575186462037,0.5044,4.698651863600328,5.372720063441716,5.610626486915145
1h,2023-05-30T16:00:00+00:00,2023-05-30T17:00:00+00:00,17,1,Tuesday,expand,0.006785669953485085,0.2337688830133524,0.00128571769588576,0.5185,1.5236258437801387,5.245901639344263,5.535197685631641
1h,2023-05-30T21:00:00+00:00,2023-05-30T22:00:00+00:00,22,1,Tuesday,expand,0.007972350720755002,0.1952148677926322,0.0013021268676342325,0.5198,1.481338976529442,5.1750673335898485,5.252020007695286
1h,2023-05-31T10:00:00+00:00,2023-05-31T11:00:00+00:00,11,2,Wednesday,contract,0.007474817406192377,-0.04308151192550058,-0.00033652441586095195,0.5063,1.7183488050562987,3.8317203239186424,3.8317203239186424
1h,2023-06-01T08:00:00+00:00,2023-06-01T09:00:00+00:00,9,3,Thursday,contract,0.005739095145448047,-0.0391397240027308,-0.00023377654964985492,0.5038,1.0123064708217533,2.5605398967844426,3.6522429535529914
1h,2023-06-01T11:00:00+00:00,2023-06-01T12:00:00+00:00,12,3,Thursday,contract,0.0052098003041360684,-0.043900664018499125,-0.0002392154080104675,0.5053,1.4248961013259418,3.0872748862062256,3.641401147832965
1h,2023-06-02T00:00:00+00:00,2023-06-02T01:00:00+00:00,1,4,Friday,expand,0.004735612263105174,0.11328299350572801,0.0004818759797611417,0.5137,1.8493284017909408,1.9466614755694,3.4066575822464613
1h,2023-06-03T07:00:00+00:00,2023-06-03T08:00:00+00:00,8,5,Saturday,expand,0.004147426818970782,0.19910546361453818,0.0006886594754637854,0.5241,0.7632131272657896,2.1369967563442067,2.251478725434084
1h,2023-06-03T11:00:00+00:00,2023-06-03T12:00:00+00:00,12,5,Saturday,contract,0.0037154768163427943,-0.04195986344498914,-0.00016272898587251904,0.5226,1.1289705319556098,1.8178339073861374,2.449292001530814
1h,2023-06-04T04:00:00+00:00,2023-06-04T05:00:00+00:00,5,6,Sunday,contract,0.0032888292366111678,-0.048701679061624925,-0.00016837147973932124,0.5211,1.4584532719247842,5.296488198042594,5.296488198042594
1h,2023-06-04T10:00:00+00:00,2023-06-04T11:00:00+00:00,11,6,Sunday,contract,0.0029513288679060565,-0.04839772876593773,-0.0001501022206081581,0.5244,1.6018306636155537,4.4813119755911455,4.4813119755911455
1h,2023-06-04T11:00:00+00:00,2023-06-04T12:00:00+00:00,12,6,Sunday,contract,0.0028119482344841954,-0.04722639856830002,-0.00013938063342186112,0.5244,2.822273073989328,4.4813119755911455,4.4813119755911455
1h,2023-06-04T14:00:00+00:00,2023-06-04T15:00:00+00:00,15,6,Sunday,expand,0.003037336104650783,0.1338972326553054,0.0003586664534883958,0.53,2.00000000000001,3.6792452830188607,3.6792452830188607
1h,2023-06-04T15:00:00+00:00,2023-06-04T16:00:00+00:00,16,6,Sunday,expand,0.0035775263828900167,0.17785001712918502,0.0005401902782392336,0.5357,1.5307074855329657,3.6400970692551735,8.456225499346651
1h,2023-06-05T15:00:00+00:00,2023-06-05T16:00:00+00:00,16,0,Monday,expand,0.007609838606009748,0.39457362474421753,0.0021530893379992557,0.5039,5.913871799960308,6.350466362373481,6.429847191903162
1h,2023-06-05T16:00:00+00:00,2023-06-05T17:00:00+00:00,17,0,Monday,expand,0.009194850134151908,0.20828451301062034,0.0015850115281421592,0.5044,3.628072957969862,4.698651863600306,5.0555114988104615
1h,2023-06-05T22:00:00+00:00,2023-06-05T23:00:00+00:00,23,0,Monday,contract,0.0087533627810765,-0.04732943518986821,-0.00043487406008280854,0.505,2.019801980198017,3.6633663366336666,7.346534653465339
1h,2023-06-06T09:00:00+00:00,2023-06-06T10:00:00+00:00,10,1,Tuesday,contract,0.006791645973538742,-0.044290010512604394,-0.0003147419979645247,0.5098,3.1188701451549563,7.2773636720282395,8.336602589250694
1h,2023-06-07T04:00:00+00:00,2023-06-07T05:00:00+00:00,5,2,Wednesday,contract,0.006211748359691231,-0.040536678654167546,-0.00026244218151471634,0.5287,2.534518630603382,5.939095895592962,5.939095895592962
1h,2023-06-07T18:00:00+00:00,2023-06-07T19:00:00+00:00,19,2,Wednesday,contract,0.007615416988885814,-0.03897863739118246,-0.00030887822991429014,0.5152,2.562111801242234,2.562111801242234,2.562111801242234
1h,2023-06-09T13:00:00+00:00,2023-06-09T14:00:00+00:00,14,4,Friday,expand,0.00449533294549344,0.09983440057808979,0.0004080513118851223,0.5359,2.0899421533868234,13.062138458667672,13.062138458667672
1h,2023-06-10T02:00:00+00:00,2023-06-10T03:00:00+00:00,3,5,Saturday,expand,0.006126852587279555,0.13176588349005747,0.0007133190317477238,0.5261,11.005512260026624,11.005512260026624,11.005512260026624
1h,2023-06-10T04:00:00+00:00,2023-06-10T05:00:00+00:00,5,5,Saturday,expand,0.008506826975766551,0.3603292315171389,0.002253321001864106,0.4994,7.2887464957949515,7.40889066880257,8.329995995194249
1h,2023-06-10T05:00:00+00:00,2023-06-10T06:00:00+00:00,6,5,Saturday,expand,0.01049919647749751,0.23420830203866072,0.0019923695017309596,0.4806,2.6425301706200557,5.701206824802326,6.658343736995429
1h,2023-06-10T09:00:00+00:00,2023-06-10T10:00:00+00:00,10,5,Saturday,contract,0.009685070038364385,-0.044654573585995005,-0.0004526976952588021,0.4898,1.8987341772151962,6.533278889342594,6.533278889342594
1h,2023-06-10T11:00:00+00:00,2023-06-10T12:00:00+00:00,12,5,Saturday,contract,0.008982534880018276,-0.03934445861809155,-0.00036788729846293916,0.495,1.8383838383838378,6.46464646464647,6.46464646464647
1h,2023-06-10T14:00:00+00:00,2023-06-10T15:00:00+00:00,15,5,Saturday,contract,0.008227926068294514,-0.04147222913713655,-0.00035599431294573193,0.4922,5.5668427468508686,6.501422186103216,6.501422186103216
1h,2023-06-10T16:00:00+00:00,2023-06-10T17:00:00+00:00,17,5,Saturday,contract,0.007742446456845781,-0.040444985695936575,-0.0003263420351419825,0.4877,5.618207914701657,6.561410703301215,7.402091449661681
1h,2023-06-10T17:00:00+00:00,2023-06-10T18:00:00+00:00,18,5,Saturday,expand,0.009146557424213938,0.18135236390645737,0.001404110967368157,0.5056,3.0261075949367156,3.9556962025316595,5.458860759493673
1h,2023-06-10T20:00:00+00:00,2023-06-10T21:00:00+00:00,21,5,Saturday,contract,0.008844127791908903,-0.04915842273336335,-0.00045724059937760596,0.5038,2.163556967050421,2.163556967050421,5.696705041683197
1h,2023-06-11T03:00:00+00:00,2023-06-11T04:00:00+00:00,4,6,Sunday,contract,0.007141238564660249,-0.03973256368478062,-0.0002954798895892516,0.5053,1.0488818523649261,5.402731050860873,5.402731050860873
1h,2023-06-11T05:00:00+00:00,2023-06-11T06:00:00+00:00,6,6,Sunday,contract,0.006636578150140718,-0.04151195667004304,-0.00028742908847237056,0.5052,0.8313539192399013,5.186064924782265,5.186064924782265
1h,2023-06-11T06:00:00+00:00,2023-06-11T07:00:00+00:00,7,6,Sunday,contract,0.006369679710844954,-0.04021627309400477,-0.0002668984392957645,0.507,0.8086785009861918,5.167652859960552,5.167652859960552
1h,2023-06-11T07:00:00+00:00,2023-06-11T08:00:00+00:00,8,6,Sunday,contract,0.006114702588641744,-0.04002981841757092,-0.00025497712220320934,0.5055,1.266073194856592,5.182987141444116,5.182987141444116
1h,2023-06-13T11:00:00+00:00,2023-06-13T12:00:00+00:00,12,1,Tuesday,expand,0.007377371679984737,0.34920525652878953,0.001909432947693474,0.5614,10.313501959387237,10.313501959387237,12.041325258282853
1h,2023-06-13T12:00:00+00:00,2023-06-13T13:00:00+00:00,13,1,Tuesday,expand,0.00958613084570011,0.299396487194467,0.002208759165715374,0.5359,6.232506064564281,6.232506064564281,8.042545250979655
1h,2023-06-13T21:00:00+00:00,2023-06-13T22:00:00+00:00,22,1,Tuesday,contract,0.009110602711174939,-0.039810822030099446,-0.0003777386700903815,0.521,2.2456813819577817,5.105566218809983,12.034548944337818
1h,2023-06-13T23:00:00+00:00,2023-06-14T00:00:00+00:00,0,2,Wednesday,contract,0.008443325807084517,-0.04392889874945094,-0.00038794813900649636,0.5189,1.88861052225863,4.760069377529389,11.717093852380039
1h,2023-06-14T02:00:00+00:00,2023-06-14T03:00:00+00:00,3,2,Wednesday,contract,0.007813260494957975,-0.0514845887665244,-0.0004240969611506145,0.5167,2.167602090187727,4.915811883104311,11.225082252757884
1h,2023-06-14T04:00:00+00:00,2023-06-14T05:00:00+00:00,5,2,Wednesday,contract,0.007192046039019889,-0.05164941725747774,-0.0003916958491553763,0.5153,3.9588589171356547,10.964486706772764,10.964486706772764
1h,2023-06-14T12:00:00+00:00,2023-06-14T13:00:00+00:00,13,2,Wednesday,contract,0.0065736937651981655,-0.04550000934604015,-0.00031336105886140084,0.508,1.6141732283464538,9.70472440944881,9.70472440944881
1h,2023-06-14T14:00:00+00:00,2023-06-14T15:00:00+00:00,15,2,Wednesday,contract,0.0063441543179514805,-0.044534710863299076,-0.00029570417830395573,0.5042,2.9551765172550626,9.420864736215796,9.420864736215796
1h,2023-06-14T16:00:00+00:00,2023-06-14T17:00:00+00:00,17,2,Wednesday,contract,0.005958990202723469,-0.04627824280813886,-0.00028915309251719215,0.502,9.46215139442232,9.46215139442232,9.46215139442232
1h,2023-06-14T18:00:00+00:00,2023-06-14T19:00:00+00:00,19,2,Wednesday,expand,0.0066865782870421785,0.10434764322649936,0.0006318016702275267,0.5038,9.289400555776103,9.289400555776103,9.289400555776103
1h,2023-06-14T20:00:00+00:00,2023-06-14T21:00:00+00:00,21,2,Wednesday,expand,0.009258835359745556,0.3815398856344654,0.0025570126646349608,0.4668,4.177377892030852,4.477292202227941,4.477292202227941
1h,2023-06-15T22:00:00+00:00,2023-06-15T23:00:00+00:00,23,3,Thursday,contract,0.006285521258656544,-0.04539303654014637,-0.0002988862506658873,0.4794,1.2724238631622966,6.111806424697537,6.111806424697537
1h,2023-06-15T23:00:00+00:00,2023-06-16T00:00:00+00:00,0,4,Friday,contract,0.0059722697401810776,-0.049836999285309824,-0.0003132515184754662,0.4798,1.5214672780325196,6.106711129637348,6.106711129637348
1h,2023-06-16T04:00:00+00:00,2023-06-16T05:00:00+00:00,5,4,Friday,contract,0.005137719307135892,-0.03937574127006538,-0.00021059379285660613,0.4799,1.4169618670556308,6.10543863304855,6.10543863304855
1h,2023-06-16T08:00:00+00:00,2023-06-16T09:00:00+00:00,9,4,Friday,contract,0.004644455464678988,-0.041960579897331374,-0.00020341965112915215,0.4771,5.3028715154055845,5.323831481869636,6.916788933137713
1h,2023-06-16T11:00:00+00:00,2023-06-16T12:00:00+00:00,12,4,Friday,expand,0.005809318023287081,0.24765521156149028,0.0011531293828240738,0.4626,3.1993082576740237,5.036748811067874,7.133592736705584
1h,2023-06-16T14:00:00+00:00,2023-06-16T15:00:00+00:00,15,4,Friday,expand,0.006449843912959811,0.11060129503368454,0.0006423196990030938,0.4644,3.5099052540912967,5.59862187769165,5.59862187769165
1h,2023-06-16T22:00:00+00:00,2023-06-16T23:00:00+00:00,23,4,Friday,contract,0.005820449254203009,-0.045662992610041586,-0.00027849609647715573,0.4727,1.2693039983075958,3.6809815950920304,3.6809815950920304
1h,2023-06-17T09:00:00+00:00,2023-06-17T10:00:00+00:00,10,5,Saturday,contract,0.005044956329215319,-0.041575065729004046,-0.00021884279455502628,0.4813,1.4336172865156787,1.9945979638479112,3.4074381882401883
1h,2023-06-17T13:00:00+00:00,2023-06-17T14:00:00+00:00,14,5,Saturday,contract,0.004667641027663437,-0.03907773969547801,-0.00018981854058949723,0.4805,1.602497398543181,1.9771071800208133,3.9542143600416266
1h,2023-06-17T20:00:00+00:00,2023-06-17T21:00:00+00:00,21,5,Saturday,contract,0.004038909769797954,-0.03914210033657928,-0.00016453152075369265,0.4805,1.706555671175867,3.4131113423517228,4.953173777315305
1h,2023-06-17T21:00:00+00:00,2023-06-17T22:00:00+00:00,22,5,Saturday,contract,0.003857559071955243,-0.04490090350589415,-0.00018135069784271096,0.4799,1.708689310272982,3.9591581579495765,4.959366534694737
1h,2023-06-18T03:00:00+00:00,2023-06-18T04:00:00+00:00,4,6,Sunday,contract,0.0036017553998739385,-0.04295909313825008,-0.00016167349229799554,0.4807,0.9777407946744294,3.952569169960466,3.9733721655918464
1h,2023-06-18T09:00:00+00:00,2023-06-18T10:00:00+00:00,10,6,Sunday,expand,0.0036962753986314817,0.1427831340845862,0.0004618249693360385,0.4878,2.0500205002050036,3.382533825338256,3.382533825338256
1h,2023-06-18T20:00:00+00:00,2023-06-18T21:00:00+00:00,21,6,Sunday,expand,0.0045927381116922334,0.12655609030135406,0.0005159432221775225,0.4896,1.9812091503267948,2.777777777777778,3.4926470588235303
1h,2023-06-20T04:00:00+00:00,2023-06-20T05:00:00+00:00,5,1,Tuesday,contract,0.004003489028928074,-0.04238340243255778,-0.00017719146376369947,0.4899,1.8166972851602292,4.551949377423961,6.144111043070006
1h,2023-06-20T22:00:00+00:00,2023-06-20T23:00:00+00:00,23,1,Tuesday,contract,0.0046174971865843165,-0.04178304465364102,-0.00020134593742956314,0.4916,2.502034174125301,2.908868999186326,2.908868999186326
1h,2023-06-22T02:00:00+00:00,2023-06-22T03:00:00+00:00,3,3,Thursday,expand,0.006119785109281911,0.22439042724836522,0.0011215549915937033,0.5191,2.446542092082459,8.437680601040263,8.437680601040263
1h,2023-06-22T11:00:00+00:00,2023-06-22T12:00:00+00:00,12,3,Thursday,expand,0.0075112183457497475,0.3402385812608302,0.0019068293580192458,0.4931,3.346177245994719,3.346177245994719,3.346177245994719
1h,2023-06-22T18:00:00+00:00,2023-06-22T19:00:00+00:00,19,3,Thursday,contract,0.006893627526687567,-0.0395841435895955,-0.00028412519436057937,0.4976,1.3665594855305412,2.230707395498381,3.8183279742765306
1h,2023-06-22T19:00:00+00:00,2023-06-22T20:00:00+00:00,20,3,Thursday,contract,0.006608368417638456,-0.04138011633857164,-0.00028525910904911127,0.4987,1.3434930820132311,2.2257870463204217,3.850010026067775
1h,2023-06-23T11:00:00+00:00,2023-06-23T12:00:00+00:00,12,4,Friday,contract,0.004722926745515584,-0.04395646080199611,-0.00021714821119350573,0.4921,3.1904084535663464,3.901646006909164,3.901646006909164
1h,2023-06-23T20:00:00+00:00,2023-06-23T21:00:00+00:00,21,4,Friday,contract,0.005480296458799443,-0.04401655624615697,-0.00025233049683073133,0.5,2.5600000000000067,2.5600000000000067,5.080000000000007
1h,2023-06-24T02:00:00+00:00,2023-06-24T03:00:00+00:00,3,5,Saturday,contract,0.005260567101346122,-0.04550817689654996,-0.0002508128539497022,0.4929,0.8520998174071783,3.9156015418949046,3.9156015418949046
1h,2023-06-24T03:00:00+00:00,2023-06-24T04:00:00+00:00,4,5,Saturday,contract,0.004991955165535684,-0.05106140281752192,-0.000268611935810438,0.4918,1.3013420089467183,3.9243594957299686,3.9243594957299686
1h,2023-06-24T09:00:00+00:00,2023-06-24T10:00:00+00:00,10,5,Saturday,contract,0.004330816257549486,-0.04138867990523454,-0.00018698586596534433,0.491,1.0386965376782065,3.849287169042764,3.8696537678207776
1h,2023-06-24T10:00:00+00:00,2023-06-24T11:00:00+00:00,11,5,Saturday,contract,0.004142900810581664,-0.043390306998189576,-0.00018791544696782243,0.492,1.0365853658536572,3.841463414634141,3.9227642276422734
1h,2023-06-24T15:00:00+00:00,2023-06-24T16:00:00+00:00,16,5,Saturday,expand,0.004669919844899625,0.22696715543961532,0.0008638523196231075,0.4838,1.8396031417941339,2.4803637866887165,3.6378668871434483
1h,2023-06-24T18:00:00+00:00,2023-06-24T19:00:00+00:00,19,5,Saturday,contract,0.004371142091561396,-0.044896170713407235,-0.0002054724685816474,0.4862,1.2957630604689485,2.468120115178941,3.085150143973676
1h,2023-06-26T03:00:00+00:00,2023-06-26T04:00:00+00:00,4,0,Monday,contract,0.0038278569436243637,-0.04100707377151047,-0.00016368130335571787,0.484,1.2809917355371867,3.904958677685945,3.904958677685945
1h,2023-06-26T16:00:00+00:00,2023-06-26T17:00:00+00:00,17,0,Monday,expand,0.004700094630544353,0.22936823935768014,0.0008769157976504299,0.475,1.663157894736846,2.3368421052631576,2.7578947368421054
1h,2023-06-28T07:00:00+00:00,2023-06-28T08:00:00+00:00,8,2,Wednesday,expand,0.0036661234888912824,0.12072400992547205,0.0003949135777775916,0.4731,1.0779961953075445,7.757345170154303,7.757345170154303
1h,2023-06-28T19:00:00+00:00,2023-06-28T20:00:00+00:00,20,2,Wednesday,expand,0.005652108378176313,0.5330304385262858,0.001965222432447976,0.4591,2.1999564365062194,3.5939882378566796,4.138531910259206
1h,2023-06-28T22:00:00+00:00,2023-06-28T23:00:00+00:00,23,2,Wednesday,contract,0.005306334587045684,-0.04837078538313577,-0.0002697180451573626,0.4644,1.2058570198105187,2.583979328165377,3.4453057708871695
1h,2023-06-29T04:00:00+00:00,2023-06-29T05:00:00+00:00,5,3,Thursday,contract,0.004603902131786529,-0.04015583346433427,-0.00019260785629126795,0.4672,0.8133561643835672,2.8253424657534225,4.045376712328761
1h,2023-06-29T05:00:00+00:00,2023-06-29T06:00:00+00:00,6,3,Thursday,contract,0.0044179091223732056,-0.04039899287371451,-0.00018599300941332317,0.4661,1.1156404205106163,2.832010298219264,4.054923836086671
1h,2023-06-29T08:00:00+00:00,2023-06-29T09:00:00+00:00,9,3,Thursday,contract,0.004041343419042981,-0.04786880183110476,-0.00020318026300330475,0.4674,1.2195121951219476,2.075310226786476,3.2948224219084237
1h,2023-06-29T09:00:00+00:00,2023-06-29T10:00:00+00:00,10,3,Thursday,contract,0.003874104603397052,-0.04138198571739604,-0.00016723881564592894,0.4687,1.1094516748453132,2.0695540857691457,3.285683806272662
1h,2023-06-30T13:00:00+00:00,2023-06-30T14:00:00+00:00,14,4,Friday,expand,0.006351752088606819,0.4952192130474329,0.0021037113777994717,0.4623,3.41769413800562,3.958468526930561,3.958468526930561
1h,2023-06-30T15:00:00+00:00,2023-06-30T16:00:00+00:00,16,4,Friday,contract,0.006133908688645678,-0.04128548459068504,-0.0002641468222035117,0.4645,3.444564047362759,3.444564047362759,3.444564047362759
1h,2023-07-01T03:00:00+00:00,2023-07-01T04:00:00+00:00,4,5,Saturday,contract,0.005334735981960914,-0.03926972063673484,-0.0002180566139969968,0.4691,1.6414410573438465,2.34491579620549,6.565764229375398
1h,2023-07-01T07:00:00+00:00,2023-07-01T08:00:00+00:00,8,5,Saturday,contract,0.004984803060724324,-0.042619597715204294,-0.00022190792774802546,0.4706,0.7437314067148327,1.6787080322991845,5.886102847428814
1h,2023-07-01T20:00:00+00:00,2023-07-01T21:00:00+00:00,21,5,Saturday,contract,0.003453239834283404,-0.047793461438532914,-0.00017332614109872094,0.474,1.0337552742616067,5.569620253164564,5.569620253164564
1h,2023-07-02T02:00:00+00:00,2023-07-02T03:00:00+00:00,3,6,Sunday,expand,0.0040138333638723095,0.26362799436753126,0.0008373974335482855,0.4827,4.122643463849188,4.122643463849188,4.122643463849188
1h,2023-07-02T03:00:00+00:00,2023-07-02T04:00:00+00:00,4,6,Sunday,expand,0.0047699881235957154,0.18838718281864897,0.0007561547597234059,0.4934,3.5670855289825707,3.5670855289825707,3.5670855289825707
1h,2023-07-02T04:00:00+00:00,2023-07-02T05:00:00+00:00,5,6,Sunday,expand,0.005686417543338879,0.1921240464331262,0.0009164294197431637,0.4832,1.117549668874164,3.352649006622515,3.352649006622515
1h,2023-07-02T21:00:00+00:00,2023-07-02T22:00:00+00:00,22,6,Sunday,contract,0.004794783481672347,-0.04144101337870432,-0.00020729103705172027,0.4828,1.3463131731565876,1.8227009113504504,2.692626346313164
1h,2023-07-04T11:00:00+00:00,2023-07-04T12:00:00+00:00,12,1,Tuesday,contract,0.0036800101394934017,-0.045490895489396665,-0.00017538539534565,0.4882,1.761573125768127,2.150757886112251,5.469070053256862
1h,2023-07-05T10:00:00+00:00,2023-07-05T11:00:00+00:00,11,2,Wednesday,expand,0.004650397716266729,0.3492780690570936,0.0012038155602871734,0.4751,0.9892654178067737,2.02062723637129,3.1151336560724014
1h,2023-07-05T14:00:00+00:00,2023-07-05T15:00:00+00:00,15,2,Wednesday,contract,0.004362039493291704,-0.04322763704643606,-0.00019707996102243715,0.4758,1.6603614964270625,2.7532576712904584,4.875998318621269
1h,2023-07-05T18:00:00+00:00,2023-07-05T19:00:00+00:00,19,2,Wednesday,contract,0.004163658630984597,-0.04353429020767552,-0.00018951220238343225,0.477,0.6498951781970632,2.243186582809222,4.863731656184486
1h,2023-07-05T19:00:00+00:00,2023-07-05T20:00:00+00:00,20,2,Wednesday,contract,0.003994825871628552,-0.04054913582483599,-0.0001688327593560449,0.4763,0.7138358177619177,2.2884736510602606,4.870879697669536
1h,2023-07-05T22:00:00+00:00,2023-07-05T23:00:00+00:00,23,2,Wednesday,contract,0.0035927596355568255,-0.04092023605464634,-0.00015328920273514077,0.4776,1.1515912897822456,4.857621440536013,4.857621440536013
1h,2023-07-06T14:00:00+00:00,2023-07-06T15:00:00+00:00,15,3,Thursday,expand,0.004446649413693287,0.11481187293944517,0.0004579500451005183,0.4647,1.291155584247903,3.0342156229825696,3.0342156229825696
1h,2023-07-06T17:00:00+00:00,2023-07-06T18:00:00+00:00,18,3,Thursday,contract,0.004377182493398013,-0.04332815148417457,-0.0001982448071844653,0.4671,0.7493042175123106,3.0186255619781632,3.0186255619781632
1h,2023-07-07T03:00:00+00:00,2023-07-07T04:00:00+00:00,4,4,Friday,contract,0.00413823853879487,-0.04505588427050666,-0.00019524911836883707,0.4684,1.900085397096491,1.900085397096491,1.900085397096491
1h,2023-07-07T04:00:00+00:00,2023-07-07T05:00:00+00:00,5,4,Friday,contract,0.0039355072145952335,-0.04898976274544942,-0.00020273132419963615,0.4688,1.8984641638225177,1.8984641638225177,1.8984641638225177
1h,2023-07-07T11:00:00+00:00,2023-07-07T12:00:00+00:00,12,4,Friday,contract,0.003617548452413187,-0.04308717519435479,-0.00016288834249332182,0.4658,1.2022327179046788,1.3525118076427594,1.3525118076427594
1h,2023-07-07T21:00:00+00:00,2023-07-07T22:00:00+00:00,22,4,Friday,contract,0.003003009258244908,-0.03944205860798211,-0.00012330840448038054,0.4665,0.5359056806002148,0.8145766345123194,2.1436227224008593
1h,2023-07-07T22:00:00+00:00,2023-07-07T23:00:00+00:00,23,4,Friday,contract,0.0028742228826559887,-0.04288577374023417,-0.00012878637558891943,0.4674,0.53487376979033,0.8130081300812945,2.13949507916132
1h,2023-07-07T23:00:00+00:00,2023-07-08T00:00:00+00:00,0,5,Saturday,contract,0.0027546355338948455,-0.04160684596966113,-0.00011958734876114322,0.4683,0.5338458253256464,1.0676916506512928,2.1353833013025856
1h,2023-07-08T10:00:00+00:00,2023-07-08T11:00:00+00:00,11,5,Saturday,contract,0.0021133337880072382,-0.042296078971913786,-9.333336830824818e-05,0.4674,0.5776636713735634,1.9897304236200324,1.9897304236200324
1h,2023-07-08T16:00:00+00:00,2023-07-08T17:00:00+00:00,17,5,Saturday,expand,0.00242032873578896,0.12033893975010179,0.00025997471263162087,0.4703,1.0844142036997648,1.0844142036997648,1.2119923453114996
1h,2023-07-08T23:00:00+00:00,2023-07-09T00:00:00+00:00,0,6,Sunday,contract,0.0024402448449417124,-0.04053556854013585,-0.00010309575730320939,0.4702,0.5104210974053505,1.1697150148872713,1.1697150148872713
1h,2023-07-09T04:00:00+00:00,2023-07-09T05:00:00+00:00,5,6,Sunday,contract,0.0021511526618613946,-0.042824027367739936,-9.624251245087543e-05,0.4699,0.5533092147265357,1.1066184294530714,2.000425622472871
1h,2023-07-09T14:00:00+00:00,2023-07-09T15:00:00+00:00,15,6,Sunday,expand,0.0020574260770422187,0.10504782644917698,0.0001955826094582904,0.4692,0.6820119352088619,2.0034100596760482,2.5362318840579756
1h,2023-07-10T00:00:00+00:00,2023-07-10T01:00:00+00:00,1,0,Monday,expand,0.002394921921022576,0.16046416262637742,0.00033115985222903575,0.4654,1.117318435754186,2.1701761925225607,3.502363558229476
1h,2023-07-11T04:00:00+00:00,2023-07-11T05:00:00+00:00,5,1,Tuesday,contract,0.0025958870251309015,-0.04244564065374712,-0.00011506823270237762,0.4763,0.6508503044299794,1.4486668066344661,1.4486668066344661
1h,2023-07-11T22:00:00+00:00,2023-07-11T23:00:00+00:00,23,1,Tuesday,contract,0.002118054689570245,-0.039020829719270345,-8.600420689001877e-05,0.4759,0.7774742592981679,1.744063878966164,2.752679134271906
1h,2023-07-12T04:00:00+00:00,2023-07-12T05:00:00+00:00,5,2,Wednesday,contract,0.0019725755395963167,-0.04372661929218424,-9.019811843048427e-05,0.4748,0.737152485256951,2.7590564448188712,2.7590564448188712
1h,2023-07-12T13:00:00+00:00,2023-07-12T14:00:00+00:00,14,2,Wednesday,expand,0.0023090875005757024,0.11066295183957453,0.00023007019226340547,0.4726,1.5023275497249249,2.0736352094794817,2.137113838341091
1h,2023-07-12T19:00:00+00:00,2023-07-12T20:00:00+00:00,20,2,Wednesday,expand,0.0028416846176930817,0.16229495318048381,0.0003967934909466864,0.468,0.7905982905982866,1.3888888888888782,106.30341880341878
1h,2023-07-13T15:00:00+00:00,2023-07-13T16:00:00+00:00,16,3,Thursday,expand,0.014266281674252246,6.017635034282006,0.012233362948134444,0.5919,64.70687616151378,64.70687616151378,64.70687616151378
1h,2023-07-13T16:00:00+00:00,2023-07-13T17:00:00+00:00,17,3,Thursday,expand,0.01608297584037709,0.1273418125063106,0.0018166941661248437,0.6122,57.905913100294015,57.905913100294015,57.905913100294015
1h,2023-07-13T17:00:00+00:00,2023-07-13T18:00:00+00:00,18,3,Thursday,expand,0.025612763280350153,0.5925388146171351,0.009529787439973063,0.7444,30.93766792047286,32.64373992477163,35.330467490596455
1h,2023-07-13T18:00:00+00:00,2023-07-13T19:00:00+00:00,19,3,Thursday,expand,0.04023328018889657,0.5708293458427083,0.014620516908546415,0.7884,14.687975646879758,20.332318619989852,27.359208523592088
1h,2023-07-13T19:00:00+00:00,2023-07-13T20:00:00+00:00,20,3,Thursday,expand,0.0446666173182611,0.1101907949973222,0.0044333371293645285,0.8218,8.238014115356545,13.652956923825757,20.394256510099794
1h,2023-07-13T23:00:00+00:00,2023-07-14T00:00:00+00:00,0,4,Friday,contract,0.04232947879078652,-0.03966662286711953,-0.0017484214454451183,0.8154,12.901643365219535,12.901643365219535,19.695854795192552
1h,2023-07-14T06:00:00+00:00,2023-07-14T07:00:00+00:00,7,4,Friday,contract,0.038855552904349035,-0.04509746076374532,-0.0018350425311037671,0.787,5.120711562897077,18.132147395171543,18.132147395171543
1h,2023-07-14T22:00:00+00:00,2023-07-14T23:00:00+00:00,23,4,Friday,contract,0.031193280705262203,-0.0514455570517145,-0.0016917908234817085,0.7182,4.720133667502094,6.237816764132563,6.237816764132563
1h,2023-07-14T23:00:00+00:00,2023-07-15T00:00:00+00:00,0,5,Saturday,contract,0.029715189226314907,-0.04738493180353254,-0.0014780914789472958,0.7177,6.242162463424838,6.242162463424838,6.242162463424838
1h,2023-07-15T05:00:00+00:00,2023-07-15T06:00:00+00:00,6,5,Saturday,contract,0.026579751819272777,-0.043143281241430964,-0.0011984424476363664,0.7185,2.8531663187195493,4.620737647877523,5.02435629784273
1h,2023-07-15T07:00:00+00:00,2023-07-15T08:00:00+00:00,8,5,Saturday,contract,0.024702439068658672,-0.046334591277597426,-0.0012001876206660482,0.725,2.634482758620675,4.579310344827587,4.9793103448275895
1h,2023-07-15T09:00:00+00:00,2023-07-15T10:00:00+00:00,10,5,Saturday,contract,0.022897001033690384,-0.04887876432726823,-0.001176692387206947,0.7196,2.4319066147859867,4.613674263479712,5.016675931072821
1h,2023-07-15T14:00:00+00:00,2023-07-15T15:00:00+00:00,15,5,Saturday,contract,0.019107254240796238,-0.04647670543709326,-0.0009313272492920202,0.7221,4.265337210912623,4.666943636615437,11.189585929926617
1h,2023-07-15T15:00:00+00:00,2023-07-15T16:00:00+00:00,16,5,Saturday,contract,0.018271021795025075,-0.04376518128835627,-0.0008362324457711623,0.723,4.260027662517296,4.661134163208861,11.244813278008305
1h,2023-07-15T22:00:00+00:00,2023-07-15T23:00:00+00:00,23,5,Saturday,contract,0.015822044299110875,-0.03933538169427031,-0.0006478495614700708,0.7139,4.104216276789465,11.31811178036141,12.87295139375264
1h,2023-07-15T23:00:00+00:00,2023-07-16T00:00:00+00:00,0,6,Sunday,contract,0.015113326849174385,-0.044793039163486426,-0.0007087174499364902,0.7144,4.1013437849944,11.38017917133259,12.863941769316922
1h,2023-07-16T04:00:00+00:00,2023-07-16T05:00:00+00:00,5,6,Sunday,contract,0.014464020508215521,-0.04209972908643622,-0.0006356938852473491,0.7117,1.3348320921736778,11.21258957425883,11.21258957425883
1h,2023-07-16T05:00:00+00:00,2023-07-16T06:00:00+00:00,6,6,Sunday,contract,0.01380944761477156,-0.04525525202844982,-0.0006545728934439603,0.7135,1.6678346180798906,11.044148563419775,11.044148563419775
1h,2023-07-16T07:00:00+00:00,2023-07-16T08:00:00+00:00,8,6,Sunday,contract,0.012728044116818335,-0.052281959228524966,-0.0007021572397552609,0.7149,6.840117498950894,10.672821373618694,10.672821373618694
1h,2023-07-16T08:00:00+00:00,2023-07-16T09:00:00+00:00,9,6,Sunday,contract,0.012226040965617028,-0.03944071426795104,-0.0005020031512013075,0.718,6.476323119777157,10.292479108635108,10.292479108635108
1h,2023-07-16T10:00:00+00:00,2023-07-16T11:00:00+00:00,11,6,Sunday,expand,0.014070412873414678,0.18710089330736834,0.0022176605481988663,0.7387,6.159469338026275,9.462569378638158,9.936374712332478
1h,2023-07-16T19:00:00+00:00,2023-07-16T20:00:00+00:00,20,6,Sunday,expand,0.01859620347397,0.1564424278073704,0.0025156766558484638,0.7417,3.303222327086433,6.107590670082244,7.442362141027373
1h,2023-07-17T03:00:00+00:00,2023-07-17T04:00:00+00:00,4,0,Monday,contract,0.015476625096062699,-0.04088531537617224,-0.0006597403920048216,0.7567,1.7840623761067738,7.294832826747724,7.294832826747724
1h,2023-07-17T06:00:00+00:00,2023-07-17T07:00:00+00:00,7,0,Monday,contract,0.014163719145790723,-0.04740866626686224,-0.0007049014727531326,0.7478,5.081572612998118,7.381652848355179,7.381652848355179
1h,2023-07-17T14:00:00+00:00,2023-07-17T15:00:00+00:00,15,0,Monday,contract,0.013590699008366517,-0.039629871634055513,-0.0005608230006435809,0.7425,7.434343434343438,7.434343434343438,8.013468013468012
1h,2023-07-17T16:00:00+00:00,2023-07-17T17:00:00+00:00,17,0,Monday,expand,0.01563534761435685,0.1769864558641543,0.002351127106587936,0.731,3.748290013679888,5.731874145006832,8.139534883720929
1h,2023-07-17T23:00:00+00:00,2023-07-18T00:00:00+00:00,0,1,Tuesday,contract,0.013838649389554295,-0.05334977457767931,-0.0007798961068887882,0.737,1.9945725915875234,5.508819538670281,7.381275440976934
1h,2023-07-18T01:00:00+00:00,2023-07-18T02:00:00+00:00,2,1,Tuesday,contract,0.01283638646344223,-0.04156229375053211,-0.0005566451125724754,0.7393,1.7313675098065786,5.491681320167722,7.912890572162857
1h,2023-07-18T02:00:00+00:00,2023-07-18T03:00:00+00:00,3,1,Tuesday,contract,0.012198073144624929,-0.04972686983484065,-0.0006383133188173021,0.7388,3.11315646995126,5.4953979426096335,9.461288576069297
1h,2023-07-20T19:00:00+00:00,2023-07-20T20:00:00+00:00,20,3,Thursday,contract,0.01357668957754475,-0.04168180088328843,-0.0005905145828880558,0.7924,4.11408379606259,5.666330136294793,5.666330136294793
1h,2023-07-20T22:00:00+00:00,2023-07-20T23:00:00+00:00,23,3,Thursday,contract,0.014424229956948182,-0.04930170574931103,-0.0007480176889960184,0.7997,2.025759659872451,5.214455420782789,5.214455420782789
1h,2023-07-21T04:00:00+00:00,2023-07-21T05:00:00+00:00,5,4,Friday,contract,0.01200481237811561,-0.04060317840255401,-0.0005080624906242809,0.792,2.436868686868685,4.419191919191909,4.419191919191909
1h,2023-07-21T20:00:00+00:00,2023-07-21T21:00:00+00:00,21,4,Friday,contract,0.010203870251976204,-0.04261055207183495,-0.00045414386553663255,0.7816,2.4181166837256947,2.5716479017400213,5.488741044012289
1h,2023-07-22T03:00:00+00:00,2023-07-22T04:00:00+00:00,4,5,Saturday,contract,0.009149354772154459,-0.041496612561912505,-0.0003961042132426505,0.7744,0.8264462809917306,5.087809917355371,8.445247933884286
1h,2023-07-22T06:00:00+00:00,2023-07-22T07:00:00+00:00,7,5,Saturday,contract,0.008182847097093058,-0.04216507317862683,-0.0003602190074686925,0.7717,2.1510949850978287,5.105610988726187,8.474795905144473
1h,2023-07-22T18:00:00+00:00,2023-07-22T19:00:00+00:00,19,5,Saturday,expand,0.00897020385500949,0.17101132841702027,0.0013099843188454268,0.7463,1.581133592389124,5.319576577783728,5.319576577783728
1h,2023-07-22T21:00:00+00:00,2023-07-22T22:00:00+00:00,22,5,Saturday,contract,0.008481610010734641,-0.039057964072128915,-0.0003447392315949725,0.7529,5.14012485057776,5.14012485057776,5.14012485057776
1h,2023-07-22T23:00:00+00:00,2023-07-23T00:00:00+00:00,0,6,Sunday,expand,0.010006082101092625,0.19464470602939676,0.0016303013768390294,0.7326,3.1531531531531543,4.559104559104557,5.091455091455091
1h,2023-07-23T11:00:00+00:00,2023-07-23T12:00:00+00:00,12,6,Sunday,contract,0.008922506419589927,-0.039121094342961404,-0.000363269724583842,0.7406,0.9856872805833071,3.996759384283023,10.207939508506616
1h,2023-07-23T19:00:00+00:00,2023-07-23T20:00:00+00:00,20,6,Sunday,expand,0.008783016100221872,0.12644734119447842,0.0009859218384444769,0.7369,1.2891844212240404,9.01072058623964,9.01072058623964
1h,2023-07-24T05:00:00+00:00,2023-07-24T06:00:00+00:00,6,0,Monday,contract,0.00804019727913778,-0.04687276874763924,-0.00039539979070290533,0.7311,7.563944740801519,7.563944740801519,7.563944740801519
1h,2023-07-24T09:00:00+00:00,2023-07-24T10:00:00+00:00,10,0,Monday,expand,0.011175027969842096,0.3023294813504962,0.002594228617704449,0.6931,2.4383205886596486,3.9532534987736225,5.0642042995238805
1h,2023-07-25T10:00:00+00:00,2023-07-25T11:00:00+00:00,11,1,Tuesday,contract,0.008686857567925983,-0.04633543855716693,-0.00042206596676353826,0.6902,3.5207186322804964,4.679802955665024,4.679802955665024
1h,2023-07-26T08:00:00+00:00,2023-07-26T09:00:00+00:00,9,2,Wednesday,contract,0.007475207641263881,-0.04119474976857629,-0.00032116981855876206,0.7013,1.668330243832888,5.589619278482819,5.589619278482819
1h,2023-07-26T18:00:00+00:00,2023-07-26T19:00:00+00:00,19,2,Wednesday,expand,0.008081852835773463,0.15523669567513343,0.0010860113203251184,0.7136,4.274103139013449,4.274103139013449,4.498318385650227
1h,2023-07-27T11:00:00+00:00,2023-07-27T12:00:00+00:00,12,3,Thursday,contract,0.006844275663177396,-0.039346590367665635,-0.0002803288971674929,0.7158,3.7999441184688463,3.7999441184688463,4.358759430008384
1h,2023-07-27T15:00:00+00:00,2023-07-27T16:00:00+00:00,16,3,Thursday,expand,0.008148710360683294,0.2192778905726378,0.001465483818408977,0.721,2.6213592233009746,3.3148404993065235,3.7309292649098524
1h,2023-07-27T22:00:00+00:00,2023-07-27T23:00:00+00:00,23,3,Thursday,contract,0.007919015445074408,-0.045602929415251015,-0.00037838580346726165,0.7136,1.1210762331838575,2.4103139013452903,2.4103139013452903
1h,2023-07-27T23:00:00+00:00,2023-07-28T00:00:00+00:00,0,4,Friday,contract,0.007546228627569095,-0.047074894611701334,-0.00037278681750531253,0.7136,1.1210762331838575,2.4103139013452903,2.4103139013452903
1h,2023-07-28T04:00:00+00:00,2023-07-28T05:00:00+00:00,5,4,Friday,contract,0.006565604483652677,-0.04546717039923254,-0.00031273880643482594,0.714,1.8067226890756336,2.2408963585434196,2.2408963585434196
1h,2023-07-28T10:00:00+00:00,2023-07-28T11:00:00+00:00,11,4,Friday,contract,0.006126346618454985,-0.040091510390669494,-0.0002558728168042274,0.7112,1.3357705286839234,1.349831271091121,2.0528683914510766
1h,2023-07-28T21:00:00+00:00,2023-07-28T22:00:00+00:00,22,4,Friday,contract,0.00504945319971393,-0.041602506210016155,-0.0002191887076703038,0.7108,0.6049521665728714,1.7585818795723223,1.7867191896454762
1h,2023-07-29T22:00:00+00:00,2023-07-29T23:00:00+00:00,23,5,Saturday,contract,0.0034642145819205675,-0.039749555791883995,-0.0001434011216861937,0.7125,0.743859649122803,3.8736842105263096,7.845614035087713
1h,2023-07-30T02:00:00+00:00,2023-07-30T03:00:00+00:00,3,6,Sunday,contract,0.003156118093352588,-0.04550630135559586,-0.00015047062256558523,0.71,0.436619718309858,3.8591549295774623,7.873239436619711
1h,2023-07-30T03:00:00+00:00,2023-07-30T04:00:00+00:00,4,6,Sunday,contract,0.0030235382295416865,-0.04200725698133445,-0.00013257986381090157,0.7097,0.47907566577426497,5.523460617162184,7.876567563759328
1h,2023-07-30T10:00:00+00:00,2023-07-30T11:00:00+00:00,11,6,Sunday,expand,0.004191536430631756,0.5314126228493361,0.0014544971976437116,0.7215,1.2335412335412361,6.0568260568260515,6.0568260568260515
1h,2023-07-30T17:00:00+00:00,2023-07-30T18:00:00+00:00,18,6,Sunday,contract,0.004603517350809402,-0.04474942107085378,-0.00021565518083149077,0.7169,5.216906123587668,5.216906123587668,5.216906123587668
1h,2023-07-30T19:00:00+00:00,2023-07-30T20:00:00+00:00,20,6,Sunday,expand,0.005596400164728517,0.244716803381132,0.0011002769104055008,0.703,3.7980085348506325,4.48079658605974,5.689900426742522
1h,2023-07-30T20:00:00+00:00,2023-07-30T21:00:00+00:00,21,6,Sunday,expand,0.00710380015296219,0.2693517160788659,0.0015073999882336733,0.7058,1.7993765939359654,1.7993765939359654,4.052139416265225
1h,2023-07-31T08:00:00+00:00,2023-07-31T09:00:00+00:00,9,0,Monday,contract,0.0053283225993181315,-0.041887531384818266,-0.0002329478922552435,0.7051,0.7800312012480428,5.275847397532267,6.96355126932349
1h,2023-07-31T11:00:00+00:00,2023-07-31T12:00:00+00:00,12,0,Monday,contract,0.004878944879993415,-0.04486009543770131,-0.000229149606153339,0.7041,2.172986791648911,6.973441272546503,6.973441272546503
1h,2023-07-31T13:00:00+00:00,2023-07-31T14:00:00+00:00,14,0,Monday,expand,0.0055451106363208534,0.15650003143673108,0.0007503761048983952,0.6999,1.8002571795970934,7.01528789827117,7.01528789827117
1h,2023-07-31T19:00:00+00:00,2023-07-31T20:00:00+00:00,20,0,Monday,expand,0.006602765538990614,0.18331223532592977,0.0010228641893084162,0.7147,5.2049811109556465,6.870015391073167,6.870015391073167
1h,2023-07-31T20:00:00+00:00,2023-07-31T21:00:00+00:00,21,0,Monday,expand,0.007902568000491281,0.19685727954825594,0.0012998024615006668,0.6997,3.115620980420186,4.816349864227519,4.816349864227519
1h,2023-07-31T21:00:00+00:00,2023-07-31T22:00:00+00:00,22,0,Monday,expand,0.008895241714741906,0.1256140680078821,0.0009926737142506251,0.6977,1.4046151641106377,4.1421814533467005,4.944818689981364
1h,2023-07-31T23:00:00+00:00,2023-08-01T00:00:00+00:00,0,1,Tuesday,contract,0.008181611478527457,-0.048160803232399685,-0.0004139701137328873,0.6973,3.786031837085899,3.9007600745733546,5.306180983794625
1h,2023-08-01T02:00:00+00:00,2023-08-01T03:00:00+00:00,3,1,Tuesday,expand,0.008961115312800586,0.14036315844543346,0.0011029911297845696,0.6856,1.2835472578763172,2.990081680280041,3.996499416569425
1h,2023-08-01T05:00:00+00:00,2023-08-01T06:00:00+00:00,6,1,Tuesday,contract,0.007987088317136628,-0.042308804855665794,-0.0003528529474720425,0.6906,0.9122502172024448,3.6055603822762863,3.9675644367216885
1h,2023-08-01T08:00:00+00:00,2023-08-01T09:00:00+00:00,9,1,Tuesday,contract,0.007222679676657865,-0.044011291222662896,-0.0003325138212813732,0.6915,1.012292118582792,3.9624005784526366,3.9624005784526366
1h,2023-08-01T09:00:00+00:00,2023-08-01T10:00:00+00:00,10,1,Tuesday,contract,0.006906773985468019,-0.043738017651645866,-0.0003159056911898458,0.6902,1.0866415531729863,3.969863807591999,3.969863807591999
1h,2023-08-01T10:00:00+00:00,2023-08-01T11:00:00+00:00,11,1,Tuesday,contract,0.006570575843648874,-0.04867658077801773,-0.0003361981418191452,0.6893,2.002031045988689,3.9750471492818775,3.9750471492818775
1h,2023-08-01T20:00:00+00:00,2023-08-01T21:00:00+00:00,21,1,Tuesday,contract,0.006347691220301536,-0.04233247713915156,-0.0002805916323308927,0.6994,1.3011152416356873,2.3019731198169864,4.718329997140394
1h,2023-08-02T02:00:00+00:00,2023-08-02T03:00:00+00:00,3,2,Wednesday,contract,0.005904988768414465,-0.04007746742883067,-0.00024653759757034977,0.7011,1.2836970474967762,3.865354443018101,3.865354443018101
1h,2023-08-02T04:00:00+00:00,2023-08-02T05:00:00+00:00,5,2,Wednesday,contract,0.005469097458479816,-0.04008644673374451,-0.00022839211219075062,0.6995,1.100786275911371,3.5167977126518877,3.5167977126518877
1h,2023-08-02T09:00:00+00:00,2023-08-02T10:00:00+00:00,10,2,Wednesday,contract,0.004843275872127954,-0.04465878714641369,-0.00022640583631753416,0.6939,1.0664360858913333,3.2425421530479843,6.283326127684101
1h,2023-08-02T11:00:00+00:00,2023-08-02T12:00:00+00:00,12,2,Wednesday,contract,0.0045623143999470655,-0.04757026104453754,-0.00022787033845746325,0.6958,2.3138832997987935,3.0181086519114557,6.050589249784409
1h,2023-08-02T14:00:00+00:00,2023-08-02T15:00:00+00:00,15,2,Wednesday,expand,0.005047487148937209,0.1320199534791131,0.0005886548346971405,0.6859,1.9390581717451494,3.8052194197404887,5.102784662487232
1h,2023-08-02T16:00:00+00:00,2023-08-02T17:00:00+00:00,17,2,Wednesday,expand,0.005686863919236675,0.1148007296835889,0.0005856258523664077,0.6803,1.2494487726003163,5.144789063648378,5.144789063648378
1h,2023-08-02T20:00:00+00:00,2023-08-02T21:00:00+00:00,21,2,Wednesday,contract,0.005220226478480808,-0.049314515508672274,-0.0002707866521908294,0.6863,0.8451114672883456,5.099810578464217,5.099810578464217
1h,2023-08-02T23:00:00+00:00,2023-08-03T00:00:00+00:00,0,3,Thursday,contract,0.0048745034887836365,-0.039041317226843675,-0.00019803872990643671,0.6846,1.0371019573473554,4.87876132047911,4.87876132047911
1h,2023-08-03T06:00:00+00:00,2023-08-03T07:00:00+00:00,7,3,Thursday,expand,0.005628096983025051,0.23395374356389076,0.001067069462844232,0.669,2.9297458893871373,3.512705530642745,3.512705530642745
1h,2023-08-03T08:00:00+00:00,2023-08-03T09:00:00+00:00,9,3,Thursday,expand,0.0063578999496491425,0.14460619565943822,0.0008032384654115994,0.6616,1.1336154776299805,2.8415961305925093,3.3252720677146343
1h,2023-08-03T11:00:00+00:00,2023-08-03T12:00:00+00:00,12,3,Thursday,contract,0.005839433742485108,-0.04334396870409796,-0.0002645718263450123,0.6655,2.1187077385424495,2.8249436513899386,3.305785123966945
1h,2023-08-04T18:00:00+00:00,2023-08-04T19:00:00+00:00,19,4,Friday,expand,0.005864284548198066,0.11455727078911293,0.0006027473424462977,0.6547,5.376508324423402,7.041393004429515,7.041393004429515
1h,2023-08-04T20:00:00+00:00,2023-08-04T21:00:00+00:00,21,4,Friday,expand,0.007792163717578943,0.35624223113221243,0.0020467566371093118,0.6349,2.0475665459127437,4.740904079382583,4.740904079382583
1h,2023-08-05T01:00:00+00:00,2023-08-05T02:00:00+00:00,2,5,Saturday,expand,0.00890122985064081,0.13986563503041394,0.0010922130884122453,0.6151,1.7395545439765963,2.958868476670477,3.657941798081625
1h,2023-08-05T06:00:00+00:00,2023-08-05T07:00:00+00:00,7,5,Saturday,contract,0.007683494293549536,-0.0475211748946851,-0.000383345714888423,0.6226,1.3009958239640211,2.232573080629621,3.2123353678124023
1h,2023-08-05T07:00:00+00:00,2023-08-05T08:00:00+00:00,8,5,Saturday,contract,0.007313244701153145,-0.0481876576269763,-0.00037024959239639107,0.6235,1.6198877305533277,2.229350441058544,3.2076984763432264
1h,2023-08-05T10:00:00+00:00,2023-08-05T11:00:00+00:00,11,5,Saturday,contract,0.00675021815176146,-0.0482654093620869,-0.0003423244732124143,0.6279,1.4174231565535944,2.8985507246376803,3.1852205765249266
1h,2023-08-05T23:00:00+00:00,2023-08-06T00:00:00+00:00,0,6,Sunday,contract,0.0054326594963733455,-0.03986908396075173,-0.00022558919202871498,0.6285,1.6547334924423351,2.418456642800317,2.784407319013536
1h,2023-08-06T07:00:00+00:00,2023-08-06T08:00:00+00:00,8,6,Sunday,contract,0.005062439216871477,-0.040283973708709064,-0.0002124953243747233,0.6328,1.3274336283185781,2.57585335018963,5.056890012642212
1h,2023-08-07T07:00:00+00:00,2023-08-07T08:00:00+00:00,8,0,Monday,expand,0.005611477065029922,0.11100285674648203,0.0005606556103823074,0.612,1.7156862745097965,4.77124183006536,5.212418300653601
1h,2023-08-07T11:00:00+00:00,2023-08-07T12:00:00+00:00,12,0,Monday,contract,0.0052835015736755276,-0.04826865427325888,-0.0002679616595135095,0.6198,2.0006453694740185,4.840271055179094,5.146821555340439
1h,2023-08-07T16:00:00+00:00,2023-08-07T17:00:00+00:00,17,0,Monday,expand,0.006704192914028942,0.21285949949621497,0.001176600545074698,0.6063,2.6059706415965755,3.744021111660903,6.1850569025235185
1h,2023-08-09T03:00:00+00:00,2023-08-09T04:00:00+00:00,4,2,Wednesday,contract,0.00673904113515818,-0.039881399379378624,-0.0002799262411660149,0.6394,1.2824522990303389,4.394745073506415,5.473881764153899
1h,2023-08-09T13:00:00+00:00,2023-08-09T14:00:00+00:00,14,2,Wednesday,expand,0.007125314002245136,0.15563321059599877,0.0009595912305965324,0.6602,1.8933656467736981,5.1651014843986705,6.240533171766134
1h,2023-08-09T21:00:00+00:00,2023-08-09T22:00:00+00:00,22,2,Wednesday,expand,0.008735049628124372,0.21073466206153624,0.0015203807978365937,0.6379,2.304436432042647,3.4174635522809282,3.4174635522809282
1h,2023-08-10T03:00:00+00:00,2023-08-10T04:00:00+00:00,4,3,Thursday,contract,0.00754316133962005,-0.04427848702150283,-0.00034947394920154234,0.6376,2.3055207026348707,2.3055207026348707,2.3055207026348707
1h,2023-08-10T15:00:00+00:00,2023-08-10T16:00:00+00:00,16,3,Thursday,contract,0.0063898806377049745,-0.0480169708632453,-0.00032229851059269177,0.6314,1.8213493823250024,2.660753880266081,2.660753880266081
1h,2023-08-10T20:00:00+00:00,2023-08-10T21:00:00+00:00,21,3,Thursday,contract,0.0059229055445933826,-0.04137048693906731,-0.00025560811881488073,0.6331,0.6634023061127755,2.0217975043437106,2.495656294424267
1h,2023-08-10T21:00:00+00:00,2023-08-10T22:00:00+00:00,22,3,Thursday,contract,0.005621269434265279,-0.05092705059317493,-0.0003016361103281035,0.6338,0.6784474597664832,2.0195645313979225,2.4928999684443096
1h,2023-08-11T18:00:00+00:00,2023-08-11T19:00:00+00:00,19,4,Friday,contract,0.004026050494309699,-0.03903537932223533,-0.00016354234571612936,0.6303,0.761542122798654,0.9043312708234059,0.9043312708234059
1h,2023-08-11T22:00:00+00:00,2023-08-11T23:00:00+00:00,23,4,Friday,contract,0.003538370162640016,-0.04043562993421301,-0.00014910539712616015,0.6323,0.6326111023248464,0.8856555432547745,1.9610944172070168
1h,2023-08-12T04:00:00+00:00,2023-08-12T05:00:00+00:00,5,5,Saturday,contract,0.003054599997445032,-0.040000580181892564,-0.00012727692288039055,0.6289,0.3339163619017317,1.6536810303704823,1.6536810303704823
1h,2023-08-12T07:00:00+00:00,2023-08-12T08:00:00+00:00,8,5,Saturday,contract,0.0026932420533479296,-0.05386356206071585,-0.00015332631179600055,0.6302,0.3966994604887253,1.650269755633127,1.650269755633127
1h,2023-08-12T19:00:00+00:00,2023-08-12T20:00:00+00:00,20,5,Saturday,expand,0.0026114854676864024,0.21417539096630733,0.00046065496402412746,0.6255,0.671462829736226,0.8792965627498098,2.238209432454039
1h,2023-08-13T06:00:00+00:00,2023-08-13T07:00:00+00:00,7,6,Sunday,contract,0.0022390266892723383,-0.04710957528934501,-0.000110694360713255,0.6275,0.3505976095617498,2.4223107569721103,2.4223107569721103
1h,2023-08-13T18:00:00+00:00,2023-08-13T19:00:00+00:00,19,6,Sunday,expand,0.0023062949403276595,0.1903160424638426,0.00036874654305171805,0.6337,2.3986113302824665,2.3986113302824665,2.3986113302824665
1h,2023-08-13T20:00:00+00:00,2023-08-13T21:00:00+00:00,21,6,Sunday,expand,0.0027554277801804814,0.09960011429080073,0.00024958247844765555,0.6319,1.5350530147175252,1.7249564804557713,1.7249564804557713
1h,2023-08-13T22:00:00+00:00,2023-08-13T23:00:00+00:00,23,6,Sunday,expand,0.003207996402298477,0.10293051893810179,0.00029938489213088585,0.626,0.8626198083067029,1.6613418530351383,1.8051118210862582
1h,2023-08-15T14:00:00+00:00,2023-08-15T15:00:00+00:00,15,1,Tuesday,expand,0.002918190810153829,0.1010547787633751,0.0002678314761420104,0.6273,2.199904351984684,9.134385461501678,9.134385461501678
1h,2023-08-15T18:00:00+00:00,2023-08-15T19:00:00+00:00,19,1,Tuesday,expand,0.0035607233373803437,0.19148654818037314,0.0005722520509707351,0.6214,8.126810428065676,8.126810428065676,8.126810428065676
1h,2023-08-15T19:00:00+00:00,2023-08-15T20:00:00+00:00,20,1,Tuesday,expand,0.006913528813281756,0.9416079706906129,0.003352805475901412,0.6021,1.594419531639253,3.6870951669157943,5.132037867463883
1h,2023-08-15T22:00:00+00:00,2023-08-15T23:00:00+00:00,23,1,Tuesday,contract,0.006596983528709918,-0.04665504221161243,-0.00032284488682384274,0.6084,0.7725180802103757,5.078895463510854,7.692307692307702
1h,2023-08-15T23:00:00+00:00,2023-08-16T00:00:00+00:00,0,2,Wednesday,contract,0.006325770419516346,-0.041111685062310444,-0.0002712131091935719,0.6099,0.7214297425807443,5.066404328578462,7.673389080177088
1h,2023-08-16T00:00:00+00:00,2023-08-16T01:00:00+00:00,1,2,Wednesday,contract,0.006023929675265177,-0.047716044723963735,-0.0003018407442511688,0.6086,1.8402891883010166,5.077226421294781,7.689779822543552
1h,2023-08-16T03:00:00+00:00,2023-08-16T04:00:00+00:00,4,2,Wednesday,contract,0.005363984510407284,-0.043404218651211024,-0.00024338342387748586,0.6077,3.4227414842850155,5.08474576271187,7.7011683396412804
1h,2023-08-16T20:00:00+00:00,2023-08-16T21:00:00+00:00,21,2,Wednesday,expand,0.007396724629115501,0.18341557106004447,0.001146405797760354,0.5891,3.3780342895943014,4.175861483619092,5.194364284501795
1h,2023-08-16T21:00:00+00:00,2023-08-16T22:00:00+00:00,22,2,Wednesday,expand,0.008232672869892965,0.11301600136456957,0.0008359482407774635,0.5839,2.6545641376948037,2.757321459153965,31.923274533310504
1h,2023-08-17T03:00:00+00:00,2023-08-17T04:00:00+00:00,4,3,Thursday,contract,0.007243860950057897,-0.047959423274580026,-0.000364912380773688,0.5906,1.2021672875042322,4.50389434473418,31.39180494412462
1h,2023-08-17T04:00:00+00:00,2023-08-17T05:00:00+00:00,5,3,Thursday,contract,0.006919299453625192,-0.04480504232071303,-0.00032456149643270496,0.5927,1.316011472920538,4.99409482031383,31.280580394803444
1h,2023-08-17T05:00:00+00:00,2023-08-17T06:00:00+00:00,6,3,Thursday,contract,0.0066179209212233955,-0.04355622045580021,-0.00030137853240179684,0.5928,1.7037786774628878,31.20782726045883,31.20782726045883
1h,2023-08-17T10:00:00+00:00,2023-08-17T11:00:00+00:00,11,3,Thursday,contract,0.00599128602034085,-0.039360687876974776,-0.00024548354002622546,0.5856,1.366120218579236,30.806010928961747,30.806010928961747
1h,2023-08-17T11:00:00+00:00,2023-08-17T12:00:00+00:00,12,3,Thursday,contract,0.005741908447459357,-0.041623379694248896,-0.0002493775728814925,0.5847,2.7535488284590395,30.85342910894476,30.85342910894476
1h,2023-08-17T15:00:00+00:00,2023-08-17T16:00:00+00:00,16,3,Thursday,expand,0.0062087892328167174,0.10684153839295663,0.0005993239051679455,0.576,2.1875000000000098,29.756944444444443,29.756944444444443
1h,2023-08-17T19:00:00+00:00,2023-08-17T20:00:00+00:00,20,3,Thursday,contract,0.006323803344400215,-0.04110194673640044,-0.000271061795723092,0.576,29.288194444444436,29.288194444444436,29.288194444444436
1h,2023-08-17T21:00:00+00:00,2023-08-17T22:00:00+00:00,22,3,Thursday,expand,0.01792256512858998,1.6381808433187062,0.011129033451646921,0.4838,7.13104588673006,8.43323687474163,8.474576271186448
1h,2023-08-18T03:00:00+00:00,2023-08-18T04:00:00+00:00,4,4,Friday,contract,0.017158949139198538,-0.04067922772030752,-0.000727611472246037,0.4932,7.441200324412005,8.313057583130583,8.313057583130583
1h,2023-08-18T10:00:00+00:00,2023-08-18T11:00:00+00:00,11,4,Friday,contract,0.01466804564302439,-0.04682790334455311,-0.0007206188956172636,0.5041,2.499504066653453,5.99087482642333,5.99087482642333
1h,2023-08-18T22:00:00+00:00,2023-08-18T23:00:00+00:00,23,4,Friday,contract,0.011208847529599986,-0.05271514603897687,-0.000623757502276924,0.5062,1.165547214539711,1.8767285657842876,4.839984195969988
1h,2023-08-18T23:00:00+00:00,2023-08-19T00:00:00+00:00,0,5,Saturday,contract,0.01067964413462856,-0.047213006829999404,-0.000529203394971426,0.5058,1.4827995255041642,4.843811783313578,4.843811783313578
1h,2023-08-19T01:00:00+00:00,2023-08-19T02:00:00+00:00,2,5,Saturday,contract,0.0098380605038379,-0.045082745843635696,-0.00046446619260291297,0.5051,0.9305088101366141,4.850524648584454,4.850524648584454
1h,2023-08-19T02:00:00+00:00,2023-08-19T03:00:00+00:00,3,5,Saturday,contract,0.009349627610706622,-0.04964727477948894,-0.0004884328931312777,0.5067,0.9275705545687857,4.8352082099862,4.8352082099862
1h,2023-08-19T04:00:00+00:00,2023-08-19T05:00:00+00:00,5,5,Saturday,contract,0.00861677074596643,-0.043682758355495954,-0.00039359774968972076,0.5066,1.401500197394393,4.83616265298067,4.83616265298067
1h,2023-08-19T05:00:00+00:00,2023-08-19T06:00:00+00:00,6,5,Saturday,contract,0.008272715692683116,-0.03992853743316416,-0.0003440550532833146,0.503,1.4115308151093429,4.87077534791254,4.87077534791254
1h,2023-08-19T06:00:00+00:00,2023-08-19T07:00:00+00:00,7,5,Saturday,contract,0.0078103788574914665,-0.055886948417744775,-0.00046233683519164917,0.5027,1.4123731848020677,4.873682116570534,4.873682116570534
1h,2023-08-19T09:00:00+00:00,2023-08-19T10:00:00+00:00,10,5,Saturday,contract,0.007013448378246626,-0.04316846200810598,-0.0003164191060189706,0.5061,0.7508397549891157,4.386484884410195,6.718039913060644
1h,2023-08-19T10:00:00+00:00,2023-08-19T11:00:00+00:00,11,5,Saturday,contract,0.006669630636943294,-0.04902263804631968,-0.0003438177413033318,0.5045,0.7532210109018662,4.400396432111001,9.375619425173442
1h,2023-08-19T11:00:00+00:00,2023-08-19T12:00:00+00:00,12,5,Saturday,contract,0.006371799877161626,-0.04465476065975438,-0.00029783075978166793,0.5031,4.412641621943947,4.412641621943947,11.051480818922677
1h,2023-08-19T12:00:00+00:00,2023-08-19T13:00:00+00:00,13,5,Saturday,contract,0.0060452427430786465,-0.05125037514964259,-0.00032655713408297985,0.5033,4.33141267633619,4.33141267633619,10.967613749254923
1h,2023-08-19T14:00:00+00:00,2023-08-19T15:00:00+00:00,15,5,Saturday,contract,0.005566561344797403,-0.049474180754581654,-0.00028973548806133717,0.5057,3.856041131105412,3.856041131105412,10.460747478742348
1h,2023-08-19T15:00:00+00:00,2023-08-19T16:00:00+00:00,16,5,Saturday,expand,0.006561806963026165,0.17879002072957206,0.000995245618228762,0.5213,1.6689046614233725,3.3569921350469905,9.035104546326497
1h,2023-08-20T06:00:00+00:00,2023-08-20T07:00:00+00:00,7,6,Sunday,contract,0.005038597113908584,-0.04711347355473128,-0.0002491228549160434,0.5187,6.092153460574527,7.692307692307701,7.692307692307701
1h,2023-08-20T10:00:00+00:00,2023-08-20T11:00:00+00:00,11,6,Sunday,expand,0.00649499354879069,0.12235833447080324,0.0007080774193237967,0.5467,4.664349734772284,5.139930492043171,7.572708981159685
1h,2023-08-20T11:00:00+00:00,2023-08-20T12:00:00+00:00,12,6,Sunday,expand,0.007159636866734215,0.10233163635201392,0.0006646433179435252,0.5452,3.173147468818799,3.650036683785772,6.0895084372707275
1h,2023-08-20T14:00:00+00:00,2023-08-20T15:00:00+00:00,15,6,Sunday,expand,0.007651757360136691,0.1074120264729852,0.0007421725107587237,0.5369,2.1978021978022038,4.656360588563982,5.345501955671437
1h,2023-08-21T15:00:00+00:00,2023-08-21T16:00:00+00:00,16,0,Monday,expand,0.007851060610260762,0.23541699503888958,0.0014960722607491716,0.5103,3.488144228884977,3.7233000195963193,3.7233000195963193
1h,2023-08-21T20:00:00+00:00,2023-08-21T21:00:00+00:00,21,0,Monday,contract,0.007063216307129377,-0.04337360087164299,-0.0003202474082407208,0.5218,1.4756611728631737,2.472211575316217,4.676121119202755
1h,2023-08-21T22:00:00+00:00,2023-08-21T23:00:00+00:00,23,0,Monday,contract,0.006815222224004414,-0.04128442573897528,-0.00029347863261572436,0.5237,1.4321176245942238,3.1315638724460513,4.4109222837502395
1h,2023-08-21T23:00:00+00:00,2023-08-22T00:00:00+00:00,0,1,Tuesday,contract,0.006406992065146956,-0.05989975754856525,-0.0004082301588574583,0.5239,1.4315709104790897,3.1303683909142905,4.447413628555065
1h,2023-08-22T03:00:00+00:00,2023-08-22T04:00:00+00:00,4,1,Tuesday,contract,0.005642872771050141,-0.04607103629325604,-0.00027252867469615676,0.521,1.324376199616126,3.761996161228397,4.4721689059500935
1h,2023-08-22T05:00:00+00:00,2023-08-22T06:00:00+00:00,6,1,Tuesday,contract,0.005159415807691183,-0.04904758935120168,-0.000266108908283943,0.5201,1.268986733320525,3.6146894827917784,4.479907710055756
1h,2023-08-22T17:00:00+00:00,2023-08-22T18:00:00+00:00,18,1,Tuesday,expand,0.0057840916763558054,0.10615176063834464,0.0005550698710495537,0.5094,3.062426383981166,4.574008637612876,6.458578720062827
1h,2023-08-22T21:00:00+00:00,2023-08-22T22:00:00+00:00,22,1,Tuesday,expand,0.006507732256570131,0.12041422694517045,0.0006994052110330714,0.5135,2.804284323271659,2.804284323271659,4.965920155793568
1h,2023-08-23T05:00:00+00:00,2023-08-23T06:00:00+00:00,6,2,Wednesday,contract,0.0056220812297627576,-0.047218380510936186,-0.0002786216330586729,0.5209,1.1518525628719534,4.0698790554808975,4.0698790554808975
1h,2023-08-23T08:00:00+00:00,2023-08-23T09:00:00+00:00,9,2,Wednesday,contract,0.0052427159117306036,-0.040039367309858576,-0.00021867045474851122,0.5185,1.2343297974927816,4.088717454194792,4.088717454194792
1h,2023-08-23T23:00:00+00:00,2023-08-24T00:00:00+00:00,0,3,Thursday,contract,0.0051763183962089026,-0.039622941526142985,-0.00021356295355452488,0.5298,0.9248773121932834,3.5296338240845486,4.020385050962624
1h,2023-08-24T01:00:00+00:00,2023-08-24T02:00:00+00:00,2,3,Thursday,contract,0.004852029637547476,-0.04180610516985783,-0.00021169458750364394,0.5268,1.0250569476081928,4.043280182232343,4.043280182232343
1h,2023-08-24T02:00:00+00:00,2023-08-24T03:00:00+00:00,3,3,Thursday,contract,0.0046125989491512314,-0.04934650162550691,-0.0002394306883962442,0.527,1.024667931688797,4.041745730550281,4.041745730550281
1h,2023-08-24T22:00:00+00:00,2023-08-24T23:00:00+00:00,23,3,Thursday,contract,0.004160065754794222,-0.04350947473297451,-0.0001892358272918603,0.5173,1.0245505509375763,3.460274502223065,4.6394741929247845
1h,2023-08-25T10:00:00+00:00,2023-08-25T11:00:00+00:00,11,4,Friday,contract,0.004224595714188939,-0.038929414780915716,-0.0001711227472453022,0.5116,2.7560594214229868,3.948397185301015,3.948397185301015
1h,2023-08-25T14:00:00+00:00,2023-08-25T15:00:00+00:00,15,4,Friday,expand,0.004865396662665301,0.17096193183330977,0.0007103541028719001,0.5136,3.1542056074766345,3.8940809968847176,3.8940809968847176
1h,2023-08-25T23:00:00+00:00,2023-08-26T00:00:00+00:00,0,5,Saturday,contract,0.004868782577150485,-0.03900193264976137,-0.0001975986597808092,0.5255,0.799238820171262,1.9790675547097938,1.9790675547097938
1h,2023-08-26T03:00:00+00:00,2023-08-26T04:00:00+00:00,4,5,Saturday,contract,0.004234730299510486,-0.042353282611327314,-0.00018728694611618978,0.5235,1.1461318051575944,1.986628462273155,1.986628462273155
1h,2023-08-26T10:00:00+00:00,2023-08-26T11:00:00+00:00,11,5,Saturday,contract,0.0034930377107021187,-0.04204496673281799,-0.00015331059313092787,0.522,1.436781609195414,1.436781609195414,1.8007662835249187
1h,2023-08-27T21:00:00+00:00,2023-08-27T22:00:00+00:00,22,6,Sunday,expand,0.0029742090760747726,0.21058286993258735,0.0005173685326096277,0.5212,1.3622409823484258,2.6861089792785906,2.7244819646968517
1h,2023-08-28T11:00:00+00:00,2023-08-28T12:00:00+00:00,12,0,Monday,contract,0.003235594457104408,-0.039626961993544096,-0.00013350726593111236,0.5164,1.0263361735089023,1.6072811773818696,2.3044151820294174
1h,2023-08-29T04:00:00+00:00,2023-08-29T05:00:00+00:00,5,1,Tuesday,contract,0.0027525536778225967,-0.04414372924463372,-0.00012711951367866186,0.5204,1.1145272867025418,7.205995388162948,7.205995388162948
1h,2023-08-29T14:00:00+00:00,2023-08-29T15:00:00+00:00,15,1,Tuesday,expand,0.004885272222406186,0.7994242301209702,0.002170363675199526,0.541,2.1811460258780095,2.865064695009255,4.454713493530501
1h,2023-08-30T11:00:00+00:00,2023-08-30T12:00:00+00:00,12,2,Wednesday,contract,0.0041129247092721866,-0.044888929037084746,-0.00019330190071324173,0.5292,2.0786092214663663,2.0786092214663663,2.0786092214663663
1h,2023-08-30T21:00:00+00:00,2023-08-30T22:00:00+00:00,22,2,Wednesday,contract,0.003825629179322511,-0.044673115767772775,-0.00017889455225558173,0.5282,1.0223400227186596,1.4767133661491916,6.758803483528967
1h,2023-08-30T23:00:00+00:00,2023-08-31T00:00:00+00:00,0,3,Thursday,contract,0.0035027108740076753,-0.052098616979067036,-0.00019251622107751372,0.5279,0.795605228262925,3.352907747679494,6.686872513733672
1h,2023-08-31T03:00:00+00:00,2023-08-31T04:00:00+00:00,4,3,Thursday,contract,0.0031778354142163014,-0.04568836481083838,-0.00015214118570893971,0.5262,0.8551881413910962,6.708475864690241,6.708475864690241
1h,2023-08-31T09:00:00+00:00,2023-08-31T10:00:00+00:00,10,3,Thursday,contract,0.002930061570574592,-0.043446110510968916,-0.0001330816592749703,0.5241,1.4119442854417237,6.735355848120597,6.735355848120597
1h,2023-08-31T15:00:00+00:00,2023-08-31T16:00:00+00:00,16,3,Thursday,expand,0.0038726060091091442,0.17855856226649447,0.0005867226146839171,0.5173,5.064759327276254,5.064759327276254,5.064759327276254
1h,2023-08-31T16:00:00+00:00,2023-08-31T17:00:00+00:00,17,3,Thursday,expand,0.004574562722744208,0.18126210411901478,0.0007019567136350639,0.5076,3.6052009456264846,3.664302600472814,3.664302600472814
1h,2023-08-31T17:00:00+00:00,2023-08-31T18:00:00+00:00,18,3,Thursday,expand,0.005419236813976767,0.18464586506442138,0.000844674091232559,0.5098,1.9419380149078107,2.000784621420162,4.629266378972147
1h,2023-08-31T23:00:00+00:00,2023-09-01T00:00:00+00:00,0,4,Friday,contract,0.005029323058795976,-0.042882457017347275,-0.00022533254298430592,0.5106,0.920485703094406,2.6243634939287155,4.974539757148459
1h,2023-09-01T00:00:00+00:00,2023-09-01T01:00:00+00:00,1,4,Friday,contract,0.004820085697453407,-0.041603483987099676,-0.00020923736134256972,0.51,0.6666666666666585,3.0392156862745012,4.745098039215675
1h,2023-09-01T22:00:00+00:00,2023-09-01T23:00:00+00:00,23,4,Friday,contract,0.004841465672268061,-0.040278206027668184,-0.0002031896670975442,0.4975,0.8442211055276457,1.5276381909547843,1.7688442211055113
1h,2023-09-01T23:00:00+00:00,2023-09-02T00:00:00+00:00,0,5,Saturday,contract,0.004631360981391768,-0.04339691843314586,-0.00021010469087629283,0.4975,0.8442211055276457,1.6884422110552688,1.7688442211055113
1h,2023-09-02T00:00:00+00:00,2023-09-02T01:00:00+00:00,1,5,Saturday,contract,0.004450549482720932,-0.03904068359113333,-0.00018081149867083673,0.4967,0.8254479565129843,1.6911616670022074,1.7716931749546847
1h,2023-09-02T01:00:00+00:00,2023-09-02T02:00:00+00:00,2,5,Saturday,contract,0.004239795948240865,-0.04735449752852039,-0.00021075353448006626,0.4967,0.9059794644654731,1.6911616670022074,1.7716931749546847
1h,2023-09-02T04:00:00+00:00,2023-09-02T05:00:00+00:00,5,5,Saturday,contract,0.003868050910453782,-0.04133343724161431,-0.00016677314695798468,0.4976,0.7837620578778164,1.768488745980691,1.768488745980691
1h,2023-09-02T06:00:00+00:00,2023-09-02T07:00:00+00:00,7,5,Saturday,contract,0.0036954112442178,-0.03987970497790727,-0.0001534931726321397,0.4956,0.5044390637610981,1.7756255044390477,2.340597255851482
1h,2023-09-02T07:00:00+00:00,2023-09-02T08:00:00+00:00,8,5,Saturday,contract,0.003531453298202244,-0.0443679837452734,-0.000163957946015556,0.4959,0.6452913893930301,1.7745513208307961,2.3391812865496964
1h,2023-09-02T10:00:00+00:00,2023-09-02T11:00:00+00:00,11,5,Saturday,contract,0.003180431084602891,-0.04350227997037637,-0.00014464854496945134,0.4965,1.2487411883182353,1.7724068479355326,2.336354481369576
1h,2023-09-03T09:00:00+00:00,2023-09-03T10:00:00+00:00,10,6,Sunday,contract,0.0026225349959748123,-0.042749236312173644,-0.00011711807661344805,0.502,1.095617529880468,2.3107569721115646,2.7290836653386545
1h,2023-09-03T16:00:00+00:00,2023-09-03T17:00:00+00:00,17,6,Sunday,expand,0.0028934754287080833,0.15353360687414397,0.0003851172747147639,0.5073,1.3404297260004,2.385176424206584,3.2525133057362647
1h,2023-09-03T22:00:00+00:00,2023-09-03T23:00:00+00:00,23,6,Sunday,contract,0.0030162702509911807,-0.03958750909026887,-0.00012432848084547015,0.5039,1.071641198650518,2.5004961301845716,3.2744592180988428
1h,2023-09-04T15:00:00+00:00,2023-09-04T16:00:00+00:00,16,0,Monday,expand,0.003475769699898607,0.10582839448319148,0.00033263310000780167,0.5031,1.4311270125223583,1.7889087656529534,2.3653349234744736
1h,2023-09-06T14:00:00+00:00,2023-09-06T15:00:00+00:00,15,2,Wednesday,expand,0.0022165403836854197,0.10269035085174893,0.000206419970485738,0.4987,2.8273511128935236,2.8273511128935236,2.8273511128935236
1h,2023-09-06T15:00:00+00:00,2023-09-06T16:00:00+00:00,16,2,Wednesday,expand,0.002515358927707887,0.13481303847287673,0.00029881854402246744,0.4972,2.8358809332260666,2.8358809332260666,2.8358809332260666
1h,2023-09-06T17:00:00+00:00,2023-09-06T18:00:00+00:00,18,2,Wednesday,expand,0.0032953860141971087,0.3372710367182217,0.0008311241527540689,0.502,1.1553784860557823,1.5936254980079694,1.5936254980079694
1h,2023-09-07T02:00:00+00:00,2023-09-07T03:00:00+00:00,3,3,Thursday,contract,0.0028768248869740468,-0.04535545662391138,-0.000136678837459543,0.5019,1.0759115361625744,1.5939430165371602,2.2315202231520197
1h,2023-09-07T04:00:00+00:00,2023-09-07T05:00:00+00:00,5,3,Thursday,contract,0.002671854111727616,-0.04329466063382825,-0.00012091185474827912,0.5031,1.4907573047107945,1.5901411250248476,2.226197575034782
1h,2023-09-07T18:00:00+00:00,2023-09-07T19:00:00+00:00,19,3,Thursday,contract,0.0023275377953434727,-0.038987364324977625,-9.442598425719092e-05,0.501,1.2974051896207708,2.7345309381237395,2.7345309381237395
1h,2023-09-08T10:00:00+00:00,2023-09-08T11:00:00+00:00,11,4,Friday,expand,0.0028291111480582957,0.11424320066662608,0.0002900683732262807,0.4973,0.8646692137542671,1.849989945706814,1.849989945706814
1h,2023-09-08T22:00:00+00:00,2023-09-08T23:00:00+00:00,23,4,Friday,contract,0.002460581168973186,-0.046517670965837477,-0.00012004470530562871,0.5047,0.59441252229047,0.7529225282345998,0.7529225282345998
1h,2023-09-08T23:00:00+00:00,2023-09-09T00:00:00+00:00,0,5,Saturday,contract,0.0023633967997608147,-0.039496510189471534,-9.718436921237134e-05,0.5046,0.6738010305192369,0.6738010305192369,0.6738010305192369
1h,2023-09-09T01:00:00+00:00,2023-09-09T02:00:00+00:00,2,5,Saturday,contract,0.002228643158977439,-0.04068219552555641,-9.451101222903357e-05,0.5036,0.5559968228753027,0.6751389992057326,1.1119936457506054
1h,2023-09-09T10:00:00+00:00,2023-09-09T11:00:00+00:00,11,5,Saturday,contract,0.0017583249263222332,-0.04023777448148547,-7.371730202478544e-05,0.5037,0.4566210045662038,1.0522136192177824,1.8661901925749382
1h,2023-09-09T20:00:00+00:00,2023-09-09T21:00:00+00:00,21,5,Saturday,contract,0.0013891303365397097,-0.04186850995360947,-6.0702333579974125e-05,0.5032,0.9737678855325945,1.788553259141496,2.4443561208267157
1h,2023-09-10T00:00:00+00:00,2023-09-10T01:00:00+00:00,1,6,Sunday,expand,0.0015018443237690203,0.18142250003782756,0.00023062735971007158,0.5015,1.4157527417746751,2.07377866400798,2.07377866400798
1h,2023-09-10T04:00:00+00:00,2023-09-10T05:00:00+00:00,5,6,Sunday,expand,0.0017950665277792319,0.25929260496298845,0.0003696102670939004,0.4991,0.6211180124223697,1.8232819074333908,1.9835704267681868
1h,2023-09-10T12:00:00+00:00,2023-09-10T13:00:00+00:00,13,6,Sunday,contract,0.0016130030602749684,-0.041723849404289526,-7.023100463653771e-05,0.4996,1.6613290632506064,1.9815852682145758,8.867093674939953
1h,2023-09-10T14:00:00+00:00,2023-09-10T15:00:00+00:00,15,6,Sunday,expand,0.0017484567203391304,0.09921192483578967,0.00015781102151237228,0.4971,1.3277006638503308,1.991550995775502,8.911687789177229
1h,2023-09-10T15:00:00+00:00,2023-09-10T16:00:00+00:00,16,6,Sunday,expand,0.002023566954600621,0.15734460628120672,0.0002751102342614905,0.496,1.3508064516129,5.141129032258069,8.931451612903226
1h,2023-09-11T07:00:00+00:00,2023-09-11T08:00:00+00:00,8,0,Monday,expand,0.003662454379461845,0.38509939138091287,0.0010182727400413986,0.4853,5.893261899855762,5.893261899855762,5.893261899855762
1h,2023-09-11T10:00:00+00:00,2023-09-11T11:00:00+00:00,11,0,Monday,expand,0.0052780656966755395,0.3325104574629376,0.0013170718694864997,0.4721,1.864011861893673,2.9019275577208195,4.511755983901713
1h,2023-09-12T03:00:00+00:00,2023-09-12T04:00:00+00:00,4,1,Tuesday,expand,0.005083103212222196,0.1131487027251632,0.0005166843682905993,0.4788,2.046783625731001,3.571428571428572,3.571428571428572
1h,2023-09-12T10:00:00+00:00,2023-09-12T11:00:00+00:00,11,1,Tuesday,expand,0.005208736728122423,0.11697447328087862,0.0005454817901444321,0.4804,1.0824313072439595,2.268942547876762,3.49708576186512
1h,2023-09-12T21:00:00+00:00,2023-09-12T22:00:00+00:00,22,1,Tuesday,contract,0.004264252489808252,-0.03924212726164078,-0.0001741732684467888,0.4824,0.9328358208955232,3.4825870646766246,3.4825870646766246
1h,2023-09-12T22:00:00+00:00,2023-09-12T23:00:00+00:00,23,1,Tuesday,contract,0.00408823445482195,-0.04127758274328097,-0.00017601803498630206,0.4822,0.8087930319369471,3.4840315221899703,3.4840315221899703
1h,2023-09-13T02:00:00+00:00,2023-09-13T03:00:00+00:00,3,2,Wednesday,contract,0.0035685147923825954,-0.05052302194888181,-0.0001898857532602002,0.4807,1.3729977116704795,3.494903266070322,3.494903266070322
1h,2023-09-13T07:00:00+00:00,2023-09-13T08:00:00+00:00,8,2,Wednesday,expand,0.004409236037826707,0.27578356914065627,0.0009531356893979488,0.4746,1.7067003792667501,2.3598820058997023,2.718078381795189
1h,2023-09-13T11:00:00+00:00,2023-09-13T12:00:00+00:00,12,2,Wednesday,contract,0.004042003084037086,-0.04092139368463399,-0.00017246177569515877,0.4813,1.3505090380220248,1.9114897153542458,1.9114897153542458
1h,2023-09-13T21:00:00+00:00,2023-09-13T22:00:00+00:00,22,2,Wednesday,contract,0.0035657665982517586,-0.04266285322226859,-0.00015890512294244267,0.4838,1.2815212897891657,1.5295576684580325,2.955766845804047
1h,2023-09-15T02:00:00+00:00,2023-09-15T03:00:00+00:00,3,4,Friday,expand,0.003380687324032666,0.10620067361816843,0.0003245625135359486,0.4963,2.7201289542615266,4.332057223453549,4.332057223453549
1h,2023-09-15T04:00:00+00:00,2023-09-15T05:00:00+00:00,5,4,Friday,expand,0.0039144701926608185,0.16977221464613845,0.000568117677487628,0.5029,2.42592960827202,3.5991250745675094,3.5991250745675094
1h,2023-09-16T07:00:00+00:00,2023-09-16T08:00:00+00:00,8,5,Saturday,contract,0.0031547066284643268,-0.041030515526285005,-0.00013497743295879348,0.4989,0.7015433954700347,1.162557626778908,2.104630186410093
1h,2023-09-16T22:00:00+00:00,2023-09-16T23:00:00+00:00,23,5,Saturday,contract,0.0024285448294482774,-0.043289725757899244,-0.0001098880638037091,0.5,1.6599999999999948,1.6599999999999948,2.2599999999999953
1h,2023-09-17T13:00:00+00:00,2023-09-17T14:00:00+00:00,14,6,Sunday,contract,0.0021507677917706773,-0.04281875100635335,-9.621290705928189e-05,0.4976,0.9847266881028971,2.773311897106105,3.496784565916404
1h,2023-09-17T19:00:00+00:00,2023-09-17T20:00:00+00:00,20,6,Sunday,contract,0.0022408577678928463,-0.04712996714255224,-0.0001108352129148369,0.4968,1.6706924315619913,3.0998389694041917,4.267310789049907
1h,2023-09-17T20:00:00+00:00,2023-09-17T21:00:00+00:00,21,6,Sunday,expand,0.002673653641614784,0.19313848470128936,0.0004327958737219378,0.4909,1.4259523324506023,3.5445100835200707,4.318598492564665
1h,2023-09-18T00:00:00+00:00,2023-09-18T01:00:00+00:00,1,0,Monday,expand,0.002901499939039985,0.12190298221340634,0.00031526923545846346,0.4889,2.10677030067498,3.9271834731028714,3.9271834731028714
1h,2023-09-19T02:00:00+00:00,2023-09-19T03:00:00+00:00,3,1,Tuesday,expand,0.004191924610459708,0.17479218493090531,0.0006236981068877133,0.5107,1.4881535147836402,2.623849618171131,3.4070883101625165
1h,2023-09-19T23:00:00+00:00,2023-09-20T00:00:00+00:00,0,2,Wednesday,contract,0.003588394916319501,-0.044809697968247075,-0.00016833807048611009,0.5134,2.7853525516166693,3.8176860148032628,3.8176860148032628
1h,2023-09-20T03:00:00+00:00,2023-09-20T04:00:00+00:00,4,2,Wednesday,expand,0.0041357805915504305,0.11543801347413973,0.00042801687757304746,0.5234,2.0634314100114484,3.400840657241102,3.6683225066870455
1h,2023-09-21T16:00:00+00:00,2023-09-21T17:00:00+00:00,17,3,Thursday,contract,0.004117404958477578,-0.04661977005739648,-0.00020133884295981796,0.5044,1.3084853291038958,2.12133227597146,2.12133227597146
1h,2023-09-21T22:00:00+00:00,2023-09-21T23:00:00+00:00,23,3,Thursday,contract,0.003697808803918887,-0.043720676182094076,-0.0001690622156860725,0.5079,1.5948021264028345,2.106713920063013,2.6580035440047385
1h,2023-09-22T22:00:00+00:00,2023-09-22T23:00:00+00:00,23,4,Friday,contract,0.0032357489113898573,-0.04181614215533913,-0.00014121145472229153,0.5137,0.7202647459606846,1.16799688534164,1.4599961066770608
1h,2023-09-23T09:00:00+00:00,2023-09-23T10:00:00+00:00,10,5,Saturday,contract,0.00243845615060964,-0.040512152930614054,-0.00010295816543151115,0.5122,0.9371339320577734,1.4642717688402873,1.4642717688402873
1h,2023-09-23T19:00:00+00:00,2023-09-23T20:00:00+00:00,20,5,Saturday,contract,0.0021461024018257207,-0.03945895305268032,-8.816172321736296e-05,0.5098,0.9611612397018469,1.255394272263625,1.275009807767742
1h,2023-09-24T06:00:00+00:00,2023-09-24T07:00:00+00:00,7,6,Sunday,contract,0.0019336883101506005,-0.03949651052148995,-7.951448539620753e-05,0.5076,0.6698187549251515,1.6548463356973921,3.427895981087464
1h,2023-09-24T18:00:00+00:00,2023-09-24T19:00:00+00:00,19,6,Sunday,expand,0.002093216647539867,0.11959594313735966,0.00022359871942001053,0.5089,1.1790135586559256,3.5959913539005663,3.5959913539005663
1h,2023-09-24T23:00:00+00:00,2023-09-25T00:00:00+00:00,0,0,Monday,expand,0.0027864780833786163,0.23166818537268763,0.0005241170705093407,0.5017,1.69423958540962,2.571257723739291,3.209089097069963
1h,2023-09-25T00:00:00+00:00,2023-09-25T01:00:00+00:00,1,0,Monday,expand,0.0030731582202801456,0.10288260963241758,0.00028668013690152927,0.5007,0.9986019572598481,2.5763930497303815,3.215498302376673
1h,2023-09-25T23:00:00+00:00,2023-09-26T00:00:00+00:00,0,1,Tuesday,contract,0.00324248919133948,-0.044052519728351,-0.00014942224548764645,0.5051,1.1482874678281363,1.900613739853483,2.4945555335577003
1h,2023-09-27T02:00:00+00:00,2023-09-27T03:00:00+00:00,3,2,Wednesday,contract,0.0029453965089669206,-0.04120129715487508,-0.0001265689622282273,0.5007,1.4180147793089775,2.0770920711004632,2.0770920711004632
1h,2023-09-29T12:00:00+00:00,2023-09-29T13:00:00+00:00,13,4,Friday,expand,0.005220022336174314,0.9399566533255157,0.002529229051063516,0.537,3.184357541899442,4.934823091247666,4.934823091247666
1h,2023-09-29T13:00:00+00:00,2023-09-29T14:00:00+00:00,14,4,Friday,expand,0.00606859216930472,0.16256057512434174,0.0008485698331304062,0.5301,2.4335031126202646,4.546312016600643,4.546312016600643
1h,2023-09-29T19:00:00+00:00,2023-09-29T20:00:00+00:00,20,4,Friday,contract,0.0059428738636922,-0.04266250157069418,-0.0002648364510532417,0.5323,3.869998121360147,4.527522074018413,4.527522074018413
1h,2023-09-29T21:00:00+00:00,2023-09-29T22:00:00+00:00,22,4,Friday,expand,0.006716049402877455,0.15145397031883623,0.0008833808151632724,0.5218,2.242238405519343,2.242238405519343,2.242238405519343
1h,2023-09-30T02:00:00+00:00,2023-09-30T03:00:00+00:00,3,5,Saturday,contract,0.006145283272859853,-0.04249208626264711,-0.0002727140979122923,0.5164,0.5809450038729672,1.006971340046494,1.2587141750581063
1h,2023-09-30T03:00:00+00:00,2023-09-30T04:00:00+00:00,4,5,Saturday,contract,0.005834905896227009,-0.050506602031447634,-0.0003103773766328444,0.5168,0.6385448916408609,1.0061919504644143,1.257739938080507
1h,2023-09-30T04:00:00+00:00,2023-09-30T05:00:00+00:00,5,5,Saturday,contract,0.005553841189353652,-0.04816953552843073,-0.00028106470687335686,0.5171,0.5994971959002111,1.0056081995745683,1.2570102494681998
1h,2023-09-30T05:00:00+00:00,2023-09-30T06:00:00+00:00,6,5,Saturday,contract,0.005299995390114105,-0.04570634819845998,-0.0002538457992395469,0.5162,0.6199147617202813,1.0073614877954462,1.259201859744297
1h,2023-09-30T06:00:00+00:00,2023-09-30T07:00:00+00:00,7,5,Saturday,contract,0.005085710005105952,-0.040431239885199144,-0.00021428538500815279,0.516,0.9883720930232546,1.0077519379845141,1.259689922480632
1h,2023-09-30T07:00:00+00:00,2023-09-30T08:00:00+00:00,8,5,Saturday,contract,0.004858159290455521,-0.04474315570922749,-0.0002275507146504317,0.5151,1.0095127159774981,1.261890894971862,1.261890894971862
1h,2023-09-30T08:00:00+00:00,2023-09-30T09:00:00+00:00,9,5,Saturday,contract,0.004668290769708704,-0.039082399195892514,-0.00018986852074681648,0.5166,0.7549361207897822,1.2582268679829776,1.2582268679829776
1h,2023-09-30T09:00:00+00:00,2023-09-30T10:00:00+00:00,10,5,Saturday,contract,0.00443484142901523,-0.05000745502149628,-0.00023344934069347446,0.5166,0.7742934572202873,1.2582268679829776,1.2582268679829776
1h,2023-09-30T12:00:00+00:00,2023-09-30T13:00:00+00:00,13,5,Saturday,contract,0.004152167135403229,-0.04175666505404929,-0.0001809359334925542,0.5162,0.6586594343277934,1.123595505617983,1.820999612553267
1h,2023-09-30T16:00:00+00:00,2023-09-30T17:00:00+00:00,17,5,Saturday,contract,0.0037293587451648247,-0.04017655251157193,-0.00015610451885882982,0.5179,0.7530411276308195,1.119907318015066,1.8150222050588847
1h,2023-10-01T06:00:00+00:00,2023-10-01T07:00:00+00:00,7,6,Sunday,contract,0.0025757869487646914,-0.03946491112430117,-0.00010582976528959297,0.5177,1.0430751400425093,2.27931234305583,2.3565771682441543
1h,2023-10-01T22:00:00+00:00,2023-10-01T23:00:00+00:00,23,6,Sunday,expand,0.002942148187576733,0.18085329780956072,0.00045060398557102317,0.5251,0.8950676061702604,1.4092553799276255,5.922681394020179
1h,2023-10-02T15:00:00+00:00,2023-10-02T16:00:00+00:00,16,0,Monday,expand,0.003234865731691555,0.11582255204251779,0.0003357795591006534,0.5172,5.375096674400617,5.375096674400617,5.375096674400617
1h,2023-10-02T18:00:00+00:00,2023-10-02T19:00:00+00:00,19,0,Monday,expand,0.005128607876285114,0.5152529365144045,0.00174395324028576,0.5114,1.3687915526007053,2.053187328901047,2.3073914743840285
1h,2023-10-03T02:00:00+00:00,2023-10-03T03:00:00+00:00,3,1,Tuesday,contract,0.004488442684147629,-0.05026909652131839,-0.00023757251416520533,0.5137,1.6157290247225957,1.8687950165466112,8.351177730192706
1h,2023-10-03T22:00:00+00:00,2023-10-03T23:00:00+00:00,23,1,Tuesday,expand,0.004695557634434778,0.32304184730011487,0.001146495566581945,0.5278,5.7408109132247045,5.7408109132247045,5.7408109132247045
1h,2023-10-03T23:00:00+00:00,2023-10-04T00:00:00+00:00,0,2,Wednesday,expand,0.0058244463748322916,0.24041633141052965,0.001128888740397514,0.5386,4.64166357222429,4.64166357222429,4.64166357222429
1h,2023-10-04T00:00:00+00:00,2023-10-04T01:00:00+00:00,1,2,Wednesday,expand,0.007079843062344269,0.21553923012092713,0.0012553966875119777,0.5265,3.285849952516616,3.4377967711301056,3.4377967711301056
1h,2023-10-04T21:00:00+00:00,2023-10-04T22:00:00+00:00,22,2,Wednesday,contract,0.005974838533848575,-0.04399923686489482,-0.00027498757952680846,0.5312,1.4118975903614575,2.560240963855432,3.6144578313253004
1h,2023-10-04T22:00:00+00:00,2023-10-04T23:00:00+00:00,23,2,Wednesday,contract,0.00569806435285939,-0.04632329048244699,-0.00027677418098918504,0.5331,1.406865503657862,2.5511161132995794,3.6015756893640956
1h,2023-10-05T02:00:00+00:00,2023-10-05T03:00:00+00:00,3,3,Thursday,contract,0.005020650665920898,-0.04283162949219499,-0.0002246654358400704,0.5297,1.6235605059467515,2.9828204644138054,2.9828204644138054
1h,2023-10-05T04:00:00+00:00,2023-10-05T05:00:00+00:00,5,3,Thursday,contract,0.0046030100129624,-0.04626890323737587,-0.00022330846253557513,0.5289,1.6260162601626116,2.6848175458498753,2.6848175458498753
1h,2023-10-05T08:00:00+00:00,2023-10-05T09:00:00+00:00,9,3,Thursday,contract,0.004388636739385126,-0.04179708636481394,-0.0001914335953373163,0.5225,0.8229665071770279,2.354066985645929,2.354066985645929
1h,2023-10-05T15:00:00+00:00,2023-10-05T16:00:00+00:00,16,3,Thursday,expand,0.004481091509377497,0.13257259104344543,0.0005245314223555758,0.5186,1.6004627844195862,1.8704203625144702,2.082529888160438
1h,2023-10-05T20:00:00+00:00,2023-10-05T21:00:00+00:00,21,3,Thursday,contract,0.004155462028082241,-0.05353278004230677,-0.00023503554062171122,0.5224,0.5551301684532952,2.0673813169984747,2.0865237366003107
1h,2023-10-05T21:00:00+00:00,2023-10-05T22:00:00+00:00,22,3,Thursday,contract,0.003980071883219226,-0.042207134532271984,-0.0001753901448630149,0.5233,0.6115039174469675,2.063825721383534,2.6753296388305015
1h,2023-10-06T01:00:00+00:00,2023-10-06T02:00:00+00:00,2,4,Friday,contract,0.0034961899483711006,-0.04809111219782913,-0.00017662999602854803,0.5251,1.2378594553418512,2.056751095029524,2.6661588268901184
1h,2023-10-06T18:00:00+00:00,2023-10-06T19:00:00+00:00,19,4,Friday,contract,0.003068246343166283,-0.04014506860511813,-0.00012832664178201664,0.5238,1.2218403970981428,1.8518518518518596,2.0427644138984427
1h,2023-10-07T02:00:00+00:00,2023-10-07T03:00:00+00:00,3,5,Saturday,contract,0.0026667510492886137,-0.04323918955976136,-0.0001205193114837402,0.5234,0.783339701948795,0.9743981658387455,0.9743981658387455
1h,2023-10-07T21:00:00+00:00,2023-10-07T22:00:00+00:00,22,5,Saturday,contract,0.0018486331608976903,-0.041810088772770815,-8.066408929982062e-05,0.5216,0.3642638036809841,0.9202453987730113,1.5912576687116518
1h,2023-10-07T22:00:00+00:00,2023-10-07T23:00:00+00:00,23,5,Saturday,contract,0.0017737307922621427,-0.04051770260313581,-7.49023686355476e-05,0.5216,0.44095092024539284,0.9202453987730113,1.5912576687116518
1h,2023-10-08T15:00:00+00:00,2023-10-08T16:00:00+00:00,16,6,Sunday,expand,0.001839141036279929,0.18080124322006852,0.00028160453567077073,0.5173,0.38662284941040054,1.75913396481732,7.326502996327092
1h,2023-10-09T00:00:00+00:00,2023-10-09T01:00:00+00:00,1,0,Monday,expand,0.0018328423506844952,0.13679322413555628,0.00022055058840887926,0.5157,0.9307737056428206,7.34923405080474,7.34923405080474
1h,2023-10-09T01:00:00+00:00,2023-10-09T02:00:00+00:00,2,0,Monday,expand,0.002044782182778462,0.1156345127090801,0.0002119398320939666,0.5186,1.0412649440802084,7.211723871962976,7.211723871962976
1h,2023-10-09T08:00:00+00:00,2023-10-09T09:00:00+00:00,9,0,Monday,expand,0.002532989848789875,0.16927186306404352,0.0003666930885546228,0.5083,5.705292150304944,5.705292150304944,5.705292150304944
1h,2023-10-09T09:00:00+00:00,2023-10-09T10:00:00+00:00,10,0,Monday,expand,0.004423490573876314,0.7463514810332215,0.001890500725086439,0.5005,1.2387612387612357,3.296703296703311,3.296703296703311
1h,2023-10-09T19:00:00+00:00,2023-10-09T20:00:00+00:00,20,0,Monday,contract,0.00407450300874102,-0.044631443622434874,-0.0001903463852877714,0.5008,1.2380191693290923,2.3162939297124705,3.0351437699680606
1h,2023-10-09T23:00:00+00:00,2023-10-10T00:00:00+00:00,0,1,Tuesday,contract,0.0037344851216329724,-0.045879658790453526,-0.00017957577858715478,0.5023,0.9556042205853019,2.189926338841321,2.189926338841321
1h,2023-10-10T03:00:00+00:00,2023-10-10T04:00:00+00:00,4,1,Tuesday,contract,0.003382508058073702,-0.04314009773274874,-0.00015250061985182207,0.4998,1.2204881952781101,1.9807923169267636,3.66146458583433
1h,2023-10-10T22:00:00+00:00,2023-10-10T23:00:00+00:00,23,1,Tuesday,contract,0.0029488478101702344,-0.04362971536585247,-0.00013452675462847716,0.4986,3.389490573606102,3.750501403931006,4.37224227837946
1h,2023-10-11T02:00:00+00:00,2023-10-11T03:00:00+00:00,3,2,Wednesday,expand,0.0036184725714877154,0.26934431194865094,0.0007678098021932527,0.4906,2.079086832450059,2.7109661638809577,2.7109661638809577
1h,2023-10-11T20:00:00+00:00,2023-10-11T21:00:00+00:00,21,2,Wednesday,contract,0.003608531959387986,-0.04301419273110718,-0.00016219476610676792,0.4859,0.823214653220828,3.107635315908624,3.5604033751800856
1h,2023-10-11T22:00:00+00:00,2023-10-11T23:00:00+00:00,23,2,Wednesday,contract,0.0033093974547784137,-0.04884636394303765,-0.00016995365036757103,0.4873,1.1081469320747006,3.09870716191258,3.5501744305356118
1h,2023-10-12T16:00:00+00:00,2023-10-12T17:00:00+00:00,17,3,Thursday,expand,0.0036973037085497105,0.17915340658403878,0.0005617458685730999,0.4812,0.8104738154613496,1.3092269326683235,1.371571072319201
1h,2023-10-13T20:00:00+00:00,2023-10-13T21:00:00+00:00,21,4,Friday,expand,0.0029416533729379516,0.1319695467648252,0.0003429497405432356,0.4871,1.3549579141859978,1.5397249024840909,1.5397249024840909
1h,2023-10-14T00:00:00+00:00,2023-10-14T01:00:00+00:00,1,5,Saturday,contract,0.0029466254160891506,-0.043608120842164255,-0.0001343558012376245,0.4852,0.4740313272877214,1.03050288540808,1.03050288540808
1h,2023-10-14T03:00:00+00:00,2023-10-14T04:00:00+00:00,4,5,Saturday,contract,0.002706390684820652,-0.046256850637922065,-0.00013126082190928088,0.485,0.6391752577319685,1.0309278350515474,1.0309278350515474
1h,2023-10-14T07:00:00+00:00,2023-10-14T08:00:00+00:00,8,5,Saturday,contract,0.002365528018251841,-0.04251677743285365,-0.00010504061678860352,0.4835,0.496380558428131,0.9513960703205777,0.9513960703205777
1h,2023-10-15T05:00:00+00:00,2023-10-15T06:00:00+00:00,6,6,Sunday,contract,0.001599908879761349,-0.04587006401091154,-7.691606767395065e-05,0.4856,0.6177924217462938,1.0296540362438231,2.8830313014827045
1h,2023-10-15T07:00:00+00:00,2023-10-15T08:00:00+00:00,8,6,Sunday,contract,0.0014810438810187144,-0.0531627432538635,-8.315722161682335e-05,0.4861,0.4731536720839269,1.0285949393128995,2.8800658300761186
1h,2023-10-16T04:00:00+00:00,2023-10-16T05:00:00+00:00,5,0,Monday,expand,0.0019987827714334086,0.11124414368634361,0.00020009363296666035,0.4859,2.346161761679362,5.165671948960694,5.165671948960694
1h,2023-10-16T05:00:00+00:00,2023-10-16T06:00:00+00:00,6,0,Monday,expand,0.0026702982877595954,0.3359622295746605,0.0006715155163261868,0.4934,0.8512363194163026,4.337251722740176,4.762869882448322
1h,2023-10-16T13:00:00+00:00,2023-10-16T14:00:00+00:00,14,0,Monday,expand,0.0039057590457285524,0.4640700735094556,0.001238018534943959,0.4962,1.6928657799274414,2.27730753728336,3.2849657396211285
1h,2023-10-17T01:00:00+00:00,2023-10-17T02:00:00+00:00,2,1,Tuesday,contract,0.003447665467110623,-0.03959228008203142,-0.00014212811285466403,0.4946,1.496158511928835,2.5070764253942626,2.5070764253942626
1h,2023-10-17T05:00:00+00:00,2023-10-17T06:00:00+00:00,6,1,Tuesday,contract,0.003271727233604396,-0.04857995766582546,-0.00016705594104649306,0.4911,0.8348605172062701,2.2398696803095115,2.2398696803095115
1h,2023-10-17T13:00:00+00:00,2023-10-17T14:00:00+00:00,14,1,Tuesday,expand,0.0035899995824900956,0.1311197572448637,0.000416153878269993,0.4889,0.7363469012067891,1.0636121906320275,1.4726938024135783
1h,2023-10-17T16:00:00+00:00,2023-10-17T17:00:00+00:00,17,1,Tuesday,contract,0.0032818254674674696,-0.0422449647830907,-0.00014475580518980447,0.4905,0.8766564729867423,1.42711518858308,1.4678899082568775
1h,2023-10-17T23:00:00+00:00,2023-10-18T00:00:00+00:00,0,2,Wednesday,contract,0.00276320043906723,-0.04931083758433019,-0.00014332311069747842,0.4908,0.550122249388749,1.1817440912795378,1.4466177669111644
1h,2023-10-19T01:00:00+00:00,2023-10-19T02:00:00+00:00,2,3,Thursday,expand,0.002884151712147453,0.198728296294292,0.0004781421759886572,0.4836,0.6823821339950424,2.853598014888333,11.455748552522737
1h,2023-10-19T20:00:00+00:00,2023-10-19T21:00:00+00:00,21,3,Thursday,expand,0.0037631221814934117,0.4311081970130439,0.001133605986038965,0.503,5.825049701789263,5.825049701789263,5.825049701789263
1h,2023-10-19T21:00:00+00:00,2023-10-19T22:00:00+00:00,22,3,Thursday,expand,0.00480861345424388,0.27782549232445075,0.0010454912727504684,0.5057,5.398457583547556,5.398457583547556,5.398457583547556
1h,2023-10-19T23:00:00+00:00,2023-10-20T00:00:00+00:00,0,4,Friday,expand,0.006001814662077627,0.15718385815593128,0.0008152450259940247,0.5193,3.601001347968407,4.274985557481224,4.274985557481224
1h,2023-10-20T00:00:00+00:00,2023-10-20T01:00:00+00:00,1,4,Friday,expand,0.006744542186214938,0.12375049313505504,0.0007427275241373103,0.5169,2.263493905977932,4.1981040820274815,4.1981040820274815
1h,2023-10-20T22:00:00+00:00,2023-10-20T23:00:00+00:00,23,4,Friday,contract,0.005449942708299241,-0.0412716618623965,-0.0002346109775614837,0.5198,1.9430550211619848,4.7133512889573055,4.7133512889573055
1h,2023-10-21T01:00:00+00:00,2023-10-21T02:00:00+00:00,2,5,Saturday,contract,0.005110868852089438,-0.04609862308586432,-0.00024698991169918704,0.5127,0.7801833430856258,4.778622976399468,4.778622976399468
1h,2023-10-21T02:00:00+00:00,2023-10-21T03:00:00+00:00,3,5,Saturday,contract,0.004910092505511628,-0.039284190690146215,-0.00020077634657781045,0.512,0.957031250000003,4.667968750000006,4.667968750000006
1h,2023-10-21T04:00:00+00:00,2023-10-21T05:00:00+00:00,5,5,Saturday,contract,0.004525538946078901,-0.051976579694527736,-0.00024811838046761084,0.5139,1.1480832846857396,4.495037945125512,4.495037945125512
1h,2023-10-21T10:00:00+00:00,2023-10-21T11:00:00+00:00,11,5,Saturday,contract,0.003723615441214983,-0.04768022942659489,-0.0001864319570165393,0.5169,3.9466047591410494,3.9466047591410494,4.894563745405298
1h,2023-10-21T14:00:00+00:00,2023-10-21T15:00:00+00:00,15,5,Saturday,expand,0.004582983148077398,0.29065216898298574,0.001032078219378662,0.523,1.3384321223709381,2.04588910133844,3.307839388145312
1h,2023-10-22T04:00:00+00:00,2023-10-22T05:00:00+00:00,5,6,Sunday,contract,0.003812883253993221,-0.04458109015251566,-0.00017791409646102097,0.5209,2.7260510654636185,2.7260510654636185,3.3979650604722473
1h,2023-10-22T07:00:00+00:00,2023-10-22T08:00:00+00:00,8,6,Sunday,expand,0.0042752567452708145,0.16385663419699026,0.0006019033272868604,0.5159,0.7947276603993007,1.8220585384764634,3.0819926342314448
1h,2023-10-23T07:00:00+00:00,2023-10-23T08:00:00+00:00,8,0,Monday,expand,0.004057087714940595,0.11272150432546901,0.0004109932526968744,0.5237,2.5587168226083574,6.053083826618304,6.702310483101015
1h,2023-10-23T09:00:00+00:00,2023-10-23T10:00:00+00:00,10,0,Monday,expand,0.00499922359094368,0.1226616529829303,0.0005462135699274093,0.5267,1.6138219100057078,6.037592557433085,6.246440098727937
1h,2023-10-23T22:00:00+00:00,2023-10-23T23:00:00+00:00,23,0,Monday,expand,0.005995678154263544,0.14894453401954277,0.0007772555265951123,0.5504,3.0341569767441947,9.320494186046515,10.574127906976749
1h,2023-10-24T12:00:00+00:00,2023-10-24T13:00:00+00:00,13,1,Tuesday,expand,0.008822563735487086,0.300143608766372,0.002036725866500993,0.5726,9.081383164512758,9.081383164512758,9.081383164512758
1h,2023-10-24T15:00:00+00:00,2023-10-24T16:00:00+00:00,16,1,Tuesday,expand,0.012314312145359016,0.32302122583035686,0.0030065913734339204,0.5536,3.540462427745656,4.461705202312129,4.461705202312129
1h,2023-10-24T17:00:00+00:00,2023-10-24T18:00:00+00:00,18,1,Tuesday,contract,0.01205162628860037,-0.040726877020323404,-0.0005116635606615683,0.5536,3.4140173410404677,4.461705202312129,4.461705202312129
1h,2023-10-24T22:00:00+00:00,2023-10-24T23:00:00+00:00,23,1,Tuesday,contract,0.010837843011046917,-0.04369681433691841,-0.0004952186931574589,0.5618,2.046991812032744,4.04058383766464,4.289782840868639
1h,2023-10-25T06:00:00+00:00,2023-10-25T07:00:00+00:00,7,2,Wednesday,contract,0.00865747225563253,-0.045439039100259815,-0.0004121132504332735,0.5503,2.5258949663819577,4.379429402144287,4.379429402144287
1h,2023-10-25T12:00:00+00:00,2023-10-25T13:00:00+00:00,13,2,Wednesday,contract,0.007725534521747076,-0.0467506850701197,-0.00037888727090362815,0.5533,1.933851436833552,2.5483462859208386,3.921923007410074
1h,2023-10-25T22:00:00+00:00,2023-10-25T23:00:00+00:00,23,2,Wednesday,contract,0.006890005062627931,-0.04468858676668497,-0.00032230808174061633,0.5546,1.1179228272629091,5.04868373602595,5.04868373602595
1h,2023-10-26T02:00:00+00:00,2023-10-26T03:00:00+00:00,3,3,Thursday,contract,0.0059974420708485176,-0.04760863228285506,-0.0002998032362191176,0.554,1.8231046931407937,5.05415162454872,5.05415162454872
1h,2023-10-26T08:00:00+00:00,2023-10-26T09:00:00+00:00,9,3,Thursday,expand,0.006477124468831849,0.13054389282910783,0.0007479135023975491,0.5629,2.7180671522472872,4.334695327766918,4.334695327766918
1h,2023-10-26T19:00:00+00:00,2023-10-26T20:00:00+00:00,20,3,Thursday,contract,0.006600089100077817,-0.0445438032972062,-0.0003076991615444521,0.551,0.9618874773139895,2.5045372050816757,6.352087114337573
1h,2023-10-26T20:00:00+00:00,2023-10-26T21:00:00+00:00,21,3,Thursday,contract,0.006307225592929406,-0.044372659627421984,-0.0002928635071484109,0.5518,0.7792678506705476,2.500906125407763,6.3428778542950415
1h,2023-10-26T21:00:00+00:00,2023-10-26T22:00:00+00:00,22,3,Thursday,contract,0.005985280907720165,-0.051043787869289314,-0.00032194468520924113,0.5519,1.8662801232107427,2.5004529806124363,6.341728574017039
1h,2023-10-26T22:00:00+00:00,2023-10-26T23:00:00+00:00,23,3,Thursday,contract,0.005743475128597299,-0.04040007191825701,-0.0002418057791228655,0.554,1.8953068592057878,2.4909747292418833,6.317689530685926
1h,2023-10-26T23:00:00+00:00,2023-10-27T00:00:00+00:00,0,4,Friday,contract,0.0054975126194117836,-0.042824684303209626,-0.00024596250918551554,0.5535,1.8970189701897135,2.493224932249329,6.323396567299013
1h,2023-10-27T03:00:00+00:00,2023-10-27T04:00:00+00:00,4,4,Friday,contract,0.005451336888874951,-0.04127962491308079,-0.00023471822222115302,0.5525,1.3755656108597176,5.737556561085964,5.737556561085964
1h,2023-10-27T09:00:00+00:00,2023-10-27T10:00:00+00:00,10,4,Friday,contract,0.00491622145869993,-0.04649196278952317,-0.00023970934297691624,0.5519,1.1958688168146496,5.743794165609704,5.743794165609704
1h,2023-10-27T17:00:00+00:00,2023-10-27T18:00:00+00:00,18,4,Friday,expand,0.006340395568159679,0.3388194942330598,0.0016045849562954092,0.5427,1.639948406117564,1.805785885387881,2.3217247097844016
1h,2023-10-27T19:00:00+00:00,2023-10-27T20:00:00+00:00,20,4,Friday,contract,0.006029218627647885,-0.045417869744226125,-0.00028686297135753144,0.5451,0.9356081452944401,1.852871032838011,1.852871032838011
1h,2023-10-27T20:00:00+00:00,2023-10-27T21:00:00+00:00,21,4,Friday,contract,0.0057771315828158976,-0.041810897962134774,-0.00025208704483198775,0.5457,0.9895547003848401,1.8508337914605093,1.8508337914605093
1h,2023-10-27T21:00:00+00:00,2023-10-27T22:00:00+00:00,22,4,Friday,contract,0.005485907898329042,-0.05040973713548458,-0.0002912236844868554,0.5461,1.1719465299395846,1.8494781175608859,1.8494781175608859
1h,2023-10-27T22:00:00+00:00,2023-10-27T23:00:00+00:00,23,4,Friday,contract,0.005215485905591255,-0.04929393598098042,-0.0002704219927377868,0.5455,1.1182401466544445,1.8515123739688357,1.8515123739688357
1h,2023-10-28T00:00:00+00:00,2023-10-28T01:00:00+00:00,1,5,Saturday,contract,0.004979679173698582,-0.039748705246510974,-0.00020612916720757699,0.5424,0.9955752212389513,1.8620943952802356,1.8620943952802356
1h,2023-10-28T03:00:00+00:00,2023-10-28T04:00:00+00:00,4,5,Saturday,contract,0.004476004061448898,-0.04865609336945964,-0.00022892338934222666,0.5456,0.5865102639296152,1.3746334310850352,1.8878299120234558
1h,2023-10-28T06:00:00+00:00,2023-10-28T07:00:00+00:00,7,5,Saturday,contract,0.003957974097304385,-0.05087420767011053,-0.00021215185363880097,0.5458,0.6229388054232448,1.3741297178453558,1.8871381458409633
1h,2023-10-28T07:00:00+00:00,2023-10-28T08:00:00+00:00,8,5,Saturday,contract,0.003782404518925505,-0.0443584455235454,-0.00017556957837888037,0.5451,1.0456796917996563,1.375894331315346,1.8895615483397497
1h,2023-10-28T16:00:00+00:00,2023-10-28T17:00:00+00:00,17,5,Saturday,contract,0.0032518822664061695,-0.03979167470342426,-0.00013476017433894025,0.5476,0.584368151935716,1.6252739225712236,3.506208911614316
1h,2023-10-28T17:00:00+00:00,2023-10-28T18:00:00+00:00,18,5,Saturday,contract,0.003112462104520012,-0.04287368067609609,-0.0001394201618861576,0.5469,0.5851161089778717,2.4867434631559804,3.9312488571950923
1h,2023-10-29T09:00:00+00:00,2023-10-29T10:00:00+00:00,10,6,Sunday,expand,0.002810811988115491,0.11229937306018134,0.0002837836932218902,0.5514,1.0155966630395445,1.9042437431991213,2.2850924918389652
1h,2023-10-30T11:00:00+00:00,2023-10-30T12:00:00+00:00,12,0,Monday,expand,0.003985453602673683,0.14635133884279505,0.0005088112613327897,0.5632,3.977272727272722,3.977272727272722,11.434659090909092
1h,2023-10-30T13:00:00+00:00,2023-10-30T14:00:00+00:00,14,0,Monday,expand,0.00508694723904006,0.24264782580350608,0.0009933117508430728,0.5761,2.7078632181912776,2.7078632181912776,11.057108140947769
1h,2023-10-30T23:00:00+00:00,2023-10-31T00:00:00+00:00,0,1,Tuesday,contract,0.005461423515182741,-0.04262980761647506,-0.00024318642424482877,0.5786,1.3480815762184633,11.009332872450758,11.009332872450758
1h,2023-10-31T10:00:00+00:00,2023-10-31T11:00:00+00:00,11,1,Tuesday,expand,0.007158383199304978,0.2640900941793105,0.0014955089846688452,0.6012,6.104457751164349,7.451763140385906,7.73453093812375
1h,2023-10-31T11:00:00+00:00,2023-10-31T12:00:00+00:00,12,1,Tuesday,expand,0.008947070113640336,0.24987303201497024,0.0017886869143353586,0.6044,5.344142951687623,5.344142951687623,5.62541363335538
1h,2023-10-31T12:00:00+00:00,2023-10-31T13:00:00+00:00,13,1,Tuesday,expand,0.009843707962666025,0.10021580669840868,0.0008966378490256888,0.6,4.066666666666663,4.066666666666663,4.8499999999999845
1h,2023-10-31T22:00:00+00:00,2023-10-31T23:00:00+00:00,23,1,Tuesday,contract,0.00884609228978644,-0.04758854106769983,-0.0004420070992143411,0.5985,1.3700918964076834,5.279866332497905,6.265664160400998
1h,2023-11-01T01:00:00+00:00,2023-11-01T02:00:00+00:00,2,2,Wednesday,contract,0.008007822434643153,-0.0406215295664315,-0.00033906326420331603,0.5944,2.506729475100946,5.316285329744273,6.30888290713324
1h,2023-11-01T02:00:00+00:00,2023-11-01T03:00:00+00:00,3,2,Wednesday,contract,0.007650120832168642,-0.044669022745438824,-0.0003577016024745106,0.5954,2.720859926100099,5.660060463553905,6.298286865972451
1h,2023-11-01T07:00:00+00:00,2023-11-01T08:00:00+00:00,8,2,Wednesday,expand,0.008431323098519945,0.10004842066490416,0.0007668213001138478,0.5987,1.4364456322031154,4.142308334725246,4.142308334725246
1h,2023-11-02T03:00:00+00:00,2023-11-02T04:00:00+00:00,4,3,Thursday,contract,0.007080311096894666,-0.04244825446954403,-0.00031387008437651267,0.6121,1.5683711811795547,6.796275118444695,6.796275118444695
1h,2023-11-02T10:00:00+00:00,2023-11-02T11:00:00+00:00,11,3,Thursday,expand,0.007296524217891319,0.13937884861014616,0.0008925750601622004,0.6172,4.131561892417364,6.740116655865193,6.740116655865193
1h,2023-11-02T16:00:00+00:00,2023-11-02T17:00:00+00:00,17,3,Thursday,expand,0.009267444894829616,0.10484328478031468,0.0008794273157823398,0.601,2.3460898502495846,3.760399334442588,3.760399334442588
1h,2023-11-02T21:00:00+00:00,2023-11-02T22:00:00+00:00,22,3,Thursday,contract,0.008368309925432795,-0.03945306696843154,-0.0003437161481102142,0.6076,2.863726135615532,3.4891375905200785,3.9499670836076217
1h,2023-11-04T02:00:00+00:00,2023-11-04T03:00:00+00:00,3,5,Saturday,contract,0.005179433309299748,-0.043734454473453255,-0.00023687948533075015,0.6103,0.9667376699983642,1.6713091922005552,3.686711453383576
1h,2023-11-04T03:00:00+00:00,2023-11-04T04:00:00+00:00,4,5,Saturday,contract,0.00497375950149262,-0.03970971253512179,-0.00020567380780712758,0.6119,1.2093479326687486,1.6669390423271753,3.67707141689818
1h,2023-11-04T20:00:00+00:00,2023-11-04T21:00:00+00:00,21,5,Saturday,contract,0.003477811696645915,-0.039877618786567925,-0.0001444470535881437,0.6135,2.8687856560717293,6.878565607171966,7.856560717196418
1h,2023-11-05T00:00:00+00:00,2023-11-05T01:00:00+00:00,1,6,Sunday,expand,0.004249786023216998,0.29393663970527006,0.0009654010751371563,0.6231,1.3160006419515302,5.889905312148926,11.314395763119887
1h,2023-11-05T09:00:00+00:00,2023-11-05T10:00:00+00:00,10,6,Sunday,expand,0.004840635306335931,0.15743128135388007,0.0006584126687433963,0.6285,4.486873508353223,9.864757358790781,10.946698488464612
1h,2023-11-05T10:00:00+00:00,2023-11-05T11:00:00+00:00,11,6,Sunday,expand,0.005644875641597651,0.1661435502503248,0.0008042403352617198,0.6394,4.37910541132312,9.66531122927746,11.260556771973736
1h,2023-11-05T11:00:00+00:00,2023-11-05T12:00:00+00:00,12,6,Sunday,expand,0.006391670238626391,0.13229602287879239,0.0007467945970287401,0.6462,3.5437944908697045,9.563602599814311,11.792014856081716
1h,2023-11-05T13:00:00+00:00,2023-11-05T14:00:00+00:00,14,6,Sunday,expand,0.007645878930244189,0.13282214396630465,0.0008964708515196854,0.6331,3.49075975359343,8.908545253514454,14.531669562470379
1h,2023-11-06T00:00:00+00:00,2023-11-06T01:00:00+00:00,1,0,Monday,expand,0.01010115003406292,0.18391243361633447,0.0015691423050720812,0.6849,1.6498758942911342,9.56343991823624,12.687983647247773
1h,2023-11-07T00:00:00+00:00,2023-11-07T01:00:00+00:00,1,1,Tuesday,expand,0.015201320042891044,0.3798300312154592,0.0041845138428545335,0.6902,2.796290930165167,6.056215589684142,6.780643291799471
1h,2023-11-07T06:00:00+00:00,2023-11-07T07:00:00+00:00,7,1,Tuesday,contract,0.014340398478061168,-0.041838841858619524,-0.0006261844983124001,0.6936,5.204728950403678,6.747404844290651,6.747404844290651
1h,2023-11-08T03:00:00+00:00,2023-11-08T04:00:00+00:00,4,2,Wednesday,contract,0.011075348336148273,-0.0493569338850377,-0.000575026795088333,0.6853,2.174230264117908,3.8231431489858454,3.8231431489858454
1h,2023-11-08T09:00:00+00:00,2023-11-08T10:00:00+00:00,10,2,Wednesday,contract,0.009303633029585824,-0.03896384129213881,-0.0003772025407373647,0.6814,2.7883768711476233,2.905782213090685,4.197240974464332
1h,2023-11-09T03:00:00+00:00,2023-11-09T04:00:00+00:00,4,3,Thursday,contract,0.007894921613159606,-0.041958066448270825,-0.0003457632010122804,0.6916,2.4291497975708554,15.500289184499705,15.500289184499705
1h,2023-11-09T12:00:00+00:00,2023-11-09T13:00:00+00:00,13,3,Thursday,expand,0.010303406145016309,0.23967744989687834,0.0019920456811525922,0.6855,15.229759299781174,15.229759299781174,15.229759299781174
1h,2023-11-09T16:00:00+00:00,2023-11-09T17:00:00+00:00,17,3,Thursday,expand,0.017068145640040878,0.48663242124486783,0.005587065719996856,0.6548,3.161270616982275,4.459376908979841,5.7422113622480255
1h,2023-11-10T05:00:00+00:00,2023-11-10T06:00:00+00:00,6,4,Friday,contract,0.011747703198846523,-0.050648426413583025,-0.0006267463999112769,0.6661,3.1977180603512965,4.804083470950312,4.804083470950312
1h,2023-11-10T18:00:00+00:00,2023-11-10T19:00:00+00:00,19,4,Friday,contract,0.01013845464042282,-0.04450143106988014,-0.0004721888184940643,0.6596,1.364463311097636,7.30745906610067,7.30745906610067
1h,2023-11-11T08:00:00+00:00,2023-11-11T09:00:00+00:00,9,5,Saturday,expand,0.010227520628278862,0.15730890840016287,0.001390190720901626,0.6686,1.4507927011666066,5.369428656895011,5.369428656895011
1h,2023-11-11T10:00:00+00:00,2023-11-11T11:00:00+00:00,11,5,Saturday,contract,0.009708423398873098,-0.042546742325998754,-0.00043141718452870126,0.6729,2.1994352801307824,5.335116659236148,5.335116659236148
1h,2023-11-11T19:00:00+00:00,2023-11-11T20:00:00+00:00,20,5,Saturday,contract,0.008500826106956095,-0.04741618719971552,-0.0004231404697658519,0.6749,3.259742184027266,4.400651948436813,4.400651948436813
1h,2023-11-12T02:00:00+00:00,2023-11-12T03:00:00+00:00,3,6,Sunday,contract,0.009085036436948139,-0.03893739583619371,-0.0003680797259190821,0.6582,1.3369796414463735,2.2941355211182017,2.2941355211182017
1h,2023-11-12T17:00:00+00:00,2023-11-12T18:00:00+00:00,18,6,Sunday,contract,0.006328007032152248,-0.04000377040768999,-0.0002636928486270942,0.6628,1.3427881713940886,3.1231140615570387,4.420639710319872
1h,2023-11-13T20:00:00+00:00,2023-11-13T21:00:00+00:00,21,0,Monday,expand,0.011721866474442955,0.8053696219498221,0.0052290871942736175,0.7128,15.923120089786746,15.923120089786746,23.358585858585855
1h,2023-11-13T21:00:00+00:00,2023-11-13T22:00:00+00:00,22,0,Monday,expand,0.01899173315483988,0.6201970220567969,0.007269866680396926,0.6553,3.9829085914848177,4.745917900198385,13.963070349458267
1h,2023-11-14T01:00:00+00:00,2023-11-14T02:00:00+00:00,2,1,Tuesday,contract,0.017684792550900195,-0.04718359478478129,-0.0008757532731461688,0.6609,1.876229384173092,4.009683764563485,12.725071871690128
1h,2023-11-14T03:00:00+00:00,2023-11-14T04:00:00+00:00,4,1,Tuesday,contract,0.016221071128072105,-0.04622931917301809,-0.0007862362406209321,0.6601,1.72701105893046,12.740493864565986,12.740493864565986
1h,2023-11-14T04:00:00+00:00,2023-11-14T05:00:00+00:00,5,1,Tuesday,contract,0.015348137476066956,-0.053814797131026326,-0.0008729336520051489,0.6628,1.629450814725412,12.688593844296934,12.688593844296934
1h,2023-11-14T06:00:00+00:00,2023-11-14T07:00:00+00:00,7,1,Tuesday,contract,0.014066506293139365,-0.055603190575262196,-0.0008281927917799525,0.6645,3.175319789315276,12.656132430398806,12.656132430398806
1h,2023-11-14T07:00:00+00:00,2023-11-14T08:00:00+00:00,8,1,Tuesday,contract,0.013390327272200842,-0.04807014669081788,-0.0006761790209385225,0.6647,3.565518278922831,12.652324356852725,12.652324356852725
1h,2023-11-14T10:00:00+00:00,2023-11-14T11:00:00+00:00,11,1,Tuesday,contract,0.012707342936233695,-0.03901822944728006,-0.0005159494566333595,0.6553,2.5942316496261277,11.81138409888601,11.81138409888601
1h,2023-11-14T12:00:00+00:00,2023-11-14T13:00:00+00:00,13,1,Tuesday,contract,0.011893576307262722,-0.03970917082827008,-0.0004918135620971369,0.6535,3.029839326702378,11.843917368018367,11.843917368018367
1h,2023-11-14T16:00:00+00:00,2023-11-14T17:00:00+00:00,17,1,Tuesday,contract,0.011235030531854717,-0.04031154018561989,-0.0004719254255272868,0.6547,10.447533221322747,10.447533221322747,10.447533221322747
1h,2023-11-14T18:00:00+00:00,2023-11-14T19:00:00+00:00,19,1,Tuesday,expand,0.014650613060629836,0.338344926043723,0.0037037989953361723,0.612,3.5294117647058747,4.575163398692815,5.751633986928106
1h,2023-11-14T20:00:00+00:00,2023-11-14T21:00:00+00:00,21,1,Tuesday,contract,0.014187008200236944,-0.04399280082583046,-0.0006528467846336171,0.6248,1.8085787451984598,3.0889884763124176,4.01728553137004
1h,2023-11-14T22:00:00+00:00,2023-11-14T23:00:00+00:00,23,1,Tuesday,contract,0.012975532580816549,-0.05105570690720396,-0.0006981178908320416,0.6293,1.2553631018592117,2.5266168758938545,4.036230732559984
1h,2023-11-14T23:00:00+00:00,2023-11-15T00:00:00+00:00,0,2,Wednesday,contract,0.012384423110758228,-0.04555570003594589,-0.0005911094700583215,0.6294,0.9850651414045097,2.526215443279318,4.035589450270096
1h,2023-11-15T00:00:00+00:00,2023-11-15T01:00:00+00:00,1,2,Wednesday,contract,0.011835535745704071,-0.044320785889279235,-0.0005488873650541567,0.6274,0.9882052916799463,2.69365635957922,4.048453936882368
1h,2023-11-15T02:00:00+00:00,2023-11-15T03:00:00+00:00,3,2,Wednesday,contract,0.010930640515428507,-0.0439392174873805,-0.0005023569627252717,0.6299,1.4923003651373352,2.8099698364819887,3.8736307350373043
1h,2023-11-15T03:00:00+00:00,2023-11-15T04:00:00+00:00,4,2,Wednesday,contract,0.010471309050040761,-0.04202237414535803,-0.000459331465387746,0.6266,1.4522821576763656,3.2397063517395615,3.8461538461538476
1h,2023-11-15T04:00:00+00:00,2023-11-15T05:00:00+00:00,5,2,Wednesday,contract,0.010059072689323567,-0.03936817820457594,-0.0004122363607171938,0.631,1.3153724247226584,2.9635499207607054,4.041204437400945
1h,2023-11-15T07:00:00+00:00,2023-11-15T08:00:00+00:00,8,2,Wednesday,contract,0.008934468913427073,-0.05403429163483853,-0.0005103437625713168,0.6296,1.8265565438373499,3.335451080050811,3.8278271918678364
1h,2023-11-15T12:00:00+00:00,2023-11-15T13:00:00+00:00,13,2,Wednesday,contract,0.007780450977035391,-0.04060135299891876,-0.0003292654597719484,0.638,1.0658307210031392,3.4169278996865096,3.4169278996865096
1h,2023-11-15T13:00:00+00:00,2023-11-15T14:00:00+00:00,14,2,Wednesday,contract,0.0074747044786757245,-0.03929675789515308,-0.00030574649835966687,0.6369,1.601507300989164,3.42282932956507,6.908462867012079
1h,2023-11-16T03:00:00+00:00,2023-11-16T04:00:00+00:00,4,3,Thursday,contract,0.006113985711847029,-0.04807410329008599,-0.00030876813168054153,0.6467,1.2061233957012398,7.839802072058136,7.839802072058136
1h,2023-11-16T13:00:00+00:00,2023-11-16T14:00:00+00:00,14,3,Thursday,expand,0.007983695288844975,0.2865477603170865,0.0017781772854734649,0.63,2.888888888888888,4.793650793650794,4.793650793650794
1h,2023-11-17T05:00:00+00:00,2023-11-17T06:00:00+00:00,6,4,Friday,contract,0.006987624068420979,-0.041040409426844726,-0.00029904800526315244,0.6217,1.7371722695833876,6.321376869872928,6.321376869872928
1h,2023-11-17T14:00:00+00:00,2023-11-17T15:00:00+00:00,15,4,Friday,expand,0.007813285593411585,0.13127564017483895,0.0009066703389683448,0.5964,3.9906103286385046,5.214621059691485,5.214621059691485
1h,2023-11-17T19:00:00+00:00,2023-11-17T20:00:00+00:00,20,4,Friday,contract,0.008131461868259084,-0.04023463875663491,-0.0003408816821737718,0.6069,1.664195089800626,4.531224254407641,4.531224254407641
1h,2023-11-18T02:00:00+00:00,2023-11-18T03:00:00+00:00,3,5,Saturday,contract,0.006490893865697765,-0.04731596373148916,-0.00032237645120752195,0.6089,2.5619970438495563,4.138610609295451,4.253572015109219
1h,2023-11-18T19:00:00+00:00,2023-11-18T20:00:00+00:00,20,5,Saturday,contract,0.0056152329109449015,-0.04469424386919152,-0.00026271022391884027,0.6134,1.1900880339093534,2.07042712748615,4.124551679165324
1h,2023-11-18T21:00:00+00:00,2023-11-18T22:00:00+00:00,22,5,Saturday,contract,0.00518456307117188,-0.0424040695697947,-0.00022958177470553103,0.6106,1.6704880445463637,4.045201441205381,4.143465443825761
1h,2023-11-18T23:00:00+00:00,2023-11-19T00:00:00+00:00,0,6,Sunday,contract,0.004897403872592077,-0.04639356411735096,-0.00023826183635323496,0.611,1.5875613747954245,4.042553191489371,4.500818330605578
1h,2023-11-19T04:00:00+00:00,2023-11-19T05:00:00+00:00,5,6,Sunday,contract,0.004679646271022364,-0.04218915617760566,-0.0002061266362324895,0.6086,1.1666118961551093,3.253368386460736,3.614853762734147
1h,2023-11-19T12:00:00+00:00,2023-11-19T13:00:00+00:00,13,6,Sunday,expand,0.0051728457728080785,0.224457209694914,0.0009482426328609132,0.6158,1.6076648262422895,2.3059434881455,2.3059434881455
1h,2023-11-20T12:00:00+00:00,2023-11-20T13:00:00+00:00,13,0,Monday,contract,0.004741273802429782,-0.04258101996793062,-0.00021086721557152157,0.6221,2.3147403954348125,2.9898730107699647,2.9898730107699647
1h,2023-11-20T14:00:00+00:00,2023-11-20T15:00:00+00:00,15,0,Monday,expand,0.005346302411278742,0.11652856877727036,0.0005579767375939477,0.6219,1.7526933590609455,2.862196494613288,3.3606689178324536
1h,2023-11-20T20:00:00+00:00,2023-11-20T21:00:00+00:00,21,0,Monday,contract,0.005752767407643977,-0.04045186331840023,-0.00024252056981877157,0.6186,2.0853540252182383,2.1015195602974477,6.288393145813133
1h,2023-11-21T06:00:00+00:00,2023-11-21T07:00:00+00:00,7,1,Tuesday,contract,0.005596165489365377,-0.04082156679332283,-0.0002381665761050254,0.6092,1.9369665134602814,7.51805646749837,7.51805646749837
1h,2023-11-21T15:00:00+00:00,2023-11-21T16:00:00+00:00,16,1,Tuesday,expand,0.006217057675453891,0.111122832600687,0.0006217647941958527,0.6044,4.417604235605569,5.708140304434163,5.708140304434163
1h,2023-11-21T17:00:00+00:00,2023-11-21T18:00:00+00:00,18,1,Tuesday,expand,0.007296340546692392,0.18197985938336725,0.0011233584194852032,0.5924,3.7981093855502976,5.114787305874407,5.114787305874407
1h,2023-11-21T22:00:00+00:00,2023-11-21T23:00:00+00:00,23,1,Tuesday,expand,0.008786506683604787,0.15598950238723042,0.0011856533320304015,0.5802,2.344019303688374,3.6883833160978923,6.756290934160616
1h,2023-11-22T01:00:00+00:00,2023-11-22T02:00:00+00:00,2,2,Wednesday,contract,0.008354867049518848,-0.0503187960849254,-0.00044268208073221585,0.5874,1.276813074565875,1.9918283963227665,4.971058903643154
1h,2023-11-22T02:00:00+00:00,2023-11-22T03:00:00+00:00,3,2,Wednesday,contract,0.008015233688838925,-0.04065095933507179,-0.00033963336067992234,0.5905,1.541066892464013,2.8450465707027814,4.741744284504643
1h,2023-11-22T07:00:00+00:00,2023-11-22T08:00:00+00:00,8,2,Wednesday,contract,0.0070173552352257845,-0.03915355824961908,-0.00028595040270967733,0.5932,1.2980445043830142,4.315576534052589,4.315576534052589
1h,2023-11-22T12:00:00+00:00,2023-11-22T13:00:00+00:00,13,2,Wednesday,contract,0.006092448788735133,-0.04454407051028264,-0.00028403452221039804,0.5956,1.1752854264607129,4.163868368032225,5.355943586299537
1h,2023-11-23T03:00:00+00:00,2023-11-23T04:00:00+00:00,4,3,Thursday,contract,0.005229689765960406,-0.03995853313923414,-0.00021766844353541832,0.6113,0.9651562244397214,2.9281858334696595,3.140847374447897
1h,2023-11-23T05:00:00+00:00,2023-11-23T06:00:00+00:00,6,3,Thursday,contract,0.004970497808404631,-0.04395074728743964,-0.00022849983141574014,0.6095,2.85479901558656,2.936833470057428,3.1501230516817054
1h,2023-11-23T15:00:00+00:00,2023-11-23T16:00:00+00:00,16,3,Thursday,expand,0.005895474139941896,0.11015203064427537,0.0005849635276967743,0.6162,1.7364492048036422,1.9474196689386583,2.0934761441090592
1h,2023-11-23T23:00:00+00:00,2023-11-24T00:00:00+00:00,0,4,Friday,contract,0.0050752415016632755,-0.04866729569435102,-0.0002596339616664032,0.6211,0.7889228787634867,1.7227499597488218,1.7227499597488218
1h,2023-11-24T21:00:00+00:00,2023-11-24T22:00:00+00:00,22,4,Friday,contract,0.004409686709351704,-0.04033919718542078,-0.00018536051610397713,0.6209,0.7569656949589366,1.256240940570127,1.256240940570127
1h,2023-11-25T03:00:00+00:00,2023-11-25T04:00:00+00:00,4,5,Saturday,contract,0.003981874898516881,-0.04222078235775106,-0.00017552883834744994,0.6217,0.4825478526620561,1.2224545600771979,1.3350490590316832
1h,2023-11-25T05:00:00+00:00,2023-11-25T06:00:00+00:00,6,5,Saturday,contract,0.00366600437678241,-0.04538902322674776,-0.00017430802898326563,0.62,0.5806451612903124,1.2258064516128935,1.3387096774193508
1h,2023-11-25T07:00:00+00:00,2023-11-25T08:00:00+00:00,8,5,Saturday,contract,0.003401299692225654,-0.039143205533624714,-0.00013856151478658504,0.6226,1.2206874397687022,1.3331191776421416,1.3331191776421416
1h,2023-11-26T05:00:00+00:00,2023-11-26T06:00:00+00:00,6,6,Sunday,contract,0.0024325611349364936,-0.04333759016079208,-0.00011019701037973031,0.621,0.5636070853462074,5.281803542673116,5.281803542673116
1h,2023-11-26T10:00:00+00:00,2023-11-26T11:00:00+00:00,11,6,Sunday,expand,0.00317347742286319,0.43104716856253344,0.0009558863520874425,0.6338,3.202903124013882,5.175134111707171,5.885137267276743
1h,2023-11-26T12:00:00+00:00,2023-11-26T13:00:00+00:00,13,6,Sunday,expand,0.0038199881860402104,0.09915954436688934,0.000344616293381529,0.6335,4.51460142067878,4.51460142067878,5.619573796369389
1h,2023-11-26T14:00:00+00:00,2023-11-26T15:00:00+00:00,15,6,Sunday,expand,0.004545806140004061,0.13120262516578474,0.0005272456815381471,0.6239,3.446065074531169,3.446065074531169,4.744350056098727
1h,2023-11-26T16:00:00+00:00,2023-11-26T17:00:00+00:00,17,6,Sunday,expand,0.005611945090105535,0.2125418544576121,0.0009836965315303415,0.6128,1.4360313315926942,3.182114882506521,3.769582245430811
1h,2023-11-26T22:00:00+00:00,2023-11-26T23:00:00+00:00,23,6,Sunday,contract,0.004959985458390412,-0.04812511449399548,-0.0002507681121838839,0.6188,1.729153199741442,3.5391079508726615,4.137039431157089
1h,2023-11-28T01:00:00+00:00,2023-11-28T02:00:00+00:00,2,1,Tuesday,contract,0.004568481899646682,-0.041454710445219534,-0.00019757553074205205,0.6039,1.6062261963901192,3.0468620632555012,3.079980129160449
1h,2023-11-28T03:00:00+00:00,2023-11-28T04:00:00+00:00,4,1,Tuesday,contract,0.004272823678776987,-0.04426779797166058,-0.00019790951375207345,0.6046,1.6043665233211928,3.0764141581210636,3.0764141581210636
1h,2023-11-29T03:00:00+00:00,2023-11-29T04:00:00+00:00,4,2,Wednesday,contract,0.0035038924561242553,-0.05210527107048912,-0.00019260711200955833,0.612,1.094771241830072,2.320261437908495,2.320261437908495
1h,2023-11-29T04:00:00+00:00,2023-11-29T05:00:00+00:00,5,2,Wednesday,contract,0.003353614423543948,-0.04288888271032543,-0.00015027803258030716,0.6131,1.3537758930027868,2.316098515739682,2.316098515739682
1h,2023-11-30T18:00:00+00:00,2023-11-30T19:00:00+00:00,19,3,Thursday,contract,0.0033202510217146255,-0.040464846952889655,-0.00014001930936266734,0.6037,0.7950969024349888,1.9214841808845542,1.9214841808845542
1h,2023-11-30T22:00:00+00:00,2023-11-30T23:00:00+00:00,23,3,Thursday,contract,0.0029930520988960757,-0.039331969057472715,-0.0001225424691458552,0.6058,1.5846814130076021,1.8818091779465296,1.8818091779465296
1h,2023-12-01T03:00:00+00:00,2023-12-01T04:00:00+00:00,4,4,Friday,contract,0.003090339019745178,-0.044938795240141216,-0.00014541069382654516,0.6107,0.5731128213525558,1.4900933355166197,1.4900933355166197
1h,2023-12-02T01:00:00+00:00,2023-12-02T02:00:00+00:00,2,5,Saturday,contract,0.0024792075087486385,-0.049521136193670046,-0.00012916980836527809,0.6123,0.5226196308998825,0.8165931732810722,1.9434917524089534
1h,2023-12-02T14:00:00+00:00,2023-12-02T15:00:00+00:00,15,5,Saturday,expand,0.0022852224527829357,0.10057296513202374,0.00020882904209362048,0.614,0.814332247557004,1.8403908794788235,3.6319218241042326
1h,2023-12-02T19:00:00+00:00,2023-12-02T20:00:00+00:00,20,5,Saturday,expand,0.002611083737730433,0.1331628547671868,0.0003068397124822782,0.6194,0.8879560865353486,2.8576041330319746,2.8576041330319746
1h,2023-12-03T10:00:00+00:00,2023-12-03T11:00:00+00:00,11,6,Sunday,expand,0.0033414506441440442,0.32920586368766513,0.000827580719681227,0.6281,2.0219710237223443,2.4996019742079363,4.426046807833155
1h,2023-12-04T08:00:00+00:00,2023-12-04T09:00:00+00:00,9,0,Monday,expand,0.004767275792198585,0.13419609181354697,0.0005640557082924168,0.6389,13.038034121145724,13.038034121145724,13.038034121145724
1h,2023-12-04T11:00:00+00:00,2023-12-04T12:00:00+00:00,12,0,Monday,expand,0.010439615493972406,1.0671052211922385,0.005389260346617508,0.62,2.1935483870967656,3.3064516129032198,3.951612903225801
1h,2023-12-04T18:00:00+00:00,2023-12-04T19:00:00+00:00,19,0,Monday,contract,0.008671303306614218,-0.05349619750874679,-0.0004901002543549419,0.6193,1.4209591474245165,3.9560794445341463,3.9560794445341463
1h,2023-12-04T20:00:00+00:00,2023-12-04T21:00:00+00:00,21,0,Monday,contract,0.007934950300090827,-0.04829766496489307,-0.00040268848462237695,0.6215,1.6411906677393382,3.942075623491547,3.942075623491547
1h,2023-12-04T21:00:00+00:00,2023-12-04T22:00:00+00:00,22,0,Monday,contract,0.0076110252786557725,-0.04082256462669298,-0.00032392502143505433,0.6241,1.8426534209261263,3.925652940233931,3.925652940233931
1h,2023-12-04T23:00:00+00:00,2023-12-05T00:00:00+00:00,0,1,Tuesday,contract,0.007274302408636863,-0.043244559909739966,-0.00032879249297206557,0.625,2.447999999999997,3.919999999999994,3.919999999999994
1h,2023-12-05T03:00:00+00:00,2023-12-05T04:00:00+00:00,4,1,Tuesday,contract,0.007114997685679858,-0.04358390133201584,-0.00032423059120614134,0.6186,2.344002586485606,3.459424506951176,3.459424506951176
1h,2023-12-05T04:00:00+00:00,2023-12-05T05:00:00+00:00,5,1,Tuesday,contract,0.006763926422417009,-0.0493424283144096,-0.0003510712632628487,0.6191,2.3421095138103634,3.45663059279599,3.45663059279599
1h,2023-12-05T05:00:00+00:00,2023-12-05T06:00:00+00:00,6,1,Tuesday,contract,0.006480788820815797,-0.04185994700693929,-0.00028313760160121257,0.6208,2.335695876288653,3.4471649484536044,3.4471649484536044
1h,2023-12-05T09:00:00+00:00,2023-12-05T10:00:00+00:00,10,1,Tuesday,contract,0.0063431515387161515,-0.04231100060568005,-0.000280242426055094,0.6136,0.8800521512385855,3.2594524119947876,5.5736636245110835
1h,2023-12-05T12:00:00+00:00,2023-12-05T13:00:00+00:00,13,1,Tuesday,contract,0.005672705514052247,-0.04249280340060024,-0.000251746578004022,0.6118,1.5691402419091294,3.2690421706440045,5.5900621118012435
1h,2023-12-06T04:00:00+00:00,2023-12-06T05:00:00+00:00,5,2,Wednesday,contract,0.005227096968584436,-0.041296889099185496,-0.0002251613052757194,0.6226,5.139736588499844,5.139736588499844,6.103437198843564
1h,2023-12-06T05:00:00+00:00,2023-12-06T06:00:00+00:00,6,2,Wednesday,expand,0.0058894471851141245,0.12671473678611722,0.0006623502165296882,0.6184,4.576326002587321,5.0937904269081455,6.904915912031042
1h,2023-12-06T11:00:00+00:00,2023-12-06T12:00:00+00:00,12,2,Wednesday,expand,0.007835437426440817,0.1243382396499435,0.0008665048133507059,0.621,1.400966183574868,3.8647342995168934,5.57165861513687
1h,2023-12-07T03:00:00+00:00,2023-12-07T04:00:00+00:00,4,3,Thursday,contract,0.006825804796466836,-0.039256767564234574,-0.00027890806126667275,0.6335,3.4727703235990557,5.319652722967651,5.319652722967651
1h,2023-12-07T09:00:00+00:00,2023-12-07T10:00:00+00:00,10,3,Thursday,expand,0.009045183517793034,0.10066982903996147,0.0008272935755543834,0.6326,1.2646221941195077,3.003477711033831,3.556749920961107
1h,2023-12-07T23:00:00+00:00,2023-12-08T00:00:00+00:00,0,4,Friday,contract,0.007063602102241338,-0.04137785085388679,-0.00030489246940318144,0.6438,1.5998757378067683,3.619136377757065,5.995650823237025
1h,2023-12-08T01:00:00+00:00,2023-12-08T02:00:00+00:00,2,4,Friday,contract,0.006603820179993803,-0.03921302316575026,-0.0002695246292302939,0.6428,1.3534536403235733,5.491599253266957,6.565028002489112
1h,2023-12-08T09:00:00+00:00,2023-12-08T10:00:00+00:00,10,4,Friday,contract,0.005629566074774237,-0.04100910905648536,-0.0002407358519057141,0.6446,2.2339435308718536,5.53831833695316,8.873720136518777
1h,2023-12-09T02:00:00+00:00,2023-12-09T03:00:00+00:00,3,5,Saturday,contract,0.006341289394356406,-0.038952731323569356,-0.00025702226110433865,0.6714,4.498063747393507,5.659815311289847,7.476913911230268
1h,2023-12-09T05:00:00+00:00,2023-12-09T06:00:00+00:00,6,5,Saturday,expand,0.007467132944388129,0.10134877604549186,0.0006871436196624493,0.6867,4.135721566914225,4.805591961555269,6.582204747342364
1h,2023-12-09T08:00:00+00:00,2023-12-09T09:00:00+00:00,9,5,Saturday,expand,0.008956592958753899,0.2004634054051293,0.0014956466954804664,0.6802,1.543663628344614,6.145251396648053,6.145251396648053
1h,2023-12-09T14:00:00+00:00,2023-12-09T15:00:00+00:00,15,5,Saturday,expand,0.009039644993084564,0.11225546969021338,0.0009123350005319567,0.6798,2.809649897028539,4.60429538099441,5.295675198587825
1h,2023-12-09T19:00:00+00:00,2023-12-09T20:00:00+00:00,20,5,Saturday,contract,0.008749934752665086,-0.04891287151127255,-0.0004499949809742363,0.6714,3.54483169496575,4.2448614834673934,4.2448614834673934
1h,2023-12-09T22:00:00+00:00,2023-12-09T23:00:00+00:00,23,5,Saturday,contract,0.008058347905103942,-0.03906136618007816,-0.00032756522346953296,0.6716,3.23108993448482,3.9309112567004303,3.9309112567004303
1h,2023-12-09T23:00:00+00:00,2023-12-10T00:00:00+00:00,0,6,Sunday,expand,0.009032751626167948,0.12091854714374461,0.0009744037210640058,0.6587,1.6699559738879626,3.8408987399423262,3.8408987399423262
1h,2023-12-10T11:00:00+00:00,2023-12-10T12:00:00+00:00,12,6,Sunday,contract,0.008069867004675943,-0.03910917588753715,-0.000328451308052001,0.6566,1.0508681084374074,12.991166615900099,12.991166615900099
1h,2023-12-11T02:00:00+00:00,2023-12-11T03:00:00+00:00,3,0,Monday,expand,0.011292732827821736,0.6330185637856591,0.004377482090167564,0.6217,2.0588708380247582,4.616374457133657,4.616374457133657
1h,2023-12-11T04:00:00+00:00,2023-12-11T05:00:00+00:00,5,0,Monday,contract,0.010674346162764654,-0.0439183477718218,-0.0004903343202126691,0.6282,2.292263610315181,4.536771728748802,4.536771728748802
1h,2023-12-11T10:00:00+00:00,2023-12-11T11:00:00+00:00,11,0,Monday,contract,0.009232389077832664,-0.04330203118253351,-0.00041787608291020406,0.6248,2.3527528809218845,4.113316261203576,4.113316261203576
1h,2023-12-11T11:00:00+00:00,2023-12-11T12:00:00+00:00,12,0,Monday,contract,0.008865789857987473,-0.03970794739634731,-0.0003665992198451911,0.6268,2.345245692405861,4.1001914486279425,4.1001914486279425
1h,2023-12-11T12:00:00+00:00,2023-12-11T13:00:00+00:00,13,0,Monday,contract,0.00849680486813122,-0.041618964104345735,-0.00036898498985625354,0.6241,2.195161031885905,3.9737221599102606,4.021791379586607
1h,2023-12-11T23:00:00+00:00,2023-12-12T00:00:00+00:00,0,1,Tuesday,contract,0.007524883081315209,-0.046074680635690535,-0.00036345254471655333,0.6189,1.3249313297786371,2.165131685248033,3.1992244304411117
1h,2023-12-12T01:00:00+00:00,2023-12-12T02:00:00+00:00,2,1,Tuesday,contract,0.007068394085419751,-0.04039781104084794,-0.0002975687758015209,0.6227,1.1562550184679596,3.1797013007869017,3.1797013007869017
1h,2023-12-12T02:00:00+00:00,2023-12-12T03:00:00+00:00,3,1,Tuesday,contract,0.006792080222175481,-0.039091462629995855,-0.0002763138632442697,0.6247,1.6647991035697078,3.1695213702577303,3.8578517688490486
1h,2023-12-12T09:00:00+00:00,2023-12-12T10:00:00+00:00,10,1,Tuesday,contract,0.005951414380329702,-0.04270505895537924,-0.00026549341387151985,0.6214,1.0621177985194625,2.9449629868039886,5.197940135178628
1h,2023-12-13T05:00:00+00:00,2023-12-13T06:00:00+00:00,6,2,Wednesday,contract,0.006242811741333042,-0.04408527400322637,-0.00028790859548716123,0.6075,2.716049382716061,6.024691358024685,6.930041152263379
1h,2023-12-13T18:00:00+00:00,2023-12-13T19:00:00+00:00,19,2,Wednesday,contract,0.005593199818658178,-0.042068484805454776,-0.0002456307552814018,0.6161,3.067683817562089,3.067683817562089,5.68089595844831
1h,2023-12-14T04:00:00+00:00,2023-12-14T05:00:00+00:00,5,3,Thursday,contract,0.0052713187812141815,-0.0428964345773265,-0.0002362552908626225,0.623,1.6853932584269589,5.585874799357954,7.207062600321036
1h,2023-12-14T13:00:00+00:00,2023-12-14T14:00:00+00:00,14,3,Thursday,expand,0.006997432136794153,0.37072131514989604,0.0018925052202466092,0.6243,2.5949062950504556,4.260772064712489,4.260772064712489
1h,2023-12-15T01:00:00+00:00,2023-12-15T02:00:00+00:00,2,4,Friday,expand,0.006204925937465273,0.09942997354554928,0.0005611595432719069,0.6409,1.7163364019347804,3.9943828990482237,4.821344983616795
1h,2023-12-15T10:00:00+00:00,2023-12-15T11:00:00+00:00,11,4,Friday,contract,0.005224551494799133,-0.04128173190966322,-0.0002249654995999358,0.6324,2.4035420619860837,3.5895003162555428,3.5895003162555428
1h,2023-12-15T17:00:00+00:00,2023-12-15T18:00:00+00:00,18,4,Friday,contract,0.005077191059779022,-0.044544889971674495,-0.00023670700459838597,0.6208,0.8698453608247358,2.545103092783511,2.6095360824742255
1h,2023-12-15T20:00:00+00:00,2023-12-15T21:00:00+00:00,21,4,Friday,contract,0.004653348672862431,-0.03897490419724059,-0.00018871912868172712,0.6248,2.40076824583867,2.416773367477593,2.5928297055057605
1h,2023-12-15T21:00:00+00:00,2023-12-15T22:00:00+00:00,22,4,Friday,contract,0.004456680910515116,-0.04226370645600874,-0.00019666776234731568,0.6239,2.21189293155955,2.4683442859432554,2.5965699631351162
1h,2023-12-16T02:00:00+00:00,2023-12-16T03:00:00+00:00,3,5,Saturday,contract,0.00474905159551803,-0.049995621854214134,-0.00024992704580908357,0.6196,0.4519044544867696,1.242737249838594,1.4202711426726788
1h,2023-12-16T04:00:00+00:00,2023-12-16T05:00:00+00:00,5,5,Saturday,contract,0.004423416936951765,-0.04043891876503547,-0.00018641668745782852,0.6215,0.5148833467417507,1.3998390989541318,1.62510056315366
1h,2023-12-16T05:00:00+00:00,2023-12-16T06:00:00+00:00,6,5,Saturday,contract,0.00418603001288378,-0.05366596173309657,-0.00023738692406798448,0.6212,0.627817128139088,1.4005151320025646,1.8029620090148084
1h,2023-12-16T07:00:00+00:00,2023-12-16T08:00:00+00:00,8,5,Saturday,contract,0.0038772401641701997,-0.03958053055787747,-0.00015978770493616738,0.6203,0.6609704981460571,1.4186683862646976,2.1280025793970645
1h,2023-12-16T08:00:00+00:00,2023-12-16T09:00:00+00:00,9,5,Saturday,contract,0.0037217230095866164,-0.040110271223517735,-0.00015551715458358333,0.6211,0.660119143455159,1.4168410883915503,2.1735630333279596
1h,2023-12-16T10:00:00+00:00,2023-12-16T11:00:00+00:00,11,5,Saturday,contract,0.0034064856562251956,-0.05154089666743922,-0.00018511428124809177,0.6227,0.6744820941063082,1.413200578127496,2.167978159627422
1h,2023-12-17T19:00:00+00:00,2023-12-17T20:00:00+00:00,20,6,Sunday,contract,0.0038168235959099733,-0.03905883376277808,-0.00015514027660845772,0.6193,1.8892297755530332,6.717261424188596,6.717261424188596
1h,2023-12-17T20:00:00+00:00,2023-12-17T21:00:00+00:00,21,6,Sunday,contract,0.0036513361962021143,-0.04335736131090573,-0.000165487399707859,0.6191,1.7121628169923993,6.541754159263443,6.541754159263443
1h,2023-12-18T01:00:00+00:00,2023-12-18T02:00:00+00:00,2,0,Monday,expand,0.004260796413504172,0.10227036810240109,0.00039532335280737657,0.6037,1.3914195792612347,5.10187179062449,6.360775219479872
1h,2023-12-18T10:00:00+00:00,2023-12-18T11:00:00+00:00,11,0,Monday,expand,0.005964147897085847,0.1801552466026941,0.0009104501617626303,0.589,2.410865874363326,5.144312393887945,5.144312393887945
1h,2023-12-19T03:00:00+00:00,2023-12-19T04:00:00+00:00,4,1,Tuesday,contract,0.004939970678094665,-0.04943740338186331,-0.00025692082139189363,0.6124,0.8164598301763559,2.808621815806661,2.808621815806661
1h,2023-12-19T04:00:00+00:00,2023-12-19T05:00:00+00:00,5,1,Tuesday,contract,0.004729972772516466,-0.04250994980787903,-0.00020999790557819833,0.6124,0.8164598301763559,2.808621815806661,2.808621815806661
1h,2023-12-20T13:00:00+00:00,2023-12-20T14:00:00+00:00,14,2,Wednesday,expand,0.004684306646241944,0.15815228238198809,0.0006396687195198512,0.6203,1.3864259229405211,3.143640174109296,3.143640174109296
1h,2023-12-20T20:00:00+00:00,2023-12-20T21:00:00+00:00,21,2,Wednesday,expand,0.0056670334307919994,0.13623034037406367,0.0006794589668621511,0.6164,1.0058403634003867,1.7034393251135733,2.3036988968202454
1h,2023-12-21T03:00:00+00:00,2023-12-21T04:00:00+00:00,4,3,Thursday,contract,0.004846941841261817,-0.04031457958349238,-0.00020361091086629549,0.6148,0.9759271307742364,1.8705270006506287,2.9115159401431403
1h,2023-12-22T08:00:00+00:00,2023-12-22T09:00:00+00:00,9,4,Friday,expand,0.004875919239694609,0.1856256665588567,0.0007633908277158022,0.6268,1.738991703892792,2.0102105934907377,2.7919591576260303
1h,2023-12-22T15:00:00+00:00,2023-12-22T16:00:00+00:00,16,4,Friday,contract,0.004870490887985321,-0.04336948978731936,-0.0002208069913834862,0.6204,0.983236621534493,2.450032237266279,2.450032237266279
1h,2023-12-22T21:00:00+00:00,2023-12-22T22:00:00+00:00,22,4,Friday,contract,0.004321431433828791,-0.042954509582400435,-0.00019395626414068275,0.6216,1.6570141570141532,2.4453024453024437,2.4453024453024437
1h,2023-12-23T06:00:00+00:00,2023-12-23T07:00:00+00:00,7,5,Saturday,contract,0.004157967718781198,-0.045184556973029255,-0.00019676674759855003,0.6166,0.43788517677587346,1.2812195913071711,2.1732079143691156
1h,2023-12-23T09:00:00+00:00,2023-12-23T10:00:00+00:00,10,5,Saturday,contract,0.0037313611800883066,-0.0458576798944802,-0.00017933547539140298,0.6167,0.6323982487433135,1.3296578563320878,2.1728555213231666
1h,2023-12-23T13:00:00+00:00,2023-12-23T14:00:00+00:00,14,5,Saturday,contract,0.003225843572066375,-0.03952753153644728,-0.00013275719785125518,0.6176,0.566709844559577,2.169689119170979,2.169689119170979
1h,2023-12-23T17:00:00+00:00,2023-12-23T18:00:00+00:00,18,5,Saturday,contract,0.0028338587635825642,-0.04246654364012292,-0.0001256814433525065,0.6191,0.7430140526570908,2.1644322403488885,2.35826199321595
1h,2023-12-24T05:00:00+00:00,2023-12-24T06:00:00+00:00,6,6,Sunday,expand,0.003518909367959196,0.20813803221057303,0.0006062377409262131,0.6148,1.675341574495767,3.009108653220553,4.928432010409888
1h,2023-12-24T20:00:00+00:00,2023-12-24T21:00:00+00:00,21,6,Sunday,expand,0.003968131211627324,0.1552356809595148,0.0005332206760286689,0.6214,3.5725780495654975,8.014161570646937,8.014161570646937
1h,2023-12-24T22:00:00+00:00,2023-12-24T23:00:00+00:00,23,6,Sunday,expand,0.005218439667168455,0.2642945931122054,0.001090889256371656,0.6106,1.064526695054037,6.714706845725521,6.714706845725521
1h,2023-12-25T04:00:00+00:00,2023-12-25T05:00:00+00:00,5,0,Monday,contract,0.004811057195482657,-0.04883380619367639,-0.00024700439965250846,0.6169,2.2532014913276095,5.527638190954777,5.527638190954777
1h,2023-12-25T05:00:00+00:00,2023-12-25T06:00:00+00:00,6,0,Monday,contract,0.004567410252948186,-0.05064311909724184,-0.00024364694253447075,0.6174,4.859086491739557,5.523161645610629,5.523161645610629
1h,2023-12-25T06:00:00+00:00,2023-12-25T07:00:00+00:00,7,0,Monday,contract,0.00438402380630903,-0.04015107828791664,-0.000183386446639156,0.6166,4.8653908530652,5.5303276029841095,5.5303276029841095
1h,2023-12-25T07:00:00+00:00,2023-12-25T08:00:00+00:00,8,0,Monday,contract,0.004206593534429814,-0.040472013775079474,-0.00017743027187921544,0.6166,5.4168018164126,5.4168018164126,5.4168018164126
1h,2023-12-25T08:00:00+00:00,2023-12-25T09:00:00+00:00,9,0,Monday,expand,0.0048489797105419775,0.1527093527944663,0.000642386176112163,0.6255,3.9328537170263895,3.9328537170263895,5.083932853717035
1h,2023-12-25T09:00:00+00:00,2023-12-25T10:00:00+00:00,10,0,Monday,expand,0.005966909731217556,0.23054953565698177,0.001117930020675579,0.6422,2.289006540018693,2.818436624104641,5.512301463718483
1h,2023-12-26T05:00:00+00:00,2023-12-26T06:00:00+00:00,6,1,Tuesday,expand,0.006784812485889484,0.14865969234496967,0.0008780913472392696,0.6248,1.8565941101152457,6.241997439180543,6.241997439180543
1h,2023-12-26T17:00:00+00:00,2023-12-26T18:00:00+00:00,18,1,Tuesday,expand,0.008642550998494546,0.31876543705266625,0.0020890345385773477,0.6149,1.7075947308505552,3.1387217433729035,4.55358594893479
1h,2023-12-26T21:00:00+00:00,2023-12-26T22:00:00+00:00,22,1,Tuesday,contract,0.007769588168159177,-0.04328317601458476,-0.00035150678216608333,0.6193,0.8558049410624854,3.1325690295494875,4.828031648635562
1h,2023-12-26T22:00:00+00:00,2023-12-26T23:00:00+00:00,23,1,Tuesday,contract,0.007457474727576375,-0.04017116915692964,-0.0003121134405828013,0.6213,1.4002897151134783,3.621438918396922,4.812489940447455
1h,2023-12-26T23:00:00+00:00,2023-12-27T00:00:00+00:00,0,2,Wednesday,contract,0.007117655104178065,-0.04556765336954072,-0.0003398196233983103,0.6225,1.5261044176706928,3.614457831325313,4.803212851405628
1h,2023-12-27T00:00:00+00:00,2023-12-27T01:00:00+00:00,1,2,Wednesday,contract,0.006809251168165348,-0.043329429636409955,-0.0003084039360127175,0.6199,1.3711889014357257,4.178093240845302,4.871753508630425
1h,2023-12-28T04:00:00+00:00,2023-12-28T05:00:00+00:00,5,3,Thursday,expand,0.007321598215537676,0.11974255757399122,0.0007829539834201754,0.6549,3.6952206443731863,4.687738586043663,5.267979844251027
1h,2023-12-29T04:00:00+00:00,2023-12-29T05:00:00+00:00,5,4,Friday,contract,0.006704176354487056,-0.04601846333696902,-0.0003233981811143925,0.6331,1.6743010582846396,3.317011530563895,4.075185594692789
1h,2023-12-29T05:00:00+00:00,2023-12-29T06:00:00+00:00,6,4,Friday,contract,0.006411020900595118,-0.043727288542421916,-0.00029315545389193773,0.632,1.6772151898734262,3.3227848101265853,4.082278481012666
1h,2023-12-29T06:00:00+00:00,2023-12-29T07:00:00+00:00,7,4,Friday,contract,0.006160233693409753,-0.03911813907237227,-0.00025078720718536493,0.6312,1.5367553865652792,4.087452471482897,4.087452471482897
1h,2023-12-29T10:00:00+00:00,2023-12-29T11:00:00+00:00,11,4,Friday,contract,0.006114002876860589,-0.04002610349252722,-0.00025492329822004306,0.6301,1.1744167592445585,4.094588160609434,4.094588160609434
1h,2023-12-29T12:00:00+00:00,2023-12-29T13:00:00+00:00,13,4,Friday,contract,0.005702380031578765,-0.04141009351817937,-0.0002463369255060622,0.632,3.1012658227848195,4.082278481012666,4.082278481012666
1h,2023-12-29T15:00:00+00:00,2023-12-29T16:00:00+00:00,16,4,Friday,expand,0.006423735032572357,0.14344702736301929,0.0008058665359559737,0.6248,1.728553137003846,2.4967989756722244,3.0889884763124176
1h,2023-12-30T00:00:00+00:00,2023-12-30T01:00:00+00:00,1,5,Saturday,contract,0.005841412320613607,-0.048150204002687214,-0.0002954932554318154,0.6238,0.9778775248477067,2.308432189804419,2.308432189804419
1h,2023-12-30T01:00:00+00:00,2023-12-30T02:00:00+00:00,2,5,Saturday,contract,0.005602740011998346,-0.040858664911055165,-0.00023867230861526062,0.6246,0.880563560678844,2.3054755043227613,2.3054755043227613
1h,2023-12-30T04:00:00+00:00,2023-12-30T05:00:00+00:00,5,5,Saturday,contract,0.005156056780743572,-0.04360513266505328,-0.0002350812908264296,0.6214,1.4966205342774341,2.3173479240424797,2.3173479240424797
1h,2023-12-30T19:00:00+00:00,2023-12-30T20:00:00+00:00,20,5,Saturday,contract,0.003954176241947785,-0.043791729124057155,-0.00018109048014982622,0.6254,0.8954269267668594,1.7268947873360925,1.7268947873360925
1h,2023-12-30T21:00:00+00:00,2023-12-30T22:00:00+00:00,22,5,Saturday,contract,0.0036701825759651837,-0.03965541896529101,-0.00015155250584347312,0.6249,0.7041126580252776,1.7282765242438662,1.8402944471115303
1h,2023-12-31T06:00:00+00:00,2023-12-31T07:00:00+00:00,7,6,Sunday,contract,0.0030955448198368637,-0.04043015596763888,-0.0001304265246028307,0.6233,1.0909674314134314,3.914647842130592,3.914647842130592
1h,2023-12-31T22:00:00+00:00,2023-12-31T23:00:00+00:00,23,6,Sunday,expand,0.003925694746376711,0.2771366632772463,0.0008518696348941003,0.6116,1.406147809025497,2.2073250490516605,3.4336167429692637
1h,2024-01-02T09:00:00+00:00,2024-01-02T10:00:00+00:00,10,1,Tuesday,expand,0.0038760668745879763,0.11813914695360239,0.00040953331733938536,0.6386,1.6911994989038572,2.709051049170057,2.8813028499843365
1h,2024-01-03T01:00:00+00:00,2024-01-03T02:00:00+00:00,2,2,Wednesday,contract,0.004442819485141717,-0.04533625432691535,-0.00021098611424166802,0.6281,2.2607864989651314,25.298519344053496,25.298519344053496
1h,2024-01-03T02:00:00+00:00,2024-01-03T03:00:00+00:00,3,2,Wednesday,contract,0.004246903807631589,-0.04409715005647563,-0.00019591567751012836,0.627,2.264752791068579,25.342902711323763,25.342902711323763
1h,2024-01-03T03:00:00+00:00,2024-01-03T04:00:00+00:00,4,2,Wednesday,contract,0.0040506963928007575,-0.046200108059488265,-0.00019620741483083147,0.6268,2.1378430121250744,25.350989151244413,25.350989151244413
1h,2024-01-03T04:00:00+00:00,2024-01-03T05:00:00+00:00,5,2,Wednesday,expand,0.004718503793314987,0.1648623682834176,0.0006678074005142297,0.634,1.4984227129337466,25.063091482649842,25.063091482649842
1h,2024-01-03T11:00:00+00:00,2024-01-03T12:00:00+00:00,12,2,Wednesday,expand,0.006237258124816638,0.2724780628438326,0.001335595528860264,0.6188,22.301228183581117,22.301228183581117,22.301228183581117
1h,2024-01-03T12:00:00+00:00,2024-01-03T13:00:00+00:00,13,2,Wednesday,expand,0.015648882544472588,1.5089361753699477,0.00941162441965595,0.562,6.494661921708181,8.30960854092526,8.30960854092526
1h,2024-01-03T17:00:00+00:00,2024-01-03T18:00:00+00:00,18,2,Wednesday,contract,0.01529390701527798,-0.0441983527809382,-0.0007072236165598447,0.5751,4.642670839853929,4.642670839853929,4.642670839853929
1h,2024-01-03T21:00:00+00:00,2024-01-03T22:00:00+00:00,22,2,Wednesday,contract,0.0143392539114784,-0.04134364782358113,-0.0006184041470368024,0.5898,3.492709393014573,3.492709393014573,3.8318073923363776
1h,2024-01-03T23:00:00+00:00,2024-01-04T00:00:00+00:00,0,3,Thursday,contract,0.013372621995101277,-0.05115593496314563,-0.0007209709227000965,0.5822,2.4390243902439006,3.2806595671590526,4.208175884575741
1h,2024-01-04T00:00:00+00:00,2024-01-04T01:00:00+00:00,1,3,Thursday,contract,0.012703148995451186,-0.0500629569799651,-0.000669472999650091,0.5804,2.4810475534114347,3.2908339076498976,4.221226740179181
1h,2024-01-04T03:00:00+00:00,2024-01-04T04:00:00+00:00,4,3,Thursday,contract,0.011844613098763215,-0.049650571109710384,-0.0006188163922125536,0.5815,1.7884780739466835,3.2846087704213254,7.893379191745476
1h,2024-01-04T04:00:00+00:00,2024-01-04T05:00:00+00:00,5,3,Thursday,contract,0.01124856930599441,-0.05032193012965891,-0.0005960437927688047,0.5832,2.0576131687242816,3.6865569272976613,7.87037037037036
1h,2024-01-04T05:00:00+00:00,2024-01-04T06:00:00+00:00,6,3,Thursday,contract,0.010752242926994808,-0.04412351166606654,-0.0004963263789996026,0.5813,1.7374849475313945,3.7158093927404012,7.896094959573359
1h,2024-01-04T06:00:00+00:00,2024-01-04T07:00:00+00:00,7,3,Thursday,contract,0.010269939860780893,-0.044856042547460895,-0.00048230306621391446,0.5801,1.9824168246853915,4.051025685226679,7.91242889157041
1h,2024-01-04T11:00:00+00:00,2024-01-04T12:00:00+00:00,12,3,Thursday,contract,0.008952956693507387,-0.04081836001802808,-0.00038099666873134437,0.5767,2.2888850355470765,7.959077509970512,7.959077509970512
1h,2024-01-05T01:00:00+00:00,2024-01-05T02:00:00+00:00,2,4,Friday,expand,0.008816421655163342,0.3276220325232102,0.0021756598726797357,0.5721,1.2585212375458807,5.0690438734487016,5.0690438734487016
1h,2024-01-05T03:00:00+00:00,2024-01-05T04:00:00+00:00,4,4,Friday,contract,0.008222832957768399,-0.04316906171173085,-0.00037098715059756364,0.5761,1.0241277555979702,5.033848290227396,5.033848290227396
1h,2024-01-05T05:00:00+00:00,2024-01-05T06:00:00+00:00,6,4,Friday,contract,0.007575810050320703,-0.045325216000389745,-0.00035967769617852377,0.5757,1.2159110647906908,5.037345839847148,5.037345839847148
1h,2024-01-05T08:00:00+00:00,2024-01-05T09:00:00+00:00,9,4,Friday,contract,0.006710770656178778,-0.048125833888928105,-0.0003392900504752931,0.574,2.473867595818833,5.0522648083623745,5.0522648083623745
1h,2024-01-05T23:00:00+00:00,2024-01-06T00:00:00+00:00,0,5,Saturday,contract,0.006463737074288001,-0.045046398566728874,-0.00030490285186831126,0.5756,0.868658790826964,3.3356497567755374,3.3356497567755374
1h,2024-01-06T01:00:00+00:00,2024-01-06T02:00:00+00:00,2,5,Saturday,contract,0.006071283497727926,-0.04096435841607371,-0.000259329499825222,0.5728,1.780726256983238,3.0202513966480415,3.0202513966480415
1h,2024-01-06T02:00:00+00:00,2024-01-06T03:00:00+00:00,3,5,Saturday,contract,0.005780477533604503,-0.047898597427093015,-0.00029080596412342334,0.572,2.9895104895104905,3.0244755244755215,3.0244755244755215
1h,2024-01-06T03:00:00+00:00,2024-01-06T04:00:00+00:00,4,5,Saturday,contract,0.005546157709775614,-0.04053641285978238,-0.00023431982382888898,0.5716,2.9916025192442275,3.0265920223932787,3.0265920223932787
1h,2024-01-06T04:00:00+00:00,2024-01-06T05:00:00+00:00,5,5,Saturday,contract,0.0053285750162202165,-0.03923124890081786,-0.00021758269355539716,0.5713,2.818134080168038,3.028181340801677,3.028181340801677
1h,2024-01-06T09:00:00+00:00,2024-01-06T10:00:00+00:00,10,5,Saturday,contract,0.005595132614939929,-0.050829156271209985,-0.00029962558576460737,0.5657,0.760120205055678,1.820753049319423,1.820753049319423
1h,2024-01-07T22:00:00+00:00,2024-01-07T23:00:00+00:00,23,6,Sunday,expand,0.004748118840926718,0.220507677852531,0.0008578370122364,0.5503,6.632745775031797,6.978011993458113,6.978011993458113
1h,2024-01-08T00:00:00+00:00,2024-01-08T01:00:00+00:00,1,0,Monday,expand,0.007135367776105181,0.3908025196325524,0.0020049717095303714,0.577,6.1871750433275485,6.1871750433275485,6.620450606585791
1h,2024-01-08T01:00:00+00:00,2024-01-08T02:00:00+00:00,2,0,Monday,expand,0.007889984363526236,0.10575720987334458,0.000754616587421055,0.5721,5.593427722426154,5.593427722426154,6.677154343646217
1h,2024-01-08T02:00:00+00:00,2024-01-08T03:00:00+00:00,3,0,Monday,expand,0.009133556908988648,0.15761406970731007,0.0012435725454624114,0.5601,4.2313872522763685,6.177468309230488,6.820210676664883
1h,2024-01-08T09:00:00+00:00,2024-01-08T10:00:00+00:00,10,0,Monday,contract,0.008628148622914025,-0.04208708580807641,-0.0003790883556087678,0.5522,3.3502354219485624,5.48714233973198,5.48714233973198
1h,2024-01-08T14:00:00+00:00,2024-01-08T15:00:00+00:00,15,0,Monday,contract,0.007746245587120723,-0.04046068831362848,-0.0003266342759323587,0.5636,2.856635911994323,3.4953867991483407,6.458481192334988
1h,2024-01-09T02:00:00+00:00,2024-01-09T03:00:00+00:00,3,1,Tuesday,contract,0.006397479619934763,-0.046954598258908575,-0.0003151907399949845,0.5744,1.0967966573816106,5.640668523676878,5.954038997214486
1h,2024-01-09T12:00:00+00:00,2024-01-09T13:00:00+00:00,13,1,Tuesday,expand,0.006838772843633414,0.24615269207079216,0.0013508636274128126,0.5581,1.7917935853789657,4.371976348324688,5.787493280774054
1h,2024-01-09T18:00:00+00:00,2024-01-09T19:00:00+00:00,19,1,Tuesday,expand,0.0075011884411742445,0.11170983934787504,0.000753754735294287,0.5696,3.089887640449449,3.651685393258434,6.3904494382022445
1h,2024-01-10T03:00:00+00:00,2024-01-10T04:00:00+00:00,4,2,Wednesday,contract,0.007656895675823042,-0.04743597923305609,-0.00038129966737100035,0.5696,1.6327247191011387,6.3904494382022445,11.938202247191002
1h,2024-01-10T05:00:00+00:00,2024-01-10T06:00:00+00:00,6,2,Wednesday,contract,0.007026609026602527,-0.046220029838082266,-0.00034050838666172933,0.5679,1.7784821271350588,9.209367846451844,11.973939073780587
1h,2024-01-10T12:00:00+00:00,2024-01-10T13:00:00+00:00,13,2,Wednesday,expand,0.007562945341026922,0.10992231801435226,0.0007490042045363897,0.5535,6.0704607046070596,11.779584462511298,12.628726287262888
1h,2024-01-10T15:00:00+00:00,2024-01-10T16:00:00+00:00,16,2,Wednesday,expand,0.009106592898774116,0.22182781265318696,0.0016533390077866127,0.5708,3.065872459705689,9.442887175893475,11.124737210932025
1h,2024-01-10T21:00:00+00:00,2024-01-10T22:00:00+00:00,22,2,Wednesday,expand,0.010623803387504755,0.1045817563071132,0.001005861277884254,0.5993,3.620891039546127,6.490906057066585,6.490906057066585
1h,2024-01-11T04:00:00+00:00,2024-01-11T05:00:00+00:00,5,3,Thursday,contract,0.010139521337470177,-0.038931045677527254,-0.0004107324105746355,0.6052,3.2716457369464704,6.4276272306675555,6.4276272306675555
1h,2024-01-11T18:00:00+00:00,2024-01-11T19:00:00+00:00,19,3,Thursday,contract,0.010493354441819971,-0.04677168978784385,-0.0005148734186015344,0.6065,1.5169002473207083,3.0667765869744534,6.892003297609242
1h,2024-01-11T21:00:00+00:00,2024-01-11T22:00:00+00:00,22,3,Thursday,contract,0.009558163159139385,-0.040599098319416216,-0.00040447408916457,0.6013,2.228504906036915,2.511225677698321,6.369532679195078
1h,2024-01-11T23:00:00+00:00,2024-01-12T00:00:00+00:00,0,4,Friday,contract,0.00875270190762529,-0.050507440546600946,-0.000465592454432711,0.602,2.2259136212624533,3.4551495016611367,8.953488372093014
1h,2024-01-12T02:00:00+00:00,2024-01-12T03:00:00+00:00,3,4,Friday,contract,0.008253201928226222,-0.044128554168821554,-0.0003810155329404801,0.5973,1.021262347229197,6.261510128913442,8.873263016909414
1h,2024-01-12T04:00:00+00:00,2024-01-12T05:00:00+00:00,5,4,Friday,contract,0.007647913907501184,-0.04649349725602425,-0.0003729164544231658,0.5984,2.038770053475934,6.249999999999998,8.856951871657742
1h,2024-01-12T10:00:00+00:00,2024-01-12T11:00:00+00:00,11,4,Friday,contract,0.006714006199047569,-0.039759755637552074,-0.0002780004768498127,0.5968,1.4577747989276022,8.880697050938327,8.880697050938327
1h,2024-01-12T15:00:00+00:00,2024-01-12T16:00:00+00:00,16,4,Friday,expand,0.007209664506721473,0.10740595426440036,0.0006992565764060476,0.5873,4.478120211135704,7.13434360633406,7.13434360633406
1h,2024-01-12T16:00:00+00:00,2024-01-12T17:00:00+00:00,17,4,Friday,expand,0.008008974184812794,0.11086641789588625,0.0007993096780913207,0.5808,3.2369146005509712,5.922865013774103,5.922865013774103
1h,2024-01-12T22:00:00+00:00,2024-01-12T23:00:00+00:00,23,4,Friday,expand,0.009549693948740275,0.1624625670176567,0.001334638927019972,0.5673,1.7451084082496067,2.538339502908528,2.6088489335448677
1h,2024-01-13T03:00:00+00:00,2024-01-13T04:00:00+00:00,4,5,Saturday,contract,0.008013824067556715,-0.046789812192581826,-0.00039337108211974676,0.5718,0.9268975166141958,1.2067156348373587,1.2766701643931397
1h,2024-01-13T04:00:00+00:00,2024-01-13T05:00:00+00:00,5,5,Saturday,contract,0.007612836634159804,-0.05003696487676512,-0.0004009874333969106,0.5731,0.7852032804048262,1.2039783632873873,1.2737742104344743
1h,2024-01-13T06:00:00+00:00,2024-01-13T07:00:00+00:00,7,5,Saturday,contract,0.006988109138637796,-0.04707797178573614,-0.0003452391645105959,0.5755,1.1989574283232,1.2684622067767113,1.2684622067767113
1h,2024-01-13T07:00:00+00:00,2024-01-13T08:00:00+00:00,8,5,Saturday,contract,0.006631815628735096,-0.050985681939728966,-0.00035629350990269964,0.5747,1.2006264137811062,1.2702279450147858,1.2702279450147858
1h,2024-01-13T08:00:00+00:00,2024-01-13T09:00:00+00:00,9,5,Saturday,contract,0.0063366859409683075,-0.04450209479407374,-0.0002951296877667887,0.5758,1.163598471691547,1.2678013199027394,1.3893713094824605
1h,2024-01-13T11:00:00+00:00,2024-01-13T12:00:00+00:00,12,5,Saturday,contract,0.005760750368916678,-0.04660377882019762,-0.0002815961822243609,0.5746,1.0442046641141673,1.1486251305255917,1.5837104072398185
1h,2024-01-13T18:00:00+00:00,2024-01-13T19:00:00+00:00,19,5,Saturday,contract,0.004717089700924131,-0.048372527919516295,-0.00023977613084032266,0.5738,0.6622516556291436,1.4639247124433536,2.7710003485535073
1h,2024-01-13T20:00:00+00:00,2024-01-13T21:00:00+00:00,21,5,Saturday,contract,0.004362694691102948,-0.039992986596725455,-0.00018174574546945751,0.5753,1.0255518859725388,1.4601077698591975,2.798539892230141
1h,2024-01-14T19:00:00+00:00,2024-01-14T20:00:00+00:00,20,6,Sunday,expand,0.003933510341442979,0.1396614463960586,0.00048203766604285525,0.5767,3.814808392578467,3.814808392578467,4.352349575169068
1h,2024-01-14T20:00:00+00:00,2024-01-14T21:00:00+00:00,21,6,Sunday,expand,0.004466831031339907,0.1355839043507594,0.0005333206898969281,0.5773,3.377793175125597,3.377793175125597,4.347826086956523
1h,2024-01-14T21:00:00+00:00,2024-01-14T22:00:00+00:00,22,6,Sunday,expand,0.005226343100529914,0.17003375857765035,0.0007595120691900065,0.5914,3.2972607372336946,3.2972607372336946,4.244166384849511
1h,2024-01-15T04:00:00+00:00,2024-01-15T05:00:00+00:00,5,0,Monday,contract,0.005680702255106082,-0.04004561289391828,-0.00023697709654661725,0.5861,1.9450605698686365,3.2588295512711154,3.2588295512711154
1h,2024-01-15T21:00:00+00:00,2024-01-15T22:00:00+00:00,22,0,Monday,contract,0.00466849021465851,-0.03908382920785858,-0.00018988386266604023,0.5789,1.4337536707548755,1.4337536707548755,2.4529279668336486
1h,2024-01-16T14:00:00+00:00,2024-01-16T15:00:00+00:00,15,1,Tuesday,expand,0.004348849661859107,0.10670976263170995,0.00041931925678007076,0.5724,1.3626834381551414,1.6072676450034917,2.1313766596785446
1h,2024-01-16T20:00:00+00:00,2024-01-16T21:00:00+00:00,21,1,Tuesday,contract,0.0041010874757101265,-0.04137513585137986,-0.00017700672890077693,0.578,1.0726643598615888,2.0242214532871854,3.2871972318339133
1h,2024-01-16T22:00:00+00:00,2024-01-16T23:00:00+00:00,23,1,Tuesday,contract,0.003810631547933732,-0.03900439821254065,-0.00015466396522567,0.5782,1.0377032168799731,2.0408163265306176,3.216879972327925
1h,2024-01-17T04:00:00+00:00,2024-01-17T05:00:00+00:00,5,2,Wednesday,contract,0.003337560143314342,-0.04904150904218807,-0.0001721200110241807,0.575,1.130434782608687,2.573913043478267,2.573913043478267
1h,2024-01-18T05:00:00+00:00,2024-01-18T06:00:00+00:00,6,3,Thursday,contract,0.003133298731188907,-0.04081597732355491,-0.00013333067162991062,0.5673,0.7579763793407511,4.8651507139079975,4.8651507139079975
1h,2024-01-18T16:00:00+00:00,2024-01-18T17:00:00+00:00,17,3,Thursday,expand,0.0038567619641223937,0.1688610370103394,0.0005571721566059694,0.5564,2.9654924514737724,2.9654924514737724,6.578001437814536
1h,2024-01-18T19:00:00+00:00,2024-01-18T20:00:00+00:00,20,3,Thursday,expand,0.00477070190786331,0.12374197382447383,0.0005253306224720575,0.5467,1.2621181635265972,1.755990488384844,5.926467898298881
1h,2024-01-18T23:00:00+00:00,2024-01-19T00:00:00+00:00,0,4,Friday,contract,0.004496215566182929,-0.0456547218272052,-0.0002150935050909998,0.5521,1.7388154319869482,3.0429270059771643,5.868502082955983
1h,2024-01-19T16:00:00+00:00,2024-01-19T17:00:00+00:00,17,4,Friday,expand,0.005209157823047081,0.2419085880946008,0.0010146801674579238,0.5264,4.63525835866261,5.281155015197556,5.281155015197556
1h,2024-01-19T22:00:00+00:00,2024-01-19T23:00:00+00:00,23,4,Friday,contract,0.005467959428403573,-0.047794922788833905,-0.000274458417569505,0.5465,1.555352241537045,2.525160109789556,2.525160109789556
1h,2024-01-20T02:00:00+00:00,2024-01-20T03:00:00+00:00,3,5,Saturday,contract,0.005117659028390106,-0.04201260697859588,-0.00022443530987616318,0.5428,0.8843036109064161,1.9528371407516478,2.4134119380987475
1h,2024-01-20T03:00:00+00:00,2024-01-20T04:00:00+00:00,4,5,Saturday,contract,0.004887826240647957,-0.044909750037498974,-0.00022983278774214942,0.5432,1.7857142857142727,1.7857142857142727,2.264359351988214
1h,2024-01-20T05:00:00+00:00,2024-01-20T06:00:00+00:00,6,5,Saturday,contract,0.004500727727905628,-0.048784239102042104,-0.00023082520983889847,0.5446,1.6158648549393904,1.6158648549393904,2.093279471171496
1h,2024-01-21T04:00:00+00:00,2024-01-21T05:00:00+00:00,5,6,Sunday,contract,0.0034071077469858724,-0.04335051955929725,-0.0001543929036142925,0.5541,0.7038440714672468,1.1730734524454178,3.2485110990795913
1h,2024-01-21T19:00:00+00:00,2024-01-21T20:00:00+00:00,20,6,Sunday,contract,0.0026090351970767846,-0.03988607662488208,-0.00010838732285206208,0.5511,1.1794592632915895,4.717837053166398,6.278352386136811
1h,2024-01-22T01:00:00+00:00,2024-01-22T02:00:00+00:00,2,0,Monday,expand,0.0032887538449337347,0.12978104430397153,0.0003777881657743274,0.5422,1.8443378827001125,3.9653264478052517,4.979712283290303
1h,2024-01-22T09:00:00+00:00,2024-01-22T10:00:00+00:00,10,0,Monday,expand,0.003971714796087576,0.1078938381466521,0.00038679116953172594,0.531,1.6949152542372896,3.5216572504707977,6.610169491525407
1h,2024-01-22T19:00:00+00:00,2024-01-22T20:00:00+00:00,20,0,Monday,expand,0.005593455384408358,0.2117461860076113,0.0009774265088916632,0.5257,1.350580178809206,6.068099676621634,6.981167966520821
1h,2024-01-23T03:00:00+00:00,2024-01-23T04:00:00+00:00,4,1,Tuesday,contract,0.005202527769391961,-0.04521084481830406,-0.0002463482899532276,0.53,2.13207547169813,6.792452830188685,6.792452830188685
1h,2024-01-23T04:00:00+00:00,2024-01-23T05:00:00+00:00,5,1,Tuesday,contract,0.004980918643006828,-0.042596433158689884,-0.0002216091263851326,0.5297,3.85123654898999,6.569756465924098,6.569756465924098
1h,2024-01-23T05:00:00+00:00,2024-01-23T06:00:00+00:00,6,1,Tuesday,contract,0.0047679958827920544,-0.04274768882517599,-0.00021292276021477388,0.529,5.44423440453685,6.351606805292999,6.351606805292999
1h,2024-01-23T08:00:00+00:00,2024-01-23T09:00:00+00:00,9,1,Tuesday,expand,0.005525724108780666,0.1301802704286854,0.0006364827608630287,0.5131,2.7674917170142255,4.56051451958682,4.56051451958682
1h,2024-01-23T09:00:00+00:00,2024-01-23T10:00:00+00:00,10,1,Tuesday,expand,0.00614531524386776,0.11212849626396149,0.0006195911350870944,0.5069,1.93332018149537,4.616295127244027,4.616295127244027
1h,2024-01-23T19:00:00+00:00,2024-01-23T20:00:00+00:00,20,1,Tuesday,contract,0.005909821651593179,-0.04010397034360713,-0.0002469093578148663,0.5079,2.598936798582396,2.6186257137231697,2.6186257137231697
1h,2024-01-24T02:00:00+00:00,2024-01-24T03:00:00+00:00,3,2,Wednesday,contract,0.005290382576334474,-0.04300239705736475,-0.00023772173664110639,0.514,1.2645914396887064,1.6147859922178938,1.6147859922178938
1h,2024-01-24T03:00:00+00:00,2024-01-24T04:00:00+00:00,4,2,Wednesday,contract,0.005055355249453441,-0.044425393341567254,-0.00023502732688103316,0.5144,1.2636080870917479,1.6135303265940852,1.6135303265940852
1h,2024-01-25T04:00:00+00:00,2024-01-25T05:00:00+00:00,5,3,Thursday,contract,0.0032326395313291728,-0.04829679960358213,-0.00016404919471762905,0.5152,1.1645962732919264,2.2515527950310448,2.3291925465838315
1h,2024-01-26T03:00:00+00:00,2024-01-26T04:00:00+00:00,4,4,Friday,contract,0.003287467287457273,-0.0486920331045112,-0.0001682667144197827,0.5133,1.0325345801675379,5.240600038963555,5.240600038963555
1h,2024-01-26T18:00:00+00:00,2024-01-26T19:00:00+00:00,19,4,Friday,expand,0.0039191388344079195,0.18850592007844713,0.0006216047050455367,0.5326,1.0514457378895867,1.6522718738265174,1.6522718738265174
1h,2024-01-27T03:00:00+00:00,2024-01-27T04:00:00+00:00,4,5,Saturday,contract,0.0034423292355669063,-0.04568586111204531,-0.00016479455658207232,0.5324,1.3711495116453953,1.6528925619834767,1.6528925619834767
1h,2024-01-27T14:00:00+00:00,2024-01-27T15:00:00+00:00,15,5,Saturday,contract,0.0028545986993881,-0.04020751470368966,-0.00011958451533754851,0.5295,0.5665722379603405,1.3786591123701555,1.454202077431547
1h,2024-01-27T20:00:00+00:00,2024-01-27T21:00:00+00:00,21,5,Saturday,contract,0.002457978591721309,-0.0407658144177484,-0.00010445989167086204,0.5302,0.6601282534892394,1.452282157676356,2.715956242927191
1h,2024-01-29T23:00:00+00:00,2024-01-30T00:00:00+00:00,0,1,Tuesday,contract,0.0038373488385656704,-0.039237975470905795,-0.00015671914142812706,0.5348,1.1219147344801803,3.047868362004484,6.077038145100987
1h,2024-01-30T03:00:00+00:00,2024-01-30T04:00:00+00:00,4,1,Tuesday,contract,0.0035208147693219943,-0.040275909212849514,-0.0001477549822555429,0.5373,1.3586450772380578,4.4853899125255925,6.756002233389167
1h,2024-01-31T12:00:00+00:00,2024-01-31T13:00:00+00:00,13,2,Wednesday,contract,0.004270689930350011,-0.04095187241179443,-0.00018236076387307624,0.507,5.305719921104543,5.857988165680485,5.857988165680485
1h,2024-01-31T14:00:00+00:00,2024-01-31T15:00:00+00:00,15,2,Wednesday,expand,0.005786462235863024,0.37494719522469566,0.0015779644433951516,0.5045,2.775024777006929,4.459861248761154,4.73736372646185
1h,2024-02-01T05:00:00+00:00,2024-02-01T06:00:00+00:00,6,3,Thursday,contract,0.005162858197850588,-0.04771364207043849,-0.00025868139983466296,0.4955,1.2714429868819317,4.177598385469211,4.177598385469211
1h,2024-02-01T23:00:00+00:00,2024-02-02T00:00:00+00:00,0,4,Friday,contract,0.004017680007053175,-0.04073059715173877,-0.00017059076977331972,0.5056,0.7713607594936737,1.878955696202544,3.144778481012663
1h,2024-02-03T04:00:00+00:00,2024-02-03T05:00:00+00:00,5,5,Saturday,contract,0.0030845696389193164,-0.04031616525574633,-0.00012958227991687402,0.5074,0.5321245565628766,4.040204966495876,4.040204966495876
1h,2024-02-03T10:00:00+00:00,2024-02-03T11:00:00+00:00,11,5,Saturday,expand,0.0037212815894980254,0.3551666457594278,0.0009752860315770731,0.5185,1.8707810993249843,2.2565091610414743,3.548698167791723
1h,2024-02-03T11:00:00+00:00,2024-02-03T12:00:00+00:00,12,5,Saturday,expand,0.004148332904533884,0.11475920452810029,0.0004270513150358584,0.5215,2.0134228187919376,2.147651006711407,3.4324065196548474
1h,2024-02-03T22:00:00+00:00,2024-02-03T23:00:00+00:00,23,5,Saturday,contract,0.003811415218530625,-0.04087152263020477,-0.00016241655527158378,0.5202,1.384083044982696,2.672049211841604,4.363706266820453
1h,2024-02-04T02:00:00+00:00,2024-02-04T03:00:00+00:00,3,6,Sunday,contract,0.0035916500951804838,-0.04091050160458365,-0.00015320385347541857,0.5178,1.5063731170336092,2.2402471996910105,4.325994592506765
1h,2024-02-04T03:00:00+00:00,2024-02-04T04:00:00+00:00,4,6,Sunday,contract,0.003449389374096167,-0.03960873618374228,-0.00014226072108431678,0.5176,1.8547140649150025,2.975270479134461,4.173106646058734
1h,2024-02-04T22:00:00+00:00,2024-02-04T23:00:00+00:00,23,6,Sunday,expand,0.0037010411611319385,0.12114668936430806,0.00039991991068215587,0.5037,1.727218582489574,2.4419297200714776,3.51399642644431
1h,2024-02-05T17:00:00+00:00,2024-02-05T18:00:00+00:00,18,0,Monday,expand,0.0037785554501600796,0.1214947883094013,0.00040934188844922404,0.5088,1.1399371069182442,1.7099056603773664,2.437106918238998
1h,2024-02-09T00:00:00+00:00,2024-02-09T01:00:00+00:00,1,4,Friday,contract,0.0032217658830172168,-0.04168350202336901,-0.00014013583715517374,0.5151,1.1454086585129133,2.3878858474082874,2.679091438555627
1h,2024-02-10T02:00:00+00:00,2024-02-10T03:00:00+00:00,3,5,Saturday,contract,0.003389780023671507,-0.0411206845463995,-0.00014536769412858142,0.5265,0.7027540360873764,1.861348528015201,1.861348528015201
1h,2024-02-10T05:00:00+00:00,2024-02-10T06:00:00+00:00,6,5,Saturday,contract,0.00307498058017722,-0.04707969916779575,-0.00015192158309055605,0.5251,0.666539706722519,1.4282993715482883,2.0377071034088825
1h,2024-02-10T06:00:00+00:00,2024-02-10T07:00:00+00:00,7,5,Saturday,contract,0.002926767681593133,-0.04819962101209274,-0.0001482128985840869,0.5245,1.3727359389895109,1.4299332697807554,2.040038131553869
1h,2024-02-11T09:00:00+00:00,2024-02-11T10:00:00+00:00,10,6,Sunday,expand,0.002734485853350722,0.16617613287228594,0.00038965493435763913,0.5343,1.010668163952828,2.0962006363466195,3.7806475762680134
1h,2024-02-12T02:00:00+00:00,2024-02-12T03:00:00+00:00,3,0,Monday,expand,0.0034360753592602234,0.1910122418185365,0.0005510711262107478,0.5218,1.8972786508240742,4.5994633959371445,4.5994633959371445
1h,2024-02-12T13:00:00+00:00,2024-02-12T14:00:00+00:00,14,0,Monday,contract,0.003286083537462623,-0.0444262611816123,-0.00015277565672789685,0.5182,3.4542647626399123,3.9174064067927414,4.052489386337325
1h,2024-02-12T23:00:00+00:00,2024-02-13T00:00:00+00:00,0,1,Tuesday,contract,0.004073591150831746,-0.04462527204175648,-0.00019027624237167792,0.5317,1.2601090840699718,3.9495956366372056,3.9495956366372056
1h,2024-02-13T13:00:00+00:00,2024-02-13T14:00:00+00:00,14,1,Tuesday,expand,0.0037516685938751826,0.18310810541844713,0.0005806408773942145,0.523,2.160611854684508,3.135755258126189,4.837476099426384
1h,2024-02-13T14:00:00+00:00,2024-02-13T15:00:00+00:00,15,1,Tuesday,expand,0.004262263694312671,0.13609813544593585,0.0005105951004374886,0.5179,1.9308746862328652,2.5873720795520305,4.305850550299282
1h,2024-02-14T04:00:00+00:00,2024-02-14T05:00:00+00:00,5,2,Wednesday,contract,0.003578443140991141,-0.04276790027278499,-0.00015988024161470724,0.5248,1.4481707317073056,3.4489329268292694,7.164634146341456
1h,2024-02-15T01:00:00+00:00,2024-02-15T02:00:00+00:00,2,3,Thursday,expand,0.004334628751846138,0.11839624150742223,0.00045887471139644887,0.5407,3.624930645459581,3.624930645459581,6.861475864619922
1h,2024-02-15T03:00:00+00:00,2024-02-15T04:00:00+00:00,4,3,Thursday,expand,0.005152817648275488,0.1423475623998709,0.000642090950132651,0.5529,2.8576596129498872,2.8576596129498872,6.83667932718393
1h,2024-02-15T05:00:00+00:00,2024-02-15T06:00:00+00:00,6,3,Thursday,expand,0.005775643788564061,0.10483313239486458,0.0005480274008796806,0.5454,1.778511184451786,6.380638063806369,6.857352401906855
1h,2024-02-15T21:00:00+00:00,2024-02-15T22:00:00+00:00,22,3,Thursday,expand,0.007042913046793941,0.13876838738081898,0.0008582374579389276,0.564,1.7375886524822752,3.953900709219856,4.911347517730488
1h,2024-02-16T14:00:00+00:00,2024-02-16T15:00:00+00:00,15,4,Friday,expand,0.006745894126695336,0.10251254425337297,0.0006272389133311299,0.5591,2.593453764979423,3.076372741906634,5.383652298336615
1h,2024-02-17T02:00:00+00:00,2024-02-17T03:00:00+00:00,3,5,Saturday,contract,0.005566986901709649,-0.04319250670538077,-0.0002513066847468987,0.5602,0.5712245626561907,4.123527311674404,4.123527311674404
1h,2024-02-17T03:00:00+00:00,2024-02-17T04:00:00+00:00,4,5,Saturday,contract,0.0052622021230161005,-0.05474860711455021,-0.00030478477869354866,0.5604,0.7494646680942152,4.122055674518203,4.122055674518203
1h,2024-02-17T04:00:00+00:00,2024-02-17T05:00:00+00:00,5,5,Saturday,contract,0.005043473399943521,-0.04156600563020796,-0.00021872872307257974,0.5604,1.0885082084225541,4.122055674518203,4.122055674518203
1h,2024-02-17T06:00:00+00:00,2024-02-17T07:00:00+00:00,7,5,Saturday,contract,0.004677280635665582,-0.04217390180301117,-0.00020594466428196755,0.5605,2.0338983050847594,4.1213202497769865,4.1213202497769865
1h,2024-02-17T07:00:00+00:00,2024-02-17T08:00:00+00:00,8,5,Saturday,contract,0.004478903447403755,-0.04241293258077028,-0.00019837718826182672,0.5613,1.959736326385179,4.044183146267582,4.044183146267582
1h,2024-02-17T22:00:00+00:00,2024-02-17T23:00:00+00:00,23,5,Saturday,contract,0.004191092131504143,-0.04035368446234311,-0.00017623785626954842,0.5507,0.9260940621027771,2.215362266206644,2.8509170147085414
1h,2024-02-17T23:00:00+00:00,2024-02-18T00:00:00+00:00,0,6,Sunday,contract,0.004006014122110993,-0.04415985227380992,-0.0001850780093931503,0.55,1.127272727272724,2.399999999999998,2.8545454545454425
1h,2024-02-20T14:00:00+00:00,2024-02-20T15:00:00+00:00,15,1,Tuesday,expand,0.00628323799627564,0.10135142399158914,0.000578212461824954,0.565,5.026548672566369,5.27433628318585,6.053097345132746
1h,2024-02-20T15:00:00+00:00,2024-02-20T16:00:00+00:00,16,1,Tuesday,expand,0.007863006710827378,0.2514258914731766,0.0015797687145517386,0.555,3.0810810810810816,4.18018018018018,6.162162162162163
1h,2024-02-20T22:00:00+00:00,2024-02-20T23:00:00+00:00,23,1,Tuesday,contract,0.006980932619083275,-0.04404085116253609,-0.000321610201467943,0.5648,1.912181303116153,6.055240793201135,6.055240793201135
1h,2024-02-21T01:00:00+00:00,2024-02-21T02:00:00+00:00,2,2,Wednesday,contract,0.006498618427159606,-0.03976576792532738,-0.00026912449439689314,0.5577,1.398601398601404,4.859243320781785,4.859243320781785
1h,2024-02-21T02:00:00+00:00,2024-02-21T03:00:00+00:00,3,2,Wednesday,contract,0.006191574253791061,-0.04724760759691904,-0.0003070441733685446,0.5572,2.0997846374730877,4.863603732950469,4.863603732950469
1h,2024-02-21T09:00:00+00:00,2024-02-21T10:00:00+00:00,10,2,Wednesday,expand,0.006189555381071203,0.09993256787433924,0.0005623418937637497,0.5383,2.284971205647404,3.1395132825561998,3.34386030094743
1h,2024-02-21T20:00:00+00:00,2024-02-21T21:00:00+00:00,21,2,Wednesday,contract,0.006097825661997181,-0.04456846215193977,-0.0002844481278459401,0.5432,1.3807069219440467,2.2091310751104585,2.8902798232695024
1h,2024-02-21T23:00:00+00:00,2024-02-22T00:00:00+00:00,0,3,Thursday,contract,0.00555536551727691,-0.043131639091653184,-0.0002504127320982182,0.5495,1.9290263876251033,2.5841674249317546,2.8571428571428457
1h,2024-02-22T11:00:00+00:00,2024-02-22T12:00:00+00:00,12,3,Thursday,contract,0.004537826096592759,-0.04435194190932035,-0.0002106020074302108,0.5459,1.8684740795017376,2.912621359223305,4.23154423887159
1h,2024-02-23T05:00:00+00:00,2024-02-23T06:00:00+00:00,6,4,Friday,contract,0.004480953608445794,-0.0408499380863343,-0.00019084258526506047,0.5403,2.258004812141401,3.035350731075323,3.035350731075323
1h,2024-02-23T06:00:00+00:00,2024-02-23T07:00:00+00:00,7,4,Friday,contract,0.004289456922128239,-0.042735699373592784,-0.00019149668631755507,0.5406,2.108768035516087,2.9966703662597105,3.181650018497964
1h,2024-02-23T10:00:00+00:00,2024-02-23T11:00:00+00:00,11,4,Friday,contract,0.004482251643921929,-0.03927768876201887,-0.0001832501264555338,0.5366,0.9877003354453916,3.0190085724934765,4.0439806187104095
1h,2024-02-23T11:00:00+00:00,2024-02-23T12:00:00+00:00,12,4,Friday,contract,0.004290662240784642,-0.04274400867186656,-0.00019158940313728726,0.537,1.2662942271880873,3.016759776536311,4.115456238361268
1h,2024-02-24T19:00:00+00:00,2024-02-24T20:00:00+00:00,20,5,Saturday,contract,0.0031599429480247488,-0.041082534121866576,-0.00013538022677112927,0.5466,0.6037321624588309,1.2074643249176822,1.2623490669593884
1h,2024-02-24T23:00:00+00:00,2024-02-25T00:00:00+00:00,0,6,Sunday,contract,0.0028860456720776495,-0.04300627929476286,-0.00012969582092905128,0.5453,1.1369888134971748,1.2653585182468399,1.2653585182468399
1h,2024-02-25T06:00:00+00:00,2024-02-25T07:00:00+00:00,7,6,Sunday,contract,0.0026905282231880017,-0.04087290079518846,-0.00011465601716830962,0.5472,0.7309941520467843,1.2609649122807047,2.0650584795321594
1h,2024-02-25T11:00:00+00:00,2024-02-25T12:00:00+00:00,12,6,Sunday,contract,0.002472943928817121,-0.043809955370929576,-0.00011330337913977853,0.5449,0.8441915947880433,1.7984951367223196,3.101486511286459
1h,2024-02-26T09:00:00+00:00,2024-02-26T10:00:00+00:00,10,0,Monday,expand,0.0029891610634189924,0.11190369731276273,0.0003008337643523864,0.5337,1.4802323402660706,4.984073449503459,6.78283679970021
1h,2024-02-27T19:00:00+00:00,2024-02-27T20:00:00+00:00,20,1,Tuesday,expand,0.00751265851809252,0.1228751801179544,0.0008221031909159595,0.5942,2.776842813867378,3.1302591719959527,15.634466509592729
1h,2024-02-28T11:00:00+00:00,2024-02-28T12:00:00+00:00,12,2,Wednesday,expand,0.007644064178162084,0.10762672343666457,0.0007427642939875391,0.5808,1.9111570247933882,15.99517906336088,16.322314049586776
1h,2024-02-28T16:00:00+00:00,2024-02-28T17:00:00+00:00,17,2,Wednesday,expand,0.008367506323448435,0.10383565360150082,0.0007871148981962702,0.6027,15.413970466235272,15.729218516674962,18.616226978596313
1h,2024-02-28T17:00:00+00:00,2024-02-28T18:00:00+00:00,18,2,Wednesday,expand,0.01440554158605926,0.7216051030269692,0.006038035262610824,0.5728,4.434357541899438,10.701815642458104,13.739525139664805
1h,2024-02-28T19:00:00+00:00,2024-02-28T20:00:00+00:00,20,2,Wednesday,contract,0.014544574122673534,-0.03983553360778613,-0.0006034287786672015,0.5656,3.1294200848656186,8.75176803394625,11.82814710042432
1h,2024-02-28T22:00:00+00:00,2024-02-28T23:00:00+00:00,23,2,Wednesday,contract,0.013213822648510839,-0.044572367117012734,-0.0006164478960392957,0.5733,2.982731554160126,7.378335949764521,10.413396127681837
1h,2024-02-28T23:00:00+00:00,2024-02-29T00:00:00+00:00,0,3,Thursday,contract,0.012591406745045775,-0.04710339468156921,-0.0006224159034650643,0.5755,3.7185056472632447,7.471763683753245,10.373588184187659
1h,2024-02-29T16:00:00+00:00,2024-02-29T17:00:00+00:00,17,3,Thursday,expand,0.01260281071923078,0.13665379558953572,0.0015151684062130171,0.6128,3.4758485639686656,6.086814621409921,6.086814621409921
1h,2024-02-29T23:00:00+00:00,2024-03-01T00:00:00+00:00,0,4,Friday,contract,0.013371117625152038,-0.04384658140918185,-0.000613162894242467,0.5872,1.6519073569482359,2.7247956403269775,3.525204359673014
1h,2024-03-01T04:00:00+00:00,2024-03-01T05:00:00+00:00,5,4,Friday,contract,0.011389726892804281,-0.041989437367036975,-0.0004992097609849526,0.5956,2.3337810611148457,2.686366689053058,9.503022162525182
1h,2024-03-01T09:00:00+00:00,2024-03-01T10:00:00+00:00,10,4,Friday,contract,0.009949347309175455,-0.05168489434577517,-0.0005422574853211869,0.5943,1.2115093387178164,6.680127881541302,9.136799596163556
1h,2024-03-02T21:00:00+00:00,2024-03-02T22:00:00+00:00,22,5,Saturday,contract,0.00874081143302568,-0.04086060487933729,-0.0003723701102327521,0.6363,2.341662737702346,10.388181675310395,10.388181675310395
1h,2024-03-03T07:00:00+00:00,2024-03-03T08:00:00+00:00,8,6,Sunday,expand,0.011101925632716132,0.3741713060587284,0.003022928797483374,0.6107,2.996561323071882,4.372032094318005,6.20599312264615
1h,2024-03-03T15:00:00+00:00,2024-03-03T16:00:00+00:00,16,6,Sunday,contract,0.009398909898721946,-0.04381516886012482,-0.0004306853768247642,0.6234,1.5880654475457026,5.790824510747517,9.335899903753615
1h,2024-03-03T21:00:00+00:00,2024-03-03T22:00:00+00:00,22,6,Sunday,contract,0.008009049082086881,-0.04414941102081882,-0.00036992685246822234,0.6298,4.00127024452207,9.241028898062881,9.241028898062881
1h,2024-03-04T00:00:00+00:00,2024-03-04T01:00:00+00:00,1,0,Monday,expand,0.009033520711860385,0.15963851720062472,0.0012435753298568912,0.6266,2.8726460261729994,7.181615065432499,7.181615065432499
1h,2024-03-04T06:00:00+00:00,2024-03-04T07:00:00+00:00,7,0,Monday,expand,0.009773653764812885,0.09976829595374381,0.0008866420180913149,0.6444,2.979515828677839,5.198634388578536,7.852265673494737
1h,2024-03-05T10:00:00+00:00,2024-03-05T11:00:00+00:00,11,1,Tuesday,contract,0.01168635276710297,-0.04155193277730329,-0.0005066425205463819,0.6462,2.1200866604766397,20.396162178891988,20.396162178891988
1h,2024-03-05T16:00:00+00:00,2024-03-05T17:00:00+00:00,17,1,Tuesday,expand,0.013204527093492553,0.14696629869027755,0.0016919594543467285,0.6283,16.71176189718287,16.71176189718287,16.71176189718287
1h,2024-03-05T19:00:00+00:00,2024-03-05T20:00:00+00:00,20,1,Tuesday,expand,0.019480337472450128,0.4329878724923897,0.005886127886734611,0.5677,6.499911925312674,11.713933415536376,11.713933415536376
1h,2024-03-05T23:00:00+00:00,2024-03-06T00:00:00+00:00,0,2,Wednesday,contract,0.018221861165937325,-0.042141552539742055,-0.0008016816281490209,0.5915,3.9222316145393066,8.300929839391383,8.300929839391383
1h,2024-03-06T06:00:00+00:00,2024-03-06T07:00:00+00:00,7,2,Wednesday,contract,0.015055963852055024,-0.04747809016444349,-0.0007504587578503873,0.6065,3.594394064303387,5.919208573784013,6.924979389942297
1h,2024-03-06T10:00:00+00:00,2024-03-06T11:00:00+00:00,11,2,Wednesday,contract,0.014059545074410238,-0.04072533038910209,-0.0005968880826469451,0.6125,4.440816326530612,4.800000000000015,6.857142857142863
1h,2024-03-06T18:00:00+00:00,2024-03-06T19:00:00+00:00,19,2,Wednesday,contract,0.012442807123229321,-0.039446762154408344,-0.000510985163325331,0.61,1.6393442622950833,3.9672131147540988,3.9672131147540988
1h,2024-03-08T02:00:00+00:00,2024-03-08T03:00:00+00:00,3,4,Friday,contract,0.007711105000538952,-0.04670327658833662,-0.0003777773077337631,0.6296,1.5724269377382318,6.353240152477769,6.353240152477769
1h,2024-03-08T15:00:00+00:00,2024-03-08T16:00:00+00:00,16,4,Friday,expand,0.008872561728662895,0.3615313207284041,0.0023559567901028523,0.6146,3.67718841522941,4.930035795639439,4.930035795639439
1h,2024-03-09T03:00:00+00:00,2024-03-09T04:00:00+00:00,4,5,Saturday,contract,0.007085244103842562,-0.042469060898109756,-0.0003142495464494273,0.6265,1.2290502793296154,2.681564245810062,2.681564245810062
1h,2024-03-09T04:00:00+00:00,2024-03-09T05:00:00+00:00,5,5,Saturday,contract,0.006779155239282381,-0.04320089189223264,-0.0003060888645601816,0.6274,1.3866751673573545,2.677717564552126,2.677717564552126
1h,2024-03-09T22:00:00+00:00,2024-03-09T23:00:00+00:00,23,5,Saturday,contract,0.005111544595353936,-0.047469430749688346,-0.00025473419964260925,0.6226,0.9155155798265221,4.3527144233858035,5.1718599421779645
1h,2024-03-10T09:00:00+00:00,2024-03-10T10:00:00+00:00,10,6,Sunday,expand,0.004793414809467109,0.11859352408354207,0.0005081988608102196,0.6213,2.49476903267342,6.824400450667954,8.079832609045553
1h,2024-03-10T17:00:00+00:00,2024-03-10T18:00:00+00:00,18,6,Sunday,contract,0.0055292783605509115,-0.04043896040360995,-0.00023302141235007328,0.6137,0.8473195372331729,8.179892455597201,26.72315463581555
1h,2024-03-10T19:00:00+00:00,2024-03-10T20:00:00+00:00,20,6,Sunday,contract,0.005075755321087254,-0.04591857925221199,-0.00024428887085287294,0.6126,2.9546196539340523,8.243552073130916,26.85275873326805
1h,2024-03-10T22:00:00+00:00,2024-03-10T23:00:00+00:00,23,6,Sunday,expand,0.005535325962255364,0.13331336692367501,0.0006511287721342046,0.6007,4.811053770600972,8.406858664890958,27.384717829199285
1h,2024-03-11T00:00:00+00:00,2024-03-11T01:00:00+00:00,1,0,Monday,expand,0.0074207657531691704,0.28642522822703964,0.0016522487882177587,0.5983,2.9918101286979817,24.53618585993649,25.62259735918437
1h,2024-03-11T15:00:00+00:00,2024-03-11T16:00:00+00:00,16,0,Monday,expand,0.012429727435706358,0.6319196516518144,0.0048130978895610564,0.6937,9.629522848493597,9.629522848493597,9.87458555571573
1h,2024-03-11T16:00:00+00:00,2024-03-11T17:00:00+00:00,17,0,Monday,expand,0.01584903261887019,0.2750909222145401,0.0034193051831638323,0.7216,4.018847006651889,9.49279379157428,9.49279379157428
1h,2024-03-12T19:00:00+00:00,2024-03-12T20:00:00+00:00,20,1,Tuesday,contract,0.01661813493239534,-0.04642663595993224,-0.0008090873024919482,0.6915,1.2147505422993439,3.0079537237888707,4.989154013015197
1h,2024-03-12T21:00:00+00:00,2024-03-12T22:00:00+00:00,22,1,Tuesday,contract,0.015294718385585769,-0.04465908066380464,-0.0007149783373527601,0.687,2.2852983988355233,5.021834061135384,5.021834061135384
1h,2024-03-12T22:00:00+00:00,2024-03-12T23:00:00+00:00,23,1,Tuesday,contract,0.01459509564375821,-0.045742767155942166,-0.0006996227418275582,0.6877,2.35567834811691,5.0167224080267685,5.0167224080267685
1h,2024-03-12T23:00:00+00:00,2024-03-13T00:00:00+00:00,0,2,Wednesday,contract,0.01397401738348977,-0.0425539013534354,-0.0006210782602684411,0.6886,2.6285216381063035,5.010165553296556,5.010165553296556
1h,2024-03-13T02:00:00+00:00,2024-03-13T03:00:00+00:00,3,2,Wednesday,contract,0.01327934263539615,-0.04099388904810031,-0.0005676417411843177,0.6969,1.2914334911752057,4.950495049504963,4.950495049504963
1h,2024-03-13T04:00:00+00:00,2024-03-13T05:00:00+00:00,5,2,Wednesday,contract,0.012204637272356883,-0.044013139599387796,-0.0005618951747966838,0.6966,1.2919896640826884,4.952627045650313,4.952627045650313
1h,2024-03-13T06:00:00+00:00,2024-03-13T07:00:00+00:00,7,2,Wednesday,contract,0.011363182137899563,-0.05114946949745225,-0.0006125524721461145,0.6986,1.6175207557973057,4.809619238476964,4.809619238476964
1h,2024-03-13T08:00:00+00:00,2024-03-13T09:00:00+00:00,9,2,Wednesday,contract,0.01057539684339299,-0.04431804394071592,-0.0004904151417994603,0.6987,2.2613424932016657,4.408186632317167,4.408186632317167
1h,2024-03-13T10:00:00+00:00,2024-03-13T11:00:00+00:00,11,2,Wednesday,contract,0.009742051359864357,-0.04409470785346181,-0.0004493885661434188,0.6929,3.521431664020795,3.521431664020795,5.729542502525628
1h,2024-03-13T19:00:00+00:00,2024-03-13T20:00:00+00:00,20,2,Wednesday,contract,0.009342139577975772,-0.04364234649597121,-0.0004263184290750569,0.6854,1.736212430697406,5.2524073533703,10.358914502480312
1h,2024-03-14T09:00:00+00:00,2024-03-14T10:00:00+00:00,10,3,Thursday,expand,0.009024578977864782,0.16107244367178053,0.0012519554632411693,0.7,5.8428571428571345,9.085714285714284,15.228571428571417
1h,2024-03-14T13:00:00+00:00,2024-03-14T14:00:00+00:00,14,3,Thursday,expand,0.011032356314733338,0.13507906619817,0.0013128956680974382,0.6685,4.308152580403879,12.685115931189229,14.24083769633507
1h,2024-03-14T22:00:00+00:00,2024-03-14T23:00:00+00:00,23,3,Thursday,contract,0.013542540126659171,-0.04420595180617737,-0.0006263492405122386,0.67,6.373134328358203,12.268656716417901,12.268656716417901
1h,2024-03-14T23:00:00+00:00,2024-03-15T00:00:00+00:00,0,4,Friday,contract,0.012853787260469231,-0.05085846966287333,-0.00068875286618994,0.6698,10.719617796357118,12.272320095550903,12.272320095550903
1h,2024-03-15T01:00:00+00:00,2024-03-15T02:00:00+00:00,2,4,Friday,contract,0.012030561464384184,-0.04301935693715386,-0.0005408124203372458,0.6703,10.129792630165593,11.681336714903763,11.681336714903763
1h,2024-03-15T02:00:00+00:00,2024-03-15T03:00:00+00:00,3,4,Friday,expand,0.013942664216928167,0.1589371167924838,0.0019121027525439826,0.647,7.233384853168462,8.840803709428117,8.840803709428117
1h,2024-03-15T03:00:00+00:00,2024-03-15T04:00:00+00:00,4,4,Friday,expand,0.016289616772861868,0.168328844431626,0.0023469525559337012,0.6372,2.7620841180163134,7.972379158819829,8.458882611424977
1h,2024-03-15T12:00:00+00:00,2024-03-15T13:00:00+00:00,13,4,Friday,contract,0.015849177673205338,-0.03939221994916964,-0.0006499367440927217,0.6254,2.1746082507195488,4.700991365526061,4.700991365526061
1h,2024-03-15T15:00:00+00:00,2024-03-15T16:00:00+00:00,16,4,Friday,contract,0.014285183435871766,-0.042708767232292666,-0.0006373218027593656,0.6276,4.190567240280432,4.684512428298276,5.608667941363927
1h,2024-03-16T02:00:00+00:00,2024-03-16T03:00:00+00:00,3,5,Saturday,contract,0.011537115754241569,-0.047848742445390835,-0.0005797781349416581,0.6414,2.011225444340509,7.234175241658872,8.076083567196768
1h,2024-03-16T03:00:00+00:00,2024-03-16T04:00:00+00:00,4,5,Saturday,contract,0.011084464628938598,-0.039234340275779545,-0.0004526511253029712,0.6416,1.8703241895261864,7.107231920199498,7.948877805486291
1h,2024-03-16T09:00:00+00:00,2024-03-16T10:00:00+00:00,10,5,Saturday,contract,0.009126321041713927,-0.04296511835194583,-0.0004097170032087618,0.6385,3.758809710258422,7.376664056382151,8.206734534064214
1h,2024-03-17T03:00:00+00:00,2024-03-17T04:00:00+00:00,4,6,Sunday,contract,0.010163084154090883,-0.04663685910533921,-0.0004971603195454491,0.6158,4.72556024683339,6.122117570639829,6.25202987983111
1h,2024-03-17T04:00:00+00:00,2024-03-17T05:00:00+00:00,5,6,Sunday,contract,0.009708578143084392,-0.04472126808312826,-0.0004545060110064912,0.614,4.6091205211726365,6.140065146579816,6.270358306188922
1h,2024-03-17T19:00:00+00:00,2024-03-17T20:00:00+00:00,20,6,Sunday,contract,0.008210967407064148,-0.047396692971490184,-0.0004085359543895481,0.6224,1.381748071979425,4.177377892030852,5.462724935732653
1h,2024-03-17T20:00:00+00:00,2024-03-17T21:00:00+00:00,21,6,Sunday,contract,0.007867326877988134,-0.041851405813688736,-0.0003436405290760131,0.6199,2.8552992418131855,4.194224874979839,5.484755605742866
1h,2024-03-17T21:00:00+00:00,2024-03-17T22:00:00+00:00,22,6,Sunday,contract,0.007505374958131833,-0.04600697612666904,-0.0003619519198563015,0.6202,3.660109642050942,4.579168010319267,5.482102547565307
1h,2024-03-18T22:00:00+00:00,2024-03-18T23:00:00+00:00,23,0,Monday,expand,0.009310488054108446,0.27882086676371376,0.0020299624573762694,0.6336,8.964646464646474,15.451388888888888,15.451388888888888
1h,2024-03-18T23:00:00+00:00,2024-03-19T00:00:00+00:00,0,1,Tuesday,expand,0.011238310335957843,0.20705920792183452,0.0019278222818493972,0.6457,6.845284187703269,12.110887409013463,12.110887409013463
1h,2024-03-19T13:00:00+00:00,2024-03-19T14:00:00+00:00,14,1,Tuesday,contract,0.01351107395623242,-0.04153268661976306,-0.0005854672274024919,0.5977,3.546929897942111,7.144052200100397,7.144052200100397
1h,2024-03-20T23:00:00+00:00,2024-03-21T00:00:00+00:00,0,3,Thursday,contract,0.010138738337913166,-0.045194383735189025,-0.0004799029490702503,0.6112,1.4561518324607363,9.391361256544505,9.391361256544505
1h,2024-03-21T02:00:00+00:00,2024-03-21T03:00:00+00:00,3,3,Thursday,contract,0.009098654565741706,-0.04519375172596718,-0.00043066573582628206,0.6099,2.705361534677809,9.411378914576161,9.411378914576161
1h,2024-03-21T15:00:00+00:00,2024-03-21T16:00:00+00:00,16,3,Thursday,expand,0.010160214890365208,0.17991105818735775,0.001549214239202677,0.6368,2.9993718592964833,3.768844221105531,7.600502512562814
1h,2024-03-21T21:00:00+00:00,2024-03-21T22:00:00+00:00,22,3,Thursday,contract,0.010821880229372546,-0.03973808161835679,-0.0004478369407209734,0.6381,3.5417646136969223,6.723084156088395,7.365616674502435
1h,2024-03-21T23:00:00+00:00,2024-03-22T00:00:00+00:00,0,4,Friday,contract,0.01015713142226511,-0.04038617650885867,-0.00042747164786654385,0.6412,3.5246412975670713,7.330006238303188,7.330006238303188
1h,2024-03-23T05:00:00+00:00,2024-03-23T06:00:00+00:00,6,5,Saturday,contract,0.007317872570797731,-0.043417427782974194,-0.00033214404390751774,0.6133,1.2881134844285045,3.5056253057231315,3.636067177563996
1h,2024-03-23T06:00:00+00:00,2024-03-23T07:00:00+00:00,7,5,Saturday,contract,0.007030881672883605,-0.03921780478378034,-0.00028699089791412585,0.6141,1.286435433968412,3.1590946099983674,3.3545025240188817
1h,2024-03-23T08:00:00+00:00,2024-03-23T09:00:00+00:00,9,5,Saturday,contract,0.0065669336873333175,-0.04333326516679503,-0.0002974564374871756,0.6178,1.1816121722240343,2.8002589834897997,3.334412431207503
1h,2024-03-23T18:00:00+00:00,2024-03-23T19:00:00+00:00,19,5,Saturday,contract,0.0057803518155380975,-0.04304813786914152,-0.00026002706273369446,0.6293,1.3824884792626793,3.305259812490057,3.3847131733672313
1h,2024-03-23T20:00:00+00:00,2024-03-23T21:00:00+00:00,21,5,Saturday,contract,0.0055590788613568256,-0.04441633595723138,-0.000258390681642834,0.6245,1.4411529223378714,3.3306645316252887,3.41072858286629
1h,2024-03-24T05:00:00+00:00,2024-03-24T06:00:00+00:00,6,6,Sunday,expand,0.005827414071558792,0.1803038534493755,0.0008901989175723983,0.6264,1.9157088122605384,1.9955300127714029,2.4425287356321985
1h,2024-03-24T19:00:00+00:00,2024-03-24T20:00:00+00:00,20,6,Sunday,contract,0.005159224761163624,-0.03951394071511405,-0.00021224805855105198,0.6304,1.1897208121827334,1.744923857868022,5.853426395939076
1h,2024-03-25T14:00:00+00:00,2024-03-25T15:00:00+00:00,15,0,Monday,expand,0.005310874032291405,0.1573977192833509,0.0007222404590545017,0.6438,2.1124572848710694,5.374339857098471,5.809257533395462
1h,2024-03-25T16:00:00+00:00,2024-03-25T17:00:00+00:00,17,0,Monday,expand,0.00586549852784309,0.10162970898428303,0.0005411154978582173,0.6529,5.299433297595338,5.299433297595338,5.8814519834584145
1h,2024-03-25T19:00:00+00:00,2024-03-25T20:00:00+00:00,20,0,Monday,expand,0.007908163362125091,0.3506810306639858,0.0020532182029134524,0.6559,3.1254764445799776,3.1254764445799776,5.137978350358296
1h,2024-03-26T02:00:00+00:00,2024-03-26T03:00:00+00:00,3,1,Tuesday,contract,0.007079564111321862,-0.04244510122834799,-0.00031381262394783536,0.6466,0.9124652025982086,4.361274358181257,4.361274358181257
1h,2024-03-26T03:00:00+00:00,2024-03-26T04:00:00+00:00,4,1,Tuesday,contract,0.006788166674798873,-0.0411603641044761,-0.0002913974365229893,0.6442,1.5212666873641776,4.377522508537722,4.377522508537722
1h,2024-03-26T21:00:00+00:00,2024-03-26T22:00:00+00:00,22,1,Tuesday,contract,0.006338586263547614,-0.04340117540715027,-0.0002875835587344286,0.6343,0.9932208734037478,3.70487151190288,4.713857795995574
1h,2024-03-26T23:00:00+00:00,2024-03-27T00:00:00+00:00,0,2,Wednesday,contract,0.0059281687680589135,-0.0449618615760361,-0.000279089905235304,0.6323,0.9963624861616277,4.728767989878211,4.728767989878211
1h,2024-03-27T03:00:00+00:00,2024-03-27T04:00:00+00:00,4,2,Wednesday,contract,0.005293180658697693,-0.04301788346541757,-0.00023793697374597817,0.6323,2.27739996836944,4.349201328483311,4.665506879645733
1h,2024-03-27T05:00:00+00:00,2024-03-27T06:00:00+00:00,6,2,Wednesday,contract,0.004978303731224024,-0.0454052197525151,-0.00023679259470954766,0.6304,3.172588832487313,4.187817258883245,4.505076142131977
1h,2024-03-27T13:00:00+00:00,2024-03-27T14:00:00+00:00,14,2,Wednesday,expand,0.006224928982755912,0.11237364596257327,0.0006288516167110899,0.6192,2.3901808785529597,2.7131782945736314,3.472222222222217
1h,2024-03-27T22:00:00+00:00,2024-03-27T23:00:00+00:00,23,2,Wednesday,contract,0.005968529533271326,-0.0451459022014159,-0.0002821945794824121,0.6151,2.1785075597463774,3.5603966834660903,5.592586571289219
1h,2024-03-28T05:00:00+00:00,2024-03-28T06:00:00+00:00,6,3,Thursday,contract,0.005664894040363911,-0.04245165797211259,-0.0002511456954126124,0.6121,2.1891847737297776,4.2966835484397965,4.2966835484397965
1h,2024-03-28T16:00:00+00:00,2024-03-28T17:00:00+00:00,17,3,Thursday,expand,0.006485001915100798,0.1566057605443516,0.0008780767757614787,0.6309,1.5216357584403317,4.4222539229671955,5.928039308923758
1h,2024-03-28T20:00:00+00:00,2024-03-28T21:00:00+00:00,21,3,Thursday,contract,0.00627260359478327,-0.04645426206997871,-0.0003055848919063988,0.6287,1.3997136949260425,4.18323524733577,5.948783203435658
1h,2024-03-29T10:00:00+00:00,2024-03-29T11:00:00+00:00,11,4,Friday,expand,0.0060969299841883715,0.11701548404533435,0.0006386976935239689,0.6275,3.2031872509960175,4.079681274900391,4.079681274900391
1h,2024-03-29T14:00:00+00:00,2024-03-29T15:00:00+00:00,15,4,Friday,expand,0.006763132998708976,0.134697299983906,0.0008028359231762316,0.6353,2.8018259090193496,2.8018259090193496,2.8018259090193496
1h,2024-03-29T15:00:00+00:00,2024-03-29T16:00:00+00:00,16,4,Friday,expand,0.007551480641658329,0.11656545022844322,0.0007883476429493535,0.6254,2.1106491845219044,2.494403581707717,2.6862807803006135
1h,2024-03-29T19:00:00+00:00,2024-03-29T20:00:00+00:00,20,4,Friday,contract,0.007249610542648984,-0.04022229990666237,-0.0003038161955883859,0.6268,1.834716017868549,1.8666241225271287,2.6802807913210014
1h,2024-03-30T02:00:00+00:00,2024-03-30T03:00:00+00:00,3,5,Saturday,contract,0.006135281272680091,-0.0412924470556395,-0.00026425240559078186,0.628,0.9713375796178335,2.675159235668796,3.184713375796181
1h,2024-03-30T14:00:00+00:00,2024-03-30T15:00:00+00:00,15,5,Saturday,expand,0.005011312714445354,0.11632755258027716,0.0005222067142734363,0.6345,1.2765957446808505,2.8368794326241162,2.8368794326241162
1h,2024-03-30T17:00:00+00:00,2024-03-30T18:00:00+00:00,18,5,Saturday,contract,0.004969990537039523,-0.04676891019552054,-0.00024384542592611504,0.6324,2.1821631878557928,2.3402909550917195,2.3402909550917195
1h,2024-03-31T06:00:00+00:00,2024-03-31T07:00:00+00:00,7,6,Sunday,contract,0.004039782929444959,-0.039149321327363595,-0.00016459868688038087,0.6266,0.6862432173635623,0.9256303862113034,6.032556654963285
1h,2024-03-31T09:00:00+00:00,2024-03-31T10:00:00+00:00,10,6,Sunday,contract,0.0036486162886263072,-0.04333580217781097,-0.00016527817604818171,0.6271,0.6538032211768446,1.467070642640725,6.0277467708499355
1h,2024-03-31T17:00:00+00:00,2024-03-31T18:00:00+00:00,18,6,Sunday,contract,0.0028975755858793306,-0.040685917024012475,-0.00012289042968301927,0.6267,0.8776128929312189,6.031594064145515,6.302856231051536
1h,2024-04-01T05:00:00+00:00,2024-04-01T06:00:00+00:00,6,0,Monday,expand,0.0052876339210610615,0.6836762831057774,0.0021471050829953036,0.6071,2.322516883544721,3.5578982045791574,6.045132597595117
1h,2024-04-01T06:00:00+00:00,2024-04-01T07:00:00+00:00,7,0,Monday,expand,0.005859945783842413,0.10823590878744249,0.0005723118627813514,0.6137,1.4828091901580571,3.519635000814741,5.980120580087983
1h,2024-04-01T14:00:00+00:00,2024-04-01T15:00:00+00:00,15,0,Monday,expand,0.006083566500898803,0.11279641593688683,0.0006166487307000916,0.6026,2.5224029206770644,6.090275472950539,6.604712910720203
1h,2024-04-01T21:00:00+00:00,2024-04-01T22:00:00+00:00,22,0,Monday,contract,0.005834515445974348,-0.044524719622424214,-0.0002718858035364912,0.6132,2.087410306588394,6.4905414220482625,6.4905414220482625
1h,2024-04-01T22:00:00+00:00,2024-04-01T23:00:00+00:00,23,0,Monday,contract,0.005560621485547609,-0.046943737309962597,-0.0002738939604267389,0.6124,5.99281515349444,6.499020248203779,6.499020248203779
1h,2024-04-02T02:00:00+00:00,2024-04-02T03:00:00+00:00,3,1,Tuesday,expand,0.007966157597061775,0.3840077400841526,0.0022102955694567822,0.5983,1.8552565602540527,4.061507604880492,6.1841885341801826
1h,2024-04-02T19:00:00+00:00,2024-04-02T20:00:00+00:00,20,1,Tuesday,contract,0.0074638339159699895,-0.04114717568295856,-0.00032029491661307846,0.5911,1.7086787345626793,4.770766367788869,4.770766367788869
1h,2024-04-02T22:00:00+00:00,2024-04-02T23:00:00+00:00,23,1,Tuesday,contract,0.006901728539863727,-0.04473531379168072,-0.00032320988768182266,0.5889,3.8546442519952357,4.567838342672785,4.567838342672785
1h,2024-04-03T00:00:00+00:00,2024-04-03T01:00:00+00:00,1,2,Wednesday,expand,0.007807612873658008,0.16255804646976912,0.0010917220866416928,0.5788,2.695231513476168,3.5590877677954498,4.647546648237739
1h,2024-04-03T02:00:00+00:00,2024-04-03T03:00:00+00:00,3,2,Wednesday,contract,0.007824421304327566,-0.040780308305127244,-0.000332647792640587,0.5847,1.060372840773043,3.6086882161792384,4.771677783478713
1h,2024-04-03T06:00:00+00:00,2024-04-03T07:00:00+00:00,7,2,Wednesday,contract,0.00679182884404674,-0.0422173168360126,-0.00029937144954206383,0.5871,1.2604326349855346,4.581842956906836,5.246125021291101
1h,2024-04-03T23:00:00+00:00,2024-04-04T00:00:00+00:00,0,3,Thursday,contract,0.006068198835531732,-0.03978099251734113,-0.00025139991042552427,0.5746,2.332057083188299,9.537069265576045,9.537069265576045
1h,2024-04-04T10:00:00+00:00,2024-04-04T11:00:00+00:00,11,3,Thursday,contract,0.005666595515629112,-0.04618008005538621,-0.00027435350120224005,0.576,7.465277777777765,7.465277777777765,7.708333333333334
1h,2024-04-04T13:00:00+00:00,2024-04-04T14:00:00+00:00,14,3,Thursday,expand,0.007789690359998958,0.4373006715998684,0.002370023818461616,0.5966,2.5142474019443535,4.810593362386868,6.151525310090523
1h,2024-04-05T17:00:00+00:00,2024-04-05T18:00:00+00:00,18,4,Friday,contract,0.0063042771573982425,-0.04100493879760436,-0.00026955978133832385,0.5843,1.3007016943351106,1.471846654116045,2.3104569570426263
1h,2024-04-05T22:00:00+00:00,2024-04-05T23:00:00+00:00,23,4,Friday,contract,0.005484211895716561,-0.04017573257576634,-0.00022955476120897073,0.587,0.9710391822828004,1.192504258943783,2.027257240204433
1h,2024-04-05T23:00:00+00:00,2024-04-06T00:00:00+00:00,0,5,Saturday,contract,0.005213911046022523,-0.04928709080426963,-0.0002703008496940376,0.5872,0.9707084468664915,2.0265667574931916,2.3160762942779196
1h,2024-04-06T07:00:00+00:00,2024-04-06T08:00:00+00:00,8,5,Saturday,contract,0.004116622148268479,-0.04320588337298903,-0.00018589401140526457,0.5902,0.8132836326668971,2.067095899695017,2.067095899695017
1h,2024-04-06T12:00:00+00:00,2024-04-06T13:00:00+00:00,13,5,Saturday,contract,0.003605336852384875,-0.04103014849473552,-0.00015425668095268765,0.5885,1.784197111299926,2.0730671197960895,2.107051826678008
1h,2024-04-06T19:00:00+00:00,2024-04-06T20:00:00+00:00,20,5,Saturday,contract,0.003584862302581266,-0.04868250971553645,-0.00018345094635239785,0.5909,1.675410390929076,1.709257065493315,2.369267219495668
1h,2024-04-06T20:00:00+00:00,2024-04-06T21:00:00+00:00,21,5,Saturday,contract,0.0034288007095397434,-0.04353349720828914,-0.00015606159304152245,0.5912,1.6745602165087803,1.7083897158322054,2.3680649526386843
1h,2024-04-07T13:00:00+00:00,2024-04-07T14:00:00+00:00,14,6,Sunday,expand,0.0031988986386170086,0.10940768866744444,0.00031546933549099704,0.5999,1.2668778129688183,2.3837306217702916,5.017502917152862
1h,2024-04-08T05:00:00+00:00,2024-04-08T06:00:00+00:00,6,0,Monday,contract,0.0034272196478414784,-0.039395801953541865,-0.00014055535752626434,0.5927,3.644339463472256,6.090771047747599,6.090771047747599
1h,2024-04-08T13:00:00+00:00,2024-04-08T14:00:00+00:00,14,0,Monday,expand,0.005622860095161941,0.2598608956256123,0.0011597799926798468,0.6149,2.602049113677023,2.7321515693608776,6.911692958204584
1h,2024-04-09T11:00:00+00:00,2024-04-09T12:00:00+00:00,12,1,Tuesday,expand,0.006560722931898096,0.12741918895499937,0.0007414828513924538,0.6248,5.3457106274007655,6.850192061459677,6.850192061459677
1h,2024-04-09T12:00:00+00:00,2024-04-09T13:00:00+00:00,13,1,Tuesday,expand,0.007470671293905373,0.13869635579078143,0.0009099483620072773,0.6308,3.709575142675963,5.199746353836407,6.56309448319594
1h,2024-04-09T14:00:00+00:00,2024-04-09T15:00:00+00:00,15,1,Tuesday,expand,0.008657874738112283,0.13792428759989162,0.001049394250914439,0.6183,2.0701924632055513,4.350638848455448,5.741549409671677
1h,2024-04-09T18:00:00+00:00,2024-04-09T19:00:00+00:00,19,1,Tuesday,contract,0.008697000218534595,-0.045560452473813906,-0.0004151538629641946,0.6234,1.1549566891241554,4.315046519088874,5.694578119987163
1h,2024-04-09T20:00:00+00:00,2024-04-09T21:00:00+00:00,21,1,Tuesday,contract,0.008039250188430333,-0.044254889795425356,-0.00037225001449464265,0.6268,2.728142948308871,5.663688576898529,5.663688576898529
1h,2024-04-09T22:00:00+00:00,2024-04-09T23:00:00+00:00,23,1,Tuesday,contract,0.007610884091044523,-0.043603484133283854,-0.0003469910839265025,0.6229,3.5639749558516614,4.944613902713106,4.944613902713106
1h,2024-04-10T04:00:00+00:00,2024-04-10T05:00:00+00:00,5,2,Wednesday,contract,0.007655825488929258,-0.04285207515762568,-0.0003427558068407142,0.6087,1.4457039592574388,4.616395597174308,4.797108592081486
1h,2024-04-10T05:00:00+00:00,2024-04-10T06:00:00+00:00,6,2,Wednesday,contract,0.00734469509686288,-0.04063969228612774,-0.00031113039206637823,0.6099,1.4428594851615069,4.607312674208889,4.7876701098540755
1h,2024-04-10T11:00:00+00:00,2024-04-10T12:00:00+00:00,12,2,Wednesday,contract,0.007018116905981135,-0.04817883875620088,-0.0003552397619985522,0.6128,3.557441253263696,4.765013054830288,4.7976501305483
1h,2024-04-10T12:00:00+00:00,2024-04-10T13:00:00+00:00,13,2,Wednesday,expand,0.00807396569841105,0.1504461676222686,0.001055848792429915,0.6027,3.0695204911232907,3.8991206238593126,3.9323046291687493
1h,2024-04-10T23:00:00+00:00,2024-04-11T00:00:00+00:00,0,3,Thursday,contract,0.006504457135738918,-0.04197095410867502,-0.0002849582412106843,0.6176,1.0524611398963828,2.6068652849740936,2.995466321243517
1h,2024-04-12T11:00:00+00:00,2024-04-12T12:00:00+00:00,12,4,Friday,contract,0.004113647178508378,-0.04318485204886158,-0.00018566516757756533,0.6086,2.8097272428524485,19.42162339796253,19.42162339796253
1h,2024-04-12T13:00:00+00:00,2024-04-12T14:00:00+00:00,14,4,Friday,expand,0.004820440679428149,0.12332015947237229,0.0005291968708132228,0.5965,5.59932942162615,17.97150041911148,17.97150041911148
1h,2024-04-12T17:00:00+00:00,2024-04-12T18:00:00+00:00,18,4,Friday,expand,0.007017188313336816,0.36683515489427365,0.001883293206666397,0.5748,15.013917884481549,15.013917884481549,15.013917884481549
1h,2024-04-12T18:00:00+00:00,2024-04-12T19:00:00+00:00,19,4,Friday,expand,0.012680246290955611,0.8070266500979644,0.005663057977618795,0.5284,4.769114307342922,4.844814534443617,7.040121120363363
1h,2024-04-13T00:00:00+00:00,2024-04-13T01:00:00+00:00,1,5,Saturday,contract,0.01117779499552179,-0.052044101227430195,-0.0006136765381170618,0.5468,3.749085588880775,3.749085588880775,25.4754937820044
1h,2024-04-13T05:00:00+00:00,2024-04-13T06:00:00+00:00,6,5,Saturday,contract,0.010555365579208581,-0.04293189543901521,-0.00047348965993912473,0.5441,1.6173497518838502,25.45487961771733,25.45487961771733
1h,2024-04-13T06:00:00+00:00,2024-04-13T07:00:00+00:00,7,5,Saturday,contract,0.010044268037836545,-0.04842063854034295,-0.000511097541372036,0.5465,1.6102470265324849,25.343092406221412,25.343092406221412
1h,2024-04-13T08:00:00+00:00,2024-04-13T09:00:00+00:00,9,5,Saturday,contract,0.00935245560405294,-0.039897977671038976,-0.00038865043108099635,0.5401,1.7589335308276364,25.643399370486947,25.643399370486947
1h,2024-04-13T09:00:00+00:00,2024-04-13T10:00:00+00:00,10,5,Saturday,contract,0.008905851632334873,-0.047752589333279416,-0.0004466039717180674,0.5406,1.6463189049204623,25.619681834998154,25.619681834998154
1h,2024-04-13T17:00:00+00:00,2024-04-13T18:00:00+00:00,18,5,Saturday,expand,0.008951398848809163,0.11763974359440454,0.0009422000885531412,0.5202,23.183391003460205,23.183391003460205,23.183391003460205
1h,2024-04-13T19:00:00+00:00,2024-04-13T20:00:00+00:00,20,5,Saturday,expand,0.013200951048207898,0.3962064572141313,0.003746080688599388,0.4917,17.4496644295302,18.08013016066708,18.08013016066708
1h,2024-04-13T20:00:00+00:00,2024-04-13T21:00:00+00:00,21,5,Saturday,expand,0.018386597401907335,0.3928236938961618,0.005185646353699436,0.431,12.134570765661257,15.7308584686775,15.7308584686775
1h,2024-04-13T23:00:00+00:00,2024-04-14T00:00:00+00:00,0,6,Sunday,contract,0.01879462627259126,-0.04418439718919931,-0.0008688174055839423,0.4786,4.116172168825741,7.354784788967825,9.068115336397826
1h,2024-04-14T07:00:00+00:00,2024-04-14T08:00:00+00:00,8,6,Sunday,contract,0.015681911630916992,-0.046231865689798424,-0.0007601470485320734,0.4953,3.876438522107812,6.844336765596605,9.125782354128804
1h,2024-04-14T08:00:00+00:00,2024-04-14T09:00:00+00:00,9,6,Sunday,contract,0.015026060800137206,-0.04182212259676121,-0.0006558508307797865,0.4935,3.4853090172239094,6.869300911854101,9.26038500506586
1h,2024-04-14T10:00:00+00:00,2024-04-14T11:00:00+00:00,11,6,Sunday,contract,0.014038287118485654,-0.04519444913578319,-0.0006644836244988957,0.491,2.83095723014256,6.904276985743378,9.307535641547865
1h,2024-04-14T21:00:00+00:00,2024-04-14T22:00:00+00:00,22,6,Sunday,contract,0.011716616211787373,-0.04821901857221844,-0.0005935858624451819,0.4875,4.04102564102564,6.461538461538467,7.794871794871802
1h,2024-04-15T23:00:00+00:00,2024-04-16T00:00:00+00:00,0,1,Tuesday,contract,0.0094888076441198,-0.04111218660907889,-0.00040683135723998225,0.4973,2.4733561230645553,5.368992559823056,5.368992559823056
1h,2024-04-16T22:00:00+00:00,2024-04-16T23:00:00+00:00,23,1,Tuesday,contract,0.007270977145723889,-0.04996274279651369,-0.00038238285736337443,0.4965,1.188318227593144,5.961732124874121,7.351460221550862
1h,2024-04-16T23:00:00+00:00,2024-04-17T00:00:00+00:00,0,2,Wednesday,contract,0.0069301930638864685,-0.0468690899458869,-0.00034078408183742075,0.496,1.1693548387096717,7.076612903225811,7.358870967741941
1h,2024-04-17T03:00:00+00:00,2024-04-17T04:00:00+00:00,4,2,Wednesday,contract,0.005996760310747122,-0.04876795381669796,-0.00030744310082670215,0.4974,2.5331724969843297,7.338158423803787,7.338158423803787
1h,2024-04-17T22:00:00+00:00,2024-04-17T23:00:00+00:00,23,2,Wednesday,contract,0.007821272462872992,-0.041671663874821574,-0.00034009788175945986,0.4968,2.375201288244773,3.3212560386473458,4.045893719806753
1h,2024-04-18T03:00:00+00:00,2024-04-18T04:00:00+00:00,4,3,Thursday,contract,0.0071863055879944045,-0.04190726840930581,-0.0003143311990764933,0.4973,2.151618741202491,4.041825859642057,7.94289161471947
1h,2024-04-18T04:00:00+00:00,2024-04-18T05:00:00+00:00,5,3,Thursday,contract,0.00683014090313766,-0.049561583555778665,-0.0003561646848567442,0.496,2.540322580645161,4.052419354838699,7.96370967741934
1h,2024-04-18T21:00:00+00:00,2024-04-18T22:00:00+00:00,22,3,Thursday,contract,0.005895097103115332,-0.04836745747279425,-0.0002996228540857954,0.5017,5.361769982060999,7.534383097468607,8.311740083715371
1h,2024-04-18T23:00:00+00:00,2024-04-19T00:00:00+00:00,0,4,Friday,contract,0.0054518949511555715,-0.0451576408332085,-0.00025783807316581437,0.5022,7.208283552369565,7.526881720430108,8.861011549183578
1h,2024-04-19T01:00:00+00:00,2024-04-19T02:00:00+00:00,2,4,Friday,expand,0.006530970646659647,0.1786531744771136,0.0009899253348723321,0.4794,5.423445974134328,8.093450146015853,9.282436378806826
1h,2024-04-19T02:00:00+00:00,2024-04-19T03:00:00+00:00,3,4,Friday,expand,0.0071787584576125255,0.09918706513926812,0.0006477878109528781,0.478,5.188284518828461,5.836820083682016,7.029288702928863
1h,2024-04-19T06:00:00+00:00,2024-04-19T07:00:00+00:00,7,4,Friday,expand,0.008250005734794655,0.11255171399120178,0.0008346149434773388,0.4991,2.0837507513524383,3.5063113604488003,4.4880785413744695
1h,2024-04-20T13:00:00+00:00,2024-04-20T14:00:00+00:00,14,5,Saturday,contract,0.005880062888162756,-0.04473910895173294,-0.00027538945293559876,0.5165,2.8460793804452926,2.923523717328171,4.220716360116153
1h,2024-04-20T21:00:00+00:00,2024-04-20T22:00:00+00:00,22,5,Saturday,contract,0.005388048900253085,-0.04483742710401506,-0.0002529268384810074,0.5283,1.590005678591702,2.8960817717206098,3.520726859738775
1h,2024-04-21T05:00:00+00:00,2024-04-21T06:00:00+00:00,6,6,Sunday,contract,0.004792249470907255,-0.039947447151166604,-0.00019940380545440534,0.5283,1.7792920689002394,3.520726859738775,4.126443308726089
1h,2024-04-22T15:00:00+00:00,2024-04-22T16:00:00+00:00,16,0,Monday,expand,0.005267273847006143,0.12545194102461243,0.0005871327809995287,0.5384,3.1017830609212362,6.184992570579494,6.184992570579494
1h,2024-04-22T20:00:00+00:00,2024-04-22T21:00:00+00:00,21,0,Monday,expand,0.006992787991009042,0.1714868302812922,0.0010236316929993026,0.5629,1.758749333807074,3.961627287262389,3.961627287262389
1h,2024-04-23T00:00:00+00:00,2024-04-23T01:00:00+00:00,1,1,Tuesday,contract,0.006441550859308865,-0.04057609294004716,-0.0002724269891776045,0.5558,2.087081684059024,2.6808204390068417,2.8787333573227807
1h,2024-04-23T01:00:00+00:00,2024-04-23T02:00:00+00:00,2,1,Tuesday,contract,0.0061242972265010895,-0.04925112596903647,-0.0003172536328077758,0.5547,1.9830539030106384,2.5779700739138236,2.7762754642148857
1h,2024-04-24T14:00:00+00:00,2024-04-24T15:00:00+00:00,15,2,Wednesday,expand,0.005520689331709982,0.13040409868880287,0.000636870051406919,0.5308,2.2607385079125866,3.6925395629238786,4.615674453654854
1h,2024-04-25T19:00:00+00:00,2024-04-25T20:00:00+00:00,20,3,Thursday,contract,0.00530776719907236,-0.03910063271267117,-0.0002159820922363392,0.5302,1.6220294228592873,3.6212749905696167,4.130516786118451
1h,2024-04-26T11:00:00+00:00,2024-04-26T12:00:00+00:00,12,4,Friday,contract,0.004926011402709408,-0.04083046079652386,-0.00020969318482380248,0.5225,2.3349282296650697,4.459330143540668,4.459330143540668
1h,2024-04-26T18:00:00+00:00,2024-04-26T19:00:00+00:00,19,4,Friday,contract,0.005058680408205614,-0.04305318278993131,-0.00022759080063120257,0.5252,1.3899466869763848,4.4364051789794345,4.4364051789794345
1h,2024-04-27T01:00:00+00:00,2024-04-27T02:00:00+00:00,2,5,Saturday,expand,0.005639264442740257,0.13748295577826264,0.0006815950428661396,0.5148,1.2820512820512917,2.428127428127441,2.428127428127441
1h,2024-04-27T03:00:00+00:00,2024-04-27T04:00:00+00:00,4,5,Saturday,contract,0.005471610667464814,-0.04139494794449694,-0.00023627774365114242,0.5185,1.1378977820636484,2.4108003857280744,2.7193828351012543
1h,2024-04-27T04:00:00+00:00,2024-04-27T05:00:00+00:00,5,5,Saturday,contract,0.0052164956197887575,-0.04662521936968522,-0.0002551150476760569,0.5182,1.157854110382093,2.4121960632960375,2.7209571593979165
1h,2024-04-27T08:00:00+00:00,2024-04-27T09:00:00+00:00,9,5,Saturday,contract,0.0046475278893374295,-0.04045917719403491,-0.00019596368379518753,0.5148,1.204351204351201,2.428127428127441,2.855477855477864
1h,2024-04-28T04:00:00+00:00,2024-04-28T05:00:00+00:00,5,6,Sunday,contract,0.003413620464206557,-0.041339211166211975,-0.0001472015741697391,0.5218,0.9007282483710305,1.7056343426600264,4.5994633959371445
1h,2024-04-28T05:00:00+00:00,2024-04-28T06:00:00+00:00,6,6,Sunday,contract,0.003276933288191799,-0.0400417027751,-0.0001366871760147578,0.5229,0.9944540065021958,1.7020462803595366,4.589787722317847
1h,2024-04-28T22:00:00+00:00,2024-04-28T23:00:00+00:00,23,6,Sunday,expand,0.0029383774591163073,0.1322460481505121,0.0003432017339141274,0.5127,1.404330017554122,3.081724205188226,3.7448800468109993
1h,2024-04-29T06:00:00+00:00,2024-04-29T07:00:00+00:00,7,0,Monday,expand,0.00424373530379066,0.10089868707018179,0.00038894343816994704,0.5014,1.8747506980454767,3.5899481451934507,4.028719585161536
1h,2024-04-30T08:00:00+00:00,2024-04-30T09:00:00+00:00,9,1,Tuesday,expand,0.004919024170360496,0.12254563006057562,0.0005369981407415021,0.501,3.453093812375257,3.81237524950101,5.469061876247512
1h,2024-05-01T04:00:00+00:00,2024-05-01T05:00:00+00:00,5,2,Wednesday,contract,0.005192426460553402,-0.04919328273270662,-0.0002686481892733442,0.5034,5.383392928088987,8.760429082240757,8.760429082240757
1h,2024-05-01T05:00:00+00:00,2024-05-01T06:00:00+00:00,6,2,Wednesday,contract,0.004964395999085302,-0.04391597323533325,-0.00022803046146809957,0.5031,5.167958656330743,8.765652951699458,8.765652951699458
1h,2024-05-01T07:00:00+00:00,2024-05-01T08:00:00+00:00,8,2,Wednesday,expand,0.005754504713497022,0.15689783853174255,0.0007804227143463844,0.4905,3.7308868501529013,8.99082568807339,8.99082568807339
1h,2024-05-01T08:00:00+00:00,2024-05-01T09:00:00+00:00,9,2,Wednesday,expand,0.006350611519675806,0.10358959386732858,0.0005961068061787842,0.4878,2.132021320213206,7.154571545715455,7.154571545715455
1h,2024-05-01T22:00:00+00:00,2024-05-01T23:00:00+00:00,23,2,Wednesday,contract,0.006931611208816501,-0.04282453483917492,-0.00031012393913972935,0.5143,2.3916002333268476,2.97491736340659,3.441571067470358
1h,2024-05-04T06:00:00+00:00,2024-05-04T07:00:00+00:00,7,5,Saturday,contract,0.003442796400465076,-0.045689451054942376,-0.00016483049234346974,0.5287,1.9292604501607695,2.572347266881019,3.2532627198789474
1h,2024-05-05T19:00:00+00:00,2024-05-05T20:00:00+00:00,20,6,Sunday,contract,0.002767803218788889,-0.04429845050003334,-0.00012829255529145378,0.5299,0.6038875259482884,3.830911492734475,8.605397244763157
1h,2024-05-06T08:00:00+00:00,2024-05-06T09:00:00+00:00,9,0,Monday,expand,0.003491635898669839,0.11027504938907495,0.00034679723856385946,0.543,3.7937384898710977,8.397790055248613,8.397790055248613
1h,2024-05-06T10:00:00+00:00,2024-05-06T11:00:00+00:00,11,0,Monday,expand,0.004181053402424507,0.17560270171378556,0.0006245343536596514,0.5343,2.395657870110431,8.534531162268385,8.534531162268385
1h,2024-05-06T12:00:00+00:00,2024-05-06T13:00:00+00:00,13,0,Monday,expand,0.004589785841886439,0.12036378209614718,0.0004930933967779681,0.528,6.268939393939397,8.276515151515145,8.276515151515145
1h,2024-05-06T15:00:00+00:00,2024-05-06T16:00:00+00:00,16,0,Monday,expand,0.006686282614659084,0.43653295975060424,0.002031824414256995,0.5592,4.971387696709574,7.010014306151627,7.010014306151627
1h,2024-05-06T17:00:00+00:00,2024-05-06T18:00:00+00:00,18,0,Monday,expand,0.008195315111619314,0.14025544410466817,0.0010080526837215904,0.5521,2.282195254482873,4.34703857996738,4.34703857996738
1h,2024-05-06T20:00:00+00:00,2024-05-06T21:00:00+00:00,21,0,Monday,contract,0.007987830648770998,-0.04495398991059807,-0.0003759869729823839,0.5463,2.1233754347428255,2.9470986637378735,2.9470986637378735
1h,2024-05-06T21:00:00+00:00,2024-05-06T22:00:00+00:00,22,0,Monday,contract,0.007652985602430219,-0.04191939727619265,-0.0003348450463407796,0.5451,1.981287837094117,2.8068244358833203,3.302146395156855
1h,2024-05-07T01:00:00+00:00,2024-05-07T02:00:00+00:00,2,1,Tuesday,contract,0.006908929138666427,-0.044763932817667884,-0.00032376377989741436,0.5419,2.1590699391031634,2.4543273666728136,4.797933198007017
1h,2024-05-07T02:00:00+00:00,2024-05-07T03:00:00+00:00,3,1,Tuesday,contract,0.006572577057333108,-0.04868367797418771,-0.0003363520813333184,0.5423,2.4525170569795276,2.4525170569795276,4.794394246726908
1h,2024-05-07T04:00:00+00:00,2024-05-07T05:00:00+00:00,5,1,Tuesday,contract,0.006650334299435185,-0.04157582834337148,-0.000288487253802705,0.5381,2.1743170414420985,2.3229882921389993,4.6831443969522395
1h,2024-05-07T09:00:00+00:00,2024-05-07T10:00:00+00:00,10,1,Tuesday,contract,0.005878553156869505,-0.044732057493762856,-0.0002752733197591952,0.5421,1.5495296070835571,4.501014572957015,4.72237594539752
1h,2024-05-07T12:00:00+00:00,2024-05-07T13:00:00+00:00,13,1,Tuesday,contract,0.005518542742581019,-0.04548378138695397,-0.00026296482635238677,0.5362,1.4733308466989756,4.5505408429690375,4.774337933606855
1h,2024-05-08T02:00:00+00:00,2024-05-08T03:00:00+00:00,3,2,Wednesday,contract,0.005263701019595493,-0.042853871463369386,-0.00023566930919965458,0.5248,1.8673780487804725,2.4009146341463308,2.7820121951219408
1h,2024-05-08T10:00:00+00:00,2024-05-08T11:00:00+00:00,11,2,Wednesday,contract,0.004928514143584403,-0.03940848199078917,-0.00020219339566033244,0.5222,2.221371122175422,2.795863653772491,3.8873994638069673
1h,2024-05-09T01:00:00+00:00,2024-05-09T02:00:00+00:00,2,3,Thursday,contract,0.004507831072840955,-0.04103822698383819,-0.00019291008252622817,0.5198,0.7887649095806064,2.9049634474798003,2.9049634474798003
1h,2024-05-09T19:00:00+00:00,2024-05-09T20:00:00+00:00,20,3,Thursday,contract,0.004391823468737291,-0.04502466622723478,-0.0002070633437490279,0.519,1.0597302504816857,1.7919075144508623,4.874759152215787
1h,2024-05-09T20:00:00+00:00,2024-05-09T21:00:00+00:00,21,3,Thursday,contract,0.004206693220970343,-0.04215339006332497,-0.00018513024776694795,0.5188,1.0601387818041537,1.966075558982264,4.876638396299138
1h,2024-05-10T03:00:00+00:00,2024-05-10T04:00:00+00:00,4,4,Friday,contract,0.003619393235328197,-0.04504415324959854,-0.00017072255656370213,0.5173,0.8119079837618368,4.310844770925948,4.310844770925948
1h,2024-05-10T14:00:00+00:00,2024-05-10T15:00:00+00:00,15,4,Friday,expand,0.004345327145362892,0.3035606401166937,0.0010118979118951634,0.5002,1.7792882846861295,1.8992403038784393,1.8992403038784393
1h,2024-05-10T23:00:00+00:00,2024-05-11T00:00:00+00:00,0,5,Saturday,contract,0.00413746286395228,-0.04505079957520164,-0.00019518945107324832,0.5019,0.8368200836820269,1.4943215780035985,1.4943215780035985
1h,2024-05-11T05:00:00+00:00,2024-05-11T06:00:00+00:00,6,5,Saturday,contract,0.003538415287328547,-0.04243355633063606,-0.00015680117594835423,0.5046,0.9512485136742025,1.4863258026159456,1.6250495441934174
1h,2024-05-11T06:00:00+00:00,2024-05-11T07:00:00+00:00,7,5,Saturday,contract,0.003392814195376512,-0.041148672535258446,-0.00014560109195203494,0.5055,1.0089020771513342,1.4836795252225643,1.6221562809099872
1h,2024-05-11T07:00:00+00:00,2024-05-11T08:00:00+00:00,8,5,Saturday,contract,0.0032433274671353303,-0.044059803936476016,-0.00014948672824118166,0.5054,1.1080332409972398,1.4839730906213024,1.6224772457459409
1h,2024-05-12T21:00:00+00:00,2024-05-12T22:00:00+00:00,22,6,Sunday,expand,0.0024020405779195684,0.11808551771610953,0.00025368918631388194,0.5,1.4800000000000035,4.859999999999998,5.160000000000009
1h,2024-05-13T01:00:00+00:00,2024-05-13T02:00:00+00:00,2,0,Monday,expand,0.0026679321362442893,0.10628249687315994,0.00025631291259658887,0.4983,2.669074854505325,5.177603853100551,5.177603853100551
1h,2024-05-13T02:00:00+00:00,2024-05-13T03:00:00+00:00,3,0,Monday,expand,0.0032487941265125567,0.21771992712151977,0.0005808619902682674,0.4916,2.481692432872263,5.248169243287235,5.248169243287235
1h,2024-05-13T20:00:00+00:00,2024-05-13T21:00:00+00:00,21,0,Monday,contract,0.0035935104946749224,-0.04289176571498976,-0.00016103926882114327,0.5072,1.4392744479495214,2.5236593059936867,3.2137223974763476
1h,2024-05-14T04:00:00+00:00,2024-05-14T05:00:00+00:00,5,1,Tuesday,contract,0.003383671032618251,-0.03896912151774845,-0.00013720546404755434,0.5066,2.2108172127911647,3.2175286221871366,3.35570469798658
1h,2024-05-14T06:00:00+00:00,2024-05-14T07:00:00+00:00,7,1,Tuesday,expand,0.003764491859757578,0.14602076625212734,0.00047965447232634507,0.5033,1.2517385257301754,3.11941188158156,3.377707132922713
1h,2024-05-14T15:00:00+00:00,2024-05-14T16:00:00+00:00,16,1,Tuesday,expand,0.004525978039069073,0.11090657917632796,0.0004518478431485302,0.5078,1.2997243009058566,2.461599054745954,3.1311539976368694
1h,2024-05-14T19:00:00+00:00,2024-05-14T20:00:00+00:00,20,1,Tuesday,contract,0.004282334412064026,-0.03938272298019818,-0.00017556418554338666,0.5052,1.5043547110055415,1.9596199524940658,4.473475851148051
1h,2024-05-15T03:00:00+00:00,2024-05-15T04:00:00+00:00,4,2,Wednesday,contract,0.003678734475190539,-0.0416560999756066,-0.00015990265193773032,0.5014,0.9174311926605381,4.188272836059028,4.3278819305943355
1h,2024-05-15T12:00:00+00:00,2024-05-15T13:00:00+00:00,13,2,Wednesday,expand,0.0037262155118931773,0.09925301890937366,0.0003364449606235976,0.5051,2.4747574737675837,2.9697089685210876,3.5834488220154435
1h,2024-05-16T18:00:00+00:00,2024-05-16T19:00:00+00:00,19,3,Thursday,contract,0.0038439227488588214,-0.044804098272172355,-0.0001803017499122212,0.5186,1.3112225221750924,1.9282684149633647,3.1816428846895626
1h,2024-05-16T20:00:00+00:00,2024-05-16T21:00:00+00:00,21,3,Thursday,contract,0.0035475660436588867,-0.04251067658694274,-0.00015750508028144821,0.5168,0.986842105263178,2.2445820433436636,3.1927244582043475
1h,2024-05-16T23:00:00+00:00,2024-05-17T00:00:00+00:00,0,4,Friday,contract,0.003421320188745844,-0.039338658305751784,-0.00014010155298044584,0.5155,0.8341416100872882,2.638215324927266,3.084384093113487
1h,2024-05-17T00:00:00+00:00,2024-05-17T01:00:00+00:00,1,4,Friday,contract,0.003284083032406859,-0.04011233932165004,-0.00013723715633898485,0.5153,0.8344653599844694,3.0855812148263198,3.0855812148263198
1h,2024-05-17T20:00:00+00:00,2024-05-17T21:00:00+00:00,21,4,Friday,contract,0.0031045589516318873,-0.04052315590769917,-0.0001311199193563023,0.5236,0.6493506493506415,0.8785332314743962,1.3559969442322375
1h,2024-05-17T23:00:00+00:00,2024-05-18T00:00:00+00:00,0,5,Saturday,contract,0.0028746049623670764,-0.04288968412079852,-0.00012881576633593048,0.5231,0.5735041101127897,1.3572930606002667,1.3572930606002667
1h,2024-05-18T19:00:00+00:00,2024-05-18T20:00:00+00:00,20,5,Saturday,contract,0.0020982900997868472,-0.04543278661636707,-9.986846921437127e-05,0.5203,0.38439361906592384,1.5567941572169894,3.1712473572938613
1h,2024-05-20T03:00:00+00:00,2024-05-20T04:00:00+00:00,4,0,Monday,contract,0.002635104595822704,-0.04020862192962349,-0.00011039266121713309,0.5127,2.379559196411154,5.617320070216488,7.353228008582008
1h,2024-05-20T06:00:00+00:00,2024-05-20T07:00:00+00:00,7,0,Monday,expand,0.003265971135941137,0.17534325433814058,0.00048723298954298465,0.5085,1.3176007866273214,5.683382497541776,7.020648967551614
1h,2024-05-20T19:00:00+00:00,2024-05-20T20:00:00+00:00,20,0,Monday,expand,0.004214797012968465,0.16810233859214252,0.0006065540759255029,0.5338,1.7984263769202047,3.465717497189972,5.4140127388535095
1h,2024-05-21T15:00:00+00:00,2024-05-21T16:00:00+00:00,16,1,Tuesday,expand,0.005745502699484074,0.1627487452681302,0.0008041921000396862,0.5428,2.4871039056742736,3.4819454679439996,3.8872512896094342
1h,2024-05-21T23:00:00+00:00,2024-05-22T00:00:00+00:00,0,2,Wednesday,contract,0.005562435236311708,-0.04190093709891962,-0.0002432642489470574,0.5372,0.8935219657483294,2.2524199553239015,3.2017870439314957
1h,2024-05-22T03:00:00+00:00,2024-05-22T04:00:00+00:00,4,2,Wednesday,contract,0.004962958475226435,-0.043907768010256976,-0.0002279198827097248,0.5369,1.5645371577575105,2.253678524864965,3.203576084932016
1h,2024-05-22T10:00:00+00:00,2024-05-22T11:00:00+00:00,11,2,Wednesday,contract,0.004694283241481479,-0.039267704674122106,-0.0001918679416524141,0.5358,1.8103770063456588,3.210153042179916,3.210153042179916
1h,2024-05-22T19:00:00+00:00,2024-05-22T20:00:00+00:00,20,2,Wednesday,contract,0.0048396492676406515,-0.04172790378018065,-0.0002107422513569733,0.529,1.7958412098298588,1.8525519848771326,9.4328922495274
1h,2024-05-22T22:00:00+00:00,2024-05-22T23:00:00+00:00,23,2,Wednesday,contract,0.004859187114069422,-0.04185112824956161,-0.0002122451626207257,0.5271,0.7588692847656998,9.466894327452085,10.111933219502932
1h,2024-05-22T23:00:00+00:00,2024-05-23T00:00:00+00:00,0,3,Thursday,contract,0.004612102320207318,-0.050848997591940504,-0.00024708479386210437,0.5272,0.8725341426403734,9.465098634294375,10.11001517450682
1h,2024-05-23T02:00:00+00:00,2024-05-23T03:00:00+00:00,3,3,Thursday,contract,0.004260527987425462,-0.039213014082730036,-0.00017388676826349692,0.5282,0.9276789095039787,9.447179098826192,10.090874668686096
1h,2024-05-23T04:00:00+00:00,2024-05-23T05:00:00+00:00,5,3,Thursday,contract,0.003966985866708695,-0.043883617297413746,-0.00018207583590066495,0.5291,1.0773010773010845,10.073710073710066,10.073710073710066
1h,2024-05-23T12:00:00+00:00,2024-05-23T13:00:00+00:00,13,3,Thursday,expand,0.004634371057124246,0.1567865133331512,0.0006281253032981377,0.5246,9.512009149828431,10.160121997712537,10.160121997712537
1h,2024-05-23T13:00:00+00:00,2024-05-23T14:00:00+00:00,14,3,Thursday,expand,0.007867630267329654,0.6976694723731796,0.0032332592102054074,0.5255,2.8544243577545223,8.163653663177925,8.163653663177925
1h,2024-05-23T20:00:00+00:00,2024-05-23T21:00:00+00:00,21,3,Thursday,expand,0.0089485294880175,0.15202574546046943,0.0011808823470755795,0.5174,3.2083494395052083,4.136064940085036,4.599922690374939
1h,2024-05-23T23:00:00+00:00,2024-05-24T00:00:00+00:00,0,4,Friday,contract,0.008818410818212259,-0.0451317033056754,-0.0004168008321701767,0.529,1.7580340264650236,3.9508506616256933,3.9508506616256933
1h,2024-05-24T03:00:00+00:00,2024-05-24T04:00:00+00:00,4,4,Friday,contract,0.007705563603159107,-0.05030024378392761,-0.00040812027716608055,0.5308,2.844762622456669,3.9374529012810697,3.9374529012810697
1h,2024-05-24T04:00:00+00:00,2024-05-24T05:00:00+00:00,5,4,Friday,contract,0.0073265947743620325,-0.04918119534328491,-0.00037896882879707473,0.5307,2.656868287167892,3.938194837007711,3.9947239495006595
1h,2024-05-24T19:00:00+00:00,2024-05-24T20:00:00+00:00,20,4,Friday,contract,0.005687394025041118,-0.04872906171612179,-0.00029133800192624685,0.5334,0.9748781402324885,1.9872515935508164,2.1372328458942778
1h,2024-05-24T23:00:00+00:00,2024-05-25T00:00:00+00:00,0,5,Saturday,contract,0.004933125800426904,-0.04230834333979949,-0.00021793275387898495,0.5364,0.5219985085756944,2.0134228187919523,2.0134228187919523
1h,2024-05-25T00:00:00+00:00,2024-05-25T01:00:00+00:00,1,5,Saturday,contract,0.0047236168146821255,-0.042469824249494637,-0.00020950898574477808,0.535,0.8411214953271139,2.0186915887850527,2.0186915887850527
1h,2024-05-25T01:00:00+00:00,2024-05-25T02:00:00+00:00,2,5,Saturday,contract,0.0045005013279191125,-0.0472340360186535,-0.000223115486763013,0.5358,0.8398656215005709,2.0156774916013496,2.0156774916013496
1h,2024-05-25T02:00:00+00:00,2024-05-25T03:00:00+00:00,3,5,Saturday,contract,0.004293322661639179,-0.04603457508048925,-0.0002071786662799337,0.5345,0.8419083255378971,2.0205799812909317,2.0205799812909317
1h,2024-05-25T03:00:00+00:00,2024-05-25T04:00:00+00:00,4,5,Saturday,contract,0.004108085328664955,-0.043145448775448236,-0.00018523733297422414,0.5351,0.6914595402728531,2.0183143337693945,2.0183143337693945
1h,2024-05-25T08:00:00+00:00,2024-05-25T09:00:00+00:00,9,5,Saturday,contract,0.003518340248735639,-0.046257088419957126,-0.00017064155759505175,0.5347,1.440059846642985,2.0198242004862603,2.0198242004862603
1h,2024-05-25T17:00:00+00:00,2024-05-25T18:00:00+00:00,18,5,Saturday,contract,0.003556352308500638,-0.040597544173620936,-0.00015048863911543012,0.5386,0.8726327515781727,1.6152989231340589,2.4693650204233366
1h,2024-05-25T18:00:00+00:00,2024-05-25T19:00:00+00:00,19,5,Saturday,contract,0.0034166128578934445,-0.0392929154609285,-0.00013973945060719332,0.5391,0.7976256724170063,1.6138007790762459,2.467074754220013
1h,2024-05-27T19:00:00+00:00,2024-05-27T20:00:00+00:00,20,0,Monday,expand,0.0038717660384445006,0.11344464575200108,0.0003944795355042695,0.5318,1.0718315156073783,2.9898458066942504,2.9898458066942504
1h,2024-05-28T09:00:00+00:00,2024-05-28T10:00:00+00:00,10,1,Tuesday,contract,0.003856229212384704,-0.04306832252756576,-0.00017355609326036693,0.5279,1.23129380564502,2.1973858685357177,2.3868156847887962
1h,2024-05-28T23:00:00+00:00,2024-05-29T00:00:00+00:00,0,2,Wednesday,contract,0.0036520006193630555,-0.04528636234478156,-0.00017323081687408435,0.5291,0.8505008505008618,2.3436023436023583,2.589302589302598
1h,2024-05-29T22:00:00+00:00,2024-05-29T23:00:00+00:00,23,2,Wednesday,contract,0.0035228710272672244,-0.04029470232005217,-0.00014791315594363773,0.525,0.9142857142857193,3.104761904761922,3.104761904761922
1h,2024-05-29T23:00:00+00:00,2024-05-30T00:00:00+00:00,0,3,Thursday,contract,0.003385523096748132,-0.03898749896207143,-0.00013734793051909224,0.5239,0.9543806069860667,3.1112807787745926,3.1112807787745926
1h,2024-05-30T06:00:00+00:00,2024-05-30T07:00:00+00:00,7,3,Thursday,expand,0.00355672911214671,0.18575248323332727,0.0005571746836810247,0.5187,1.7351069982648946,2.7376132639290516,2.7376132639290516
1h,2024-05-30T22:00:00+00:00,2024-05-30T23:00:00+00:00,23,3,Thursday,contract,0.0033351452007310454,-0.044834854813378344,-0.00015654963082545933,0.5201,0.7690828686791009,1.6727552393770508,2.78792539896173
1h,2024-05-31T03:00:00+00:00,2024-05-31T04:00:00+00:00,4,4,Friday,contract,0.0028697021088962766,-0.0452889197856835,-0.00013613093145356091,0.522,1.1111111111111163,2.7777777777777697,2.7777777777777697
1h,2024-05-31T04:00:00+00:00,2024-05-31T05:00:00+00:00,5,4,Friday,contract,0.0027361519582608284,-0.046537983932699256,-0.0001335501506354482,0.5216,1.0352760736196458,2.7799079754601146,2.7799079754601146
1h,2024-05-31T15:00:00+00:00,2024-05-31T16:00:00+00:00,16,4,Friday,expand,0.003874652834387979,0.11327950806869613,0.0003942574742778482,0.5178,1.5256855928930124,1.6801853997682366,2.0278099652375348
1h,2024-05-31T20:00:00+00:00,2024-05-31T21:00:00+00:00,21,4,Friday,contract,0.003663368267013783,-0.0395942908558784,-0.0001510283282318268,0.5184,0.5787037037037043,0.887345679012355,1.003086419753083
1h,2024-06-01T00:00:00+00:00,2024-06-01T01:00:00+00:00,1,5,Saturday,contract,0.0032151567335011568,-0.03941784050000263,-0.00013193513334624693,0.519,0.46242774566473177,0.8092485549132913,0.8092485549132913
1h,2024-06-01T03:00:00+00:00,2024-06-01T04:00:00+00:00,4,5,Saturday,contract,0.0028840376616261106,-0.042985884132376584,-0.00012954135858662561,0.5197,0.36559553588609056,0.7311910717721811,0.808158553011349
1h,2024-06-01T06:00:00+00:00,2024-06-01T07:00:00+00:00,7,5,Saturday,contract,0.0025766511452596807,-0.047668541611619264,-0.00012897316501997436,0.5199,0.5962685131756091,0.7309097903443019,0.8463165993460203
1h,2024-06-01T07:00:00+00:00,2024-06-01T08:00:00+00:00,8,5,Saturday,contract,0.002464033206312561,-0.04370709599330336,-0.0001126179389471199,0.5192,0.5970724191063158,0.8089368258859749,1.1171032357473087
1h,2024-06-02T09:00:00+00:00,2024-06-02T10:00:00+00:00,10,6,Sunday,expand,0.001975322226915368,0.1436093508200782,0.0002480521363911242,0.5153,0.8926838734717519,2.6004269357655674,2.9497380166893055
1h,2024-06-04T08:00:00+00:00,2024-06-04T09:00:00+00:00,9,1,Tuesday,expand,0.00258202589275372,0.10603452187576301,0.00024753646978817713,0.5204,1.4219830899308152,2.344350499615678,2.824750192159865
1h,2024-06-04T10:00:00+00:00,2024-06-04T11:00:00+00:00,11,1,Tuesday,expand,0.0029870529381396884,0.12821349405794225,0.00033945746629694424,0.5246,1.353412123522683,1.6774685474647408,2.154022112085394
1h,2024-06-04T22:00:00+00:00,2024-06-04T23:00:00+00:00,23,1,Tuesday,contract,0.0029296242134397043,-0.04583831085511114,-0.00014074032411074723,0.5258,0.6846709775579947,1.6546215290985031,1.6546215290985031
1h,2024-06-05T08:00:00+00:00,2024-06-05T09:00:00+00:00,9,2,Wednesday,expand,0.0027925428900866917,0.15631034405524602,0.0003774967007625649,0.5296,1.05740181268881,1.5105740181268896,1.718277945619335
1h,2024-06-05T20:00:00+00:00,2024-06-05T21:00:00+00:00,21,2,Wednesday,contract,0.002777561844445596,-0.039311635161838,-0.0001136586034188947,0.5273,0.7775459890005675,1.024084961122714,2.332637967001703
1h,2024-06-05T21:00:00+00:00,2024-06-05T22:00:00+00:00,22,2,Wednesday,contract,0.0026648788555566232,-0.04056902967410414,-0.00011268298888897268,0.5268,0.6454062262718431,1.025056947608214,2.3348519362186746
1h,2024-06-06T21:00:00+00:00,2024-06-06T22:00:00+00:00,22,3,Thursday,contract,0.0026679581969068634,-0.04325233118294369,-0.0001206121689928362,0.5209,0.47993856786330324,1.6125935880207263,15.55000959877135
1h,2024-06-06T23:00:00+00:00,2024-06-07T00:00:00+00:00,0,4,Friday,contract,0.0024841068126390683,-0.04675985621171752,-0.00012185437020301301,0.5218,0.5557684936757403,1.6098121885779921,15.52318896128784
1h,2024-06-07T12:00:00+00:00,2024-06-07T13:00:00+00:00,13,4,Friday,expand,0.002647425139256319,0.1260496308559178,0.00029635191236489526,0.5258,1.5595283377710127,15.290985165462157,15.290985165462157
1h,2024-06-07T17:00:00+00:00,2024-06-07T18:00:00+00:00,18,4,Friday,expand,0.0031466524778178294,0.12525322949670392,0.00035025750170632414,0.5133,12.994350282485872,12.994350282485872,12.994350282485872
1h,2024-06-07T18:00:00+00:00,2024-06-07T19:00:00+00:00,19,4,Friday,expand,0.007686177300830841,1.4426521056945965,0.0045395248230130116,0.4903,3.3652865592494416,3.3652865592494416,3.3652865592494416
1h,2024-06-07T21:00:00+00:00,2024-06-07T22:00:00+00:00,22,4,Friday,contract,0.007684122277669589,-0.039278824312785954,-0.00031416325212843457,0.4987,0.8622418287547676,2.1255263685582513,2.2859434529777465
1h,2024-06-07T22:00:00+00:00,2024-06-07T23:00:00+00:00,23,4,Friday,contract,0.0073781135435503345,-0.039823511789828014,-0.00030600873411925494,0.5007,0.7789095266626862,2.1170361493908523,2.2768124625524306
1h,2024-06-07T23:00:00+00:00,2024-06-08T00:00:00+00:00,0,5,Saturday,contract,0.006993962576153886,-0.052066285660818834,-0.0003841509673964483,0.4989,0.7616756865103167,2.1246742834235315,2.2850270595309725
1h,2024-06-08T00:00:00+00:00,2024-06-08T01:00:00+00:00,1,5,Saturday,contract,0.006680108106428612,-0.04487505706641459,-0.000313854469725274,0.4986,0.5415162454873496,2.125952667468913,2.2864019253910994
1h,2024-06-08T01:00:00+00:00,2024-06-08T02:00:00+00:00,2,5,Saturday,contract,0.006367243241683709,-0.0468352996329231,-0.0003128648647449028,0.4998,0.4001600640255995,2.2809123649459826,2.2809123649459826
1h,2024-06-08T02:00:00+00:00,2024-06-08T03:00:00+00:00,3,5,Saturday,contract,0.0060552972958491545,-0.048992308601055745,-0.0003119459458345549,0.5004,0.41966426858511896,2.2781774580335776,2.2781774580335776
1h,2024-06-08T03:00:00+00:00,2024-06-08T04:00:00+00:00,4,5,Saturday,contract,0.005708490346145637,-0.05727331504288813,-0.00034680694970351707,0.4999,0.5201040208041591,2.2804560912182477,2.2804560912182477
1h,2024-06-08T04:00:00+00:00,2024-06-08T05:00:00+00:00,5,5,Saturday,contract,0.005393598178563804,-0.05516207411902663,-0.0003148921675818336,0.4993,0.5207290206288786,2.2831964750650955,2.2831964750650955
1h,2024-06-08T05:00:00+00:00,2024-06-08T06:00:00+00:00,6,5,Saturday,contract,0.0051154840229521,-0.051563751396430324,-0.0002781141556117035,0.4995,0.6606606606606656,2.2822822822822864,2.2822822822822864
1h,2024-06-08T06:00:00+00:00,2024-06-08T07:00:00+00:00,7,5,Saturday,contract,0.004835806592741234,-0.054672720891319804,-0.00027967743021086594,0.4995,0.9209209209209195,2.2822822822822864,2.2822822822822864
1h,2024-06-08T07:00:00+00:00,2024-06-08T08:00:00+00:00,8,5,Saturday,contract,0.0046118204075454305,-0.04631826788358684,-0.0002239861851958038,0.5004,1.8185451638688934,2.178257394084725,2.178257394084725
1h,2024-06-08T08:00:00+00:00,2024-06-08T09:00:00+00:00,9,5,Saturday,contract,0.004368118949863609,-0.052842790079834945,-0.00024370145768182194,0.4996,1.6813450760608413,2.0216172938350674,2.0216172938350674
1h,2024-06-08T23:00:00+00:00,2024-06-09T00:00:00+00:00,0,6,Sunday,contract,0.0032375060917068823,-0.050479453730905344,-0.00017211585320822155,0.4926,0.7917174177831943,1.3398294762484764,1.7661388550548083
1h,2024-06-09T01:00:00+00:00,2024-06-09T02:00:00+00:00,2,6,Sunday,contract,0.0030104006607064434,-0.041874774109557866,-0.00013156928159280138,0.4941,0.7488362679619472,1.3357619914996954,2.084598259461654
1h,2024-06-09T04:00:00+00:00,2024-06-09T05:00:00+00:00,5,6,Sunday,contract,0.0028300110246253854,-0.042425936397828656,-0.00012538546343271928,0.4933,0.48651935941617946,1.216298398540443,1.864990877762008
1h,2024-06-09T06:00:00+00:00,2024-06-09T07:00:00+00:00,7,6,Sunday,contract,0.002630468689600458,-0.04816683283656942,-0.0001331129761231154,0.4939,0.32395221704798344,1.3767969224539325,1.8019842073294114
1h,2024-06-09T07:00:00+00:00,2024-06-09T08:00:00+00:00,8,6,Sunday,contract,0.0025140066403432824,-0.044274257936468664,-0.0001164620492571755,0.4939,0.5466693662684713,1.3767969224539325,1.8019842073294114
1h,2024-06-09T08:00:00+00:00,2024-06-09T09:00:00+00:00,9,6,Sunday,contract,0.0023987204517473344,-0.04585755134688341,-0.00011528618859594792,0.4942,0.9510319708619955,1.3759611493322488,1.800890327802502
1h,2024-06-09T09:00:00+00:00,2024-06-09T10:00:00+00:00,10,6,Sunday,contract,0.00229166899090824,-0.044628568852661976,-0.00010705146083909425,0.4948,0.9498787388843941,1.6976556184316933,1.7987065481002353
1h,2024-06-09T10:00:00+00:00,2024-06-09T11:00:00+00:00,11,6,Sunday,contract,0.002170835491557651,-0.05272729169438228,-0.0001208334993505894,0.4945,0.9504550050556081,1.6986855409504589,1.7997977755308319
1h,2024-06-09T17:00:00+00:00,2024-06-09T18:00:00+00:00,18,6,Sunday,contract,0.002035183112271922,-0.04460342247004567,-9.50140855593769e-05,0.4959,0.6452913893930301,1.6535591853196179,2.6214962694091573
1h,2024-06-10T01:00:00+00:00,2024-06-10T02:00:00+00:00,2,0,Monday,expand,0.0019077094341459887,0.10184367706041497,0.00017633004352723448,0.4993,1.0014019627478368,2.6036451031444043,5.908271580212291
1h,2024-06-10T14:00:00+00:00,2024-06-10T15:00:00+00:00,15,0,Monday,expand,0.0028507432684853062,0.1260773495752443,0.00031917359473189596,0.503,1.689860834990061,5.8648111332007895,5.8648111332007895
1h,2024-06-11T01:00:00+00:00,2024-06-11T02:00:00+00:00,2,1,Tuesday,expand,0.003986214534884341,0.4117411945624956,0.00116259888193197,0.4874,1.6208453016003321,4.39064423471482,4.39064423471482
1h,2024-06-11T06:00:00+00:00,2024-06-11T07:00:00+00:00,7,1,Tuesday,expand,0.00462346372289227,0.13344781256514615,0.0005443489443929016,0.4846,0.9905076351630151,3.714403631861332,3.714403631861332
1h,2024-06-11T15:00:00+00:00,2024-06-11T16:00:00+00:00,16,1,Tuesday,expand,0.004927310337196287,0.158688812985736,0.0006748222817541359,0.4766,2.2450692404532075,2.496852706672266,5.770037767519938
1h,2024-06-11T20:00:00+00:00,2024-06-11T21:00:00+00:00,21,1,Tuesday,contract,0.004971632424415091,-0.03969567808706764,-0.00020551018649346726,0.4804,0.5620316402997576,4.142381348875943,5.18318068276437
1h,2024-06-11T21:00:00+00:00,2024-06-11T22:00:00+00:00,22,1,Tuesday,contract,0.0047093729655283,-0.05275117637395432,-0.0002622594588867905,0.4809,1.4971927635683178,4.429195258889579,5.177791640673743
1h,2024-06-11T22:00:00+00:00,2024-06-11T23:00:00+00:00,23,1,Tuesday,contract,0.00447298918227628,-0.05019432204293517,-0.00023638378325202027,0.4803,1.4990630855715261,5.184259837601505,5.184259837601505
1h,2024-06-11T23:00:00+00:00,2024-06-12T00:00:00+00:00,0,2,Wednesday,contract,0.004239204240685116,-0.05226593046938521,-0.00023378494159116432,0.4803,1.6656256506350213,5.184259837601505,5.184259837601505
1h,2024-06-12T03:00:00+00:00,2024-06-12T04:00:00+00:00,4,2,Wednesday,contract,0.004006518438104113,-0.04064224175244069,-0.00016973218754647284,0.4816,1.0797342192691108,4.318936877076421,4.318936877076421
1h,2024-06-12T12:00:00+00:00,2024-06-12T13:00:00+00:00,13,2,Wednesday,expand,0.004162746772955959,0.17442540680236274,0.000618250248234161,0.4932,1.5004055150040587,3.5279805352798106,3.5279805352798106
1h,2024-06-12T18:00:00+00:00,2024-06-12T19:00:00+00:00,19,2,Wednesday,expand,0.00463209145801611,0.11411638591563555,0.0004744545032295327,0.4911,2.5249440032579966,2.5249440032579966,3.0543677458766063
1h,2024-06-12T19:00:00+00:00,2024-06-12T20:00:00+00:00,20,2,Wednesday,expand,0.005186942068157819,0.119784036038733,0.0005548506101417088,0.4842,1.9826517967782016,1.9826517967782016,2.7674514663362295
1h,2024-06-12T21:00:00+00:00,2024-06-12T22:00:00+00:00,22,2,Wednesday,contract,0.005141291885299345,-0.03939878239491523,-0.00021086860656148714,0.4912,1.017915309446255,1.9543973941368185,3.4201954397394205
1h,2024-06-12T22:00:00+00:00,2024-06-12T23:00:00+00:00,23,2,Wednesday,contract,0.004888342464920824,-0.04919958368864208,-0.00025294942037852163,0.4913,1.1601872582943291,1.8725829432118952,3.3380826378994555
1h,2024-06-12T23:00:00+00:00,2024-06-13T00:00:00+00:00,0,3,Thursday,contract,0.004624889431712196,-0.053894144098779906,-0.000263453033208628,0.4915,1.8718209562563666,2.5839267548321443,3.3367243133265565
1h,2024-06-13T00:00:00+00:00,2024-06-13T01:00:00+00:00,1,3,Thursday,contract,0.004423111615161326,-0.043628679026855965,-0.00020177781655086966,0.4905,1.6921508664627989,2.4668705402650355,3.160040774719677
1h,2024-06-13T05:00:00+00:00,2024-06-13T06:00:00+00:00,6,3,Thursday,contract,0.004043114254715476,-0.049601007461385294,-0.00021100878882426583,0.4872,1.2315270935960603,2.832512315270943,3.0172413793103545
1h,2024-06-13T18:00:00+00:00,2024-06-13T19:00:00+00:00,19,3,Thursday,contract,0.004023925373637111,-0.04077981478521975,-0.000171071182587473,0.4835,1.675284384694932,1.8614270941054827,5.19131334022751
1h,2024-06-13T19:00:00+00:00,2024-06-13T20:00:00+00:00,20,3,Thursday,contract,0.0038579307040916013,-0.041251925453943517,-0.00016599466954550978,0.482,1.5767634854771777,1.763485477178425,5.103734439834027
1h,2024-06-13T22:00:00+00:00,2024-06-13T23:00:00+00:00,23,3,Thursday,contract,0.0037133650717526413,-0.04384020055244864,-0.00017025885167328003,0.4793,1.1892343000208718,1.4395994158147334,4.798664719382437
1h,2024-06-14T04:00:00+00:00,2024-06-14T05:00:00+00:00,5,4,Friday,contract,0.003483711658808897,-0.05000238080487995,-0.0001833624352929929,0.4792,0.8347245409015032,4.799666110183644,4.799666110183644
1h,2024-06-14T16:00:00+00:00,2024-06-14T17:00:00+00:00,17,4,Friday,expand,0.004278977479398847,0.2756755822115968,0.0009246940400462456,0.4677,1.6677357280307832,3.4637588197562525,4.810776138550358
1h,2024-06-14T21:00:00+00:00,2024-06-14T22:00:00+00:00,22,4,Friday,expand,0.00467158435707301,0.10414888171486969,0.00044064735714823174,0.4752,0.7575757575757559,2.167508417508424,6.776094276094277
1h,2024-06-14T23:00:00+00:00,2024-06-15T00:00:00+00:00,0,5,Saturday,contract,0.004315804879312954,-0.042916247836749855,-0.00019352345225484135,0.4745,0.6743940990516293,2.4236037934668095,6.596417281348788
1h,2024-06-15T03:00:00+00:00,2024-06-15T04:00:00+00:00,4,5,Saturday,contract,0.0037387651800827085,-0.044033157734278294,-0.00017221270616020858,0.4769,0.6919689662402956,5.976095617529874,5.976095617529874
1h,2024-06-15T04:00:00+00:00,2024-06-15T05:00:00+00:00,5,5,Saturday,contract,0.0035645676672196557,-0.04659225826512037,-0.00017419751286305287,0.4773,0.607584328514564,5.887282631468681,5.887282631468681
1h,2024-06-15T05:00:00+00:00,2024-06-15T06:00:00+00:00,6,5,Saturday,contract,0.0034099556909896814,-0.043374678408215184,-0.00015461197622997427,0.4776,0.5443886097152527,5.778894472361812,5.778894472361812
1h,2024-06-15T11:00:00+00:00,2024-06-15T12:00:00+00:00,12,5,Saturday,contract,0.0027743177293886663,-0.04182515894989136,-0.0001211013637991299,0.4801,1.291397625494685,5.415538429493848,5.415538429493848
1h,2024-06-15T19:00:00+00:00,2024-06-15T20:00:00+00:00,20,5,Saturday,expand,0.0037268775297635086,0.44296509532420747,0.0011440863438643457,0.4941,1.7607771706132334,2.3072252580449346,2.428658166363087
1h,2024-06-16T10:00:00+00:00,2024-06-16T11:00:00+00:00,11,6,Sunday,expand,0.003562576206256462,0.1112730672558826,0.0003567249072110399,0.498,1.9277108433734935,2.891566265060246,4.0763052208835315
1h,2024-06-16T19:00:00+00:00,2024-06-16T20:00:00+00:00,20,6,Sunday,contract,0.0031585252579093776,-0.04330273178775723,-0.0001429634813776468,0.4897,0.71472329997958,4.145395139881557,7.596487645497245
1h,2024-06-17T07:00:00+00:00,2024-06-17T08:00:00+00:00,8,0,Monday,expand,0.004505370493682694,0.27394406314313735,0.0009688176543321005,0.4991,2.684832698857938,6.0709276698056485,11.40052093768784
1h,2024-06-17T14:00:00+00:00,2024-06-17T15:00:00+00:00,15,0,Monday,expand,0.006636810220388348,0.1832699294022886,0.001027937675354744,0.514,5.214007782101166,10.933852140077816,10.933852140077816
1h,2024-06-17T16:00:00+00:00,2024-06-17T17:00:00+00:00,17,0,Monday,expand,0.007855719016559333,0.12249145823925134,0.0008572523833415861,0.5111,1.9565642731363742,10.78066914498141,10.78066914498141
1h,2024-06-18T01:00:00+00:00,2024-06-18T02:00:00+00:00,2,1,Tuesday,expand,0.009703004636551897,0.3370394255542293,0.0024459227202652404,0.4832,3.1663907284768174,6.663907284768202,6.9329470198675445
1h,2024-06-18T03:00:00+00:00,2024-06-18T04:00:00+00:00,4,1,Tuesday,contract,0.00944850909988403,-0.04172683344349082,-0.0004114237769141573,0.4898,3.5933033891384136,6.8395263372805175,6.8395263372805175
1h,2024-06-18T21:00:00+00:00,2024-06-18T22:00:00+00:00,22,1,Tuesday,contract,0.007813007193908702,-0.04163917457899258,-0.00033946209183912876,0.4892,1.8397383483237957,2.1872444807849525,2.596075224856907
1h,2024-06-18T23:00:00+00:00,2024-06-19T00:00:00+00:00,0,2,Wednesday,contract,0.007137745998829444,-0.053430879711862445,-0.00040290353837149455,0.4907,1.7322192785816197,2.1805583859792104,2.5881393927042975
1h,2024-06-19T05:00:00+00:00,2024-06-19T06:00:00+00:00,6,2,Wednesday,contract,0.005899576524617708,-0.04838540179887152,-0.0002999674249705925,0.4926,1.8879415347137587,2.5781567194478257,2.5781567194478257
1h,2024-06-19T06:00:00+00:00,2024-06-19T07:00:00+00:00,7,2,Wednesday,contract,0.005663892487145014,-0.039949314410828274,-0.0002356840374726941,0.4913,1.8929371056380977,2.5849786281294502,2.5849786281294502
1h,2024-06-19T10:00:00+00:00,2024-06-19T11:00:00+00:00,11,2,Wednesday,contract,0.00530945786457072,-0.040447106670895794,-0.00022380445112082405,0.4937,1.1748025116467544,1.8837350617784139,2.4913915333198253
1h,2024-06-19T15:00:00+00:00,2024-06-19T16:00:00+00:00,16,2,Wednesday,contract,0.004594037526979193,-0.04162679981363526,-0.00019954134822916959,0.4922,1.625355546525804,2.3161316537992613,2.3161316537992613
1h,2024-06-19T22:00:00+00:00,2024-06-19T23:00:00+00:00,23,2,Wednesday,contract,0.004044606525557599,-0.039189154112652336,-0.00016496973273519896,0.493,1.3793103448275918,2.3123732251521227,2.920892494929
1h,2024-06-20T07:00:00+00:00,2024-06-20T08:00:00+00:00,8,3,Thursday,expand,0.004041560109469974,0.10420865882491936,0.0003814184531176906,0.4994,1.6419703644373218,2.8434120945134143,3.2038446135362353
1h,2024-06-20T20:00:00+00:00,2024-06-20T21:00:00+00:00,21,3,Thursday,contract,0.0038941467068017445,-0.041541604527011056,-0.0001687805159078285,0.4909,0.9777958851089776,2.3833774699531447,3.361173355062123
1h,2024-06-20T22:00:00+00:00,2024-06-20T23:00:00+00:00,23,3,Thursday,contract,0.0036311775175994635,-0.04125350352355406,-0.00015624442443072867,0.4891,0.9200572480065434,2.657943160907781,3.3735432426906478
1h,2024-06-20T23:00:00+00:00,2024-06-21T00:00:00+00:00,0,4,Friday,contract,0.0034289505520566465,-0.05569184226402324,-0.00020222696554281694,0.4885,0.9211873080859783,2.7430910951893486,3.377686796315243
1h,2024-06-21T23:00:00+00:00,2024-06-22T00:00:00+00:00,0,5,Saturday,contract,0.004667347013214519,-0.04662498036447005,-0.0002282574625549639,0.4888,0.5319148936170195,1.16612111292962,1.16612111292962
1h,2024-06-22T00:00:00+00:00,2024-06-22T01:00:00+00:00,1,5,Saturday,contract,0.0044625365122706265,-0.04388156705812085,-0.00020481050094389285,0.4891,0.5724800654262869,1.1654058474749505,1.1654058474749505
1h,2024-06-22T01:00:00+00:00,2024-06-22T02:00:00+00:00,2,5,Saturday,contract,0.004265212475679866,-0.04421790971304751,-0.0001973240365907604,0.4889,0.5727142564941756,1.14542851298834,1.14542851298834
1h,2024-06-22T02:00:00+00:00,2024-06-22T03:00:00+00:00,3,5,Saturday,contract,0.00409626872741702,-0.03960969101214984,-0.00016894374826284617,0.4878,0.389503895038953,0.9635096350963472,0.9635096350963472
1h,2024-06-22T03:00:00+00:00,2024-06-22T04:00:00+00:00,4,5,Saturday,contract,0.0038965352468872346,-0.0487598577683479,-0.00019973348052978535,0.4871,0.4927119687949114,0.9648942722233591,1.0264832683227274
1h,2024-06-22T04:00:00+00:00,2024-06-22T05:00:00+00:00,5,5,Saturday,contract,0.003689639872109575,-0.05309726761561806,-0.00020689537477765977,0.4872,0.9646962233169092,0.9646962233169092,1.0673234811165808
1h,2024-06-22T05:00:00+00:00,2024-06-22T06:00:00+00:00,6,5,Saturday,contract,0.0035189513098160354,-0.0462615778802139,-0.00017068856229353942,0.4876,0.9639048400328101,0.9639048400328101,1.0664479081214076
1h,2024-06-22T07:00:00+00:00,2024-06-22T08:00:00+00:00,8,5,Saturday,contract,0.0032398100579536225,-0.04402921334402998,-0.00014921615830412304,0.4863,0.5757762697923029,0.8225375282747283,1.0692987867571422
1h,2024-06-22T09:00:00+00:00,2024-06-22T10:00:00+00:00,10,5,Saturday,contract,0.003079223978541643,-0.040260339860229255,-0.00012917107527243323,0.4847,0.6602021869197515,0.7633587786259617,0.9077780070146513
1h,2024-06-22T11:00:00+00:00,2024-06-22T12:00:00+00:00,12,5,Saturday,contract,0.0028397390427221335,-0.04500526293416485,-0.00013382608020939563,0.4855,0.617919670442843,0.8238928939237907,0.9680741503604494
1h,2024-06-22T12:00:00+00:00,2024-06-22T13:00:00+00:00,13,5,Saturday,contract,0.00271547196824198,-0.04376003309129162,-0.00012426707448015334,0.4857,0.6176652254478078,0.8647313156269263,0.9676755198682276
1h,2024-06-22T14:00:00+00:00,2024-06-22T15:00:00+00:00,15,5,Saturday,contract,0.0025730345032290553,-0.0394295404335927,-0.00010561803870992896,0.4866,0.5548705302096137,0.8631319358816238,1.5413070283600507
1h,2024-06-22T19:00:00+00:00,2024-06-22T20:00:00+00:00,20,5,Saturday,contract,0.0021941588694580835,-0.04018271288789177,-9.185837457369866e-05,0.4877,0.3485749436128839,0.9637071970473615,1.906909985646909
1h,2024-06-22T21:00:00+00:00,2024-06-22T22:00:00+00:00,22,5,Saturday,contract,0.002055167596624569,-0.044871730844326385,-9.6551353586508e-05,0.4875,0.5538461538461612,1.066666666666663,3.405128205128206
1h,2024-06-23T06:00:00+00:00,2024-06-23T07:00:00+00:00,7,6,Sunday,contract,0.001674998241169243,-0.0428571119326111,-7.499986470532369e-05,0.4878,0.8405084050840493,3.280032800328006,4.325543255432556
1h,2024-06-23T10:00:00+00:00,2024-06-23T11:00:00+00:00,11,6,Sunday,expand,0.0017047564755839964,0.12117636095353967,0.00018424950187815345,0.4854,0.9682735887927559,3.1314379892871953,5.315203955500627
1h,2024-06-23T20:00:00+00:00,2024-06-23T21:00:00+00:00,21,6,Sunday,expand,0.0024321206488773584,0.3092329398138247,0.0005744522577786663,0.4796,0.7506255212677214,4.378648874061722,4.587155963302756
1h,2024-06-24T02:00:00+00:00,2024-06-24T03:00:00+00:00,3,0,Monday,expand,0.0028874529767952584,0.14009534552632874,0.00035481130947728843,0.475,2.315789473684213,4.631578947368426,4.631578947368426
1h,2024-06-24T05:00:00+00:00,2024-06-24T06:00:00+00:00,6,0,Monday,expand,0.0033376946756629665,0.1262027609046319,0.00037402348648746253,0.4699,3.809321132155784,4.681847201532245,4.681847201532245
1h,2024-06-24T09:00:00+00:00,2024-06-24T10:00:00+00:00,10,0,Monday,expand,0.004560206623063571,0.24431332170861575,0.0008953687213028058,0.4747,1.7906045923741325,4.50811038550663,4.50811038550663
1h,2024-06-24T22:00:00+00:00,2024-06-24T23:00:00+00:00,23,0,Monday,contract,0.004776190984754246,-0.050120203384555584,-0.00025201469113494274,0.472,0.9533898305084755,1.737288135593229,1.737288135593229
1h,2024-06-25T00:00:00+00:00,2024-06-25T01:00:00+00:00,1,1,Tuesday,contract,0.004439164675629939,-0.04373220847817916,-0.00020301266735614758,0.4737,1.2666244458518061,1.5410597424530352,1.5410597424530352
1h,2024-06-25T01:00:00+00:00,2024-06-25T02:00:00+00:00,2,1,Tuesday,contract,0.004243510055942085,-0.044074647818756474,-0.00019565461968785395,0.4749,1.0739102969046102,1.5371657190987638,1.5371657190987638
1h,2024-06-25T06:00:00+00:00,2024-06-25T07:00:00+00:00,7,1,Tuesday,contract,0.003693203128162571,-0.047479625925044955,-0.00018409254832019595,0.4757,1.2612991381122567,1.5345806180365837,1.5976455749422012
1h,2024-06-25T20:00:00+00:00,2024-06-25T21:00:00+00:00,21,1,Tuesday,contract,0.0033495832668851244,-0.040744955588033704,-0.0001422756359142404,0.4777,0.8373456144023452,1.5909566673644653,2.8679087293280396
1h,2024-06-26T04:00:00+00:00,2024-06-26T05:00:00+00:00,5,2,Wednesday,contract,0.002819973646860913,-0.0448147519800004,-0.00013230566514314812,0.4746,0.7163927517909848,2.7602191319005476,2.7602191319005476
1h,2024-06-26T21:00:00+00:00,2024-06-26T22:00:00+00:00,22,2,Wednesday,contract,0.0029650759959328333,-0.03901856101734302,-0.00012039046122560172,0.4707,0.8285532186105831,2.166985340981514,2.4431697471850455
1h,2024-06-26T22:00:00+00:00,2024-06-26T23:00:00+00:00,23,2,Wednesday,contract,0.002810427710509061,-0.05215660092216923,-0.00015464828542377214,0.4711,0.8278497134366408,2.441095308851626,2.441095308851626
1h,2024-06-27T04:00:00+00:00,2024-06-27T05:00:00+00:00,5,3,Thursday,contract,0.002445876833171992,-0.04060906519516294,-0.00010352898716707712,0.4691,0.8100618205073481,2.4515028778512065,2.6646770411426157
1h,2024-06-27T14:00:00+00:00,2024-06-27T15:00:00+00:00,15,3,Thursday,expand,0.003096677269730087,0.10737135865822567,0.00030025559463614775,0.4727,0.761582398984555,1.4173894647768224,2.0097313306536932
1h,2024-06-28T22:00:00+00:00,2024-06-28T23:00:00+00:00,23,4,Friday,contract,0.0031580515889183917,-0.045522614861989164,-0.00015061935299372003,0.4715,0.7635206786850579,1.2301166489925828,1.2301166489925828
1h,2024-06-28T23:00:00+00:00,2024-06-29T00:00:00+00:00,0,5,Saturday,contract,0.00298961933256708,-0.05333423207598664,-0.00016843225635131175,0.4715,0.7423117709437971,1.166489925768824,1.166489925768824
1h,2024-06-29T03:00:00+00:00,2024-06-29T04:00:00+00:00,4,5,Saturday,contract,0.0025751149978511137,-0.04765400501669037,-0.00012885499983470014,0.4743,0.590343664347453,0.7168458781362037,1.4969428631667712
1h,2024-06-29T04:00:00+00:00,2024-06-29T05:00:00+00:00,5,5,Saturday,contract,0.0024626067837188914,-0.04369055915021591,-0.00011250821413222225,0.4746,0.6110408765276051,0.7163927517909848,1.4959966287399904
1h,2024-06-29T05:00:00+00:00,2024-06-29T06:00:00+00:00,6,5,Saturday,contract,0.0023581348705961134,-0.04242330274304307,-0.00010447191312277799,0.4741,0.6116852984602433,0.8226112634465333,1.4975743514026565
1h,2024-06-29T06:00:00+00:00,2024-06-29T07:00:00+00:00,7,5,Saturday,contract,0.002239696665553532,-0.050225373671117124,-0.00011843820504258123,0.4743,0.5270925574530892,1.0752688172042997,1.4969428631667712
1h,2024-06-29T10:00:00+00:00,2024-06-29T11:00:00+00:00,11,5,Saturday,contract,0.002026303531467996,-0.04100383367733651,-8.663873318984477e-05,0.4765,0.5036726128016816,1.4900314795382992,1.4900314795382992
1h,2024-06-29T23:00:00+00:00,2024-06-30T00:00:00+00:00,0,6,Sunday,contract,0.0015441187915787092,-0.040354354512048496,-6.493221473682551e-05,0.4724,0.8255715495342961,1.2066045723962706,1.7781541066892503
1h,2024-06-30T22:00:00+00:00,2024-06-30T23:00:00+00:00,23,6,Sunday,expand,0.001765113664547674,0.10258160004689953,0.00016422202580402634,0.4766,0.9232060428031924,2.014267729752412,2.035249685270664
1h,2024-07-01T01:00:00+00:00,2024-07-01T02:00:00+00:00,2,0,Monday,expand,0.0019321992423510382,0.10894987873671802,0.00018983082751145974,0.4793,0.5215939912372214,1.731692050907568,2.0237846860004143
1h,2024-07-01T11:00:00+00:00,2024-07-01T12:00:00+00:00,12,0,Monday,expand,0.002406033870777771,0.12171526369793151,0.00026107431763247677,0.4795,0.8967674661105371,1.5641293013555804,2.8571428571428554
1h,2024-07-01T20:00:00+00:00,2024-07-01T21:00:00+00:00,21,0,Monday,contract,0.0023657120365571695,-0.04251909637007978,-0.00010505477204285915,0.4773,0.6913890634820803,2.870312172637752,2.870312172637752
1h,2024-07-02T10:00:00+00:00,2024-07-02T11:00:00+00:00,11,1,Tuesday,expand,0.0026349786715576576,0.1695142350661174,0.0003819247175724876,0.4859,1.275982712492279,1.6670096727721746,2.5313850586540396
1h,2024-07-02T19:00:00+00:00,2024-07-02T20:00:00+00:00,20,1,Tuesday,contract,0.00260402780914595,-0.04253906684846431,-0.00011569444685738178,0.4829,0.6419548560778612,2.112238558707804,5.425553944916132
1h,2024-07-02T23:00:00+00:00,2024-07-03T00:00:00+00:00,0,2,Wednesday,contract,0.0022869205085645954,-0.04149096276456277,-9.899388527419978e-05,0.4853,2.1017927055429606,3.255718112507735,5.398722439728004
1h,2024-07-03T03:00:00+00:00,2024-07-03T04:00:00+00:00,4,2,Wednesday,expand,0.0026750191754767163,0.1345822086470192,0.00031730621727102,0.4804,1.0824313072439595,5.203996669442125,9.637801831806819
1h,2024-07-03T12:00:00+00:00,2024-07-03T13:00:00+00:00,13,2,Wednesday,expand,0.0031987288426782623,0.14927977266259207,0.00041548239671705635,0.4748,2.8011794439764066,8.256107834877835,8.256107834877835
1h,2024-07-03T22:00:00+00:00,2024-07-03T23:00:00+00:00,23,2,Wednesday,contract,0.003720856105812101,-0.05325406871894334,-0.0002092966235240079,0.4665,6.452304394426572,6.795284030010719,7.073954983922824
1h,2024-07-03T23:00:00+00:00,2024-07-04T00:00:00+00:00,0,3,Thursday,contract,0.0035622235268255227,-0.042633354925708966,-0.00015863257898657843,0.4668,6.448157669237352,6.790916880891175,8.226221079691515
1h,2024-07-04T01:00:00+00:00,2024-07-04T02:00:00+00:00,2,3,Thursday,expand,0.004564876408334249,0.30401339531911353,0.0010642402762819792,0.4545,4.598459845984593,4.950495049504955,9.482948294829477
1h,2024-07-04T02:00:00+00:00,2024-07-04T03:00:00+00:00,3,3,Thursday,expand,0.005674528093453228,0.24308471596143333,0.0011096516851189786,0.4588,1.1333914559720972,5.187445510026153,15.605928509154316
1h,2024-07-04T04:00:00+00:00,2024-07-04T05:00:00+00:00,5,3,Thursday,contract,0.0052275267744571205,-0.046678954579585596,-0.00025596359803516187,0.4599,2.696238312676674,5.175038051750378,17.17764731463362
1h,2024-07-04T05:00:00+00:00,2024-07-04T06:00:00+00:00,6,3,Thursday,contract,0.004961274861995898,-0.050932673126073635,-0.00026625191246122237,0.4591,2.5266826399477234,5.009801786103238,17.03332607275103
1h,2024-07-04T23:00:00+00:00,2024-07-05T00:00:00+00:00,0,4,Friday,expand,0.005465566688591943,0.12392738674418413,0.0006026487162621571,0.4326,12.020342117429495,12.020342117429495,12.020342117429495
1h,2024-07-05T00:00:00+00:00,2024-07-05T01:00:00+00:00,1,4,Friday,expand,0.006160883353692518,0.12721767105172854,0.000695316665100575,0.4285,11.225204200700125,11.225204200700125,11.808634772462085
1h,2024-07-05T02:00:00+00:00,2024-07-05T03:00:00+00:00,3,4,Friday,expand,0.008707088197826712,0.32080696958491606,0.0021148393693979457,0.398,6.482412060301504,11.658291457286431,12.713567839195989
1h,2024-07-05T03:00:00+00:00,2024-07-05T04:00:00+00:00,4,4,Friday,expand,0.009785153326553378,0.12381465585656426,0.001078065128726666,0.3983,5.096660808435849,10.2686417273412,11.323123273914144
1h,2024-07-05T19:00:00+00:00,2024-07-05T20:00:00+00:00,20,4,Friday,contract,0.007655668976021498,-0.04468897412011075,-0.0003581283827708845,0.4253,0.9640253938396409,3.1742299553256554,6.254408652715733
1h,2024-07-05T20:00:00+00:00,2024-07-05T21:00:00+00:00,21,4,Friday,contract,0.007230264049162818,-0.05556730942666155,-0.00042540492685867997,0.4256,2.185150375939857,3.218984962406013,6.250000000000003
1h,2024-07-05T21:00:00+00:00,2024-07-05T22:00:00+00:00,22,4,Friday,contract,0.006885245188508332,-0.04771870823921498,-0.00034501886065448593,0.4241,2.192879037962752,3.466163640650788,6.366423013440232
1h,2024-07-05T23:00:00+00:00,2024-07-06T00:00:00+00:00,0,5,Saturday,contract,0.006338298147234226,-0.05001717212208623,-0.0003337152420949405,0.4249,2.000470698987999,3.8126618027771224,6.166156742763004
1h,2024-07-06T01:00:00+00:00,2024-07-06T02:00:00+00:00,2,5,Saturday,contract,0.0062146550351152244,-0.04282504275581556,-0.0002780503873165566,0.4258,1.2682010333489937,5.425082198215127,6.129638327853455
1h,2024-07-06T03:00:00+00:00,2024-07-06T04:00:00+00:00,4,5,Saturday,contract,0.005866717861910576,-0.047063941644452045,-0.0002897475278392757,0.4274,1.9653720168460502,5.381375760411797,5.474964904071135
1h,2024-07-06T04:00:00+00:00,2024-07-06T05:00:00+00:00,5,5,Saturday,contract,0.005611952300345532,-0.0434255690424622,-0.00025476556156504414,0.4267,1.968596203421612,5.390203890321073,5.4839465666744855
1h,2024-07-06T05:00:00+00:00,2024-07-06T06:00:00+00:00,6,5,Saturday,contract,0.005353955707463708,-0.045972698817475566,-0.0002579965928818243,0.4278,1.6129032258064557,5.119214586255266,5.119214586255266
1h,2024-07-06T20:00:00+00:00,2024-07-06T21:00:00+00:00,21,5,Saturday,contract,0.004063556067948628,-0.044557164946823935,-0.00018950431291912644,0.4471,1.0512189666741305,3.8693804518005006,6.284947439051669
1h,2024-07-07T13:00:00+00:00,2024-07-07T14:00:00+00:00,14,6,Sunday,expand,0.0039579693089023685,0.11827526538871669,0.0004186177454690459,0.4266,2.5550867323019273,7.102672292545709,9.540553211439292
1h,2024-07-08T00:00:00+00:00,2024-07-08T01:00:00+00:00,1,0,Monday,expand,0.004948998537541111,0.11529667203640215,0.0005116154971122229,0.4105,4.0682095006090115,9.914738124238736,9.914738124238736
1h,2024-07-08T08:00:00+00:00,2024-07-08T09:00:00+00:00,9,0,Monday,expand,0.005807091752451887,0.14210302446874756,0.000722531403657546,0.4347,2.9215550954681366,5.2910052910052965,5.2910052910052965
1h,2024-07-08T14:00:00+00:00,2024-07-08T15:00:00+00:00,15,0,Monday,expand,0.00705010180369156,0.14562113311929425,0.0008961460151006486,0.4303,3.276783639321404,3.718336044620036,4.066930048803164
1h,2024-07-08T18:00:00+00:00,2024-07-08T19:00:00+00:00,19,0,Monday,contract,0.00670463238273726,-0.0407707958117558,-0.0002849717217490201,0.4301,1.2787723785166252,2.6737967914438525,2.6737967914438525
1h,2024-07-08T19:00:00+00:00,2024-07-08T20:00:00+00:00,20,0,Monday,contract,0.0064257300696846,-0.041598449718251884,-0.00027890231305265946,0.43,1.2790697674418616,2.6744186046511653,2.6744186046511653
1h,2024-07-08T22:00:00+00:00,2024-07-08T23:00:00+00:00,23,0,Monday,contract,0.005888166531740914,-0.039984865665615654,-0.00024524357936468646,0.4311,1.7165390860589231,2.6675945256321065,2.6675945256321065
1h,2024-07-08T23:00:00+00:00,2024-07-09T00:00:00+00:00,0,1,Tuesday,contract,0.005574726065187987,-0.053232269308839286,-0.0003134404665529264,0.4314,1.7153453871117335,2.665739452943906,2.665739452943906
1h,2024-07-09T11:00:00+00:00,2024-07-09T12:00:00+00:00,12,1,Tuesday,contract,0.0044584188978328285,-0.045430103930420684,-0.00021218606906406486,0.434,1.6359447004608285,2.0046082949308723,3.1566820276497674
1h,2024-07-09T12:00:00+00:00,2024-07-09T13:00:00+00:00,13,1,Tuesday,contract,0.004254246119416197,-0.045794884486039855,-0.00020417277841663136,0.4338,1.6366989396035025,2.789303826648225,3.1581373905025334
1h,2024-07-10T23:00:00+00:00,2024-07-11T00:00:00+00:00,0,3,Thursday,contract,0.003015262026694655,-0.03957649706720712,-0.00012425092513036144,0.4385,1.64196123147092,4.538198403648809,4.538198403648809
1h,2024-07-11T11:00:00+00:00,2024-07-11T12:00:00+00:00,12,3,Thursday,expand,0.0032525658747233938,0.1087540009786383,0.0003190333942520479,0.4497,3.869246164109412,3.869246164109412,8.828107627307096
1h,2024-07-11T12:00:00+00:00,2024-07-11T13:00:00+00:00,13,3,Thursday,expand,0.0036416683122431543,0.11962937954418851,0.00038910243751976055,0.4511,2.926180447794278,3.1700288184437992,8.800709377078256
1h,2024-07-11T15:00:00+00:00,2024-07-11T16:00:00+00:00,16,3,Thursday,expand,0.004340359067783606,0.12254327324781356,0.0004738185332474158,0.4403,2.5664319781966913,5.746082216670449,8.993867817397234
1h,2024-07-12T09:00:00+00:00,2024-07-12T10:00:00+00:00,10,4,Friday,expand,0.005758681293782553,0.17854288550207986,0.0008724091312474966,0.4613,3.121612833297209,4.639063516150017,13.006720138738348
1h,2024-07-12T17:00:00+00:00,2024-07-12T18:00:00+00:00,18,4,Friday,contract,0.0058025113589719275,-0.04558112368452061,-0.0002771162583824578,0.4667,1.1356331690593466,11.16348832226269,16.220269980715674
1h,2024-07-13T00:00:00+00:00,2024-07-13T01:00:00+00:00,1,5,Saturday,contract,0.005039324060901561,-0.04154062559923566,-0.00021840954314627115,0.4752,5.1136363636363615,14.057239057239062,19.086700336700325
1h,2024-07-13T05:00:00+00:00,2024-07-13T06:00:00+00:00,6,5,Saturday,expand,0.006604987037663481,0.1155649465274875,0.0006842317663335795,0.5063,3.061426031996832,12.443215484890372,12.443215484890372
1h,2024-07-13T15:00:00+00:00,2024-07-13T16:00:00+00:00,16,5,Saturday,expand,0.0078077117455650534,0.11897839755650308,0.0008301760195719154,0.536,6.623134328358205,9.757462686567166,9.757462686567166
1h,2024-07-13T19:00:00+00:00,2024-07-13T20:00:00+00:00,20,5,Saturday,expand,0.009463870657150238,0.17289927574779185,0.0013950868725269017,0.5604,6.97715917201999,8.529621698786592,8.529621698786592
1h,2024-07-13T20:00:00+00:00,2024-07-13T21:00:00+00:00,21,5,Saturday,expand,0.010559308467353796,0.1157494486017645,0.0010954378102035582,0.5399,4.778662715317659,5.1305797369883415,5.1305797369883415
1h,2024-07-14T05:00:00+00:00,2024-07-14T06:00:00+00:00,6,6,Sunday,contract,0.009425719083898427,-0.040902601254566795,-0.00040197839106911014,0.5196,4.118552732871436,4.118552732871436,4.118552732871436
1h,2024-07-14T07:00:00+00:00,2024-07-14T08:00:00+00:00,8,6,Sunday,contract,0.009175747577443025,-0.041585474812069645,-0.00039813442903408047,0.5261,2.8321611860862785,4.067667743774943,4.067667743774943
1h,2024-07-14T17:00:00+00:00,2024-07-14T18:00:00+00:00,18,6,Sunday,contract,0.007802379389062073,-0.04520596528202847,-0.0003694137991586211,0.5299,1.736176637101337,3.0949235704849913,4.151726740894512
1h,2024-07-14T19:00:00+00:00,2024-07-14T20:00:00+00:00,20,6,Sunday,contract,0.007242357738528016,-0.05178972643220647,-0.0003955659798867625,0.5313,3.086768304159603,4.140786749482405,4.140786749482405
1h,2024-07-16T00:00:00+00:00,2024-07-16T01:00:00+00:00,1,1,Tuesday,expand,0.007207994039587022,0.17700875158326146,0.0010840004584933048,0.5515,4.932003626473255,11.350861287398004,11.350861287398004
1h,2024-07-16T13:00:00+00:00,2024-07-16T14:00:00+00:00,14,1,Tuesday,expand,0.00929988986708152,0.1194471694799426,0.000992316164070653,0.5576,6.976327116212347,9.845767575322823,14.0961262553802
1h,2024-07-16T14:00:00+00:00,2024-07-16T15:00:00+00:00,15,1,Tuesday,expand,0.010449897733718553,0.12365822424496375,0.0011500078666370327,0.5785,3.370786516853945,6.603284356093347,10.544511668107164
1h,2024-07-17T04:00:00+00:00,2024-07-17T05:00:00+00:00,5,2,Wednesday,expand,0.010343765514224936,0.12797489096980352,0.0011735564989057787,0.6076,3.4891375905200785,6.418696510862397,6.961816984858442
1h,2024-07-17T17:00:00+00:00,2024-07-17T18:00:00+00:00,18,2,Wednesday,contract,0.012158725095323602,-0.0415876523549058,-0.0005275942381018171,0.6112,3.321335078534029,11.616492146596851,13.219895287958114
1h,2024-07-18T05:00:00+00:00,2024-07-18T06:00:00+00:00,6,3,Thursday,expand,0.013403741034191742,0.11161718617657912,0.0013458660742929375,0.5842,4.142416980486134,5.819924683327632,8.695652173913034
1h,2024-07-18T17:00:00+00:00,2024-07-18T18:00:00+00:00,18,3,Thursday,contract,0.011687502216747244,-0.04636749272089824,-0.0005682694012882523,0.5689,1.2480224995605742,5.695201265600279,8.314290736509054
1h,2024-07-18T22:00:00+00:00,2024-07-18T23:00:00+00:00,23,3,Thursday,contract,0.009882609665174371,-0.039494217257008746,-0.0004063545896287931,0.5689,5.607312357180511,5.7830901740200265,8.314290736509054
1h,2024-07-18T23:00:00+00:00,2024-07-19T00:00:00+00:00,0,4,Friday,contract,0.009433851831947625,-0.045408839206524276,-0.00044875783322674556,0.5693,5.339891094326362,5.515545406639729,8.308448972422273
1h,2024-07-19T00:00:00+00:00,2024-07-19T01:00:00+00:00,1,4,Friday,expand,0.010574290986808508,0.12088796550723835,0.0011404391548608828,0.5514,3.826623141095395,8.251722887196225,8.578164671744652
1h,2024-07-19T16:00:00+00:00,2024-07-19T17:00:00+00:00,17,4,Friday,expand,0.010367157494372791,0.10433317867539382,0.0009794494235097866,0.5785,2.7657735522904088,6.22299049265342,6.22299049265342
1h,2024-07-22T04:00:00+00:00,2024-07-22T05:00:00+00:00,5,0,Monday,contract,0.007620796638065574,-0.039002344271792166,-0.00030929204908197293,0.5946,3.329969727547919,6.34039690548267,6.34039690548267
1h,2024-07-23T09:00:00+00:00,2024-07-23T10:00:00+00:00,10,1,Tuesday,contract,0.008030744730001859,-0.041593013882552654,-0.00034851882538476306,0.6008,3.495339547270309,4.72703062583222,6.957390146471362
1h,2024-07-24T06:00:00+00:00,2024-07-24T07:00:00+00:00,7,2,Wednesday,contract,0.007499668384240249,-0.04877946193928617,-0.0003845898757107837,0.5989,5.309734513274327,5.743863750208714,6.528635832359329
1h,2024-07-25T01:00:00+00:00,2024-07-25T02:00:00+00:00,2,3,Thursday,expand,0.010159455835558273,0.15719065787956876,0.0013800418588032094,0.608,2.253289473684218,5.065789473684219,6.940789473684212
1h,2024-07-25T05:00:00+00:00,2024-07-25T06:00:00+00:00,6,3,Thursday,contract,0.009852564507480736,-0.047961654536616494,-0.00049635111596006,0.6007,2.5137339770268023,7.025137339770271,7.025137339770271
1h,2024-07-26T05:00:00+00:00,2024-07-26T06:00:00+00:00,6,4,Friday,contract,0.009337681664157335,-0.04211934931617212,-0.0004105908972428709,0.6063,1.7812963879267558,3.744021111660885,3.744021111660885
1h,2024-07-26T17:00:00+00:00,2024-07-26T18:00:00+00:00,18,4,Friday,contract,0.007472885442455063,-0.04682954168813014,-0.0003671450340350024,0.5952,1.764112903225799,1.932123655913971,2.5537634408602137
1h,2024-07-26T23:00:00+00:00,2024-07-27T00:00:00+00:00,0,5,Saturday,contract,0.006267227317806974,-0.0497687015260182,-0.0003282482552159202,0.6032,1.5583554376657767,2.519893899204243,4.376657824933684
1h,2024-07-27T12:00:00+00:00,2024-07-27T13:00:00+00:00,13,5,Saturday,contract,0.004529376084606763,-0.03962364954134334,-0.00018687508343129093,0.6012,2.328675981370594,4.3912175648702565,5.322687957418502
1h,2024-07-27T20:00:00+00:00,2024-07-27T21:00:00+00:00,21,5,Saturday,expand,0.006042500334598251,0.13687674975352215,0.00072749997426167,0.5937,1.8191005558362863,4.025602155971034,4.025602155971034
1h,2024-07-27T22:00:00+00:00,2024-07-27T23:00:00+00:00,23,5,Saturday,contract,0.0060463395742199185,-0.040834538773147355,-0.00025741073647845246,0.6006,1.7982017982018035,3.9793539793539847,3.9793539793539847
1h,2024-07-28T16:00:00+00:00,2024-07-28T17:00:00+00:00,17,6,Sunday,contract,0.00521833451565013,-0.04124464831983965,-0.0002244872704346276,0.6025,1.0622406639004085,2.4398340248962547,3.4356846473028946
1h,2024-07-30T06:00:00+00:00,2024-07-30T07:00:00+00:00,7,1,Tuesday,contract,0.004494390733988435,-0.04094436202367446,-0.0001918762103068029,0.5971,6.900016747613467,6.900016747613467,10.299782281024955
1h,2024-07-30T09:00:00+00:00,2024-07-30T10:00:00+00:00,10,1,Tuesday,expand,0.006263293164202841,0.4363804347074085,0.0019028236027536297,0.6062,5.344770702738368,7.241834378093029,8.693500494886171
1h,2024-07-30T10:00:00+00:00,2024-07-30T11:00:00+00:00,11,1,Tuesday,expand,0.00813020079533121,0.29807125136636947,0.0018669076311283684,0.6234,3.897978825794031,7.555341674687205,7.555341674687205
1h,2024-07-31T16:00:00+00:00,2024-07-31T17:00:00+00:00,17,2,Wednesday,expand,0.010034696635872661,0.11892793946921176,0.0010665617972405676,0.6362,3.8824269097768087,7.9377554228230105,11.06570260924238
1h,2024-08-01T08:00:00+00:00,2024-08-01T09:00:00+00:00,9,3,Thursday,contract,0.009842947837225486,-0.041519813622769464,-0.00042638060286350095,0.6077,2.0898469639624886,7.651801875925619,9.346717130162903
1h,2024-08-01T23:00:00+00:00,2024-08-02T00:00:00+00:00,0,4,Friday,contract,0.009676766061698856,-0.039524924118625515,-0.00039821277397683943,0.5962,2.901710835290168,8.53740355585375,8.53740355585375
1h,2024-08-02T01:00:00+00:00,2024-08-02T02:00:00+00:00,2,4,Friday,contract,0.009207007471566874,-0.04092215573190405,-0.00039284672858206846,0.5873,2.9797377830751013,7.440830921164664,7.968670185595106
1h,2024-08-04T03:00:00+00:00,2024-08-04T04:00:00+00:00,4,6,Sunday,contract,0.007809707923948373,-0.04523126648038833,-0.00036997753261141294,0.5566,2.3176428314768276,8.246496586417525,19.583183614804167
1h,2024-08-04T05:00:00+00:00,2024-08-04T06:00:00+00:00,6,6,Sunday,contract,0.0072272481589146665,-0.042079793269164334,-0.0003174806276088219,0.556,2.464028776978425,7.949640287769786,19.298561151079145
1h,2024-08-04T14:00:00+00:00,2024-08-04T15:00:00+00:00,15,6,Sunday,expand,0.007818737889366082,0.11742511496418984,0.0008216355469718457,0.5306,3.882397286091209,20.222389747455725,20.429702223897486
1h,2024-08-05T00:00:00+00:00,2024-08-05T01:00:00+00:00,1,0,Monday,expand,0.01041575312225699,0.22073680905679582,0.0018834036059802283,0.4968,9.842995169082124,13.506441223832526,16.545893719806774
1h,2024-08-05T01:00:00+00:00,2024-08-05T02:00:00+00:00,2,0,Monday,expand,0.013164627899238635,0.2639151240161106,0.002748874776981644,0.4742,4.4285111767186764,14.065795023196959,17.77730915225644
1h,2024-08-05T06:00:00+00:00,2024-08-05T07:00:00+00:00,7,0,Monday,expand,0.014890001722853588,0.1309300953442334,0.001723846021318953,0.4556,6.035996488147491,14.640035118525018,18.96400351185251
1h,2024-08-06T02:00:00+00:00,2024-08-06T03:00:00+00:00,3,1,Tuesday,contract,0.01433065600600933,-0.04720858448444021,-0.0007100504620007192,0.5103,2.449539486576537,4.820693709582612,4.820693709582612
1h,2024-08-06T03:00:00+00:00,2024-08-06T04:00:00+00:00,4,1,Tuesday,contract,0.01362132343415152,-0.04949756463070243,-0.0007093325718578111,0.5109,2.6228224701507297,4.815032295948339,4.815032295948339
1h,2024-08-06T09:00:00+00:00,2024-08-06T10:00:00+00:00,10,1,Tuesday,contract,0.011832631365846908,-0.04193300891242102,-0.0005178947204497672,0.5017,2.5114610324895463,4.704006378313745,4.8833964520630015
1h,2024-08-07T06:00:00+00:00,2024-08-07T07:00:00+00:00,7,2,Wednesday,contract,0.008233166959588584,-0.04149191287072429,-0.0003563974584298961,0.5112,1.9757433489827854,29.753521126760567,29.753521126760567
1h,2024-08-07T08:00:00+00:00,2024-08-07T09:00:00+00:00,9,2,Wednesday,contract,0.00775972049066567,-0.041427998896228835,-0.00033536311466658437,0.5154,1.4357780364765158,29.51105937136205,29.51105937136205
1h,2024-08-07T19:00:00+00:00,2024-08-07T20:00:00+00:00,20,2,Wednesday,expand,0.01011831440151921,0.2964986449132505,0.0023139758152677502,0.533,24.596622889305813,24.596622889305813,24.596622889305813
1h,2024-08-07T20:00:00+00:00,2024-08-07T21:00:00+00:00,21,2,Wednesday,expand,0.018524149087124984,0.8307544470394874,0.008405834685605774,0.6016,10.937499999999995,10.937499999999995,10.937499999999995
1h,2024-08-07T21:00:00+00:00,2024-08-07T22:00:00+00:00,22,2,Wednesday,expand,0.021022424152330344,0.13486584746512098,0.0024982750652053597,0.6261,9.135920779428194,9.135920779428194,10.206037374221363
1h,2024-08-08T06:00:00+00:00,2024-08-08T07:00:00+00:00,7,3,Thursday,contract,0.02040946697760632,-0.039841370364053885,-0.0008468820752004814,0.6049,4.430484377583079,7.654157712018517,7.654157712018517
1h,2024-08-08T11:00:00+00:00,2024-08-08T12:00:00+00:00,12,3,Thursday,contract,0.017785176977071278,-0.03940786628870596,-0.0007296289982362536,0.615,3.170731707317085,6.861788617886182,9.739837398373977
1h,2024-08-09T03:00:00+00:00,2024-08-09T04:00:00+00:00,4,4,Friday,contract,0.012789802072409307,-0.041449999595232545,-0.0005530616978776364,0.6146,3.3680442564269524,8.054018874064429,8.054018874064429
1h,2024-08-09T07:00:00+00:00,2024-08-09T08:00:00+00:00,8,4,Friday,contract,0.012007992424773075,-0.045889038037865704,-0.0005775378788286933,0.6028,3.765759787657588,6.254147312541465,6.254147312541465
1h,2024-08-09T08:00:00+00:00,2024-08-09T09:00:00+00:00,9,4,Friday,contract,0.011428850108717857,-0.04822973695922883,-0.000579142316055218,0.6043,4.401787191792168,6.1724309117987755,6.1724309117987755
1h,2024-08-09T17:00:00+00:00,2024-08-09T18:00:00+00:00,18,4,Friday,contract,0.01142806282807308,-0.03961438202065437,-0.00047138944831331617,0.576,1.7708333333333313,3.7326388888888826,5.0868055555555545
1h,2024-08-10T05:00:00+00:00,2024-08-10T06:00:00+00:00,6,5,Saturday,contract,0.008642124817504985,-0.039679757576061125,-0.00035708652442346077,0.5843,1.0782132466199013,3.2175252438815742,3.576929659421535
1h,2024-08-10T08:00:00+00:00,2024-08-10T09:00:00+00:00,9,5,Saturday,contract,0.007882889294481946,-0.040116815633109204,-0.0003294530226524619,0.5866,3.0003409478349727,3.5629048755540453,3.5629048755540453
1h,2024-08-11T09:00:00+00:00,2024-08-11T10:00:00+00:00,10,6,Sunday,expand,0.006460378496302812,0.16410801086556592,0.0009107401156690136,0.5801,2.516807446991908,6.44716428202034,6.44716428202034
1h,2024-08-11T18:00:00+00:00,2024-08-11T19:00:00+00:00,19,6,Sunday,contract,0.006385820000473502,-0.04140598983064714,-0.00027583230772872894,0.5687,4.184983295234734,5.538948478987159,6.013715491471779
1h,2024-08-12T06:00:00+00:00,2024-08-12T07:00:00+00:00,7,0,Monday,contract,0.006537810631503817,-0.04104521446984688,-0.00027983158703876257,0.5621,3.522504892367913,4.323074186087902,4.323074186087902
1h,2024-08-12T13:00:00+00:00,2024-08-12T14:00:00+00:00,14,0,Monday,expand,0.007840758138100586,0.12666258538196828,0.0008814801432230311,0.56,4.250000000000007,4.250000000000007,4.285714285714289
1h,2024-08-12T14:00:00+00:00,2024-08-12T15:00:00+00:00,15,0,Monday,expand,0.008873561128236266,0.1317223375526635,0.0010328029901356794,0.5749,3.165767959645155,3.322316924682555,3.3571055835797505
1h,2024-08-13T05:00:00+00:00,2024-08-13T06:00:00+00:00,6,1,Tuesday,contract,0.007155889343515305,-0.041777780739033044,-0.0003119914879627164,0.5654,1.9985850725150294,3.501945525291836,3.501945525291836
1h,2024-08-14T03:00:00+00:00,2024-08-14T04:00:00+00:00,4,2,Wednesday,contract,0.006027197294979538,-0.04190713323927797,-0.00026363056115227736,0.5792,1.1740331491712563,3.3839779005524777,3.3839779005524777
1h,2024-08-14T08:00:00+00:00,2024-08-14T09:00:00+00:00,9,2,Wednesday,contract,0.005309065912352054,-0.03910881608046324,-0.00021608199325785435,0.577,1.3864818024263446,3.3968804159445325,3.6395147313691543
1h,2024-08-14T13:00:00+00:00,2024-08-14T14:00:00+00:00,14,2,Wednesday,expand,0.005909278704176337,0.10011071345900646,0.0005377477919864381,0.5683,2.1115607953545683,2.1115607953545683,2.3579095548126126
1h,2024-08-14T17:00:00+00:00,2024-08-14T18:00:00+00:00,18,2,Wednesday,contract,0.005897574163629224,-0.0412371831106243,-0.00025365955104840725,0.5715,1.2423447069116351,2.082239720034999,2.082239720034999
1h,2024-08-14T21:00:00+00:00,2024-08-14T22:00:00+00:00,22,2,Wednesday,contract,0.0054399785424670615,-0.04121462748869542,-0.00023384450326669175,0.5679,1.1797851734460363,2.095439337911608,4.102835006163055
1h,2024-08-14T23:00:00+00:00,2024-08-15T00:00:00+00:00,0,3,Thursday,contract,0.00509824680447415,-0.046034197147522216,-0.00024601898495954944,0.5684,1.2315270935960603,2.0935960591133043,4.099225897255451
1h,2024-08-15T03:00:00+00:00,2024-08-15T04:00:00+00:00,4,3,Thursday,contract,0.004791269965186032,-0.048738213008149955,-0.0002454823050143072,0.5719,1.7835285889141632,3.5670571778282874,3.934254240251786
1h,2024-08-15T18:00:00+00:00,2024-08-15T19:00:00+00:00,19,3,Thursday,expand,0.005274898744639394,0.11413912357651035,0.0005403924042585058,0.5613,1.9953678959558148,3.7234990201318423,3.7234990201318423
1h,2024-08-16T10:00:00+00:00,2024-08-16T11:00:00+00:00,11,4,Friday,contract,0.004555086374107816,-0.03980927898872133,-0.00018885279800829376,0.5682,2.270327349524819,2.727912706793375,2.727912706793375
1h,2024-08-16T12:00:00+00:00,2024-08-16T13:00:00+00:00,13,4,Friday,expand,0.005048518353184795,0.11277662675649536,0.000511652434370396,0.5569,2.19069850960675,2.78326449991021,2.78326449991021
1h,2024-08-16T20:00:00+00:00,2024-08-16T21:00:00+00:00,21,4,Friday,contract,0.005516970303257998,-0.0442041189972342,-0.00025515156178907827,0.5662,1.2009890498057274,1.2009890498057274,1.8191451783821928
1h,2024-08-16T22:00:00+00:00,2024-08-16T23:00:00+00:00,23,4,Friday,contract,0.005237591741074491,-0.04672778054013915,-0.00025673782623650623,0.564,0.7624113475177253,1.3829787234042605,1.826241134751769
1h,2024-08-16T23:00:00+00:00,2024-08-17T00:00:00+00:00,0,5,Saturday,contract,0.004992049473854878,-0.0468807572942368,-0.0002455422672196124,0.5634,0.7454739084132023,1.4554490592829226,1.8281860134895234
1h,2024-08-17T06:00:00+00:00,2024-08-17T07:00:00+00:00,7,5,Saturday,contract,0.0038867210122815387,-0.04148266315928539,-0.00016820930863703856,0.5645,0.47829937998227184,1.576616474756405,1.576616474756405
1h,2024-08-17T07:00:00+00:00,2024-08-17T08:00:00+00:00,8,5,Saturday,contract,0.0037233837971185667,-0.04202442486786351,-0.00016333721516297202,0.5645,0.531443755535873,1.576616474756405,1.576616474756405
1h,2024-08-17T22:00:00+00:00,2024-08-17T23:00:00+00:00,23,5,Saturday,contract,0.0028756694181720738,-0.04044391229048494,-0.0001212053398593929,0.5654,0.831269897417764,3.6257516802264016,3.6257516802264016
1h,2024-08-18T06:00:00+00:00,2024-08-18T07:00:00+00:00,7,6,Sunday,contract,0.00268415296138581,-0.04079793254534925,-0.00011416561241429446,0.5652,1.0792639773531483,3.538570417551312,4.22859164897382
1h,2024-08-18T12:00:00+00:00,2024-08-18T13:00:00+00:00,13,6,Sunday,expand,0.003682521176788804,0.39752914802918715,0.0010474983710162442,0.5733,0.9942438513867151,2.598988313274032,5.075876504447936
1h,2024-08-18T20:00:00+00:00,2024-08-18T21:00:00+00:00,21,6,Sunday,contract,0.003417800690981477,-0.03930447036403417,-0.0001398308223831959,0.5731,2.2509160704938096,5.077647879951145,8.445297504798463
1h,2024-08-18T23:00:00+00:00,2024-08-19T00:00:00+00:00,0,0,Monday,expand,0.0038736545619848005,0.1257813334489808,0.0004327958029242424,0.5628,1.2970859985785312,5.170575692963755,8.599857853589198
1h,2024-08-19T05:00:00+00:00,2024-08-19T06:00:00+00:00,6,0,Monday,contract,0.0036473796529665767,-0.043325989127936726,-0.00016518305022819374,0.5667,3.740956414328568,7.728957120169393,8.081877536615485
1h,2024-08-19T10:00:00+00:00,2024-08-19T11:00:00+00:00,11,0,Monday,expand,0.005277585852414393,0.10327715711633978,0.0004940318575065881,0.5858,2.21918743598498,6.060088767497454,6.9648344144759395
1h,2024-08-19T17:00:00+00:00,2024-08-19T18:00:00+00:00,18,0,Monday,expand,0.006928515312223984,0.15033975477684391,0.0009054988221366212,0.5982,2.5409562019391494,3.5272484119023755,4.630558341691752
1h,2024-08-19T22:00:00+00:00,2024-08-19T23:00:00+00:00,23,0,Monday,contract,0.007145420501542481,-0.04468947252548239,-0.00033426311550326625,0.5967,2.37975532093179,3.8377744260097253,4.642198759845828
1h,2024-08-20T09:00:00+00:00,2024-08-20T10:00:00+00:00,10,1,Tuesday,contract,0.006135801250263762,-0.04929369767586189,-0.0003181385577125965,0.6097,2.197802197802192,3.7559455469903282,3.7559455469903282
1h,2024-08-21T05:00:00+00:00,2024-08-21T06:00:00+00:00,6,2,Wednesday,contract,0.005059761571665109,-0.041665219260330066,-0.00021998165935885675,0.5957,1.057579318448879,3.4749034749034653,3.4749034749034653
1h,2024-08-21T13:00:00+00:00,2024-08-21T14:00:00+00:00,14,2,Wednesday,expand,0.005173823712745074,0.10020975541567467,0.0004712443297888386,0.5933,2.2585538513399572,2.814764874431137,2.9158941513568144
1h,2024-08-21T23:00:00+00:00,2024-08-22T00:00:00+00:00,0,3,Thursday,contract,0.005068131359126662,-0.04032012482225322,-0.0002129331814712844,0.5997,1.5507753876938428,2.351175587793897,2.351175587793897
1h,2024-08-22T23:00:00+00:00,2024-08-23T00:00:00+00:00,0,4,Friday,contract,0.003980640938068966,-0.040435424807596876,-0.0001677416106206876,0.5974,1.1047874121191914,2.2932708403079904,4.251757616337459
1h,2024-08-23T14:00:00+00:00,2024-08-23T15:00:00+00:00,15,4,Friday,expand,0.004089831457996121,0.22063106382980746,0.0007392437340002929,0.5955,2.4853064651553374,3.526448362720406,6.112510495382029
1h,2024-08-24T02:00:00+00:00,2024-08-24T03:00:00+00:00,3,5,Saturday,contract,0.004470217310721862,-0.04077407166920766,-0.00019001671620937424,0.6078,1.0694307337940212,4.129647910496876,4.508061862454752
1h,2024-08-24T13:00:00+00:00,2024-08-24T14:00:00+00:00,14,5,Saturday,expand,0.004899280244726959,0.21338799952767884,0.0008615938273286959,0.6261,2.092317521162754,4.376297716019803,5.829739658201562
1h,2024-08-24T19:00:00+00:00,2024-08-24T20:00:00+00:00,20,5,Saturday,contract,0.005214552128945304,-0.043926492125318295,-0.000239580932995794,0.6194,3.1966419115272733,4.794962867290919,4.794962867290919
1h,2024-08-24T21:00:00+00:00,2024-08-24T22:00:00+00:00,22,5,Saturday,expand,0.006027343417304875,0.1576863744714494,0.000820973583284236,0.6077,1.6455487905216404,3.1429981898963315,3.1429981898963315
1h,2024-08-25T17:00:00+00:00,2024-08-25T18:00:00+00:00,18,6,Sunday,contract,0.004564916262864351,-0.04605321093007397,-0.00022037817406648542,0.6009,0.8487269096355455,2.1967049425861194,4.559826926277247
1h,2024-08-26T12:00:00+00:00,2024-08-26T13:00:00+00:00,13,0,Monday,expand,0.004620939732277338,0.12720320477327962,0.0005214661744402027,0.592,1.2162162162162324,3.0405405405405435,3.0405405405405435
1h,2024-08-26T17:00:00+00:00,2024-08-26T18:00:00+00:00,18,0,Monday,expand,0.005546390782145186,0.16202570407007788,0.0007733545552196051,0.5803,1.516457004997401,2.843356884370146,3.7394451145958887
1h,2024-08-27T04:00:00+00:00,2024-08-27T05:00:00+00:00,5,1,Tuesday,contract,0.004548830393309347,-0.04441934955844207,-0.00021144849179303375,0.5926,1.2487343908201272,2.8349645629429507,8.15052311846102
1h,2024-08-27T21:00:00+00:00,2024-08-27T22:00:00+00:00,22,1,Tuesday,expand,0.006803584171916168,0.3112877730499666,0.001615108909852607,0.5729,3.8750218188165473,5.690347355559448,5.690347355559448
1h,2024-08-27T22:00:00+00:00,2024-08-27T23:00:00+00:00,23,1,Tuesday,expand,0.00790332815963644,0.16164185816349508,0.001099743987720273,0.5658,1.767408978437612,4.383174266525282,5.107811947684701
1h,2024-08-28T04:00:00+00:00,2024-08-28T05:00:00+00:00,5,2,Wednesday,contract,0.006638829762004797,-0.04576143584786718,-0.00031837152015421876,0.568,2.0422535211267507,5.088028169014091,5.088028169014091
1h,2024-08-28T06:00:00+00:00,2024-08-28T07:00:00+00:00,7,2,Wednesday,contract,0.0063748072947898545,-0.04246010221549046,-0.000282677484214601,0.5701,2.6661989124714944,5.069286090159627,5.069286090159627
1h,2024-08-28T23:00:00+00:00,2024-08-29T00:00:00+00:00,0,3,Thursday,contract,0.00673694840978017,-0.0471831685680798,-0.00033361141613694016,0.569,0.9666080843585149,1.581722319859404,3.4622144112478126
1h,2024-08-29T03:00:00+00:00,2024-08-29T04:00:00+00:00,4,3,Thursday,contract,0.005800554027793924,-0.039493601274585344,-0.00023850415598415317,0.5706,1.1566771819137838,3.2947774272695476,3.452506133894155
1h,2024-08-29T04:00:00+00:00,2024-08-29T05:00:00+00:00,5,3,Thursday,contract,0.0055290858829515005,-0.0468003820913756,-0.0002714681448424232,0.5711,1.0506040973559805,3.291892838382076,3.449483452985475
1h,2024-08-29T08:00:00+00:00,2024-08-29T09:00:00+00:00,9,3,Thursday,contract,0.0048515363885614825,-0.04180299740885596,-0.0002116566452739603,0.5724,0.9084556254367543,3.3892382948986866,3.3892382948986866
1h,2024-08-29T18:00:00+00:00,2024-08-29T19:00:00+00:00,19,3,Thursday,expand,0.00483963569644084,0.16176494359647142,0.0006738741771968541,0.5617,1.4420509168595328,1.531066405554576,3.8632722093644394
1h,2024-08-29T21:00:00+00:00,2024-08-29T22:00:00+00:00,22,3,Thursday,contract,0.00481934388669115,-0.043062606016738725,-0.00021687260666855036,0.5625,1.4399999999999993,1.9022222222222298,3.857777777777787
1h,2024-08-30T15:00:00+00:00,2024-08-30T16:00:00+00:00,16,4,Friday,expand,0.004873657169408713,0.10704550648597522,0.0004712571408147159,0.548,3.047445255474441,4.069343065693428,4.74452554744524
1h,2024-08-30T22:00:00+00:00,2024-08-30T23:00:00+00:00,23,4,Friday,contract,0.004782998468078746,-0.04724034631543139,-0.00023715372831375515,0.566,0.5123674911660803,1.378091872791505,1.7314487632508695
1h,2024-08-30T23:00:00+00:00,2024-08-31T00:00:00+00:00,0,5,Saturday,contract,0.004577070006073123,-0.04305426049787997,-0.00020592846200562318,0.5665,0.6531332744925042,1.3768755516328188,1.7299205648720068
1h,2024-08-31T01:00:00+00:00,2024-08-31T02:00:00+00:00,2,5,Saturday,contract,0.004274616484828357,-0.04098078549387585,-0.00018266280652525727,0.5661,0.7242536654301347,1.7311429076134817,1.96078431372549
1h,2024-08-31T02:00:00+00:00,2024-08-31T03:00:00+00:00,3,5,Saturday,contract,0.004069286735912043,-0.04803465986833644,-0.00020532974891631414,0.5658,0.724637681159419,1.7320607988688441,2.3683280311063926
1h,2024-08-31T03:00:00+00:00,2024-08-31T04:00:00+00:00,4,5,Saturday,contract,0.0038929091119183214,-0.04334362148461146,-0.00017637762399372184,0.5647,0.7260492296794745,1.7354347441119036,2.372941384806086
1h,2024-08-31T06:00:00+00:00,2024-08-31T07:00:00+00:00,7,5,Saturday,contract,0.0035707803640249755,-0.044674604562902065,-0.0001669831049250013,0.5672,1.3575458392101427,1.7277856135401832,3.4026798307475286
1h,2024-09-01T03:00:00+00:00,2024-09-01T04:00:00+00:00,4,6,Sunday,contract,0.0027320225304278563,-0.04135201595031612,-0.00011784788695599078,0.5605,1.4272970561998228,1.7305976806422714,3.4433541480820664
1h,2024-09-01T05:00:00+00:00,2024-09-01T06:00:00+00:00,6,6,Sunday,expand,0.002998019426746468,0.13388642382075622,0.00035399850563489106,0.5541,1.1189316007940775,1.9310593755639653,3.4831257895686667
1h,2024-09-01T22:00:00+00:00,2024-09-01T23:00:00+00:00,23,6,Sunday,expand,0.004402323368156837,0.22989674720210385,0.0008228982024494746,0.545,1.4862385321100908,2.8073394495412805,4.788990825688075
1h,2024-09-02T11:00:00+00:00,2024-09-02T12:00:00+00:00,12,0,Monday,contract,0.004634178197333048,-0.041893149752961656,-0.00020262909210254192,0.5547,1.7847485127095764,3.930052280511996,3.930052280511996
1h,2024-09-02T12:00:00+00:00,2024-09-02T13:00:00+00:00,13,0,Monday,contract,0.004453165468952116,-0.03906037288015907,-0.00018101272838093232,0.5546,1.785070320952041,3.9307609087630797,3.9307609087630797
1h,2024-09-02T23:00:00+00:00,2024-09-03T00:00:00+00:00,0,1,Tuesday,contract,0.004205085174606605,-0.04214184199753268,-0.00018500655189281415,0.5674,1.2336975678533673,2.6965103983080683,3.0313711667254126
1h,2024-09-03T03:00:00+00:00,2024-09-03T04:00:00+00:00,4,1,Tuesday,contract,0.003975331572051729,-0.04039264752143967,-0.00016733319785013166,0.5663,0.8122903054917974,2.6840897051033004,7.081052445700163
1h,2024-09-03T13:00:00+00:00,2024-09-03T14:00:00+00:00,14,1,Tuesday,expand,0.004057915442362914,0.12693828138197283,0.0004570834275105461,0.5623,1.4049439800817904,6.277787657833896,6.277787657833896
1h,2024-09-04T01:00:00+00:00,2024-09-04T02:00:00+00:00,2,2,Wednesday,expand,0.005669641304759112,0.24554903306885456,0.001117719899633914,0.5497,1.073312716026927,3.256321629979994,3.256321629979994
1h,2024-09-04T02:00:00+00:00,2024-09-04T03:00:00+00:00,3,2,Wednesday,contract,0.005436095497276324,-0.041192342677260574,-0.00023354580748278803,0.5496,0.927947598253274,3.2569141193595392,3.2569141193595392
1h,2024-09-05T05:00:00+00:00,2024-09-05T06:00:00+00:00,6,3,Thursday,contract,0.0037275749276292854,-0.040161093377676926,-0.00015596730212532684,0.5526,1.2124502352515454,2.8954035468693475,2.8954035468693475
1h,2024-09-05T11:00:00+00:00,2024-09-05T12:00:00+00:00,12,3,Thursday,contract,0.0035510405301011016,-0.042539851331117595,-0.00015777234846931984,0.5498,1.818843215714807,2.9101491451436914,4.183339396144056
1h,2024-09-05T23:00:00+00:00,2024-09-06T00:00:00+00:00,0,4,Friday,contract,0.003982482168258925,-0.0404502319790917,-0.00016788324371223157,0.5441,1.2681492372725633,4.649880536666052,8.270538503951487
1h,2024-09-06T03:00:00+00:00,2024-09-06T04:00:00+00:00,4,4,Friday,contract,0.003745704217191882,-0.0403174990208679,-0.00015736186286091115,0.5454,2.5852585258525855,6.197286395306207,8.104143747708108
1h,2024-09-06T07:00:00+00:00,2024-09-06T08:00:00+00:00,8,4,Friday,expand,0.004093415716035442,0.1491450964504717,0.0005312757141511205,0.5347,1.0847204039648455,8.023190574153741,8.023190574153741
1h,2024-09-06T14:00:00+00:00,2024-09-06T15:00:00+00:00,15,4,Friday,expand,0.004975607330591319,0.10837140064563733,0.0004864917438006655,0.5297,3.6058146120445547,5.588068718142337,5.588068718142337
1h,2024-09-06T21:00:00+00:00,2024-09-06T22:00:00+00:00,22,4,Friday,expand,0.007389234383755357,0.11633758535298067,0.0007700588935572773,0.5189,1.2333783002505438,2.620928888032387,2.9292734630950066
1h,2024-09-06T23:00:00+00:00,2024-09-07T00:00:00+00:00,0,5,Saturday,contract,0.006766227606401305,-0.0514005415977431,-0.00036663289280010076,0.5206,0.8259700345755054,2.516327314636958,2.516327314636958
1h,2024-09-07T02:00:00+00:00,2024-09-07T03:00:00+00:00,3,5,Saturday,contract,0.006021174216932829,-0.051167956656123614,-0.0003247057089948314,0.5196,1.7705927636643546,2.5211701308699004,2.5211701308699004
1h,2024-09-07T04:00:00+00:00,2024-09-07T05:00:00+00:00,5,5,Saturday,contract,0.0055259104217430955,-0.049308827745049744,-0.0002866084939802454,0.5234,1.4138326327856252,1.795949560565526,1.891478792510512
1h,2024-09-07T10:00:00+00:00,2024-09-07T11:00:00+00:00,11,5,Saturday,contract,0.004461331555737734,-0.04857935592478091,-0.00022779473505675323,0.5268,0.9301442672741106,1.879271070615038,1.879271070615038
1h,2024-09-07T11:00:00+00:00,2024-09-07T12:00:00+00:00,12,5,Saturday,contract,0.0042783793017564685,-0.04100844146989491,-0.00018295225398126582,0.5271,1.0434452665528267,1.878201479795109,1.878201479795109
1h,2024-09-09T16:00:00+00:00,2024-09-09T17:00:00+00:00,17,0,Monday,expand,0.0033876799711267946,0.10576405640184472,0.0003240246176056264,0.5358,1.0638297872340496,1.7543859649122737,1.7543859649122737
1h,2024-09-10T03:00:00+00:00,2024-09-10T04:00:00+00:00,4,1,Tuesday,contract,0.003143513421418492,-0.04316432861568453,-0.00014180872472450198,0.5334,1.2748406449193905,1.5373078365204322,2.118485189351327
1h,2024-09-11T01:00:00+00:00,2024-09-11T02:00:00+00:00,2,2,Wednesday,expand,0.0034783370408643425,0.13623391962111397,0.0004170509968565903,0.5328,1.1636636636636604,2.665165165165163,2.909159159159151
1h,2024-09-11T13:00:00+00:00,2024-09-11T14:00:00+00:00,14,2,Wednesday,expand,0.0036523931352203517,0.13500200411644947,0.0004344312972907492,0.526,2.699619771863116,3.1939163498098715,12.452471482889713
1h,2024-09-11T15:00:00+00:00,2024-09-11T16:00:00+00:00,16,2,Wednesday,expand,0.004210992040062445,0.10027372943591062,0.000383769843072119,0.5319,1.2596352697875612,1.5228426395939079,10.678699003572092
1h,2024-09-11T23:00:00+00:00,2024-09-12T00:00:00+00:00,0,3,Thursday,contract,0.003339116307395498,-0.049052193741728534,-0.00017223971595350072,0.5346,1.197156752712301,10.306771417882516,10.306771417882516
1h,2024-09-12T05:00:00+00:00,2024-09-12T06:00:00+00:00,6,3,Thursday,contract,0.0030226194608251153,-0.041998030504787676,-0.00013250918929424245,0.537,0.8379888268156327,9.94413407821227,9.94413407821227
1h,2024-09-12T12:00:00+00:00,2024-09-12T13:00:00+00:00,13,3,Thursday,expand,0.0062940539394470306,1.3168238661806648,0.0035773804661963786,0.5767,4.785850528871157,4.785850528871157,4.785850528871157
1h,2024-09-12T13:00:00+00:00,2024-09-12T14:00:00+00:00,14,3,Thursday,expand,0.007194478658057951,0.14305958087960513,0.0009004247186109203,0.5704,3.278401122019644,3.7342215988779777,3.7342215988779777
1h,2024-09-13T01:00:00+00:00,2024-09-13T02:00:00+00:00,2,4,Friday,contract,0.005863982588893969,-0.041058576496266874,-0.0002510755837610793,0.5578,3.5496593761204607,3.5496593761204607,3.5496593761204607
1h,2024-09-13T04:00:00+00:00,2024-09-13T05:00:00+00:00,5,4,Friday,expand,0.006319631832288645,0.11058310558956341,0.000629259089823947,0.5692,2.33661278988053,2.33661278988053,3.5839775122979574
1h,2024-09-14T04:00:00+00:00,2024-09-14T05:00:00+00:00,5,5,Saturday,contract,0.004399111228513607,-0.04186988621721455,-0.0001922393252702763,0.5764,1.8736988202637113,3.5739070090215237,4.545454545454546
1h,2024-09-14T11:00:00+00:00,2024-09-14T12:00:00+00:00,12,5,Saturday,expand,0.005238983195239155,0.12302618060083725,0.0005739243695969832,0.5867,1.363558888699507,3.050963013465149,3.272541332878813
1h,2024-09-15T07:00:00+00:00,2024-09-15T08:00:00+00:00,8,6,Sunday,contract,0.004468595018302732,-0.04234390098854868,-0.00019758423217714014,0.5883,1.6318204997450367,3.8755736868944486,5.26942036375999
1h,2024-09-15T09:00:00+00:00,2024-09-15T10:00:00+00:00,10,6,Sunday,contract,0.004327513051495723,-0.03972869833968773,-0.0001790394654996707,0.5875,1.3276595744680901,4.9191489361702185,5.106382978723409
1h,2024-09-16T11:00:00+00:00,2024-09-16T12:00:00+00:00,12,0,Monday,contract,0.004491487094806189,-0.04718421076199231,-0.00022242208421586682,0.5706,1.647388713634764,4.731861198738175,4.731861198738175
1h,2024-09-16T16:00:00+00:00,2024-09-16T17:00:00+00:00,17,0,Monday,expand,0.005287000055579279,0.10824276597432747,0.0005163846111092786,0.5788,2.937111264685559,2.937111264685559,3.2135452660677175
1h,2024-09-17T12:00:00+00:00,2024-09-17T13:00:00+00:00,13,1,Tuesday,contract,0.004556273176981647,-0.04292077156366869,-0.00020432870592166415,0.5839,2.2092824113718144,3.0313409830450317,4.058914197636572
1h,2024-09-17T14:00:00+00:00,2024-09-17T15:00:00+00:00,15,1,Tuesday,expand,0.005123521259744386,0.11326355160369483,0.0005212675954042794,0.589,1.5449915110356534,3.0050933786078,4.584040747028867
1h,2024-09-17T23:00:00+00:00,2024-09-18T00:00:00+00:00,0,2,Wednesday,contract,0.004404233988394976,-0.04510117826844107,-0.00020801799910731208,0.5836,1.422206991089783,3.7697052775873923,4.078135709390001
1h,2024-09-18T03:00:00+00:00,2024-09-18T04:00:00+00:00,4,2,Wednesday,contract,0.004514960613873099,-0.04108778418419612,-0.0001934585087594691,0.58,1.1034482758620816,3.4310344827586254,4.982758620689662
1h,2024-09-18T18:00:00+00:00,2024-09-18T19:00:00+00:00,19,2,Wednesday,expand,0.0051173491308685246,0.12103642292310202,0.000552511605317804,0.5767,1.7860239292526594,3.39864747702446,4.074908964799736
1h,2024-09-19T04:00:00+00:00,2024-09-19T05:00:00+00:00,5,3,Thursday,contract,0.004944633295650846,-0.042378234166687845,-0.00021881794581929664,0.5865,1.1764705882352782,2.301790281329935,3.0179028132992407
1h,2024-09-20T22:00:00+00:00,2024-09-20T23:00:00+00:00,23,4,Friday,contract,0.004092997516185628,-0.04646785298073308,-0.00019946134739888977,0.5869,1.2438234792980019,1.3119781904924248,5.63980235133754
1h,2024-09-21T08:00:00+00:00,2024-09-21T09:00:00+00:00,9,5,Saturday,contract,0.0031388191218778678,-0.04312076903648876,-0.00014144762475983876,0.5824,0.4979395604395627,5.236950549450544,5.236950549450544
1h,2024-09-21T16:00:00+00:00,2024-09-21T17:00:00+00:00,17,5,Saturday,expand,0.003966317498615475,0.4000625741635073,0.0011333601924141982,0.6044,2.4156187954996784,3.3256121773659837,4.864328259430837
1h,2024-09-21T17:00:00+00:00,2024-09-21T18:00:00+00:00,18,5,Saturday,expand,0.004497294820142939,0.13387161308009565,0.0005309773215274637,0.6032,1.6578249336870041,2.3043766578249376,3.5809018567639184
1h,2024-09-22T22:00:00+00:00,2024-09-22T23:00:00+00:00,23,6,Sunday,expand,0.005133263344386644,0.13363874746725557,0.0006051335888933359,0.5891,2.121880835172289,2.9536581225598324,2.9536581225598324
1h,2024-09-23T19:00:00+00:00,2024-09-23T20:00:00+00:00,20,0,Monday,contract,0.004137797642284003,-0.04674528763926533,-0.00020290751094492743,0.5874,0.8341845420497133,1.63432073544434,1.8215866530473344
1h,2024-09-23T22:00:00+00:00,2024-09-23T23:00:00+00:00,23,0,Monday,contract,0.0038356929373534842,-0.03922359653923568,-0.00015659176441180445,0.5851,0.8716458725004264,1.6920184583831859,2.016749273628445
1h,2024-09-26T00:00:00+00:00,2024-09-26T01:00:00+00:00,1,3,Thursday,expand,0.0038423727444215836,0.16453946603304237,0.0005428944042752642,0.5769,1.230715895302478,3.3628011787138297,3.518807418963442
1h,2024-09-26T04:00:00+00:00,2024-09-26T05:00:00+00:00,5,3,Thursday,contract,0.003447147229108306,-0.047750622745671656,-0.0001728574791621789,0.5823,1.2021294865189773,2.455778808174496,2.455778808174496
1h,2024-09-27T14:00:00+00:00,2024-09-27T15:00:00+00:00,15,4,Friday,expand,0.003921043483700252,0.12043089641195981,0.0004214581935615162,0.5923,1.384433564072258,1.7052169508694912,6.905284484214088
1h,2024-09-27T21:00:00+00:00,2024-09-27T22:00:00+00:00,22,4,Friday,contract,0.003891174625925585,-0.03969847690624828,-0.00016085958660965816,0.5872,0.5449591280653918,6.573569482288841,6.982288828337881
1h,2024-09-27T22:00:00+00:00,2024-09-27T23:00:00+00:00,23,4,Friday,contract,0.003720376438359468,-0.04389373492213533,-0.00017079818756611694,0.5877,1.0209290454313433,6.738131699846874,6.976348477114181
1h,2024-09-28T00:00:00+00:00,2024-09-28T01:00:00+00:00,1,5,Saturday,contract,0.0034874674391977114,-0.041996546928163125,-0.00015288211070751219,0.5888,0.7472826086956453,6.7255434782608825,6.963315217391311
1h,2024-09-28T01:00:00+00:00,2024-09-28T02:00:00+00:00,2,5,Saturday,contract,0.003331219764969301,-0.04480261879214997,-0.0001562476742284105,0.5898,1.068158697863678,6.951508986096988,6.951508986096988
1h,2024-09-28T04:00:00+00:00,2024-09-28T05:00:00+00:00,5,5,Saturday,contract,0.003169894250596771,-0.0389447739740979,-0.00012845340389206362,0.5897,4.578599287773448,6.9526878073596805,6.9526878073596805
1h,2024-09-28T07:00:00+00:00,2024-09-28T08:00:00+00:00,8,5,Saturday,expand,0.004713140549767169,0.4949950087884336,0.0015605276500179122,0.6075,4.609053497942391,5.004115226337445,6.123456790123458
1h,2024-09-28T08:00:00+00:00,2024-09-28T09:00:00+00:00,9,5,Saturday,expand,0.00531934479621237,0.1286200231128578,0.000606204246445201,0.5993,4.6721174703821164,5.072584682129147,6.207241782079094
1h,2024-09-28T09:00:00+00:00,2024-09-28T10:00:00+00:00,10,5,Saturday,expand,0.006003677310768631,0.12864977563468716,0.0006843325145562615,0.6082,2.8773429792831426,3.271950016441965,4.390003288391986
1h,2024-09-29T15:00:00+00:00,2024-09-29T16:00:00+00:00,16,6,Sunday,expand,0.00885284218119246,0.1823217177780696,0.0013651659860621232,0.6596,2.0012128562765295,4.032747119466337,6.7616737416616095
1h,2024-09-30T09:00:00+00:00,2024-09-30T10:00:00+00:00,10,0,Monday,expand,0.009838123164486437,0.10413095933945549,0.0009278366796548927,0.6338,1.8460082044809156,4.496686651940688,4.496686651940688
1h,2024-09-30T17:00:00+00:00,2024-09-30T18:00:00+00:00,18,0,Monday,contract,0.008466579063893897,-0.044836280470193945,-0.0003974291587610628,0.6205,1.192586623690584,3.6422240128928385,9.250604351329574
1h,2024-09-30T19:00:00+00:00,2024-09-30T20:00:00+00:00,20,0,Monday,contract,0.007741591131622803,-0.0539713132299543,-0.0004416608562786773,0.6224,2.651028277634973,4.161311053984582,9.222365038560413
1h,2024-09-30T20:00:00+00:00,2024-09-30T21:00:00+00:00,21,0,Monday,contract,0.007431477479364036,-0.040058128488860145,-0.00031011365225876684,0.6238,2.6450785508175807,4.151971785828796,9.20166720102597
1h,2024-09-30T21:00:00+00:00,2024-09-30T22:00:00+00:00,22,0,Monday,contract,0.007064943373695174,-0.04932183494959985,-0.00036653410566886164,0.6231,2.503610977371218,4.156636173968871,9.21200449366073
1h,2024-10-01T01:00:00+00:00,2024-10-01T02:00:00+00:00,2,1,Tuesday,contract,0.0072217838321560765,-0.041078442516372604,-0.00030936798708893105,0.6215,1.2067578439259774,9.23572003218021,9.23572003218021
1h,2024-10-01T12:00:00+00:00,2024-10-01T13:00:00+00:00,13,1,Tuesday,contract,0.005653850717462912,-0.04114402925607896,-0.00024260390134330477,0.6291,5.913209346685743,8.361150850421234,8.361150850421234
1h,2024-10-01T13:00:00+00:00,2024-10-01T14:00:00+00:00,14,1,Tuesday,expand,0.006700004237644132,0.1850338065966246,0.0010461535201812195,0.618,7.459546925566348,8.155339805825243,8.398058252427177
1h,2024-10-01T14:00:00+00:00,2024-10-01T15:00:00+00:00,15,1,Tuesday,expand,0.007485718220669554,0.11727066956329235,0.0007857139830254227,0.6105,7.207207207207213,8.255528255528255,8.501228501228491
1h,2024-10-01T15:00:00+00:00,2024-10-01T16:00:00+00:00,16,1,Tuesday,expand,0.008429595490621732,0.12609040871267974,0.0009438772699521779,0.6115,8.242027800490597,8.242027800490597,8.48732624693376
1h,2024-10-01T17:00:00+00:00,2024-10-01T18:00:00+00:00,18,1,Tuesday,expand,0.010494396111811596,0.15791342575680978,0.001431200299091417,0.5966,6.620851491786787,6.620851491786787,8.699296010727446
1h,2024-10-01T18:00:00+00:00,2024-10-01T19:00:00+00:00,19,1,Tuesday,expand,0.011709082103825052,0.11574615433529423,0.0012146859920134558,0.6204,6.366860090264343,6.60863958736298,9.96131528046421
1h,2024-10-02T02:00:00+00:00,2024-10-02T03:00:00+00:00,3,2,Wednesday,contract,0.012074875004562585,-0.046034369867939184,-0.0005826826926586641,0.6042,1.6219794769943778,6.55412115193644,13.5882158225753
1h,2024-10-02T03:00:00+00:00,2024-10-02T04:00:00+00:00,4,2,Wednesday,contract,0.011455241075665255,-0.051315970447991965,-0.0006196339288973302,0.6021,1.6110280684271787,6.743065935891043,13.619000166085362
1h,2024-10-02T08:00:00+00:00,2024-10-02T09:00:00+00:00,9,2,Wednesday,contract,0.009788246014880294,-0.04062448048515044,-0.00041448046268310196,0.601,3.660565723793681,13.111480865224623,15.207986688851921
1h,2024-10-02T21:00:00+00:00,2024-10-02T22:00:00+00:00,22,2,Wednesday,expand,0.012498316636069522,0.1801447265927425,0.0019078217972254216,0.541,4.584103512014774,7.5970425138632,7.5970425138632
1h,2024-10-03T03:00:00+00:00,2024-10-03T04:00:00+00:00,4,3,Thursday,contract,0.012362268873384772,-0.04323505743235323,-0.0005586360671834441,0.5373,4.410943606923496,6.514051740182379,6.514051740182379
1h,2024-10-03T06:00:00+00:00,2024-10-03T07:00:00+00:00,7,3,Thursday,contract,0.011097742243012508,-0.04309750991293537,-0.0004998263263855818,0.5318,5.114704776231666,5.114704776231666,5.114704776231666
1h,2024-10-03T18:00:00+00:00,2024-10-03T19:00:00+00:00,19,3,Thursday,contract,0.010447104968730886,-0.043975280127272476,-0.0004805465360562238,0.5227,1.3965946049359044,2.659269179261531,4.591543906638611
1h,2024-10-03T22:00:00+00:00,2024-10-03T23:00:00+00:00,23,3,Thursday,contract,0.00899601116753235,-0.04018256857268687,-0.00037661624365633445,0.5246,2.4208921082729784,2.649637819290893,4.574914220358373
1h,2024-10-04T03:00:00+00:00,2024-10-04T04:00:00+00:00,4,4,Friday,contract,0.008050513503351649,-0.04516595623332886,-0.0003808087310270408,0.5243,1.583063131794769,4.501239748235735,4.501239748235735
1h,2024-10-04T05:00:00+00:00,2024-10-04T06:00:00+00:00,6,4,Friday,contract,0.007428759092175649,-0.04195088169667094,-0.0003252891609365899,0.5276,1.4215314632297102,4.473085670962843,4.473085670962843
1h,2024-10-04T21:00:00+00:00,2024-10-04T22:00:00+00:00,22,4,Friday,contract,0.005891112358952411,-0.04598051710932738,-0.0002839317199194169,0.5343,0.8422234699607074,1.6470147857009227,1.7780273254725931
1h,2024-10-04T22:00:00+00:00,2024-10-04T23:00:00+00:00,23,4,Friday,contract,0.005634604333312951,-0.043541526626912574,-0.0002565080256394601,0.534,1.423220973782781,1.6479400749063726,1.7790262172284763
1h,2024-10-04T23:00:00+00:00,2024-10-05T00:00:00+00:00,0,5,Saturday,contract,0.0053892754523620235,-0.043539682014669956,-0.0002453288809509272,0.5338,1.6298239040839342,1.6485575121768508,1.779692768827288
1h,2024-10-05T11:00:00+00:00,2024-10-05T12:00:00+00:00,12,5,Saturday,contract,0.004111119835848761,-0.04316696054996505,-0.00018547075660374848,0.5311,0.8284692148371229,1.7887403502165438,1.7887403502165438
1h,2024-10-05T12:00:00+00:00,2024-10-05T13:00:00+00:00,13,5,Saturday,contract,0.003924611276145282,-0.04536685067585078,-0.00018650855970347904,0.5318,1.20345994734862,1.7863858593456305,1.7863858593456305
1h,2024-10-06T07:00:00+00:00,2024-10-06T08:00:00+00:00,8,6,Sunday,contract,0.0033208599363942215,-0.04259864877099251,-0.00014775845664571257,0.531,0.6967984934086697,1.6760828625235438,3.069679849340863
1h,2024-10-08T11:00:00+00:00,2024-10-08T12:00:00+00:00,12,1,Tuesday,contract,0.004001933506963373,-0.04763084584164712,-0.00020014873130487845,0.5311,2.1653172660516034,2.9184710977217225,2.9184710977217225
1h,2024-10-08T17:00:00+00:00,2024-10-08T18:00:00+00:00,18,1,Tuesday,contract,0.004513172786319416,-0.03950553718100769,-0.0001856286758707259,0.5295,1.8885741265344682,1.8885741265344682,1.9452313503304959
1h,2024-10-09T04:00:00+00:00,2024-10-09T05:00:00+00:00,5,2,Wednesday,contract,0.0037258069931444537,-0.04393505664543551,-0.0001712159225495777,0.5334,1.0311211098612787,2.4746906636670394,2.549681289838781
1h,2024-10-09T06:00:00+00:00,2024-10-09T07:00:00+00:00,7,2,Wednesday,contract,0.003466129499190884,-0.039767654097784266,-0.00014354842301467956,0.5316,1.0346124905944434,2.5583145221971515,2.5583145221971515
1h,2024-10-09T20:00:00+00:00,2024-10-09T21:00:00+00:00,21,2,Wednesday,expand,0.003765388061683414,0.1274802892259297,0.0004257393798705045,0.5224,1.1868300153139537,3.3116385911179353,4.632465543644717
1h,2024-10-10T03:00:00+00:00,2024-10-10T04:00:00+00:00,4,3,Thursday,contract,0.0034136276373104785,-0.03926383935305977,-0.00013950981825464883,0.5272,0.6828528072837512,4.191957511380861,4.191957511380861
1h,2024-10-10T04:00:00+00:00,2024-10-10T05:00:00+00:00,5,3,Thursday,contract,0.003262654234645442,-0.04422667575540984,-0.0001509734026650363,0.5274,0.6446719757299884,4.190367842244956,4.190367842244956
1h,2024-10-10T12:00:00+00:00,2024-10-10T13:00:00+00:00,13,3,Thursday,expand,0.0036977951595549854,0.18492396626123253,0.0005770926800342394,0.5375,2.511627906976736,3.869767441860452,3.869767441860452
1h,2024-10-10T13:00:00+00:00,2024-10-10T14:00:00+00:00,14,3,Thursday,expand,0.004255095505301054,0.1507115244894035,0.0005573003457460687,0.5363,1.97650568711541,2.9274659705388655,3.113928771210132
1h,2024-10-10T23:00:00+00:00,2024-10-11T00:00:00+00:00,0,4,Friday,contract,0.004554306008596685,-0.04599247407667817,-0.00021956200066128046,0.5303,1.3200075429002465,2.130869319253249,2.319441825381855
1h,2024-10-11T03:00:00+00:00,2024-10-11T04:00:00+00:00,4,4,Friday,contract,0.004145359587451319,-0.039999255696161806,-0.00017271996826548515,0.535,1.4953271028037396,1.6822429906542071,1.6822429906542071
1h,2024-10-11T05:00:00+00:00,2024-10-11T06:00:00+00:00,6,4,Friday,contract,0.003887070256526906,-0.045108014072211655,-0.00018362078896361211,0.534,1.310861423220975,1.6104868913857566,1.6104868913857566
1h,2024-10-12T05:00:00+00:00,2024-10-12T06:00:00+00:00,6,5,Saturday,contract,0.0025728260589062786,-0.03942685860142703,-0.00010560200453124538,0.5376,0.520833333333338,1.171874999999995,1.469494047619051
1h,2024-10-13T14:00:00+00:00,2024-10-13T15:00:00+00:00,15,6,Sunday,expand,0.0022419849101127593,0.10451861339716939,0.00021215500691440297,0.5282,1.1170011359333618,2.8398333964407447,3.9000378644452978
1h,2024-10-14T03:00:00+00:00,2024-10-14T04:00:00+00:00,4,0,Monday,expand,0.0031225737045892563,0.17607546311560496,0.00046749433041620974,0.5382,0.743218134522483,3.1215161649944325,3.697510219249355
1h,2024-10-14T15:00:00+00:00,2024-10-14T16:00:00+00:00,16,0,Monday,expand,0.0036177658951712724,0.16273033343776433,0.0005063257003714394,0.549,1.1111111111111098,2.6593806921675673,4.444444444444439
1h,2024-10-15T11:00:00+00:00,2024-10-15T12:00:00+00:00,12,1,Tuesday,expand,0.004242651406529683,0.14912037721193516,0.0005505652764207915,0.536,3.376865671641792,3.376865671641792,3.376865671641792
1h,2024-10-15T14:00:00+00:00,2024-10-15T15:00:00+00:00,15,1,Tuesday,expand,0.005331853185184295,0.12988872969085286,0.0006129343703704373,0.5389,2.7463351271107874,2.7463351271107874,3.9524958248283513
1h,2024-10-15T22:00:00+00:00,2024-10-15T23:00:00+00:00,23,1,Tuesday,contract,0.005051693429766514,-0.047178155722226056,-0.0002501302638281992,0.5402,1.166234727878579,2.8507960014809273,3.128470936690099
1h,2024-10-16T00:00:00+00:00,2024-10-16T01:00:00+00:00,1,2,Wednesday,contract,0.0046838581103598965,-0.043720474890292405,-0.0002141429315661537,0.5399,1.0742730135210274,2.8523800703833984,3.1302092980181357
1h,2024-10-16T18:00:00+00:00,2024-10-16T19:00:00+00:00,19,2,Wednesday,contract,0.004041055496506442,-0.04266177698714102,-0.0001800811920389632,0.5482,1.05800802626777,3.8672017511856978,4.578620941262315
1h,2024-10-17T04:00:00+00:00,2024-10-17T05:00:00+00:00,5,3,Thursday,expand,0.0043049733069589115,0.12901099263226135,0.0004919251302339246,0.5591,2.772312645322833,4.489357896619569,4.882847433375065
1h,2024-10-17T05:00:00+00:00,2024-10-17T06:00:00+00:00,6,3,Thursday,expand,0.004768903785033278,0.10776616833475616,0.0004639304780743661,0.5573,1.9558586039834756,3.6784496680423406,4.073210120222491
1h,2024-10-17T22:00:00+00:00,2024-10-17T23:00:00+00:00,23,3,Thursday,contract,0.00490833787966044,-0.050706689594620324,-0.000262179836896961,0.5462,1.3914317099963274,2.526547052361779,2.526547052361779
1h,2024-10-18T04:00:00+00:00,2024-10-18T05:00:00+00:00,5,4,Friday,contract,0.00465311505949183,-0.04504187592050857,-0.00021947038919167827,0.5427,1.971623364658178,2.026902524414964,2.026902524414964
1h,2024-10-19T06:00:00+00:00,2024-10-19T07:00:00+00:00,7,5,Saturday,contract,0.002938034038053768,-0.041123077966465416,-0.00012600261831183061,0.547,0.6764168190127835,1.3893967093235722,1.4076782449725647
1h,2024-10-20T16:00:00+00:00,2024-10-20T17:00:00+00:00,17,6,Sunday,contract,0.002807708675159981,-0.039668274863556396,-0.00011597759039691556,0.5438,0.7723427730783343,2.4457521147480654,3.659433615299748
1h,2024-10-21T06:00:00+00:00,2024-10-21T07:00:00+00:00,7,0,Monday,expand,0.003232412839530114,0.11303734853417069,0.00032827593542075675,0.5483,2.5351085172350944,3.629399963523624,4.012401969724607
1h,2024-10-22T03:00:00+00:00,2024-10-22T04:00:00+00:00,4,1,Tuesday,contract,0.003774180803621572,-0.04243253564360994,-0.00016724467720166452,0.5432,1.21502209131074,3.8659793814433026,3.8659793814433026
1h,2024-10-22T06:00:00+00:00,2024-10-22T07:00:00+00:00,7,1,Tuesday,contract,0.0033694880559608557,-0.0492587045087447,-0.00017457600430468212,0.5443,3.5825831343009296,3.8581664523240895,3.968399779533337
1h,2024-10-22T09:00:00+00:00,2024-10-22T10:00:00+00:00,10,1,Tuesday,expand,0.004266058767837456,0.1312384394535855,0.0004949185563201904,0.5339,1.4984079415620914,1.4984079415620914,2.6596740962727083
1h,2024-10-22T20:00:00+00:00,2024-10-22T21:00:00+00:00,21,1,Tuesday,contract,0.0038337700343344635,-0.04655903152566765,-0.00018721307956418454,0.5333,0.9000562535158497,2.5876617288580603,4.6690418151134505
1h,2024-10-23T16:00:00+00:00,2024-10-23T17:00:00+00:00,17,2,Wednesday,expand,0.00371518699827739,0.13075323561004604,0.00042960100013250636,0.5172,2.47486465583914,4.292343387470997,4.292343387470997
1h,2024-10-23T21:00:00+00:00,2024-10-23T22:00:00+00:00,22,2,Wednesday,contract,0.00391115704422154,-0.043478599001829155,-0.00017778131109396147,0.5231,1.3955266679411151,1.988147581724329,2.0263811890651775
1h,2024-10-24T03:00:00+00:00,2024-10-24T04:00:00+00:00,4,3,Thursday,contract,0.003480662436763954,-0.04193717718281886,-0.00015235864898183833,0.5284,1.0787282361846948,1.797880393641172,1.8357305071915087
1h,2024-10-24T05:00:00+00:00,2024-10-24T06:00:00+00:00,6,3,Thursday,contract,0.0033139385296587186,-0.0404038956841648,-0.00013953373305066645,0.5305,1.7907634307257219,1.8284637134778383,1.8284637134778383
1h,2024-10-25T17:00:00+00:00,2024-10-25T18:00:00+00:00,18,4,Friday,expand,0.0035080370289246247,0.1483653821949933,0.000453227920851949,0.5156,2.0946470131885246,6.633048875096977,6.633048875096977
1h,2024-10-25T18:00:00+00:00,2024-10-25T19:00:00+00:00,19,4,Friday,expand,0.0040288915268585825,0.1484746294407342,0.0005208544979339578,0.5153,1.3390258102076493,6.268193285464776,6.268193285464776
1h,2024-10-25T23:00:00+00:00,2024-10-26T00:00:00+00:00,0,5,Saturday,expand,0.005704059174900909,0.3768499076113332,0.0015612262173153165,0.5017,2.6908511062387905,3.3486147099860433,3.3486147099860433
1h,2024-10-26T01:00:00+00:00,2024-10-26T02:00:00+00:00,2,5,Saturday,contract,0.0057009489824400615,-0.04016082144610744,-0.0002385345371107789,0.5069,1.9530479384494024,2.0122312093114987,2.0122312093114987
1h,2024-10-26T06:00:00+00:00,2024-10-26T07:00:00+00:00,7,5,Saturday,contract,0.004891371806645152,-0.050633204616387095,-0.0002608747543573148,0.5135,0.5452775073028286,1.9279454722492737,2.2200584225900832
1h,2024-10-26T08:00:00+00:00,2024-10-26T09:00:00+00:00,9,5,Saturday,contract,0.004546131812872607,-0.04130256949464617,-0.00019585629329789238,0.5137,0.38933229511388,1.8493284017909408,2.2191940821491287
1h,2024-10-26T09:00:00+00:00,2024-10-26T10:00:00+00:00,10,5,Saturday,contract,0.0043356938262388445,-0.046289459983957504,-0.0002104379866337625,0.514,1.1478599221789916,1.8482490272373666,2.21789883268484
1h,2024-10-26T10:00:00+00:00,2024-10-26T11:00:00+00:00,11,5,Saturday,contract,0.0041260014100789315,-0.04836421218004183,-0.000209692416159913,0.5137,1.6935954837453846,1.8493284017909408,2.2191940821491287
1h,2024-10-26T11:00:00+00:00,2024-10-26T12:00:00+00:00,12,5,Saturday,contract,0.003959858452216153,-0.04026730515819199,-0.00016614295786277888,0.5144,1.8273716951788639,2.2161741835147892,2.2161741835147892
1h,2024-10-26T12:00:00+00:00,2024-10-26T13:00:00+00:00,13,5,Saturday,contract,0.0037484399913435703,-0.053390408627929875,-0.0002114184608725824,0.514,1.7120622568093442,2.21789883268484,2.21789883268484
1h,2024-10-26T18:00:00+00:00,2024-10-26T19:00:00+00:00,19,5,Saturday,contract,0.003625701621743623,-0.04702203717232989,-0.00017890012474951157,0.5118,0.6057053536537693,1.1918718249316127,1.367721766314968
1h,2024-10-26T19:00:00+00:00,2024-10-26T20:00:00+00:00,20,5,Saturday,contract,0.003466722934476218,-0.043847702831914526,-0.00015897868726740504,0.5126,0.62426843542723,1.1900117050331633,1.365587202497075
1h,2024-10-26T21:00:00+00:00,2024-10-26T22:00:00+00:00,22,5,Saturday,contract,0.003268755999624902,-0.03996052286135843,-0.00013605815381730405,0.5132,0.48713951675758904,1.1886204208885414,1.3639906469212795
1h,2024-10-27T05:00:00+00:00,2024-10-27T06:00:00+00:00,6,6,Sunday,contract,0.0026394533140155644,-0.04560073203422499,-0.0001261117933858127,0.5148,0.8352758352758295,1.3597513597513609,1.3791763791763783
1h,2024-10-27T06:00:00+00:00,2024-10-27T07:00:00+00:00,7,6,Sunday,contract,0.002508063791585883,-0.049779066646869596,-0.00013138952242968153,0.5146,0.8938981733385034,1.3602798289933942,1.379712397979012
1h,2024-10-27T07:00:00+00:00,2024-10-27T08:00:00+00:00,8,6,Sunday,contract,0.0023646306636154668,-0.057188787801813135,-0.00014343312797041605,0.5148,0.8935508935508812,1.3791763791763783,1.5734265734265724
1h,2024-10-28T20:00:00+00:00,2024-10-28T21:00:00+00:00,21,0,Monday,contract,0.002788312966476741,-0.0714285714285714,-0.00021448561280590318,0.5172,1.0247486465583857,2.3781902552204133,2.9002320185614874
1h,2024-10-29T09:00:00+00:00,2024-10-29T10:00:00+00:00,10,1,Tuesday,contract,0.002676802664935391,-0.040711040767337,-0.00011360020499503153,0.524,0.7442748091603081,1.8129770992366532,1.8129770992366532
1h,2024-10-29T23:00:00+00:00,2024-10-30T00:00:00+00:00,0,2,Wednesday,contract,0.003034831756685004,-0.04444021388834285,-0.0001411409043603866,0.5286,1.1161558834657408,1.778282255013236,1.778282255013236
1h,2024-10-30T02:00:00+00:00,2024-10-30T03:00:00+00:00,3,2,Wednesday,contract,0.0029818241142262935,-0.0392069162627503,-0.00012167877801740187,0.5253,0.4568817818389623,1.427755568246728,1.4848657909765905
1h,2024-10-30T03:00:00+00:00,2024-10-30T04:00:00+00:00,4,2,Wednesday,contract,0.0028616938203529846,-0.040287518401962985,-0.00012013029387330891,0.526,0.6844106463878418,1.4258555133079966,1.4828897338403095
1h,2024-10-30T04:00:00+00:00,2024-10-30T05:00:00+00:00,5,2,Wednesday,contract,0.0027358585474706277,-0.04397230478934855,-0.00012583527288235682,0.5259,0.9697661152310312,1.4261266400456478,1.483171705647467
1h,2024-10-31T04:00:00+00:00,2024-10-31T05:00:00+00:00,5,3,Thursday,contract,0.0026534657577875257,-0.04043186571139834,-0.00011180505829135002,0.5214,1.3617184503260444,3.7591100882240034,3.8550057537399325
1h,2024-10-31T14:00:00+00:00,2024-10-31T15:00:00+00:00,15,3,Thursday,expand,0.0032030351115252542,0.10325139457579002,0.0002997665298826724,0.5103,2.038016852831661,3.7820889672741496,4.3503821281599055
1h,2024-11-01T02:00:00+00:00,2024-11-01T03:00:00+00:00,3,4,Friday,expand,0.003915348334510642,0.12076773220710968,0.00042189628196072576,0.5109,2.2117831278136575,2.9359953024075187,3.3078880407124736
1h,2024-11-01T15:00:00+00:00,2024-11-01T16:00:00+00:00,16,4,Friday,expand,0.004821714247073693,0.13546637609972656,0.0005752527502250991,0.5163,1.9755955839628099,2.905287623474727,3.1764478016656925
1h,2024-11-01T20:00:00+00:00,2024-11-01T21:00:00+00:00,21,4,Friday,contract,0.004671759809786719,-0.04213823975658959,-0.0002055199853682084,0.5152,1.5722049689440984,1.6692546583851033,1.9409937888198776
1h,2024-11-02T02:00:00+00:00,2024-11-02T03:00:00+00:00,3,5,Saturday,contract,0.004130795482711925,-0.05175236893509172,-0.00022544580636245717,0.5151,0.8347893612890643,1.8443020772665413,3.5527082119976563
1h,2024-11-02T03:00:00+00:00,2024-11-02T04:00:00+00:00,4,5,Saturday,contract,0.003942881519661069,-0.045490986866163485,-0.0001879139630508557,0.5145,0.7968901846452853,1.8075801749271088,3.5179786200194267
1h,2024-11-02T07:00:00+00:00,2024-11-02T08:00:00+00:00,8,5,Saturday,contract,0.0034909501010787066,-0.042026838780631626,-0.000153150007775289,0.513,0.5263157894736912,1.3645224171539971,3.0799220272904444
1h,2024-11-02T11:00:00+00:00,2024-11-02T12:00:00+00:00,12,5,Saturday,contract,0.0030314302852173305,-0.04440904994445005,-0.00014087925270902689,0.5113,1.3299432818306334,3.0510463524349705,3.0510463524349705
1h,2024-11-02T20:00:00+00:00,2024-11-02T21:00:00+00:00,21,5,Saturday,contract,0.0028636619669579755,-0.04277726266848014,-0.00012797399745830733,0.5092,0.6677140612725763,2.71013354281225,3.8688138256087976
1h,2024-11-03T02:00:00+00:00,2024-11-03T03:00:00+00:00,3,6,Sunday,expand,0.0032171661381352637,0.22863570334135308,0.0005986795278357456,0.5003,1.5190885468718762,3.1181291225264847,3.238057165700589
1h,2024-11-03T13:00:00+00:00,2024-11-03T14:00:00+00:00,14,6,Sunday,expand,0.0033674698315897702,0.10423948025632335,0.00031788693603156115,0.4951,1.878408402342967,3.4538477075338214,4.685922035952322
1h,2024-11-04T03:00:00+00:00,2024-11-04T04:00:00+00:00,4,0,Monday,contract,0.003510794966347417,-0.042198264474074265,-0.00015467653587287414,0.5071,0.9662788404653726,2.1691973969631038,3.7665154801814142
1h,2024-11-04T21:00:00+00:00,2024-11-04T22:00:00+00:00,22,0,Monday,expand,0.004000367346305113,0.1555296175215597,0.0005384332810534492,0.4972,2.0313757039420866,4.646017699115058,4.646017699115058
1h,2024-11-05T03:00:00+00:00,2024-11-05T04:00:00+00:00,4,1,Tuesday,contract,0.0038408524257605887,-0.04295130074056208,-0.0001723732635200417,0.5055,2.0969337289812175,2.8486646884273155,6.607319485657763
1h,2024-11-06T02:00:00+00:00,2024-11-06T03:00:00+00:00,3,2,Wednesday,expand,0.004904013507087843,0.12923271317673235,0.0005612297302240105,0.5293,2.6827885887020786,3.079539013791818,4.931040997543929
1h,2024-11-06T11:00:00+00:00,2024-11-06T12:00:00+00:00,12,2,Wednesday,contract,0.005924363037558512,-0.04137812104398919,-0.0002557202336583436,0.5346,1.6835016835016852,9.633370744481855,9.633370744481855
1h,2024-11-07T03:00:00+00:00,2024-11-07T04:00:00+00:00,4,3,Thursday,expand,0.006895371375332507,0.29098539129363754,0.0015542022018974998,0.56,2.24999999999999,3.982142857142854,3.982142857142854
1h,2024-11-08T06:00:00+00:00,2024-11-08T07:00:00+00:00,7,4,Friday,contract,0.004716173303544643,-0.04092475455031397,-0.00020124410027266577,0.5512,1.106676342525398,2.9934687953556005,2.9934687953556005
1h,2024-11-08T09:00:00+00:00,2024-11-08T10:00:00+00:00,10,4,Friday,contract,0.004544691234652904,-0.04284588441914994,-0.00020343778728099116,0.5502,0.9814612868047909,2.9989094874591187,2.9989094874591187
1h,2024-11-08T23:00:00+00:00,2024-11-09T00:00:00+00:00,0,5,Saturday,contract,0.004827704561015945,-0.04018642613672485,-0.0002021311200781509,0.5541,1.6062082656560221,2.3280996210070426,3.4289839379173466
1h,2024-11-09T04:00:00+00:00,2024-11-09T05:00:00+00:00,5,5,Saturday,contract,0.0043735173766386295,-0.0400734037019681,-0.0001825782597414333,0.5477,1.7893007120686564,2.519627533321168,6.390359685959473
1h,2024-11-10T01:00:00+00:00,2024-11-10T02:00:00+00:00,2,6,Sunday,expand,0.004995486844619618,0.17568922122852304,0.0007465010119523411,0.5721,4.282468099982514,8.862087047718923,9.875895822408667
1h,2024-11-10T05:00:00+00:00,2024-11-10T06:00:00+00:00,6,6,Sunday,expand,0.006250598702862896,0.17580213823051527,0.0009345693305490054,0.5852,1.7771701982228236,9.65481886534518,9.65481886534518
1h,2024-11-10T12:00:00+00:00,2024-11-10T13:00:00+00:00,13,6,Sunday,expand,0.007760308252031633,0.2635089499949854,0.0016184378267667925,0.6072,4.067852437417646,9.305006587615283,9.305006587615283
1h,2024-11-10T19:00:00+00:00,2024-11-10T20:00:00+00:00,20,6,Sunday,expand,0.009806549113269654,0.13732910279320154,0.0011841116066715653,0.5963,6.05399966459836,6.07076974677176,6.137850075465382
1h,2024-11-10T21:00:00+00:00,2024-11-10T22:00:00+00:00,22,6,Sunday,expand,0.011489320408890669,0.10107357535717343,0.0010546676608545642,0.5868,2.0449897750511266,4.839809134287658,10.804362644853445
1h,2024-11-10T23:00:00+00:00,2024-11-11T00:00:00+00:00,0,0,Monday,contract,0.010944873209706748,-0.04268955787128215,-0.00048806716997744706,0.5888,2.411684782608694,4.823369565217388,10.767663043478263
1h,2024-11-11T11:00:00+00:00,2024-11-11T12:00:00+00:00,12,0,Monday,contract,0.008994947272772221,-0.0510832182215617,-0.000484226713290176,0.5878,3.4705682204831723,9.867301803334476,21.010547805375985
1h,2024-11-11T20:00:00+00:00,2024-11-11T21:00:00+00:00,21,0,Monday,expand,0.010490931095366187,0.22016999744928634,0.0018930053003564477,0.6196,4.244673983214994,16.510652033570054,23.11168495803744
1h,2024-11-12T00:00:00+00:00,2024-11-12T01:00:00+00:00,1,1,Tuesday,expand,0.011537611490388225,0.1018345605845079,0.0010663375776624497,0.6128,2.349869451697123,17.37924281984333,23.596605744125316
1h,2024-11-12T08:00:00+00:00,2024-11-12T09:00:00+00:00,9,1,Tuesday,expand,0.015833754921456923,0.4326939063896089,0.004782018852195617,0.6863,13.565496138714842,19.758123269707117,19.758123269707117
1h,2024-11-12T09:00:00+00:00,2024-11-12T10:00:00+00:00,10,1,Tuesday,expand,0.018445629569924286,0.16495611189029535,0.0026118746484673633,0.6477,9.248108692295807,20.935618341824906,20.935618341824906
1h,2024-11-12T10:00:00+00:00,2024-11-12T11:00:00+00:00,11,1,Tuesday,expand,0.020678084600643982,0.12102894196464442,0.0022324550307196954,0.6331,7.360606539251299,18.32253988311483,18.32253988311483
1h,2024-11-13T23:00:00+00:00,2024-11-14T00:00:00+00:00,0,3,Thursday,contract,0.022359030305719847,-0.050188575518770095,-0.0011814638696707597,0.6901,3.2893783509636356,10.621649036371544,23.9240689755108
1h,2024-11-14T03:00:00+00:00,2024-11-14T04:00:00+00:00,4,3,Thursday,contract,0.020525733146648906,-0.0396808560742693,-0.0008481333189729948,0.6974,3.1689131058216238,16.80527674218527,23.515916260395763
1h,2024-11-14T04:00:00+00:00,2024-11-14T05:00:00+00:00,5,3,Thursday,contract,0.01970246649331684,-0.040109001098773134,-0.0008232666533320651,0.7004,4.440319817247289,16.733295259851523,23.415191319246148
1h,2024-11-14T05:00:00+00:00,2024-11-14T06:00:00+00:00,6,3,Thursday,contract,0.018766576029508496,-0.04750118286590166,-0.0009358904638083441,0.6972,4.460699942627656,22.446930579460712,23.522662076878948
1h,2024-11-14T14:00:00+00:00,2024-11-14T15:00:00+00:00,15,3,Thursday,expand,0.020873839180905455,0.12862653852810313,0.0023789354476226564,0.7075,10.770318021201405,20.678445229681977,30.28975265017667
1h,2024-11-14T22:00:00+00:00,2024-11-14T23:00:00+00:00,23,3,Thursday,expand,0.029207298398259734,0.10956301291640158,0.0028840539693646312,0.7939,9.812318931855394,20.380400554225965,21.954906159465928
1h,2024-11-16T01:00:00+00:00,2024-11-16T02:00:00+00:00,2,5,Saturday,contract,0.02948667903423386,-0.04075607748528043,-0.0012528214641718376,0.884,11.65158371040725,43.846153846153854,43.846153846153854
1h,2024-11-16T02:00:00+00:00,2024-11-16T03:00:00+00:00,3,5,Saturday,contract,0.028301916246074303,-0.040179593869626884,-0.0011847627881595574,0.8919,10.842022648278956,42.75142953245879,42.75142953245879
1h,2024-11-16T09:00:00+00:00,2024-11-16T10:00:00+00:00,10,5,Saturday,expand,0.033995376019370055,0.10502855770214903,0.0032311249215869163,1.0522,11.224101881771514,24.177912944307163,25.204333776848515
1h,2024-11-16T15:00:00+00:00,2024-11-16T16:00:00+00:00,16,5,Saturday,expand,0.05475868577143127,0.25588529799120363,0.011157024171428366,1.1106,10.994057266342526,18.251395641995327,18.251395641995327
1h,2024-11-17T03:00:00+00:00,2024-11-17T04:00:00+00:00,4,6,Sunday,contract,0.05433656292267553,-0.04117832725175563,-0.00233358176328273,1.0614,8.027133973996625,13.529300923308854,13.529300923308854
1h,2024-11-17T09:00:00+00:00,2024-11-17T10:00:00+00:00,10,6,Sunday,contract,0.050107787311759515,-0.04178789391901028,-0.0021852144085968764,1.0715,10.573961735884293,10.844610359309389,14.484367708819414
1h,2024-11-17T16:00:00+00:00,2024-11-17T17:00:00+00:00,17,6,Sunday,contract,0.04550715301110119,-0.04055651515694603,-0.0019236271547000972,1.0856,5.084745762711857,14.296241709653648,14.296241709653648
1h,2024-11-17T21:00:00+00:00,2024-11-17T22:00:00+00:00,22,6,Sunday,contract,0.03894400243007151,-0.04118057223468108,-0.0016726155715439742,1.0537,9.955395273797095,14.339944955869793,14.339944955869793
1h,2024-11-18T22:00:00+00:00,2024-11-18T23:00:00+00:00,23,0,Monday,contract,0.034441582898926154,-0.04140938047109943,-0.0014878140691481564,1.1257,3.411210802167539,7.106689171182381,7.106689171182381
1h,2024-11-19T11:00:00+00:00,2024-11-19T12:00:00+00:00,12,1,Tuesday,contract,0.026113054676579078,-0.04181138943306928,-0.0011394657443522319,1.1012,4.994551398474406,6.18416273156557,7.591718125681066
1h,2024-11-21T06:00:00+00:00,2024-11-21T07:00:00+00:00,7,3,Thursday,contract,0.02503245512831429,-0.040207283144841566,-0.0010486503944857097,1.111,3.429342934293431,12.943294329432936,30.48604860486049
1h,2024-11-21T18:00:00+00:00,2024-11-21T19:00:00+00:00,19,3,Thursday,expand,0.03143134862466261,0.20768718989834367,0.005405280875025946,1.2092,6.508435329143235,22.626529937148533,28.316242143565994
1h,2024-11-21T19:00:00+00:00,2024-11-21T20:00:00+00:00,20,3,Thursday,expand,0.03480768086575814,0.10741926098730259,0.003376332241095528,1.1725,8.537313432835827,26.515991471215365,28.776119402985085
1h,2024-11-22T01:00:00+00:00,2024-11-22T02:00:00+00:00,2,4,Friday,expand,0.040498790213894874,0.11712962786177172,0.004246246906623466,1.3522,6.862890105014051,11.950894838041707,21.668392249667203
1h,2024-11-22T13:00:00+00:00,2024-11-22T14:00:00+00:00,14,4,Friday,expand,0.04984568267741655,0.13099866529062543,0.005773409024814116,1.4208,6.468186936936927,16.490709459459456,16.490709459459456
1h,2024-11-23T00:00:00+00:00,2024-11-23T01:00:00+00:00,1,5,Saturday,expand,0.052110177683464355,0.17397301668296694,0.0077222940243488886,1.5823,8.986917777918228,13.992289704860017,13.992289704860017
1h,2024-11-23T06:00:00+00:00,2024-11-23T07:00:00+00:00,7,5,Saturday,contract,0.052209591047063866,-0.04071829744354516,-0.0022161223882356806,1.5515,4.1379310344827465,11.7950370609088,11.7950370609088
1h,2024-11-23T16:00:00+00:00,2024-11-23T17:00:00+00:00,17,5,Saturday,expand,0.051696393873330686,0.20149048718223384,0.008669508163589953,1.4624,6.338894967177243,6.338894967177243,16.089989059080953
1h,2024-11-24T01:00:00+00:00,2024-11-24T02:00:00+00:00,2,6,Sunday,contract,0.04540891069637567,-0.04483462953161266,-0.002131454668951975,1.479,5.219743069641645,15.855307640297491,15.855307640297491
1h,2024-11-24T07:00:00+00:00,2024-11-24T08:00:00+00:00,8,6,Sunday,contract,0.03920773455754277,-0.040668920881062,-0.001662133427503286,1.4661,6.213764408976193,12.993656640065474,15.55146306527522
1h,2024-11-24T12:00:00+00:00,2024-11-24T13:00:00+00:00,13,6,Sunday,expand,0.04556357207390099,0.15555595411676193,0.00613357137893069,1.3386,6.880322725235309,12.498132377110414,17.929179740026893
1h,2024-11-25T02:00:00+00:00,2024-11-25T03:00:00+00:00,3,0,Monday,contract,0.04359747942698084,-0.04110798519113146,-0.0018690368789985382,1.3873,6.782959705903544,11.936855762992863,11.936855762992863
1h,2024-11-25T16:00:00+00:00,2024-11-25T17:00:00+00:00,17,0,Monday,expand,0.04957032162631808,0.10936714281566129,0.004886898336437066,1.4718,4.2261176790324795,7.412691941839937,13.738279657562181
1h,2024-11-26T02:00:00+00:00,2024-11-26T03:00:00+00:00,3,1,Tuesday,contract,0.04404803766744926,-0.04271014882758817,-0.001965233666726858,1.4496,2.179911699779239,11.975717439293597,11.975717439293597
1h,2024-11-26T04:00:00+00:00,2024-11-26T05:00:00+00:00,5,1,Tuesday,contract,0.0410541753357088,-0.040028486207158154,-0.0017118596412083742,1.4417,5.5628771589096235,12.02053131719498,12.02053131719498
1h,2024-11-27T18:00:00+00:00,2024-11-27T19:00:00+00:00,19,2,Wednesday,contract,0.03447145693792748,-0.04531623123444406,-0.0016362659183021197,1.4814,3.246928581071961,5.555555555555558,6.237343053867965
1h,2024-11-28T19:00:00+00:00,2024-11-28T20:00:00+00:00,20,3,Thursday,contract,0.025050943909921988,-0.04333246557785886,-0.001134687993070923,1.4794,5.536028119507914,14.769501149114515,21.015276463431118
1h,2024-11-30T00:00:00+00:00,2024-11-30T01:00:00+00:00,1,5,Saturday,expand,0.04540262040379201,0.10876082967150302,0.004453644584323686,1.7852,4.957427739188888,10.178131301814922,10.5870490701322
1h,2024-12-01T07:00:00+00:00,2024-12-01T08:00:00+00:00,8,6,Sunday,contract,0.04178749208531286,-0.04093656992773076,-0.0017836532373317615,1.8736,4.355251921434677,25.90200683176774,33.523697694278404
1h,2024-12-01T19:00:00+00:00,2024-12-01T20:00:00+00:00,20,6,Sunday,expand,0.04875189439306078,0.25418833198172996,0.009880623508226112,2.126,13.08090310442146,19.79774223894638,37.62464722483538
1h,2024-12-01T20:00:00+00:00,2024-12-01T21:00:00+00:00,21,6,Sunday,expand,0.05436247336498501,0.11508432732252594,0.005610578971924227,2.1704,13.518245484703264,16.411721341688164,33.8739402875046
1h,2024-12-01T23:00:00+00:00,2024-12-02T00:00:00+00:00,0,0,Monday,expand,0.06429331413369972,0.20938409239432954,0.011131283528176952,2.2942,9.471711271903052,23.55941068782145,28.763839246796262
1h,2024-12-02T00:00:00+00:00,2024-12-02T01:00:00+00:00,1,0,Monday,expand,0.07073664883843543,0.10021780322813378,0.006443334704735709,2.4242,8.477023347908599,27.22135137364904,27.22135137364904
1h,2024-12-02T01:00:00+00:00,2024-12-02T02:00:00+00:00,2,0,Monday,expand,0.07798403106426147,0.10245583222890953,0.007247382225826035,2.4065,8.132142115104923,27.421566590484105,27.421566590484105
1h,2024-12-02T08:00:00+00:00,2024-12-02T09:00:00+00:00,9,0,Monday,expand,0.09375930714782361,0.13718654234969607,0.011310822527090467,2.2759,8.04956281031679,28.6172503185553,28.6172503185553
1h,2024-12-02T14:00:00+00:00,2024-12-02T15:00:00+00:00,15,0,Monday,expand,0.11179090437642893,0.11948263913663659,0.011931468894120861,2.6185,11.22016421615429,11.22016421615429,24.059576093183114
1h,2024-12-03T11:00:00+00:00,2024-12-03T12:00:00+00:00,12,1,Tuesday,expand,0.1220659252004335,0.13022157111759136,0.014064159599966639,2.8559,22.059595924227036,22.059595924227036,22.059595924227036
1h,2024-12-03T13:00:00+00:00,2024-12-03T14:00:00+00:00,14,1,Tuesday,expand,0.1510160273411901,0.16226393713425513,0.021083382512216142,2.4414,13.258785942492018,16.465962152863117,16.465962152863117
1h,2024-12-03T18:00:00+00:00,2024-12-03T19:00:00+00:00,19,1,Tuesday,contract,0.14919373482699258,-0.04453085750559771,-0.006953364217461011,2.5459,7.6907969676735215,7.6907969676735215,14.297497937860888
1h,2024-12-04T03:00:00+00:00,2024-12-04T04:00:00+00:00,4,2,Wednesday,contract,0.11295322780870527,-0.04751626918832563,-0.005634863677592722,2.5463,4.642029611593287,14.212779326866446,19.868043828299886
1h,2024-12-04T04:00:00+00:00,2024-12-04T05:00:00+00:00,5,2,Wednesday,contract,0.1081494258223692,-0.04252912536923403,-0.004803801986336079,2.5859,4.520669786147965,13.995127421787398,19.56378823620403
1h,2024-12-04T07:00:00+00:00,2024-12-04T08:00:00+00:00,8,2,Wednesday,contract,0.09776909203051935,-0.042827391356161204,-0.004374545540809183,2.623,3.0842546702249405,15.436523065192528,19.287075867327484
1h,2024-12-05T11:00:00+00:00,2024-12-05T12:00:00+00:00,12,3,Thursday,contract,0.08954346330387544,-0.04192848352930323,-0.0039187279464519414,2.4127,4.625523272682063,9.63236208397232,9.63236208397232
1h,2024-12-05T13:00:00+00:00,2024-12-05T14:00:00+00:00,14,3,Thursday,contract,0.08417472090997423,-0.04149685371960399,-0.003644209300767254,2.3728,5.647336480107904,9.794335805799063,9.794335805799063
1h,2024-12-05T17:00:00+00:00,2024-12-05T18:00:00+00:00,18,3,Thursday,contract,0.07991806028503164,-0.039582110204657406,-0.0032936969450024084,2.4218,6.156577752085217,9.08002312329672,9.08002312329672
1h,2024-12-05T21:00:00+00:00,2024-12-05T22:00:00+00:00,22,3,Thursday,contract,0.07284089753750486,-0.044923983866277606,-0.0034262228875003853,2.329,5.7492486045513145,8.115070845856593,8.896522112494624
1h,2024-12-06T03:00:00+00:00,2024-12-06T04:00:00+00:00,4,4,Friday,contract,0.0698027355871738,-0.03897610979827282,-0.002830979660551833,2.311,3.998269147555172,7.511899610558199,11.211596711380361
1h,2024-12-08T21:00:00+00:00,2024-12-08T22:00:00+00:00,22,6,Sunday,contract,0.04271386981874925,-0.039962141251410954,-0.0017779899860576667,2.5745,6.894542629636814,10.790444746552714,23.80268013206448
1h,2024-12-09T00:00:00+00:00,2024-12-09T01:00:00+00:00,1,0,Monday,expand,0.05026099562383092,0.21009015073067183,0.008726077259705305,2.4932,3.3771859457725033,6.918819188191877,20.355366597144243
1h,2024-12-09T05:00:00+00:00,2024-12-09T06:00:00+00:00,6,0,Monday,contract,0.04749758907776348,-0.04691954429538625,-0.0023382760829048777,2.4916,5.474393963718078,19.332958741371005,19.332958741371005
1h,2024-12-09T20:00:00+00:00,2024-12-09T21:00:00+00:00,21,0,Monday,expand,0.05750753448678442,0.14083884224004461,0.0070994204240934985,2.2737,13.735321282491094,13.735321282491094,18.56885253111668
1h,2024-12-09T21:00:00+00:00,2024-12-09T22:00:00+00:00,22,0,Monday,expand,0.07570699630915696,0.3164709108952479,0.018199461822372545,2.2337,9.849129247436998,10.507230156243013,23.051439315933216
1h,2024-12-09T22:00:00+00:00,2024-12-09T23:00:00+00:00,23,0,Monday,expand,0.08471363942993146,0.11896711743779909,0.009006643120774496,2.2151,6.613696898559887,10.595458444314032,23.24500022572345
1h,2024-12-11T03:00:00+00:00,2024-12-11T04:00:00+00:00,4,2,Wednesday,contract,0.09161820120731444,-0.05176382458184248,-0.005001400092870326,2.3004,2.986437141366728,8.059467918622849,8.059467918622849
1h,2024-12-11T06:00:00+00:00,2024-12-11T07:00:00+00:00,7,2,Wednesday,contract,0.08185651896955902,-0.04044803630292659,-0.003450501459196814,2.3259,4.239219226965897,7.971107958209727,8.585923728449202
1h,2024-12-11T19:00:00+00:00,2024-12-11T20:00:00+00:00,20,2,Wednesday,contract,0.06511986633241391,-0.04211449132499856,-0.0028630666409548977,2.4324,2.1912514389080613,5.513073507646774,5.998191086992277
1h,2024-12-11T22:00:00+00:00,2024-12-11T23:00:00+00:00,23,2,Wednesday,contract,0.05844721076250487,-0.045653094053012766,-0.0027959392894234547,2.4326,3.8888432130230943,5.512620241716686,7.304941215160741
1h,2024-12-14T23:00:00+00:00,2024-12-15T00:00:00+00:00,0,6,Sunday,contract,0.032433009473163056,-0.04166951679184405,-0.0014102314979356212,2.3997,2.2336125349001903,2.733675042713667,4.51306413301662
1h,2024-12-15T23:00:00+00:00,2024-12-16T00:00:00+00:00,0,0,Monday,expand,0.031026382721436967,0.13181160560209038,0.0036133551752740647,2.4473,3.411923344093487,5.986188861193972,10.648469742164842
1h,2024-12-16T04:00:00+00:00,2024-12-16T05:00:00+00:00,5,0,Monday,contract,0.029459927633929465,-0.050007387750318655,-0.0015507636641484135,2.3986,1.3466188610022605,10.864671058117242,10.864671058117242
1h,2024-12-16T11:00:00+00:00,2024-12-16T12:00:00+00:00,12,0,Monday,expand,0.028452585906416607,0.10170906151914161,0.0026267241610448584,2.3486,2.4440091969684024,10.436004428169989,16.486417440177128
1h,2024-12-16T16:00:00+00:00,2024-12-16T17:00:00+00:00,17,0,Monday,expand,0.042695584018100995,0.44265016183297967,0.013100339690915314,2.5161,4.006200071539287,6.315329279440405,11.482055562179562
1h,2024-12-17T02:00:00+00:00,2024-12-17T03:00:00+00:00,3,1,Tuesday,contract,0.04079791632820436,-0.04190595878595749,-0.0017844551021695826,2.4822,2.8200789622109355,10.833131899121742,10.833131899121742
1h,2024-12-17T03:00:00+00:00,2024-12-17T04:00:00+00:00,4,1,Tuesday,contract,0.038848065161904054,-0.04779291056470791,-0.0019498511663003093,2.4851,3.746328115568797,10.820490121121882,10.820490121121882
1h,2024-12-17T10:00:00+00:00,2024-12-17T11:00:00+00:00,11,1,Tuesday,expand,0.043670018629006435,0.11978766446337374,0.004671537028537974,2.6433,4.377104377104374,7.853819089774137,9.892936859228989
1h,2024-12-18T20:00:00+00:00,2024-12-18T21:00:00+00:00,21,2,Wednesday,expand,0.0634008183150044,0.17809768628483447,0.009584552437307332,2.3278,5.07775582094683,11.049059197525565,11.594638714666202
1h,2024-12-19T04:00:00+00:00,2024-12-19T05:00:00+00:00,5,3,Thursday,contract,0.06607721137368876,-0.04404412420170856,-0.003044400874899142,2.3351,2.1840606398013,11.558391503575855,11.558391503575855
1h,2024-12-19T17:00:00+00:00,2024-12-19T18:00:00+00:00,18,3,Thursday,expand,0.060565062816306726,0.12091916522253077,0.006533456706437929,2.2462,6.704656753628344,10.1727361766539,17.61196687739293
1h,2024-12-20T03:00:00+00:00,2024-12-20T04:00:00+00:00,4,4,Friday,contract,0.06353053048508008,-0.049302611111619266,-0.0032946561911600253,2.3301,3.939745075318642,16.415604480494395,16.415604480494395
1h,2024-12-20T12:00:00+00:00,2024-12-20T13:00:00+00:00,13,4,Friday,expand,0.0841557074356358,0.16054685360990328,0.011641868658797225,2.1536,6.895430906389295,9.825408618127776,13.02470282317979
1h,2024-12-20T23:00:00+00:00,2024-12-21T00:00:00+00:00,0,5,Saturday,contract,0.06943589614202221,-0.040127386195412784,-0.0029027612416940296,2.2786,2.892126744492235,8.518388484156945,8.518388484156945
1h,2024-12-21T04:00:00+00:00,2024-12-21T05:00:00+00:00,5,5,Saturday,contract,0.05892084117900993,-0.04550930270963438,-0.0028092954753084765,2.3076,3.5794765123938395,8.411336453458146,8.411336453458146
1h,2024-12-22T17:00:00+00:00,2024-12-22T18:00:00+00:00,18,6,Sunday,contract,0.037725669201482695,-0.04073405881933856,-0.0016019745539602032,2.2392,4.52393712040015,5.841371918542348,5.841371918542348
1h,2024-12-23T23:00:00+00:00,2024-12-24T00:00:00+00:00,0,1,Tuesday,contract,0.04092585026454221,-0.04406670686825165,-0.0018866038665032517,2.2611,2.2555393392596397,5.395603909601516,6.058997832913185
1h,2024-12-24T05:00:00+00:00,2024-12-24T06:00:00+00:00,6,1,Tuesday,contract,0.03475785943377447,-0.04734848077243636,-0.001727527648751899,2.2564,1.4093245878390377,5.668321219641903,5.668321219641903
1h,2024-12-24T13:00:00+00:00,2024-12-24T14:00:00+00:00,14,1,Tuesday,expand,0.03380700389434888,0.14094826146819828,0.004176384315819303,2.3224,2.2261453668618607,3.138994143988985,3.8322425077506015
1h,2024-12-24T23:00:00+00:00,2024-12-25T00:00:00+00:00,0,2,Wednesday,contract,0.03120013699097809,-0.04339635321286317,-0.0014153951531521679,2.3224,1.7568033069238695,3.06579400620047,3.1045470203237957
1h,2024-12-25T04:00:00+00:00,2024-12-25T05:00:00+00:00,5,2,Wednesday,contract,0.02721053367605616,-0.039665084758028546,-0.0011238872058504795,2.2913,1.5842534805568793,3.1466852878278635,3.7402348012045414
1h,2024-12-26T08:00:00+00:00,2024-12-26T09:00:00+00:00,9,3,Thursday,expand,0.02747418455358343,0.19477517661312405,0.004478908880493557,2.1864,2.3143066227588824,3.494328576655691,3.5126234906695935
1h,2024-12-28T04:00:00+00:00,2024-12-28T05:00:00+00:00,5,5,Saturday,contract,0.025376770293393656,-0.040644940947527575,-0.0010751361764148905,2.1501,1.1906422957071898,2.4789544672340877,2.6696432724059296
1h,2024-12-29T14:00:00+00:00,2024-12-29T15:00:00+00:00,15,6,Sunday,expand,0.0158080974625603,0.10836275256769357,0.0015455309644184234,2.1617,1.6283480593977016,5.574316510154058,7.739279270944163
1h,2024-12-30T01:00:00+00:00,2024-12-30T02:00:00+00:00,2,0,Monday,expand,0.022790536970305145,0.11985395380063801,0.0024391894638226795,2.1248,3.7650602409638587,6.419427710843367,6.838290662650602
1h,2024-12-30T17:00:00+00:00,2024-12-30T18:00:00+00:00,18,0,Monday,expand,0.03447173374218036,0.10840416302968259,0.0033714050967553616,2.0788,4.603617471618236,6.147777563979225,6.604771983836838
1h,2024-12-30T23:00:00+00:00,2024-12-31T00:00:00+00:00,0,1,Tuesday,contract,0.0342572189139357,-0.04000253571768031,-0.0014274783779950687,2.0579,2.4928324991496136,6.6718499441178,6.6718499441178
1h,2024-12-31T07:00:00+00:00,2024-12-31T08:00:00+00:00,8,1,Tuesday,contract,0.02801091575923682,-0.041360534675529914,-0.00120853198147974,2.0325,3.380073800738017,5.751537515375165,5.751537515375165
1h,2024-12-31T08:00:00+00:00,2024-12-31T09:00:00+00:00,9,1,Tuesday,expand,0.030917278919291347,0.10375823429107744,0.0029063631600545273,2.0661,2.284497362179937,4.539954503654222,4.539954503654222
1h,2024-12-31T11:00:00+00:00,2024-12-31T12:00:00+00:00,12,1,Tuesday,contract,0.028869847589534613,-0.045692496658208404,-0.0013822959684257445,2.0746,3.5669526655740786,4.22732092933577,4.22732092933577
1h,2025-01-01T03:00:00+00:00,2025-01-01T04:00:00+00:00,4,2,Wednesday,contract,0.024699424022742195,-0.04774557837450921,-0.001238417232518635,2.1061,2.3455676368643408,11.955747590332853,17.178671478087466
1h,2025-01-01T15:00:00+00:00,2025-01-01T16:00:00+00:00,16,2,Wednesday,expand,0.02977098020257756,0.12215072936379445,0.0032406938305709447,2.2275,5.8720538720538835,10.81032547699215,10.81032547699215
1h,2025-01-01T18:00:00+00:00,2025-01-01T19:00:00+00:00,19,2,Wednesday,expand,0.037385657254031694,0.10911554054899342,0.003678026365074513,2.3207,2.9861679665618,7.170250355496181,7.170250355496181
1h,2025-01-02T00:00:00+00:00,2025-01-02T01:00:00+00:00,1,3,Thursday,expand,0.04526078770387384,0.15268695338660954,0.005995324022778949,2.3888,2.4531145344943157,3.5833891493637116,3.951774949765584
1h,2025-01-02T08:00:00+00:00,2025-01-02T09:00:00+00:00,9,3,Thursday,contract,0.038562996925089674,-0.04068834876951721,-0.001635615148083809,2.378,1.951219512195131,3.0950378469301887,4.617325483599659
1h,2025-01-02T21:00:00+00:00,2025-01-02T22:00:00+00:00,22,3,Thursday,contract,0.03466184272879687,-0.04119840806038255,-0.0014893725175997713,2.3866,2.25425291209251,3.792005363278305,4.064359339646358
1h,2025-01-03T21:00:00+00:00,2025-01-03T22:00:00+00:00,22,4,Friday,contract,0.02847104578127117,-0.04037143410499777,-0.001197772752405464,2.4534,1.9360886932420267,3.3871362191244785,4.471345887340024
1h,2025-01-04T06:00:00+00:00,2025-01-04T07:00:00+00:00,7,5,Saturday,contract,0.027293110040553892,-0.04287283044616341,-0.0012225469261964474,2.4555,1.1932396660557973,2.5249440032580037,3.705966198330287
1h,2025-01-04T15:00:00+00:00,2025-01-04T16:00:00+00:00,16,5,Saturday,expand,0.025390926737479193,0.12474427448305891,0.00281608255865547,2.4112,0.9870603848706058,2.911413404114145,4.773556735235567
1h,2025-01-06T14:00:00+00:00,2025-01-06T15:00:00+00:00,15,0,Monday,expand,0.025234595122174814,0.16916627022070485,0.003651184990601953,2.4286,2.408795190644816,2.7382030799637653,4.101128222020923
1h,2025-01-07T14:00:00+00:00,2025-01-07T15:00:00+00:00,15,1,Tuesday,expand,0.02753032341650275,0.1473743565571668,0.0035361289679613356,2.394,5.484544695071009,6.069340016708428,6.069340016708428
1h,2025-01-07T15:00:00+00:00,2025-01-07T16:00:00+00:00,16,1,Tuesday,expand,0.03465672888675255,0.2588565837907286,0.0071264054702498,2.3123,3.5808502356960688,4.774466980928073,5.232885006270813
1h,2025-01-09T09:00:00+00:00,2025-01-09T10:00:00+00:00,10,3,Thursday,contract,0.036171591428244096,-0.0401541128333347,-0.0015131993406341457,2.3173,3.784576878263511,4.50524317093169,4.50524317093169
1h,2025-01-10T03:00:00+00:00,2025-01-10T04:00:00+00:00,4,4,Friday,contract,0.03398233750713868,-0.04099039575429009,-0.0014524875005491392,2.2874,2.0503628573926704,5.128093031389339,5.42100201101688
1h,2025-01-10T13:00:00+00:00,2025-01-10T14:00:00+00:00,14,4,Friday,expand,0.030464967769464935,0.12159125228923195,0.0033026947869642317,2.2767,4.475776342952523,5.319102209338086,8.30148899723284
1h,2025-01-10T17:00:00+00:00,2025-01-10T18:00:00+00:00,18,4,Friday,expand,0.03553568420615603,0.10623649552562342,0.003412639676449565,2.3493,2.0303920316690203,2.0303920316690203,8.15136423615545
1h,2025-01-10T23:00:00+00:00,2025-01-11T00:00:00+00:00,0,5,Saturday,contract,0.03174731050458245,-0.04189621174548608,-0.0013882546541986451,2.3411,1.704327025757115,4.826790824825936,11.947375165520485
1h,2025-01-11T04:00:00+00:00,2025-01-11T05:00:00+00:00,5,5,Saturday,contract,0.028406122001208435,-0.0392993851908342,-0.0011620093847083367,2.3334,1.0585411845375916,11.665380989114606,11.871089397445793
1h,2025-01-11T05:00:00+00:00,2025-01-11T06:00:00+00:00,6,5,Saturday,contract,0.027155684715407826,-0.044019992794067875,-0.001250437285800609,2.3316,1.2008920912678,11.691542288557223,11.691542288557223
1h,2025-01-11T16:00:00+00:00,2025-01-11T17:00:00+00:00,17,5,Saturday,expand,0.03364502789045944,0.18554983237622213,0.005265767085349281,2.4744,6.195441319107671,6.389427740058201,6.389427740058201
1h,2025-01-11T20:00:00+00:00,2025-01-11T21:00:00+00:00,21,5,Saturday,expand,0.041084676738322896,0.1046884052331376,0.003893486404744413,2.5919,3.507079748447085,5.162236197384155,5.162236197384155
1h,2025-01-13T06:00:00+00:00,2025-01-13T07:00:00+00:00,7,0,Monday,expand,0.0391403893041253,0.12855190093350388,0.0044584315919903444,2.4561,2.683115508326211,9.173079272016604,9.173079272016604
1h,2025-01-13T14:00:00+00:00,2025-01-13T15:00:00+00:00,15,0,Monday,expand,0.050383011102756656,0.13976383886971555,0.006178229915172535,2.4299,3.2305856208074233,5.703938433680392,7.6217128276883646
1h,2025-01-13T23:00:00+00:00,2025-01-14T00:00:00+00:00,0,1,Tuesday,contract,0.04842383828400774,-0.04667918145730343,-0.00237106448338522,2.5225,1.641228939544116,3.627353815659065,7.536174430128847
1h,2025-01-14T03:00:00+00:00,2025-01-14T04:00:00+00:00,4,1,Tuesday,contract,0.04213652502159377,-0.048359930718833155,-0.0021412711555072184,2.5326,1.6544262812919548,7.506120192687363,14.47524283345179
1h,2025-01-14T04:00:00+00:00,2025-01-14T05:00:00+00:00,5,1,Tuesday,contract,0.040248201805765625,-0.044814403059113994,-0.0018883232158281443,2.5386,1.6505160324588375,7.488379421728518,14.441030489246042
1h,2025-01-14T23:00:00+00:00,2025-01-15T00:00:00+00:00,0,2,Wednesday,contract,0.03649427514829136,-0.041409280840771445,-0.0015764827037147225,2.6668,8.579571021448933,14.51552422378882,20.635218239088047
1h,2025-01-15T01:00:00+00:00,2025-01-15T02:00:00+00:00,2,2,Wednesday,expand,0.04377108418398592,0.20480606240296173,0.007440685832001068,2.7928,3.4947006588370058,11.590518476081355,17.434116299054708
1h,2025-01-15T15:00:00+00:00,2025-01-15T16:00:00+00:00,16,2,Wednesday,expand,0.06795083791056375,0.1616876188489511,0.00945762785303357,2.9705,4.608651742130948,11.082309375525996,17.438141726981986
1h,2025-01-16T00:00:00+00:00,2025-01-16T01:00:00+00:00,1,3,Thursday,expand,0.08411991337811187,0.15259625168779278,0.011136929740145227,2.9996,3.350446726230158,14.025203360448064,14.025203360448064
1h,2025-01-16T05:00:00+00:00,2025-01-16T06:00:00+00:00,6,3,Thursday,contract,0.07534497716334579,-0.04675775122129178,-0.003695767474103509,3.0531,4.002489273197729,12.377583439782512,12.377583439782512
1h,2025-01-16T12:00:00+00:00,2025-01-16T13:00:00+00:00,13,3,Thursday,expand,0.08346654754592743,0.10706056760775495,0.008071804034928631,3.3383,6.629122607315109,7.186292424287812,7.186292424287812
1h,2025-01-17T01:00:00+00:00,2025-01-17T02:00:00+00:00,2,4,Friday,contract,0.08294370427417978,-0.0396715655288733,-0.0034264387903215204,3.2791,2.2933121893202313,5.495410326004077,5.495410326004077
1h,2025-01-17T04:00:00+00:00,2025-01-17T05:00:00+00:00,5,4,Friday,contract,0.07676735360436329,-0.03970905319690088,-0.003174411815720271,3.3068,3.665174791339058,5.449377041248328,5.449377041248328
1h,2025-01-17T10:00:00+00:00,2025-01-17T11:00:00+00:00,11,4,Friday,contract,0.06771439707356779,-0.04118759706009212,-0.0029087997748898364,3.2908,3.5918317734289493,4.691868238726142,8.238118390664887
1h,2025-01-17T22:00:00+00:00,2025-01-17T23:00:00+00:00,23,4,Friday,contract,0.058502693059699455,-0.040501092674303796,-0.0024694379276692102,3.2679,3.0845497108234645,8.020441261972527,8.020441261972527
1h,2025-01-18T05:00:00+00:00,2025-01-18T06:00:00+00:00,6,5,Saturday,expand,0.06469114276480484,0.10746831263316592,0.006277604402707325,3.0938,3.1223737798177007,6.215657120692997,7.689572693774653
1h,2025-01-18T12:00:00+00:00,2025-01-18T13:00:00+00:00,13,5,Saturday,contract,0.06398326791628879,-0.04024996705241901,-0.0026833283012529796,3.1669,3.656572673592462,5.09646657614702,8.149925794941431
1h,2025-01-19T22:00:00+00:00,2025-01-19T23:00:00+00:00,23,6,Sunday,expand,0.0703921006993222,0.2077472606410038,0.01210829994620597,3.0475,9.440525020508616,17.32895816242823,17.77194421657097
1h,2025-01-19T23:00:00+00:00,2025-01-20T00:00:00+00:00,0,0,Monday,expand,0.08091409350651348,0.149476897303231,0.01052199280719128,2.9555,7.643376755202174,15.7908983251565,15.7908983251565
1h,2025-01-20T17:00:00+00:00,2025-01-20T18:00:00+00:00,18,0,Monday,expand,0.10734633125486695,0.18539301026160748,0.01678874374962562,3.1359,4.289039829076184,5.934500462387199,6.958130042412066
1h,2025-01-21T10:00:00+00:00,2025-01-21T11:00:00+00:00,11,1,Tuesday,contract,0.07924249868678286,-0.04171414699947362,-0.003449422975906377,3.1044,2.3160675170725376,5.215178456384477,5.215178456384477
1h,2025-01-21T20:00:00+00:00,2025-01-21T21:00:00+00:00,21,1,Tuesday,contract,0.06242131367875466,-0.04374426589829605,-0.0028554856675965037,3.1974,1.882779758553826,3.7718145993619827,4.997810721210989
1h,2025-01-21T22:00:00+00:00,2025-01-21T23:00:00+00:00,23,1,Tuesday,contract,0.05775817352913031,-0.039966240685263,-0.0024044748868561755,3.1698,2.1136980251119857,3.8046564452015916,5.041327528550702
1h,2025-01-22T05:00:00+00:00,2025-01-22T06:00:00+00:00,6,2,Wednesday,contract,0.04547365548897402,-0.04146645483332623,-0.001967204268382594,3.1604,1.5820782179470896,5.056321984558922,5.727123148968486
1h,2025-01-22T09:00:00+00:00,2025-01-22T10:00:00+00:00,10,2,Wednesday,contract,0.04073331618129389,-0.043933546095918485,-0.0018717935524072207,3.1696,3.536723876829894,5.0416456335184305,6.486622917718324
1h,2025-01-22T19:00:00+00:00,2025-01-22T20:00:00+00:00,20,2,Wednesday,expand,0.04915736184139969,0.1427793283774117,0.006141741396815406,3.2248,4.226618705035968,7.026792359216072,7.767923592160759
1h,2025-01-24T11:00:00+00:00,2025-01-24T12:00:00+00:00,12,4,Friday,contract,0.03970936802521947,-0.0403571496654469,-0.0016699513865553253,3.1968,2.1208708708708732,3.828828828828824,3.9946196196196175
1h,2025-01-25T07:00:00+00:00,2025-01-25T08:00:00+00:00,8,5,Saturday,contract,0.027366601101968393,-0.03933385384358146,-0.0011205077770744636,3.1072,1.3098609680741562,2.2013388259526265,2.2528321318228577
1h,2025-01-25T09:00:00+00:00,2025-01-25T10:00:00+00:00,10,5,Saturday,contract,0.025614059113431932,-0.039556344397034704,-0.001054927624110167,3.0973,1.6691957511380835,2.208375036321958,2.260032931908431
1h,2025-01-26T23:00:00+00:00,2025-01-27T00:00:00+00:00,0,0,Monday,expand,0.022139178933164978,0.20498692697972842,0.00376621700514115,3.0198,3.2055102986952777,12.987615073845946,13.653222067686604
1h,2025-01-27T00:00:00+00:00,2025-01-27T01:00:00+00:00,1,0,Monday,expand,0.02550780900936746,0.1521569560629099,0.0033686300762024828,2.9878,2.570453176250083,12.681571725015054,14.980922417832518
1h,2025-01-27T06:00:00+00:00,2025-01-27T07:00:00+00:00,7,0,Monday,expand,0.03916721362334885,0.15868521109354217,0.005364060490511607,2.8559,7.9659651948597645,14.42977695297455,17.602156938268145
1h,2025-01-27T07:00:00+00:00,2025-01-27T08:00:00+00:00,8,0,Monday,expand,0.05261955550739537,0.3434592517458821,0.013452341884046516,2.8087,4.108662370491676,12.151529177199413,15.37010004628475
1h,2025-01-29T06:00:00+00:00,2025-01-29T07:00:00+00:00,7,2,Wednesday,contract,0.042739057628621055,-0.046898031363551196,-0.0021030044329708453,3.1158,1.8069195712176582,5.443224853970087,5.443224853970087
1h,2025-01-29T19:00:00+00:00,2025-01-29T20:00:00+00:00,20,2,Wednesday,expand,0.04694554189684556,0.25050213645617836,0.009404189084858038,3.0711,3.2756992608511615,3.2756992608511615,3.8585523102471444
1h,2025-01-30T02:00:00+00:00,2025-01-30T03:00:00+00:00,3,3,Thursday,contract,0.04570769374091223,-0.04116084604344683,-0.00196213028776248,3.1085,1.0776902042785939,2.303361750040216,2.306578735724622
1h,2025-01-30T04:00:00+00:00,2025-01-30T05:00:00+00:00,5,3,Thursday,contract,0.042325001235786586,-0.03916004637785364,-0.0017250000950604846,3.1259,1.0013116222527874,2.29054032438658,2.6360408202437635
1h,2025-01-30T06:00:00+00:00,2025-01-30T07:00:00+00:00,7,3,Thursday,contract,0.038624618412489445,-0.0528622103448434,-0.0021557398778837902,3.1199,0.9391326645084812,2.2949453508125295,2.641110291996532
1h,2025-01-30T11:00:00+00:00,2025-01-30T12:00:00+00:00,12,3,Thursday,contract,0.03263970600833811,-0.045313172191120854,-0.0015492081544875719,3.1012,2.3087836966335646,2.3603766284019065,3.121372371985038
1h,2025-01-31T18:00:00+00:00,2025-01-31T19:00:00+00:00,19,4,Friday,expand,0.026730503048559888,0.12667338315076315,0.0030053459193415365,3.0297,1.571112651417635,4.2281414001386235,4.2281414001386235
1h,2025-02-01T09:00:00+00:00,2025-02-01T10:00:00+00:00,10,5,Saturday,expand,0.028503061616315883,0.17243527643830037,0.004192072183360297,2.9735,1.4629224819236546,6.046746258617781,6.228350428787625
1h,2025-02-02T16:00:00+00:00,2025-02-02T17:00:00+00:00,17,6,Sunday,expand,0.05544942574915795,0.10323141135750036,0.005188505711603238,2.711,8.554039099963113,35.71744743637034,35.71744743637034
1h,2025-02-02T17:00:00+00:00,2025-02-02T18:00:00+00:00,18,6,Sunday,expand,0.0664816096242181,0.1989593891371848,0.011032183875060157,2.5744,8.510720944686144,37.11544437538844,37.11544437538844
1h,2025-02-02T19:00:00+00:00,2025-02-02T20:00:00+00:00,20,6,Sunday,expand,0.07974230625761665,0.12680290401767325,0.008973668749414118,2.6672,10.08548290341932,35.82408518296341,38.081133773245355
1h,2025-02-02T22:00:00+00:00,2025-02-02T23:00:00+00:00,23,6,Sunday,expand,0.08902534506121859,0.10828262565563307,0.008698050379906272,2.5818,31.80339298164072,31.80339298164072,39.34077000542258
1h,2025-02-03T00:00:00+00:00,2025-02-03T01:00:00+00:00,1,0,Monday,expand,0.11293562915992826,0.24473477109404662,0.022204951603082418,2.3941,27.191846622948084,37.56735307631259,42.704983083413396
1h,2025-02-03T01:00:00+00:00,2025-02-03T02:00:00+00:00,2,0,Monday,expand,0.1355187985056477,0.19996496689046972,0.022583169345719425,2.0973,26.529347255995795,44.34749439755877,48.7483907881562
1h,2025-02-03T02:00:00+00:00,2025-02-03T03:00:00+00:00,3,0,Monday,expand,0.15508174146953,0.1443559357048685,0.019562942963882307,2.1517,10.345308360830987,26.560394106985193,30.85002556118419
1h,2025-02-03T09:00:00+00:00,2025-02-03T10:00:00+00:00,10,0,Monday,contract,0.14552575804889686,-0.04383275270562714,-0.006671212157607409,2.3707,5.002741806217585,24.465347787573297,24.465347787573297
1h,2025-02-04T03:00:00+00:00,2025-02-04T04:00:00+00:00,4,1,Tuesday,contract,0.10393033851062163,-0.04131789990843093,-0.004479256808509358,2.7198,9.500698580777996,9.500698580777996,11.35745275387896
1h,2025-02-05T03:00:00+00:00,2025-02-05T04:00:00+00:00,4,2,Wednesday,contract,0.07685359460773367,-0.040852091730324,-0.0032733534313641316,2.5047,2.2397891963109458,9.0190441969098,9.0190441969098
1h,2025-02-05T04:00:00+00:00,2025-02-05T05:00:00+00:00,5,2,Wednesday,contract,0.07337119499289556,-0.04531212407971974,-0.003482399614838108,2.5062,2.238448647354571,9.013646157529317,9.013646157529317
1h,2025-02-05T08:00:00+00:00,2025-02-05T09:00:00+00:00,9,2,Wednesday,contract,0.06541169825572908,-0.04030375605000314,-0.0027470537119791832,2.5143,2.7920295907409542,8.984608041999751,8.984608041999751
1h,2025-02-05T10:00:00+00:00,2025-02-05T11:00:00+00:00,11,2,Wednesday,contract,0.06117896431233784,-0.043280074889683995,-0.0027676126394106104,2.5174,2.8879002145070216,8.973544132835457,8.973544132835457
1h,2025-02-06T05:00:00+00:00,2025-02-06T06:00:00+00:00,6,3,Thursday,contract,0.05025258464885387,-0.04018679178139806,-0.0021040449729887653,2.4329,2.145587570389248,8.011015660323075,8.011015660323075
1h,2025-02-07T02:00:00+00:00,2025-02-07T03:00:00+00:00,3,4,Friday,contract,0.050158497801272454,-0.04181881635714413,-0.002189115215482526,2.3579,4.601552228678072,11.69684889096231,11.69684889096231
1h,2025-02-07T13:00:00+00:00,2025-02-07T14:00:00+00:00,14,4,Friday,expand,0.05401905047919374,0.11297101536882437,0.005483149963138957,2.4859,5.19329015648257,7.751719699102953,7.751719699102953
1h,2025-02-08T04:00:00+00:00,2025-02-08T05:00:00+00:00,5,5,Saturday,contract,0.0476041748406592,-0.043883822511014414,-0.0021849365262045783,2.3668,2.2773364880851807,3.6673990197735242,6.64187933074193
1h,2025-02-08T17:00:00+00:00,2025-02-08T18:00:00+00:00,18,5,Saturday,contract,0.03637106093178729,-0.04033137510769136,-0.00152854314859905,2.4192,1.2524801587301584,4.340277777777777,5.295138888888902
1h,2025-02-09T03:00:00+00:00,2025-02-09T04:00:00+00:00,4,6,Sunday,expand,0.033114096703453964,0.10126930486181451,0.0030450694843496724,2.502,2.322142286171065,5.119904076738623,7.837729816147081
1h,2025-02-09T21:00:00+00:00,2025-02-09T22:00:00+00:00,22,6,Sunday,expand,0.03464864189935669,0.18291711128806276,0.00535779677697255,2.3338,5.184677350244256,6.748650269946019,6.748650269946019
1h,2025-02-09T22:00:00+00:00,2025-02-09T23:00:00+00:00,23,6,Sunday,expand,0.03815231033511695,0.10111993555006604,0.0035036684357602627,2.3704,4.800877489031401,6.340701991225113,6.340701991225113
1h,2025-02-10T07:00:00+00:00,2025-02-10T08:00:00+00:00,8,0,Monday,contract,0.03984602535805619,-0.042064286288330366,-0.0017496942583120345,2.4039,2.192270893132002,2.978493281750493,5.3205208203336385
1h,2025-02-10T18:00:00+00:00,2025-02-10T19:00:00+00:00,19,0,Monday,contract,0.036053315077340456,-0.03965466119175742,-0.0014887165444107883,2.4374,1.5262164601624642,4.972511692787414,5.7479281201280195
1h,2025-02-10T21:00:00+00:00,2025-02-10T22:00:00+00:00,22,0,Monday,contract,0.033115391116952254,-0.039524273658249065,-0.0013627223936117025,2.4261,2.4689831416677093,4.995672066279231,6.516631631012743
1h,2025-02-11T03:00:00+00:00,2025-02-11T04:00:00+00:00,4,1,Tuesday,contract,0.02970803681419749,-0.04902098817282163,-0.0015313874472459785,2.4401,3.6269005368632534,6.479242653989596,6.479242653989596
1h,2025-02-12T13:00:00+00:00,2025-02-12T14:00:00+00:00,14,2,Wednesday,expand,0.03434973212016459,0.2452626539116174,0.006765405221525772,2.387,5.345622119815656,6.610808546292414,6.610808546292414
1h,2025-02-13T02:00:00+00:00,2025-02-13T03:00:00+00:00,3,3,Thursday,contract,0.03184731874907862,-0.04065997456765169,-0.0013497937499291277,2.4709,2.217815370917469,2.946294872313731,7.721882714800287
1h,2025-02-13T10:00:00+00:00,2025-02-13T11:00:00+00:00,11,3,Thursday,contract,0.02786016510506142,-0.039157623476828496,-0.0011353973157739485,2.4456,2.330716388616306,7.801766437684016,14.814360484134784
1h,2025-02-13T22:00:00+00:00,2025-02-13T23:00:00+00:00,23,3,Thursday,expand,0.0367260262400332,0.17780046684733897,0.005544151827689758,2.5263,2.8223093060998266,11.273403792107024,13.06653999920832
1h,2025-02-14T08:00:00+00:00,2025-02-14T09:00:00+00:00,9,4,Friday,expand,0.044288990462554585,0.230129175904223,0.008285462272111195,2.6938,4.139134308411906,5.820773628331727,5.820773628331727
1h,2025-02-17T15:00:00+00:00,2025-02-17T16:00:00+00:00,16,0,Monday,expand,0.03558135425002781,0.11315099264459794,0.003616818903844028,2.6447,2.106098990433692,5.482663440087723,6.046054372896735
1h,2025-02-21T15:00:00+00:00,2025-02-21T16:00:00+00:00,16,4,Friday,expand,0.03692349149266697,0.2561348105317087,0.0075289621928717985,2.6118,5.348801592771267,5.348801592771267,5.348801592771267
1h,2025-02-22T03:00:00+00:00,2025-02-22T04:00:00+00:00,4,5,Saturday,contract,0.03527723285370339,-0.044537640606735374,-0.001644402527207954,2.5706,1.0853497237998837,1.731113358748938,2.8281335096864626
1h,2025-02-22T05:00:00+00:00,2025-02-22T06:00:00+00:00,6,5,Saturday,contract,0.03265383853201976,-0.041011375064055056,-0.001396449117847677,2.5816,1.1659436008676796,1.723737217229633,2.8160830492717777
1h,2025-02-22T06:00:00+00:00,2025-02-22T07:00:00+00:00,7,5,Saturday,contract,0.031057135779732632,-0.04889785777318123,-0.0015967027522871269,2.584,1.2035603715170413,1.7221362229102248,2.8134674922600698
1h,2025-02-22T09:00:00+00:00,2025-02-22T10:00:00+00:00,10,5,Saturday,contract,0.027968413742008962,-0.04181865298414511,-0.0012206472109237525,2.5814,0.8599984504532338,2.8163012318896805,2.8163012318896805
1h,2025-02-22T11:00:00+00:00,2025-02-22T12:00:00+00:00,12,5,Saturday,contract,0.02611256082856896,-0.04396964974728379,-0.0012009662175822312,2.5869,0.8195137036607479,2.810313502647965,2.810313502647965
1h,2025-02-22T14:00:00+00:00,2025-02-22T15:00:00+00:00,15,5,Saturday,contract,0.02379252774794679,-0.04416789687723344,-0.0010994252113805149,2.5818,1.158106747230616,2.8158649004570537,2.8158649004570537
1h,2025-02-22T22:00:00+00:00,2025-02-22T23:00:00+00:00,23,5,Saturday,contract,0.01988773368769655,-0.04112229634066089,-0.0008529025913612785,2.5802,1.809937214169443,2.5036818851251836,3.1857995504224412
1h,2025-02-23T06:00:00+00:00,2025-02-23T07:00:00+00:00,7,6,Sunday,contract,0.01859296846684347,-0.03893800310366369,-0.0007533052666802743,2.5644,1.4428326314147528,3.205428170332235,6.687724223990017
1h,2025-02-23T19:00:00+00:00,2025-02-23T20:00:00+00:00,20,6,Sunday,contract,0.02102618801702098,-0.040461699309798926,-0.0008866298474631482,2.551,1.6268130145041197,7.103096824774599,9.219913759310067
1h,2025-02-24T03:00:00+00:00,2025-02-24T04:00:00+00:00,4,0,Monday,expand,0.026479587658228356,0.14777695861013695,0.003409262487828569,2.4884,2.459411670149491,5.019289503295282,11.786690242726246
1h,2025-02-24T22:00:00+00:00,2025-02-24T23:00:00+00:00,23,0,Monday,expand,0.047167343061901845,0.16608130122159181,0.006717896687546014,2.2637,5.508680478862051,11.998056279542354,13.301232495472012
1h,2025-02-25T00:00:00+00:00,2025-02-25T01:00:00+00:00,1,1,Tuesday,expand,0.05384837233398681,0.11260997098844361,0.005450125205077955,2.3054,3.6219311182441185,11.494751453110094,13.060640235967725
1h,2025-02-25T07:00:00+00:00,2025-02-25T08:00:00+00:00,8,1,Tuesday,expand,0.06404622730899355,0.14470912275266712,0.008096444053154357,2.1503,6.896712086685573,14.00269729805143,14.00269729805143
1h,2025-02-26T03:00:00+00:00,2025-02-26T04:00:00+00:00,4,2,Wednesday,contract,0.060557229510148684,-0.04657523677821118,-0.0029582484238575915,2.3102,2.6707644359795726,7.6963033503592735,7.6963033503592735
1h,2025-02-27T07:00:00+00:00,2025-02-27T08:00:00+00:00,8,3,Thursday,contract,0.04555736793644438,-0.04090241141447437,-0.0019428744566495834,2.2221,2.4796363800008967,5.031276720219617,12.34417892984114
1h,2025-02-28T01:00:00+00:00,2025-02-28T02:00:00+00:00,2,4,Friday,expand,0.044287427553645675,0.14683077808738343,0.005670197880488816,2.0815,5.419168868604372,10.16574585635359,10.646168628392976
1h,2025-03-01T03:00:00+00:00,2025-03-01T04:00:00+00:00,4,5,Saturday,contract,0.040437655086023684,-0.04128494131761351,-0.001741358083540298,2.1831,2.574320919792956,4.47986807750446,6.69231826302048
1h,2025-03-01T14:00:00+00:00,2025-03-01T15:00:00+00:00,15,5,Saturday,contract,0.032186765941221746,-0.03945405200235652,-0.0013220589185555104,2.146,1.2954333643988838,6.961789375582478,7.6141658900279685
1h,2025-03-01T20:00:00+00:00,2025-03-01T21:00:00+00:00,21,5,Saturday,contract,0.028106291373861926,-0.0394499517547392,-0.0011543301056816807,2.1697,2.1385444992395155,6.281974466516102,38.954694197354456
1h,2025-03-02T15:00:00+00:00,2025-03-02T16:00:00+00:00,16,6,Sunday,expand,0.06028969882250541,1.178000522978215,0.032608484705961116,2.5972,15.905590636069613,15.905590636069613,18.519944555675337
1h,2025-03-02T16:00:00+00:00,2025-03-02T17:00:00+00:00,17,6,Sunday,expand,0.08549043462089788,0.417994056871708,0.025200735798392472,2.8466,8.069275627063874,14.05536429424577,15.74861237968103
1h,2025-03-03T04:00:00+00:00,2025-03-03T05:00:00+00:00,5,0,Monday,contract,0.08189670128730824,-0.05115325162252349,-0.004415130868254513,2.8092,8.86373344724477,17.154349992880537,21.757083867293183
1h,2025-03-03T05:00:00+00:00,2025-03-03T06:00:00+00:00,6,0,Monday,contract,0.07781122262392907,-0.04988575362817815,-0.004085478663379161,2.8125,10.243555555555556,18.47466666666667,21.408
1h,2025-03-03T23:00:00+00:00,2025-03-04T00:00:00+00:00,0,1,Tuesday,contract,0.08890385391610198,-0.03923995072858166,-0.0036310656858540152,2.386,8.742665549036047,13.097233864207878,13.667225481978198
1h,2025-03-04T04:00:00+00:00,2025-03-04T05:00:00+00:00,5,1,Tuesday,contract,0.08374587398864919,-0.046877862075569876,-0.004118913383742234,2.2911,3.875867487233206,10.370564357732095,11.038365850464837
1h,2025-03-04T07:00:00+00:00,2025-03-04T08:00:00+00:00,8,1,Tuesday,contract,0.07848807767968738,-0.04348611496407562,-0.0035683136676682853,2.3198,4.815070264678005,10.798344684886617,10.87162686438485
1h,2025-03-04T12:00:00+00:00,2025-03-04T13:00:00+00:00,13,1,Tuesday,contract,0.0707671500824139,-0.040935684439362574,-0.003020550006339537,2.3491,10.08471329445319,10.736026563364682,10.736026563364682
1h,2025-03-04T14:00:00+00:00,2025-03-04T15:00:00+00:00,15,1,Tuesday,expand,0.08178034879555075,0.1708319387332513,0.011932280861880695,2.3652,8.007779468966683,9.779299847793,9.779299847793
1h,2025-03-04T23:00:00+00:00,2025-03-05T00:00:00+00:00,0,2,Wednesday,contract,0.07698979670927786,-0.052619073572922725,-0.004276138208405958,2.4532,4.365726398173813,5.397032447415624,5.397032447415624
1h,2025-03-05T04:00:00+00:00,2025-03-05T05:00:00+00:00,5,2,Wednesday,contract,0.07036747261107335,-0.043164797851981795,-0.003174420970082553,2.4507,3.5704084547272354,5.365813849104354,5.724894927979774
1h,2025-03-05T05:00:00+00:00,2025-03-05T06:00:00+00:00,6,2,Wednesday,contract,0.06730551028171096,-0.043513888104040555,-0.003061962329362386,2.4312,4.351760447515645,5.408851595919726,6.038170450806197
1h,2025-03-05T07:00:00+00:00,2025-03-05T08:00:00+00:00,8,2,Wednesday,contract,0.062405771620454874,-0.04564950943230739,-0.0029850593554196017,2.4458,3.880121023795912,5.0004088641753235,5.625971052416385
1h,2025-03-05T22:00:00+00:00,2025-03-05T23:00:00+00:00,23,2,Wednesday,contract,0.047184810613153036,-0.043333373115528206,-0.0021372931240886822,2.5077,3.1423216493201025,7.018383379192095,7.018383379192095
1h,2025-03-05T23:00:00+00:00,2025-03-06T00:00:00+00:00,0,3,Thursday,contract,0.045185895569356364,-0.04236352796209941,-0.0019989150437966716,2.498,3.1545236188951242,7.045636509207371,7.045636509207371
1h,2025-03-06T07:00:00+00:00,2025-03-06T08:00:00+00:00,8,3,Thursday,contract,0.039780434552579944,-0.041303962163386165,-0.001713879580967713,2.5109,5.412401927595679,5.412401927595679,10.824803855191377
1h,2025-03-07T00:00:00+00:00,2025-03-07T01:00:00+00:00,1,4,Friday,expand,0.06157803672636079,0.3018770907050057,0.014278612559510732,2.406,5.652535328345788,7.709891936824595,9.368246051537824
1h,2025-03-07T06:00:00+00:00,2025-03-07T07:00:00+00:00,7,4,Friday,contract,0.0565048827275849,-0.04299927475590215,-0.002538837132891124,2.4858,3.5159707136535405,9.067503419422321,9.759433582750018
1h,2025-03-07T08:00:00+00:00,2025-03-07T09:00:00+00:00,9,4,Friday,contract,0.052138393780417555,-0.042030836863252596,-0.002287568752339826,2.5132,2.848957504376877,8.968645551488144,9.653031991087058
1h,2025-03-07T10:00:00+00:00,2025-03-07T11:00:00+00:00,11,4,Friday,contract,0.0501019823922988,-0.0451557384003316,-0.002369383260946073,2.5395,2.736759204567833,8.682811577082116,9.38767473912189
1h,2025-03-07T16:00:00+00:00,2025-03-07T17:00:00+00:00,17,4,Friday,expand,0.05746116859378709,0.10150878976411692,0.005295294723554847,2.4309,5.59052202887819,8.527705787979762,9.531449257476655
1h,2025-03-08T02:00:00+00:00,2025-03-08T03:00:00+00:00,3,5,Saturday,contract,0.0594194082925182,-0.05124153476198279,-0.00320918525327063,2.3595,2.093663911845725,3.1277813095994853,3.1277813095994853
1h,2025-03-08T06:00:00+00:00,2025-03-08T07:00:00+00:00,7,5,Saturday,contract,0.05194473709502843,-0.05187218738246291,-0.0028419028534637097,2.3578,2.349647976927649,3.0876240563236905,3.0876240563236905
1h,2025-03-08T07:00:00+00:00,2025-03-08T08:00:00+00:00,8,5,Saturday,contract,0.049534398731097815,-0.046401974458376904,-0.002410338363930613,2.3606,2.8170804032873002,2.8170804032873002,2.8170804032873002
1h,2025-03-08T10:00:00+00:00,2025-03-08T11:00:00+00:00,11,5,Saturday,contract,0.04586478644760276,-0.040650847102708276,-0.0019434451113540252,2.3391,2.7403702278654105,2.7403702278654105,5.326835107519969
1h,2025-03-09T04:00:00+00:00,2025-03-09T05:00:00+00:00,5,6,Sunday,contract,0.03259121109703771,-0.040733868676560925,-0.0013839393151567347,2.3282,1.4732411304870716,11.240443260888252,11.240443260888252
1h,2025-03-09T13:00:00+00:00,2025-03-09T14:00:00+00:00,14,6,Sunday,expand,0.03493576579705145,0.10556026795822993,0.0033357103233037366,2.1677,5.415878580984472,6.306223185865215,8.234534299026624
1h,2025-03-10T05:00:00+00:00,2025-03-10T06:00:00+00:00,6,0,Monday,contract,0.04113531049708271,-0.04232727395216873,-0.0018181008074678942,2.1934,5.999817634722357,12.273183185921404,16.627154189842255
1h,2025-03-10T09:00:00+00:00,2025-03-10T10:00:00+00:00,10,0,Monday,expand,0.04717602569520981,0.14512536708668966,0.005978767254214645,2.181,3.787253553415874,15.093993580926188,15.093993580926188
1h,2025-03-11T00:00:00+00:00,2025-03-11T01:00:00+00:00,1,1,Tuesday,expand,0.0637917225776625,0.12114397953594125,0.006892944417102892,1.9532,9.364120417775961,13.372926479623187,15.891869752201515
1h,2025-03-11T22:00:00+00:00,2025-03-11T23:00:00+00:00,23,1,Tuesday,contract,0.05136611880363982,-0.04731759805998892,-0.0025512399079723053,2.1932,3.9303301112529563,6.164508480758698,6.625022797738453
1h,2025-03-12T20:00:00+00:00,2025-03-12T21:00:00+00:00,21,2,Wednesday,contract,0.04889459604995233,-0.04391324758595494,-0.0022457381576886162,2.2283,1.853430866579889,6.022528384867383,6.062917919490195
1h,2025-03-13T21:00:00+00:00,2025-03-13T22:00:00+00:00,22,3,Thursday,contract,0.042662858050615635,-0.03892503215486964,-0.0017279121577396597,2.2368,2.0475679542203076,5.226216022889832,7.032367668097271
1h,2025-03-14T04:00:00+00:00,2025-03-14T05:00:00+00:00,5,4,Friday,contract,0.03660549077049597,-0.047451137465901794,-0.0018234992900381802,2.2925,1.823336968375129,4.793893129770978,8.545256270447108
1h,2025-03-14T11:00:00+00:00,2025-03-14T12:00:00+00:00,12,4,Friday,contract,0.0316733701453071,-0.04316104331942161,-0.0014287207804082325,2.315,4.0172786177105815,5.784017278617716,7.732181425485973
1h,2025-03-15T09:00:00+00:00,2025-03-15T10:00:00+00:00,10,5,Saturday,contract,0.03142330613853585,-0.039102042589061914,-0.0012787158568104695,2.4099,2.307149674260347,3.1910037760903025,4.830075936760864
1h,2025-03-15T17:00:00+00:00,2025-03-15T18:00:00+00:00,18,5,Saturday,contract,0.02713786350743311,-0.040360851701758405,-0.0011413741159564117,2.4165,1.2952617421891115,3.480240016552859,6.339747568797847
1h,2025-03-15T21:00:00+00:00,2025-03-15T22:00:00+00:00,22,5,Saturday,contract,0.024540176479482402,-0.04530783019167062,-0.0011646289599601956,2.4122,1.6458005140535545,6.147914766603096,6.147914766603096
1h,2025-03-16T06:00:00+00:00,2025-03-16T07:00:00+00:00,7,6,Sunday,contract,0.021699507588070148,-0.04469968078989339,-0.001015346737543877,2.3881,2.2235249780159836,5.117038649972776,5.117038649972776
1h,2025-03-16T11:00:00+00:00,2025-03-16T12:00:00+00:00,12,6,Sunday,expand,0.025220621933750274,0.13062363168776403,0.002913798312788436,2.2972,2.3637471704683968,3.909106738638337,4.396656799582098
1h,2025-03-19T13:00:00+00:00,2025-03-19T14:00:00+00:00,14,2,Wednesday,expand,0.0405180771055524,0.7601656874891882,0.017498609453419064,2.5208,4.4985718819422384,5.994128847984767,5.994128847984767
1h,2025-03-20T02:00:00+00:00,2025-03-20T03:00:00+00:00,3,3,Thursday,contract,0.04715014261098024,-0.04181656889472252,-0.0020577032777677196,2.4933,2.627040468455465,5.205951951229291,5.205951951229291
1h,2025-03-20T03:00:00+00:00,2025-03-20T04:00:00+00:00,4,3,Thursday,contract,0.0448679895673388,-0.04840182695672224,-0.0022821530436414397,2.4836,2.2749234981478588,5.226284425833464,5.226284425833464
1h,2025-03-21T04:00:00+00:00,2025-03-21T05:00:00+00:00,5,4,Friday,contract,0.031657313291061466,-0.04158643237708515,-0.0013736394839277827,2.424,1.7656765676567727,2.883663366336637,2.883663366336637
1h,2025-03-22T03:00:00+00:00,2025-03-22T04:00:00+00:00,4,5,Saturday,contract,0.023914827905624197,-0.040180682022153635,-0.0010011406081249473,2.388,1.2018425460636588,2.1189279731993382,2.428810720268
1h,2025-03-23T11:00:00+00:00,2025-03-23T12:00:00+00:00,12,6,Sunday,expand,0.014722566479318537,0.10366656308351119,0.0013828795015908956,2.4041,1.235389542864276,3.0323197870304974,3.826795890353982
1h,2025-03-24T14:00:00+00:00,2025-03-24T15:00:00+00:00,15,0,Monday,expand,0.0208892015175599,0.11638616926257472,0.0021777537294184607,2.4665,1.2973849584431394,2.882627204540845,2.882627204540845
1h,2025-03-26T06:00:00+00:00,2025-03-26T07:00:00+00:00,7,2,Wednesday,contract,0.019710573136124947,-0.0404817567193092,-0.0008315825489326779,2.4546,0.9492381650778261,5.756538743583484,5.9928297889676525
1h,2025-03-26T10:00:00+00:00,2025-03-26T11:00:00+00:00,11,2,Wednesday,contract,0.018283847338110833,-0.039922822340693664,-0.0007602959490854502,2.4624,3.090480831708895,5.847953216374256,5.847953216374256
1h,2025-03-27T03:00:00+00:00,2025-03-27T04:00:00+00:00,4,3,Thursday,contract,0.0223897257737873,-0.04177602764989807,-0.000976132751829787,2.3764,1.1824608651742232,3.3159400774280514,3.362228581046975
1h,2025-03-27T22:00:00+00:00,2025-03-27T23:00:00+00:00,23,3,Thursday,contract,0.02313450813333596,-0.041234314381463966,-0.0009949621641027855,2.3486,1.8691986715490008,7.502341820659122,8.40074938261091
1h,2025-03-28T04:00:00+00:00,2025-03-28T05:00:00+00:00,5,4,Friday,expand,0.02599259410786522,0.10247237600529524,0.0024159542993949755,2.2739,2.67821803949163,5.466379348256294,6.5614143102159295
1h,2025-03-31T21:00:00+00:00,2025-03-31T22:00:00+00:00,22,0,Monday,contract,0.033633696385343664,-0.046937712301922785,-0.0016564381834879571,2.0885,2.0253770648791,6.598036868565953,6.598036868565953
1h,2025-03-31T22:00:00+00:00,2025-03-31T23:00:00+00:00,23,0,Monday,contract,0.03228843235781913,-0.03999750762187271,-0.001345264027524537,2.0821,2.2285192834157925,6.61831804428221,6.61831804428221
1h,2025-04-01T04:00:00+00:00,2025-04-01T05:00:00+00:00,5,1,Tuesday,contract,0.028809977719823975,-0.04222072138250732,-0.0012699982861403246,2.1019,4.296113040582332,5.409391502925909,5.609210714115783
1h,2025-04-01T08:00:00+00:00,2025-04-01T09:00:00+00:00,9,1,Tuesday,expand,0.0313294219506428,0.15145257183145566,0.004120813696104415,2.1694,3.7844565317599157,5.029040287637123,6.23674748778464
1h,2025-04-02T15:00:00+00:00,2025-04-02T16:00:00+00:00,16,2,Wednesday,expand,0.031023247828619826,0.1115598423008406,0.0031135963208753885,2.1718,2.2746109218159996,11.538815728888485,12.72216594529883
1h,2025-04-02T20:00:00+00:00,2025-04-02T21:00:00+00:00,21,2,Wednesday,expand,0.037155351297137616,0.24690459866938474,0.007357280669450957,2.1253,6.897849715334309,7.8765350774008365,8.10709076365689
1h,2025-04-02T22:00:00+00:00,2025-04-02T23:00:00+00:00,23,2,Wednesday,expand,0.0437298692306952,0.1568320741785103,0.005928471597638853,2.0163,3.580816346773795,6.144918910876352,6.144918910876352
1h,2025-04-03T03:00:00+00:00,2025-04-03T04:00:00+00:00,4,3,Thursday,contract,0.039564102822247635,-0.04345213702984241,-0.001797238678634433,2.062,2.516973811833164,6.00872938894277,6.00872938894277
1h,2025-04-03T09:00:00+00:00,2025-04-03T10:00:00+00:00,10,3,Thursday,contract,0.033260761430631336,-0.040733742751384305,-0.0014123662638947238,2.0417,4.084831268060926,5.6668462555713335,7.126414262624271
1h,2025-04-03T12:00:00+00:00,2025-04-03T13:00:00+00:00,13,3,Thursday,expand,0.03582062422124528,0.10429345557788983,0.0033830289060580443,1.9727,3.4166370963653945,6.07796421148679,7.37567800476503
1h,2025-04-03T22:00:00+00:00,2025-04-03T23:00:00+00:00,23,3,Thursday,contract,0.03434479200029473,-0.04480868254710468,-0.0016111378461764955,2.0564,2.0424042015172055,7.182454775335535,7.182454775335535
1h,2025-04-04T09:00:00+00:00,2025-04-04T10:00:00+00:00,10,4,Friday,contract,0.028638860077886522,-0.040312154386828,-0.0012029892367605086,2.093,7.056856187290967,7.056856187290967,7.056856187290967
1h,2025-04-04T13:00:00+00:00,2025-04-04T14:00:00+00:00,14,4,Friday,expand,0.03875634846638164,0.1990620309284976,0.006434127041047594,2.1181,3.5739577923610724,3.7155941645814643,4.6692790708653975
1h,2025-04-04T22:00:00+00:00,2025-04-04T23:00:00+00:00,23,4,Friday,contract,0.03618855677533873,-0.04153810874558872,-0.001568350521179901,2.1352,1.2785687523416953,2.941176470588244,2.941176470588244
1h,2025-04-05T02:00:00+00:00,2025-04-05T03:00:00+00:00,3,5,Saturday,contract,0.03134809116150688,-0.04420561093037467,-0.0014498531662697836,2.1201,1.268808075090815,2.9621244280930235,2.9621244280930235
1h,2025-04-05T03:00:00+00:00,2025-04-05T04:00:00+00:00,4,5,Saturday,contract,0.02980179893568496,-0.049326519367809185,-0.001546292225821918,2.1166,1.1858641217046264,2.881980534819992,2.881980534819992
1h,2025-04-05T04:00:00+00:00,2025-04-05T05:00:00+00:00,5,5,Saturday,contract,0.02857309901170746,-0.04122905220014239,-0.001228699923977502,2.1185,1.0384706160018995,2.8793957989143233,2.8793957989143233
1h,2025-04-05T22:00:00+00:00,2025-04-05T23:00:00+00:00,23,5,Saturday,contract,0.020359590593298553,-0.04184705490806784,-0.000889199276407588,2.1339,1.4152490744646058,5.332958432916252,11.874970710904918
1h,2025-04-06T14:00:00+00:00,2025-04-06T15:00:00+00:00,15,6,Sunday,expand,0.021150000511191893,0.11360874311764202,0.0021576922683698464,2.0919,5.640805009799699,22.897844065203877,22.897844065203877
1h,2025-04-06T18:00:00+00:00,2025-04-06T19:00:00+00:00,19,6,Sunday,expand,0.02507333831216554,0.12893389145675793,0.0028635893606026516,1.9945,5.189270493858107,19.83955878666332,19.83955878666332
1h,2025-04-06T20:00:00+00:00,2025-04-06T21:00:00+00:00,21,6,Sunday,expand,0.028528031503857038,0.1160783807594199,0.002967074499703317,1.9473,6.917270066245573,19.67852924562214,20.109895753094037
1h,2025-04-06T22:00:00+00:00,2025-04-06T23:00:00+00:00,23,6,Sunday,expand,0.033358353694652246,0.0992141050826596,0.0030108958696421356,1.9157,4.760661899044734,20.441614031424553,20.441614031424553
1h,2025-04-07T03:00:00+00:00,2025-04-07T04:00:00+00:00,4,0,Monday,expand,0.0435448448160523,0.10773416285643767,0.0042350119372267445,1.8223,12.297645832190089,21.48932667508095,21.48932667508095
1h,2025-04-07T06:00:00+00:00,2025-04-07T07:00:00+00:00,7,0,Monday,expand,0.05524089798136548,0.1907881528865285,0.008850700155279577,1.6546,9.887586123534401,21.413030339659148,21.413030339659148
1h,2025-04-08T02:00:00+00:00,2025-04-08T03:00:00+00:00,3,1,Tuesday,contract,0.05766253090522044,-0.04052672025906301,-0.0024355793004015858,1.9109,3.4015385420482462,8.87016589041814,13.27123345020671
1h,2025-04-08T03:00:00+00:00,2025-04-08T04:00:00+00:00,4,1,Tuesday,contract,0.05537949298341898,-0.03959309253272414,-0.0022830379218014563,1.9031,3.7517734223109613,8.906520939519742,13.325626609216542
1h,2025-04-08T04:00:00+00:00,2025-04-08T05:00:00+00:00,5,1,Tuesday,contract,0.053066672056031904,-0.04176312932441528,-0.002312820927387077,1.9151,3.7282648425669627,8.850712756514032,13.242128348389121
1h,2025-04-08T07:00:00+00:00,2025-04-08T08:00:00+00:00,8,1,Tuesday,contract,0.0489040373568156,-0.03958573780380592,-0.002015695181293513,1.8662,6.440895938270286,10.620512270924882,13.589111563605188
1h,2025-04-09T17:00:00+00:00,2025-04-09T18:00:00+00:00,18,2,Wednesday,expand,0.056901241597798045,0.3313408907712678,0.014161442954015523,2.0692,4.20935627295573,5.741349313744443,8.152909336941818
1h,2025-04-09T22:00:00+00:00,2025-04-09T23:00:00+00:00,23,2,Wednesday,contract,0.05332347942183913,-0.0412479877088574,-0.002294113801679945,2.0654,3.132565120557771,4.880410574222922,7.296407475549545
1h,2025-04-10T08:00:00+00:00,2025-04-10T09:00:00+00:00,9,3,Thursday,contract,0.04099001989570988,-0.04101430455960131,-0.0017530784535161464,1.988,3.395372233400408,6.317907444668015,6.317907444668015
1h,2025-04-10T22:00:00+00:00,2025-04-10T23:00:00+00:00,23,3,Thursday,contract,0.03706086545687038,-0.04359458698452201,-0.0016892973428361963,1.9681,3.0537066205985375,4.415426045424519,5.985468218078345
1h,2025-04-11T03:00:00+00:00,2025-04-11T04:00:00+00:00,4,4,Friday,contract,0.03396746002052301,-0.0447111056818259,-0.0015898046169633001,1.9996,1.13522704540909,4.015803160632117,4.015803160632117
1h,2025-04-11T04:00:00+00:00,2025-04-11T05:00:00+00:00,5,4,Friday,contract,0.03264121287619994,-0.03904463694140681,-0.00132624714432307,2.0083,1.6680774784643657,3.9984066125578757,3.9984066125578757
1h,2025-04-12T05:00:00+00:00,2025-04-12T06:00:00+00:00,6,5,Saturday,contract,0.021696727894334602,-0.03916390317556817,-0.0008843636841795663,2.0317,2.0770783088054237,7.599547177240728,7.599547177240728
1h,2025-04-12T13:00:00+00:00,2025-04-12T14:00:00+00:00,14,5,Saturday,expand,0.0267810337779645,0.36512305637069753,0.007162997401695032,2.1513,2.802956351973237,2.802956351973237,6.103286384976524
1h,2025-04-12T23:00:00+00:00,2025-04-13T00:00:00+00:00,0,6,Sunday,contract,0.024490303409478057,-0.04065006550613426,-0.0010377156468829168,2.1588,1.8389846210857814,5.632758940151934,7.726514730405774
1h,2025-04-13T09:00:00+00:00,2025-04-13T10:00:00+00:00,10,6,Sunday,expand,0.02762449981158804,0.10892778437618889,0.0027135000144932267,2.2291,5.114171638777977,7.482840608317251,7.482840608317251
1h,2025-04-13T19:00:00+00:00,2025-04-13T20:00:00+00:00,20,6,Sunday,expand,0.03335504698127927,0.10202781892178825,0.0030880733091323415,2.119,3.0108541764983516,4.681453515809331,4.681453515809331
1h,2025-04-15T08:00:00+00:00,2025-04-15T09:00:00+00:00,9,1,Tuesday,contract,0.022939780290220275,-0.04404383820453972,-0.0010569061761707965,2.1539,1.8942383583267535,5.580574771345006,6.987325316867081
1h,2025-04-16T17:00:00+00:00,2025-04-16T18:00:00+00:00,18,2,Wednesday,expand,0.029498130300893027,0.1720854956371396,0.00433091305377745,2.0517,3.2607106302090934,3.2607106302090934,3.2607106302090934
1h,2025-04-16T22:00:00+00:00,2025-04-16T23:00:00+00:00,23,2,Wednesday,contract,0.030168887022166125,-0.04357580473769174,-0.0013745297709358388,2.0987,1.6534044884928742,2.5158431409920405,3.0018582932291498
1h,2025-04-17T10:00:00+00:00,2025-04-17T11:00:00+00:00,11,3,Thursday,contract,0.0215785949381426,-0.03963910267567994,-0.0008906611490878749,2.094,2.4785100286533086,3.433619866284637,3.433619866284637
1h,2025-04-19T12:00:00+00:00,2025-04-19T13:00:00+00:00,13,5,Saturday,contract,0.011888840216116442,-0.039696103135720584,-0.0004914492473935689,2.0817,1.373877119661813,1.4747562088677497,2.728539174712973
1h,2025-04-20T19:00:00+00:00,2025-04-20T20:00:00+00:00,20,6,Sunday,expand,0.012796532324889583,0.1190938088502016,0.0013618052057777236,2.08,1.5240384615384537,3.908653846153832,3.937500000000004
1h,2025-04-21T00:00:00+00:00,2025-04-21T01:00:00+00:00,1,0,Monday,expand,0.015686302352638064,0.16788267743336993,0.0022548998190278346,2.1018,1.1323627367018767,2.792844228756303,3.896660005709396
1h,2025-04-22T05:00:00+00:00,2025-04-22T06:00:00+00:00,6,1,Tuesday,contract,0.017005346929078815,-0.039975475606504496,-0.0007081036099291366,2.078,1.9441770933589988,8.835418671799797,8.835418671799797
1h,2025-04-22T15:00:00+00:00,2025-04-22T16:00:00+00:00,16,1,Tuesday,expand,0.02121303481473594,0.14293190341323947,0.0026528434757895313,2.1542,1.4715439606350311,5.8026181413053575,7.52019311113174
1h,2025-04-22T21:00:00+00:00,2025-04-22T22:00:00+00:00,22,1,Tuesday,expand,0.02662655028956377,0.2638952788500346,0.005559496131572014,2.2388,2.166339110237637,4.81507950687869,4.9982133285688715
1h,2025-04-24T13:00:00+00:00,2025-04-24T14:00:00+00:00,14,3,Thursday,expand,0.02850981049358334,0.14272235358463847,0.0035607838081858773,2.1804,3.84791781324529,3.84791781324529,3.84791781324529
1h,2025-04-25T20:00:00+00:00,2025-04-25T21:00:00+00:00,21,4,Friday,contract,0.021813487807485703,-0.0445215132875354,-0.0010164221390373644,2.1925,1.108323831242863,3.3477765108323796,3.3477765108323796
1h,2025-04-25T22:00:00+00:00,2025-04-25T23:00:00+00:00,23,4,Friday,contract,0.02088203795645449,-0.043284939295624825,-0.0009447721504965041,2.1846,1.3000091549940485,3.359882816076165,3.359882816076165
1h,2025-04-26T06:00:00+00:00,2025-04-26T07:00:00+00:00,7,5,Saturday,expand,0.020032512331266395,0.10510054751400855,0.001905191359133352,2.2173,2.3632345645605017,3.0081630812249127,4.171740404997061
1h,2025-04-26T17:00:00+00:00,2025-04-26T18:00:00+00:00,18,5,Saturday,contract,0.0178461707081139,-0.04701721275134407,-0.0008804746698549346,2.1993,0.7911608238985269,2.2097940253717083,5.219842677215468
1h,2025-04-27T01:00:00+00:00,2025-04-27T02:00:00+00:00,2,6,Sunday,expand,0.017864109014248435,0.1491155856900781,0.002318145460442395,2.1606,0.9488105155975278,5.220772007775619,6.326946218642961
1h,2025-04-27T11:00:00+00:00,2025-04-27T12:00:00+00:00,12,6,Sunday,contract,0.013743230168705623,-0.04563564018631472,-0.000657171551438903,2.1795,4.496444138563885,5.593025923376906,8.708419362239045
1h,2025-04-27T12:00:00+00:00,2025-04-27T13:00:00+00:00,13,6,Sunday,expand,0.01976157087094093,0.43791311273673683,0.006018340702235307,2.2142,1.7116791617740064,3.744015897389575,6.810586216240641
1h,2025-04-28T07:00:00+00:00,2025-04-28T08:00:00+00:00,8,0,Monday,expand,0.0259775171415667,0.10584166693958585,0.0024863448352641024,2.334,2.4635818337617867,4.910025706940885,4.910025706940885
1h,2025-04-28T23:00:00+00:00,2025-04-29T00:00:00+00:00,0,1,Tuesday,contract,0.02298521140369218,-0.04440525753812574,-0.00106809318489939,2.2941,1.665141013905226,2.227453031689984,4.066954361187382
1h,2025-04-29T07:00:00+00:00,2025-04-29T08:00:00+00:00,8,1,Tuesday,contract,0.020790183475633033,-0.041460054542830194,-0.0008992448827409953,2.2848,1.3130252100840445,3.6545868347338897,4.271708683473385
1h,2025-04-29T19:00:00+00:00,2025-04-29T20:00:00+00:00,20,1,Tuesday,contract,0.018349205559601338,-0.03965236143208817,-0.0007576311968923964,2.2914,3.251287422536441,3.8666317535131367,7.563061883564644
1h,2025-04-30T12:00:00+00:00,2025-04-30T13:00:00+00:00,13,2,Wednesday,expand,0.02087137006599096,0.1786654051893024,0.0031637407641545642,2.1923,3.302467727956941,4.456506864936373,5.651598777539566
1h,2025-04-30T13:00:00+00:00,2025-04-30T14:00:00+00:00,14,2,Wednesday,expand,0.02455198648984875,0.1763476193570639,0.0036806164238577903,2.126,2.9162746942615163,4.520225776105356,5.752587017873925
1h,2025-05-01T00:00:00+00:00,2025-05-01T01:00:00+00:00,1,3,Thursday,contract,0.02325537624590451,-0.04017895229887558,-0.0009734904804541804,2.1956,1.1158680998360442,2.919475314264885,2.919475314264885
1h,2025-05-01T01:00:00+00:00,2025-05-01T02:00:00+00:00,2,3,Thursday,contract,0.02222999222833991,-0.044092342636046555,-0.0010253840175645998,2.2007,1.0587540328077374,2.9127095924024093,2.9127095924024093
1h,2025-05-03T07:00:00+00:00,2025-05-03T08:00:00+00:00,8,5,Saturday,contract,0.012998788562433401,-0.0430323805041114,-0.0005845221971102731,2.2023,1.0897697861326803,1.8299050992144676,1.9888298596921428
1h,2025-05-05T07:00:00+00:00,2025-05-05T08:00:00+00:00,8,0,Monday,contract,0.016974409882901536,-0.04158416258960729,-0.0007364930679155321,2.1759,2.945907440599284,4.320051472953714,4.954271795578826
1h,2025-05-07T11:00:00+00:00,2025-05-07T12:00:00+00:00,12,2,Wednesday,contract,0.015861694103315692,-0.04784593756282951,-0.0007970533925627417,2.1417,1.115935938740244,3.87075687537937,5.397581360601398
1h,2025-05-08T15:00:00+00:00,2025-05-08T16:00:00+00:00,16,3,Thursday,expand,0.021338882151937723,0.13021737037950998,0.002458547526774029,2.2427,2.1848664556115365,5.827796852008721,9.06050742408703
1h,2025-05-08T20:00:00+00:00,2025-05-08T21:00:00+00:00,21,3,Thursday,expand,0.025559291833089307,0.12052978734676922,0.002749285243608523,2.3115,2.2885572139303365,6.441704520873882,6.441704520873882
1h,2025-05-09T08:00:00+00:00,2025-05-09T09:00:00+00:00,9,4,Friday,expand,0.032595029224053274,0.16529137625930534,0.00462345929045746,2.3677,4.0334501837225964,4.531824133124971,4.531824133124971
1h,2025-05-09T20:00:00+00:00,2025-05-09T21:00:00+00:00,21,4,Friday,contract,0.033588004110996446,-0.0441913035155429,-0.0015529233931535838,2.3588,1.8272002713243987,4.548923181278615,5.03645921655078
1h,2025-05-11T00:00:00+00:00,2025-05-11T01:00:00+00:00,1,6,Sunday,expand,0.03148358787272792,0.14655679297204927,0.004024339394405552,2.4261,2.386546308890815,4.632950002060923,4.632950002060923
1h,2025-05-11T05:00:00+00:00,2025-05-11T06:00:00+00:00,6,6,Sunday,contract,0.03027406436311651,-0.03923978606564715,-0.001236466489470487,2.404,2.6663893510815235,3.207154742096494,3.6231281198003313
1h,2025-05-12T07:00:00+00:00,2025-05-12T08:00:00+00:00,8,0,Monday,expand,0.02991652403335899,0.10164388330437335,0.00276026738204933,2.4128,3.8502984084880536,10.974801061007947,10.974801061007947
1h,2025-05-12T12:00:00+00:00,2025-05-12T13:00:00+00:00,13,0,Monday,expand,0.03920645240435151,0.2685319644516433,0.008299503661203723,2.5612,5.2631578947368345,9.191004216773381,9.191004216773381
1h,2025-05-12T13:00:00+00:00,2025-05-12T14:00:00+00:00,14,0,Monday,expand,0.04347742008975496,0.10893532629158287,0.00427096768540345,2.6029,3.8226593415037042,7.687579238541624,7.687579238541624
1h,2025-05-12T18:00:00+00:00,2025-05-12T19:00:00+00:00,19,0,Monday,expand,0.058360381346658774,0.14166018953017456,0.007241509127180121,2.4675,4.101317122593735,6.006079027355628,6.387031408308003
1h,2025-05-12T21:00:00+00:00,2025-05-12T22:00:00+00:00,22,0,Monday,contract,0.05631795110007629,-0.04277687759864779,-0.002516765469236633,2.5363,4.151717068170176,5.8431573552024645,7.313803572132642
1h,2025-05-12T23:00:00+00:00,2025-05-13T00:00:00+00:00,0,1,Tuesday,contract,0.052358845591392325,-0.039455129902594255,-0.0021506804301071047,2.5431,4.7225826746883675,5.827533325468921,7.2942471786402505
1h,2025-05-13T21:00:00+00:00,2025-05-13T22:00:00+00:00,22,1,Tuesday,contract,0.039098624458496246,-0.0420268258452714,-0.0017152788044996828,2.5759,1.7236693971039245,4.363523428704533,5.217593850692973
1h,2025-05-14T19:00:00+00:00,2025-05-14T20:00:00+00:00,20,2,Wednesday,contract,0.03615520527200289,-0.04907249933651647,-0.0018657850209233204,2.5657,1.4031258525938353,4.86027205051254,6.551818217250667
1h,2025-05-14T20:00:00+00:00,2025-05-14T21:00:00+00:00,21,2,Wednesday,contract,0.034622690609717,-0.042387109981992244,-0.0015325146622858915,2.5595,1.3908966595038124,4.8564172689978635,6.552060949404197
1h,2025-05-16T06:00:00+00:00,2025-05-16T07:00:00+00:00,7,4,Friday,contract,0.03326091871374535,-0.039668640049744686,-0.0013739168241342498,2.4177,2.4610166687347617,3.284112999958644,5.302560284567981
1h,2025-05-18T10:00:00+00:00,2025-05-18T11:00:00+00:00,11,6,Sunday,contract,0.019411131738015626,-0.047237514314853346,-0.0009623947490781347,2.3906,2.4763657659165124,4.944365431272478,7.048439722245456
1h,2025-05-19T11:00:00+00:00,2025-05-19T12:00:00+00:00,12,0,Monday,contract,0.02958804573525724,-0.040146581829396455,-0.0012375419796351664,2.3225,2.9106566200215336,5.106566200215297,5.106566200215297
1h,2025-05-19T23:00:00+00:00,2025-05-20T00:00:00+00:00,0,1,Tuesday,contract,0.02643117824362592,-0.040574413470371495,-0.0011177829418173926,2.3796,1.4666330475710174,3.7695410993444325,4.025886703647676
1h,2025-05-21T17:00:00+00:00,2025-05-21T18:00:00+00:00,18,2,Wednesday,expand,0.028873173546907663,0.18211772403028026,0.004448217419468641,2.3452,2.2386150434931014,4.916425038376255,4.916425038376255
1h,2025-05-21T21:00:00+00:00,2025-05-21T22:00:00+00:00,22,2,Wednesday,contract,0.028204336986495982,-0.03906150788268692,-0.0011464874604996816,2.3752,1.7682721455035477,3.418659481306835,3.418659481306835
1h,2025-05-22T04:00:00+00:00,2025-05-22T05:00:00+00:00,5,3,Thursday,contract,0.025434408785717542,-0.042106542198689145,-0.001118031445055203,2.4183,2.3239465740396157,2.9070007856758897,3.9201091675970816
1h,2025-05-23T11:00:00+00:00,2025-05-23T12:00:00+00:00,12,4,Friday,expand,0.027592964229470694,0.22383725756020012,0.00504669505927148,2.3621,3.4587866728758354,4.212353414334699,4.212353414334699
1h,2025-05-24T03:00:00+00:00,2025-05-24T04:00:00+00:00,4,5,Saturday,contract,0.025111897446593204,-0.04368294674452067,-0.0011470690343533402,2.333,0.8401200171452899,1.3544792113158863,2.897556793827675
1h,2025-05-24T09:00:00+00:00,2025-05-24T10:00:00+00:00,10,5,Saturday,contract,0.020654049213961283,-0.04636383976717329,-0.0010041576318431736,2.3419,0.7130962039369622,2.886545112942468,3.5227806481916404
1h,2025-05-24T11:00:00+00:00,2025-05-24T12:00:00+00:00,12,5,Saturday,contract,0.019480277128364577,-0.04408918190881861,-0.0008984828560280392,2.351,0.5657167162909439,2.7605274351339744,3.394300297745644
1h,2025-05-24T15:00:00+00:00,2025-05-24T16:00:00+00:00,16,5,Saturday,contract,0.016936310262995136,-0.04359663990659668,-0.0007720238663842492,2.3514,0.6124011227353998,2.666496555243684,3.801990303648887
1h,2025-05-24T19:00:00+00:00,2025-05-24T20:00:00+00:00,20,5,Saturday,contract,0.01511894412279789,-0.043873882084074056,-0.0006937649325229143,2.3476,1.2608621570966216,3.1265973760436343,3.6292383711024003
1h,2025-05-24T20:00:00+00:00,2025-05-24T21:00:00+00:00,21,5,Saturday,contract,0.014410448114026636,-0.04686147412258179,-0.000708496008771254,2.3488,2.243698910081752,3.1250000000000147,3.6273841961852833
1h,2025-05-25T00:00:00+00:00,2025-05-25T01:00:00+00:00,1,6,Sunday,expand,0.016488026046041115,0.11213463807085167,0.0016624595349199137,2.3045,1.4580169234107119,2.6166196571924405,3.7882403992189166
1h,2025-05-25T22:00:00+00:00,2025-05-25T23:00:00+00:00,23,6,Sunday,expand,0.017269006997920704,0.10119874372160331,0.0015869994616984108,2.3368,1.1383087983567348,1.9984594317014703,2.7259500171174196
1h,2025-05-26T05:00:00+00:00,2025-05-26T06:00:00+00:00,6,0,Monday,contract,0.015402751676693601,-0.043026262694044415,-0.000692519359745682,2.3438,0.9685126717296674,2.7178086867480107,3.980715078078322
1h,2025-05-27T10:00:00+00:00,2025-05-27T11:00:00+00:00,11,1,Tuesday,contract,0.01589766497215927,-0.04614293217626786,-0.0007690511517045584,2.3158,2.0856723378530195,2.2540806632697135,3.0572588306416875
1h,2025-05-29T09:00:00+00:00,2025-05-29T10:00:00+00:00,10,3,Thursday,contract,0.017536456338628947,-0.04457666908284985,-0.0008181889491253105,2.292,1.151832460732993,7.96247818499128,7.96247818499128
1h,2025-05-29T11:00:00+00:00,2025-05-29T12:00:00+00:00,12,3,Thursday,contract,0.016651332251164785,-0.0405610626145555,-0.0007039486347049616,2.301,1.886136462407653,7.931334202520647,7.931334202520647
1h,2025-05-30T00:00:00+00:00,2025-05-30T01:00:00+00:00,1,4,Friday,expand,0.026615164255902317,0.3973342031471463,0.0075680642880075165,2.1548,3.7636903656952008,4.487655466864685,5.865973640245048
1h,2025-05-31T05:00:00+00:00,2025-05-31T06:00:00+00:00,6,5,Saturday,contract,0.029614324061649634,-0.03921712754534856,-0.0012087941585884332,2.1254,0.9174743577679634,3.8251623223863813,3.8251623223863813
1h,2025-05-31T07:00:00+00:00,2025-05-31T08:00:00+00:00,8,5,Saturday,contract,0.02752204472662648,-0.043629158978784166,-0.0012555419020481816,2.1278,1.2266190431431532,3.7174546479932298,3.7174546479932298
1h,2025-06-03T15:00:00+00:00,2025-06-03T16:00:00+00:00,16,1,Tuesday,expand,0.019029384621110375,0.11931790489081084,0.0020285088752991925,2.2622,1.8698611970648045,2.431261603748551,2.7981610821324336
1h,2025-06-05T03:00:00+00:00,2025-06-05T04:00:00+00:00,4,3,Thursday,contract,0.015905763329935572,-0.045275335871388434,-0.0007542894869181221,2.2044,1.4108147341680233,5.239520958083829,7.61658501179459
1h,2025-06-05T19:00:00+00:00,2025-06-05T20:00:00+00:00,20,3,Thursday,expand,0.020249411480139177,0.13129209399196107,0.0023500452707585356,2.129,3.4617191169563224,4.584311883513383,6.195396899953025
1h,2025-06-05T20:00:00+00:00,2025-06-05T21:00:00+00:00,21,3,Thursday,expand,0.02406731066012924,0.18854371070165166,0.003817899179990064,2.059,2.1709567751335688,5.415250121418182,6.386595434677026
1h,2025-06-06T05:00:00+00:00,2025-06-06T06:00:00+00:00,6,4,Friday,contract,0.0222077013013571,-0.03961208118905968,-0.0009159770231813164,2.1311,1.224719628360941,3.1767631739477205,3.1767631739477205
1h,2025-06-06T07:00:00+00:00,2025-06-06T08:00:00+00:00,8,4,Friday,contract,0.020615313877190584,-0.04051103025438896,-0.0008704087597838812,2.1293,1.2163621847555341,2.827220213215591,2.827220213215591
1h,2025-06-06T08:00:00+00:00,2025-06-06T09:00:00+00:00,9,4,Friday,contract,0.019742791457391252,-0.04232399394921249,-0.0008725224197993313,2.1377,1.520325583571137,2.455910558076426,2.455910558076426
1h,2025-06-07T09:00:00+00:00,2025-06-07T10:00:00+00:00,10,5,Saturday,contract,0.013108927290017778,-0.04649001608077874,-0.000639148253078297,2.1769,0.6660847994855253,1.1300473149892232,2.632183380035837
1h,2025-06-08T06:00:00+00:00,2025-06-08T07:00:00+00:00,7,6,Sunday,expand,0.011464032575114557,0.17722429303818754,0.0017258436480681125,2.2038,1.079952808784828,4.487703058353752,4.487703058353752
1h,2025-06-08T11:00:00+00:00,2025-06-08T12:00:00+00:00,12,6,Sunday,expand,0.013887738827036408,0.14973259372890535,0.0018086354748433776,2.2408,2.325062477686532,2.84273473759371,3.266690467690107
1h,2025-06-08T13:00:00+00:00,2025-06-08T14:00:00+00:00,14,6,Sunday,expand,0.01607565235596505,0.11008415536392646,0.0015941805880026836,2.2664,1.5751853159195128,3.1150723614542986,3.2297917402047274
1h,2025-06-10T11:00:00+00:00,2025-06-10T12:00:00+00:00,12,1,Tuesday,expand,0.018230344161630607,0.13056495917412336,0.0021053581414130183,2.3036,2.630665046014933,2.630665046014933,3.1212015974995597
1h,2025-06-12T09:00:00+00:00,2025-06-12T10:00:00+00:00,10,3,Thursday,contract,0.016842039054482453,-0.042180761858071514,-0.0007416953118832594,2.2437,1.1365155769487933,7.630253598966004,7.72384899942061
1h,2025-06-12T19:00:00+00:00,2025-06-12T20:00:00+00:00,20,3,Thursday,expand,0.018527919749848028,0.09987667340271345,0.0016824677115501521,2.2027,1.9294502201843384,5.938166795296692,5.938166795296692
1h,2025-06-13T00:00:00+00:00,2025-06-13T01:00:00+00:00,1,4,Friday,expand,0.025660502706610987,0.28180723164913957,0.005641499791799173,2.1236,2.4345451120738297,3.7907327180260046,3.7907327180260046
1h,2025-06-14T01:00:00+00:00,2025-06-14T02:00:00+00:00,2,5,Saturday,contract,0.019878093799357448,-0.04288289092243702,-0.0008906225999505551,2.1387,1.4635058680506794,2.903633048113342,3.277692055921824
1h,2025-06-14T02:00:00+00:00,2025-06-14T03:00:00+00:00,3,5,Saturday,contract,0.018986801385117602,-0.0448379217462318,-0.0008912924142398457,2.1406,1.3874614594039083,3.022517051294018,3.274782771185651
1h,2025-06-15T02:00:00+00:00,2025-06-15T03:00:00+00:00,3,6,Sunday,contract,0.015436663252428576,-0.040344941407642665,-0.0006489740963406838,2.145,0.8111888111888047,1.4592074592074538,2.2144522144522085
1h,2025-06-16T11:00:00+00:00,2025-06-16T12:00:00+00:00,12,0,Monday,expand,0.015615228485520409,0.1559380029634938,0.002106520885729211,2.2441,2.4152221380509,6.060335992157198,6.6485450737489415
1h,2025-06-16T14:00:00+00:00,2025-06-16T15:00:00+00:00,15,0,Monday,expand,0.01879306012488643,0.13000263848437688,0.0021620722980856544,2.2797,2.395051980523762,5.965697240865012,6.544720796596043
1h,2025-06-17T03:00:00+00:00,2025-06-17T04:00:00+00:00,4,1,Tuesday,contract,0.026145395823816253,-0.040225829246432254,-0.0010957996787551126,2.2486,1.1918527083518702,4.95419372053723,4.95419372053723
1h,2025-06-18T05:00:00+00:00,2025-06-18T06:00:00+00:00,6,2,Wednesday,contract,0.02024560869061951,-0.0406272098530891,-0.0008573545146630321,2.1671,1.1166997369756817,2.893267500346084,3.0916893544367925
1h,2025-06-19T03:00:00+00:00,2025-06-19T04:00:00+00:00,4,3,Thursday,contract,0.019761643576297193,-0.04056439152492575,-0.000835511044330578,2.1656,1.0205024011821209,1.574621352050241,1.574621352050241
1h,2025-06-19T07:00:00+00:00,2025-06-19T08:00:00+00:00,8,3,Thursday,contract,0.017862807220497292,-0.03955180272879355,-0.000735600555422853,2.1553,0.8537094603999533,1.5821463369368542,1.8048531526933576
1h,2025-06-19T08:00:00+00:00,2025-06-19T09:00:00+00:00,9,3,Thursday,contract,0.017115463847604633,-0.041837957699901396,-0.0007473433728926587,2.156,0.8905380333951811,1.5816326530612255,1.8042671614100152
1h,2025-06-20T14:00:00+00:00,2025-06-20T15:00:00+00:00,15,4,Friday,expand,0.014456545779976153,0.11143930071017727,0.0014494964784633815,2.1339,2.839870659356108,2.980458315759881,2.980458315759881
1h,2025-06-20T17:00:00+00:00,2025-06-20T18:00:00+00:00,18,4,Friday,expand,0.016675229984915295,0.12991582858250394,0.0019172900011603846,2.1165,1.6300496102055269,1.9040869359792008,2.612804157807697
1h,2025-06-21T02:00:00+00:00,2025-06-21T03:00:00+00:00,3,5,Saturday,contract,0.015145765746176874,-0.04392412402251389,-0.0006958281343212979,2.125,0.6399999999999922,3.237647058823528,7.5388235294117605
1h,2025-06-21T03:00:00+00:00,2025-06-21T04:00:00+00:00,4,5,Saturday,contract,0.014528211050021379,-0.04077408211013567,-0.0006175546961554954,2.129,0.7092531705025783,3.5650540159699324,7.524659464537336
1h,2025-06-21T06:00:00+00:00,2025-06-21T07:00:00+00:00,7,5,Saturday,contract,0.013183811835603841,-0.042373968919943716,-0.0005833701412003081,2.1278,0.9211392048124852,7.528903092395897,7.528903092395897
1h,2025-06-21T21:00:00+00:00,2025-06-21T22:00:00+00:00,22,5,Saturday,expand,0.021348892416161364,0.4233726793546768,0.006350085198756825,2.0368,3.412215239591522,7.2613904163393626,8.930675569520826
1h,2025-06-22T13:00:00+00:00,2025-06-22T14:00:00+00:00,14,6,Sunday,expand,0.02836232462131521,0.18300513262686313,0.004387513490668071,1.9609,2.927227293589684,6.374623897190065,6.5021163751338635
1h,2025-06-22T20:00:00+00:00,2025-06-22T21:00:00+00:00,21,6,Sunday,expand,0.03155533052919025,0.11027731391618278,0.003134205343908448,1.9673,4.574797946424037,4.701875667158035,7.939815991460372
1h,2025-06-23T02:00:00+00:00,2025-06-23T03:00:00+00:00,3,0,Monday,contract,0.029758832057681883,-0.0419956387095205,-0.0013045255428986158,2.0152,1.2256847955537993,4.734021437078213,10.391028185788013
1h,2025-06-23T17:00:00+00:00,2025-06-23T18:00:00+00:00,18,0,Monday,expand,0.03158145978028255,0.15572140575753046,0.004255272324593665,2.0266,3.5576828185137583,9.074311654988648,9.074311654988648
1h,2025-06-23T22:00:00+00:00,2025-06-23T23:00:00+00:00,23,0,Monday,expand,0.03406534376710678,0.12422649428330867,0.003764204325607187,2.1568,1.7525964391691524,3.681379821958463,3.9456602373887324
1h,2025-06-23T23:00:00+00:00,2025-06-24T00:00:00+00:00,0,1,Tuesday,contract,0.032710676355170575,-0.03976673246562856,-0.0013546674119362043,2.1575,1.6037079953650144,3.6801853997682565,3.9443800695249207
1h,2025-06-24T01:00:00+00:00,2025-06-24T02:00:00+00:00,2,1,Tuesday,contract,0.030803083183795037,-0.040271679947078254,-0.0012925448602919415,2.1532,3.455322310979019,3.6875348318781414,3.9522571057031475
1h,2025-06-24T04:00:00+00:00,2025-06-24T05:00:00+00:00,5,1,Tuesday,contract,0.027908663904809627,-0.05077860437289916,-0.0014929741465238393,2.1482,2.876827111069726,3.137510473885098,3.142165533935383
1h,2025-06-25T04:00:00+00:00,2025-06-25T05:00:00+00:00,5,2,Wednesday,contract,0.01996650779790592,-0.04582750787552048,-0.0009589621383004655,2.1756,0.8917080345651812,2.7808420665563416,2.7808420665563416
1h,2025-06-25T13:00:00+00:00,2025-06-25T14:00:00+00:00,14,2,Wednesday,expand,0.018648019636466864,0.11268978750790759,0.0018886138741179073,2.2225,2.569178852643426,2.569178852643426,4.9988751406074226
1h,2025-06-25T18:00:00+00:00,2025-06-25T19:00:00+00:00,19,2,Wednesday,contract,0.019606758260848702,-0.043553443781432555,-0.0008928275585268243,2.1877,1.3667321844859917,1.8604013347351183,5.393792567536697
1h,2025-06-26T13:00:00+00:00,2025-06-26T14:00:00+00:00,14,3,Thursday,expand,0.01667490952745449,0.13762930882172708,0.002017314651734263,2.1227,2.331935742215108,3.25057709520893,3.358929665049226
1h,2025-06-26T23:00:00+00:00,2025-06-27T00:00:00+00:00,0,4,Friday,contract,0.018145265525025635,-0.03967397322382071,-0.0007496358096173612,2.1047,1.6534422958141382,2.2188435406471427,4.157362094360258
1h,2025-06-28T07:00:00+00:00,2025-06-28T08:00:00+00:00,8,5,Saturday,contract,0.01993097208156327,-0.04542905397952368,-0.000948536313966436,2.1896,0.6256850566313502,1.4386189258311957,1.5299598100109446
1h,2025-06-28T09:00:00+00:00,2025-06-28T10:00:00+00:00,10,5,Saturday,contract,0.018648644294817333,-0.039799602717642824,-0.0007729726380628771,2.1853,0.8053814121630825,1.4414496865418873,1.5329703015604101
1h,2025-06-28T10:00:00+00:00,2025-06-28T11:00:00+00:00,11,5,Saturday,contract,0.017895169702330398,-0.04040371946481569,-0.000753474592486935,2.1898,0.8037263677048058,1.5298200748926678,1.5298200748926678
1h,2025-06-28T11:00:00+00:00,2025-06-28T12:00:00+00:00,12,5,Saturday,contract,0.016995514723592488,-0.05027362096603938,-0.0008996549787379099,2.1915,1.127081907369369,1.5286333561487402,1.5286333561487402
1h,2025-06-28T14:00:00+00:00,2025-06-28T15:00:00+00:00,15,5,Saturday,contract,0.015710585221476912,-0.04315138529719309,-0.0007085065554982284,2.1963,1.0654282201884826,1.5252925374493302,1.5252925374493302
1h,2025-06-28T22:00:00+00:00,2025-06-28T23:00:00+00:00,23,5,Saturday,contract,0.01351116775746523,-0.03996126842949399,-0.0005623975198050021,2.184,0.6913919413919364,1.071428571428555,2.051282051282049
1h,2025-06-28T23:00:00+00:00,2025-06-29T00:00:00+00:00,0,6,Sunday,contract,0.012953227203360574,-0.041294769195385106,-0.0005579405541046561,2.1843,0.6912969830151486,1.071281417387705,2.0693128233301246
1h,2025-06-29T01:00:00+00:00,2025-06-29T02:00:00+00:00,2,6,Sunday,contract,0.011915282639632358,-0.04509650573204349,-0.0005627140492024587,2.183,0.6917086578103477,1.0719193770041067,2.0705451213925747
1h,2025-06-29T03:00:00+00:00,2025-06-29T04:00:00+00:00,4,6,Sunday,contract,0.011639707990295218,-0.041428337482376176,-0.0005030544607919647,2.1829,0.40771450822301203,0.8383343258967421,1.9286270557515244
1h,2025-06-29T04:00:00+00:00,2025-06-29T05:00:00+00:00,5,6,Sunday,contract,0.011036871705274107,-0.05179135812717428,-0.0006028362850211116,2.181,0.5135259055479183,0.8390646492434656,1.9303071985327842
1h,2025-06-29T22:00:00+00:00,2025-06-29T23:00:00+00:00,23,6,Sunday,expand,0.010913916259796898,0.16015463710627342,0.0015066218261694676,2.2131,1.1883782928923226,2.3134969047941865,7.505309294654563
1h,2025-06-30T03:00:00+00:00,2025-06-30T04:00:00+00:00,4,0,Monday,contract,0.010327891298731096,-0.04364890965594359,-0.00047137625374854726,2.1951,1.1525670812263724,7.566853446312247,7.566853446312247
1h,2025-06-30T15:00:00+00:00,2025-06-30T16:00:00+00:00,16,0,Monday,expand,0.013693818301542805,0.1611481621205293,0.0019004755152659206,2.1917,6.250855500296574,6.250855500296574,6.9535064105488935
1h,2025-06-30T19:00:00+00:00,2025-06-30T20:00:00+00:00,20,0,Monday,expand,0.021092298638857872,0.3461482960925393,0.005423669335472482,2.3192,3.9496378061400534,5.795101759227314,7.343049327354266
1h,2025-07-01T23:00:00+00:00,2025-07-02T00:00:00+00:00,0,2,Wednesday,contract,0.019305924557073285,-0.052140535787501996,-0.0010619941966979428,2.1706,1.391320372247295,2.7365705334930284,6.362296139316303
1h,2025-07-02T04:00:00+00:00,2025-07-02T05:00:00+00:00,5,2,Wednesday,contract,0.01738105057894294,-0.047552277105845864,-0.0008677731214571521,2.1846,0.9887393573194104,5.781378742103821,5.781378742103821
1h,2025-07-02T10:00:00+00:00,2025-07-02T11:00:00+00:00,11,2,Wednesday,contract,0.01495706535753294,-0.04120862952993487,-0.0006428511813486755,2.1861,1.372306847811182,5.777411829285032,6.1433603220346775
1h,2025-07-02T16:00:00+00:00,2025-07-02T17:00:00+00:00,17,2,Wednesday,expand,0.020303963933677734,0.3286898056498493,0.005022772005101702,2.255,1.924611973392466,2.909090909090904,3.986696230598654
1h,2025-07-03T03:00:00+00:00,2025-07-03T04:00:00+00:00,4,3,Thursday,contract,0.01817390973407957,-0.03894449531040867,-0.0007364545949292006,2.2414,1.9407513161417114,3.368430445257424,3.368430445257424
1h,2025-07-03T12:00:00+00:00,2025-07-03T13:00:00+00:00,13,3,Thursday,expand,0.020858136520901533,0.1190268578689595,0.0022186048830075793,2.2818,3.089666053115961,3.1115785783153727,4.496450170917688
1h,2025-07-03T20:00:00+00:00,2025-07-03T21:00:00+00:00,21,3,Thursday,contract,0.021081389451983734,-0.044226175885582864,-0.0009754914963064423,2.2759,1.142405202337528,3.1855529680565833,3.7128169075969857
1h,2025-07-04T01:00:00+00:00,2025-07-04T02:00:00+00:00,2,4,Friday,contract,0.01805128691504171,-0.04107293384459543,-0.0007731759165416699,2.2588,0.94297857269347,2.8643527536745066,2.8643527536745066
1h,2025-07-04T10:00:00+00:00,2025-07-04T11:00:00+00:00,11,4,Friday,contract,0.015923090112625504,-0.04662370139022176,-0.0007786992394327487,2.2312,1.8062029401219175,2.169236285406956,2.169236285406956
1h,2025-07-04T21:00:00+00:00,2025-07-04T22:00:00+00:00,22,4,Friday,contract,0.015471491901398971,-0.040417252226485845,-0.0006516532231845267,2.2174,0.6719581491837248,1.0823486966717788,1.4701903129791631
1h,2025-07-05T03:00:00+00:00,2025-07-05T04:00:00+00:00,4,5,Saturday,contract,0.013471717640117519,-0.04562143330750201,-0.0006439782800090315,2.2245,0.7417397167902782,1.4654978646886925,1.4654978646886925
1h,2025-07-06T08:00:00+00:00,2025-07-06T09:00:00+00:00,9,6,Sunday,expand,0.010750346184792361,0.14080792961072164,0.0013268964473236652,2.2416,2.0877944325481876,2.324232690935038,2.324232690935038
1h,2025-07-06T10:00:00+00:00,2025-07-06T11:00:00+00:00,11,6,Sunday,expand,0.0132663699246424,0.13142910179019696,0.0015410484673352084,2.2741,1.42913680137198,1.943626049865882,2.282221538190945
1h,2025-07-07T13:00:00+00:00,2025-07-07T14:00:00+00:00,14,0,Monday,expand,0.01844778165393755,0.32228350305855646,0.004496324488158629,2.3429,2.1853258781851608,4.528575696786038,4.528575696786038
1h,2025-07-07T23:00:00+00:00,2025-07-08T00:00:00+00:00,0,1,Tuesday,contract,0.02252940364345418,-0.04071054479055536,-0.000956107972573398,2.2694,1.1016127610822204,2.5160835463117874,3.282806028025029
1h,2025-07-08T22:00:00+00:00,2025-07-08T23:00:00+00:00,23,1,Tuesday,contract,0.015629359086012838,-0.03983421467861126,-0.0006484122373855948,2.3051,0.9457290356166683,4.711292351741772,5.709079866383225
1h,2025-07-09T11:00:00+00:00,2025-07-09T12:00:00+00:00,12,2,Wednesday,expand,0.01661084712323429,0.10257320458914632,0.0015453194520589162,2.3806,2.2851382004536585,3.5873309249768934,4.641686969671514
1h,2025-07-09T22:00:00+00:00,2025-07-09T23:00:00+00:00,23,2,Wednesday,contract,0.020636595895537988,-0.041914566297965083,-0.0009028150688875289,2.4169,1.8081012867723054,2.846621705490503,7.211717489345861
1h,2025-07-10T05:00:00+00:00,2025-07-10T06:00:00+00:00,6,3,Thursday,contract,0.019767042117045063,-0.03913811440296744,-0.0008051570859265375,2.4188,1.9885893831651977,6.51149330246404,7.7765834297998975
1h,2025-07-10T21:00:00+00:00,2025-07-10T22:00:00+00:00,22,3,Thursday,expand,0.025754281812964738,0.15545874750813815,0.0034650552451565737,2.5451,1.7602451770067953,12.357078307335655,18.321480491925655
1h,2025-07-11T13:00:00+00:00,2025-07-11T14:00:00+00:00,14,4,Friday,expand,0.043168075123090434,0.24720784635397974,0.00855630191360842,2.8003,9.84537370995965,11.323786737135306,11.323786737135306
1h,2025-07-11T15:00:00+00:00,2025-07-11T16:00:00+00:00,16,4,Friday,expand,0.05916941171327694,0.25058960159039567,0.011856199098978684,2.7773,5.645771072624493,7.1364274655240685,7.1364274655240685
1h,2025-07-13T05:00:00+00:00,2025-07-13T06:00:00+00:00,6,6,Sunday,contract,0.04092354903432709,-0.041826922442735226,-0.0017864268487944174,2.7706,1.8227098823359558,4.825669530065695,7.9693929112827595
1h,2025-07-13T11:00:00+00:00,2025-07-13T12:00:00+00:00,12,6,Sunday,contract,0.036492566433154856,-0.04140782978453239,-0.0015763512640888377,2.7885,3.998565537027073,6.7312175004482695,9.600143446297295
1h,2025-07-14T05:00:00+00:00,2025-07-14T06:00:00+00:00,6,0,Monday,expand,0.04649934096844701,0.11142064174960997,0.0046615891562733006,2.9314,4.649655454731523,5.505901616974824,7.992767960701378
1h,2025-07-15T05:00:00+00:00,2025-07-15T06:00:00+00:00,6,1,Tuesday,contract,0.05279149062029089,-0.04012903264544343,-0.002207037740022358,2.8763,2.544936202760504,4.276327225950013,4.276327225950013
1h,2025-07-15T23:00:00+00:00,2025-07-16T00:00:00+00:00,0,2,Wednesday,contract,0.04784469200719694,-0.041374274322856786,-0.002064976308245925,2.9203,2.0751292675410054,4.458446050063345,7.684142040201339
1h,2025-07-16T03:00:00+00:00,2025-07-16T04:00:00+00:00,4,2,Wednesday,contract,0.04288022824910327,-0.04698091725735476,-0.002113863711469481,2.9054,1.6693054312659106,6.456942245473937,7.245129758380934
1h,2025-07-16T07:00:00+00:00,2025-07-16T08:00:00+00:00,8,2,Wednesday,contract,0.03710610420196369,-0.04928423502666002,-0.0019235464770741423,2.9301,1.4914166751988087,6.153373604996413,8.62769188764889
1h,2025-07-16T11:00:00+00:00,2025-07-16T12:00:00+00:00,12,2,Wednesday,contract,0.03335536344523856,-0.04609879420951013,-0.0016119510342491247,2.9523,2.0831216339802903,5.2738542831013095,12.044846390949427
1h,2025-07-17T21:00:00+00:00,2025-07-17T22:00:00+00:00,22,3,Thursday,expand,0.07074928893741704,0.1624776649489592,0.00988851623558331,3.5159,6.228846099149575,7.352313774566972,9.016183622969942
1h,2025-07-18T00:00:00+00:00,2025-07-18T01:00:00+00:00,1,4,Friday,expand,0.08129503928407622,0.11866342283378573,0.00862345851660952,3.6557,3.2880159750526596,8.67138988429029,8.67138988429029
1h,2025-07-19T19:00:00+00:00,2025-07-19T20:00:00+00:00,20,5,Saturday,contract,0.04916741553497484,-0.041202535468502055,-0.002112878118074986,3.4325,1.8994901675163982,4.553532410779325,5.226511289147858
1h,2025-07-19T23:00:00+00:00,2025-07-20T00:00:00+00:00,0,6,Sunday,contract,0.04467312200891337,-0.04154503557356959,-0.001936394000685654,3.425,1.9883211678832198,4.785401459854026,5.115328467153292
1h,2025-07-20T22:00:00+00:00,2025-07-20T23:00:00+00:00,23,6,Sunday,expand,0.044047661282909344,0.12705471117385003,0.004965564516699279,3.4551,2.335677693843876,7.131486787647246,7.131486787647246
1h,2025-07-21T03:00:00+00:00,2025-07-21T04:00:00+00:00,4,0,Monday,contract,0.041078193053332046,-0.04262893307563742,-0.0018290917733332288,3.4792,3.2018854909174443,5.199471142791442,5.527132674177969
1h,2025-07-23T12:00:00+00:00,2025-07-23T13:00:00+00:00,13,2,Wednesday,expand,0.04076808821302307,0.23870781715883638,0.007856300906690539,3.3461,4.321448850901038,9.52750963808613,12.41146409252562
1h,2025-07-23T13:00:00+00:00,2025-07-23T14:00:00+00:00,14,2,Wednesday,expand,0.048184653340664255,0.18192084673894549,0.007416565127641182,3.2646,5.262513018440229,9.183360901795009,11.587943392758678
1h,2025-07-23T20:00:00+00:00,2025-07-23T21:00:00+00:00,21,2,Wednesday,expand,0.061833904528833195,0.11339192304231105,0.006297391959320518,3.1479,5.66091680167732,8.955176466850912,9.863718669589243
1h,2025-07-24T09:00:00+00:00,2025-07-24T10:00:00+00:00,10,3,Thursday,contract,0.0706663349871721,-0.03978801450421399,-0.002928179614397855,3.1151,4.076915668838889,6.388237937786904,7.364129562453842
1h,2025-07-24T22:00:00+00:00,2025-07-24T23:00:00+00:00,23,3,Thursday,contract,0.06014595161200122,-0.04266450750088535,-0.0026804578163077825,3.1768,3.4688995215310956,5.684966003525563,5.694409468647704
1h,2025-07-25T17:00:00+00:00,2025-07-25T18:00:00+00:00,18,4,Friday,contract,0.05601695195581521,-0.043498395211646446,-0.0025474578427550285,3.0587,3.066662307516276,4.668650080099397,5.345408179945728
1h,2025-07-25T18:00:00+00:00,2025-07-25T19:00:00+00:00,19,4,Friday,contract,0.053580026816114124,-0.043503351300214765,-0.0024369251397010835,3.0693,2.8051998827094144,4.743752647183395,5.007656468901694
1h,2025-07-25T22:00:00+00:00,2025-07-25T23:00:00+00:00,23,4,Friday,contract,0.0485263443850228,-0.04845830354080649,-0.0024712572603863697,3.1434,1.7401539734045928,3.222625182922955,3.4803079468091855
1h,2025-07-25T23:00:00+00:00,2025-07-26T00:00:00+00:00,0,5,Saturday,contract,0.04601017692894975,-0.05185157645729521,-0.002516167456073047,3.141,1.7414836039477866,3.2250875517351214,3.482967207895573
1h,2025-07-26T00:00:00+00:00,2025-07-26T01:00:00+00:00,1,5,Saturday,contract,0.04419516429116762,-0.03944806907795473,-0.0018150126377821305,3.1339,1.7454290181562897,3.4908580363125794,3.4908580363125794
1h,2025-07-26T03:00:00+00:00,2025-07-26T04:00:00+00:00,4,5,Saturday,contract,0.041936033508635284,-0.042900003130854736,-0.0018796948852796286,3.1426,1.1328199579965659,2.4820212562846002,2.4820212562846002
1h,2025-07-26T04:00:00+00:00,2025-07-26T05:00:00+00:00,5,5,Saturday,contract,0.04016203111516135,-0.04230257954912786,-0.0017740023934739377,3.1475,1.229547259729943,2.4686258935663115,2.503574265289905
1h,2025-07-26T07:00:00+00:00,2025-07-26T08:00:00+00:00,8,5,Saturday,contract,0.036642304067058866,-0.04575853040496558,-0.0017571003128506596,3.154,1.7913760304375466,2.048192771084337,2.6981610653138928
1h,2025-07-29T23:00:00+00:00,2025-07-30T00:00:00+00:00,0,2,Wednesday,contract,0.035314417056159474,-0.03916773762047476,-0.0014395705427815014,3.1269,1.8452780709328611,3.696952253030148,5.180850043173748
1h,2025-07-30T06:00:00+00:00,2025-07-30T07:00:00+00:00,7,2,Wednesday,contract,0.03259640253959787,-0.04160673459909581,-0.001415107887661353,3.1379,1.9567226489053298,5.162688422193184,5.162688422193184
1h,2025-07-30T18:00:00+00:00,2025-07-30T19:00:00+00:00,19,2,Wednesday,expand,0.041048817320953064,0.12395373850862956,0.004527014052234372,3.049,3.7979665464086625,5.83469990160709,5.83469990160709
1h,2025-07-30T19:00:00+00:00,2025-07-30T20:00:00+00:00,20,2,Wednesday,expand,0.046388187512313564,0.13007366691256794,0.0053393701913605,3.0964,1.7568789562072011,3.7656633509882456,4.114455496705858
1h,2025-07-31T02:00:00+00:00,2025-07-31T03:00:00+00:00,3,3,Thursday,contract,0.03831639080051443,-0.042144516828320544,-0.0016858762154241952,3.1355,0.5995853930792585,3.5337266783607157,7.973210014351778
1h,2025-07-31T03:00:00+00:00,2025-07-31T04:00:00+00:00,4,3,Thursday,contract,0.03675807717190627,-0.04066963500610399,-0.0015583136286081642,3.1385,0.7678827465349621,4.059263979608098,7.965588657001753
1h,2025-07-31T04:00:00+00:00,2025-07-31T05:00:00+00:00,5,3,Thursday,contract,0.03503964308819866,-0.04674983611550243,-0.0017184340837076081,3.1394,1.197681085557745,4.316111358858379,7.963305090144614
1h,2025-07-31T05:00:00+00:00,2025-07-31T06:00:00+00:00,6,3,Thursday,contract,0.03350109715332733,-0.04390872164418569,-0.0015385459348713285,3.1415,1.4260703485596038,4.835269775584923,7.957981855801369
1h,2025-07-31T06:00:00+00:00,2025-07-31T07:00:00+00:00,7,3,Thursday,contract,0.032122447356661074,-0.04115237749845835,-0.0013786497966662564,3.1467,1.1917246639336476,5.199097467187854,7.944831092890965
1h,2025-07-31T07:00:00+00:00,2025-07-31T08:00:00+00:00,8,3,Thursday,contract,0.030827986831185268,-0.04029769310859743,-0.001294460525475806,3.154,1.017755231452132,5.3804692454026695,7.926442612555486
1h,2025-08-01T00:00:00+00:00,2025-08-01T01:00:00+00:00,1,4,Friday,expand,0.037335207941857754,0.13695423495253878,0.004497291696780148,2.9849,2.961573252035245,5.581426513451032,5.581426513451032
1h,2025-08-01T14:00:00+00:00,2025-08-01T15:00:00+00:00,15,4,Friday,expand,0.04778034904539773,0.13715898485706934,0.0057630500734309476,3.0518,2.7557507045022556,5.393538239727377,6.150468575922406
1h,2025-08-02T01:00:00+00:00,2025-08-02T02:00:00+00:00,2,5,Saturday,contract,0.04931209336351944,-0.04028941611223302,-0.0020701610279630495,2.9761,1.7102919928765816,7.173818084069748,9.855179597459758
1h,2025-08-02T02:00:00+00:00,2025-08-02T03:00:00+00:00,3,5,Saturday,contract,0.04656837240898236,-0.055639920502074114,-0.0027437209545370794,2.9755,2.547471013275068,9.38329692488657,9.857166862712146
1h,2025-08-02T03:00:00+00:00,2025-08-02T04:00:00+00:00,4,5,Saturday,contract,0.04399920295119791,-0.05516983576795331,-0.0025691694577844454,2.9824,2.541577253218872,9.361587982832614,9.834361587982828
1h,2025-08-02T05:00:00+00:00,2025-08-02T06:00:00+00:00,6,5,Saturday,contract,0.04177686376914513,-0.04648520909730025,-0.002036681828395788,3.0099,2.229309943851953,8.987009535200512,9.455463636665677
1h,2025-08-03T10:00:00+00:00,2025-08-03T11:00:00+00:00,11,6,Sunday,contract,0.0351063596405536,-0.047792371553200375,-0.001762027664657967,2.8669,1.2975688025393248,6.013464020370439,6.013464020370439
1h,2025-08-04T00:00:00+00:00,2025-08-04T01:00:00+00:00,1,0,Monday,expand,0.03318604122665738,0.14615645533988264,0.004231842982564821,3.0148,1.5788775374817594,3.787979302109602,4.152845959931007
1h,2025-08-04T19:00:00+00:00,2025-08-04T20:00:00+00:00,20,0,Monday,contract,0.031240795134218517,-0.039815471707024375,-0.001295445779555291,3.0476,1.5225095156844657,3.648772804830036,5.318939493371837
1h,2025-08-05T14:00:00+00:00,2025-08-05T15:00:00+00:00,15,1,Tuesday,expand,0.03420322091419259,0.1145440310224981,0.003515136852754404,2.9752,1.4116698037106685,3.1056735681634864,3.1056735681634864
1h,2025-08-06T22:00:00+00:00,2025-08-06T23:00:00+00:00,23,2,Wednesday,contract,0.028498858915458856,-0.04583979195094112,-0.0013691429934968406,2.9979,1.2942393008439148,4.149571366623305,12.24857400180126
1h,2025-08-06T23:00:00+00:00,2025-08-07T00:00:00+00:00,0,3,Thursday,contract,0.027320368992926083,-0.04135217925843049,-0.0011784899225327737,2.9896,1.4684238694139629,4.161091784854164,12.382927481937386
1h,2025-08-07T10:00:00+00:00,2025-08-07T11:00:00+00:00,11,3,Thursday,expand,0.02628686027716309,0.1505411597929014,0.0034394722863720847,3.0688,1.4533368091762244,11.137904066736187,12.177398331595409
1h,2025-08-07T21:00:00+00:00,2025-08-07T22:00:00+00:00,22,3,Thursday,expand,0.04007096204409672,0.426819571837435,0.011986849073531012,3.2485,2.9336616900107724,4.3096813914114245,5.427120209327379
1h,2025-08-08T14:00:00+00:00,2025-08-08T15:00:00+00:00,15,4,Friday,expand,0.044795571392716456,0.10598366815022664,0.004292648354406424,3.2793,2.759735309364804,4.0618424663800194,4.324093556551701
1h,2025-08-08T21:00:00+00:00,2025-08-08T22:00:00+00:00,22,4,Friday,contract,0.044035463379156634,-0.05079695210279256,-0.002356574106088978,3.3023,1.0689519425854674,2.1712140023619866,3.506646882475854
1h,2025-08-08T22:00:00+00:00,2025-08-08T23:00:00+00:00,23,4,Friday,contract,0.04210435885207401,-0.04385339403506028,-0.0019311045270826235,3.2871,1.0738949225761276,3.0969547625566576,4.280368714064063
1h,2025-08-09T02:00:00+00:00,2025-08-09T03:00:00+00:00,3,5,Saturday,contract,0.03656189590728043,-0.0462749681835557,-0.0017739919928677142,3.303,1.4380865879503444,3.082046624280953,4.2597638510445
1h,2025-08-09T18:00:00+00:00,2025-08-09T19:00:00+00:00,19,5,Saturday,contract,0.03074129755087154,-0.04204749671144681,-0.0013493305808362464,3.2833,2.6436816617427517,4.318825571833214,4.318825571833214
1h,2025-08-10T07:00:00+00:00,2025-08-10T08:00:00+00:00,8,6,Sunday,expand,0.03362026118551893,0.15446979233097569,0.004498441447267767,3.1861,2.1185775713254413,2.1185775713254413,4.290511911113895
1h,2025-08-10T09:00:00+00:00,2025-08-10T10:00:00+00:00,10,6,Sunday,contract,0.03393073540996274,-0.042400023599422965,-0.0015023642623048505,3.2129,1.6838370319648928,2.346789504808744,5.51837903451711
1h,2025-08-10T19:00:00+00:00,2025-08-10T20:00:00+00:00,20,6,Sunday,contract,0.028662740564620204,-0.0418196071235476,-0.001250980043432326,3.2053,1.5817552179203185,5.512744516893904,5.912083112345186
1h,2025-08-11T08:00:00+00:00,2025-08-11T09:00:00+00:00,9,0,Monday,expand,0.0362385319655422,0.17236104733452295,0.005327805233419847,3.298,3.8326258338386854,6.203759854457236,6.264402668283806
1h,2025-08-11T23:00:00+00:00,2025-08-12T00:00:00+00:00,0,1,Tuesday,contract,0.039522263046829494,-0.04163733745971909,-0.00171709715744843,3.1281,1.5472651130078963,3.692337201496128,6.50874332662
1h,2025-08-13T13:00:00+00:00,2025-08-13T14:00:00+00:00,14,2,Wednesday,expand,0.033551697231740875,0.12903245352471826,0.0038344848283276035,3.2919,2.2600929554360643,3.9885780248488705,11.40678635438501
1h,2025-08-14T12:00:00+00:00,2025-08-14T13:00:00+00:00,13,3,Thursday,expand,0.049177460189414636,0.47006174459604355,0.015724810754660416,3.0997,3.2874149111204343,3.60680065812821,3.664870793947799
1h,2025-08-14T23:00:00+00:00,2025-08-15T00:00:00+00:00,0,4,Friday,contract,0.044211750852049446,-0.04978263769523206,-0.002316288527080726,3.0774,1.6409956456749202,4.289335153051281,4.562292844609089
1h,2025-08-15T08:00:00+00:00,2025-08-15T09:00:00+00:00,9,4,Friday,contract,0.033127479371787165,-0.0395363154201781,-0.001363652259368242,3.114,1.419396274887605,4.447655748233785,4.624277456647404
1h,2025-08-16T01:00:00+00:00,2025-08-16T02:00:00+00:00,2,5,Saturday,contract,0.03166363076527436,-0.04933968400682687,-0.001643356212713415,3.0886,1.0490189729974742,2.305251570290737,2.376481253642424
1h,2025-08-16T02:00:00+00:00,2025-08-16T03:00:00+00:00,3,5,Saturday,contract,0.02995908571061191,-0.05383289955906878,-0.0017045450546624534,3.0907,0.9350632542789706,2.190442294625809,2.3748665350891356
1h,2025-08-16T04:00:00+00:00,2025-08-16T05:00:00+00:00,5,5,Saturday,contract,0.02834992594435417,-0.04123300908916139,-0.001219225072642615,3.1059,1.8641939534434482,2.1797224636981185,2.363244148234003
1h,2025-08-16T23:00:00+00:00,2025-08-17T00:00:00+00:00,0,6,Sunday,contract,0.020488348956365678,-0.0434150415792508,-0.000929872996643516,3.1039,1.3273623505911887,2.042591578336935,2.274557814362569
1h,2025-08-18T01:00:00+00:00,2025-08-18T02:00:00+00:00,2,0,Monday,expand,0.022030420125945326,0.10694554284822488,0.002128429221081137,3.04,2.5723684210526407,5.138157894736846,5.138157894736846
1h,2025-08-18T17:00:00+00:00,2025-08-18T18:00:00+00:00,18,0,Monday,expand,0.03134193198718334,0.19105683313417599,0.0050275436932936055,3.069,1.7269468882372088,4.01433691756273,6.513522319973932
1h,2025-08-19T11:00:00+00:00,2025-08-19T12:00:00+00:00,12,1,Tuesday,contract,0.027470836200351522,-0.039718111294425706,-0.0011362181692578313,3.0142,3.6991573220091687,6.2736381129321295,6.2736381129321295
1h,2025-08-19T14:00:00+00:00,2025-08-19T15:00:00+00:00,15,1,Tuesday,expand,0.03185296178286166,0.11963785137482241,0.0034036183243952786,2.9413,2.536293475674029,4.0220310746948655,5.041988236494063
1h,2025-08-20T04:00:00+00:00,2025-08-20T05:00:00+00:00,5,2,Wednesday,contract,0.030375275065190884,-0.039350744505316615,-0.0012442519280916227,2.897,1.753538142906446,5.88885053503624,5.88885053503624
1h,2025-08-20T05:00:00+00:00,2025-08-20T06:00:00+00:00,6,2,Wednesday,contract,0.02912704113196297,-0.04109374912816344,-0.001248233933227913,2.8983,1.7527516130145164,5.886209157092083,5.886209157092083
1h,2025-08-20T14:00:00+00:00,2025-08-20T15:00:00+00:00,15,2,Wednesday,expand,0.03632536958805741,0.11255518441563206,0.00367497157014942,2.8873,2.490215772521035,3.6331520797977266,3.8721296713192292
1h,2025-08-20T22:00:00+00:00,2025-08-20T23:00:00+00:00,23,2,Wednesday,contract,0.03572526192568372,-0.04704029841143187,-0.001763481686591066,2.9681,1.933897105892655,3.1299484518715746,4.0025605606280195
1h,2025-08-21T05:00:00+00:00,2025-08-21T06:00:00+00:00,6,3,Thursday,contract,0.030878351832163926,-0.045143888249912556,-0.0014598732178587454,2.93,1.5529010238907883,2.7235494880546103,3.740614334470987
1h,2025-08-22T14:00:00+00:00,2025-08-22T15:00:00+00:00,15,4,Friday,expand,0.04329761486202182,0.38957144823788625,0.012138645010613697,3.004,3.0426098535286337,4.587217043941409,4.587217043941409
1h,2025-08-22T23:00:00+00:00,2025-08-23T00:00:00+00:00,0,5,Saturday,contract,0.037289279183319715,-0.04055276178367495,-0.0015760983987169117,3.0738,3.47127334244258,3.477779946645845,3.477779946645845
1h,2025-08-23T09:00:00+00:00,2025-08-23T10:00:00+00:00,10,5,Saturday,contract,0.03379732264253032,-0.04060883140511795,-0.0014305632801946688,3.047,1.3324581555628476,2.7075812274368234,2.7075812274368234
1h,2025-08-23T15:00:00+00:00,2025-08-23T16:00:00+00:00,16,5,Saturday,contract,0.028695902537270408,-0.044798956492663744,-0.0013458386567131338,3.0181,0.675921937642887,2.6175408369504054,3.064842119214069
1h,2025-08-23T17:00:00+00:00,2025-08-23T18:00:00+00:00,18,5,Saturday,contract,0.02638320167754441,-0.046915398715592804,-0.0012987078213495679,3.0176,0.6196977730646851,2.435710498409336,3.065349946977724
1h,2025-08-23T18:00:00+00:00,2025-08-23T19:00:00+00:00,19,5,Saturday,contract,0.02498440155771982,-0.053018588756616025,-0.0013988001198245899,3.0217,0.8935367508356268,2.9056491379025084,3.974583843531782
1h,2025-08-23T19:00:00+00:00,2025-08-23T20:00:00+00:00,20,5,Saturday,contract,0.02392837287502553,-0.042267519606367876,-0.0010560286826942905,3.0291,1.0861311940840417,3.053712323792539,4.374236571919046
1h,2025-08-23T20:00:00+00:00,2025-08-23T21:00:00+00:00,21,5,Saturday,contract,0.022912060526809393,-0.04247310728247977,-0.0010163123482161383,3.0314,1.2700402454311532,3.051395394867052,4.727188757669723
1h,2025-08-23T21:00:00+00:00,2025-08-23T22:00:00+00:00,22,5,Saturday,contract,0.021896913346322988,-0.044306236852795555,-0.0010151471804864046,3.0319,1.932781424189459,3.050892179821228,4.726409182360896
1h,2025-08-24T18:00:00+00:00,2025-08-24T19:00:00+00:00,19,6,Sunday,expand,0.024621555846401123,0.17073204072705805,0.0035906495502768324,3.1093,4.608754382015244,6.741067121216994,6.741067121216994
1h,2025-08-24T19:00:00+00:00,2025-08-24T20:00:00+00:00,20,6,Sunday,expand,0.0323271590002296,0.3129616666752921,0.00770560315382848,3.0334,2.0538010153623008,4.4504516384255375,5.996571503922997
1h,2025-08-25T19:00:00+00:00,2025-08-25T20:00:00+00:00,20,0,Monday,expand,0.03489655777010322,0.1359789564885021,0.004177187863838212,2.8752,2.514607679465785,3.957985531441303,9.070673344462998
1h,2025-08-25T23:00:00+00:00,2025-08-26T00:00:00+00:00,0,1,Tuesday,contract,0.035686213725320694,-0.03971421245583029,-0.001475862594255424,2.8567,1.8027794308117715,3.4235306472503195,8.285784296565964
1h,2025-08-26T19:00:00+00:00,2025-08-26T20:00:00+00:00,20,1,Tuesday,expand,0.035663896816957884,0.20990930596919744,0.006187392552541689,3.0596,1.9512354556151232,2.670283697215326,2.670283697215326
1h,2025-08-27T05:00:00+00:00,2025-08-27T06:00:00+00:00,6,2,Wednesday,contract,0.030096522405447516,-0.04139769207958366,-0.0012997324927267392,3.0136,1.2941332625431428,2.452216617998395,3.0528271834350824
1h,2025-08-27T11:00:00+00:00,2025-08-27T12:00:00+00:00,12,2,Wednesday,contract,0.02524774796419268,-0.0493753393994939,-0.0013113652280148207,2.9967,1.484966796809831,3.0700437147528827,3.0700437147528827
1h,2025-08-28T09:00:00+00:00,2025-08-28T10:00:00+00:00,10,3,Thursday,contract,0.023913384029873468,-0.04106694152303425,-0.001024106463836407,2.9984,1.0505602988260507,2.931563500533628,6.086579509071508
1h,2025-08-28T11:00:00+00:00,2025-08-28T12:00:00+00:00,12,3,Thursday,contract,0.02218041786249295,-0.04180570681901141,-0.0009677244509610078,3.0065,1.8526525860635392,2.960252785631132,6.070181273906539
1h,2025-08-29T11:00:00+00:00,2025-08-29T12:00:00+00:00,12,4,Friday,contract,0.023487869205821528,-0.03989517488370531,-0.0009759899389093739,2.8751,3.6381343257625827,5.571980105039828,5.571980105039828
1h,2025-08-30T00:00:00+00:00,2025-08-30T01:00:00+00:00,1,5,Saturday,contract,0.02771084169393327,-0.04102427397395858,-0.0011854493610717748,2.8161,2.1874223216505206,2.634849614715396,3.05031781541849
1h,2025-08-30T04:00:00+00:00,2025-08-30T05:00:00+00:00,5,5,Saturday,contract,0.02927624816796203,-0.04582035223021841,-0.001405865243689377,2.8109,0.9071827528549603,2.1665658685830222,3.3832580312355454
1h,2025-08-30T06:00:00+00:00,2025-08-30T07:00:00+00:00,7,5,Saturday,contract,0.027791765001967266,-0.041878560922859576,-0.0012147511539974815,2.8259,1.3765526027106543,2.1267560777097656,3.365299550585653
1h,2025-08-30T07:00:00+00:00,2025-08-30T08:00:00+00:00,8,5,Saturday,contract,0.026656638930398192,-0.04084397199993317,-0.0011351260715690738,2.8304,1.3001695873374925,2.049180327868862,3.3599491237987547
1h,2025-08-30T21:00:00+00:00,2025-08-30T22:00:00+00:00,22,5,Saturday,contract,0.019379996613894213,-0.04030168567886294,-0.0008138458933764844,2.8052,2.4989305575360063,2.4989305575360063,2.6664765435619473
1h,2025-09-01T07:00:00+00:00,2025-09-01T08:00:00+00:00,8,0,Monday,expand,0.026154845790284424,0.1407235146870882,0.003226550323824299,2.793,2.5778732545649863,5.105621195846754,5.105621195846754
1h,2025-09-01T21:00:00+00:00,2025-09-01T22:00:00+00:00,22,0,Monday,expand,0.030813868012558476,0.10142074533441958,0.0028373947682647227,2.7266,2.196875229223203,4.247047605075907,5.053913298613655
1h,2025-09-02T10:00:00+00:00,2025-09-02T11:00:00+00:00,11,1,Tuesday,contract,0.024846928570507788,-0.04592115528876872,-0.001195917582346745,2.8106,2.99580160819754,3.7038354799686846,3.7038354799686846
1h,2025-09-02T13:00:00+00:00,2025-09-02T14:00:00+00:00,14,1,Tuesday,expand,0.028303171308092446,0.11145583154374816,0.0028382175916852256,2.8273,2.281328475931092,2.9851802072648668,3.314115941003773
1h,2025-09-03T23:00:00+00:00,2025-09-04T00:00:00+00:00,0,3,Thursday,contract,0.019498697168171337,-0.05020461926801911,-0.0010306690129362542,2.843,0.8547309180443111,2.033063665142466,2.7365459022159646
1h,2025-09-05T14:00:00+00:00,2025-09-05T15:00:00+00:00,15,4,Friday,expand,0.02494882790795925,0.21390225327784718,0.004396244007080063,2.8074,1.392747738120678,2.325995583101807,2.325995583101807
1h,2025-09-05T22:00:00+00:00,2025-09-05T23:00:00+00:00,23,4,Friday,contract,0.02351686486050517,-0.039030039490732804,-0.0009551434508080978,2.8178,0.4861949038256655,0.9936830151181781,1.2953367875647739
1h,2025-09-05T23:00:00+00:00,2025-09-06T00:00:00+00:00,0,5,Saturday,contract,0.022565660227611955,-0.0404477654030615,-0.0009512046328932142,2.8132,0.5971847006967128,1.027299872031855,1.2974548556803709
1h,2025-09-06T00:00:00+00:00,2025-09-06T01:00:00+00:00,1,5,Saturday,contract,0.021675255925639673,-0.03945837582375533,-0.0008904043019722814,2.8141,0.5969937102448358,1.133577342667292,1.29703990618671
1h,2025-09-06T01:00:00+00:00,2025-09-06T02:00:00+00:00,2,5,Saturday,contract,0.020698451930951125,-0.04506539613832594,-0.0009768039946885486,2.8169,0.5893002946501456,1.136000568000285,1.2957506478753311
1h,2025-09-06T03:00:00+00:00,2025-09-06T04:00:00+00:00,4,5,Saturday,contract,0.01939254273638131,-0.03922528732455077,-0.0007917340566447086,2.8255,0.4813307379225014,1.2245620244204634,1.2245620244204634
1h,2025-09-06T05:00:00+00:00,2025-09-06T06:00:00+00:00,6,5,Saturday,contract,0.017761937359430827,-0.057018423651771455,-0.0010739951814946781,2.8128,0.5155005688282123,1.0345563139931786,1.2123151308304898
1h,2025-09-06T06:00:00+00:00,2025-09-06T07:00:00+00:00,7,5,Saturday,contract,0.01679322754804291,-0.0545385219970711,-0.0009687098113879168,2.8158,0.6143902265785955,1.033454080545498,1.211023510192486
1h,2025-09-06T07:00:00+00:00,2025-09-06T08:00:00+00:00,8,5,Saturday,contract,0.015965139866039837,-0.0493108117325296,-0.0008280876820030737,2.8189,0.7024016460321416,1.0039377061974604,1.5112277838873387
1h,2025-09-06T08:00:00+00:00,2025-09-06T09:00:00+00:00,9,5,Saturday,contract,0.015246201304179849,-0.04503177346972542,-0.0007189385618599879,2.8137,0.5046735615026395,0.9062799872054618,1.5957635853147158
1h,2025-09-06T11:00:00+00:00,2025-09-06T12:00:00+00:00,12,5,Saturday,contract,0.013606342662275157,-0.04018878397339565,-0.0005697186663288761,2.8046,0.6382371817728028,1.2015973757398581,1.6009413107038493
1h,2025-09-06T14:00:00+00:00,2025-09-06T15:00:00+00:00,15,5,Saturday,contract,0.01230613514177059,-0.04481652187428664,-0.0005773950109054359,2.8099,0.7437987116979144,1.2135663190860893,4.868500658386421
1h,2025-09-06T18:00:00+00:00,2025-09-06T19:00:00+00:00,19,5,Saturday,contract,0.011655183407541351,-0.042075459127207004,-0.0005119371851954983,2.7992,0.6180337239211237,1.6040297227779423,4.887110603029439
1h,2025-09-07T04:00:00+00:00,2025-09-07T05:00:00+00:00,5,6,Sunday,contract,0.00946012627703218,-0.03951934092190745,-0.00038924048284863337,2.8206,0.6523434730199317,3.910515493157486,3.910515493157486
1h,2025-09-07T11:00:00+00:00,2025-09-07T12:00:00+00:00,12,6,Sunday,contract,0.008675094262273132,-0.042250857791985785,-0.00038269955863637524,2.8304,3.5507348784624013,3.5507348784624013,4.472866026003385
1h,2025-09-07T14:00:00+00:00,2025-09-07T15:00:00+00:00,15,6,Sunday,expand,0.014497916215092567,0.5709895104620488,0.005269391060377474,2.8839,1.7927112590589083,1.7927112590589083,5.069523908595994
1h,2025-09-09T14:00:00+00:00,2025-09-09T15:00:00+00:00,15,1,Tuesday,expand,0.025768629317890708,0.1380325411522343,0.0031254900524699605,2.9658,1.173376492008907,1.2576707802279203,3.0177355182412735
1h,2025-09-09T22:00:00+00:00,2025-09-09T23:00:00+00:00,23,1,Tuesday,contract,0.021422830543923462,-0.042372760893016115,-0.0009479100418402567,2.9488,0.9834508952794329,3.0351329354313514,3.0351329354313514
1h,2025-09-10T23:00:00+00:00,2025-09-11T00:00:00+00:00,0,3,Thursday,contract,0.01815945751765762,-0.0389177376984805,-0.0007353428859736659,2.9822,1.1233317684930468,3.1151498893434444,3.564482596740663
1h,2025-09-11T12:00:00+00:00,2025-09-11T13:00:00+00:00,13,3,Thursday,expand,0.022521213134458307,0.31645567146158804,0.005413752835810918,2.9969,1.2479562214288056,3.216657212452869,3.263372151222926
1h,2025-09-12T20:00:00+00:00,2025-09-12T21:00:00+00:00,21,4,Friday,expand,0.02525125688122495,0.10409321042566244,0.002380672547598082,3.1221,1.3292335287146502,3.25101694372378,3.25101694372378
1h,2025-09-13T13:00:00+00:00,2025-09-13T14:00:00+00:00,14,5,Saturday,expand,0.026735784497166844,0.11577560738363712,0.0027741704232948396,3.1416,2.1645021645021667,2.6037687802393785,4.233511586452763
1h,2025-09-13T19:00:00+00:00,2025-09-13T20:00:00+00:00,20,5,Saturday,contract,0.02654960776241532,-0.0454918627573907,-0.0012653544432627145,3.11,0.6141479099678423,2.376205787781353,3.816720257234728
1h,2025-09-13T21:00:00+00:00,2025-09-13T22:00:00+00:00,22,5,Saturday,contract,0.024574406693103016,-0.040182485986924976,-0.0010288005148540724,3.1188,1.4107990252661293,3.3089649865332733,3.789919199692185
1h,2025-09-13T22:00:00+00:00,2025-09-13T23:00:00+00:00,23,5,Saturday,contract,0.023526234786452802,-0.04265298933725181,-0.0010481719066502138,3.1192,1.4106181072069772,3.789433187996918,3.789433187996918
1h,2025-09-13T23:00:00+00:00,2025-09-14T00:00:00+00:00,0,6,Sunday,contract,0.02252436087313475,-0.04258539126264971,-0.0010018739133180535,3.1181,1.395080337384956,3.7747346140277775,3.7747346140277775
1h,2025-09-14T20:00:00+00:00,2025-09-14T21:00:00+00:00,21,6,Sunday,contract,0.0219986778066519,-0.04219510672439408,-0.0009691290620501558,3.0366,1.0669828097213985,3.7443193044852845,3.7443193044852845
1h,2025-09-15T08:00:00+00:00,2025-09-15T09:00:00+00:00,9,0,Monday,expand,0.027125134791455032,0.13256661327988217,0.003174989631426539,2.958,1.5990534144692325,3.045977011494255,3.275862068965524
1h,2025-09-16T21:00:00+00:00,2025-09-16T22:00:00+00:00,22,1,Tuesday,contract,0.021190240742017107,-0.039036172381778256,-0.0008607877493859127,3.0528,0.8123689727463291,1.8212788259958101,2.8563941299790265
1h,2025-09-17T09:00:00+00:00,2025-09-17T10:00:00+00:00,10,2,Wednesday,contract,0.017134512966317173,-0.045566749483279545,-0.0008180394589474768,3.0132,1.1715120138059316,4.198194610380978,4.715916633479346
1h,2025-09-17T11:00:00+00:00,2025-09-17T12:00:00+00:00,12,2,Wednesday,contract,0.01641802393524287,-0.03967573133275337,-0.0006783095334802168,3.0073,0.9942473314933675,4.352741661955908,5.2006783493499045
1h,2025-09-17T17:00:00+00:00,2025-09-17T18:00:00+00:00,18,2,Wednesday,expand,0.01923511064863037,0.1529100119018958,0.0025511453347207384,3.0194,2.7720739219712485,4.706233026429081,5.249387295489158
1h,2025-09-17T18:00:00+00:00,2025-09-17T19:00:00+00:00,19,2,Wednesday,expand,0.023839745602299622,0.23938697508855356,0.004604634953669251,2.9965,3.237109961621891,4.375104288336392,4.8556649424328295
1h,2025-09-19T22:00:00+00:00,2025-09-19T23:00:00+00:00,23,4,Friday,contract,0.018215436607287146,-0.04057853640817377,-0.0007704182005605492,2.9915,0.7554738425538937,1.4775196389771024,1.4775196389771024
1h,2025-09-20T04:00:00+00:00,2025-09-20T05:00:00+00:00,5,5,Saturday,contract,0.016049512606750655,-0.038921133972003585,-0.0006499625082115844,2.9912,0.8157261299812776,1.4776678256218245,1.4776678256218245
1h,2025-09-21T09:00:00+00:00,2025-09-21T10:00:00+00:00,10,6,Sunday,expand,0.014512723994873526,0.10409334060500908,0.0013682520003943273,2.9773,0.6919020589124358,3.2680616666106785,10.798374366036338
1h,2025-09-22T00:00:00+00:00,2025-09-22T01:00:00+00:00,1,0,Monday,expand,0.020642240289062728,0.2803443738158762,0.004519827670072106,2.915,2.044596912521444,9.070325900514586,9.070325900514586
1h,2025-09-22T05:00:00+00:00,2025-09-22T06:00:00+00:00,6,0,Monday,expand,0.023708751419882674,0.10382847555686969,0.0022300960446244265,2.8453,6.280532808491198,7.138087372157595,7.1626893473447515
1h,2025-09-22T06:00:00+00:00,2025-09-22T07:00:00+00:00,7,0,Monday,expand,0.03477955488989106,0.46695008412480843,0.011070803470008387,2.8222,1.3429239600311829,3.0189214088299887,3.2208915030827003
1h,2025-09-22T11:00:00+00:00,2025-09-22T12:00:00+00:00,12,0,Monday,contract,0.03087497131725683,-0.04718098578795993,-0.0015288439474812864,2.8148,2.51527639619155,2.6929089100468984,3.026858036094925
1h,2025-09-22T23:00:00+00:00,2025-09-23T00:00:00+00:00,0,1,Tuesday,contract,0.02651572610087607,-0.048093775946027706,-0.0013396712385289195,2.8512,2.5743546576880036,2.9882154882154865,3.4441638608305376
1h,2025-09-23T03:00:00+00:00,2025-09-23T04:00:00+00:00,4,1,Tuesday,expand,0.030145576144500252,0.12406684200871543,0.0033272633735000057,2.8587,1.703571553503332,2.158323713576104,3.239234617133663
1h,2025-09-23T11:00:00+00:00,2025-09-23T12:00:00+00:00,12,1,Tuesday,contract,0.025224797395782837,-0.04129488240615542,-0.001086522876598689,2.857,1.0885544277213828,3.2411620581029053,3.808190409520476
1h,2025-09-24T04:00:00+00:00,2025-09-24T05:00:00+00:00,5,2,Wednesday,expand,0.026473981913864134,0.11007123674935393,0.002625078314318144,2.8391,1.4687753161213084,5.5616216406607775,5.776478461484278
1h,2025-09-24T09:00:00+00:00,2025-09-24T10:00:00+00:00,10,2,Wednesday,contract,0.02343660745289231,-0.045239867622011376,-0.0011105082656071089,2.8727,0.671841821283109,4.445295366728162,5.976955477425417
1h,2025-09-24T10:00:00+00:00,2025-09-24T11:00:00+00:00,11,2,Wednesday,contract,0.022269706920542847,-0.04978965213693731,-0.0011669005323494616,2.8717,1.904795069122818,4.335411080544635,6.215830344395309
1h,2025-09-24T14:00:00+00:00,2025-09-24T15:00:00+00:00,15,2,Wednesday,expand,0.02260994896287027,0.09987323154667127,0.002053080849009955,2.9185,1.6618125749528787,5.619324995716983,7.212609217063565
1h,2025-09-26T04:00:00+00:00,2025-09-26T05:00:00+00:00,5,4,Friday,contract,0.03191840008182434,-0.04404576726998477,-0.0014706461601403376,2.7617,1.3868269544121374,4.03736828764891,4.03736828764891
1h,2025-09-26T08:00:00+00:00,2025-09-26T09:00:00+00:00,9,4,Friday,contract,0.030284257203690775,-0.039485393198544716,-0.0012449428618223693,2.7581,2.8787933722490164,4.042638047931544,4.042638047931544
1h,2025-09-26T22:00:00+00:00,2025-09-26T23:00:00+00:00,23,4,Friday,contract,0.032026451859912354,-0.046111844630015386,-0.001548188604608619,2.781,0.773103200287669,1.4563106796116416,2.4020136641495773
1h,2025-09-26T23:00:00+00:00,2025-09-27T00:00:00+00:00,0,5,Saturday,contract,0.030695991012775748,-0.041542561534952616,-0.001330460847136606,2.7823,0.8302483556769701,1.4556302339790732,2.4008913488840076
1h,2025-09-27T00:00:00+00:00,2025-09-27T01:00:00+00:00,1,5,Saturday,contract,0.029289134511863206,-0.04583192965905558,-0.001406856500912542,2.7793,0.8383405893570438,1.4572014536034166,2.403482891375517
1h,2025-09-27T04:00:00+00:00,2025-09-27T05:00:00+00:00,5,5,Saturday,contract,0.025254052238476817,-0.04189047208382324,-0.0011041578644982245,2.7823,1.2435754591524903,1.4556302339790732,2.4008913488840076
1h,2025-09-27T06:00:00+00:00,2025-09-27T07:00:00+00:00,7,5,Saturday,contract,0.023573136879094802,-0.04091442365309761,-0.0010056259137765297,2.7956,1.448705108026891,2.389469165832013,2.389469165832013
1h,2025-09-27T13:00:00+00:00,2025-09-27T14:00:00+00:00,14,5,Saturday,contract,0.020259234056968688,-0.04758712787797237,-0.001012248773612983,2.7804,0.8631851532153654,2.3809523809523743,2.3809523809523743
1h,2025-09-27T14:00:00+00:00,2025-09-27T15:00:00+00:00,15,5,Saturday,contract,0.019283574481470937,-0.04815875924796609,-0.0009756595754977504,2.781,0.996044588277592,2.3804386911182958,2.3804386911182958
1h,2025-09-27T19:00:00+00:00,2025-09-27T20:00:00+00:00,20,5,Saturday,contract,0.017092617324531423,-0.03931149723811378,-0.0006994321018870334,2.7886,1.4738578498171013,2.076310693537978,2.4636018073585384
1h,2025-09-29T14:00:00+00:00,2025-09-29T15:00:00+00:00,15,0,Monday,expand,0.022100140648627007,0.11012226627409172,0.002192296873182519,2.9071,1.5754532007842967,1.695848096040732,2.934195590106985
1h,2025-09-30T04:00:00+00:00,2025-09-30T05:00:00+00:00,5,1,Tuesday,contract,0.019421518735235406,-0.03927499679859281,-0.0007939629796334877,2.8798,1.8820751441072383,3.2675880269463184,3.2675880269463184
1h,2025-10-01T08:00:00+00:00,2025-10-01T09:00:00+00:00,9,2,Wednesday,expand,0.02588735996289419,0.14888770823370634,0.003354818464392763,2.9159,1.5466922733975834,1.8964985081792896,2.8636098631640285
1h,2025-10-02T16:00:00+00:00,2025-10-02T17:00:00+00:00,17,3,Thursday,expand,0.029296743093736605,0.12495261172910888,0.0032540966850971922,3.0438,2.2603324791379333,3.147381562520537,3.147381562520537
1h,2025-10-03T10:00:00+00:00,2025-10-03T11:00:00+00:00,11,4,Friday,contract,0.024109173065073326,-0.03896984185441732,-0.0009776286973133264,3.0436,1.3273754764095147,2.917597581811013,3.7324221316861728
1h,2025-10-03T22:00:00+00:00,2025-10-03T23:00:00+00:00,23,4,Friday,contract,0.025927416335764487,-0.04593308557441078,-0.0012482627950588382,3.0468,1.1914139424970533,2.8488906393593347,3.7383484311408726
1h,2025-10-04T06:00:00+00:00,2025-10-04T07:00:00+00:00,7,5,Saturday,contract,0.02100687273922999,-0.045129522389242394,-0.0009928363645561357,3.0256,1.6195134849286217,3.057244843997893,3.496827075621361
1h,2025-10-04T18:00:00+00:00,2025-10-04T19:00:00+00:00,19,5,Saturday,contract,0.019874627751537477,-0.04110165875653171,-0.0008518944424259663,2.943,0.9887869520897087,4.447842337750595,4.447842337750595
1h,2025-10-05T02:00:00+00:00,2025-10-05T03:00:00+00:00,3,6,Sunday,expand,0.019721965900910046,0.11468335382882988,0.002029079546083813,3.0041,1.4014180619819587,3.4785792749908397,4.224226889917113
1h,2025-10-06T03:00:00+00:00,2025-10-06T04:00:00+00:00,4,0,Monday,contract,0.02413520949416495,-0.04223293027391106,-0.0010642468841665365,2.9767,1.253065475190651,2.9898881311519454,2.9898881311519454
1h,2025-10-06T09:00:00+00:00,2025-10-06T10:00:00+00:00,10,0,Monday,contract,0.022398031844634368,-0.04618180264039262,-0.0010844639880488172,2.9905,0.8292927604079563,2.4444072897508686,3.24026082594883
1h,2025-10-07T13:00:00+00:00,2025-10-07T14:00:00+00:00,14,1,Tuesday,expand,0.021373494789245745,0.13212177391062752,0.002494346554673392,2.9526,2.956716114610849,4.284359547517445,4.284359547517445
1h,2025-10-07T14:00:00+00:00,2025-10-07T15:00:00+00:00,15,1,Tuesday,expand,0.02368967373287104,0.10836687993536276,0.0023161789436252946,2.9083,1.9805384588935226,3.0017536017604916,3.0017536017604916
1h,2025-10-08T09:00:00+00:00,2025-10-08T10:00:00+00:00,10,2,Wednesday,contract,0.021356964411959053,-0.03929779441864667,-0.000873612647073755,2.8683,1.0633476275145546,2.579925391346785,4.842589687271206
1h,2025-10-08T22:00:00+00:00,2025-10-08T23:00:00+00:00,23,2,Wednesday,contract,0.019861879340106508,-0.0467458625788858,-0.0009739907184697257,2.8937,2.467429242837894,3.7979057953485196,4.298994367073299
1h,2025-10-10T11:00:00+00:00,2025-10-10T12:00:00+00:00,12,4,Friday,contract,0.019911842798603956,-0.04926010846376916,-0.0010316802152772336,2.8172,4.426380803634808,58.803066874911245,58.803066874911245
1h,2025-10-10T15:00:00+00:00,2025-10-10T16:00:00+00:00,16,4,Friday,expand,0.02576488291781876,0.23545978767370657,0.004910393621706241,2.74,4.872262773722618,57.81021897810218,57.81021897810218
1h,2025-10-10T19:00:00+00:00,2025-10-10T20:00:00+00:00,20,4,Friday,expand,0.030466186511240643,0.14824548711154661,0.003933370268366095,2.6752,56.709778708133975,56.709778708133975,56.709778708133975
1h,2025-10-10T20:00:00+00:00,2025-10-10T21:00:00+00:00,21,4,Friday,expand,0.04909717318900918,0.6115299882016592,0.018630986677768534,2.4962,54.87941671340438,54.87941671340438,54.87941671340438
1h,2025-10-10T21:00:00+00:00,2025-10-10T22:00:00+00:00,22,4,Friday,expand,0.14344023224693708,1.921557860260831,0.0943430590579279,2.3266,14.445972663973183,16.913092065675233,16.913092065675233
1h,2025-10-11T04:00:00+00:00,2025-10-11T05:00:00+00:00,5,5,Saturday,contract,0.13133357383064395,-0.0437607869967076,-0.006010274910049518,2.4415,4.116321933237756,6.934261724349776,7.962318246979312
1h,2025-10-11T06:00:00+00:00,2025-10-11T07:00:00+00:00,7,5,Saturday,contract,0.12103405090499401,-0.04138845786016432,-0.005225696223461071,2.4216,4.468120251073673,7.5487281136438655,8.027750247770065
1h,2025-10-11T07:00:00+00:00,2025-10-11T08:00:00+00:00,8,5,Saturday,contract,0.11561019012606588,-0.0448126848467264,-0.005423860778928133,2.4102,4.451912704339887,7.584432827151268,8.065720687079907
1h,2025-10-11T09:00:00+00:00,2025-10-11T10:00:00+00:00,10,5,Saturday,contract,0.10855266393523025,-0.04606972605996218,-0.005242512610402331,2.4675,2.849037487335361,6.893617021276584,7.36372847011144
1h,2025-10-11T10:00:00+00:00,2025-10-11T11:00:00+00:00,11,5,Saturday,contract,0.10310604508271382,-0.05017489810997411,-0.005446618852516433,2.4759,2.839371541661619,7.338745506684427,7.338745506684427
1h,2025-10-11T11:00:00+00:00,2025-10-11T12:00:00+00:00,12,5,Saturday,contract,0.09882704186251999,-0.04150099266014051,-0.004279003220193825,2.4759,2.9080334423845717,7.338745506684427,7.338745506684427
1h,2025-10-11T14:00:00+00:00,2025-10-11T15:00:00+00:00,15,5,Saturday,contract,0.08776567455246229,-0.046837730870559424,-0.004312744196343227,2.4574,1.4486856026694732,7.393993651827124,7.393993651827124
1h,2025-10-11T15:00:00+00:00,2025-10-11T16:00:00+00:00,16,5,Saturday,contract,0.08360384065585781,-0.04741983603301225,-0.004161833896604475,2.4775,4.431886982845606,7.334006054490404,8.242179616548945
1h,2025-10-11T16:00:00+00:00,2025-10-11T17:00:00+00:00,17,5,Saturday,contract,0.0798107091804394,-0.04537030171893963,-0.003793131475418418,2.4749,6.3073255485070066,7.321507939714738,9.29330477999111
1h,2025-10-11T17:00:00+00:00,2025-10-11T18:00:00+00:00,18,5,Saturday,contract,0.07560280138183659,-0.05272359864751219,-0.004207907798602806,2.4785,6.342545894694372,6.810570909824492,9.392777889852738
1h,2025-10-11T18:00:00+00:00,2025-10-11T19:00:00+00:00,19,5,Saturday,contract,0.07145260128313399,-0.05489479255856877,-0.004150200098702594,2.4679,5.948377162769958,6.418412415413909,9.433121277199243
1h,2025-10-11T22:00:00+00:00,2025-10-11T23:00:00+00:00,23,5,Saturday,contract,0.06895420255225918,-0.04430279983433005,-0.0031964771194045866,2.3946,3.7250480247222897,7.024137643030157,11.35889083771819
1h,2025-10-11T23:00:00+00:00,2025-10-12T00:00:00+00:00,0,6,Sunday,contract,0.06580033094138352,-0.04573864237622638,-0.003153871610875658,2.3806,3.167268755775861,8.57766949508528,11.425691002268328
1h,2025-10-12T07:00:00+00:00,2025-10-12T08:00:00+00:00,8,6,Sunday,contract,0.05218998250984012,-0.043141614353640056,-0.0023530755776799833,2.3883,1.7711342796131142,9.316250052338471,11.547962986224505
1h,2025-10-12T08:00:00+00:00,2025-10-12T09:00:00+00:00,9,6,Sunday,contract,0.04991926947342296,-0.04350859929851525,-0.0022707130364171546,2.3812,2.1921720141105334,9.344028221064995,11.825970099109695
1h,2025-10-12T11:00:00+00:00,2025-10-12T12:00:00+00:00,12,6,Sunday,contract,0.04514159439982151,-0.04405012727757229,-0.0020801226461401173,2.3956,6.4576723993989,9.28786107864417,11.754883953915515
1h,2025-10-12T14:00:00+00:00,2025-10-12T15:00:00+00:00,15,6,Sunday,expand,0.049015117673618026,0.12279022402777584,0.005360375563567846,2.4399,4.41001680396738,7.061764826427308,8.43887044551007
1h,2025-10-13T22:00:00+00:00,2025-10-13T23:00:00+00:00,23,0,Monday,contract,0.03941325748752726,-0.04011583919452444,-0.001647173652886691,2.6079,2.2431841711722074,8.90755013612485,8.90755013612485
1h,2025-10-13T23:00:00+00:00,2025-10-14T00:00:00+00:00,0,1,Tuesday,contract,0.03780516766698961,-0.040800733637572306,-0.0016080898205376518,2.6042,2.7839643652561334,8.920205821365485,8.920205821365485
1h,2025-10-14T06:00:00+00:00,2025-10-14T07:00:00+00:00,7,1,Tuesday,expand,0.041012796146497,0.12534786376417473,0.004568246450269431,2.465,2.7951318458417926,5.991886409736306,5.991886409736306
1h,2025-10-14T23:00:00+00:00,2025-10-15T00:00:00+00:00,0,2,Wednesday,contract,0.036979858807758496,-0.04315103718809343,-0.0016676814467506615,2.502,1.8545163868904788,4.952038369304571,6.914468425259794
1h,2025-10-15T07:00:00+00:00,2025-10-15T08:00:00+00:00,8,2,Wednesday,contract,0.0310473666826887,-0.03938319514750721,-0.0012728743602068264,2.5059,2.8652380382297813,6.903707250887907,6.903707250887907
1h,2025-10-15T10:00:00+00:00,2025-10-15T11:00:00+00:00,11,2,Wednesday,contract,0.030430599344703737,-0.03941107438502767,-0.0012485076419003031,2.4955,2.392306151071942,5.489881787216992,6.451612903225808
1h,2025-10-16T09:00:00+00:00,2025-10-16T10:00:00+00:00,10,3,Thursday,expand,0.031192906629772615,0.13492023480330095,0.0037082379515559274,2.422,1.8538398018166868,7.551610239471514,10.978530140379842
1h,2025-10-16T15:00:00+00:00,2025-10-16T16:00:00+00:00,16,3,Thursday,expand,0.035379463217487236,0.12808177011496635,0.004016964367885574,2.354,3.8954970263381434,7.21325403568394,9.035683942225994
1h,2025-10-17T04:00:00+00:00,2025-10-17T05:00:00+00:00,5,4,Friday,contract,0.03431366490794821,-0.04437457279385726,-0.001593358839072953,2.3469,6.566108483531454,7.056116579317395,7.056116579317395
1h,2025-10-18T08:00:00+00:00,2025-10-18T09:00:00+00:00,9,5,Saturday,contract,0.029310762165016067,-0.04153121450438535,-0.0012700586280781634,2.347,1.883255219429059,2.466979122283769,2.726885385598639
1h,2025-10-18T22:00:00+00:00,2025-10-18T23:00:00+00:00,23,5,Saturday,contract,0.022187689852727305,-0.04213392399622029,-0.0009759761425174769,2.3599,1.1822534853171665,4.123056061697537,4.305267172337826
1h,2025-10-18T23:00:00+00:00,2025-10-19T00:00:00+00:00,0,6,Sunday,contract,0.021052854863246782,-0.051147054831444216,-0.001134834989480523,2.3582,1.407853447544733,4.126028326689855,4.308370791281501
1h,2025-10-19T09:00:00+00:00,2025-10-19T10:00:00+00:00,10,6,Sunday,expand,0.02438478502300141,0.15195200517316354,0.0032165549982306786,2.3618,2.1593699720552184,2.7690744347531693,5.2841053433821665
1h,2025-10-20T03:00:00+00:00,2025-10-20T04:00:00+00:00,4,0,Monday,expand,0.0258410423139393,0.11319361717944854,0.0026276121296969802,2.4328,1.911377836238079,5.162775402828014,5.162775402828014
1h,2025-10-20T19:00:00+00:00,2025-10-20T20:00:00+00:00,20,0,Monday,expand,0.027315373829391986,0.18518626540383232,0.0042680481669698615,2.522,2.073750991276774,5.3053132434575705,5.3053132434575705
1h,2025-10-20T23:00:00+00:00,2025-10-21T00:00:00+00:00,0,1,Tuesday,contract,0.027191524155072488,-0.039642118852255326,-0.0011224249350055802,2.4936,1.8808148861084533,5.261469361565599,5.261469361565599
1h,2025-10-21T09:00:00+00:00,2025-10-21T10:00:00+00:00,10,1,Tuesday,contract,0.023415272344001908,-0.040701891384380406,-0.0009934824880001164,2.4078,1.7858626131738577,5.370047346125084,6.379267381011711
1h,2025-10-21T14:00:00+00:00,2025-10-21T15:00:00+00:00,15,1,Tuesday,expand,0.027256749260764664,0.1610227327350493,0.0037802500568642552,2.4851,2.414389762987407,5.7623435676632635,6.768339302241346
1h,2025-10-22T02:00:00+00:00,2025-10-22T03:00:00+00:00,3,2,Wednesday,contract,0.029385921175715563,-0.04496447734476272,-0.001383532398131996,2.4225,1.9855521155830675,3.0175438596491118,4.660474716202261
1h,2025-10-22T06:00:00+00:00,2025-10-22T07:00:00+00:00,7,2,Wednesday,contract,0.027645038387640857,-0.04755787461573768,-0.0013803875682800656,2.402,1.5029142381348792,3.8509575353871695,3.9508742714404654
1h,2025-10-23T00:00:00+00:00,2025-10-23T01:00:00+00:00,1,3,Thursday,contract,0.02691226975986308,-0.04506971009443894,-0.0012701745969125322,2.3657,1.1666737117977797,2.375618210254894,2.6419241662087334
1h,2025-10-23T02:00:00+00:00,2025-10-23T03:00:00+00:00,3,3,Thursday,contract,0.024689150966412558,-0.04717007555694119,-0.0012222423820317414,2.375,1.8736842105263247,2.1726315789473536,2.1726315789473536
1h,2025-10-23T05:00:00+00:00,2025-10-23T06:00:00+00:00,6,3,Thursday,contract,0.022156109574784415,-0.04017557731688892,-0.0009273930442141864,2.393,1.0990388633514414,2.1562891767655517,2.958629335562046
1h,2025-10-23T09:00:00+00:00,2025-10-23T10:00:00+00:00,10,3,Thursday,contract,0.02020804210655502,-0.043014574043457765,-0.000908310931273467,2.4103,1.67613989959756,2.1408123470107308,3.7339750238559457
1h,2025-10-23T10:00:00+00:00,2025-10-23T11:00:00+00:00,11,3,Thursday,contract,0.01922889624180112,-0.04845327714535441,-0.0009791458647539011,2.4092,1.5150257346837024,2.1417898057446307,3.735679893740655
1h,2025-10-23T23:00:00+00:00,2025-10-24T00:00:00+00:00,0,4,Friday,contract,0.01979709094805596,-0.04204988277693178,-0.0008690069960043262,2.3936,0.9984959893048049,5.368482620320848,5.414438502673794
1h,2025-10-24T12:00:00+00:00,2025-10-24T13:00:00+00:00,13,4,Friday,expand,0.020792497452758647,0.10374857080405175,0.001954423272864707,2.4794,2.186012745018948,4.46075663466967,5.081874647092033
1h,2025-10-24T23:00:00+00:00,2025-10-25T00:00:00+00:00,0,5,Saturday,contract,0.021617093938513004,-0.04361939767128187,-0.0009859303029625469,2.5093,2.31140158609972,4.674610449129246,6.045510700195289
1h,2025-10-25T23:00:00+00:00,2025-10-26T00:00:00+00:00,0,6,Sunday,contract,0.023035478055488806,-0.0404857800416466,-0.0009719598504222028,2.5947,1.4028596754923492,2.7247851389370634,2.7633252399121235
1h,2025-10-26T07:00:00+00:00,2025-10-26T08:00:00+00:00,8,6,Sunday,contract,0.020961581864165517,-0.04607394449678193,-0.001012429374166575,2.6228,1.7347872502668942,2.5583346042397417,3.0120481927710916
1h,2025-10-26T17:00:00+00:00,2025-10-26T18:00:00+00:00,18,6,Sunday,contract,0.02001217700579058,-0.04343183528276051,-0.0009086290004454295,2.6215,1.4037764638565684,3.0135418653442754,3.76883463665841
1h,2025-10-28T14:00:00+00:00,2025-10-28T15:00:00+00:00,15,1,Tuesday,expand,0.02760684001367244,0.11630996304294694,0.0028763969220251956,2.6298,1.95452125636931,4.429994676401241,4.429994676401241
1h,2025-10-28T19:00:00+00:00,2025-10-28T20:00:00+00:00,20,1,Tuesday,expand,0.02918582110355149,0.1123248634425762,0.0029472445304960307,2.6412,3.0137816144176934,3.702862335302131,4.350295320308951
1h,2025-10-28T23:00:00+00:00,2025-10-29T00:00:00+00:00,0,2,Wednesday,contract,0.030526789268495832,-0.04044438676425244,-0.0012866760975765827,2.602,1.0991544965411206,2.4980784012298214,4.8847040737893925
1h,2025-10-29T18:00:00+00:00,2025-10-29T19:00:00+00:00,19,2,Wednesday,expand,0.03135223027190713,0.24515769927124964,0.006172905363699462,2.6069,2.903832137788173,5.665733246384592,8.289539299551189
1h,2025-10-30T03:00:00+00:00,2025-10-30T04:00:00+00:00,4,3,Thursday,contract,0.03133974467729908,-0.044870370093858525,-0.0014722880520999307,2.5779,4.259280809961592,8.413825206563477,8.452616470770772
1h,2025-10-30T04:00:00+00:00,2025-10-30T05:00:00+00:00,5,3,Thursday,expand,0.03584404862892056,0.14372497281013796,0.004504303951621477,2.5078,3.572852699577315,8.688890661137243,8.688890661137243
1h,2025-10-30T08:00:00+00:00,2025-10-30T09:00:00+00:00,9,3,Thursday,contract,0.03400693911106311,-0.04680265763923064,-0.0016697645470048414,2.5776,3.5653320918683997,7.945375543140893,7.945375543140893
1h,2025-10-30T22:00:00+00:00,2025-10-30T23:00:00+00:00,23,3,Thursday,contract,0.034209107952987636,-0.043261440991171685,-0.0015468544579221241,2.4355,2.4142886470950415,4.393348388421259,5.395196058304238
1h,2025-10-31T05:00:00+00:00,2025-10-31T06:00:00+00:00,6,4,Friday,contract,0.029355017505564348,-0.042299312718492854,-0.0012965398081203547,2.4828,1.1801192202352224,3.552440792653458,3.552440792653458
1h,2025-10-31T06:00:00+00:00,2025-10-31T07:00:00+00:00,7,4,Friday,contract,0.0279225162551669,-0.04879919591687909,-0.0014325012503974485,2.4801,1.6410628603685407,3.556308213378495,3.556308213378495
1h,2025-10-31T23:00:00+00:00,2025-11-01T00:00:00+00:00,0,5,Saturday,contract,0.027390979837543763,-0.04451878157331979,-0.0012762292182725843,2.5081,1.2200470475658938,1.9177863721542125,1.9177863721542125
1h,2025-11-01T01:00:00+00:00,2025-11-01T02:00:00+00:00,2,5,Saturday,contract,0.025529467308902536,-0.04277164941733591,-0.0011407282545309663,2.4979,1.4011769886704888,1.9256175187157138,1.9256175187157138
1h,2025-11-01T17:00:00+00:00,2025-11-01T18:00:00+00:00,18,5,Saturday,contract,0.01783584186055798,-0.04306960353358136,-0.000802757066196761,2.5042,0.8226180017570462,1.9726858877086628,2.899129462502995
1h,2025-11-01T20:00:00+00:00,2025-11-01T21:00:00+00:00,21,5,Saturday,contract,0.016142035192290773,-0.04087068328989296,-0.0006878488609454378,2.5076,0.7895996171638235,2.6120593396075975,3.122507576966025
1h,2025-11-02T11:00:00+00:00,2025-11-02T12:00:00+00:00,12,6,Sunday,expand,0.017055519556913284,0.1365842362080698,0.002049575418698966,2.5408,2.0859571788413076,4.990554156171294,6.738035264483637
1h,2025-11-03T15:00:00+00:00,2025-11-03T16:00:00+00:00,16,0,Monday,expand,0.03213615251902542,0.34285356471563366,0.008204911344690334,2.327,3.2831972496776975,7.013321873657061,7.125053717232486
1h,2025-11-04T05:00:00+00:00,2025-11-04T06:00:00+00:00,6,1,Tuesday,expand,0.03891524513147343,0.12970748695451872,0.004468058066809735,2.2495,3.5607912869526492,11.562569459879974,11.562569459879974
1h,2025-11-04T23:00:00+00:00,2025-11-05T00:00:00+00:00,0,2,Wednesday,contract,0.05290215856438898,-0.0391239014167164,-0.0021540121972606838,2.2039,6.869640183311413,8.471346249829852,12.491492354462547
1h,2025-11-05T05:00:00+00:00,2025-11-05T06:00:00+00:00,6,2,Wednesday,contract,0.0497463317630754,-0.03928750651429658,-0.002034333212544266,2.2415,2.154807048851206,7.686816863707335,9.471336158822215
1h,2025-11-05T07:00:00+00:00,2025-11-05T08:00:00+00:00,8,2,Wednesday,contract,0.0458991329997946,-0.040057302470153155,-0.0019153179230611272,2.2453,1.8483053489511465,7.673807509018836,9.45530664053801
1h,2025-11-06T02:00:00+00:00,2025-11-06T03:00:00+00:00,3,3,Thursday,expand,0.0401324247073615,0.11728688829627787,0.004212890407126038,2.3854,3.0560912215980625,7.621363293368005,8.853860987675034
1h,2025-11-07T16:00:00+00:00,2025-11-07T17:00:00+00:00,17,4,Friday,expand,0.03473628749065894,0.10137292440214551,0.003197208654564687,2.2621,5.463949427523104,5.463949427523104,5.870651164846825
1h,2025-11-07T17:00:00+00:00,2025-11-07T18:00:00+00:00,18,4,Friday,expand,0.038619409812754746,0.11178863956431817,0.003883122322095804,2.3086,3.179416096335437,3.4306506107597743,5.752404054405268
1h,2025-11-08T10:00:00+00:00,2025-11-08T11:00:00+00:00,11,5,Saturday,contract,0.028723133045786838,-0.04262081025818365,-0.001278702541983586,2.3119,2.41792465072018,3.3392447770232243,3.447380942082265
1h,2025-11-08T20:00:00+00:00,2025-11-08T21:00:00+00:00,21,5,Saturday,contract,0.02458978685590728,-0.04564701178463204,-0.0011761374504544314,2.2768,0.8257203092059096,2.6572382290934544,5.0992621222768735
1h,2025-11-08T22:00:00+00:00,2025-11-08T23:00:00+00:00,23,5,Saturday,contract,0.022951397850246576,-0.041601618087367065,-0.0009962613730959066,2.2859,1.4173848374819542,3.9065575921956412,5.08771162343059
1h,2025-11-08T23:00:00+00:00,2025-11-09T00:00:00+00:00,0,6,Sunday,contract,0.02183344086094324,-0.0487097560069234,-0.001117956989303337,2.2854,2.122166797934706,4.1699483679005835,6.869694583005165
1h,2025-11-09T14:00:00+00:00,2025-11-09T15:00:00+00:00,15,6,Sunday,expand,0.02254919886805759,0.15187624578667158,0.002973138548610983,2.2898,1.969604332256098,8.249628788540496,12.442134684251895
1h,2025-11-10T00:00:00+00:00,2025-11-10T01:00:00+00:00,1,0,Monday,expand,0.029638961627366796,0.16180241973556653,0.004127772182510238,2.4149,3.7641310199180085,7.739450908940314,8.045881817052454
1h,2025-11-11T10:00:00+00:00,2025-11-11T11:00:00+00:00,11,1,Tuesday,contract,0.030126635357874274,-0.044468994119307936,-0.0014020488736826188,2.4621,1.567767353072588,3.732586003817892,4.3336988749441545
1h,2025-11-12T04:00:00+00:00,2025-11-12T05:00:00+00:00,5,2,Wednesday,contract,0.025129190286897224,-0.04117649995016104,-0.0010791684836074893,2.3938,2.1430361767900368,5.568552092906684,8.208705823377052
1h,2025-11-13T03:00:00+00:00,2025-11-13T04:00:00+00:00,4,3,Thursday,expand,0.03495170793264188,0.2383281367939427,0.006726791697489073,2.4824,2.7755398001933504,8.713341927167255,10.091040928134069
1h,2025-11-15T03:00:00+00:00,2025-11-15T04:00:00+00:00,4,5,Saturday,contract,0.038508118202103425,-0.05334226517127483,-0.0021698552463156467,2.2934,1.0508415453039064,3.021714485044026,4.730967123048741
1h,2025-11-15T05:00:00+00:00,2025-11-15T06:00:00+00:00,6,5,Saturday,contract,0.035666693755895304,-0.043065514770225244,-0.0016051302889150132,2.2754,2.2765228091764116,3.643315461017862,4.618968093522026
1h,2025-11-15T07:00:00+00:00,2025-11-15T08:00:00+00:00,8,5,Saturday,contract,0.03306822063646077,-0.041832180444088984,-0.0014437092797277493,2.2842,1.97005516154452,3.331582173189751,4.303476052885039
1h,2025-11-15T15:00:00+00:00,2025-11-15T16:00:00+00:00,16,5,Saturday,contract,0.027514072517669623,-0.04208408711371048,-0.0012087748090515403,2.2535,1.948080763257148,3.687597071222541,4.3576658531173855
1h,2025-11-16T07:00:00+00:00,2025-11-16T08:00:00+00:00,8,6,Sunday,contract,0.02457426993813874,-0.040758704481003494,-0.0010441746106260794,2.2659,2.2331082572046514,5.529811553907948,5.529811553907948
1h,2025-11-17T07:00:00+00:00,2025-11-17T08:00:00+00:00,8,0,Monday,contract,0.02810226683046144,-0.04546857553366257,-0.0013386359100354996,2.263,1.1312417145382363,8.555015466195316,8.90852850198851
1h,2025-11-17T08:00:00+00:00,2025-11-17T09:00:00+00:00,9,0,Monday,contract,0.026980676342571334,-0.03991103261016504,-0.0011215904878901055,2.2654,1.2624702039374927,8.545952149730732,8.899090668314646
1h,2025-11-17T13:00:00+00:00,2025-11-17T14:00:00+00:00,14,0,Monday,expand,0.027704162813973265,0.1409620469047117,0.003422756706617444,2.2103,6.763787721123837,9.12093380989006,9.12093380989006
1h,2025-11-17T14:00:00+00:00,2025-11-17T15:00:00+00:00,15,0,Monday,expand,0.03378243689868946,0.21939930563974563,0.006078274084716197,2.2541,5.691850405926971,7.222394747349267,7.222394747349267
1h,2025-11-18T10:00:00+00:00,2025-11-18T11:00:00+00:00,11,1,Tuesday,contract,0.035813899849527445,-0.047102239666082735,-0.0017702999884251919,2.1925,2.3899657924743445,4.159635119726348,5.236031927023956
1h,2025-11-19T15:00:00+00:00,2025-11-19T16:00:00+00:00,16,2,Wednesday,expand,0.029266397997178072,0.1139977477772427,0.0029948924617555356,2.0849,3.4629958271379726,5.928341886901057,5.928341886901057
1h,2025-11-20T03:00:00+00:00,2025-11-20T04:00:00+00:00,4,3,Thursday,contract,0.02821364070044777,-0.045573906431569,-0.0013472031308036786,2.133,1.4439756211908186,8.22315986872949,8.781059540553212
1h,2025-11-20T16:00:00+00:00,2025-11-20T17:00:00+00:00,17,3,Thursday,expand,0.031220151171713995,0.1616563818709531,0.004344603756022011,2.0086,2.285173752862682,10.465000497859215,11.515483421288462
1h,2025-11-21T07:00:00+00:00,2025-11-21T08:00:00+00:00,8,4,Friday,expand,0.04017158057729512,0.2187350150213021,0.007209878417131152,1.9181,4.342839268025648,9.253949220582868,9.253949220582868
1h,2025-11-21T12:00:00+00:00,2025-11-21T13:00:00+00:00,13,4,Friday,expand,0.04487735498468949,0.10980505044484667,0.0044402034627161885,1.908,4.145702306079662,5.896226415094342,5.896226415094342
1h,2025-11-22T03:00:00+00:00,2025-11-22T04:00:00+00:00,4,5,Saturday,contract,0.04072127920884832,-0.04409781766114462,-0.0018785599391421756,1.9478,2.29489680665367,3.5732621419036916,8.301673683129684
1h,2025-11-22T07:00:00+00:00,2025-11-22T08:00:00+00:00,8,5,Saturday,contract,0.03745298717940228,-0.0452070927547632,-0.001773306706107855,1.952,3.0225409836065547,4.062499999999996,9.600409836065575
1h,2025-11-22T18:00:00+00:00,2025-11-22T19:00:00+00:00,19,5,Saturday,contract,0.030009381329073027,-0.04459462110156065,-0.0014007216406979398,1.9307,2.491324390117564,8.090329932148956,8.318226549955966
1h,2025-11-22T21:00:00+00:00,2025-11-22T22:00:00+00:00,22,5,Saturday,contract,0.02698050684401364,-0.03912177207580403,-0.001098500526462591,1.9353,3.937374050534803,7.5802201209114894,8.086601560481572
1h,2025-11-24T11:00:00+00:00,2025-11-24T12:00:00+00:00,12,0,Monday,contract,0.02834192981863431,-0.03972490369755144,-0.0011724561398949382,2.0576,2.6827371695178917,11.552293934681195,11.552293934681195
1h,2025-11-24T17:00:00+00:00,2025-11-24T18:00:00+00:00,18,0,Monday,expand,0.03524505880919524,0.14223524564216095,0.004388841630061896,2.2045,4.577001587661611,4.577001587661611,5.7609435246087655
1h,2025-11-26T04:00:00+00:00,2025-11-26T05:00:00+00:00,5,2,Wednesday,contract,0.02701623343300268,-0.04827890775271304,-0.0013704794948463696,2.1753,1.4342849262170787,5.088953247827887,5.088953247827887
1h,2025-11-26T07:00:00+00:00,2025-11-26T08:00:00+00:00,8,2,Wednesday,contract,0.02523890847387275,-0.03934743458371348,-0.001033762190297903,2.2045,1.7781809934225505,5.021546836017238,5.021546836017238
1h,2025-11-26T11:00:00+00:00,2025-11-26T12:00:00+00:00,12,2,Wednesday,contract,0.022621885800767412,-0.05074745305237505,-0.0012093758308282694,2.1698,1.6775739699511472,5.101852705318464,5.101852705318464
1h,2025-11-27T11:00:00+00:00,2025-11-27T12:00:00+00:00,12,3,Thursday,contract,0.01841407513915055,-0.04322223245617385,-0.0008318519337808077,2.1881,1.4213244367259223,3.125999725789499,3.8663680818975372
1h,2025-11-28T08:00:00+00:00,2025-11-28T09:00:00+00:00,9,4,Friday,expand,0.02100067896366131,0.11200919076967497,0.0021153323874106844,2.2428,2.929373996789731,5.34153736400928,5.34153736400928
1h,2025-11-28T12:00:00+00:00,2025-11-28T13:00:00+00:00,13,4,Friday,contract,0.021248185440470888,-0.04079590907273978,-0.0009037065723439437,2.1945,3.9872408293461086,5.45910230120757,5.45910230120757
1h,2025-11-28T15:00:00+00:00,2025-11-28T16:00:00+00:00,16,4,Friday,expand,0.02621594876556651,0.12062230456869427,0.0028218500949564185,2.2444,4.268401354482272,4.268401354482272,4.268401354482272
1h,2025-11-29T03:00:00+00:00,2025-11-29T04:00:00+00:00,4,5,Saturday,contract,0.02161681587997225,-0.040680692644163075,-0.0009166781446132491,2.1845,1.103227283131162,2.687113756008239,2.687113756008239
1h,2025-11-30T00:00:00+00:00,2025-11-30T01:00:00+00:00,1,6,Sunday,contract,0.016710124495456644,-0.04109672846505208,-0.0007161634227274283,2.1987,1.1370355209896919,1.5145313139582528,7.163323782234965
1h,2025-11-30T23:00:00+00:00,2025-12-01T00:00:00+00:00,0,0,Monday,expand,0.016404393126773154,0.13457865767838695,0.0019458159133251465,2.1537,5.502159075080097,8.232344337651494,8.232344337651494
1h,2025-12-01T00:00:00+00:00,2025-12-01T01:00:00+00:00,1,0,Monday,expand,0.022618365046289366,0.37879925648542034,0.006213971919516212,2.0566,3.136244286686754,5.309734513274335,5.309734513274335
1h,2025-12-02T14:00:00+00:00,2025-12-02T15:00:00+00:00,15,1,Tuesday,expand,0.022871109975351665,0.1098521090069493,0.0022637607711267806,2.0911,4.327865716608485,6.188130648940747,6.188130648940747
1h,2025-12-02T15:00:00+00:00,2025-12-02T16:00:00+00:00,16,1,Tuesday,expand,0.026608887834255128,0.16342791683183244,0.0037377778589034634,2.1542,2.274626311391697,3.9504224306006743,3.9504224306006743
1h,2025-12-02T22:00:00+00:00,2025-12-02T23:00:00+00:00,23,1,Tuesday,contract,0.023974417768323573,-0.04055640558245366,-0.0010134167514095314,2.1684,2.24589559121932,3.597122302158266,3.597122302158266
1h,2025-12-03T08:00:00+00:00,2025-12-03T09:00:00+00:00,9,2,Wednesday,contract,0.02177467882405091,-0.04285670846210321,-0.0009749752941577532,2.1867,1.0746787396533521,3.320071340375909,3.347509946494735
1h,2025-12-03T14:00:00+00:00,2025-12-03T15:00:00+00:00,15,2,Wednesday,expand,0.021477961074897356,0.14623681655007625,0.0027401568403925235,2.1667,1.6845894678543498,2.7045737757880746,4.652236119444316
1h,2025-12-04T23:00:00+00:00,2025-12-05T00:00:00+00:00,0,4,Friday,contract,0.020888658217065807,-0.04598300430693447,-0.0010068198628512132,2.0949,1.217241873120439,2.825910544656076,4.811685521981957
1h,2025-12-05T01:00:00+00:00,2025-12-05T02:00:00+00:00,2,4,Friday,contract,0.01989481244226594,-0.04006575974193449,-0.0008303701878666046,2.1041,1.696687419799432,4.548262915260677,4.747873199942963
1h,2025-12-05T06:00:00+00:00,2025-12-05T07:00:00+00:00,7,4,Friday,contract,0.018016293427080672,-0.04061922041327837,-0.0007627918020831452,2.088,2.131226053639835,4.204980842911882,4.204980842911882
1h,2025-12-05T16:00:00+00:00,2025-12-05T17:00:00+00:00,17,4,Friday,expand,0.021518362477812296,0.15615016659749537,0.00290627980939908,2.0327,1.7562847444285847,1.874354307079255,1.874354307079255
1h,2025-12-06T02:00:00+00:00,2025-12-06T03:00:00+00:00,3,5,Saturday,contract,0.01946395353127658,-0.04334274139655292,-0.0008818425793289675,2.0316,0.8810789525497157,1.7375467611734756,1.7375467611734756
1h,2025-12-06T04:00:00+00:00,2025-12-06T05:00:00+00:00,5,5,Saturday,contract,0.01792504156523336,-0.045566311896752976,-0.0008557724280948975,2.0399,1.730476984165907,1.730476984165907,2.88739644100203
1h,2025-12-07T14:00:00+00:00,2025-12-07T15:00:00+00:00,15,6,Sunday,expand,0.015968160475046535,0.1522686255525696,0.002110141501919488,1.9978,5.646210831915096,5.646210831915096,6.321954149564514
1h,2025-12-07T15:00:00+00:00,2025-12-07T16:00:00+00:00,16,6,Sunday,expand,0.018977577583971766,0.18846360628878012,0.0030094171089252303,2.0515,3.568120887155737,4.835486229588094,5.4935413112356715
1h,2025-12-09T09:00:00+00:00,2025-12-09T10:00:00+00:00,10,1,Tuesday,contract,0.015894096543146892,-0.041268586853678624,-0.0006841612725497527,2.0572,1.9638343379350571,6.455376239548903,6.455376239548903
1h,2025-12-09T15:00:00+00:00,2025-12-09T16:00:00+00:00,16,1,Tuesday,expand,0.02080173230346868,0.20603599848476217,0.0035537128997331947,2.1148,2.9790051068659054,4.8326082844713385,5.8208814072252695
1h,2025-12-09T16:00:00+00:00,2025-12-09T17:00:00+00:00,17,1,Tuesday,expand,0.023573037138935212,0.13322471393425328,0.0027713048354665315,2.1642,3.8120321596894935,4.722299232972916,5.688014046760927
1h,2025-12-09T23:00:00+00:00,2025-12-10T00:00:00+00:00,0,2,Wednesday,contract,0.023872238010929855,-0.04865630481372907,-0.0012209413854561424,2.1051,1.3396038192959954,2.588950643674884,3.6340316374519137
1h,2025-12-10T01:00:00+00:00,2025-12-10T02:00:00+00:00,2,2,Wednesday,contract,0.022620960325750755,-0.043335212775262866,-0.0010246892558269764,2.0881,0.833293424644407,2.0640773909295493,4.8321440544035354
1h,2025-12-10T03:00:00+00:00,2025-12-10T04:00:00+00:00,4,2,Wednesday,contract,0.020773174974754494,-0.04919708494160424,-0.0010748596134426414,2.0821,0.9845828730608396,3.102636760962489,5.676960760770379
1h,2025-12-10T06:00:00+00:00,2025-12-10T07:00:00+00:00,7,2,Wednesday,contract,0.018872691479422606,-0.04689923180891897,-0.0009286685753401892,2.0852,1.5250335699213529,3.6687128333013734,5.668521005179363
1h,2025-12-10T08:00:00+00:00,2025-12-10T09:00:00+00:00,9,2,Wednesday,contract,0.017500432959298064,-0.04049003598385503,-0.0007384948430229112,2.0768,1.8971494607087875,4.304699537750404,5.691448382126352
1h,2025-12-10T19:00:00+00:00,2025-12-10T20:00:00+00:00,20,2,Wednesday,expand,0.020234858857186684,0.148262403899047,0.002612703164831809,2.0674,3.695462900261198,5.717326110089972,6.5444519686562925
1h,2025-12-10T20:00:00+00:00,2025-12-10T21:00:00+00:00,21,2,Wednesday,expand,0.022582368938816218,0.1160131680778087,0.0023475100816295336,2.0626,2.3271598952778065,3.7234558324444755,4.552506545137199
1h,2025-12-11T05:00:00+00:00,2025-12-11T06:00:00+00:00,6,3,Thursday,contract,0.02077376883324768,-0.03904800525788599,-0.000844136064095953,2.0132,0.9090005960659638,4.068150208623081,4.068150208623081
1h,2025-12-11T10:00:00+00:00,2025-12-11T11:00:00+00:00,11,3,Thursday,contract,0.017585679425616986,-0.04185121479774012,-0.0007681291865859162,2.0147,2.1492033553382694,4.0651213580185575,4.0651213580185575
1h,2025-12-12T04:00:00+00:00,2025-12-12T05:00:00+00:00,5,4,Friday,contract,0.0183364517502634,-0.045015973488298,-0.0008643424423279596,2.0284,0.9909288108854164,3.988365213961742,3.988365213961742
1h,2025-12-12T06:00:00+00:00,2025-12-12T07:00:00+00:00,7,4,Friday,contract,0.01722428747854344,-0.04489117202588777,-0.0008095605752725769,2.04,0.8970588235294109,3.9656862745098027,3.9901960784313797
1h,2025-12-12T10:00:00+00:00,2025-12-12T11:00:00+00:00,11,4,Friday,contract,0.015341862106275488,-0.04702588246967143,-0.0007570663158673416,2.037,0.8640157093765262,3.971526755031909,3.9960726558664774
1h,2025-12-12T15:00:00+00:00,2025-12-12T16:00:00+00:00,16,4,Friday,expand,0.01815113179595062,0.2872030410840407,0.004049912938773026,1.9768,2.660866046135167,3.844597329016596,3.844597329016596
1h,2025-12-12T20:00:00+00:00,2025-12-12T21:00:00+00:00,21,4,Friday,contract,0.01927463180875883,-0.03902141112768509,-0.0007826639852891344,1.9992,1.125450180072027,2.601040416166469,2.601040416166469
1h,2025-12-12T21:00:00+00:00,2025-12-12T22:00:00+00:00,22,4,Friday,contract,0.018469300965276058,-0.041781905432653366,-0.0008053308434827731,2.0033,0.788698647232069,2.2612689063046036,2.2612689063046036
1h,2025-12-13T00:00:00+00:00,2025-12-13T01:00:00+00:00,1,5,Saturday,contract,0.016655741334078548,-0.043113509846118836,-0.0007504416410829724,2.011,1.2729985082048654,1.949278965688718,2.0139234211835007
1h,2025-12-13T01:00:00+00:00,2025-12-13T02:00:00+00:00,2,5,Saturday,contract,0.01598747409593007,-0.040122335280337595,-0.0006682672381484768,2.0096,1.8909235668789937,1.8909235668789937,2.015326433121029
1h,2025-12-13T07:00:00+00:00,2025-12-13T08:00:00+00:00,8,5,Saturday,contract,0.0143230877113148,-0.04229478029792799,-0.0006325452085626775,2.0277,0.7200276174976659,1.765547171672341,1.765547171672341
1h,2025-12-14T23:00:00+00:00,2025-12-15T00:00:00+00:00,0,0,Monday,expand,0.013893850926924483,0.2559289870582724,0.0028312422363904223,1.977,2.0283257460799202,5.164390490642392,7.445624683864441
1h,2025-12-15T12:00:00+00:00,2025-12-15T13:00:00+00:00,13,0,Monday,contract,0.012184034230060372,-0.039326617481777015,-0.000498771863850795,1.9822,3.9602461911007976,6.709716476642115,6.709716476642115
1h,2025-12-15T13:00:00+00:00,2025-12-15T14:00:00+00:00,14,0,Monday,expand,0.013428031785056065,0.10210062870034542,0.0012439975549956937,1.9629,4.620714249324978,6.556625401192115,6.556625401192115
1h,2025-12-15T14:00:00+00:00,2025-12-15T15:00:00+00:00,15,0,Monday,expand,0.016154600943266352,0.20305054395571664,0.0027265691582102868,1.9396,3.882243761600326,4.681377603629614,5.026809651474527
1h,2025-12-16T09:00:00+00:00,2025-12-16T10:00:00+00:00,10,1,Tuesday,contract,0.017389300998999543,-0.04595607159756898,-0.0008376385383845851,1.8781,3.823012619136354,3.823012619136354,3.823012619136354
1h,2025-12-16T22:00:00+00:00,2025-12-16T23:00:00+00:00,23,1,Tuesday,contract,0.019820130456240537,-0.04598654645657929,-0.0009553946504800362,1.9258,1.438363277598923,3.691972167410943,7.2904766850140135
1h,2025-12-16T23:00:00+00:00,2025-12-17T00:00:00+00:00,0,2,Wednesday,contract,0.019011549709366225,-0.04079593465136466,-0.0008085807468743121,1.9286,1.4362750181478823,4.718448615576063,7.279892149745922
1h,2025-12-17T14:00:00+00:00,2025-12-17T15:00:00+00:00,15,2,Wednesday,expand,0.01936139176580975,0.21499671276988264,0.0034260467872453924,1.9628,6.8779294884858375,8.207662522926432,8.207662522926432
1h,2025-12-17T15:00:00+00:00,2025-12-17T16:00:00+00:00,16,2,Wednesday,expand,0.023764149496823338,0.22739882464381567,0.004402757731013587,1.91,3.979057591623029,5.06282722513089,5.65445026178011
1h,2025-12-18T04:00:00+00:00,2025-12-18T05:00:00+00:00,5,3,Thursday,contract,0.020561861883780407,-0.04283320934454993,-0.0009201432218292685,1.8528,1.5274179620034538,7.329447322970635,8.797495682210709
1h,2025-12-18T17:00:00+00:00,2025-12-18T18:00:00+00:00,18,3,Thursday,expand,0.025624868808924537,0.1633505542621405,0.003598087014698114,1.8657,4.207536045452098,5.665433885404937,7.353808222115024
1h,2025-12-18T22:00:00+00:00,2025-12-18T23:00:00+00:00,23,3,Thursday,contract,0.026113553345838075,-0.04262264625655898,-0.0011625810266029206,1.8177,2.6186939538977874,6.579743632062492,8.31270286625956
1h,2025-12-19T09:00:00+00:00,2025-12-19T10:00:00+00:00,10,4,Friday,contract,0.023712243901517587,-0.048498858826439006,-0.0012086341462705825,1.8644,1.4320961167131487,3.2664664235142644,5.21347350354001
1h,2025-12-19T10:00:00+00:00,2025-12-19T11:00:00+00:00,11,4,Friday,contract,0.02259708362283776,-0.047028880240577164,-0.0011151602786798262,1.8664,1.4894984997856742,3.1772396056579466,5.122160308615512
1h,2025-12-19T11:00:00+00:00,2025-12-19T12:00:00+00:00,12,4,Friday,contract,0.021575863364063634,-0.04519256890929191,-0.001021220258774127,1.8696,2.2571673085151915,3.1718014548566495,5.1133932391955454
1h,2025-12-19T22:00:00+00:00,2025-12-19T23:00:00+00:00,23,4,Friday,contract,0.02209945279339438,-0.04009274954773767,-0.0009230348302611095,1.9067,0.8811034772119329,3.4300099648607487,3.4300099648607487
1h,2025-12-19T23:00:00+00:00,2025-12-20T00:00:00+00:00,0,5,Saturday,contract,0.021056634736723357,-0.047187505791217,-0.001042818056671023,1.9082,0.8804108584005831,3.427313698773708,3.427313698773708
1h,2025-12-20T00:00:00+00:00,2025-12-20T01:00:00+00:00,1,5,Saturday,contract,0.0201811608269574,-0.04157710482763455,-0.0008754739097659586,1.9054,0.7609950666526691,3.4323501626954918,3.4323501626954918
1h,2025-12-20T01:00:00+00:00,2025-12-20T02:00:00+00:00,2,5,Saturday,contract,0.019146792196460444,-0.05125416914151315,-0.001034368630496954,1.9017,1.3303885996739695,3.4390282378924066,3.4390282378924066
1h,2025-12-20T06:00:00+00:00,2025-12-20T07:00:00+00:00,7,5,Saturday,contract,0.01626489783832702,-0.05482533750391949,-0.0009434536798713089,1.9159,2.7245680881048084,2.7245680881048084,2.7245680881048084
1h,2025-12-20T18:00:00+00:00,2025-12-20T19:00:00+00:00,19,5,Saturday,contract,0.015454484274946249,-0.03946440318347144,-0.0006349603288420286,1.9222,0.9416293829986476,1.706378108417447,2.8769118718135536
1h,2025-12-20T19:00:00+00:00,2025-12-20T20:00:00+00:00,20,5,Saturday,contract,0.014822021112450083,-0.04092424899104985,-0.0006324631624961656,1.9242,0.7431659910612192,1.7046045109656047,2.873921629768222
1h,2025-12-20T20:00:00+00:00,2025-12-20T21:00:00+00:00,21,5,Saturday,contract,0.014113305318703641,-0.04781505763415361,-0.0007087157937464422,1.9264,0.7578903654485137,1.7026578073089784,2.8706395348837277
1h,2025-12-21T06:00:00+00:00,2025-12-21T07:00:00+00:00,7,6,Sunday,contract,0.01179460280350656,-0.04303090612030791,-0.0005303540618082046,1.9196,1.6201291935820028,2.880808501771209,2.880808501771209
1h,2025-12-21T11:00:00+00:00,2025-12-21T12:00:00+00:00,12,6,Sunday,contract,0.012553139983939657,-0.04535486362979746,-0.0005963953833799801,1.9327,2.2610855280178024,2.8509339266311455,2.8509339266311455
1h,2025-12-21T13:00:00+00:00,2025-12-21T14:00:00+00:00,14,6,Sunday,expand,0.014120309475947978,0.12903882053323779,0.0016138223480040102,1.898,1.1485774499473154,2.7924130663856777,2.7924130663856777
1h,2025-12-24T09:00:00+00:00,2025-12-24T10:00:00+00:00,10,2,Wednesday,contract,0.013291201503020272,-0.03995626470883473,-0.0005531693463861585,1.8532,1.1925318368227935,1.5594647096913408,1.7537232894452823
1h,2025-12-24T21:00:00+00:00,2025-12-24T22:00:00+00:00,22,2,Wednesday,contract,0.012837944054248157,-0.04703869593712706,-0.0006336880041729227,1.8631,0.7299661853899446,1.5028715581557632,2.0074070098223324
1h,2025-12-25T07:00:00+00:00,2025-12-25T08:00:00+00:00,8,3,Thursday,contract,0.010335415241312334,-0.043669737152870924,-0.00047195501856248795,1.8735,1.4945289564985336,3.330664531625301,3.544168668267948
1h,2025-12-25T15:00:00+00:00,2025-12-25T16:00:00+00:00,16,3,Thursday,expand,0.01141852990684469,0.10316238155379187,0.0010678053917811698,1.8822,1.0094570183827505,3.161194347040703,3.161194347040703
1h,2025-12-25T19:00:00+00:00,2025-12-25T20:00:00+00:00,20,3,Thursday,contract,0.010505339771693854,-0.04812930110863278,-0.0005311799824379848,1.8722,2.4142719794893774,3.1513727165901164,3.1513727165901164
1h,2025-12-25T22:00:00+00:00,2025-12-25T23:00:00+00:00,23,3,Thursday,expand,0.011202198060645565,0.1156646943078734,0.001161369379950341,1.8447,3.084512386837978,3.198352035561347,3.198352035561347
1h,2025-12-26T02:00:00+00:00,2025-12-26T03:00:00+00:00,3,4,Friday,expand,0.014526366066485283,0.21622865427031357,0.0025825872256549816,1.8688,1.2414383561643776,3.076840753424663,3.076840753424663
1h,2025-12-26T12:00:00+00:00,2025-12-26T13:00:00+00:00,13,4,Friday,contract,0.012351244009518134,-0.04887673439454332,-0.0006347110776552412,1.8715,2.8853860539674083,2.8853860539674083,2.8853860539674083
1h,2025-12-26T14:00:00+00:00,2025-12-26T15:00:00+00:00,15,4,Friday,expand,0.013964593049023298,0.1388632965230212,0.0017027236116135946,1.8431,1.2804514133796356,1.8772719874125094,1.8772719874125094
1h,2025-12-27T00:00:00+00:00,2025-12-27T01:00:00+00:00,1,5,Saturday,contract,0.012013109775905575,-0.04648275352783915,-0.0005856238289158166,1.8445,0.5909460558416866,0.699376524803465,1.9896991054486286
1h,2025-12-27T01:00:00+00:00,2025-12-27T02:00:00+00:00,2,5,Saturday,contract,0.01151931622048374,-0.04110455699091553,-0.0004937935554218346,1.8461,0.4604300958777939,0.6879367314879982,1.9771409999458305
1h,2025-12-27T05:00:00+00:00,2025-12-27T06:00:00+00:00,6,5,Saturday,contract,0.010195342840827695,-0.046717389110485175,-0.0004996417569867427,1.8488,0.4705755084379019,1.0763738641280847,1.974253569883166
1h,2025-12-27T06:00:00+00:00,2025-12-27T07:00:00+00:00,7,5,Saturday,contract,0.00967424692362571,-0.05111117157485223,-0.0005210959172019854,1.8468,0.6064544076240036,1.75438596491228,1.9872211392679207
1h,2025-12-27T08:00:00+00:00,2025-12-27T09:00:00+00:00,9,5,Saturday,contract,0.00895126392904461,-0.0423910602382952,-0.0003962510714649696,1.8492,0.6056673155959387,1.9738265195760316,1.9900497512437783
1h,2025-12-27T12:00:00+00:00,2025-12-27T13:00:00+00:00,13,5,Saturday,contract,0.008091728682773932,-0.043567427092795374,-0.00036859451405952745,1.8501,0.47024485162963786,1.9728663315496446,1.9890816712610098
1h,2025-12-28T03:00:00+00:00,2025-12-28T04:00:00+00:00,4,6,Sunday,contract,0.008089796221592954,-0.04006855178050461,-0.0003376766324302248,1.8738,0.40559291279752646,1.4515956879069332,3.468886754189357
1h,2025-12-29T01:00:00+00:00,2025-12-29T02:00:00+00:00,2,0,Monday,expand,0.009683375152989676,0.10650362577011174,0.000932048065154626,1.8813,1.8976239834157267,3.343432732684843,3.9121883803752784
1h,2025-12-29T03:00:00+00:00,2025-12-29T04:00:00+00:00,4,0,Monday,expand,0.011256073473751306,0.11458981030013993,0.001157225117403746,1.9141,1.3792382843111635,3.615276108876231,3.8973930306671547
1h,2025-12-29T09:00:00+00:00,2025-12-29T10:00:00+00:00,10,0,Monday,expand,0.01260382430574263,0.14858499587598506,0.0016304750534044173,1.8753,1.5144243587692625,2.0849997333760006,2.1383245347411095
1h,2025-12-30T11:00:00+00:00,2025-12-30T12:00:00+00:00,12,1,Tuesday,contract,0.009668331646950029,-0.04315222675473984,-0.00043602551130384956,1.8612,1.3862024500322396,1.7676767676767637,1.7676767676767637
1h,2025-12-30T14:00:00+00:00,2025-12-30T15:00:00+00:00,15,1,Tuesday,expand,0.010051539587590825,0.10157058294335486,0.0009268046471083979,1.8724,1.1909848323007897,1.1909848323007897,1.2176885280922842
1h,2025-12-31T02:00:00+00:00,2025-12-31T03:00:00+00:00,3,2,Wednesday,contract,0.00940912754387802,-0.04159852432073785,-0.00040839442645215773,1.8782,0.6761793206261278,2.7473112554573573,3.8228090725162436
1h,2025-12-31T14:00:00+00:00,2025-12-31T15:00:00+00:00,15,2,Wednesday,expand,0.00857493338356883,0.10865408205362259,0.0008403897397254801,1.8658,1.9294672526530192,3.0121127666416565,3.0121127666416565
1h,2025-12-31T16:00:00+00:00,2025-12-31T17:00:00+00:00,17,2,Wednesday,expand,0.009953896641954752,0.10358747740357632,0.000934315642926559,1.8429,1.8123609528460631,2.3821151446090427,3.033262792338166
1h,2026-01-01T02:00:00+00:00,2026-01-01T03:00:00+00:00,3,3,Thursday,contract,0.010218901095677987,-0.04403208025819716,-0.0004706846996675382,1.8387,1.6207102844400962,2.7193125577853943,3.083700440528633
1h,2026-01-01T05:00:00+00:00,2026-01-01T06:00:00+00:00,6,3,Thursday,expand,0.011042902954520609,0.10598635646934684,0.0010582382342676413,1.844,0.7483731019522796,1.8980477223427286,2.8036876355748293
1h,2026-01-01T06:00:00+00:00,2026-01-01T07:00:00+00:00,7,3,Thursday,contract,0.010525552743483423,-0.04684911324203922,-0.0005173502110371857,1.8444,0.7482108002602491,1.9193233571893231,2.803079592279324
1h,2026-01-01T10:00:00+00:00,2026-01-01T11:00:00+00:00,11,3,Thursday,contract,0.009423349955920183,-0.04463455003174144,-0.0004402576889169507,1.8523,0.5506667386492462,1.7545753927549517,3.233817416185287
1h,2026-01-02T09:00:00+00:00,2026-01-02T10:00:00+00:00,10,4,Friday,expand,0.010126960298155829,0.11495031753754748,0.0010440799770649392,1.8966,1.1757882526626586,8.019614046187922,8.900137087419584
1h,2026-01-02T14:00:00+00:00,2026-01-02T15:00:00+00:00,15,4,Friday,expand,0.012241810462127332,0.1754856796350217,0.0018275530413748228,1.916,5.203549060542803,8.230688935281835,8.230688935281835
1h,2026-01-02T16:00:00+00:00,2026-01-02T17:00:00+00:00,17,4,Friday,expand,0.015867683510711834,0.19342080802005124,0.002571716653022159,1.962,1.8195718654434283,4.775739041794083,4.775739041794083
1h,2026-01-03T11:00:00+00:00,2026-01-03T12:00:00+00:00,12,5,Saturday,contract,0.019758568752637626,-0.041990788921906774,-0.0008660437502028967,1.9986,1.2408686080256257,3.4023816671670315,5.178625037526276
1h,2026-01-03T15:00:00+00:00,2026-01-03T16:00:00+00:00,16,5,Saturday,contract,0.01745496881882769,-0.0408123880243525,-0.000742689909140587,2.0055,0.7379705809025253,4.243330840189487,6.197955622039384
1h,2026-01-03T19:00:00+00:00,2026-01-03T20:00:00+00:00,20,5,Saturday,contract,0.015520474917600391,-0.04097443903816311,-0.0006631134552000373,2.0066,0.9817601913684754,4.89883384830061,6.069969101963515
1h,2026-01-03T23:00:00+00:00,2026-01-04T00:00:00+00:00,0,6,Sunday,contract,0.01420659839966641,-0.039557461896250534,-0.0005851229538205143,2.017,2.2706990580069553,5.195835399107586,5.195835399107586
1h,2026-01-05T01:00:00+00:00,2026-01-05T02:00:00+00:00,2,0,Monday,expand,0.021399684337950836,0.1491159630134471,0.0027769473586191744,2.1559,2.008441949997676,4.578134421819194,13.743680133586903
1h,2026-01-05T18:00:00+00:00,2026-01-05T19:00:00+00:00,19,0,Monday,expand,0.027233390598892994,0.1370297597962895,0.003282046877008237,2.266,4.112974404236538,7.096204766107681,9.443954104148277
1h,2026-01-05T20:00:00+00:00,2026-01-05T21:00:00+00:00,21,0,Monday,expand,0.030462974547004668,0.12607148042137584,0.0034105404194611603,2.3155,2.668969984884468,4.560570071258904,9.242064348952708
1h,2026-01-06T13:00:00+00:00,2026-01-06T14:00:00+00:00,14,1,Tuesday,contract,0.029355309425319054,-0.041578042823745665,-0.001273485340409164,2.3703,8.129772602624136,8.247901109564191,8.247901109564191
1h,2026-01-06T16:00:00+00:00,2026-01-06T17:00:00+00:00,17,1,Tuesday,expand,0.03546341647500943,0.12833613630037632,0.004033583348076186,2.2811,3.7306562623295854,5.076498180702298,5.992722809171026
1h,2026-01-07T11:00:00+00:00,2026-01-07T12:00:00+00:00,12,2,Wednesday,contract,0.029596059726725587,-0.04111220441866448,-0.001268927671286578,2.2491,3.2101729580721194,4.939753679249477,7.771997687964068
1h,2026-01-09T04:00:00+00:00,2026-01-09T05:00:00+00:00,5,4,Friday,contract,0.02562161457610091,-0.04094877035077549,-0.0010939703520077594,2.1265,3.5316247354808343,4.222901481307307,4.222901481307307
1h,2026-01-09T15:00:00+00:00,2026-01-09T16:00:00+00:00,16,4,Friday,expand,0.028427260639827114,0.17362948759055263,0.00420559533539791,2.1169,3.306722093627467,3.306722093627467,3.306722093627467
1h,2026-01-09T23:00:00+00:00,2026-01-10T00:00:00+00:00,0,5,Saturday,contract,0.02479041182616082,-0.051477852093224086,-0.0013454162943200391,2.0946,0.6874820968203832,1.4608994557433488,1.4608994557433488
1h,2026-01-10T00:00:00+00:00,2026-01-10T01:00:00+00:00,1,5,Saturday,contract,0.023569668124292176,-0.0492425745255437,-0.001220743701868643,2.091,0.9182209469153352,1.46341463414635,1.46341463414635
1h,2026-01-10T01:00:00+00:00,2026-01-10T02:00:00+00:00,2,5,Saturday,contract,0.022457548972557022,-0.04718433649003928,-0.001112119151735154,2.0943,1.0218211335529706,1.461108723678565,1.461108723678565
1h,2026-01-10T04:00:00+00:00,2026-01-10T05:00:00+00:00,5,5,Saturday,contract,0.02008860608334827,-0.039672673514310364,-0.000829892775642202,2.0827,1.061122581264705,1.469246650981907,1.469246650981907
1h,2026-01-10T09:00:00+00:00,2026-01-10T10:00:00+00:00,10,5,Saturday,contract,0.016938980258420284,-0.04110235587981537,-0.0007260754044938443,2.0961,0.9732360097323589,1.3405848957588016,1.3405848957588016
1h,2026-01-10T11:00:00+00:00,2026-01-10T12:00:00+00:00,12,5,Saturday,contract,0.015724426855474632,-0.04496513738279451,-0.0007403405273442021,2.1017,1.1229005091116746,1.3370128943236539,1.3370128943236539
1h,2026-01-10T14:00:00+00:00,2026-01-10T15:00:00+00:00,15,5,Saturday,contract,0.014413216399955428,-0.04248263864116231,-0.0006394781846119565,2.0894,0.6413324399349026,0.8854216521489403,1.3113812577773567
1h,2026-01-10T15:00:00+00:00,2026-01-10T16:00:00+00:00,16,5,Saturday,contract,0.013812272371387168,-0.04169395726065128,-0.0006009440285682597,2.0919,0.6405659926382646,0.8843634972991044,1.3098140446484103
1h,2026-01-10T20:00:00+00:00,2026-01-10T21:00:00+00:00,21,5,Saturday,contract,0.012040504413320038,-0.04770118981323146,-0.0006031157241015422,2.0908,0.6361201453988946,1.13832026018749,3.1423378611058013
1h,2026-01-10T21:00:00+00:00,2026-01-10T22:00:00+00:00,22,5,Saturday,contract,0.011480468383797179,-0.04651267175346152,-0.0005600360295228597,2.0901,0.6363331897995355,1.138701497536005,3.1433902684082144
1h,2026-01-11T03:00:00+00:00,2026-01-11T04:00:00+00:00,4,6,Sunday,contract,0.010084033839419564,-0.04435187516501127,-0.00046800260303227377,2.0943,0.6207324643078785,1.255789523945948,3.509525855894577
1h,2026-01-11T15:00:00+00:00,2026-01-11T16:00:00+00:00,16,6,Sunday,expand,0.01064343582681383,0.127591935431961,0.0012043510902450885,2.0881,0.9242852353814413,3.4145874239739444,3.510368277381337
1h,2026-01-11T20:00:00+00:00,2026-01-11T21:00:00+00:00,21,6,Sunday,expand,0.013342461880550532,0.1995756743141699,0.002219810624573054,2.0637,2.040025197460873,3.5518728497358967,3.605175170809701
1h,2026-01-12T00:00:00+00:00,2026-01-12T01:00:00+00:00,1,0,Monday,expand,0.01700753992530205,0.10325292463281444,0.001591727698053694,2.0545,2.613774641031864,3.6213190557313117,3.6213190557313117
1h,2026-01-12T02:00:00+00:00,2026-01-12T03:00:00+00:00,3,0,Monday,expand,0.0195728277927349,0.11345711021786031,0.001994397862097288,2.0992,1.8054496951219534,3.5442073170731607,3.5442073170731607
1h,2026-01-12T12:00:00+00:00,2026-01-12T13:00:00+00:00,13,0,Monday,contract,0.017745251439007268,-0.04172768060264709,-0.00077271164915442,2.0484,3.3440734231595286,3.412419449326307,3.412419449326307
1h,2026-01-13T11:00:00+00:00,2026-01-13T12:00:00+00:00,12,1,Tuesday,contract,0.015415328241659735,-0.04441907452667626,-0.000716563710896902,2.0595,2.2238407380432066,6.637533381888799,6.637533381888799
1h,2026-01-13T14:00:00+00:00,2026-01-13T15:00:00+00:00,15,1,Tuesday,expand,0.01682451754625603,0.10384145261423483,0.0015827294195187927,2.0766,2.374073003948768,6.120581720119426,6.120581720119426
1h,2026-01-13T22:00:00+00:00,2026-01-13T23:00:00+00:00,23,1,Tuesday,expand,0.02443816963559629,0.13327595082818977,0.002873986951107965,2.1736,1.9460802355539202,3.7495399337504662,3.7495399337504662
1h,2026-01-14T14:00:00+00:00,2026-01-14T15:00:00+00:00,15,2,Wednesday,expand,0.023165901725446005,0.1148889263588786,0.0023872383288118283,2.1588,2.4180100055586453,4.395960718917917,4.395960718917917
1h,2026-01-15T05:00:00+00:00,2026-01-15T06:00:00+00:00,6,3,Thursday,contract,0.021711828451143105,-0.04016732497369535,-0.0009086021885494656,2.0981,1.5871502788237026,3.7986749916591145,3.7986749916591145
1h,2026-01-16T15:00:00+00:00,2026-01-16T16:00:00+00:00,16,4,Friday,expand,0.014979244531960294,0.14204936582584482,0.0018631350360030653,2.031,1.3687838503200416,2.496307237813883,2.648941408173306
1h,2026-01-16T23:00:00+00:00,2026-01-17T00:00:00+00:00,0,5,Saturday,contract,0.01450706899983365,-0.039751069768495184,-0.0006005437692179795,2.0668,0.7838203986839555,1.4079736791174606,1.4370040642539004
1h,2026-01-18T21:00:00+00:00,2026-01-18T22:00:00+00:00,22,6,Sunday,contract,0.009402872699318903,-0.04007274989677956,-0.0003925286691783634,2.0564,10.834468002334182,10.834468002334182,10.834468002334182
1h,2026-01-18T23:00:00+00:00,2026-01-19T00:00:00+00:00,0,0,Monday,expand,0.01410451778665764,0.5046269708981548,0.004730421708718634,1.9904,7.5261254019292565,7.5261254019292565,9.460409967845667
1h,2026-01-19T00:00:00+00:00,2026-01-19T01:00:00+00:00,1,0,Monday,expand,0.023797052230467804,0.6871936063619948,0.009692534443810163,1.9433,1.8628106828590545,4.7342149951114125,4.7342149951114125
1h,2026-01-19T09:00:00+00:00,2026-01-19T10:00:00+00:00,10,0,Monday,contract,0.019325900078313498,-0.0413103587960324,-0.0008327615444856419,1.9803,0.9947987678634576,3.317679139524319,5.579962631924458
1h,2026-01-19T15:00:00+00:00,2026-01-19T16:00:00+00:00,16,0,Monday,contract,0.01646832449318315,-0.041495648046196876,-0.0007129480379371583,1.9804,2.50959402140982,4.4687941829933475,6.1351242173298415
1h,2026-01-19T16:00:00+00:00,2026-01-19T17:00:00+00:00,17,0,Monday,expand,0.018842015600812927,0.14413677047791573,0.0023736911076297773,2.021,1.2172191984166234,5.264720435427997,6.16526472043543
1h,2026-01-21T14:00:00+00:00,2026-01-21T15:00:00+00:00,15,2,Wednesday,expand,0.019200338126121996,0.16254723993166142,0.002684589374913695,1.9417,4.624813307926038,6.123500025750619,6.123500025750619
1h,2026-01-21T16:00:00+00:00,2026-01-21T17:00:00+00:00,17,2,Wednesday,expand,0.024121209914870486,0.22396360531102433,0.004413753083471493,1.8781,6.053990735317603,6.330866301048921,6.330866301048921
1h,2026-01-21T19:00:00+00:00,2026-01-21T20:00:00+00:00,20,2,Wednesday,expand,0.02928039292382305,0.17582676345248904,0.004378431313552079,1.9725,2.5652724968314313,2.5652724968314313,4.50190114068441
1h,2026-01-22T04:00:00+00:00,2026-01-22T05:00:00+00:00,5,3,Thursday,contract,0.02365984250983994,-0.04991645323019345,-0.0012430648084492228,1.952,0.6864754098360696,3.2581967213114806,3.2581967213114806
1h,2026-01-22T05:00:00+00:00,2026-01-22T06:00:00+00:00,6,3,Thursday,contract,0.022591282330565655,-0.04516345275036726,-0.001068560179274286,1.9524,0.9321860274533904,3.257529194837129,3.257529194837129
1h,2026-01-22T09:00:00+00:00,2026-01-22T10:00:00+00:00,10,3,Thursday,contract,0.019523212063808987,-0.041986272982399875,-0.0008556316972160756,1.9631,1.9713718098925148,3.239773827110188,3.239773827110188
1h,2026-01-23T10:00:00+00:00,2026-01-23T11:00:00+00:00,11,4,Friday,contract,0.01328253981115271,-0.04153377181898943,-0.0005755799854732842,1.9068,1.4526956156912016,4.127333752884413,4.127333752884413
1h,2026-01-23T12:00:00+00:00,2026-01-23T13:00:00+00:00,13,4,Friday,contract,0.012396679735126575,-0.04046762393065473,-0.0005228215180866549,1.909,3.3368255631220465,4.122577265584075,4.122577265584075
1h,2026-01-23T15:00:00+00:00,2026-01-23T16:00:00+00:00,16,4,Friday,expand,0.014323981551775894,0.11882074272794219,0.0015212321883249329,1.9206,2.3846714568364082,3.025096324065398,3.025096324065398
1h,2026-01-23T17:00:00+00:00,2026-01-23T18:00:00+00:00,18,4,Friday,expand,0.017150780011480245,0.10644197332537741,0.0016499399991169207,1.9465,2.7536604161315115,2.7536604161315115,2.7536604161315115
1h,2026-01-23T23:00:00+00:00,2026-01-24T00:00:00+00:00,0,5,Saturday,contract,0.016820659548799948,-0.042980841549918436,-0.0007554353499076814,1.9186,0.578546857083284,0.8026686125299739,0.9277598248723047
1h,2026-01-24T00:00:00+00:00,2026-01-24T01:00:00+00:00,1,5,Saturday,contract,0.0160048981524571,-0.048497586790587466,-0.0008157613963428491,1.9183,0.60470207996664,0.9279049158108763,0.9279049158108763
1h,2026-01-24T01:00:00+00:00,2026-01-24T02:00:00+00:00,2,5,Saturday,contract,0.015268833998710166,-0.04598993050348976,-0.0007360641537469334,1.9196,0.42717232756824264,0.927276515940823,1.2554698895603256
1h,2026-01-24T02:00:00+00:00,2026-01-24T03:00:00+00:00,3,5,Saturday,contract,0.014663917284516576,-0.03961774122665096,-0.0006049167141935902,1.9229,0.5304488012897179,0.9256851630350011,1.2533153050080614
1h,2026-01-24T03:00:00+00:00,2026-01-24T04:00:00+00:00,4,5,Saturday,contract,0.01403078033562252,-0.04317652211272194,-0.0006331369488940548,1.9224,0.5774032459425774,0.9259259259259278,1.5397419891801951
1h,2026-01-24T04:00:00+00:00,2026-01-24T05:00:00+00:00,5,5,Saturday,contract,0.013378581740220922,-0.04648341573317505,-0.0006521985954015992,1.9244,0.4728746622323897,0.8210351278320535,1.4342132612762455
1h,2026-01-24T06:00:00+00:00,2026-01-24T07:00:00+00:00,7,5,Saturday,contract,0.012268266908659871,-0.04644544373151838,-0.0005975589929738401,1.9176,0.37546933667084353,0.756153525239881,1.538381309970801
1h,2026-01-24T07:00:00+00:00,2026-01-24T08:00:00+00:00,8,5,Saturday,contract,0.011620533558041315,-0.05279746156821363,-0.000647733350618556,1.9179,0.3754106053496061,0.7560352468846111,1.590281036550392
1h,2026-01-24T08:00:00+00:00,2026-01-24T09:00:00+00:00,9,5,Saturday,contract,0.01104763830389551,-0.04930025383811798,-0.0005728952541458054,1.9186,0.4273949755029701,0.7557594079015927,1.8190347128114213
1h,2026-01-24T10:00:00+00:00,2026-01-24T11:00:00+00:00,11,5,Saturday,contract,0.010112504455909915,-0.0499548425625288,-0.000531731111993063,1.9165,0.4748238977302315,1.085311766240539,1.9723454213409888
1h,2026-01-24T11:00:00+00:00,2026-01-24T12:00:00+00:00,12,5,Saturday,contract,0.009618754137630641,-0.04882572071359814,-0.0004937503182792739,1.916,0.6315240083507306,1.3726513569937366,1.9728601252609632
1h,2026-01-24T20:00:00+00:00,2026-01-24T21:00:00+00:00,21,5,Saturday,contract,0.00776909596729874,-0.051368765156913354,-0.00042069968979221387,1.9166,0.6417614525722737,1.9148492121465184,5.890639674423458
1h,2026-01-25T10:00:00+00:00,2026-01-25T11:00:00+00:00,11,6,Sunday,expand,0.008373420469702058,0.11157781416876555,0.0008405061177152156,1.9065,1.4371885654340462,5.287175452399685,5.287175452399685
1h,2026-01-25T16:00:00+00:00,2026-01-25T17:00:00+00:00,17,6,Sunday,expand,0.011558334176759642,0.25616549643399433,0.0023570512171723346,1.8524,2.76398186136903,4.745195422155034,7.3364284171885075
1h,2026-01-26T05:00:00+00:00,2026-01-26T06:00:00+00:00,6,0,Monday,contract,0.01696205409761652,-0.04280985933314385,-0.0007586195459705104,1.8801,1.2924844423168973,3.845540130844106,3.845540130844106
1h,2026-01-27T00:00:00+00:00,2026-01-27T01:00:00+00:00,1,1,Tuesday,contract,0.016830712765696507,-0.04341675202035533,-0.0007639009819766611,1.9027,1.061649235297209,2.3125032848058042,2.932674620276453
1h,2026-01-27T07:00:00+00:00,2026-01-27T08:00:00+00:00,8,1,Tuesday,contract,0.013637923185822807,-0.051558741317778045,-0.0007413787066017537,1.8986,1.1113452017275833,2.939007689876755,2.939007689876755
1h,2026-01-27T17:00:00+00:00,2026-01-27T18:00:00+00:00,18,1,Tuesday,expand,0.015831837367643414,0.12438511122202489,0.0017513971255658893,1.8796,2.745264949989364,2.9208342200468156,3.436901468397531
1h,2026-01-27T23:00:00+00:00,2026-01-28T00:00:00+00:00,0,2,Wednesday,contract,0.01647208392292402,-0.043215761491193105,-0.0007440064556095312,1.9147,1.3109103253773502,2.5278111453491405,2.5278111453491405
1h,2026-01-28T03:00:00+00:00,2026-01-28T04:00:00+00:00,4,2,Wednesday,contract,0.01496403032389194,-0.04216731212044422,-0.0006587715633763046,1.9009,1.5045504760902708,2.4304276921458268,3.8350255142300997
1h,2026-01-29T05:00:00+00:00,2026-01-29T06:00:00+00:00,6,3,Thursday,contract,0.015338470482763395,-0.04106246279663506,-0.0006568054217510368,1.8777,0.9106886084039046,5.975395430579969,9.831176439260805
1h,2026-01-29T07:00:00+00:00,2026-01-29T08:00:00+00:00,8,3,Thursday,contract,0.014339803630545987,-0.046737227036401485,-0.0007030618177343156,1.8845,1.1939506500397965,5.953833908198465,9.795701777659861
1h,2026-01-29T10:00:00+00:00,2026-01-29T11:00:00+00:00,11,3,Thursday,contract,0.013272430239179862,-0.03937571302802312,-0.0005440330953215295,1.8732,2.8453982489856875,9.21951740337391,9.21951740337391
1h,2026-01-29T13:00:00+00:00,2026-01-29T14:00:00+00:00,14,3,Thursday,contract,0.011985068963366685,-0.04700607731117301,-0.0005911591510281925,1.8746,4.934386002347169,9.212632028166013,9.212632028166013
1h,2026-01-29T14:00:00+00:00,2026-01-29T15:00:00+00:00,15,3,Thursday,expand,0.014936135465983342,0.24622857921275432,0.002951066502616657,1.8255,3.237469186524236,7.515749109832923,7.515749109832923
1h,2026-01-29T15:00:00+00:00,2026-01-29T16:00:00+00:00,16,3,Thursday,expand,0.017069268646984527,0.14281694122682143,0.002133133181001185,1.8,3.5999999999999983,7.622222222222222,7.622222222222222
1h,2026-01-30T01:00:00+00:00,2026-01-30T02:00:00+00:00,2,4,Friday,expand,0.02395637477366947,0.3213707296562518,0.005826432709717739,1.755,2.683760683760692,3.219373219373219,4.153846153846165
1h,2026-01-30T18:00:00+00:00,2026-01-30T19:00:00+00:00,19,4,Friday,expand,0.02789731992623471,0.1323997747425687,0.0032617446210588714,1.7724,3.7858271270593638,5.895960279846538,15.938839990972703
1h,2026-01-31T00:00:00+00:00,2026-01-31T01:00:00+00:00,1,5,Saturday,contract,0.025112830896330006,-0.04980746608694364,-0.0013163716074099975,1.7354,1.1928085743920676,8.753025239137958,14.555722023740932
1h,2026-01-31T03:00:00+00:00,2026-01-31T04:00:00+00:00,4,5,Saturday,contract,0.022982321238788996,-0.04164303846619555,-0.0009986400952914608,1.7435,2.0934901061084012,14.132492113564679,14.132492113564679
1h,2026-01-31T05:00:00+00:00,2026-01-31T06:00:00+00:00,6,5,Saturday,contract,0.021260266782425197,-0.04346959377550408,-0.0009661743678788665,1.7368,3.431598341777976,13.680331644403504,13.680331644403504
1h,2026-01-31T11:00:00+00:00,2026-01-31T12:00:00+00:00,12,5,Saturday,contract,0.020801086115772718,-0.04418668868766129,-0.0009616220089055973,1.7012,5.243357629908297,11.768163649188816,11.768163649188816
1h,2026-01-31T14:00:00+00:00,2026-01-31T15:00:00+00:00,15,5,Saturday,expand,0.023719455610915683,0.16856839898527087,0.003421580337621858,1.6397,9.72129047996586,10.898335061291705,10.898335061291705
1h,2026-01-31T17:00:00+00:00,2026-01-31T18:00:00+00:00,18,5,Saturday,expand,0.031028514568943816,0.20733807386823,0.005328575802388942,1.5671,7.950992278731419,11.403228894135669,11.403228894135669
1h,2026-01-31T18:00:00+00:00,2026-01-31T19:00:00+00:00,19,5,Saturday,expand,0.03618362067116213,0.166140924689254,0.005155106102218317,1.5846,3.4835289663006384,6.897639782910511,6.897639782910511
1h,2026-02-01T03:00:00+00:00,2026-02-01T04:00:00+00:00,4,6,Sunday,contract,0.0319607570238155,-0.03966423966572352,-0.0013200582326011803,1.6656,1.6030259365994206,6.0999039385206615,8.843659942363113
1h,2026-02-01T04:00:00+00:00,2026-02-01T05:00:00+00:00,5,6,Sunday,contract,0.030592131522114402,-0.0428220614637278,-0.0013686255017010956,1.6649,1.8439545918673763,6.102468616733746,8.847378220914168
1h,2026-02-02T10:00:00+00:00,2026-02-02T11:00:00+00:00,11,0,Monday,contract,0.032210824314548754,-0.048860304485987105,-0.0016546787934268309,1.6108,2.700521480009939,4.165631984107286,4.333250558728587
1h,2026-02-02T23:00:00+00:00,2026-02-03T00:00:00+00:00,0,1,Tuesday,contract,0.023232355209333855,-0.04318779285607366,-0.0010486427084102912,1.6189,2.124899623200938,2.8784977453826657,6.677373525233188
1h,2026-02-03T19:00:00+00:00,2026-02-03T20:00:00+00:00,20,1,Tuesday,expand,0.02668808118603483,0.11869714799586695,0.0028316860626127136,1.5803,4.359931658545857,4.359931658545857,8.327532746946792
1h,2026-02-03T20:00:00+00:00,2026-02-03T21:00:00+00:00,21,1,Tuesday,expand,0.02970321824417521,0.11297691419337119,0.0030151370581403825,1.6178,3.850908641364818,3.850908641364818,7.763629620472257
1h,2026-02-04T04:00:00+00:00,2026-02-04T05:00:00+00:00,5,2,Wednesday,contract,0.025559528675717046,-0.04253057087191292,-0.0011353483596705516,1.594,1.8632371392722606,6.825595984943539,11.028858218318693
1h,2026-02-04T10:00:00+00:00,2026-02-04T11:00:00+00:00,11,2,Wednesday,contract,0.021131025357699184,-0.04296010265866834,-0.0009485404121307127,1.5949,3.6052417079440646,9.392438397391683,15.229794971471557
1h,2026-02-04T12:00:00+00:00,2026-02-04T13:00:00+00:00,13,2,Wednesday,contract,0.020284914721689584,-0.039290909071232116,-0.0008296088247453648,1.5905,4.614900974536304,9.783087079534734,15.705752907890602
1h,2026-02-05T15:00:00+00:00,2026-02-05T16:00:00+00:00,16,3,Thursday,expand,0.03508767682979731,0.153535924825269,0.004670178705400197,1.2959,8.148776911798743,16.714252642950854,32.734007253646126
1h,2026-02-06T00:00:00+00:00,2026-02-06T01:00:00+00:00,1,4,Friday,expand,0.05321919468363622,0.10242831214682813,0.004944677332027997,1.2163,6.585546329030653,27.01636109512456,27.01636109512456
1h,2026-02-06T03:00:00+00:00,2026-02-06T04:00:00+00:00,4,4,Friday,contract,0.05189557970843613,-0.04379009299622627,-0.0023765830544950836,1.2691,5.689070995193448,22.047120006303686,22.047120006303686
1h,2026-02-06T11:00:00+00:00,2026-02-06T12:00:00+00:00,12,4,Friday,contract,0.04455492441527875,-0.04051048964320847,-0.0018811480319445156,1.3671,13.554238899861021,13.554238899861021,13.554238899861021
1h,2026-02-07T02:00:00+00:00,2026-02-07T03:00:00+00:00,3,5,Saturday,contract,0.04123622752686257,-0.040515368549673414,-0.0017412482712971106,1.4595,3.549160671462819,6.837958204864672,6.837958204864672
1h,2026-02-07T19:00:00+00:00,2026-02-07T20:00:00+00:00,20,5,Saturday,contract,0.03050712663561128,-0.04320177671121139,-0.0013774712796624095,1.4298,1.9862917890614058,3.75577003776751,4.182403133305347
1h,2026-02-07T21:00:00+00:00,2026-02-07T22:00:00+00:00,22,5,Saturday,contract,0.028053083680705637,-0.04417084340188737,-0.0012963910523619802,1.4282,1.7574569388040977,4.187088643047182,4.187088643047182
1h,2026-02-08T05:00:00+00:00,2026-02-08T06:00:00+00:00,6,6,Sunday,contract,0.022338756038407237,-0.0404396362696362,-0.0009414427721851741,1.4175,3.640211640211631,4.218694885361542,4.218694885361542
1h,2026-02-08T06:00:00+00:00,2026-02-08T07:00:00+00:00,7,6,Sunday,contract,0.021321702035663862,-0.04552867675329564,-0.0010170540027433748,1.4152,3.646127755794225,4.2255511588467956,4.2255511588467956
1h,2026-02-08T07:00:00+00:00,2026-02-08T08:00:00+00:00,8,6,Sunday,contract,0.020491580461687874,-0.03893317581248812,-0.0008301215739759879,1.42,3.1056338028169037,4.211267605633793,4.211267605633793
1h,2026-02-09T04:00:00+00:00,2026-02-09T05:00:00+00:00,5,0,Monday,contract,0.021323732307212045,-0.04157120172995277,-0.0009249024851701662,1.4471,3.7730633681155554,6.32299080920461,6.32299080920461
1h,2026-02-09T22:00:00+00:00,2026-02-09T23:00:00+00:00,23,0,Monday,contract,0.02121934197471408,-0.041086347596957395,-0.0009091801519010741,1.4437,1.3784027152455516,4.246034494701124,4.329154256424465
1h,2026-02-10T00:00:00+00:00,2026-02-10T01:00:00+00:00,1,1,Tuesday,contract,0.019783514253707554,-0.0434542679978932,-0.00089873186566981,1.4363,1.796282113764537,4.2679106036343475,4.351458608925713
1h,2026-02-10T02:00:00+00:00,2026-02-10T03:00:00+00:00,3,1,Tuesday,contract,0.018699050555492754,-0.0459170364795356,-0.0008999269658071241,1.4464,2.647953539823009,4.1413163716814205,4.2242809734513225
1h,2026-02-10T07:00:00+00:00,2026-02-10T08:00:00+00:00,8,1,Tuesday,contract,0.01840964753878697,-0.039374816697945736,-0.0007545882722143869,1.4213,2.1107436853584765,3.137972278899597,5.473861957362984
1h,2026-02-10T23:00:00+00:00,2026-02-11T00:00:00+00:00,0,2,Wednesday,contract,0.01623110193334867,-0.04234953070218872,-0.000717777071796058,1.3988,1.9087789533886148,5.34029167858164,5.626251072347726
1h,2026-02-11T14:00:00+00:00,2026-02-11T15:00:00+00:00,15,2,Wednesday,expand,0.018430060294980122,0.16690920909797202,0.002636149208078451,1.3611,3.203291455440459,4.1069723018147135,4.885754169421792
1h,2026-02-13T15:00:00+00:00,2026-02-13T16:00:00+00:00,16,4,Friday,expand,0.01663452465660329,0.12933487932596366,0.001905036564876679,1.4036,2.1017383870048345,2.201481903676256,5.607010544314619
1h,2026-02-13T23:00:00+00:00,2026-02-14T00:00:00+00:00,0,5,Saturday,contract,0.01483861604196857,-0.03952694360650966,-0.0006106627724591276,1.4061,0.9458786715027445,5.113434321883228,7.737714245075031
1h,2026-02-14T02:00:00+00:00,2026-02-14T03:00:00+00:00,3,5,Saturday,contract,0.013494657231853112,-0.04618539044301062,-0.0006534351716810157,1.4101,0.8580951705552798,6.063399758882343,9.673072831714054
1h,2026-02-15T07:00:00+00:00,2026-02-15T08:00:00+00:00,8,6,Sunday,expand,0.024582221626449425,0.18424152380015424,0.003824444490273124,1.6482,6.819560732920765,13.657323140395587,13.657323140395587
1h,2026-02-16T03:00:00+00:00,2026-02-16T04:00:00+00:00,4,0,Monday,contract,0.0243582578049554,-0.04568277495544126,-0.0011660198311504236,1.4605,1.8966107497432427,4.669633687093464,4.669633687093464
1h,2026-02-16T08:00:00+00:00,2026-02-16T09:00:00+00:00,9,0,Monday,contract,0.021723962885953962,-0.041162996286052245,-0.0009326125296887644,1.469,3.083730428863165,3.716814159292034,3.716814159292034
1h,2026-02-16T19:00:00+00:00,2026-02-16T20:00:00+00:00,20,0,Monday,contract,0.02288152452940923,-0.04027060214689937,-0.000960117271493019,1.4744,1.7430819316332107,2.9842647856755318,4.618827997829629
1h,2026-02-16T23:00:00+00:00,2026-02-17T00:00:00+00:00,0,1,Tuesday,contract,0.02037115842577198,-0.043939800028223286,-0.000936242955828618,1.4864,1.3993541442411148,4.4738966630785795,4.581539289558669
1h,2026-02-17T00:00:00+00:00,2026-02-17T01:00:00+00:00,1,1,Tuesday,contract,0.019566075681073974,-0.039520714918179545,-0.0008050827446980068,1.4827,1.4028461590341899,4.592972280299457,4.592972280299457
1h,2026-02-17T03:00:00+00:00,2026-02-17T04:00:00+00:00,4,1,Tuesday,contract,0.018408261031821953,-0.04283036218500502,-0.0008237123870632433,1.482,1.3360323886639702,4.595141700404862,4.595141700404862
1h,2026-02-17T06:00:00+00:00,2026-02-17T07:00:00+00:00,7,1,Tuesday,contract,0.01731186205791283,-0.043812016362490436,-0.0007932201583009946,1.4778,1.840573825957512,4.608201380430373,4.608201380430373
1h,2026-02-17T14:00:00+00:00,2026-02-17T15:00:00+00:00,15,1,Tuesday,expand,0.016477102980125207,0.09915308074139428,0.001486376693836524,1.4345,4.238410596026487,4.238410596026487,4.238410596026487
1h,2026-02-17T23:00:00+00:00,2026-02-18T00:00:00+00:00,0,2,Wednesday,contract,0.017008948345653856,-0.044132437601068886,-0.0007853037188964573,1.4732,1.3983165897366394,2.88487645940809,5.701873472712467
1h,2026-02-19T21:00:00+00:00,2026-02-19T22:00:00+00:00,22,3,Thursday,contract,0.015017808675168559,-0.0450860321261396,-0.000709062205782195,1.4073,2.1601648546862773,3.666595608612227,4.4055993746891255
1h,2026-02-21T02:00:00+00:00,2026-02-21T03:00:00+00:00,3,5,Saturday,contract,0.013492048312153643,-0.04566140024455012,-0.0006455421778579652,1.4299,0.8392195258409687,2.8533463878592875,2.9512553325407382
1h,2026-02-21T04:00:00+00:00,2026-02-21T05:00:00+00:00,5,5,Saturday,contract,0.012517123289561043,-0.041340489069333186,-0.0005397787145816138,1.4277,0.6093717167472265,2.626602227358695,3.27799957974364
1h,2026-02-21T05:00:00+00:00,2026-02-21T06:00:00+00:00,6,5,Saturday,contract,0.011958757340306695,-0.04460816885298324,-0.0005583659492543486,1.4274,1.3240857503152526,2.5921255429452095,3.3207229928541477
1h,2026-02-21T07:00:00+00:00,2026-02-21T08:00:00+00:00,8,5,Saturday,contract,0.011165459135264443,-0.04137899184666427,-0.0004819583950203491,1.4303,1.3214011046633516,2.586869887436197,3.313990072012872
1h,2026-02-22T04:00:00+00:00,2026-02-22T05:00:00+00:00,5,6,Sunday,contract,0.009357940986378393,-0.03915879489314367,-0.000381380075875265,1.4219,0.5837260004219689,3.2984035445530586,6.765595330192001
1h,2026-02-23T00:00:00+00:00,2026-02-23T01:00:00+00:00,1,0,Monday,expand,0.010613593332718956,0.17536717684233527,0.0015835697436369957,1.364,2.631964809384167,7.016129032258073,7.016129032258073
1h,2026-02-23T01:00:00+00:00,2026-02-23T02:00:00+00:00,2,0,Monday,expand,0.012419765237524747,0.17017534478524188,0.0018061719048057916,1.3315,1.5771686068343904,7.059707097258737,7.397671798723247
1h,2026-02-23T09:00:00+00:00,2026-02-23T10:00:00+00:00,10,0,Monday,expand,0.014072496214836272,0.10130035910846047,0.0012944233680895131,1.3907,2.7683900194146815,7.08276407564536,7.4998202344143285
1h,2026-02-24T00:00:00+00:00,2026-02-24T01:00:00+00:00,1,1,Tuesday,contract,0.014716509302635097,-0.04165938094307431,-0.0006397314848180877,1.3563,3.0303030303030236,3.848706038487046,4.136253041362517
1h,2026-02-24T01:00:00+00:00,2026-02-24T02:00:00+00:00,2,1,Tuesday,expand,0.016208187209589723,0.1013608510197137,0.0014916779069546263,1.3498,2.6966958067861895,3.867239591050511,6.53430137798191
1h,2026-02-24T11:00:00+00:00,2026-02-24T12:00:00+00:00,12,1,Tuesday,contract,0.014195635765343462,-0.04003162594422127,-0.000591971981949501,1.3324,3.0396277394175906,6.619633743620522,6.619633743620522
1h,2026-02-24T14:00:00+00:00,2026-02-24T15:00:00+00:00,15,1,Tuesday,expand,0.015186994087631023,0.10101057491904841,0.0013933081471052978,1.3352,2.69622528460156,5.100359496704617,7.841521869382865
1h,2026-02-25T01:00:00+00:00,2026-02-25T02:00:00+00:00,2,2,Wednesday,expand,0.01663238171056767,0.21163861351036783,0.0029052014068794117,1.3857,3.059825359024319,8.768131630222987,10.204228909576386
1h,2026-02-25T22:00:00+00:00,2026-02-25T23:00:00+00:00,23,2,Wednesday,expand,0.020215616470615688,0.09950849216570146,0.001829567963798795,1.4553,2.693602693602702,3.470074898646326,5.936920222634511
1h,2026-02-26T12:00:00+00:00,2026-02-26T13:00:00+00:00,13,3,Thursday,contract,0.017848487539056938,-0.039922767405159654,-0.0007421913491582263,1.4412,4.301970580072166,4.433805162364701,5.162364696086596
1h,2026-02-26T21:00:00+00:00,2026-02-26T22:00:00+00:00,22,3,Thursday,contract,0.01904405196025364,-0.038988353201770964,-0.0007726193815579645,1.394,0.9612625538019984,4.540889526542318,6.341463414634149
1h,2026-02-26T23:00:00+00:00,2026-02-27T00:00:00+00:00,0,4,Friday,contract,0.017695636639198303,-0.045221572994788906,-0.0008381258953229359,1.4016,1.4483447488584464,5.293949771689501,6.307077625570779
1h,2026-02-27T20:00:00+00:00,2026-02-27T21:00:00+00:00,21,4,Friday,contract,0.014339279879949096,-0.04232870967063074,-0.0006337907599960856,1.3516,1.827463746670625,7.021308079313406,8.501035809411068
1h,2026-02-27T23:00:00+00:00,2026-02-28T00:00:00+00:00,0,5,Saturday,contract,0.013589722265396563,-0.04274972089548901,-0.0006069017127228096,1.3552,0.9223730814640038,7.0026564344746145,9.113046044864223
1h,2026-02-28T06:00:00+00:00,2026-02-28T07:00:00+00:00,7,5,Saturday,expand,0.01507368304250199,0.2838621070299481,0.0033327936121152323,1.2955,4.07564646854496,9.532998842145885,9.532998842145885
1h,2026-02-28T12:00:00+00:00,2026-02-28T13:00:00+00:00,13,5,Saturday,contract,0.01681946114245234,-0.0400375941096196,-0.0007014970109578689,1.2947,4.302154939368183,7.6542828454468195,7.6542828454468195
1h,2026-02-28T13:00:00+00:00,2026-02-28T14:00:00+00:00,14,5,Saturday,expand,0.019132356775134307,0.1375130637713604,0.002312895632681968,1.3402,2.9697060140277447,6.208028652439929,6.208028652439929
1h,2026-03-01T00:00:00+00:00,2026-03-01T01:00:00+00:00,1,6,Sunday,contract,0.01957230351636918,-0.04851050598378592,-0.0009978695012591715,1.3796,,,
