symbol,strategy_id,tp_r,entry_ts_utc,exit_ts_utc,side,entry_price,stop_init,risk,tp_price,fee_bps,baseline_r,managed_r,managed_reason,hold_5m_bars,bb_period,bb_std,atr_mult,bb_upper,bb_lower,bb_mid,bb_width,atr,atr_ratio,er,structure,vol,regime,entry_idx_4h
XRPUSDT,bb_balanced,1.5,2022-01-04 14:00:00+00:00,2022-01-04 18:30:00+00:00,-1,0.8375,0.8477201257736908,0.010220125773690802,0.8221698113394638,3.0,1.47541615,1.47541615,TP,55,20,2.0,1.5,0.837225,0.822835,0.83003,1.733612,0.006813,0.9882,0.0624,BALANCED,NORMAL,BALANCED_NORMAL,86
XRPUSDT,bb_balanced,1.5,2022-01-04 19:00:00+00:00,2022-01-05 10:10:00+00:00,1,0.82,0.8084070923594131,0.011592907640586847,0.8373893614608803,3.0,1.47878013,1.47878013,TP,183,20,2.0,1.5,0.840384,0.820486,0.830435,2.395979,0.007729,1.1048,0.2548,BALANCED,NORMAL,BALANCED_NORMAL,91
XRPUSDT,bb_balanced,1.5,2022-01-05 18:00:00+00:00,2022-01-05 19:45:00+00:00,1,0.8207,0.8105052614831934,0.010194738516806634,0.8359921077752099,3.0,-1.02415069,-1.02415069,SL,22,20,2.0,1.5,0.83517,0.82211,0.82864,1.576163,0.006796,0.9458,0.1596,BALANCED,NORMAL,BALANCED_NORMAL,114
XRPUSDT,bb_balanced,1.5,2022-01-06 20:00:00+00:00,2022-01-07 03:20:00+00:00,-1,0.7804,0.7986528149253417,0.018252814925341698,0.7530207776119875,3.0,1.48717349,1.48717349,TP,89,20,2.0,1.5,0.779649,0.742691,0.76117,4.855526,0.012169,1.1664,0.0704,BALANCED,NORMAL,BALANCED_NORMAL,140
XRPUSDT,bb_balanced,1.5,2022-01-08 16:00:00+00:00,2022-01-08 17:35:00+00:00,1,0.7572,0.7435756866871561,0.013624313312843861,0.7776364699692657,3.0,-1.01667313,-1.01667313,SL,20,20,2.0,1.5,0.775993,0.758237,0.767115,2.31462,0.009083,0.7387,0.1386,BALANCED,NORMAL,BALANCED_NORMAL,184
XRPUSDT,bb_balanced,1.5,2022-01-09 20:00:00+00:00,2022-01-10 09:05:00+00:00,-1,0.7642,0.7774595154144986,0.013259515414498657,0.7443107268782521,3.0,1.48270978,1.48270978,TP,158,20,2.0,1.5,0.761175,0.739205,0.75019,2.928608,0.00884,0.8177,0.228,BALANCED,NORMAL,BALANCED_NORMAL,212
XRPUSDT,bb_balanced,1.5,2022-01-10 12:00:00+00:00,2022-01-10 12:50:00+00:00,1,0.7414,0.7314201861074153,0.009979813892584621,0.7563697208388769,3.0,-1.02228699,-1.02228699,SL,11,20,2.0,1.5,0.765075,0.741635,0.753355,3.111364,0.006653,0.7204,0.0219,BALANCED,NORMAL,BALANCED_NORMAL,228
XRPUSDT,bb_balanced,1.5,2022-01-11 17:00:00+00:00,2022-01-11 23:15:00+00:00,-1,0.7581,0.7734657136826943,0.015365713682694349,0.7350514294759585,3.0,-1.01480113,-1.01480113,SL,76,20,2.0,1.5,0.753212,0.729078,0.741145,3.256284,0.010244,1.1146,0.3207,BALANCED,NORMAL,BALANCED_NORMAL,257
XRPUSDT,bb_balanced,1.5,2022-01-13 12:00:00+00:00,2022-01-13 15:50:00+00:00,1,0.7834,0.7720627283980144,0.01133727160198561,0.8004059074029783,3.0,-1.02072986,-1.02072986,SL,47,20,2.0,1.5,0.800234,0.784856,0.792545,1.94022,0.007558,0.8369,0.1291,BALANCED,NORMAL,BALANCED_NORMAL,300
XRPUSDT,bb_balanced,1.5,2022-01-13 16:00:00+00:00,2022-01-13 20:05:00+00:00,1,0.7747,0.7613265797005334,0.013373420299466643,0.7947601304492,3.0,-1.0173785,-1.0173785,SL,50,20,2.0,1.5,0.802357,0.780873,0.791615,2.713928,0.008916,1.0012,0.2895,BALANCED,NORMAL,BALANCED_NORMAL,304
XRPUSDT,bb_balanced,1.5,2022-01-14 12:00:00+00:00,2022-01-14 15:15:00+00:00,1,0.7569,0.7438647662083441,0.013035233791655942,0.7764528506874839,3.0,1.48258029,1.48258029,TP,40,20,2.0,1.5,0.785759,0.758191,0.771975,3.57107,0.00869,1.0346,0.2452,BALANCED,NORMAL,BALANCED_NORMAL,324
XRPUSDT,bb_balanced,1.5,2022-01-15 15:00:00+00:00,2022-01-17 03:55:00+00:00,-1,0.7816,0.7920985802131782,0.010498580213178288,0.7658521296802325,3.0,1.47766555,1.47766555,TP,444,20,2.0,1.5,0.781573,0.769357,0.775465,1.575259,0.006999,0.8682,0.2394,BALANCED,NORMAL,BALANCED_NORMAL,351
XRPUSDT,bb_balanced,1.5,2022-01-17 04:00:00+00:00,2022-01-17 05:00:00+00:00,1,0.7668,0.7586093133462247,0.008190686653775314,0.779086029980663,3.0,-1.02808556,-1.02808556,SL,13,20,2.0,1.5,0.782924,0.770926,0.776925,1.544282,0.00546,0.9098,0.2757,BALANCED,NORMAL,BALANCED_NORMAL,388
XRPUSDT,bb_balanced,1.5,2022-01-18 09:00:00+00:00,2022-01-19 07:05:00+00:00,1,0.7434,0.732319500949083,0.011080499050916903,0.7600207485763752,3.0,-1.02012725,-1.02012725,SL,266,20,2.0,1.5,0.768868,0.748112,0.75849,2.736397,0.007387,1.2599,0.2106,BALANCED,NORMAL,BALANCED_NORMAL,417
XRPUSDT,bb_balanced,1.5,2022-01-19 08:00:00+00:00,2022-01-19 14:45:00+00:00,1,0.7283,0.7173303510030559,0.010969648996944081,0.7447544734954161,3.0,1.48008232,1.48008232,TP,82,20,2.0,1.5,0.756943,0.733757,0.74535,3.11085,0.007313,1.092,0.2698,BALANCED,NORMAL,BALANCED_NORMAL,440
XRPUSDT,bb_balanced,1.5,2022-01-20 07:00:00+00:00,2022-01-20 14:55:00+00:00,-1,0.7473,0.7557769860436084,0.00847698604360847,0.7345845209345873,3.0,-1.0264469,-1.0264469,SL,96,20,2.0,1.5,0.746461,0.735179,0.74082,1.522848,0.005651,0.8059,0.3307,BALANCED,NORMAL,BALANCED_NORMAL,463
XRPUSDT,bb_balanced,1.5,2022-01-20 14:00:00+00:00,2022-01-20 14:55:00+00:00,-1,0.7485,0.7561305668077984,0.007630566807798389,0.7370541497883025,3.0,-1.0294277,-1.0294277,SL,12,20,2.0,1.5,0.747788,0.736612,0.7422,1.505848,0.005087,0.757,0.2057,BALANCED,NORMAL,BALANCED_NORMAL,470
XRPUSDT,bb_balanced,1.5,2022-01-21 00:00:00+00:00,2022-01-21 01:40:00+00:00,1,0.7193,0.7072102639133335,0.012089736086666525,0.7374346041299998,3.0,-1.01784902,-1.01784902,SL,21,20,2.0,1.5,0.765403,0.726327,0.745865,5.23907,0.00806,1.2492,0.2922,BALANCED,NORMAL,BALANCED_NORMAL,480
XRPUSDT,bb_balanced,1.5,2022-01-24 10:00:00+00:00,2022-01-24 10:50:00+00:00,1,0.5812,0.5624377184815178,0.01876228151848225,0.6093434222777234,3.0,-1.00929311,-1.00929311,SL,11,20,2.0,1.5,0.623514,0.586336,0.604925,6.145891,0.012508,0.7578,0.3164,BALANCED,NORMAL,BALANCED_NORMAL,562
XRPUSDT,bb_balanced,1.5,2022-01-25 19:00:00+00:00,2022-01-26 10:55:00+00:00,-1,0.6166,0.6332448582374474,0.016644858237447324,0.591632712643829,3.0,-1.01111334,-1.01111334,SL,192,20,2.0,1.5,0.613994,0.587866,0.60093,4.347778,0.011097,0.847,0.0948,BALANCED,NORMAL,BALANCED_NORMAL,595
XRPUSDT,bb_balanced,1.5,2022-01-26 22:00:00+00:00,2022-01-31 00:45:00+00:00,1,0.6064,0.5871585528486413,0.01924144715135878,0.6352621707270383,3.0,-1.00945459,-1.00945459,SL,1186,20,2.0,1.5,0.642856,0.611294,0.627075,5.033367,0.012828,1.1404,0.051,BALANCED,NORMAL,BALANCED_NORMAL,622
XRPUSDT,bb_balanced,1.5,2022-01-29 01:00:00+00:00,2022-01-29 20:30:00+00:00,-1,0.6127,0.6238640488106695,0.011164048810669458,0.5959539267839958,3.0,-1.01646446,-1.01646446,SL,235,20,2.0,1.5,0.61248,0.5925,0.60249,3.316163,0.007443,0.7726,0.1372,BALANCED,NORMAL,BALANCED_NORMAL,673
XRPUSDT,bb_balanced,1.5,2022-01-30 17:00:00+00:00,2022-01-30 19:05:00+00:00,1,0.6102,0.6020767283212911,0.008123271678708854,0.6223849075180632,3.0,-1.02253526,-1.02253526,SL,26,20,2.0,1.5,0.622229,0.611081,0.616655,1.807947,0.005416,0.8576,0.2047,BALANCED,NORMAL,BALANCED_NORMAL,713
XRPUSDT,bb_balanced,1.5,2022-01-31 17:00:00+00:00,2022-01-31 23:30:00+00:00,-1,0.6052,0.615341983724848,0.010141983724848092,0.5899870244127279,3.0,-1.01790182,-1.01790182,SL,79,20,2.0,1.5,0.603902,0.577698,0.5908,4.435363,0.006761,1.1368,0.0309,BALANCED,NORMAL,BALANCED_NORMAL,737
XRPUSDT,bb_balanced,1.5,2022-02-02 13:00:00+00:00,2022-02-02 14:35:00+00:00,-1,0.63,0.637211958750415,0.007211958750415026,0.6191820618743775,3.0,1.47379353,1.47379353,TP,20,20,2.0,1.5,0.629429,0.621021,0.625225,1.344715,0.004808,0.7732,0.096,BALANCED,NORMAL,BALANCED_NORMAL,781
XRPUSDT,bb_balanced,1.5,2022-02-02 16:00:00+00:00,2022-02-02 16:15:00+00:00,1,0.6103,0.601500665679788,0.00879933432021196,0.6234990014803179,3.0,-1.02080726,-1.02080726,SL,4,20,2.0,1.5,0.63351,0.61523,0.62437,2.927625,0.005866,0.9504,0.2403,BALANCED,NORMAL,BALANCED_NORMAL,784
XRPUSDT,bb_balanced,1.5,2022-02-04 00:00:00+00:00,2022-02-04 06:30:00+00:00,-1,0.6096,0.6190125087301112,0.009412508730111124,0.5954812369048333,3.0,-1.01942946,-1.01942946,SL,79,20,2.0,1.5,0.608899,0.592541,0.60072,2.723032,0.006275,1.0496,0.167,BALANCED,NORMAL,BALANCED_NORMAL,816
XRPUSDT,bb_balanced,1.5,2022-02-06 22:00:00+00:00,2022-02-06 23:40:00+00:00,-1,0.6741,0.684025771615202,0.009925771615201917,0.6592113425771972,3.0,-1.02037423,-1.02037423,SL,21,20,2.0,1.5,0.673766,0.664034,0.6689,1.454989,0.006617,0.8686,0.0179,BALANCED,NORMAL,BALANCED_NORMAL,886
XRPUSDT,bb_balanced,1.5,2022-02-10 21:00:00+00:00,2022-02-11 00:00:00+00:00,1,0.8436,0.8173006834350721,0.0262993165649279,0.8830489748473919,3.0,-1.00962306,-1.00962306,SL,37,20,2.0,1.5,0.890741,0.844519,0.86763,5.327297,0.017533,0.8135,0.2182,BALANCED,NORMAL,BALANCED_NORMAL,981
XRPUSDT,bb_balanced,1.5,2022-02-12 16:00:00+00:00,2022-02-12 16:30:00+00:00,-1,0.802,0.825762796952858,0.02376279695285799,0.7663558045707131,3.0,-1.01012507,-1.01012507,SL,7,20,2.0,1.5,0.790002,0.752058,0.77103,4.921179,0.015842,0.9695,0.0821,BALANCED,NORMAL,BALANCED_NORMAL,1024
XRPUSDT,bb_balanced,1.5,2022-02-13 17:00:00+00:00,2022-02-14 01:30:00+00:00,1,0.8094,0.7872970129569604,0.02210298704303959,0.8425544805645594,3.0,-1.01098585,-1.01098585,SL,103,20,2.0,1.5,0.839946,0.811814,0.82588,3.406186,0.014735,0.9177,0.228,BALANCED,NORMAL,BALANCED_NORMAL,1049
XRPUSDT,bb_balanced,1.5,2022-02-15 03:00:00+00:00,2022-02-15 23:35:00+00:00,-1,0.8239,0.8436856071160392,0.019785607116039272,0.794221589325941,3.0,-1.01249241,-1.01249241,SL,248,20,2.0,1.5,0.820169,0.777601,0.798885,5.328476,0.01319,0.9253,0.2813,BALANCED,NORMAL,BALANCED_NORMAL,1083
XRPUSDT,bb_balanced,1.5,2022-02-16 01:00:00+00:00,2022-02-16 13:35:00+00:00,-1,0.8445,0.8612582963835512,0.016758296383551197,0.8193625554246733,3.0,1.48488211,1.48488211,TP,152,20,2.0,1.5,0.843708,0.814272,0.82899,3.550828,0.011172,0.925,0.3046,BALANCED,NORMAL,BALANCED_NORMAL,1105
XRPUSDT,bb_balanced,1.5,2022-02-16 14:00:00+00:00,2022-02-16 19:30:00+00:00,1,0.8126,0.797821019602222,0.01477898039777803,0.834768470596667,3.0,1.48350495,1.48350495,TP,67,20,2.0,1.5,0.847653,0.816227,0.83194,3.777338,0.009853,0.893,0.095,BALANCED,NORMAL,BALANCED_NORMAL,1118
XRPUSDT,bb_balanced,1.5,2022-02-17 15:00:00+00:00,2022-02-17 18:10:00+00:00,1,0.799,0.7815138964609831,0.017486103539016917,0.8252291553085254,3.0,-1.01370803,-1.01370803,SL,39,20,2.0,1.5,0.851984,0.799106,0.825545,6.405137,0.011657,1.1456,0.2365,BALANCED,NORMAL,BALANCED_NORMAL,1143
XRPUSDT,bb_balanced,1.5,2022-02-18 17:00:00+00:00,2022-02-18 23:05:00+00:00,1,0.7611,0.7404113537485818,0.020688646251418197,0.7921329693771273,3.0,1.48896351,1.48896351,TP,74,20,2.0,1.5,0.803413,0.761347,0.78238,5.376691,0.013792,1.1985,0.0742,BALANCED,NORMAL,BALANCED_NORMAL,1169
XRPUSDT,bb_balanced,1.5,2022-02-20 22:00:00+00:00,2022-02-21 01:35:00+00:00,1,0.7738,0.7554260559354563,0.018373944064543735,0.8013609160968156,3.0,1.4873658,1.4873658,TP,44,20,2.0,1.5,0.797403,0.776367,0.786885,2.673239,0.012249,0.9214,0.2686,BALANCED,NORMAL,BALANCED_NORMAL,1222
XRPUSDT,bb_balanced,1.5,2022-02-21 12:00:00+00:00,2022-02-21 18:25:00+00:00,1,0.7693,0.7507460879007526,0.018553912099247394,0.7971308681488711,3.0,-1.01243889,-1.01243889,SL,78,20,2.0,1.5,0.801789,0.771021,0.786405,3.912607,0.012369,0.9183,0.1266,BALANCED,NORMAL,BALANCED_NORMAL,1236
XRPUSDT,bb_balanced,1.5,2022-02-23 09:00:00+00:00,2022-02-23 20:00:00+00:00,-1,0.7275,0.7454188085504305,0.017918808550430487,0.7006217871743543,3.0,1.48782006,1.48782006,TP,133,20,2.0,1.5,0.726223,0.694887,0.710555,4.410143,0.011946,0.8048,0.2753,BALANCED,NORMAL,BALANCED_NORMAL,1281
XRPUSDT,bb_balanced,1.5,2022-02-24 03:00:00+00:00,2022-02-24 03:05:00+00:00,1,0.6756,0.6560439009081963,0.01955609909180367,0.7049341486377054,3.0,-1.01036403,-1.01036403,SL,2,20,2.0,1.5,0.749571,0.681069,0.71532,9.576476,0.013037,0.9175,0.3074,BALANCED,NORMAL,BALANCED_NORMAL,1299
XRPUSDT,bb_balanced,1.5,2022-02-24 21:00:00+00:00,2022-02-25 19:45:00+00:00,-1,0.7046,0.7310249970502504,0.026424997050250365,0.6649625044246245,3.0,-1.00799924,-1.00799924,SL,274,20,2.0,1.5,0.696208,0.609832,0.65302,13.227072,0.017617,1.2677,0.0655,BALANCED,NORMAL,BALANCED_NORMAL,1317
XRPUSDT,bb_balanced,1.5,2022-03-03 16:00:00+00:00,2022-03-03 17:30:00+00:00,1,0.7487,0.7336091769709181,0.015090823029081935,0.771336234543623,3.0,-1.01488388,-1.01488388,SL,19,20,2.0,1.5,0.776183,0.756477,0.76633,2.571514,0.010061,0.8672,0.2507,BALANCED,NORMAL,BALANCED_NORMAL,1408
XRPUSDT,bb_balanced,1.5,2022-03-04 21:00:00+00:00,2022-03-04 22:30:00+00:00,1,0.7163,0.7010476042793128,0.015252395720687262,0.7391785935810309,3.0,-1.01408893,-1.01408893,SL,19,20,2.0,1.5,0.748803,0.720127,0.734465,3.904366,0.010168,1.0245,0.1902,BALANCED,NORMAL,BALANCED_NORMAL,1437
XRPUSDT,bb_balanced,1.5,2022-03-05 14:00:00+00:00,2022-03-06 04:00:00+00:00,-1,0.7582,0.7731970745354383,0.014997074535438304,0.7357043881968426,3.0,1.48483304,1.48483304,TP,169,20,2.0,1.5,0.748305,0.699445,0.723875,6.749731,0.009998,1.0221,0.2071,BALANCED,NORMAL,BALANCED_NORMAL,1454
XRPUSDT,bb_balanced,1.5,2022-03-07 00:00:00+00:00,2022-03-07 00:20:00+00:00,1,0.7248,0.7103620968233274,0.014437903176672595,0.7464568547650089,3.0,-1.01506036,-1.01506036,SL,5,20,2.0,1.5,0.748449,0.727431,0.73794,2.84818,0.009625,1.0086,0.2584,BALANCED,NORMAL,BALANCED_NORMAL,1488
XRPUSDT,bb_balanced,1.5,2022-03-08 17:00:00+00:00,2022-03-09 03:20:00+00:00,1,0.7149,0.7012440812472629,0.013655918752737084,0.7353838781291056,3.0,1.48429472,1.48429472,TP,125,20,2.0,1.5,0.729715,0.716515,0.723115,1.825543,0.009104,0.8937,0.0127,BALANCED,NORMAL,BALANCED_NORMAL,1529
XRPUSDT,bb_balanced,1.5,2022-03-09 04:00:00+00:00,2022-03-09 08:40:00+00:00,-1,0.7434,0.7563807014660305,0.012980701466030586,0.7239289478009541,3.0,-1.01718089,-1.01718089,SL,57,20,2.0,1.5,0.735708,0.712432,0.72407,3.21448,0.008654,0.861,0.3119,BALANCED,NORMAL,BALANCED_NORMAL,1540
XRPUSDT,bb_balanced,1.5,2022-03-10 05:00:00+00:00,2022-03-10 13:40:00+00:00,1,0.7398,0.7238224052382997,0.015977594761700353,0.7637663921425506,3.0,-1.0138907,-1.0138907,SL,105,20,2.0,1.5,0.773031,0.743639,0.758335,3.875902,0.010652,1.1804,0.1389,BALANCED,NORMAL,BALANCED_NORMAL,1565
XRPUSDT,bb_balanced,1.5,2022-03-11 06:00:00+00:00,2022-03-11 16:05:00+00:00,-1,0.7461,0.7587367561501354,0.012636756150135375,0.727144865774797,3.0,1.48228738,1.48228738,TP,122,20,2.0,1.5,0.744663,0.724777,0.73472,2.706652,0.008425,0.9338,0.214,BALANCED,NORMAL,BALANCED_NORMAL,1590
XRPUSDT,bb_balanced,1.5,2022-03-11 21:00:00+00:00,2022-03-11 21:15:00+00:00,-1,0.7649,0.7800278865320336,0.015127886532033563,0.7422081702019496,3.0,-1.01516868,-1.01516868,SL,4,20,2.0,1.5,0.755379,0.721711,0.738545,4.558583,0.010085,1.1225,0.3004,BALANCED,NORMAL,BALANCED_NORMAL,1605
XRPUSDT,bb_balanced,1.5,2022-03-13 04:00:00+00:00,2022-03-13 22:40:00+00:00,-1,0.7964,0.8137800149146247,0.01738001491462471,0.770329977628063,3.0,1.48625318,1.48625318,TP,225,20,2.0,1.5,0.795823,0.782367,0.789095,1.705243,0.011587,0.9549,0.0,BALANCED,NORMAL,BALANCED_NORMAL,1636
XRPUSDT,bb_balanced,1.5,2022-03-13 13:00:00+00:00,2022-03-13 22:45:00+00:00,1,0.7809,0.765634759016774,0.015265240983226014,0.8037978614748391,3.0,-1.01534663,-1.01534663,SL,118,20,2.0,1.5,0.80381,0.78126,0.792535,2.845294,0.010177,0.8142,0.0928,BALANCED,NORMAL,BALANCED_NORMAL,1645
XRPUSDT,bb_balanced,1.5,2022-03-16 16:00:00+00:00,2022-03-16 18:30:00+00:00,-1,0.7769,0.788834613040795,0.011934613040795017,0.7589980804388075,3.0,1.48047109,1.48047109,TP,31,20,2.0,1.5,0.775903,0.758357,0.76713,2.287269,0.007956,0.9819,0.0906,BALANCED,NORMAL,BALANCED_NORMAL,1720
XRPUSDT,bb_balanced,1.5,2022-03-17 22:00:00+00:00,2022-03-18 00:55:00+00:00,-1,0.8011,0.8115351777016883,0.010435177701688225,0.7854472334474677,3.0,1.47696925,1.47696925,TP,36,20,2.0,1.5,0.798955,0.785235,0.792095,1.732158,0.006957,0.8606,0.1074,BALANCED,NORMAL,BALANCED_NORMAL,1750
XRPUSDT,bb_balanced,1.5,2022-03-18 11:00:00+00:00,2022-03-18 19:55:00+00:00,1,0.7811,0.7715687650364367,0.00953123496356334,0.795396852445345,3.0,1.47541452,1.47541452,TP,108,20,2.0,1.5,0.799118,0.781502,0.79031,2.229038,0.006354,0.8093,0.1579,BALANCED,NORMAL,BALANCED_NORMAL,1763
XRPUSDT,bb_balanced,1.5,2022-03-18 20:00:00+00:00,2022-03-19 05:30:00+00:00,-1,0.7966,0.8057744877711528,0.009174487771152817,0.7828382683432707,3.0,-1.02604832,-1.02604832,SL,115,20,2.0,1.5,0.795895,0.778145,0.78702,2.255411,0.006116,0.8108,0.0638,BALANCED,NORMAL,BALANCED_NORMAL,1772
XRPUSDT,bb_balanced,1.5,2022-03-20 12:00:00+00:00,2022-03-20 17:40:00+00:00,1,0.8066,0.7970717162427421,0.009528283757257894,0.8208924256358868,3.0,-1.02539597,-1.02539597,SL,69,20,2.0,1.5,0.823905,0.806965,0.815435,2.077306,0.006352,0.9516,0.2243,BALANCED,NORMAL,BALANCED_NORMAL,1812
XRPUSDT,bb_balanced,1.5,2022-03-21 03:00:00+00:00,2022-03-21 07:15:00+00:00,1,0.7939,0.7825692443290393,0.011330755670960757,0.8108961335064412,3.0,1.47898022,1.47898022,TP,52,20,2.0,1.5,0.814842,0.796658,0.80575,2.256691,0.007554,1.1038,0.3205,BALANCED,NORMAL,BALANCED_NORMAL,1827
XRPUSDT,bb_balanced,1.5,2022-03-21 10:00:00+00:00,2022-03-21 17:55:00+00:00,-1,0.8136,0.8246123267014455,0.011012326701445474,0.7970815099478318,3.0,-1.02216425,-1.02216425,SL,96,20,2.0,1.5,0.813396,0.795974,0.804685,2.165122,0.007342,1.0501,0.1237,BALANCED,NORMAL,BALANCED_NORMAL,1834
XRPUSDT,bb_balanced,1.5,2022-03-22 19:00:00+00:00,2022-03-23 08:05:00+00:00,1,0.8291,0.8160535126826522,0.0130464873173477,0.8486697309760215,3.0,-1.0190649,-1.0190649,SL,158,20,2.0,1.5,0.856276,0.831374,0.843825,2.951163,0.008698,1.0601,0.109,BALANCED,NORMAL,BALANCED_NORMAL,1867
XRPUSDT,bb_balanced,1.5,2022-03-24 19:00:00+00:00,2022-03-25 08:10:00+00:00,-1,0.8464,0.8581139452889419,0.011713945288941874,0.8288290820665872,3.0,1.47832327,1.47832327,TP,159,20,2.0,1.5,0.846238,0.828072,0.837155,2.169982,0.007809,0.9891,0.2117,BALANCED,NORMAL,BALANCED_NORMAL,1915
XRPUSDT,bb_balanced,1.5,2022-03-25 16:00:00+00:00,2022-03-25 16:55:00+00:00,1,0.8321,0.8226500431815981,0.009449956818401883,0.8462749352276028,3.0,-1.02641599,-1.02641599,SL,12,20,2.0,1.5,0.847782,0.833008,0.840395,1.758082,0.0063,0.8715,0.279,BALANCED,NORMAL,BALANCED_NORMAL,1936
XRPUSDT,bb_balanced,1.5,2022-03-27 01:00:00+00:00,2022-03-27 12:55:00+00:00,-1,0.8399,0.8468792012086188,0.006979201208618835,0.8294311981870717,3.0,1.46389701,1.46389701,TP,144,20,2.0,1.5,0.836582,0.825468,0.831025,1.337282,0.004653,0.8059,0.3351,BALANCED,NORMAL,BALANCED_NORMAL,1969
XRPUSDT,bb_balanced,1.5,2022-03-27 21:00:00+00:00,2022-03-27 21:40:00+00:00,-1,0.8466,0.8550605767904423,0.00846057679044232,0.8339091348143366,3.0,-1.03001923,-1.03001923,SL,9,20,2.0,1.5,0.844656,0.830054,0.837355,1.74378,0.00564,1.1046,0.1311,BALANCED,NORMAL,BALANCED_NORMAL,1989
XRPUSDT,bb_balanced,1.5,2022-03-29 16:00:00+00:00,2022-03-29 16:10:00+00:00,1,0.8593,0.8430095051116127,0.016290494888387297,0.8837357423325809,3.0,-1.01582457,-1.01582457,SL,3,20,2.0,1.5,0.892875,0.859965,0.87642,3.755045,0.01086,1.2037,0.3207,BALANCED,NORMAL,BALANCED_NORMAL,2032
XRPUSDT,bb_balanced,1.5,2022-03-30 13:00:00+00:00,2022-03-31 14:00:00+00:00,-1,0.8696,0.8836552063777536,0.014055206377753593,0.8485171904333697,3.0,1.48143891,1.48143891,TP,301,20,2.0,1.5,0.869396,0.851914,0.860655,2.031255,0.00937,0.8697,0.1317,BALANCED,NORMAL,BALANCED_NORMAL,2053
XRPUSDT,bb_balanced,1.5,2022-03-31 14:00:00+00:00,2022-03-31 14:00:00+00:00,1,0.852,0.839742894575186,0.012257105424813952,0.8703856581372209,3.0,-1.02085321,-1.02085321,SL,1,20,2.0,1.5,0.872382,0.854728,0.863555,2.044366,0.008171,0.8461,0.2836,BALANCED,NORMAL,BALANCED_NORMAL,2078
XRPUSDT,bb_balanced,1.5,2022-04-04 10:00:00+00:00,2022-04-04 11:20:00+00:00,1,0.8246,0.8144297303273802,0.010170269672619803,0.8398554045089297,3.0,1.47567616,1.47567616,TP,17,20,2.0,1.5,0.847519,0.825601,0.83656,2.619993,0.00678,0.7211,0.1906,BALANCED,NORMAL,BALANCED_NORMAL,2122
XRPUSDT,bb_balanced,1.5,2022-04-05 15:00:00+00:00,2022-04-05 17:25:00+00:00,1,0.8211,0.8115074415836638,0.009592558416336217,0.8354888376245044,3.0,1.47432072,1.47432072,TP,30,20,2.0,1.5,0.830443,0.821257,0.82585,1.112265,0.006395,0.864,0.1208,BALANCED,NORMAL,BALANCED_NORMAL,2151
XRPUSDT,bb_balanced,1.5,2022-04-05 21:00:00+00:00,2022-04-06 00:10:00+00:00,1,0.8195,0.8089772609033282,0.010522739096671785,0.8352841086450077,3.0,-1.02336369,-1.02336369,SL,39,20,2.0,1.5,0.830704,0.819636,0.82517,1.341283,0.007015,0.9717,0.1695,BALANCED,NORMAL,BALANCED_NORMAL,2157
XRPUSDT,bb_balanced,1.5,2022-04-08 04:00:00+00:00,2022-04-08 11:00:00+00:00,-1,0.7926,0.8034893285874313,0.010889328587431302,0.776266007118853,3.0,1.47816394,1.47816394,TP,85,20,2.0,1.5,0.792355,0.772715,0.782535,2.509801,0.00726,0.7301,0.3321,BALANCED,NORMAL,BALANCED_NORMAL,2212
XRPUSDT,bb_balanced,1.5,2022-04-08 12:00:00+00:00,2022-04-08 17:30:00+00:00,1,0.7695,0.7594515423201639,0.010048457679836087,0.7845726865197541,3.0,-1.02297367,-1.02297367,SL,67,20,2.0,1.5,0.79459,0.77356,0.784075,2.682023,0.006699,0.6896,0.1667,BALANCED,NORMAL,BALANCED_NORMAL,2220
XRPUSDT,bb_balanced,1.5,2022-04-10 03:00:00+00:00,2022-04-10 22:45:00+00:00,-1,0.7663,0.774028239165098,0.0077282391650980164,0.754707641252353,3.0,1.47025325,1.47025325,TP,238,20,2.0,1.5,0.765629,0.756551,0.76109,1.192678,0.005152,0.7657,0.2121,BALANCED,NORMAL,BALANCED_NORMAL,2259
XRPUSDT,bb_balanced,1.5,2022-04-11 01:00:00+00:00,2022-04-11 02:45:00+00:00,1,0.7504,0.741772095282376,0.00862790471762398,0.7633418570764359,3.0,-1.02609208,-1.02609208,SL,22,20,2.0,1.5,0.770226,0.750604,0.760415,2.580344,0.005752,1.0264,0.3333,BALANCED,NORMAL,BALANCED_NORMAL,2281
XRPUSDT,bb_balanced,1.5,2022-04-12 13:00:00+00:00,2022-04-12 18:15:00+00:00,-1,0.7177,0.7306319115223768,0.012931911522376827,0.6983021327164347,3.0,1.48335049,1.48335049,TP,64,20,2.0,1.5,0.716417,0.689483,0.70295,3.831672,0.008621,1.1869,0.1102,BALANCED,NORMAL,BALANCED_NORMAL,2317
XRPUSDT,bb_balanced,1.5,2022-04-14 02:00:00+00:00,2022-04-14 13:45:00+00:00,-1,0.7344,0.7447174022158828,0.010317402215882732,0.718923896676176,3.0,1.47864579,1.47864579,TP,142,20,2.0,1.5,0.732332,0.703088,0.71771,4.074633,0.006878,0.8349,0.1941,BALANCED,NORMAL,BALANCED_NORMAL,2354
XRPUSDT,bb_balanced,1.5,2022-04-14 16:00:00+00:00,2022-04-14 17:35:00+00:00,1,0.7131,0.7020699496152628,0.011030050384737144,0.7296450755771057,3.0,1.4806048,1.4806048,TP,20,20,2.0,1.5,0.741452,0.713518,0.727485,3.839765,0.007353,0.971,0.0767,BALANCED,NORMAL,BALANCED_NORMAL,2368
XRPUSDT,bb_balanced,1.5,2022-04-15 02:00:00+00:00,2022-04-15 02:40:00+00:00,-1,0.741,0.7537675478735828,0.012767547873582807,0.7218486781896258,3.0,-1.01741133,-1.01741133,SL,9,20,2.0,1.5,0.73909,0.70723,0.72316,4.405531,0.008512,1.1361,0.0525,BALANCED,NORMAL,BALANCED_NORMAL,2378
XRPUSDT,bb_balanced,1.5,2022-04-16 16:00:00+00:00,2022-04-17 23:20:00+00:00,1,0.7681,0.7556706090932149,0.012429390906785076,0.7867440863601776,3.0,-1.01853912,-1.01853912,SL,377,20,2.0,1.5,0.793677,0.768243,0.78096,3.256796,0.008286,0.8154,0.0386,BALANCED,NORMAL,BALANCED_NORMAL,2416
XRPUSDT,bb_balanced,1.5,2022-04-17 09:00:00+00:00,2022-04-17 16:55:00+00:00,-1,0.7854,0.7943512047845113,0.00895120478451128,0.7719731928232331,3.0,1.47367729,1.47367729,TP,96,20,2.0,1.5,0.784172,0.768468,0.77632,2.022754,0.005967,0.6315,0.1571,BALANCED,NORMAL,BALANCED_NORMAL,2433
XRPUSDT,bb_balanced,1.5,2022-04-17 18:00:00+00:00,2022-04-17 18:05:00+00:00,1,0.7694,0.760251671258967,0.009148328741032996,0.7831224931115495,3.0,-1.02523084,-1.02523084,SL,2,20,2.0,1.5,0.784225,0.771115,0.77767,1.685812,0.006099,0.7379,0.1967,BALANCED,NORMAL,BALANCED_NORMAL,2442
XRPUSDT,bb_balanced,1.5,2022-04-20 08:00:00+00:00,2022-04-20 14:05:00+00:00,1,0.7617,0.7525558302693014,0.009144169730698648,0.775416254596048,3.0,-1.02498969,-1.02498969,SL,74,20,2.0,1.5,0.776868,0.763622,0.770245,1.719669,0.006096,0.8094,0.0317,BALANCED,NORMAL,BALANCED_NORMAL,2504
XRPUSDT,bb_balanced,1.5,2022-04-20 14:00:00+00:00,2022-04-20 15:15:00+00:00,1,0.7607,0.7505218245448773,0.010178175455122784,0.7759672631826842,3.0,-1.0224215,-1.0224215,SL,16,20,2.0,1.5,0.775619,0.760941,0.76828,1.910386,0.006785,0.9363,0.1781,BALANCED,NORMAL,BALANCED_NORMAL,2510
XRPUSDT,bb_balanced,1.5,2022-04-21 13:00:00+00:00,2022-04-21 19:00:00+00:00,-1,0.7595,0.7690367125078518,0.009536712507851819,0.7451949312382222,3.0,1.47610812,1.47610812,TP,73,20,2.0,1.5,0.758938,0.743942,0.75144,1.995663,0.006358,0.9587,0.0801,BALANCED,NORMAL,BALANCED_NORMAL,2533
XRPUSDT,bb_balanced,1.5,2022-04-21 21:00:00+00:00,2022-04-21 22:30:00+00:00,1,0.734,0.7223354307336388,0.011664569266361169,0.7514968538995417,3.0,-1.01887768,-1.01887768,SL,19,20,2.0,1.5,0.764626,0.739684,0.752155,3.316115,0.007776,1.1899,0.3084,BALANCED,NORMAL,BALANCED_NORMAL,2541
XRPUSDT,bb_balanced,1.5,2022-04-23 04:00:00+00:00,2022-04-24 13:35:00+00:00,1,0.7124,0.7009882151036992,0.011411784896300792,0.7295176773444512,3.0,-1.01872801,-1.01872801,SL,404,20,2.0,1.5,0.730394,0.713516,0.721955,2.337707,0.007608,1.0533,0.2785,BALANCED,NORMAL,BALANCED_NORMAL,2572
XRPUSDT,bb_balanced,1.5,2022-04-24 17:00:00+00:00,2022-04-25 00:05:00+00:00,1,0.7013,0.6934320584743443,0.00786794152565573,0.7131019122884836,3.0,-1.02674016,-1.02674016,SL,86,20,2.0,1.5,0.713202,0.702008,0.707605,1.581842,0.005245,0.8992,0.307,BALANCED,NORMAL,BALANCED_NORMAL,2609
XRPUSDT,bb_balanced,1.5,2022-04-26 14:00:00+00:00,2022-04-26 15:55:00+00:00,1,0.6653,0.6528241416376773,0.012475858362322678,0.684013787543484,3.0,-1.0159981,-1.0159981,SL,24,20,2.0,1.5,0.705629,0.668621,0.687125,5.385805,0.008317,1.1509,0.0967,BALANCED,NORMAL,BALANCED_NORMAL,2654
XRPUSDT,bb_balanced,1.5,2022-04-28 14:00:00+00:00,2022-04-29 10:00:00+00:00,1,0.6385,0.6289601055661674,0.009539894433832519,0.6528098416507487,3.0,-1.02007884,-1.02007884,SL,241,20,2.0,1.5,0.654452,0.641668,0.64806,1.972752,0.00636,0.7673,0.185,BALANCED,NORMAL,BALANCED_NORMAL,2702
XRPUSDT,bb_balanced,1.5,2022-04-29 10:00:00+00:00,2022-04-29 10:40:00+00:00,1,0.6312,0.622797167745763,0.008402832254236992,0.6438042483813555,3.0,-1.02253526,-1.02253526,SL,9,20,2.0,1.5,0.649179,0.633561,0.64137,2.435178,0.005602,0.7656,0.1579,BALANCED,NORMAL,BALANCED_NORMAL,2722
XRPUSDT,bb_balanced,1.5,2022-04-30 18:00:00+00:00,2022-04-30 23:00:00+00:00,1,0.6063,0.5959003472466319,0.010399652753368072,0.6218994791300521,3.0,-1.01749001,-1.01749001,SL,61,20,2.0,1.5,0.627629,0.607781,0.617705,3.213317,0.006933,1.0506,0.0576,BALANCED,NORMAL,BALANCED_NORMAL,2754
XRPUSDT,bb_balanced,1.5,2022-05-01 18:00:00+00:00,2022-05-02 01:00:00+00:00,-1,0.6091,0.6205840845287903,0.01148408452879035,0.5918738732068145,3.0,-1.01591159,-1.01591159,SL,85,20,2.0,1.5,0.606804,0.578656,0.59273,4.748813,0.007656,1.0209,0.0171,BALANCED,NORMAL,BALANCED_NORMAL,2778
XRPUSDT,bb_balanced,1.5,2022-05-03 17:00:00+00:00,2022-05-03 19:20:00+00:00,1,0.6101,0.60005811899255,0.01004188100744996,0.6251628215111749,3.0,-1.01822666,-1.01822666,SL,29,20,2.0,1.5,0.624171,0.611009,0.61759,2.131041,0.006695,0.8483,0.0499,BALANCED,NORMAL,BALANCED_NORMAL,2825
XRPUSDT,bb_balanced,1.5,2022-05-05 14:00:00+00:00,2022-05-05 14:45:00+00:00,1,0.6273,0.6170404318609639,0.010259568139036057,0.642689352208554,3.0,-1.01834288,-1.01834288,SL,10,20,2.0,1.5,0.653166,0.630794,0.64198,3.484785,0.00684,0.9874,0.1491,BALANCED,NORMAL,BALANCED_NORMAL,2870
XRPUSDT,bb_balanced,1.5,2022-05-07 21:00:00+00:00,2022-05-07 21:55:00+00:00,1,0.5901,0.5823277777141773,0.007772222285822639,0.601758333428734,3.0,-1.02277727,-1.02277727,SL,12,20,2.0,1.5,0.60088,0.59036,0.59562,1.766316,0.005181,0.6484,0.3085,BALANCED,NORMAL,BALANCED_NORMAL,2925
XRPUSDT,bb_balanced,1.5,2022-05-09 00:00:00+00:00,2022-05-09 07:15:00+00:00,1,0.5659,0.5560261511934472,0.009873848806552732,0.5807107732098291,3.0,-1.0171939,-1.0171939,SL,88,20,2.0,1.5,0.575846,0.566394,0.57112,1.655117,0.006583,1.0077,0.173,BALANCED,NORMAL,BALANCED_NORMAL,2952
XRPUSDT,bb_balanced,1.5,2022-05-09 03:00:00+00:00,2022-05-09 08:15:00+00:00,1,0.5611,0.5498500015204095,0.011249998479590517,0.5779749977193858,3.0,-1.01496267,-1.01496267,SL,64,20,2.0,1.5,0.576842,0.564268,0.570555,2.203806,0.0075,1.1582,0.228,BALANCED,NORMAL,BALANCED_NORMAL,2955
XRPUSDT,bb_balanced,1.5,2022-05-10 22:00:00+00:00,2022-05-11 12:40:00+00:00,1,0.4955,0.4751133674625431,0.020386632537456872,0.5260799488061854,3.0,-1.00729154,-1.00729154,SL,177,20,2.0,1.5,0.534101,0.497969,0.516035,7.001773,0.013591,1.1385,0.0272,BALANCED,NORMAL,BALANCED_NORMAL,2998
XRPUSDT,bb_balanced,1.5,2022-05-11 12:00:00+00:00,2022-05-11 12:45:00+00:00,1,0.4912,0.4703243567117976,0.020875643288202406,0.5225134649323037,3.0,-1.00705894,-1.00705894,SL,10,20,2.0,1.5,0.527685,0.493225,0.510455,6.750806,0.013917,1.0188,0.1742,BALANCED,NORMAL,BALANCED_NORMAL,3012
XRPUSDT,bb_balanced,1.5,2022-05-13 02:00:00+00:00,2022-05-13 03:05:00+00:00,-1,0.4014,0.42694765518679284,0.02554765518679286,0.36307851721981066,3.0,-1.00471354,-1.00471354,SL,14,20,2.0,1.5,0.399177,0.363883,0.38153,9.250586,0.017032,0.8215,0.2695,BALANCED,NORMAL,BALANCED_NORMAL,3050
XRPUSDT,bb_balanced,1.5,2022-05-14 11:00:00+00:00,2022-05-14 13:50:00+00:00,1,0.4147,0.3983271097950918,0.01637289020490823,0.4392593353073624,3.0,-1.00759854,-1.00759854,SL,35,20,2.0,1.5,0.43947,0.41772,0.428595,5.074813,0.010915,0.6527,0.2749,BALANCED,NORMAL,BALANCED_NORMAL,3083
XRPUSDT,bb_balanced,1.5,2022-05-15 13:00:00+00:00,2022-05-15 22:00:00+00:00,-1,0.4318,0.44385163116237286,0.012051631162372844,0.41372255325644075,3.0,-1.01074875,-1.01074875,SL,109,20,2.0,1.5,0.431411,0.411349,0.42138,4.761152,0.008034,0.6971,0.2702,BALANCED,NORMAL,BALANCED_NORMAL,3109
XRPUSDT,bb_balanced,1.5,2022-05-16 07:00:00+00:00,2022-05-16 19:45:00+00:00,1,0.414,0.4017911371456323,0.012208862854367675,0.4323132942815515,3.0,1.48982706,1.48982706,TP,154,20,2.0,1.5,0.449392,0.415558,0.432475,7.823214,0.008139,0.8776,0.1211,BALANCED,NORMAL,BALANCED_NORMAL,3127
XRPUSDT,bb_balanced,1.5,2022-05-17 01:00:00+00:00,2022-05-18 14:40:00+00:00,-1,0.4305,0.4431219095070293,0.012621909507029294,0.411567135739456,3.0,1.48976779,1.48976779,TP,453,20,2.0,1.5,0.43043,0.40998,0.420205,4.866655,0.008415,1.0099,0.0085,BALANCED,NORMAL,BALANCED_NORMAL,3145
XRPUSDT,bb_balanced,1.5,2022-05-18 13:00:00+00:00,2022-05-18 15:20:00+00:00,1,0.4163,0.4072162478660004,0.00908375213399959,0.4299256282009994,3.0,-1.01374872,-1.01374872,SL,29,20,2.0,1.5,0.440313,0.418927,0.42962,4.977847,0.006056,0.8415,0.1725,BALANCED,NORMAL,BALANCED_NORMAL,3181
XRPUSDT,bb_balanced,1.5,2022-05-19 16:00:00+00:00,2022-05-20 01:35:00+00:00,-1,0.4215,0.43312397536284686,0.011623975362846872,0.4040640369557297,3.0,-1.01087838,-1.01087838,SL,116,20,2.0,1.5,0.418733,0.397407,0.40807,5.226267,0.007749,1.1299,0.0792,BALANCED,NORMAL,BALANCED_NORMAL,3208
XRPUSDT,bb_balanced,1.5,2022-05-20 16:00:00+00:00,2022-05-23 07:30:00+00:00,1,0.4097,0.39922736839411915,0.010472631605880856,0.4254089474088213,3.0,1.48826369,1.48826369,TP,763,20,2.0,1.5,0.43819,0.41202,0.425105,6.155923,0.006982,1.0055,0.1199,BALANCED,NORMAL,BALANCED_NORMAL,3232
XRPUSDT,bb_balanced,1.5,2022-05-21 16:00:00+00:00,2022-05-22 10:00:00+00:00,-1,0.4153,0.42225926426072025,0.006959264260720244,0.40486110360891964,3.0,-1.01790275,-1.01790275,SL,217,20,2.0,1.5,0.414128,0.407692,0.41091,1.566285,0.00464,0.7315,0.2036,BALANCED,NORMAL,BALANCED_NORMAL,3256
XRPUSDT,bb_balanced,1.5,2022-05-22 10:00:00+00:00,2022-05-23 07:30:00+00:00,-1,0.421,0.4267796623509615,0.005779662350961501,0.41233050647355773,3.0,-1.02185249,-1.02185249,SL,259,20,2.0,1.5,0.418607,0.409823,0.414215,2.120827,0.003853,0.7227,0.3046,BALANCED,NORMAL,BALANCED_NORMAL,3274
XRPUSDT,bb_balanced,1.5,2022-05-23 20:00:00+00:00,2022-05-23 23:15:00+00:00,1,0.4081,0.40131083826422076,0.006789161735779259,0.4182837426036689,3.0,-1.01803315,-1.01803315,SL,40,20,2.0,1.5,0.429356,0.413744,0.42155,3.703365,0.004526,1.1744,0.3118,BALANCED,NORMAL,BALANCED_NORMAL,3308
XRPUSDT,bb_balanced,1.5,2022-05-25 11:00:00+00:00,2022-05-25 13:00:00+00:00,1,0.3994,0.392376050638112,0.007023949361887993,0.40993592404283197,3.0,1.48294122,1.48294122,TP,25,20,2.0,1.5,0.413003,0.399847,0.406425,3.237208,0.004683,0.9608,0.0279,BALANCED,NORMAL,BALANCED_NORMAL,3347
XRPUSDT,bb_balanced,1.5,2022-05-26 08:00:00+00:00,2022-05-26 08:20:00+00:00,1,0.3975,0.39095135220917926,0.006548647790820761,0.40732297168623116,3.0,-1.01820987,-1.01820987,SL,5,20,2.0,1.5,0.410863,0.398357,0.40461,3.09102,0.004366,0.8611,0.0207,BALANCED,NORMAL,BALANCED_NORMAL,3368
XRPUSDT,bb_balanced,1.5,2022-05-27 18:00:00+00:00,2022-05-30 02:00:00+00:00,1,0.3817,0.3716300371185147,0.010069962881485262,0.3968049443222279,3.0,1.48862856,1.48862856,TP,673,20,2.0,1.5,0.400058,0.383562,0.39181,4.210145,0.006713,1.1912,0.2426,BALANCED,NORMAL,BALANCED_NORMAL,3402
XRPUSDT,bb_balanced,1.5,2022-05-29 03:00:00+00:00,2022-05-29 12:10:00+00:00,1,0.3808,0.375263643481351,0.005536356518649033,0.3891045347779736,3.0,1.47936549,1.47936549,TP,111,20,2.0,1.5,0.387515,0.382045,0.38478,1.421798,0.003691,0.6729,0.2404,BALANCED,NORMAL,BALANCED_NORMAL,3435
XRPUSDT,bb_balanced,1.5,2022-05-29 13:00:00+00:00,2022-05-30 01:35:00+00:00,-1,0.3885,0.3930936522976912,0.004593652297691209,0.38160952155346317,3.0,-1.02537197,-1.02537197,SL,152,20,2.0,1.5,0.387763,0.380767,0.384265,1.8207,0.003062,0.628,0.0742,BALANCED,NORMAL,BALANCED_NORMAL,3445
XRPUSDT,bb_balanced,1.5,2022-06-01 15:00:00+00:00,2022-06-01 17:05:00+00:00,1,0.4113,0.40313981552103917,0.00816018447896083,0.42354027671844124,3.0,-1.01512098,-1.01512098,SL,26,20,2.0,1.5,0.425568,0.411632,0.4186,3.329295,0.00544,1.0412,0.0271,BALANCED,NORMAL,BALANCED_NORMAL,3519
XRPUSDT,bb_balanced,1.5,2022-06-02 22:00:00+00:00,2022-06-03 00:40:00+00:00,-1,0.402,0.4082052801885639,0.006205280188563866,0.39269207971715425,3.0,-1.01943506,-1.01943506,SL,33,20,2.0,1.5,0.401632,0.392478,0.397055,2.305307,0.004137,0.8022,0.1782,BALANCED,NORMAL,BALANCED_NORMAL,3550
XRPUSDT,bb_balanced,1.5,2022-06-03 11:00:00+00:00,2022-06-03 12:55:00+00:00,1,0.3932,0.3871895550100072,0.006010444989992814,0.4022156674849892,3.0,-1.01962583,-1.01962583,SL,24,20,2.0,1.5,0.411666,0.393584,0.402625,4.490803,0.004007,0.8566,0.1011,BALANCED,NORMAL,BALANCED_NORMAL,3563
XRPUSDT,bb_balanced,1.5,2022-06-05 10:00:00+00:00,2022-06-05 17:25:00+00:00,-1,0.3935,0.39751603171357375,0.004016031713573731,0.3874759524296394,3.0,-1.02939469,-1.02939469,SL,90,20,2.0,1.5,0.393145,0.389165,0.391155,1.017731,0.002677,0.7534,0.1895,BALANCED,NORMAL,BALANCED_NORMAL,3610
XRPUSDT,bb_balanced,1.5,2022-06-07 01:00:00+00:00,2022-06-07 02:15:00+00:00,1,0.391,0.3847915634553414,0.006208436544658635,0.40031265481698797,3.0,-1.01889365,-1.01889365,SL,16,20,2.0,1.5,0.408999,0.394161,0.40158,3.695068,0.004139,1.4057,0.2775,BALANCED,NORMAL,BALANCED_NORMAL,3649
XRPUSDT,bb_balanced,1.5,2022-06-07 19:00:00+00:00,2022-06-07 19:35:00+00:00,-1,0.4055,0.4116537126484917,0.006153712648491683,0.39626943102726253,3.0,-1.01976855,-1.01976855,SL,8,20,2.0,1.5,0.401567,0.382913,0.39224,4.755671,0.004102,1.2099,0.0883,BALANCED,NORMAL,BALANCED_NORMAL,3667
XRPUSDT,bb_balanced,1.5,2022-06-10 05:00:00+00:00,2022-06-10 06:30:00+00:00,-1,0.4041,0.40864284241468285,0.004542842414682835,0.39728573637797576,3.0,-1.02668594,-1.02668594,SL,19,20,2.0,1.5,0.403834,0.397236,0.400535,1.647425,0.003029,0.8078,0.0314,BALANCED,NORMAL,BALANCED_NORMAL,3725
XRPUSDT,bb_balanced,1.5,2022-06-10 13:00:00+00:00,2022-06-10 14:00:00+00:00,1,0.3927,0.3865558079637442,0.006144192036255769,0.4019162880543836,3.0,-1.01917421,-1.01917421,SL,13,20,2.0,1.5,0.407918,0.394592,0.401255,3.321317,0.004096,1.1685,0.2749,BALANCED,NORMAL,BALANCED_NORMAL,3733
XRPUSDT,bb_balanced,1.5,2022-06-11 12:00:00+00:00,2022-06-11 13:00:00+00:00,1,0.3759,0.36996626990194736,0.0059337300980526475,0.384800595147079,3.0,-1.01900491,-1.01900491,SL,13,20,2.0,1.5,0.388206,0.377854,0.38303,2.702732,0.003956,1.1154,0.2786,BALANCED,NORMAL,BALANCED_NORMAL,3756
XRPUSDT,bb_balanced,1.5,2022-06-13 02:00:00+00:00,2022-06-13 06:00:00+00:00,1,0.3314,0.3202729640490292,0.011127035950970754,0.3480905539264561,3.0,-1.00893499,-1.00893499,SL,49,20,2.0,1.5,0.36428,0.33573,0.350005,8.156832,0.007418,1.3898,0.1834,BALANCED,NORMAL,BALANCED_NORMAL,3794
XRPUSDT,bb_balanced,1.5,2022-06-14 02:00:00+00:00,2022-06-14 03:30:00+00:00,1,0.2939,0.2797015541943159,0.014198445805684079,0.3151976687085261,3.0,1.49379017,1.49379017,TP,19,20,2.0,1.5,0.325752,0.298868,0.31231,8.60831,0.009466,1.2532,0.3082,BALANCED,NORMAL,BALANCED_NORMAL,3818
XRPUSDT,bb_balanced,1.5,2022-06-15 05:00:00+00:00,2022-06-15 18:40:00+00:00,1,0.3065,0.29560522706126335,0.010894772938736641,0.32284215940810496,3.0,1.49156017,1.49156017,TP,165,20,2.0,1.5,0.323465,0.308235,0.31585,4.821983,0.007263,0.8285,0.1691,BALANCED,NORMAL,BALANCED_NORMAL,3845
XRPUSDT,bb_balanced,1.5,2022-06-15 21:00:00+00:00,2022-06-15 22:05:00+00:00,-1,0.3258,0.3394584976615303,0.013658497661530322,0.3053122535077045,3.0,-1.00715598,-1.00715598,SL,14,20,2.0,1.5,0.325141,0.297199,0.31117,8.979739,0.009106,1.1052,0.099,BALANCED,NORMAL,BALANCED_NORMAL,3861
XRPUSDT,bb_balanced,1.5,2022-06-17 05:00:00+00:00,2022-06-17 08:30:00+00:00,-1,0.3276,0.33866818705627316,0.01106818705627316,0.3109977194155903,3.0,-1.0088795,-1.0088795,SL,43,20,2.0,1.5,0.327568,0.308182,0.317875,6.098794,0.007379,0.9634,0.0189,BALANCED,NORMAL,BALANCED_NORMAL,3893
XRPUSDT,bb_balanced,1.5,2022-06-19 11:00:00+00:00,2022-06-19 20:25:00+00:00,-1,0.3156,0.32534742032270964,0.009747420322709643,0.30097886951593555,3.0,-1.00971334,-1.00971334,SL,114,20,2.0,1.5,0.312926,0.294764,0.303845,5.977438,0.006498,1.1,0.2044,BALANCED,NORMAL,BALANCED_NORMAL,3947
XRPUSDT,bb_balanced,1.5,2022-06-21 11:00:00+00:00,2022-06-22 06:30:00+00:00,-1,0.3314,0.33887001442493864,0.007470014424938665,0.320194978362592,3.0,1.48669079,1.48669079,TP,235,20,2.0,1.5,0.331292,0.316298,0.323795,4.630744,0.00498,0.8775,0.1222,BALANCED,NORMAL,BALANCED_NORMAL,3995
XRPUSDT,bb_balanced,1.5,2022-06-22 02:00:00+00:00,2022-06-23 20:10:00+00:00,1,0.3221,0.3142422759818824,0.007857724018117573,0.33388658602717636,3.0,1.48770255,1.48770255,TP,507,20,2.0,1.5,0.335926,0.323084,0.329505,3.897203,0.005238,0.9799,0.0986,BALANCED,NORMAL,BALANCED_NORMAL,4010
XRPUSDT,bb_balanced,1.5,2022-06-23 01:00:00+00:00,2022-06-23 22:25:00+00:00,-1,0.3276,0.33410100036969687,0.006501000369696863,0.3178484994454547,3.0,-1.01511767,-1.01511767,SL,258,20,2.0,1.5,0.326915,0.318945,0.32293,2.468041,0.004334,0.9036,0.0987,BALANCED,NORMAL,BALANCED_NORMAL,4033
XRPUSDT,bb_balanced,1.5,2022-06-23 20:00:00+00:00,2022-06-24 00:05:00+00:00,-1,0.3325,0.3377279609709998,0.0052279609709997565,0.3246580585435004,3.0,-1.0190801,-1.0190801,SL,50,20,2.0,1.5,0.330574,0.322706,0.32664,2.408554,0.003485,0.8245,0.3377,BALANCED,NORMAL,BALANCED_NORMAL,4052
XRPUSDT,bb_balanced,1.5,2022-06-25 16:00:00+00:00,2022-06-25 21:25:00+00:00,1,0.3542,0.34546890645682227,0.008731093543177748,0.3672966403147666,3.0,1.4878297,1.4878297,TP,66,20,2.0,1.5,0.37479,0.35781,0.3663,4.635284,0.005821,0.9464,0.1832,BALANCED,NORMAL,BALANCED_NORMAL,4096
XRPUSDT,bb_balanced,1.5,2022-06-26 19:00:00+00:00,2022-06-27 13:40:00+00:00,1,0.361,0.35384761732883113,0.007152382671168855,0.3717285740067533,3.0,-1.01514181,-1.01514181,SL,225,20,2.0,1.5,0.370642,0.361898,0.36627,2.387436,0.004768,0.8308,0.1325,BALANCED,NORMAL,BALANCED_NORMAL,4123
XRPUSDT,bb_balanced,1.5,2022-06-26 23:00:00+00:00,2022-06-27 13:40:00+00:00,1,0.36,0.35263179530739136,0.007368204692608626,0.3710523070389129,3.0,-1.01465757,-1.01465757,SL,177,20,2.0,1.5,0.371238,0.360882,0.36606,2.829146,0.004912,0.8918,0.0984,BALANCED,NORMAL,BALANCED_NORMAL,4127
XRPUSDT,bb_balanced,1.5,2022-06-27 14:00:00+00:00,2022-06-28 01:50:00+00:00,1,0.3513,0.3443159489552712,0.006984051044728823,0.3617760765670932,3.0,-1.0150901,-1.0150901,SL,143,20,2.0,1.5,0.369456,0.355814,0.362635,3.762033,0.004656,0.9554,0.2283,BALANCED,NORMAL,BALANCED_NORMAL,4142
XRPUSDT,bb_balanced,1.5,2022-06-30 07:00:00+00:00,2022-06-30 08:50:00+00:00,1,0.319,0.31224126728783136,0.006758732712168647,0.329138099068253,3.0,-1.01415946,-1.01415946,SL,23,20,2.0,1.5,0.333283,0.320597,0.32694,3.880413,0.004506,0.9743,0.2818,BALANCED,NORMAL,BALANCED_NORMAL,4207
XRPUSDT,bb_balanced,1.5,2022-07-01 00:00:00+00:00,2022-07-01 04:35:00+00:00,-1,0.3318,0.34233636417309415,0.01053636417309417,0.31599545374035876,3.0,1.49055272,1.49055272,TP,56,20,2.0,1.5,0.331193,0.303687,0.31744,8.665141,0.007024,1.4123,0.0931,BALANCED,NORMAL,BALANCED_NORMAL,4224
XRPUSDT,bb_balanced,1.5,2022-07-02 19:00:00+00:00,2022-07-03 04:55:00+00:00,-1,0.3159,0.3206874128548614,0.004787412854861395,0.3087188807177079,3.0,1.48020434,1.48020434,TP,120,20,2.0,1.5,0.315271,0.310039,0.312655,1.67322,0.003192,0.6127,0.1839,BALANCED,NORMAL,BALANCED_NORMAL,4267
XRPUSDT,bb_balanced,1.5,2022-07-03 19:00:00+00:00,2022-07-04 06:55:00+00:00,-1,0.3218,0.32625013455817026,0.004450134558170282,0.3151247981627445,3.0,1.47830627,1.47830627,TP,144,20,2.0,1.5,0.31839,0.30848,0.313435,3.161552,0.002967,0.8338,0.2276,BALANCED,NORMAL,BALANCED_NORMAL,4291
XRPUSDT,bb_balanced,1.5,2022-07-05 10:00:00+00:00,2022-07-05 13:25:00+00:00,1,0.3197,0.3141815369638032,0.005518463036196797,0.32797769455429515,3.0,-1.01737984,-1.01737984,SL,42,20,2.0,1.5,0.330508,0.319932,0.32522,3.251921,0.003679,1.0947,0.0214,BALANCED,NORMAL,BALANCED_NORMAL,4330
XRPUSDT,bb_balanced,1.5,2022-07-06 19:00:00+00:00,2022-07-06 22:05:00+00:00,-1,0.327,0.33218776826114677,0.005187768261146752,0.3192183476082799,3.0,-1.01890987,-1.01890987,SL,38,20,2.0,1.5,0.326396,0.320564,0.32348,1.802824,0.003459,0.9655,0.0088,BALANCED,NORMAL,BALANCED_NORMAL,4363
XRPUSDT,bb_balanced,1.5,2022-07-07 15:00:00+00:00,2022-07-07 18:25:00+00:00,-1,0.3346,0.3390114740171118,0.004411474017111783,0.3279827889743323,3.0,-1.0227543,-1.0227543,SL,42,20,2.0,1.5,0.333718,0.326892,0.330305,2.066693,0.002941,0.8593,0.3275,BALANCED,NORMAL,BALANCED_NORMAL,4383
XRPUSDT,bb_balanced,1.5,2022-07-09 18:00:00+00:00,2022-07-10 02:25:00+00:00,-1,0.346,0.3511864819536609,0.0051864819536609486,0.3382202770695085,3.0,1.47998643,1.47998643,TP,102,20,2.0,1.5,0.345946,0.339534,0.34274,1.87073,0.003458,0.7858,0.2308,BALANCED,NORMAL,BALANCED_NORMAL,4434
XRPUSDT,bb_balanced,1.5,2022-07-10 03:00:00+00:00,2022-07-10 13:30:00+00:00,1,0.3388,0.33385469153607217,0.004945308463927822,0.3462179626958917,3.0,-1.02055281,-1.02055281,SL,127,20,2.0,1.5,0.347693,0.339757,0.343725,2.308711,0.003297,0.7541,0.1532,BALANCED,NORMAL,BALANCED_NORMAL,4443
XRPUSDT,bb_balanced,1.5,2022-07-11 22:00:00+00:00,2022-07-11 23:00:00+00:00,1,0.3181,0.31198821375518104,0.006111786244818951,0.32726767936722845,3.0,-1.01561409,-1.01561409,SL,13,20,2.0,1.5,0.328575,0.318115,0.323345,3.234757,0.004075,1.0883,0.1824,BALANCED,NORMAL,BALANCED_NORMAL,4486
XRPUSDT,bb_balanced,1.5,2022-07-13 08:00:00+00:00,2022-07-13 12:30:00+00:00,-1,0.3202,0.3251252082756407,0.004925208275640691,0.31281218758653895,3.0,1.48049626,1.48049626,TP,55,20,2.0,1.5,0.31722,0.30829,0.312755,2.85539,0.003283,0.8592,0.3209,BALANCED,NORMAL,BALANCED_NORMAL,4520
XRPUSDT,bb_balanced,1.5,2022-07-14 18:00:00+00:00,2022-07-14 23:35:00+00:00,-1,0.3272,0.3335171660496624,0.006317166049662426,0.3177242509255064,3.0,-1.01553861,-1.01553861,SL,68,20,2.0,1.5,0.326422,0.312098,0.31926,4.486597,0.004211,1.0958,0.1209,BALANCED,NORMAL,BALANCED_NORMAL,4554
XRPUSDT,bb_balanced,1.5,2022-07-17 14:00:00+00:00,2022-07-17 17:55:00+00:00,1,0.3462,0.33953396314948864,0.00666603685051137,0.35619905527576706,3.0,-1.01558047,-1.01558047,SL,48,20,2.0,1.5,0.357356,0.346844,0.3521,2.985432,0.004444,0.9958,0.138,BALANCED,NORMAL,BALANCED_NORMAL,4622
XRPUSDT,bb_balanced,1.5,2022-07-18 03:00:00+00:00,2022-07-18 06:30:00+00:00,-1,0.3576,0.36529391890845486,0.007693918908454889,0.34605912163731767,3.0,-1.01394348,-1.01394348,SL,43,20,2.0,1.5,0.357019,0.342531,0.349775,4.142248,0.005129,1.161,0.0417,BALANCED,NORMAL,BALANCED_NORMAL,4635
XRPUSDT,bb_balanced,1.5,2022-07-19 13:00:00+00:00,2022-07-19 16:25:00+00:00,-1,0.3646,0.37200281035905075,0.007402810359050771,0.3534957844614238,3.0,-1.01477547,-1.01477547,SL,42,20,2.0,1.5,0.364216,0.351874,0.358045,3.447264,0.004935,0.9819,0.0501,BALANCED,NORMAL,BALANCED_NORMAL,4669
XRPUSDT,bb_balanced,1.5,2022-07-20 18:00:00+00:00,2022-07-21 02:45:00+00:00,1,0.3646,0.3559744722498286,0.008625527750171391,0.3775382916252571,3.0,-1.01268096,-1.01268096,SL,106,20,2.0,1.5,0.38029,0.36613,0.37321,3.794156,0.00575,1.0967,0.1782,BALANCED,NORMAL,BALANCED_NORMAL,4698
XRPUSDT,bb_balanced,1.5,2022-07-21 20:00:00+00:00,2022-07-22 19:45:00+00:00,-1,0.3653,0.37241269571472063,0.007112695714720618,0.3546309564279191,3.0,1.48459234,1.48459234,TP,286,20,2.0,1.5,0.36457,0.34929,0.35693,4.280761,0.004742,0.8789,0.0438,BALANCED,NORMAL,BALANCED_NORMAL,4724
XRPUSDT,bb_balanced,1.5,2022-07-22 16:00:00+00:00,2022-07-23 11:35:00+00:00,1,0.3604,0.3536296556650233,0.006770344334976697,0.37055551650246504,3.0,-1.01596965,-1.01596965,SL,236,20,2.0,1.5,0.369484,0.360766,0.365125,2.387589,0.004514,0.8876,0.1212,BALANCED,NORMAL,BALANCED_NORMAL,4744
XRPUSDT,bb_balanced,1.5,2022-07-24 16:00:00+00:00,2022-07-24 22:50:00+00:00,-1,0.3657,0.37117366385521205,0.00547366385521203,0.35748950421718195,3.0,1.47995675,1.47995675,TP,83,20,2.0,1.5,0.365259,0.355121,0.36019,2.814672,0.003649,0.9659,0.3194,BALANCED,NORMAL,BALANCED_NORMAL,4792
XRPUSDT,bb_balanced,1.5,2022-07-25 01:00:00+00:00,2022-07-25 02:20:00+00:00,1,0.3532,0.3472968386984991,0.0059031613015009254,0.3620547419522514,3.0,-1.0179497,-1.0179497,SL,17,20,2.0,1.5,0.366284,0.356236,0.36126,2.781433,0.003935,1.0856,0.1421,BALANCED,NORMAL,BALANCED_NORMAL,4801
XRPUSDT,bb_balanced,1.5,2022-07-26 00:00:00+00:00,2022-07-26 03:10:00+00:00,1,0.3358,0.3296389557236649,0.00616104427633507,0.34504156641450257,3.0,-1.01635112,-1.01635112,SL,39,20,2.0,1.5,0.349511,0.339909,0.34471,2.785409,0.004107,1.1365,0.3018,BALANCED,NORMAL,BALANCED_NORMAL,4824
XRPUSDT,bb_balanced,1.5,2022-07-27 00:00:00+00:00,2022-07-27 18:00:00+00:00,-1,0.3369,0.34244315143351006,0.005543151433510085,0.3285852728497348,3.0,-1.01823331,-1.01823331,SL,217,20,2.0,1.5,0.33657,0.32541,0.33099,3.371876,0.003695,0.9847,0.1081,BALANCED,NORMAL,BALANCED_NORMAL,4848
XRPUSDT,bb_balanced,1.5,2022-07-27 19:00:00+00:00,2022-07-27 22:20:00+00:00,-1,0.3507,0.35717099193110735,0.006470991931107339,0.340993512103339,3.0,-1.01625871,-1.01625871,SL,41,20,2.0,1.5,0.34412,0.32904,0.33658,4.480472,0.004314,1.1742,0.3208,BALANCED,NORMAL,BALANCED_NORMAL,4867
XRPUSDT,bb_balanced,1.5,2022-07-28 16:00:00+00:00,2022-07-28 16:15:00+00:00,-1,0.3646,0.37202199664454233,0.00742199664454235,0.35346700503318645,3.0,-1.01473727,-1.01473727,SL,4,20,2.0,1.5,0.362177,0.350423,0.3563,3.299138,0.004948,1.2998,0.2468,BALANCED,NORMAL,BALANCED_NORMAL,4888
XRPUSDT,bb_balanced,1.5,2022-07-29 13:00:00+00:00,2022-07-30 13:05:00+00:00,1,0.3647,0.3564397381777834,0.008260261822216619,0.37709039273332495,3.0,1.48675466,1.48675466,TP,290,20,2.0,1.5,0.378643,0.366847,0.372745,3.164425,0.005507,1.2074,0.0559,BALANCED,NORMAL,BALANCED_NORMAL,4909
XRPUSDT,bb_balanced,1.5,2022-07-30 13:00:00+00:00,2022-07-30 13:45:00+00:00,-1,0.3742,0.3807524473459792,0.0065524473459792065,0.3643713289810312,3.0,-1.01713253,-1.01713253,SL,10,20,2.0,1.5,0.373573,0.363347,0.36846,2.775273,0.004368,0.8562,0.2815,BALANCED,NORMAL,BALANCED_NORMAL,4933
XRPUSDT,bb_balanced,1.5,2022-07-31 18:00:00+00:00,2022-07-31 22:35:00+00:00,-1,0.3937,0.40150101131732213,0.007801011317322137,0.3819984830240168,3.0,1.48485966,1.48485966,TP,56,20,2.0,1.5,0.393404,0.385846,0.389625,1.939995,0.005201,0.9311,0.0758,BALANCED,NORMAL,BALANCED_NORMAL,4962
XRPUSDT,bb_balanced,1.5,2022-07-31 23:00:00+00:00,2022-08-01 10:50:00+00:00,1,0.382,0.37334088355104555,0.008659116448954451,0.3949886746734317,3.0,-1.01323461,-1.01323461,SL,143,20,2.0,1.5,0.39501,0.38392,0.389465,2.847592,0.005773,1.0262,0.1767,BALANCED,NORMAL,BALANCED_NORMAL,4967
XRPUSDT,bb_balanced,1.5,2022-08-02 03:00:00+00:00,2022-08-03 02:30:00+00:00,1,0.3712,0.36288008775909814,0.008319912240901839,0.3836798683613527,3.0,-1.01338476,-1.01338476,SL,283,20,2.0,1.5,0.382148,0.371632,0.37689,2.790458,0.005547,1.0379,0.1616,BALANCED,NORMAL,BALANCED_NORMAL,4995
XRPUSDT,bb_balanced,1.5,2022-08-03 03:00:00+00:00,2022-08-03 12:10:00+00:00,1,0.3643,0.35742123927588454,0.006878760724115474,0.3746181410861732,3.0,1.48411196,1.48411196,TP,111,20,2.0,1.5,0.377819,0.364471,0.371145,3.596261,0.004586,0.938,0.1912,BALANCED,NORMAL,BALANCED_NORMAL,5019
XRPUSDT,bb_balanced,1.5,2022-08-04 17:00:00+00:00,2022-08-05 00:10:00+00:00,1,0.3648,0.35970177978344603,0.005098220216553984,0.372447330324831,3.0,1.47853369,1.47853369,TP,87,20,2.0,1.5,0.374637,0.365733,0.370185,2.405089,0.003399,0.8966,0.3471,BALANCED,NORMAL,BALANCED_NORMAL,5057
XRPUSDT,bb_balanced,1.5,2022-08-05 02:00:00+00:00,2022-08-05 06:00:00+00:00,-1,0.3731,0.3775685609257083,0.004468560925708298,0.3663971586114375,3.0,-1.02504833,-1.02504833,SL,49,20,2.0,1.5,0.372817,0.365113,0.368965,2.088228,0.002979,0.844,0.034,BALANCED,NORMAL,BALANCED_NORMAL,5066
XRPUSDT,bb_balanced,1.5,2022-08-05 18:00:00+00:00,2022-08-05 22:40:00+00:00,1,0.3677,0.3629395531852388,0.004760446814761232,0.37484067022214185,3.0,1.47682781,1.47682781,TP,57,20,2.0,1.5,0.378056,0.367834,0.372945,2.740655,0.003174,1.0029,0.0035,BALANCED,NORMAL,BALANCED_NORMAL,5082
XRPUSDT,bb_balanced,1.5,2022-08-06 19:00:00+00:00,2022-08-06 23:25:00+00:00,1,0.3732,0.3701362508197923,0.0030637491802076866,0.3777956237703115,3.0,-1.03654346,-1.03654346,SL,54,20,2.0,1.5,0.37556,0.37311,0.374335,0.654598,0.002042,0.7393,0.219,BALANCED,NORMAL,BALANCED_NORMAL,5107
XRPUSDT,bb_balanced,1.5,2022-08-08 07:00:00+00:00,2022-08-08 08:45:00+00:00,-1,0.378,0.3810528544012196,0.003052854401219607,0.3734207183981706,3.0,-1.03714556,-1.03714556,SL,22,20,2.0,1.5,0.376693,0.370987,0.37384,1.526133,0.002035,1.0295,0.3407,BALANCED,NORMAL,BALANCED_NORMAL,5143
XRPUSDT,bb_balanced,1.5,2022-08-09 02:00:00+00:00,2022-08-09 10:25:00+00:00,1,0.3753,0.3703638309775316,0.004936169022468406,0.38270425353370263,3.0,-1.02280919,-1.02280919,SL,102,20,2.0,1.5,0.384587,0.375633,0.38011,2.355873,0.003291,1.4895,0.0,BALANCED,NORMAL,BALANCED_NORMAL,5162
XRPUSDT,bb_balanced,1.5,2022-08-12 03:00:00+00:00,2022-08-12 11:30:00+00:00,1,0.3761,0.37108313683746746,0.0050168631625325255,0.3836252947437988,3.0,-1.02249015,-1.02249015,SL,103,20,2.0,1.5,0.38318,0.37646,0.37982,1.769322,0.003345,1.0037,0.1648,BALANCED,NORMAL,BALANCED_NORMAL,5235
XRPUSDT,bb_balanced,1.5,2022-08-13 20:00:00+00:00,2022-08-14 02:45:00+00:00,1,0.3773,0.37344506411293454,0.0038549358870654804,0.3830824038305982,3.0,1.47063764,1.47063764,TP,82,20,2.0,1.5,0.38236,0.37793,0.380145,1.165306,0.00257,0.8651,0.1099,BALANCED,NORMAL,BALANCED_NORMAL,5276
XRPUSDT,bb_balanced,1.5,2022-08-14 03:00:00+00:00,2022-08-14 03:00:00+00:00,-1,0.3833,0.387483625965924,0.004183625965924032,0.3770245610511139,3.0,-1.02748573,-1.02748573,SL,1,20,2.0,1.5,0.382523,0.376857,0.37969,1.492429,0.002789,0.9752,0.0317,BALANCED,NORMAL,BALANCED_NORMAL,5283
XRPUSDT,bb_balanced,1.5,2022-08-16 10:00:00+00:00,2022-08-17 00:45:00+00:00,-1,0.3765,0.3817755656686265,0.005275565668626525,0.3685866514970602,3.0,-1.02141003,-1.02141003,SL,178,20,2.0,1.5,0.375977,0.369173,0.372575,1.826359,0.003517,0.9897,0.2101,BALANCED,NORMAL,BALANCED_NORMAL,5338
XRPUSDT,bb_balanced,1.5,2022-08-19 00:00:00+00:00,2022-08-19 00:20:00+00:00,1,0.37,0.36417147431218067,0.00582852568781933,0.378742788531729,3.0,-1.01904427,-1.01904427,SL,5,20,2.0,1.5,0.38003,0.37134,0.375685,2.31299,0.003886,0.958,0.1053,BALANCED,NORMAL,BALANCED_NORMAL,5400
XRPUSDT,bb_balanced,1.5,2022-08-20 19:00:00+00:00,2022-08-21 07:20:00+00:00,1,0.3348,0.32947799528317334,0.005322004716826645,0.34278300707523995,3.0,1.48112741,1.48112741,TP,149,20,2.0,1.5,0.34374,0.33532,0.33953,2.47964,0.003548,0.7412,0.0118,BALANCED,NORMAL,BALANCED_NORMAL,5443
XRPUSDT,bb_balanced,1.5,2022-08-21 08:00:00+00:00,2022-08-22 07:55:00+00:00,-1,0.3434,0.3489619740191179,0.005561974019117899,0.3350570389713231,3.0,1.4814778,1.4814778,TP,288,20,2.0,1.5,0.343175,0.333125,0.33815,2.972252,0.003708,0.7784,0.0679,BALANCED,NORMAL,BALANCED_NORMAL,5456
XRPUSDT,bb_balanced,1.5,2022-08-22 03:00:00+00:00,2022-08-22 07:55:00+00:00,1,0.3404,0.3358571583080049,0.004542841691995092,0.3472142625379926,3.0,-1.02247932,-1.02247932,SL,60,20,2.0,1.5,0.346493,0.340527,0.34351,1.736514,0.003029,0.7999,0.0723,BALANCED,NORMAL,BALANCED_NORMAL,5475
XRPUSDT,bb_balanced,1.5,2022-08-23 00:00:00+00:00,2022-08-23 05:30:00+00:00,-1,0.3437,0.3487830546189324,0.005083054618932381,0.33607541807160146,3.0,1.47971495,1.47971495,TP,67,20,2.0,1.5,0.342232,0.331538,0.336885,3.174082,0.003389,0.9979,0.2136,BALANCED,NORMAL,BALANCED_NORMAL,5496
XRPUSDT,bb_balanced,1.5,2022-08-24 20:00:00+00:00,2022-08-26 08:05:00+00:00,-1,0.3493,0.35372057591192085,0.004420575911920854,0.3426691361321187,3.0,-1.02370506,-1.02370506,SL,434,20,2.0,1.5,0.348172,0.337948,0.34306,2.980525,0.002947,0.9166,0.0714,BALANCED,NORMAL,BALANCED_NORMAL,5540
XRPUSDT,bb_balanced,1.5,2022-08-25 21:00:00+00:00,2022-08-26 08:05:00+00:00,-1,0.3509,0.35537760694091447,0.00447760694091448,0.34418358958862827,3.0,-1.02351033,-1.02351033,SL,134,20,2.0,1.5,0.350245,0.343935,0.34709,1.817751,0.002985,0.9652,0.0495,BALANCED,NORMAL,BALANCED_NORMAL,5565
XRPUSDT,bb_balanced,1.5,2022-08-26 10:00:00+00:00,2022-08-26 11:20:00+00:00,-1,0.3619,0.36878773869357867,0.006887738693578671,0.35156839195963197,3.0,1.48423721,1.48423721,TP,17,20,2.0,1.5,0.361019,0.337801,0.34941,6.64518,0.004592,1.5115,0.2731,BALANCED,HIGH,BALANCED_HIGH,5578
XRPUSDT,bb_balanced,1.5,2022-08-26 17:00:00+00:00,2022-08-28 23:20:00+00:00,1,0.335,0.3262131047237024,0.008786895276297613,0.34818034291444644,3.0,-1.01143749,-1.01143749,SL,653,20,2.0,1.5,0.365192,0.335478,0.350335,8.481647,0.005858,1.7547,0.2106,BALANCED,HIGH,BALANCED_HIGH,5585
XRPUSDT,bb_balanced,1.5,2022-08-28 19:00:00+00:00,2022-08-28 22:25:00+00:00,-1,0.3353,0.3388872003046105,0.003587200304610516,0.32991919954308424,3.0,1.47195863,1.47195863,TP,42,20,2.0,1.5,0.335257,0.332883,0.33407,0.710486,0.002391,0.6046,0.0862,BALANCED,NORMAL,BALANCED_NORMAL,5635
XRPUSDT,bb_balanced,1.5,2022-08-28 23:00:00+00:00,2022-08-28 23:20:00+00:00,1,0.3303,0.326448378855165,0.0038516211448350046,0.33607743171725246,3.0,-1.02572683,-1.02572683,SL,5,20,2.0,1.5,0.336024,0.331956,0.33399,1.217771,0.002568,0.6916,0.2418,BALANCED,NORMAL,BALANCED_NORMAL,5639
XRPUSDT,bb_balanced,1.5,2022-08-30 15:00:00+00:00,2022-08-31 01:35:00+00:00,1,0.3238,0.31902834678686304,0.004771653213136939,0.33095747981970536,3.0,1.47964228,1.47964228,TP,128,20,2.0,1.5,0.334921,0.326479,0.3307,2.552993,0.003181,1.0432,0.1356,BALANCED,NORMAL,BALANCED_NORMAL,5679
XRPUSDT,bb_balanced,1.5,2022-08-31 18:00:00+00:00,2022-09-01 20:50:00+00:00,1,0.325,0.3204205183533235,0.0045794816466764865,0.3318692224700147,3.0,1.47870938,1.47870938,TP,323,20,2.0,1.5,0.334191,0.325029,0.32961,2.779784,0.003053,0.9864,0.0984,BALANCED,NORMAL,BALANCED_NORMAL,5706
XRPUSDT,bb_balanced,1.5,2022-09-01 20:00:00+00:00,2022-09-02 04:40:00+00:00,-1,0.3299,0.3341801924410401,0.004280192441040054,0.32347971133843995,3.0,-1.02312279,-1.02312279,SL,105,20,2.0,1.5,0.328833,0.322097,0.325465,2.069442,0.002853,0.9439,0.1055,BALANCED,NORMAL,BALANCED_NORMAL,5732
XRPUSDT,bb_balanced,1.5,2022-09-02 17:00:00+00:00,2022-09-03 00:50:00+00:00,1,0.3269,0.3223571783821139,0.004542821617886106,0.3337142324268292,3.0,1.4784121,1.4784121,TP,95,20,2.0,1.5,0.334255,0.327565,0.33091,2.021569,0.003029,1.0569,0.2116,BALANCED,NORMAL,BALANCED_NORMAL,5753
XRPUSDT,bb_balanced,1.5,2022-09-04 03:00:00+00:00,2022-09-05 05:30:00+00:00,-1,0.3307,0.33337765712740663,0.0026776571274066407,0.32668351430889003,3.0,1.46294895,1.46294895,TP,319,20,2.0,1.5,0.330563,0.327587,0.329075,0.90463,0.001785,0.6945,0.1667,BALANCED,NORMAL,BALANCED_NORMAL,5787
XRPUSDT,bb_balanced,1.5,2022-09-05 06:00:00+00:00,2022-09-05 10:05:00+00:00,1,0.3266,0.3235822129655295,0.003017787034470476,0.3311266805517057,3.0,-1.0324675,-1.0324675,SL,50,20,2.0,1.5,0.332669,0.328251,0.33046,1.336639,0.002012,0.9937,0.1304,BALANCED,NORMAL,BALANCED_NORMAL,5814
XRPUSDT,bb_balanced,1.5,2022-09-06 18:00:00+00:00,2022-09-06 20:05:00+00:00,1,0.3248,0.31935845589617373,0.005441544103826246,0.33296231615573935,3.0,-1.01790668,-1.01790668,SL,26,20,2.0,1.5,0.339514,0.328446,0.33398,3.314038,0.003628,1.5501,0.1633,BALANCED,HIGH,BALANCED_HIGH,5850
XRPUSDT,bb_balanced,1.5,2022-09-07 18:00:00+00:00,2022-09-07 18:45:00+00:00,-1,0.3278,0.3322890368993912,0.00448903689939123,0.32106644465091316,3.0,-1.0219067,-1.0219067,SL,10,20,2.0,1.5,0.327437,0.314883,0.32116,3.908998,0.002993,0.9753,0.1481,BALANCED,NORMAL,BALANCED_NORMAL,5874
XRPUSDT,bb_balanced,1.5,2022-09-08 20:00:00+00:00,2022-09-09 04:10:00+00:00,-1,0.3427,0.3483541753790165,0.005654175379016468,0.3342187369314753,3.0,-1.01818302,-1.01818302,SL,99,20,2.0,1.5,0.338504,0.328026,0.333265,3.143929,0.003769,1.1248,0.1546,BALANCED,NORMAL,BALANCED_NORMAL,5900
XRPUSDT,bb_balanced,1.5,2022-09-10 00:00:00+00:00,2022-09-13 12:30:00+00:00,-1,0.3566,0.3626837534721757,0.0060837534721757125,0.3474743697917364,3.0,1.48241546,1.48241546,TP,1015,20,2.0,1.5,0.355767,0.344583,0.350175,3.194089,0.004056,1.1433,0.3075,BALANCED,NORMAL,BALANCED_NORMAL,5928
XRPUSDT,bb_balanced,1.5,2022-09-10 23:00:00+00:00,2022-09-11 06:30:00+00:00,-1,0.3594,0.3645714651029646,0.005171465102964623,0.35164280234555306,3.0,1.47915098,1.47915098,TP,91,20,2.0,1.5,0.359256,0.351764,0.35551,2.107326,0.003448,0.9017,0.0476,BALANCED,NORMAL,BALANCED_NORMAL,5951
XRPUSDT,bb_balanced,1.5,2022-09-11 21:00:00+00:00,2022-09-11 21:45:00+00:00,-1,0.3594,0.36312571401125265,0.0037257140112526566,0.353811428983121,3.0,1.47106058,1.47106058,TP,10,20,2.0,1.5,0.357589,0.353041,0.355315,1.280241,0.002484,0.7247,0.0667,BALANCED,NORMAL,BALANCED_NORMAL,5973
XRPUSDT,bb_balanced,1.5,2022-09-12 01:00:00+00:00,2022-09-12 01:45:00+00:00,1,0.3501,0.3449764481498494,0.0051235518501506205,0.357785327775226,3.0,1.47950055,1.47950055,TP,10,20,2.0,1.5,0.358237,0.351123,0.35468,2.005922,0.003416,1.0077,0.1556,BALANCED,NORMAL,BALANCED_NORMAL,5977
XRPUSDT,bb_balanced,1.5,2022-09-12 04:00:00+00:00,2022-09-12 20:35:00+00:00,1,0.3494,0.34333265546108566,0.006067344538914332,0.3585010168083715,3.0,1.48272391,1.48272391,TP,200,20,2.0,1.5,0.358736,0.349854,0.354295,2.506913,0.004045,1.1989,0.1569,BALANCED,NORMAL,BALANCED_NORMAL,5980
XRPUSDT,bb_balanced,1.5,2022-09-13 13:00:00+00:00,2022-09-13 18:50:00+00:00,1,0.3429,0.3366469361422981,0.006253063857701857,0.35227959578655277,3.0,-1.01645114,-1.01645114,SL,71,20,2.0,1.5,0.361113,0.348517,0.354815,3.549853,0.004169,1.2741,0.2057,BALANCED,NORMAL,BALANCED_NORMAL,6013
XRPUSDT,bb_balanced,1.5,2022-09-15 15:00:00+00:00,2022-09-16 15:55:00+00:00,1,0.326,0.32042996717929983,0.005570032820700177,0.3343550492310503,3.0,1.48244176,1.48244176,TP,300,20,2.0,1.5,0.345533,0.329927,0.33773,4.620608,0.003713,1.0838,0.2773,BALANCED,NORMAL,BALANCED_NORMAL,6063
XRPUSDT,bb_balanced,1.5,2022-09-16 16:00:00+00:00,2022-09-16 18:35:00+00:00,-1,0.3344,0.33955072128388286,0.005150721283882886,0.3266739180741757,3.0,-1.01947688,-1.01947688,SL,32,20,2.0,1.5,0.332562,0.321808,0.327185,3.286881,0.003434,1.052,0.1335,BALANCED,NORMAL,BALANCED_NORMAL,6088
XRPUSDT,bb_balanced,1.5,2022-09-18 19:00:00+00:00,2022-09-18 21:55:00+00:00,-1,0.3947,0.40583422656890106,0.011134226568901062,0.3779986601466484,3.0,1.48936522,1.48936522,TP,36,20,2.0,1.5,0.393582,0.362398,0.37799,8.250041,0.007423,1.4403,0.2853,BALANCED,NORMAL,BALANCED_NORMAL,6139
XRPUSDT,bb_balanced,1.5,2022-09-19 00:00:00+00:00,2022-09-19 02:35:00+00:00,1,0.3576,0.3438473141112204,0.013752685888779592,0.37822902883316933,3.0,-1.00780066,-1.00780066,SL,32,20,2.0,1.5,0.399681,0.359889,0.379785,10.477378,0.009168,1.6488,0.1137,BALANCED,HIGH,BALANCED_HIGH,6144
XRPUSDT,bb_balanced,1.5,2022-09-19 18:00:00+00:00,2022-09-19 19:10:00+00:00,-1,0.3742,0.387226772365936,0.013026772365936024,0.35465984145109597,3.0,-1.00861764,-1.00861764,SL,15,20,2.0,1.5,0.369611,0.337959,0.353785,8.946513,0.008685,1.2122,0.0254,BALANCED,NORMAL,BALANCED_NORMAL,6162
XRPUSDT,bb_balanced,1.5,2022-09-21 19:00:00+00:00,2022-09-21 21:10:00+00:00,-1,0.4224,0.44140917210333236,0.01900917210333236,0.39388624184500143,3.0,1.49333374,1.49333374,TP,27,20,2.0,1.5,0.417881,0.390369,0.404125,6.807722,0.012673,1.3401,0.0697,BALANCED,NORMAL,BALANCED_NORMAL,6211
XRPUSDT,bb_balanced,1.5,2022-09-22 06:00:00+00:00,2022-09-22 12:10:00+00:00,-1,0.4199,0.43714682249602266,0.017246822496022662,0.394029766255966,3.0,-1.00730395,-1.00730395,SL,75,20,2.0,1.5,0.419266,0.385654,0.40246,8.351637,0.011498,1.133,0.1556,BALANCED,NORMAL,BALANCED_NORMAL,6222
XRPUSDT,bb_balanced,1.5,2022-09-25 13:00:00+00:00,2022-09-25 14:10:00+00:00,-1,0.5131,0.5313191170786842,0.018219117078684177,0.48577132438197373,3.0,1.49155118,1.49155118,TP,15,20,2.0,1.5,0.507222,0.474948,0.491085,6.572109,0.012146,0.775,0.2831,BALANCED,NORMAL,BALANCED_NORMAL,6301
XRPUSDT,bb_balanced,1.5,2022-09-26 06:00:00+00:00,2022-09-27 16:20:00+00:00,1,0.4668,0.44896710816389157,0.017832891836108422,0.49354933775416265,3.0,-1.0078529,-1.0078529,SL,413,20,2.0,1.5,0.513181,0.473029,0.493105,8.14281,0.011889,0.8777,0.1843,BALANCED,NORMAL,BALANCED_NORMAL,6318
XRPUSDT,bb_balanced,1.5,2022-09-27 06:00:00+00:00,2022-09-27 16:10:00+00:00,-1,0.4786,0.49140361217855955,0.01280361217855952,0.45939458173216074,3.0,1.48878598,1.48878598,TP,123,20,2.0,1.5,0.478113,0.463387,0.47075,3.128206,0.008536,0.757,0.2043,BALANCED,NORMAL,BALANCED_NORMAL,6342
XRPUSDT,bb_balanced,1.5,2022-09-27 17:00:00+00:00,2022-09-28 01:35:00+00:00,1,0.4446,0.4290870674366903,0.015512932563309711,0.4678693988449646,3.0,-1.00859799,-1.00859799,SL,104,20,2.0,1.5,0.487316,0.456994,0.472155,6.421959,0.010342,0.9842,0.3098,BALANCED,NORMAL,BALANCED_NORMAL,6353
XRPUSDT,bb_balanced,1.5,2022-09-28 22:00:00+00:00,2022-09-29 13:45:00+00:00,-1,0.4475,0.4592783349857362,0.011778334985736216,0.4298324975213957,3.0,1.48860195,1.48860195,TP,190,20,2.0,1.5,0.443345,0.417375,0.43036,6.0344,0.007852,0.9055,0.2294,BALANCED,NORMAL,BALANCED_NORMAL,6382
XRPUSDT,bb_balanced,1.5,2022-09-30 18:00:00+00:00,2022-10-01 02:00:00+00:00,-1,0.494,0.510654799179588,0.01665479917958801,0.469017801230618,3.0,1.49110166,1.49110166,TP,97,20,2.0,1.5,0.49393,0.47175,0.48284,4.593757,0.011103,1.2745,0.0401,BALANCED,NORMAL,BALANCED_NORMAL,6426
XRPUSDT,bb_balanced,1.5,2022-10-03 07:00:00+00:00,2022-10-03 14:25:00+00:00,1,0.4392,0.43017948856539673,0.009020511434603251,0.45273076715190486,3.0,1.48539329,1.48539329,TP,90,20,2.0,1.5,0.46774,0.43948,0.45361,6.229939,0.006014,0.9309,0.345,BALANCED,NORMAL,BALANCED_NORMAL,6487
XRPUSDT,bb_balanced,1.5,2022-10-03 21:00:00+00:00,2022-10-04 02:10:00+00:00,-1,0.4665,0.4755585070378864,0.009058507037886354,0.4529122394431705,3.0,1.48455043,1.48455043,TP,63,20,2.0,1.5,0.462137,0.435503,0.44882,5.934293,0.006039,1.0304,0.2566,BALANCED,NORMAL,BALANCED_NORMAL,6501
XRPUSDT,bb_balanced,1.5,2022-10-04 10:00:00+00:00,2022-10-04 13:30:00+00:00,-1,0.4683,0.4777303227351411,0.009430322735141106,0.45415451589728834,3.0,-1.01489769,-1.01489769,SL,43,20,2.0,1.5,0.466622,0.448948,0.457785,3.860975,0.006287,1.0942,0.3431,BALANCED,NORMAL,BALANCED_NORMAL,6514
XRPUSDT,bb_balanced,1.5,2022-10-05 17:00:00+00:00,2022-10-05 18:25:00+00:00,-1,0.4907,0.5019103861263446,0.011210386126344618,0.4738844208104831,3.0,-1.01313157,-1.01313157,SL,18,20,2.0,1.5,0.489709,0.471301,0.480505,3.831066,0.007474,1.1934,0.239,BALANCED,NORMAL,BALANCED_NORMAL,6545
XRPUSDT,bb_balanced,1.5,2022-10-07 17:00:00+00:00,2022-10-07 17:50:00+00:00,-1,0.495,0.5043399968509252,0.009339996850925236,0.48099000472361214,3.0,-1.01589936,-1.01589936,SL,11,20,2.0,1.5,0.494641,0.485229,0.489935,1.921187,0.006227,0.9637,0.1077,BALANCED,NORMAL,BALANCED_NORMAL,6593
XRPUSDT,bb_balanced,1.5,2022-10-08 23:00:00+00:00,2022-10-09 15:00:00+00:00,1,0.5135,0.5047379383689464,0.00876206163105353,0.5266430924465803,3.0,1.48241852,1.48241852,TP,193,20,2.0,1.5,0.525298,0.513652,0.519475,2.241752,0.005841,0.8971,0.1234,BALANCED,NORMAL,BALANCED_NORMAL,6623
XRPUSDT,bb_balanced,1.5,2022-10-09 15:00:00+00:00,2022-10-09 15:15:00+00:00,-1,0.5235,0.530572822760811,0.007072822760811004,0.5128907658587835,3.0,-1.02220471,-1.02220471,SL,4,20,2.0,1.5,0.522511,0.507559,0.515035,2.903273,0.004715,0.7487,0.0756,BALANCED,NORMAL,BALANCED_NORMAL,6639
XRPUSDT,bb_balanced,1.5,2022-10-10 09:00:00+00:00,2022-10-10 22:05:00+00:00,1,0.5143,0.5043701426131089,0.009929857386891117,0.5291947860803367,3.0,-1.01553799,-1.01553799,SL,158,20,2.0,1.5,0.543702,0.516238,0.52997,5.182353,0.00662,1.1424,0.0652,BALANCED,NORMAL,BALANCED_NORMAL,6657
XRPUSDT,bb_balanced,1.5,2022-10-12 16:00:00+00:00,2022-10-13 01:35:00+00:00,-1,0.495,0.5046010302835169,0.009601030283516887,0.48059845457472467,3.0,1.48453291,1.48453291,TP,116,20,2.0,1.5,0.492901,0.484469,0.488685,1.725371,0.006401,0.8748,0.2216,BALANCED,NORMAL,BALANCED_NORMAL,6712
XRPUSDT,bb_balanced,1.5,2022-10-13 02:00:00+00:00,2022-10-13 02:30:00+00:00,1,0.4745,0.4655749529407116,0.008925047059288371,0.4878875705889325,3.0,-1.0159495,-1.0159495,SL,7,20,2.0,1.5,0.495306,0.480734,0.48802,2.985848,0.00595,0.8415,0.3015,BALANCED,NORMAL,BALANCED_NORMAL,6722
XRPUSDT,bb_balanced,1.5,2022-10-14 22:00:00+00:00,2022-10-16 18:00:00+00:00,1,0.4815,0.4698459562730987,0.011654043726901264,0.4989810655903519,3.0,-1.01239484,-1.01239484,SL,529,20,2.0,1.5,0.508364,0.484676,0.49652,4.770976,0.007769,1.0196,0.2436,BALANCED,NORMAL,BALANCED_NORMAL,6766
XRPUSDT,bb_balanced,1.5,2022-10-16 17:00:00+00:00,2022-10-16 18:00:00+00:00,1,0.4757,0.47009857451288023,0.005601425487119782,0.4841021382306797,3.0,-1.02547744,-1.02547744,SL,13,20,2.0,1.5,0.486777,0.478503,0.48264,1.714463,0.003734,0.7071,0.221,BALANCED,NORMAL,BALANCED_NORMAL,6809
XRPUSDT,bb_balanced,1.5,2022-10-18 11:00:00+00:00,2022-10-18 18:55:00+00:00,1,0.4678,0.4606280741462369,0.007171925853763084,0.47855788878064465,3.0,-1.01956797,-1.01956797,SL,96,20,2.0,1.5,0.481642,0.469028,0.475335,2.653669,0.004781,1.0074,0.1983,BALANCED,NORMAL,BALANCED_NORMAL,6851
XRPUSDT,bb_balanced,1.5,2022-10-20 00:00:00+00:00,2022-10-20 01:20:00+00:00,1,0.4501,0.4422870542760516,0.007812945723948417,0.4618194185859226,3.0,1.48271715,1.48271715,TP,17,20,2.0,1.5,0.463352,0.450988,0.45717,2.704439,0.005209,1.0724,0.2632,BALANCED,NORMAL,BALANCED_NORMAL,6888
XRPUSDT,bb_balanced,1.5,2022-10-20 18:00:00+00:00,2022-10-20 18:05:00+00:00,1,0.4496,0.44252173451591703,0.007078265484082968,0.46021739822612445,3.0,-1.01905552,-1.01905552,SL,2,20,2.0,1.5,0.466156,0.450964,0.45856,3.313163,0.004719,0.9696,0.211,BALANCED,NORMAL,BALANCED_NORMAL,6906
XRPUSDT,bb_balanced,1.5,2022-10-21 20:00:00+00:00,2022-10-21 23:55:00+00:00,-1,0.4525,0.4609832502505177,0.00848325025051766,0.4397751246242235,3.0,-1.01600212,-1.01600212,SL,48,20,2.0,1.5,0.452382,0.439218,0.4458,2.952801,0.005656,0.9983,0.136,BALANCED,NORMAL,BALANCED_NORMAL,6932
XRPUSDT,bb_balanced,1.5,2022-10-23 23:00:00+00:00,2022-10-24 03:10:00+00:00,-1,0.4685,0.47546579610085915,0.006965796100859123,0.45805130584871134,3.0,1.47982284,1.47982284,TP,51,20,2.0,1.5,0.467127,0.452133,0.45963,3.262055,0.004644,1.1208,0.1693,BALANCED,NORMAL,BALANCED_NORMAL,6983
XRPUSDT,bb_balanced,1.5,2022-10-25 00:00:00+00:00,2022-10-25 02:35:00+00:00,1,0.4527,0.44653050413409096,0.006169495865909036,0.4619542437988635,3.0,-1.02201314,-1.02201314,SL,32,20,2.0,1.5,0.458784,0.453256,0.45602,1.212442,0.004113,1.0138,0.122,BALANCED,NORMAL,BALANCED_NORMAL,7008
XRPUSDT,bb_balanced,1.5,2022-10-25 17:00:00+00:00,2022-10-25 18:10:00+00:00,-1,0.4631,0.4695885610016663,0.006488561001666282,0.4533671584975006,3.0,-1.02141153,-1.02141153,SL,15,20,2.0,1.5,0.459495,0.441925,0.45071,3.898278,0.004326,1.0195,0.0975,BALANCED,NORMAL,BALANCED_NORMAL,7025
XRPUSDT,bb_balanced,1.5,2022-10-27 05:00:00+00:00,2022-10-27 14:00:00+00:00,-1,0.4769,0.4856133349449617,0.008713334944961737,0.4638299975825574,3.0,1.48358034,1.48358034,TP,109,20,2.0,1.5,0.475651,0.459509,0.46758,3.452067,0.005809,1.225,0.2696,BALANCED,NORMAL,BALANCED_NORMAL,7061
XRPUSDT,bb_balanced,1.5,2022-10-27 23:00:00+00:00,2022-10-28 23:15:00+00:00,1,0.4618,0.4532320483949682,0.008567951605031765,0.47465192740754764,3.0,1.48383044,1.48383044,TP,292,20,2.0,1.5,0.477342,0.462328,0.469835,3.195648,0.005712,1.0952,0.1667,BALANCED,NORMAL,BALANCED_NORMAL,7079
XRPUSDT,bb_balanced,1.5,2022-10-28 17:00:00+00:00,2022-10-29 08:25:00+00:00,-1,0.469,0.4761464102729596,0.007146410272959647,0.45828038459056053,3.0,-1.01968821,-1.01968821,SL,186,20,2.0,1.5,0.467605,0.457305,0.462455,2.227051,0.004764,0.9049,0.0934,BALANCED,NORMAL,BALANCED_NORMAL,7097
XRPUSDT,bb_balanced,1.5,2022-10-30 10:00:00+00:00,2022-10-30 22:15:00+00:00,1,0.462,0.45494172647864756,0.007058273521352465,0.4725874102820287,3.0,-1.01963653,-1.01963653,SL,148,20,2.0,1.5,0.474753,0.463367,0.46906,2.427234,0.004706,1.0234,0.1868,BALANCED,NORMAL,BALANCED_NORMAL,7138
XRPUSDT,bb_balanced,1.5,2022-10-31 14:00:00+00:00,2022-10-31 22:15:00+00:00,1,0.4502,0.4425200501971773,0.0076799498028227164,0.46171992470423406,3.0,1.48241395,1.48241395,TP,100,20,2.0,1.5,0.46444,0.45116,0.4578,2.900646,0.00512,1.0911,0.2394,BALANCED,NORMAL,BALANCED_NORMAL,7166
XRPUSDT,bb_balanced,1.5,2022-11-01 00:00:00+00:00,2022-11-02 10:00:00+00:00,-1,0.4642,0.4720701178028321,0.007870117802832088,0.45239482329575187,3.0,1.48230522,1.48230522,TP,409,20,2.0,1.5,0.463921,0.448509,0.456215,3.378194,0.005247,1.1232,0.1716,BALANCED,NORMAL,BALANCED_NORMAL,7176
XRPUSDT,bb_balanced,1.5,2022-11-01 21:00:00+00:00,2022-11-02 09:30:00+00:00,-1,0.4643,0.4704853688047573,0.006185368804757285,0.45502194679286406,3.0,1.47748073,1.47748073,TP,151,20,2.0,1.5,0.464222,0.456378,0.4603,1.703991,0.004124,0.9009,0.1506,BALANCED,NORMAL,BALANCED_NORMAL,7197
XRPUSDT,bb_balanced,1.5,2022-11-02 10:00:00+00:00,2022-11-02 18:00:00+00:00,1,0.4541,0.44813348302556977,0.005966516974430236,0.4630497754616454,3.0,1.47716758,1.47716758,TP,97,20,2.0,1.5,0.466455,0.455205,0.46083,2.441239,0.003978,0.8954,0.0816,BALANCED,NORMAL,BALANCED_NORMAL,7210
XRPUSDT,bb_balanced,1.5,2022-11-02 20:00:00+00:00,2022-11-04 05:50:00+00:00,1,0.4512,0.4436329082574919,0.007567091742508081,0.46255063761376214,3.0,1.48211202,1.48211202,TP,407,20,2.0,1.5,0.464554,0.451336,0.457945,2.886208,0.005045,1.1864,0.3297,BALANCED,NORMAL,BALANCED_NORMAL,7220
XRPUSDT,bb_balanced,1.5,2022-11-04 06:00:00+00:00,2022-11-04 08:45:00+00:00,-1,0.4616,0.4671159184725253,0.005515918472525305,0.45332612229121205,3.0,-1.02510552,-1.02510552,SL,34,20,2.0,1.5,0.460141,0.452209,0.456175,1.738936,0.003677,0.8824,0.1196,BALANCED,NORMAL,BALANCED_NORMAL,7254
XRPUSDT,bb_balanced,1.5,2022-11-06 02:00:00+00:00,2022-11-06 22:15:00+00:00,1,0.4876,0.4787098154222329,0.00889018457776708,0.5009352768666506,3.0,-1.0164541,-1.0164541,SL,244,20,2.0,1.5,0.502768,0.489922,0.496345,2.588087,0.005927,0.9932,0.2759,BALANCED,NORMAL,BALANCED_NORMAL,7298
XRPUSDT,bb_balanced,1.5,2022-11-07 23:00:00+00:00,2022-11-08 02:55:00+00:00,1,0.4619,0.45311326597303675,0.008786734026963228,0.47508010104044485,3.0,-1.01577036,-1.01577036,SL,48,20,2.0,1.5,0.478265,0.463005,0.470635,3.242433,0.005858,1.1915,0.2272,BALANCED,NORMAL,BALANCED_NORMAL,7343
XRPUSDT,bb_balanced,1.5,2022-11-10 14:00:00+00:00,2022-11-13 07:00:00+00:00,-1,0.3875,0.4076925297897856,0.020192529789785585,0.35721120531532163,3.0,1.49424292,1.49424292,TP,781,20,2.0,1.5,0.383041,0.325659,0.35435,16.193796,0.013462,1.0136,0.2154,BALANCED,NORMAL,BALANCED_NORMAL,7406
XRPUSDT,bb_balanced,1.5,2022-11-11 15:00:00+00:00,2022-11-12 17:30:00+00:00,1,0.3767,0.3614377682384474,0.015262231761552558,0.3995933476423288,3.0,-1.00740455,-1.00740455,SL,319,20,2.0,1.5,0.400466,0.377694,0.38908,5.852903,0.010175,0.8069,0.0435,BALANCED,NORMAL,BALANCED_NORMAL,7431
XRPUSDT,bb_balanced,1.5,2022-11-13 07:00:00+00:00,2022-11-13 08:50:00+00:00,1,0.3596,0.35227216595784105,0.0073278340421589205,0.3705917510632384,3.0,-1.01472195,-1.01472195,SL,23,20,2.0,1.5,0.371863,0.359787,0.365825,3.300944,0.004885,0.6291,0.2512,BALANCED,NORMAL,BALANCED_NORMAL,7471
XRPUSDT,bb_balanced,1.5,2022-11-14 21:00:00+00:00,2022-11-15 00:00:00+00:00,-1,0.3681,0.38204032605360155,0.01394032605360157,0.3471895109195976,3.0,-1.00792162,-1.00792162,SL,37,20,2.0,1.5,0.363148,0.324122,0.343635,11.356995,0.009294,1.451,0.2492,BALANCED,NORMAL,BALANCED_NORMAL,7509
XRPUSDT,bb_balanced,1.5,2022-11-16 12:00:00+00:00,2022-11-16 15:45:00+00:00,1,0.376,0.36591825800820416,0.010081741991795845,0.3911226129876938,3.0,-1.01118854,-1.01118854,SL,46,20,2.0,1.5,0.392363,0.377067,0.384715,3.975971,0.006721,0.8125,0.2894,BALANCED,NORMAL,BALANCED_NORMAL,7548
XRPUSDT,bb_balanced,1.5,2022-11-17 06:00:00+00:00,2022-11-17 10:50:00+00:00,-1,0.3833,0.39237969969744035,0.00907969969744038,0.3696804504538394,3.0,1.48733548,1.48733548,TP,59,20,2.0,1.5,0.38183,0.36554,0.373685,4.35942,0.006053,0.8193,0.019,BALANCED,NORMAL,BALANCED_NORMAL,7566
XRPUSDT,bb_balanced,1.5,2022-11-18 16:00:00+00:00,2022-11-19 22:30:00+00:00,1,0.3773,0.3712919183386292,0.006008081661370845,0.38631212249205626,3.0,1.48116038,1.48116038,TP,367,20,2.0,1.5,0.385956,0.377694,0.381825,2.163713,0.004005,0.7251,0.098,BALANCED,NORMAL,BALANCED_NORMAL,7600
XRPUSDT,bb_balanced,1.5,2022-11-19 22:00:00+00:00,2022-11-20 00:30:00+00:00,-1,0.3847,0.38856733106569974,0.003867331065699753,0.37889900340145033,3.0,-1.02984229,-1.02984229,SL,31,20,2.0,1.5,0.383458,0.376742,0.3801,1.766891,0.002578,0.6834,0.2381,BALANCED,NORMAL,BALANCED_NORMAL,7630
XRPUSDT,bb_balanced,1.5,2022-11-20 12:00:00+00:00,2022-11-20 21:30:00+00:00,1,0.3748,0.36909100754996765,0.0057089924500323685,0.38336348867504855,3.0,-1.01969524,-1.01969524,SL,115,20,2.0,1.5,0.394084,0.376346,0.385215,4.604758,0.003806,1.1615,0.2107,BALANCED,NORMAL,BALANCED_NORMAL,7644
XRPUSDT,bb_balanced,1.5,2022-11-21 23:00:00+00:00,2022-11-22 13:50:00+00:00,-1,0.3621,0.3715584342463317,0.009458434246331748,0.34791234863050235,3.0,-1.01148499,-1.01148499,SL,179,20,2.0,1.5,0.360264,0.348576,0.35442,3.297882,0.006306,1.3937,0.2965,BALANCED,NORMAL,BALANCED_NORMAL,7679
XRPUSDT,bb_balanced,1.5,2022-11-22 14:00:00+00:00,2022-11-23 07:20:00+00:00,-1,0.3716,0.37997020344693627,0.008370203446936286,0.35904469482959556,3.0,-1.01331867,-1.01331867,SL,209,20,2.0,1.5,0.36722,0.34989,0.358555,4.83315,0.00558,1.0515,0.2759,BALANCED,NORMAL,BALANCED_NORMAL,7694
XRPUSDT,bb_balanced,1.5,2022-11-24 15:00:00+00:00,2022-11-24 17:20:00+00:00,-1,0.3899,0.3967574552307894,0.0068574552307894,0.3796138171538159,3.0,-1.01705735,-1.01705735,SL,29,20,2.0,1.5,0.385951,0.375289,0.38062,2.801162,0.004572,0.9891,0.3026,BALANCED,NORMAL,BALANCED_NORMAL,7743
XRPUSDT,bb_balanced,1.5,2022-11-26 16:00:00+00:00,2022-11-26 19:00:00+00:00,1,0.4019,0.39549553113944136,0.006404468860558621,0.41150670329083794,3.0,-1.01882592,-1.01882592,SL,37,20,2.0,1.5,0.410514,0.402806,0.40666,1.895204,0.00427,0.7843,0.0747,BALANCED,NORMAL,BALANCED_NORMAL,7792
XRPUSDT,bb_balanced,1.5,2022-11-27 12:00:00+00:00,2022-11-27 23:20:00+00:00,-1,0.4064,0.4120562951649296,0.005656295164929603,0.3979155572526056,3.0,1.47844525,1.47844525,TP,137,20,2.0,1.5,0.40452,0.39434,0.39943,2.548843,0.003771,0.7921,0.1304,BALANCED,NORMAL,BALANCED_NORMAL,7812
XRPUSDT,bb_balanced,1.5,2022-11-28 00:00:00+00:00,2022-11-28 01:10:00+00:00,1,0.396,0.3901095120754172,0.005890487924582799,0.4048357318868742,3.0,-1.02016811,-1.02016811,SL,15,20,2.0,1.5,0.406505,0.396775,0.40164,2.422638,0.003927,0.939,0.1104,BALANCED,NORMAL,BALANCED_NORMAL,7824
XRPUSDT,bb_balanced,1.5,2022-11-28 22:00:00+00:00,2022-11-29 19:35:00+00:00,-1,0.3881,0.39539675722040957,0.0072967572204095665,0.37715486416938565,3.0,-1.0159564,-1.0159564,SL,260,20,2.0,1.5,0.387976,0.375924,0.38195,3.155618,0.004865,1.1358,0.3318,BALANCED,NORMAL,BALANCED_NORMAL,7846
XRPUSDT,bb_balanced,1.5,2022-11-30 18:00:00+00:00,2022-11-30 19:15:00+00:00,1,0.3954,0.3895122787482412,0.005887721251758793,0.4042315818776382,3.0,1.47985299,1.47985299,TP,16,20,2.0,1.5,0.406644,0.395586,0.401115,2.756962,0.003925,0.8937,0.0955,BALANCED,NORMAL,BALANCED_NORMAL,7890
XRPUSDT,bb_balanced,1.5,2022-11-30 21:00:00+00:00,2022-12-01 05:45:00+00:00,-1,0.4091,0.41617189270776755,0.007071892707767535,0.3984921609383487,3.0,1.48264538,1.48264538,TP,106,20,2.0,1.5,0.40803,0.39555,0.40179,3.10634,0.004715,1.0817,0.0605,BALANCED,NORMAL,BALANCED_NORMAL,7893
XRPUSDT,bb_balanced,1.5,2022-12-02 02:00:00+00:00,2022-12-03 15:10:00+00:00,1,0.388,0.3821169800594311,0.00588301994056889,0.3968245299108534,3.0,1.48021424,1.48021424,TP,447,20,2.0,1.5,0.403406,0.391904,0.397655,2.892628,0.003922,0.9773,0.3487,BALANCED,NORMAL,BALANCED_NORMAL,7922
XRPUSDT,bb_balanced,1.5,2022-12-02 22:00:00+00:00,2022-12-03 22:35:00+00:00,-1,0.393,0.39732046382336494,0.004320463823364928,0.3865193042649526,3.0,1.47271126,1.47271126,TP,296,20,2.0,1.5,0.392525,0.386245,0.389385,1.612922,0.00288,0.7859,0.2907,BALANCED,NORMAL,BALANCED_NORMAL,7942
XRPUSDT,bb_balanced,1.5,2022-12-03 23:00:00+00:00,2022-12-05 03:25:00+00:00,1,0.3872,0.3829172843093527,0.00428271569064731,0.39362407353597095,3.0,1.47287702,1.47287702,TP,342,20,2.0,1.5,0.396369,0.387561,0.391965,2.247249,0.002855,0.9297,0.2288,BALANCED,NORMAL,BALANCED_NORMAL,7967
XRPUSDT,bb_balanced,1.5,2022-12-05 04:00:00+00:00,2022-12-05 19:15:00+00:00,-1,0.3924,0.39640681630072727,0.004006816300727245,0.3863897755489092,3.0,1.47062007,1.47062007,TP,184,20,2.0,1.5,0.391752,0.387538,0.389645,1.081309,0.002671,1.0481,0.1667,BALANCED,NORMAL,BALANCED_NORMAL,7996
XRPUSDT,bb_balanced,1.5,2022-12-05 20:00:00+00:00,2022-12-06 23:30:00+00:00,1,0.3843,0.37910172126867575,0.005198278731324224,0.3920974180969863,3.0,1.4778215,1.4778215,TP,331,20,2.0,1.5,0.39543,0.38748,0.391455,2.030967,0.003466,1.3465,0.1782,BALANCED,NORMAL,BALANCED_NORMAL,8012
XRPUSDT,bb_balanced,1.5,2022-12-07 08:00:00+00:00,2022-12-08 00:25:00+00:00,1,0.3771,0.37161242046421944,0.005487579535780551,0.38533136930367085,3.0,1.47938435,1.47938435,TP,198,20,2.0,1.5,0.393078,0.381372,0.387225,3.023132,0.003658,1.2199,0.2104,BALANCED,NORMAL,BALANCED_NORMAL,8048
XRPUSDT,bb_balanced,1.5,2022-12-08 02:00:00+00:00,2022-12-08 18:45:00+00:00,-1,0.3873,0.3920641140940086,0.00476411409400862,0.3801538288589871,3.0,-1.02438858,-1.02438858,SL,202,20,2.0,1.5,0.386208,0.377022,0.381615,2.407221,0.003176,1.0231,0.0244,BALANCED,NORMAL,BALANCED_NORMAL,8066
XRPUSDT,bb_balanced,1.5,2022-12-08 19:00:00+00:00,2022-12-08 22:35:00+00:00,-1,0.3906,0.3952063896136613,0.004606389613661277,0.3836904155795081,3.0,-1.02543858,-1.02543858,SL,44,20,2.0,1.5,0.390428,0.383192,0.38681,1.87052,0.003071,0.9991,0.3417,BALANCED,NORMAL,BALANCED_NORMAL,8083
XRPUSDT,bb_balanced,1.5,2022-12-09 14:00:00+00:00,2022-12-11 20:15:00+00:00,1,0.3883,0.3835391929774599,0.004760807022540059,0.3954412105338101,3.0,-1.02446854,-1.02446854,SL,652,20,2.0,1.5,0.394394,0.388496,0.391445,1.506491,0.003174,1.0412,0.0588,BALANCED,NORMAL,BALANCED_NORMAL,8102
XRPUSDT,bb_balanced,1.5,2022-12-10 22:00:00+00:00,2022-12-11 20:15:00+00:00,1,0.3859,0.38369565157465096,0.0022043484253490564,0.3892065226380236,3.0,-1.05251892,-1.05251892,SL,268,20,2.0,1.5,0.388665,0.385955,0.38731,0.699617,0.00147,0.6034,0.1181,BALANCED,NORMAL,BALANCED_NORMAL,8134
XRPUSDT,bb_balanced,1.5,2022-12-11 21:00:00+00:00,2022-12-11 22:35:00+00:00,1,0.3836,0.3811917725267232,0.0024082274732767917,0.3872123412099152,3.0,-1.04778618,-1.04778618,SL,20,20,2.0,1.5,0.388185,0.384495,0.38634,0.955338,0.001605,0.9609,0.265,BALANCED,NORMAL,BALANCED_NORMAL,8157
XRPUSDT,bb_balanced,1.5,2022-12-12 21:00:00+00:00,2022-12-12 22:45:00+00:00,-1,0.3819,0.3858064382718179,0.003906438271817858,0.37604034259227326,3.0,-1.02932851,-1.02932851,SL,22,20,2.0,1.5,0.381063,0.370767,0.375915,2.739082,0.002604,1.3618,0.0182,BALANCED,NORMAL,BALANCED_NORMAL,8181
XRPUSDT,bb_balanced,1.5,2022-12-14 19:00:00+00:00,2022-12-14 19:00:00+00:00,1,0.3869,0.3818534626248808,0.005046537375119231,0.3944698060626789,3.0,-1.02299993,-1.02299993,SL,1,20,2.0,1.5,0.394633,0.387647,0.39114,1.785809,0.003364,1.1035,0.3182,BALANCED,NORMAL,BALANCED_NORMAL,8227
XRPUSDT,bb_balanced,1.5,2022-12-19 03:00:00+00:00,2022-12-19 03:00:00+00:00,1,0.3464,0.3422410979624284,0.004158902037571577,0.3526383530563574,3.0,-1.02498736,-1.02498736,SL,1,20,2.0,1.5,0.35331,0.34715,0.35023,1.75903,0.002773,0.8604,0.3333,BALANCED,NORMAL,BALANCED_NORMAL,8331
XRPUSDT,bb_balanced,1.5,2022-12-21 04:00:00+00:00,2022-12-21 22:30:00+00:00,1,0.3387,0.3333362562307747,0.0053637437692253265,0.346745615653838,3.0,1.48105614,1.48105614,TP,223,20,2.0,1.5,0.351816,0.340114,0.345965,3.382171,0.003576,1.0209,0.1111,BALANCED,NORMAL,BALANCED_NORMAL,8380
XRPUSDT,bb_balanced,1.5,2022-12-21 22:00:00+00:00,2022-12-22 21:55:00+00:00,-1,0.3455,0.3493499110220601,0.003849911022060115,0.3397251334669098,3.0,-1.0269227,-1.0269227,SL,288,20,2.0,1.5,0.345326,0.339304,0.342315,1.759487,0.002567,0.7405,0.0203,BALANCED,NORMAL,BALANCED_NORMAL,8398
XRPUSDT,bb_balanced,1.5,2022-12-22 10:00:00+00:00,2022-12-22 15:05:00+00:00,-1,0.3466,0.3501631156459284,0.003563115645928372,0.34125532653110746,3.0,1.47081767,1.47081767,TP,62,20,2.0,1.5,0.346645,0.340795,0.34372,1.701845,0.002375,0.765,0.1659,BALANCED,NORMAL,BALANCED_NORMAL,8410
XRPUSDT,bb_balanced,1.5,2022-12-22 21:00:00+00:00,2022-12-23 06:40:00+00:00,-1,0.3478,0.3513850449357982,0.0035850449357981984,0.3424224325963027,3.0,-1.02910424,-1.02910424,SL,117,20,2.0,1.5,0.347584,0.340866,0.344225,1.951684,0.00239,0.8445,0.0492,BALANCED,NORMAL,BALANCED_NORMAL,8421
XRPUSDT,bb_balanced,1.5,2022-12-25 03:00:00+00:00,2022-12-25 10:40:00+00:00,1,0.3489,0.34703075545073075,0.0018692445492692333,0.35170386682390387,3.0,-1.05599588,-1.05599588,SL,93,20,2.0,1.5,0.352687,0.350103,0.351395,0.735495,0.001246,0.6738,0.3171,BALANCED,NORMAL,BALANCED_NORMAL,8475
XRPUSDT,bb_balanced,1.5,2022-12-28 02:00:00+00:00,2022-12-28 03:45:00+00:00,1,0.3637,0.35832511724609295,0.005374882753907073,0.37176232413086063,3.0,-1.02029998,-1.02029998,SL,22,20,2.0,1.5,0.371546,0.364834,0.36819,1.823042,0.003583,1.3109,0.0737,BALANCED,NORMAL,BALANCED_NORMAL,8546
XRPUSDT,bb_balanced,1.5,2022-12-29 02:00:00+00:00,2022-12-29 20:20:00+00:00,1,0.3471,0.3417663948185784,0.005333605181421619,0.3551004077721325,3.0,-1.01952338,-1.01952338,SL,221,20,2.0,1.5,0.362932,0.351368,0.35715,3.237588,0.003556,1.0376,0.2962,BALANCED,NORMAL,BALANCED_NORMAL,8570
XRPUSDT,bb_balanced,1.5,2022-12-30 19:00:00+00:00,2023-01-01 02:20:00+00:00,-1,0.3432,0.347401633738037,0.004201633738037003,0.3368975493929445,3.0,1.47549525,1.47549525,TP,377,20,2.0,1.5,0.342803,0.334637,0.33872,2.411095,0.002801,0.8815,0.0847,BALANCED,NORMAL,BALANCED_NORMAL,8611
XRPUSDT,bb_balanced,1.5,2023-01-01 00:00:00+00:00,2023-01-01 04:55:00+00:00,1,0.3389,0.3360152359427278,0.002884764057272171,0.3432271460859082,3.0,-1.03524378,-1.03524378,SL,60,20,2.0,1.5,0.344658,0.339582,0.34212,1.4838,0.001923,0.7312,0.0897,BALANCED,NORMAL,BALANCED_NORMAL,8640
XRPUSDT,bb_balanced,1.5,2023-01-04 03:00:00+00:00,2023-01-04 15:00:00+00:00,-1,0.3491,0.35391206430927274,0.004812064309272723,0.34188190353609094,3.0,1.47823595,1.47823595,TP,145,20,2.0,1.5,0.348681,0.340959,0.34482,2.239661,0.003208,0.7966,0.0,BALANCED,NORMAL,BALANCED_NORMAL,8715
XRPUSDT,bb_balanced,1.5,2023-01-04 21:00:00+00:00,2023-01-05 09:45:00+00:00,1,0.3446,0.3395310222989868,0.005068977701013222,0.35220346655151985,3.0,-1.02039464,-1.02039464,SL,154,20,2.0,1.5,0.350806,0.345284,0.348045,1.586449,0.003379,0.9637,0.058,BALANCED,NORMAL,BALANCED_NORMAL,8733
XRPUSDT,bb_balanced,1.5,2023-01-05 14:00:00+00:00,2023-01-05 23:25:00+00:00,1,0.3385,0.33396246149830267,0.004537538501697358,0.34530630775254606,3.0,-1.02237998,-1.02237998,SL,114,20,2.0,1.5,0.349989,0.339381,0.344685,3.077849,0.003025,0.969,0.2727,BALANCED,NORMAL,BALANCED_NORMAL,8750
XRPUSDT,bb_balanced,1.5,2023-01-06 20:00:00+00:00,2023-01-08 00:35:00+00:00,-1,0.3417,0.34590840877875373,0.004208408778753725,0.3353873868318694,3.0,1.47564162,1.47564162,TP,344,20,2.0,1.5,0.341009,0.332691,0.33685,2.4694,0.002806,0.96,0.1481,BALANCED,NORMAL,BALANCED_NORMAL,8780
XRPUSDT,bb_balanced,1.5,2023-01-07 19:00:00+00:00,2023-01-08 00:35:00+00:00,-1,0.3453,0.3481552246173452,0.00285522461734522,0.34101716307398217,3.0,1.46371914,1.46371914,TP,68,20,2.0,1.5,0.345174,0.341286,0.34323,1.132958,0.001903,0.738,0.0216,BALANCED,NORMAL,BALANCED_NORMAL,8803
XRPUSDT,bb_balanced,1.5,2023-01-08 02:00:00+00:00,2023-01-08 23:55:00+00:00,1,0.3402,0.3365985160583382,0.0036014839416618205,0.34560222591249273,3.0,1.47166168,1.47166168,TP,264,20,2.0,1.5,0.345733,0.340447,0.34309,1.540941,0.002401,0.9718,0.1538,BALANCED,NORMAL,BALANCED_NORMAL,8810
XRPUSDT,bb_balanced,1.5,2023-01-09 00:00:00+00:00,2023-01-09 01:20:00+00:00,-1,0.345,0.348393698934048,0.003393698934048006,0.33990945159892794,3.0,-1.0304977,-1.0304977,SL,17,20,2.0,1.5,0.343303,0.337577,0.34044,1.682026,0.002262,1.0779,0.2,BALANCED,NORMAL,BALANCED_NORMAL,8832
XRPUSDT,bb_balanced,1.5,2023-01-10 19:00:00+00:00,2023-01-11 04:45:00+00:00,-1,0.3521,0.35670395484729245,0.004603954847292424,0.34519406772906136,3.0,-1.02294332,-1.02294332,SL,118,20,2.0,1.5,0.351777,0.346053,0.348915,1.64072,0.003069,0.9192,0.0717,BALANCED,NORMAL,BALANCED_NORMAL,8875
XRPUSDT,bb_balanced,1.5,2023-01-12 15:00:00+00:00,2023-01-13 03:55:00+00:00,1,0.3667,0.3586993274236382,0.008000672576361834,0.3787010088645428,3.0,1.48624991,1.48624991,TP,156,20,2.0,1.5,0.377003,0.367587,0.372295,2.528985,0.005334,1.3088,0.1536,BALANCED,NORMAL,BALANCED_NORMAL,8919
XRPUSDT,bb_balanced,1.5,2023-01-13 14:00:00+00:00,2023-01-13 21:10:00+00:00,1,0.3708,0.36514828263540594,0.005651717364594078,0.37927757604689116,3.0,1.48031749,1.48031749,TP,87,20,2.0,1.5,0.379155,0.371295,0.375225,2.094919,0.003768,0.8297,0.1567,BALANCED,NORMAL,BALANCED_NORMAL,8942
XRPUSDT,bb_balanced,1.5,2023-01-13 22:00:00+00:00,2023-01-14 00:35:00+00:00,-1,0.3842,0.39019375745855817,0.00599375745855818,0.37520936381216274,3.0,-1.01923001,-1.01923001,SL,32,20,2.0,1.5,0.381529,0.369441,0.375485,3.219442,0.003996,0.912,0.328,BALANCED,NORMAL,BALANCED_NORMAL,8950
XRPUSDT,bb_balanced,1.5,2023-01-15 09:00:00+00:00,2023-01-16 02:40:00+00:00,1,0.3814,0.37365105253357306,0.007748947466426959,0.39302342119964045,3.0,1.48523412,1.48523412,TP,213,20,2.0,1.5,0.397218,0.384362,0.39079,3.289763,0.005166,0.9859,0.3443,BALANCED,NORMAL,BALANCED_NORMAL,8985
XRPUSDT,bb_balanced,1.5,2023-01-16 03:00:00+00:00,2023-01-16 03:25:00+00:00,-1,0.3946,0.4010398912806313,0.006439891280631271,0.3849401630790531,3.0,-1.0183823,-1.0183823,SL,6,20,2.0,1.5,0.391885,0.379845,0.385865,3.120465,0.004293,0.7853,0.1856,BALANCED,NORMAL,BALANCED_NORMAL,9003
XRPUSDT,bb_balanced,1.5,2023-01-17 21:00:00+00:00,2023-01-18 08:30:00+00:00,-1,0.3943,0.40079147817542216,0.006491478175422172,0.3845627827368667,3.0,1.48177765,1.48177765,TP,139,20,2.0,1.5,0.394286,0.381034,0.38766,3.418371,0.004328,0.9478,0.3074,BALANCED,NORMAL,BALANCED_NORMAL,9045
XRPUSDT,bb_balanced,1.5,2023-01-18 16:00:00+00:00,2023-01-18 16:20:00+00:00,1,0.3813,0.372946729600698,0.008353270399301949,0.3938299055989529,3.0,-1.01369404,-1.01369404,SL,5,20,2.0,1.5,0.394057,0.383123,0.38859,2.813928,0.005569,1.2987,0.2754,BALANCED,NORMAL,BALANCED_NORMAL,9064
XRPUSDT,bb_balanced,1.5,2023-01-20 17:00:00+00:00,2023-01-20 19:40:00+00:00,-1,0.397,0.4024103361198395,0.005410336119839487,0.38888449582024076,3.0,-1.02201342,-1.02201342,SL,33,20,2.0,1.5,0.395508,0.386382,0.390945,2.334396,0.003607,0.69,0.0662,BALANCED,NORMAL,BALANCED_NORMAL,9113
XRPUSDT,bb_balanced,1.5,2023-01-21 20:00:00+00:00,2023-01-21 22:55:00+00:00,-1,0.4133,0.4207153646227029,0.007415364622702925,0.4021769530659456,3.0,1.48327931,1.48327931,TP,36,20,2.0,1.5,0.413119,0.406961,0.41004,1.501912,0.004944,1.0967,0.0235,BALANCED,NORMAL,BALANCED_NORMAL,9140
XRPUSDT,bb_balanced,1.5,2023-01-22 00:00:00+00:00,2023-01-23 08:00:00+00:00,1,0.4032,0.39543122581765366,0.0077687741823463385,0.4148531612735195,3.0,1.48442998,1.48442998,TP,385,20,2.0,1.5,0.414815,0.404345,0.40958,2.556145,0.005179,1.1638,0.1872,BALANCED,NORMAL,BALANCED_NORMAL,9144
XRPUSDT,bb_balanced,1.5,2023-01-22 18:00:00+00:00,2023-01-22 20:05:00+00:00,-1,0.4091,0.4154177421056731,0.0063177421056730965,0.39962338684149035,3.0,1.48057376,1.48057376,TP,26,20,2.0,1.5,0.408848,0.401722,0.405285,1.758416,0.004212,0.945,0.0729,BALANCED,NORMAL,BALANCED_NORMAL,9162
XRPUSDT,bb_balanced,1.5,2023-01-22 21:00:00+00:00,2023-01-23 01:10:00+00:00,1,0.3979,0.39102646523098983,0.006873534769010148,0.40821030215351517,3.0,1.48263339,1.48263339,TP,51,20,2.0,1.5,0.410013,0.400447,0.40523,2.360806,0.004582,1.0186,0.2057,BALANCED,NORMAL,BALANCED_NORMAL,9165
XRPUSDT,bb_balanced,1.5,2023-01-23 08:00:00+00:00,2023-01-23 08:05:00+00:00,-1,0.4135,0.4202668157039967,0.006766815703996731,0.4033497764440049,3.0,-1.01833211,-1.01833211,SL,2,20,2.0,1.5,0.41319,0.39818,0.405685,3.699786,0.004511,0.9909,0.2144,BALANCED,NORMAL,BALANCED_NORMAL,9176
XRPUSDT,bb_balanced,1.5,2023-01-24 22:00:00+00:00,2023-01-24 22:25:00+00:00,1,0.4159,0.407990024109398,0.007909975890601995,0.427764963835903,3.0,-1.01577375,-1.01577375,SL,6,20,2.0,1.5,0.426944,0.417526,0.422235,2.230432,0.005273,0.9809,0.1518,BALANCED,NORMAL,BALANCED_NORMAL,9214
XRPUSDT,bb_balanced,1.5,2023-01-25 20:00:00+00:00,2023-01-25 21:35:00+00:00,-1,0.4114,0.4180479824795499,0.0066479824795498965,0.40142802628067514,3.0,-1.01856503,-1.01856503,SL,20,20,2.0,1.5,0.410692,0.401588,0.40614,2.241424,0.004432,0.8165,0.094,BALANCED,NORMAL,BALANCED_NORMAL,9236
XRPUSDT,bb_balanced,1.5,2023-01-27 19:00:00+00:00,2023-01-29 19:30:00+00:00,-1,0.4118,0.4171101565283604,0.005310156528360421,0.40383476520745937,3.0,-1.02326485,-1.02326485,SL,583,20,2.0,1.5,0.411498,0.401792,0.406645,2.386762,0.00354,0.8169,0.0727,BALANCED,NORMAL,BALANCED_NORMAL,9283
XRPUSDT,bb_balanced,1.5,2023-01-28 14:00:00+00:00,2023-01-29 17:25:00+00:00,1,0.4075,0.4028177510959124,0.0046822489040875825,0.4145233733561313,3.0,1.47389075,1.47389075,TP,330,20,2.0,1.5,0.414281,0.408069,0.411175,1.510813,0.003121,0.8148,0.0986,BALANCED,NORMAL,BALANCED_NORMAL,9302
XRPUSDT,bb_balanced,1.5,2023-01-29 11:00:00+00:00,2023-01-29 19:30:00+00:00,-1,0.413,0.41648013049040483,0.0034801304904048536,0.4077798042643927,3.0,-1.03560211,-1.03560211,SL,103,20,2.0,1.5,0.412842,0.406018,0.40943,1.666897,0.00232,0.7388,0.3011,BALANCED,NORMAL,BALANCED_NORMAL,9323
XRPUSDT,bb_balanced,1.5,2023-01-30 10:00:00+00:00,2023-01-30 19:05:00+00:00,1,0.3991,0.3931426722760785,0.005957327723921491,0.4080359915858822,3.0,-1.02009794,-1.02009794,SL,110,20,2.0,1.5,0.419459,0.405111,0.412285,3.480212,0.003972,1.4083,0.3007,BALANCED,NORMAL,BALANCED_NORMAL,9346
XRPUSDT,bb_balanced,1.5,2023-02-01 20:00:00+00:00,2023-02-01 21:05:00+00:00,-1,0.4076,0.4140545776996071,0.006454577699607056,0.39791813345058946,3.0,-1.01894469,-1.01894469,SL,14,20,2.0,1.5,0.406371,0.397289,0.40183,2.259925,0.004303,1.0853,0.0645,BALANCED,NORMAL,BALANCED_NORMAL,9404
XRPUSDT,bb_balanced,1.5,2023-02-02 19:00:00+00:00,2023-02-02 21:30:00+00:00,-1,0.4181,0.4234088245692237,0.005308824569223658,0.41013676314616454,3.0,1.4763733,1.4763733,TP,31,20,2.0,1.5,0.41736,0.41067,0.414015,1.615889,0.003539,0.9541,0.1091,BALANCED,NORMAL,BALANCED_NORMAL,9427
XRPUSDT,bb_balanced,1.5,2023-02-02 22:00:00+00:00,2023-02-04 18:05:00+00:00,1,0.4092,0.40328043455590945,0.005919565444090558,0.41807934816613584,3.0,1.47926199,1.47926199,TP,530,20,2.0,1.5,0.417308,0.410272,0.41379,1.700604,0.003946,1.0626,0.0554,BALANCED,NORMAL,BALANCED_NORMAL,9430
XRPUSDT,bb_balanced,1.5,2023-02-04 18:00:00+00:00,2023-02-04 18:10:00+00:00,-1,0.4151,0.4184510110062376,0.003351011006237581,0.41007348349064365,3.0,-1.03716192,-1.03716192,SL,3,20,2.0,1.5,0.414371,0.407109,0.41074,1.767857,0.002234,0.7422,0.2875,BALANCED,NORMAL,BALANCED_NORMAL,9474
XRPUSDT,bb_balanced,1.5,2023-02-06 19:00:00+00:00,2023-02-06 22:40:00+00:00,-1,0.4024,0.406880769002791,0.004480769002791041,0.3956788464958134,3.0,1.4730582,1.4730582,TP,45,20,2.0,1.5,0.40214,0.39525,0.398695,1.727983,0.002987,0.9902,0.1367,BALANCED,NORMAL,BALANCED_NORMAL,9523
XRPUSDT,bb_balanced,1.5,2023-02-07 00:00:00+00:00,2023-02-07 17:50:00+00:00,1,0.3919,0.38709332678468555,0.004806673215314472,0.39911000982297173,3.0,1.47554026,1.47554026,TP,215,20,2.0,1.5,0.403404,0.393556,0.39848,2.471627,0.003204,1.047,0.2206,BALANCED,NORMAL,BALANCED_NORMAL,9528
XRPUSDT,bb_balanced,1.5,2023-02-07 18:00:00+00:00,2023-02-07 18:25:00+00:00,-1,0.3997,0.4041667154435977,0.004466715443597724,0.3929999268346034,3.0,1.47315477,1.47315477,TP,6,20,2.0,1.5,0.399108,0.391032,0.39507,2.04438,0.002978,0.9567,0.08,BALANCED,NORMAL,BALANCED_NORMAL,9546
XRPUSDT,bb_balanced,1.5,2023-02-08 16:00:00+00:00,2023-02-08 16:25:00+00:00,1,0.3973,0.3934009756512255,0.0038990243487744825,0.40314853652316174,3.0,-1.03056919,-1.03056919,SL,6,20,2.0,1.5,0.404016,0.398724,0.40137,1.318398,0.002599,0.8801,0.1282,BALANCED,NORMAL,BALANCED_NORMAL,9568
XRPUSDT,bb_balanced,1.5,2023-02-09 15:00:00+00:00,2023-02-09 16:45:00+00:00,-1,0.4041,0.40934887836586076,0.005248878365860743,0.3962266824512089,3.0,1.47690364,1.47690364,TP,22,20,2.0,1.5,0.401463,0.389337,0.3954,3.066602,0.003499,1.2123,0.2422,BALANCED,NORMAL,BALANCED_NORMAL,9591
XRPUSDT,bb_balanced,1.5,2023-02-09 23:00:00+00:00,2023-02-13 02:30:00+00:00,1,0.3759,0.36592355085551276,0.009976449144487254,0.3908646737167309,3.0,-1.01130362,-1.01130362,SL,907,20,2.0,1.5,0.406057,0.380863,0.39346,6.403378,0.006651,2.0625,0.297,BALANCED,HIGH,BALANCED_HIGH,9599
XRPUSDT,bb_balanced,1.5,2023-02-11 19:00:00+00:00,2023-02-12 21:35:00+00:00,1,0.3801,0.37698642058274184,0.00311357941725815,0.38477036912588725,3.0,-1.03662344,-1.03662344,SL,320,20,2.0,1.5,0.383007,0.380333,0.38167,0.700768,0.002076,0.5053,0.0172,BALANCED,LOW,BALANCED_LOW,9643
XRPUSDT,bb_balanced,1.5,2023-02-12 22:00:00+00:00,2023-02-12 22:05:00+00:00,1,0.3768,0.3737608803999686,0.003039119600031448,0.3813586794000472,3.0,-1.03719498,-1.03719498,SL,2,20,2.0,1.5,0.384597,0.378973,0.381785,1.472871,0.002026,0.903,0.3043,BALANCED,NORMAL,BALANCED_NORMAL,9670
XRPUSDT,bb_balanced,1.5,2023-02-14 15:00:00+00:00,2023-02-14 23:15:00+00:00,-1,0.3757,0.3812007457019223,0.005500745701922327,0.3674488814471165,3.0,-1.02048995,-1.02048995,SL,100,20,2.0,1.5,0.374138,0.364322,0.36923,2.658502,0.003667,1.2441,0.1921,BALANCED,NORMAL,BALANCED_NORMAL,9711
XRPUSDT,bb_balanced,1.5,2023-02-16 21:00:00+00:00,2023-02-16 22:20:00+00:00,1,0.3949,0.3893379990167211,0.005562000983278859,0.40324300147491826,3.0,-1.02129989,-1.02129989,SL,17,20,2.0,1.5,0.402926,0.395894,0.39941,1.760693,0.003708,1.153,0.1325,BALANCED,NORMAL,BALANCED_NORMAL,9765
XRPUSDT,bb_balanced,1.5,2023-02-17 18:00:00+00:00,2023-02-17 20:05:00+00:00,-1,0.391,0.39620114051406496,0.00520114051406495,0.3831982892289026,3.0,-1.02255275,-1.02255275,SL,26,20,2.0,1.5,0.390918,0.384962,0.38794,1.535386,0.003467,1.0107,0.0373,BALANCED,NORMAL,BALANCED_NORMAL,9786
XRPUSDT,bb_balanced,1.5,2023-02-19 02:00:00+00:00,2023-02-19 15:20:00+00:00,1,0.3911,0.3870420409326149,0.004057959067385097,0.3971869386010777,3.0,1.47108645,1.47108645,TP,161,20,2.0,1.5,0.396357,0.391453,0.393905,1.245135,0.002705,0.8447,0.1776,BALANCED,NORMAL,BALANCED_NORMAL,9818
XRPUSDT,bb_balanced,1.5,2023-02-19 16:00:00+00:00,2023-02-19 16:50:00+00:00,-1,0.396,0.399522669340356,0.0035226693403559994,0.39071599598946605,3.0,1.46627557,1.46627557,TP,11,20,2.0,1.5,0.395996,0.389904,0.39295,1.550315,0.002348,0.826,0.1101,BALANCED,NORMAL,BALANCED_NORMAL,9832
XRPUSDT,bb_balanced,1.5,2023-02-19 18:00:00+00:00,2023-02-19 20:15:00+00:00,1,0.3887,0.3840393820483665,0.004660617951633472,0.3956909269274502,3.0,-1.02502029,-1.02502029,SL,28,20,2.0,1.5,0.396268,0.389182,0.392725,1.804507,0.003107,1.0976,0.1818,BALANCED,NORMAL,BALANCED_NORMAL,9834
XRPUSDT,bb_balanced,1.5,2023-02-22 14:00:00+00:00,2023-02-22 15:15:00+00:00,-1,0.3956,0.40157605457067613,0.005976054570676126,0.3866359181439858,3.0,1.48014074,1.48014074,TP,16,20,2.0,1.5,0.395144,0.385756,0.39045,2.404425,0.003984,1.013,0.1111,BALANCED,NORMAL,BALANCED_NORMAL,9902
XRPUSDT,bb_balanced,1.5,2023-02-24 14:00:00+00:00,2023-02-24 15:10:00+00:00,1,0.3859,0.38217550903337716,0.003724490966622862,0.3914867364499343,3.0,-1.03108344,-1.03108344,SL,15,20,2.0,1.5,0.390547,0.386803,0.388675,0.963151,0.002483,0.7543,0.0549,BALANCED,NORMAL,BALANCED_NORMAL,9950
XRPUSDT,bb_balanced,1.5,2023-02-25 19:00:00+00:00,2023-02-25 20:40:00+00:00,1,0.3754,0.3721539516454424,0.003246048354557607,0.3802690725318364,3.0,-1.03469449,-1.03469449,SL,21,20,2.0,1.5,0.378777,0.375993,0.377385,0.737601,0.002164,0.7599,0.087,BALANCED,NORMAL,BALANCED_NORMAL,9979
XRPUSDT,bb_balanced,1.5,2023-02-26 21:00:00+00:00,2023-02-26 22:35:00+00:00,-1,0.3796,0.3823817183505264,0.00278171835052643,0.37542742247421035,3.0,1.45906128,1.45906128,TP,20,20,2.0,1.5,0.379508,0.374982,0.377245,1.199836,0.001854,0.7544,0.2941,BALANCED,NORMAL,BALANCED_NORMAL,10005
XRPUSDT,bb_balanced,1.5,2023-02-27 09:00:00+00:00,2023-02-27 13:30:00+00:00,1,0.3717,0.3686214853709412,0.0030785146290587817,0.3763177719435882,3.0,1.46377799,1.46377799,TP,55,20,2.0,1.5,0.379794,0.372906,0.37635,1.830278,0.002052,0.9567,0.284,BALANCED,NORMAL,BALANCED_NORMAL,10017
XRPUSDT,bb_balanced,1.5,2023-02-28 09:00:00+00:00,2023-02-28 12:35:00+00:00,1,0.3722,0.36805944129073376,0.004140558709266218,0.3784108380638993,3.0,1.47303262,1.47303262,TP,44,20,2.0,1.5,0.380383,0.372787,0.376585,2.017095,0.00276,1.2533,0.0405,BALANCED,NORMAL,BALANCED_NORMAL,10041
XRPUSDT,bb_balanced,1.5,2023-02-28 19:00:00+00:00,2023-02-28 21:30:00+00:00,-1,0.3816,0.38570848126434487,0.0041084812643448765,0.3754372781034827,3.0,1.47213569,1.47213569,TP,31,20,2.0,1.5,0.381429,0.372381,0.376905,2.400565,0.002739,1.1459,0.0606,BALANCED,NORMAL,BALANCED_NORMAL,10051
XRPUSDT,bb_balanced,1.5,2023-03-02 02:00:00+00:00,2023-03-02 16:50:00+00:00,1,0.378,0.3738447963969952,0.004155203603004809,0.3842328054045072,3.0,-1.02729108,-1.02729108,SL,179,20,2.0,1.5,0.384114,0.378836,0.381475,1.383495,0.00277,0.9798,0.1273,BALANCED,NORMAL,BALANCED_NORMAL,10082
XRPUSDT,bb_balanced,1.5,2023-03-04 20:00:00+00:00,2023-03-04 21:10:00+00:00,1,0.3727,0.36906133058465657,0.0036386694153434096,0.3781580041230151,3.0,-1.03072827,-1.03072827,SL,15,20,2.0,1.5,0.377096,0.373424,0.37526,0.978333,0.002426,0.8389,0.2857,BALANCED,NORMAL,BALANCED_NORMAL,10148
XRPUSDT,bb_balanced,1.5,2023-03-05 20:00:00+00:00,2023-03-06 01:20:00+00:00,1,0.3678,0.3649640679231661,0.0028359320768339136,0.3720538981152509,3.0,-1.03890784,-1.03890784,SL,65,20,2.0,1.5,0.375589,0.368191,0.37189,1.98908,0.001891,0.7516,0.3254,BALANCED,NORMAL,BALANCED_NORMAL,10172
XRPUSDT,bb_balanced,1.5,2023-03-06 19:00:00+00:00,2023-03-07 14:35:00+00:00,-1,0.372,0.37594933132211605,0.003949331322116056,0.3660760030168259,3.0,-1.02825795,-1.02825795,SL,236,20,2.0,1.5,0.370538,0.359482,0.36501,3.028999,0.002633,1.0713,0.1111,BALANCED,NORMAL,BALANCED_NORMAL,10195
XRPUSDT,bb_balanced,1.5,2023-03-07 13:00:00+00:00,2023-03-07 14:35:00+00:00,-1,0.3739,0.377958276338291,0.004058276338290978,0.36781258549256357,3.0,-1.02763981,-1.02763981,SL,20,20,2.0,1.5,0.373169,0.366681,0.369925,1.753866,0.002706,1.1033,0.2455,BALANCED,NORMAL,BALANCED_NORMAL,10213
XRPUSDT,bb_balanced,1.5,2023-03-08 12:00:00+00:00,2023-03-08 13:00:00+00:00,-1,0.3868,0.3932154403868305,0.0064154403868305065,0.3771768394197542,3.0,-1.01808761,-1.01808761,SL,13,20,2.0,1.5,0.385992,0.372998,0.379495,3.423817,0.004277,1.3576,0.2019,BALANCED,NORMAL,BALANCED_NORMAL,10236
XRPUSDT,bb_balanced,1.5,2023-03-09 20:00:00+00:00,2023-03-09 20:40:00+00:00,1,0.3785,0.37056036092868433,0.007939639071315674,0.3904094586069735,3.0,-1.01430166,-1.01430166,SL,9,20,2.0,1.5,0.398049,0.382521,0.390285,3.978413,0.005293,1.1062,0.255,BALANCED,NORMAL,BALANCED_NORMAL,10268
XRPUSDT,bb_balanced,1.5,2023-03-11 08:00:00+00:00,2023-03-12 12:35:00+00:00,1,0.3623,0.35568332107590367,0.006616678924096342,0.3722250183861445,3.0,-1.01642667,-1.01642667,SL,344,20,2.0,1.5,0.372919,0.363251,0.368085,2.626429,0.004411,0.8406,0.0236,BALANCED,NORMAL,BALANCED_NORMAL,10304
XRPUSDT,bb_balanced,1.5,2023-03-12 09:00:00+00:00,2023-03-12 13:50:00+00:00,1,0.3582,0.35388622235716183,0.00431377764283819,0.3646706664642573,3.0,-1.02491088,-1.02491088,SL,59,20,2.0,1.5,0.364692,0.358748,0.36172,1.64341,0.002876,0.6624,0.1087,BALANCED,NORMAL,BALANCED_NORMAL,10329
XRPUSDT,bb_balanced,1.5,2023-03-13 00:00:00+00:00,2023-03-13 09:30:00+00:00,-1,0.3711,0.3782087806370287,0.007108780637028689,0.36043682904445695,3.0,1.48433909,1.48433909,TP,115,20,2.0,1.5,0.368484,0.349686,0.359085,5.235088,0.004739,1.2677,0.178,BALANCED,NORMAL,BALANCED_NORMAL,10344
XRPUSDT,bb_balanced,1.5,2023-03-14 13:00:00+00:00,2023-03-14 14:45:00+00:00,-1,0.3783,0.38472482954322934,0.006424829543229316,0.36866275568515605,3.0,-1.01766428,-1.01766428,SL,22,20,2.0,1.5,0.375601,0.364989,0.370295,2.865633,0.004283,1.0018,0.2153,BALANCED,NORMAL,BALANCED_NORMAL,10381
XRPUSDT,bb_balanced,1.5,2023-03-17 02:00:00+00:00,2023-03-17 10:00:00+00:00,-1,0.3669,0.3716991446019791,0.004799144601979111,0.3597012830970313,3.0,-1.02293534,-1.02293534,SL,97,20,2.0,1.5,0.366214,0.360466,0.36334,1.582154,0.003199,0.8009,0.1027,BALANCED,NORMAL,BALANCED_NORMAL,10442
XRPUSDT,bb_balanced,1.5,2023-03-18 23:00:00+00:00,2023-03-19 05:50:00+00:00,1,0.3742,0.36791685739488156,0.006283142605118419,0.3836247139076776,3.0,1.48213314,1.48213314,TP,83,20,2.0,1.5,0.385742,0.374938,0.38034,2.840616,0.004189,1.1108,0.2515,BALANCED,NORMAL,BALANCED_NORMAL,10487
XRPUSDT,bb_balanced,1.5,2023-03-19 11:00:00+00:00,2023-03-19 13:30:00+00:00,-1,0.3918,0.3994104190568733,0.007610419056873319,0.38038437141469,3.0,-1.01544462,-1.01544462,SL,31,20,2.0,1.5,0.386833,0.370967,0.3789,4.187368,0.005074,1.2522,0.2104,BALANCED,NORMAL,BALANCED_NORMAL,10499
XRPUSDT,bb_balanced,1.5,2023-03-20 17:00:00+00:00,2023-03-21 05:25:00+00:00,1,0.3738,0.3668884944363142,0.006911505563685805,0.38416725834552873,3.0,1.48377488,1.48377488,TP,150,20,2.0,1.5,0.391532,0.374718,0.383125,4.388455,0.004608,0.94,0.2986,BALANCED,NORMAL,BALANCED_NORMAL,10529
XRPUSDT,bb_balanced,1.5,2023-03-24 03:00:00+00:00,2023-03-24 11:45:00+00:00,1,0.4334,0.4207001915093334,0.012699808490666598,0.4524497127359999,3.0,-1.01023795,-1.01023795,SL,106,20,2.0,1.5,0.4516,0.43413,0.442865,3.944585,0.008467,0.7833,0.0458,BALANCED,NORMAL,BALANCED_NORMAL,10611
XRPUSDT,bb_balanced,1.5,2023-03-25 05:00:00+00:00,2023-03-25 14:45:00+00:00,-1,0.4479,0.4591762215496118,0.011276221549611776,0.43098566767558233,3.0,-1.01191623,-1.01191623,SL,118,20,2.0,1.5,0.437729,0.414311,0.42602,5.496959,0.007517,0.8674,0.272,BALANCED,NORMAL,BALANCED_NORMAL,10637
XRPUSDT,bb_balanced,1.5,2023-03-27 08:00:00+00:00,2023-03-27 08:40:00+00:00,-1,0.46,0.46948536820225906,0.009485368202259037,0.44577194769661144,3.0,-1.01454872,-1.01454872,SL,9,20,2.0,1.5,0.458424,0.440626,0.449525,3.959473,0.006324,0.9332,0.0391,BALANCED,NORMAL,BALANCED_NORMAL,10688
XRPUSDT,bb_balanced,1.5,2023-03-31 21:00:00+00:00,2023-04-01 06:25:00+00:00,-1,0.5441,0.5561883837301996,0.012088383730199603,0.5259674244047006,3.0,1.48649695,1.48649695,TP,114,20,2.0,1.5,0.543126,0.525384,0.534255,3.32087,0.008059,0.7514,0.2305,BALANCED,NORMAL,BALANCED_NORMAL,10797
XRPUSDT,bb_balanced,1.5,2023-04-01 07:00:00+00:00,2023-04-01 08:05:00+00:00,1,0.5185,0.5062075586597476,0.012292441340252314,0.5369386620103784,3.0,-1.01265412,-1.01265412,SL,14,20,2.0,1.5,0.542965,0.523285,0.533125,3.691402,0.008195,0.8451,0.2505,BALANCED,NORMAL,BALANCED_NORMAL,10807
XRPUSDT,bb_balanced,1.5,2023-04-02 14:00:00+00:00,2023-04-03 01:45:00+00:00,-1,0.5214,0.532048808484457,0.01064880848445704,0.5054267872733145,3.0,1.48531103,1.48531103,TP,142,20,2.0,1.5,0.521361,0.503139,0.51225,3.557326,0.007099,0.921,0.1669,BALANCED,NORMAL,BALANCED_NORMAL,10838
XRPUSDT,bb_balanced,1.5,2023-04-03 02:00:00+00:00,2023-04-03 20:10:00+00:00,1,0.5067,0.49507388833407834,0.011626111665921701,0.5241391674988826,3.0,-1.01307488,-1.01307488,SL,219,20,2.0,1.5,0.526615,0.508685,0.51765,3.46379,0.007751,1.0309,0.1679,BALANCED,NORMAL,BALANCED_NORMAL,10850
XRPUSDT,bb_balanced,1.5,2023-04-06 18:00:00+00:00,2023-04-07 02:30:00+00:00,-1,0.5088,0.5164883657861831,0.007688365786183038,0.4972674513207255,3.0,1.48014663,1.48014663,TP,103,20,2.0,1.5,0.508307,0.494203,0.501255,2.813828,0.005126,0.9286,0.0323,BALANCED,NORMAL,BALANCED_NORMAL,10938
XRPUSDT,bb_balanced,1.5,2023-04-07 10:00:00+00:00,2023-04-09 14:20:00+00:00,-1,0.5104,0.5185629456027907,0.008162945602790739,0.49815558159581386,3.0,1.48124207,1.48124207,TP,629,20,2.0,1.5,0.509954,0.498546,0.50425,2.262314,0.005442,1.0095,0.2659,BALANCED,NORMAL,BALANCED_NORMAL,10954
XRPUSDT,bb_balanced,1.5,2023-04-07 19:00:00+00:00,2023-04-08 18:50:00+00:00,-1,0.5124,0.5195177132350385,0.007117713235038514,0.5017234301474423,3.0,1.47840318,1.47840318,TP,287,20,2.0,1.5,0.512092,0.499028,0.50556,2.584143,0.004745,0.9098,0.2909,BALANCED,NORMAL,BALANCED_NORMAL,10963
XRPUSDT,bb_balanced,1.5,2023-04-08 18:00:00+00:00,2023-04-09 07:00:00+00:00,1,0.5059,0.5014045750904631,0.004495424909536916,0.5126431373643054,3.0,-1.03376099,-1.03376099,SL,157,20,2.0,1.5,0.51309,0.50677,0.50993,1.239311,0.002997,0.673,0.25,BALANCED,NORMAL,BALANCED_NORMAL,10986
XRPUSDT,bb_balanced,1.5,2023-04-09 22:00:00+00:00,2023-04-10 01:10:00+00:00,-1,0.5079,0.5119217902597973,0.00402179025979732,0.5018673146103041,3.0,1.46211389,1.46211389,TP,39,20,2.0,1.5,0.507654,0.499786,0.50372,1.56188,0.002681,0.8488,0.0206,BALANCED,NORMAL,BALANCED_NORMAL,11014
XRPUSDT,bb_balanced,1.5,2023-04-10 17:00:00+00:00,2023-04-10 19:55:00+00:00,-1,0.5087,0.5127027637115391,0.00400276371153907,0.5026958544326914,3.0,-1.03812616,-1.03812616,SL,36,20,2.0,1.5,0.507896,0.500744,0.50432,1.418293,0.002669,1.0002,0.1259,BALANCED,NORMAL,BALANCED_NORMAL,11033
XRPUSDT,bb_balanced,1.5,2023-04-13 08:00:00+00:00,2023-04-13 09:00:00+00:00,-1,0.5068,0.5114736776016775,0.004673677601677473,0.4997894835974838,3.0,-1.03253113,-1.03253113,SL,13,20,2.0,1.5,0.506369,0.501111,0.50374,1.043638,0.003116,0.8103,0.1964,BALANCED,NORMAL,BALANCED_NORMAL,11096
XRPUSDT,bb_balanced,1.5,2023-04-16 04:00:00+00:00,2023-04-16 19:00:00+00:00,1,0.5166,0.5112215038408603,0.005378496159139656,0.5246677442387094,3.0,1.47118525,1.47118525,TP,181,20,2.0,1.5,0.524812,0.516758,0.520785,1.546338,0.003586,0.8059,0.1677,BALANCED,NORMAL,BALANCED_NORMAL,11164
XRPUSDT,bb_balanced,1.5,2023-04-16 19:00:00+00:00,2023-04-16 20:00:00+00:00,-1,0.5241,0.5282238313336275,0.004123831333627481,0.5179142529995588,3.0,1.46187283,1.46187283,TP,13,20,2.0,1.5,0.522953,0.516767,0.51986,1.190119,0.002749,0.7046,0.1197,BALANCED,NORMAL,BALANCED_NORMAL,11179
XRPUSDT,bb_balanced,1.5,2023-04-17 02:00:00+00:00,2023-04-17 15:45:00+00:00,1,0.5129,0.507182088744121,0.00571791125587906,0.5214768668838186,3.0,-1.02691018,-1.02691018,SL,166,20,2.0,1.5,0.525688,0.513642,0.519665,2.31805,0.003812,1.0628,0.2121,BALANCED,NORMAL,BALANCED_NORMAL,11186
XRPUSDT,bb_balanced,1.5,2023-04-18 07:00:00+00:00,2023-04-18 11:50:00+00:00,-1,0.5159,0.5203296931469994,0.0044296931469993694,0.509255460279501,3.0,-1.03493921,-1.03493921,SL,59,20,2.0,1.5,0.515843,0.507757,0.5118,1.580018,0.002953,0.9103,0.0526,BALANCED,NORMAL,BALANCED_NORMAL,11215
XRPUSDT,bb_balanced,1.5,2023-04-20 12:00:00+00:00,2023-04-20 16:00:00+00:00,1,0.488,0.4797077442351194,0.008292255764880574,0.5004383836473209,3.0,-1.01765503,-1.01765503,SL,49,20,2.0,1.5,0.497807,0.489093,0.49345,1.766052,0.005528,0.9718,0.2599,BALANCED,NORMAL,BALANCED_NORMAL,11268
XRPUSDT,bb_balanced,1.5,2023-04-20 16:00:00+00:00,2023-04-20 16:00:00+00:00,1,0.4808,0.47222558134889747,0.008574418651102533,0.4936616279766538,3.0,-1.01682213,-1.01682213,SL,1,20,2.0,1.5,0.499043,0.485437,0.49224,2.764242,0.005716,0.9729,0.2798,BALANCED,NORMAL,BALANCED_NORMAL,11272
XRPUSDT,bb_balanced,1.5,2023-04-22 15:00:00+00:00,2023-04-23 15:15:00+00:00,-1,0.4722,0.480463268371457,0.008263268371456967,0.45980509744281456,3.0,1.48285666,1.48285666,TP,292,20,2.0,1.5,0.46476,0.43786,0.45131,5.960247,0.005509,0.9957,0.2575,BALANCED,NORMAL,BALANCED_NORMAL,11319
XRPUSDT,bb_balanced,1.5,2023-04-23 16:00:00+00:00,2023-04-23 18:45:00+00:00,1,0.4606,0.4537040748408865,0.006895925159113525,0.4709438877386703,3.0,-1.02003792,-1.02003792,SL,34,20,2.0,1.5,0.473434,0.462386,0.46791,2.361177,0.004597,0.8967,0.2486,BALANCED,NORMAL,BALANCED_NORMAL,11344
XRPUSDT,bb_balanced,1.5,2023-04-24 17:00:00+00:00,2023-04-25 18:10:00+00:00,1,0.4496,0.4402563757785607,0.009343624221439306,0.46361543633215896,3.0,1.48556449,1.48556449,TP,303,20,2.0,1.5,0.47802,0.45196,0.46499,5.604268,0.006229,1.1756,0.1549,BALANCED,NORMAL,BALANCED_NORMAL,11369
XRPUSDT,bb_balanced,1.5,2023-04-25 20:00:00+00:00,2023-04-25 21:00:00+00:00,-1,0.4632,0.47014054336783523,0.006940543367835228,0.45278918494824716,3.0,-1.02002149,-1.02002149,SL,13,20,2.0,1.5,0.462619,0.452631,0.457625,2.18255,0.004627,0.8447,0.0855,BALANCED,NORMAL,BALANCED_NORMAL,11396
XRPUSDT,bb_balanced,1.5,2023-04-26 21:00:00+00:00,2023-04-28 04:10:00+00:00,1,0.4545,0.44278685759133857,0.011713142408661448,0.4720697136129922,3.0,1.48835923,1.48835923,TP,375,20,2.0,1.5,0.48658,0.45528,0.47093,6.646449,0.007809,1.618,0.168,BALANCED,HIGH,BALANCED_HIGH,11421
XRPUSDT,bb_balanced,1.5,2023-04-29 18:00:00+00:00,2023-04-30 20:10:00+00:00,1,0.4751,0.46950088754847535,0.005599112451524668,0.483498668677287,3.0,-1.02545582,-1.02545582,SL,315,20,2.0,1.5,0.481633,0.475937,0.478785,1.189824,0.003733,0.8189,0.124,BALANCED,NORMAL,BALANCED_NORMAL,11490
XRPUSDT,bb_balanced,1.5,2023-05-01 00:00:00+00:00,2023-05-01 01:35:00+00:00,1,0.4703,0.46564847609444837,0.004651523905551624,0.4772772858583274,3.0,-1.030332,-1.030332,SL,20,20,2.0,1.5,0.480198,0.471362,0.47578,1.857145,0.003101,0.9356,0.1781,BALANCED,NORMAL,BALANCED_NORMAL,11520
XRPUSDT,bb_balanced,1.5,2023-05-02 17:00:00+00:00,2023-05-03 12:00:00+00:00,1,0.459,0.4540824626100146,0.004917537389985405,0.46637630608497815,3.0,-1.02800182,-1.02800182,SL,229,20,2.0,1.5,0.465522,0.459178,0.46235,1.372149,0.003278,1.0058,0.0195,BALANCED,NORMAL,BALANCED_NORMAL,11561
XRPUSDT,bb_balanced,1.5,2023-05-03 06:00:00+00:00,2023-05-03 12:05:00+00:00,1,0.4572,0.4525109430398748,0.004689056960125171,0.4642335854401878,3.0,-1.02925108,-1.02925108,SL,74,20,2.0,1.5,0.465574,0.458036,0.461805,1.632322,0.003126,0.96,0.2088,BALANCED,NORMAL,BALANCED_NORMAL,11574
XRPUSDT,bb_balanced,1.5,2023-05-03 23:00:00+00:00,2023-05-04 13:35:00+00:00,-1,0.4645,0.46998837094227436,0.005488370942274334,0.45626744358658855,3.0,1.47460995,1.47460995,TP,176,20,2.0,1.5,0.46424,0.44908,0.45666,3.319791,0.003659,1.1356,0.0303,BALANCED,NORMAL,BALANCED_NORMAL,11591
XRPUSDT,bb_balanced,1.5,2023-05-05 17:00:00+00:00,2023-05-05 18:15:00+00:00,-1,0.4651,0.46980479385160384,0.004704793851603828,0.45804280922259427,3.0,-1.02965698,-1.02965698,SL,16,20,2.0,1.5,0.464917,0.458053,0.461485,1.487529,0.003137,1.0542,0.2558,BALANCED,NORMAL,BALANCED_NORMAL,11633
XRPUSDT,bb_balanced,1.5,2023-05-07 15:00:00+00:00,2023-05-07 22:05:00+00:00,-1,0.4588,0.46199053277488245,0.0031905327748824597,0.4540142008376763,3.0,1.45685987,1.45685987,TP,86,20,2.0,1.5,0.458735,0.455665,0.4572,0.671447,0.002127,0.7738,0.082,BALANCED,NORMAL,BALANCED_NORMAL,11679
XRPUSDT,bb_balanced,1.5,2023-05-07 23:00:00+00:00,2023-05-07 23:50:00+00:00,1,0.4538,0.4505600742198965,0.0032399257801034587,0.45865988867015517,3.0,-1.04201948,-1.04201948,SL,11,20,2.0,1.5,0.459113,0.454347,0.45673,1.043662,0.00216,0.839,0.1818,BALANCED,NORMAL,BALANCED_NORMAL,11687
XRPUSDT,bb_balanced,1.5,2023-05-10 00:00:00+00:00,2023-05-10 17:15:00+00:00,-1,0.4283,0.4338643397822258,0.005564339782225813,0.4199534903266613,3.0,1.47690831,1.47690831,TP,208,20,2.0,1.5,0.427826,0.420644,0.424235,1.693049,0.00371,0.8484,0.1335,BALANCED,NORMAL,BALANCED_NORMAL,11736
XRPUSDT,bb_balanced,1.5,2023-05-10 18:00:00+00:00,2023-05-10 20:15:00+00:00,1,0.422,0.4150402200787118,0.006959779921288212,0.4324396698819323,3.0,1.48180977,1.48180977,TP,28,20,2.0,1.5,0.433645,0.422605,0.428125,2.578733,0.00464,1.0993,0.0742,BALANCED,NORMAL,BALANCED_NORMAL,11754
XRPUSDT,bb_balanced,1.5,2023-05-11 09:00:00+00:00,2023-05-11 17:15:00+00:00,1,0.4217,0.416005016899349,0.00569498310065103,0.43024247465097654,3.0,-1.02221429,-1.02221429,SL,100,20,2.0,1.5,0.433083,0.422467,0.427775,2.48153,0.003797,0.9421,0.2603,BALANCED,NORMAL,BALANCED_NORMAL,11769
XRPUSDT,bb_balanced,1.5,2023-05-12 05:00:00+00:00,2023-05-12 06:10:00+00:00,-1,0.4379,0.44546175479728,0.007561754797279996,0.42655736780408005,3.0,1.48262705,1.48262705,TP,15,20,2.0,1.5,0.430147,0.410513,0.42033,4.671259,0.005041,1.2885,0.3418,BALANCED,NORMAL,BALANCED_NORMAL,11789
XRPUSDT,bb_balanced,1.5,2023-05-14 02:00:00+00:00,2023-05-14 13:55:00+00:00,1,0.4221,0.41826053438875166,0.003839465611248316,0.4278591984168725,3.0,1.46701885,1.46701885,TP,144,20,2.0,1.5,0.427439,0.422571,0.425005,1.145548,0.00256,0.6256,0.2745,BALANCED,NORMAL,BALANCED_NORMAL,11834
XRPUSDT,bb_balanced,1.5,2023-05-14 14:00:00+00:00,2023-05-14 15:40:00+00:00,-1,0.4277,0.4306484565144482,0.0029484565144481945,0.42327731522832773,3.0,-1.04351768,-1.04351768,SL,21,20,2.0,1.5,0.427649,0.422751,0.4252,1.152159,0.001966,0.5748,0.2562,BALANCED,LOW,BALANCED_LOW,11846
XRPUSDT,bb_balanced,1.5,2023-05-15 01:00:00+00:00,2023-05-15 01:45:00+00:00,1,0.4223,0.4189698664478642,0.0033301335521357944,0.4272952003282037,3.0,1.46195648,1.46195648,TP,10,20,2.0,1.5,0.428469,0.423131,0.4258,1.253679,0.00222,0.797,0.25,BALANCED,NORMAL,BALANCED_NORMAL,11857
XRPUSDT,bb_balanced,1.5,2023-05-16 02:00:00+00:00,2023-05-16 12:30:00+00:00,1,0.4223,0.41822060845632625,0.0040793915436737604,0.42841908731551065,3.0,-1.0310561,-1.0310561,SL,127,20,2.0,1.5,0.429172,0.423438,0.426305,1.345227,0.00272,1.1376,0.3074,BALANCED,NORMAL,BALANCED_NORMAL,11882
XRPUSDT,bb_balanced,1.5,2023-05-16 09:00:00+00:00,2023-05-16 12:30:00+00:00,1,0.4216,0.4174301049030884,0.004169895096911569,0.42785484264536733,3.0,-1.0303317,-1.0303317,SL,43,20,2.0,1.5,0.428981,0.422009,0.425495,1.638677,0.00278,1.1493,0.1802,BALANCED,NORMAL,BALANCED_NORMAL,11889
XRPUSDT,bb_balanced,1.5,2023-05-20 23:00:00+00:00,2023-05-21 15:30:00+00:00,-1,0.4696,0.4738464441743603,0.004246444174360264,0.4632303337384596,3.0,1.46682401,1.46682401,TP,199,20,2.0,1.5,0.469519,0.462381,0.46595,1.531938,0.002831,0.6464,0.2655,BALANCED,NORMAL,BALANCED_NORMAL,11999
XRPUSDT,bb_balanced,1.5,2023-05-21 12:00:00+00:00,2023-05-21 15:40:00+00:00,1,0.4653,0.46176332849670065,0.003536671503299338,0.470605007254949,3.0,-1.03946931,-1.03946931,SL,45,20,2.0,1.5,0.470663,0.465557,0.46811,1.090584,0.002358,0.656,0.04,BALANCED,NORMAL,BALANCED_NORMAL,12012
XRPUSDT,bb_balanced,1.5,2023-05-23 04:00:00+00:00,2023-05-24 03:30:00+00:00,-1,0.4648,0.4697530391839271,0.004953039183927088,0.45737044122410936,3.0,1.47184759,1.47184759,TP,283,20,2.0,1.5,0.464339,0.456311,0.460325,1.743948,0.003302,1.039,0.16,BALANCED,NORMAL,BALANCED_NORMAL,12052
XRPUSDT,bb_balanced,1.5,2023-05-24 09:00:00+00:00,2023-05-24 13:50:00+00:00,1,0.4547,0.4499763183605104,0.0047236816394896075,0.46178552245923443,3.0,-1.0288779,-1.0288779,SL,59,20,2.0,1.5,0.465979,0.455101,0.46054,2.361965,0.003149,0.9806,0.2177,BALANCED,NORMAL,BALANCED_NORMAL,12081
XRPUSDT,bb_balanced,1.5,2023-05-26 01:00:00+00:00,2023-05-26 01:05:00+00:00,-1,0.4594,0.46400183939277895,0.0046018393927789725,0.45249724091083154,3.0,-1.02994889,-1.02994889,SL,2,20,2.0,1.5,0.456234,0.445546,0.45089,2.370309,0.003068,0.9406,0.2463,BALANCED,NORMAL,BALANCED_NORMAL,12121
XRPUSDT,bb_balanced,1.5,2023-05-26 21:00:00+00:00,2023-05-27 03:50:00+00:00,-1,0.4677,0.4726739464397499,0.00497394643974991,0.46023908034037514,3.0,-1.02820899,-1.02820899,SL,83,20,2.0,1.5,0.467025,0.459955,0.46349,1.525345,0.003316,0.9877,0.2739,BALANCED,NORMAL,BALANCED_NORMAL,12141
XRPUSDT,bb_balanced,1.5,2023-05-28 19:00:00+00:00,2023-05-28 21:35:00+00:00,-1,0.4769,0.48049950249208745,0.0035995024920874585,0.4715007462618688,3.0,-1.03974716,-1.03974716,SL,32,20,2.0,1.5,0.475553,0.469797,0.472675,1.217795,0.0024,0.8026,0.3168,BALANCED,NORMAL,BALANCED_NORMAL,12187
XRPUSDT,bb_balanced,1.5,2023-05-29 18:00:00+00:00,2023-05-29 19:20:00+00:00,-1,0.4846,0.4896317427851482,0.00503174278514823,0.4770523858222776,3.0,-1.02889257,-1.02889257,SL,17,20,2.0,1.5,0.484055,0.477825,0.48094,1.295538,0.003354,1.2398,0.1121,BALANCED,NORMAL,BALANCED_NORMAL,12210
XRPUSDT,bb_balanced,1.5,2023-06-02 01:00:00+00:00,2023-06-02 18:40:00+00:00,-1,0.5137,0.5208034183946578,0.007103418394657779,0.5030448724080134,3.0,-1.02169519,-1.02169519,SL,213,20,2.0,1.5,0.51104,0.50181,0.506425,1.822634,0.004736,0.742,0.2112,BALANCED,NORMAL,BALANCED_NORMAL,12289
XRPUSDT,bb_balanced,1.5,2023-06-03 14:00:00+00:00,2023-06-03 18:05:00+00:00,1,0.5197,0.5140664623829444,0.005633537617055651,0.5281503064255835,3.0,-1.02767533,-1.02767533,SL,50,20,2.0,1.5,0.526804,0.520106,0.523455,1.279695,0.003756,0.8951,0.0403,BALANCED,NORMAL,BALANCED_NORMAL,12326
XRPUSDT,bb_balanced,1.5,2023-06-04 08:00:00+00:00,2023-06-04 14:45:00+00:00,-1,0.525,0.5297501227220307,0.004750122722030681,0.517874815916954,3.0,-1.03315704,-1.03315704,SL,82,20,2.0,1.5,0.52423,0.51709,0.52066,1.371374,0.003167,0.8426,0.0923,BALANCED,NORMAL,BALANCED_NORMAL,12344
XRPUSDT,bb_balanced,1.5,2023-06-06 13:00:00+00:00,2023-06-06 16:50:00+00:00,1,0.4992,0.4890243005445346,0.01017569945546537,0.514463549183198,3.0,1.48528258,1.48528258,TP,47,20,2.0,1.5,0.513303,0.499717,0.50651,2.682124,0.006784,1.0957,0.0881,BALANCED,NORMAL,BALANCED_NORMAL,12397
XRPUSDT,bb_balanced,1.5,2023-06-06 20:00:00+00:00,2023-06-07 15:55:00+00:00,-1,0.528,0.5386766786921168,0.010676678692116748,0.511984981961825,3.0,1.48516393,1.48516393,TP,240,20,2.0,1.5,0.521499,0.498811,0.510155,4.447407,0.007118,1.0587,0.2727,BALANCED,NORMAL,BALANCED_NORMAL,12404
XRPUSDT,bb_balanced,1.5,2023-06-07 16:00:00+00:00,2023-06-09 13:05:00+00:00,1,0.5172,0.5056290367199572,0.011570963280042812,0.5345564449200642,3.0,1.48659057,1.48659057,TP,542,20,2.0,1.5,0.534929,0.520131,0.52753,2.80523,0.007714,1.0503,0.1531,BALANCED,NORMAL,BALANCED_NORMAL,12424
XRPUSDT,bb_balanced,1.5,2023-06-08 21:00:00+00:00,2023-06-09 13:05:00+00:00,-1,0.5267,0.5345453087096812,0.007845308709681253,0.5149320369354781,3.0,-1.0201407,-1.0201407,SL,194,20,2.0,1.5,0.525366,0.516464,0.520915,1.708817,0.00523,0.7967,0.2812,BALANCED,NORMAL,BALANCED_NORMAL,12453
XRPUSDT,bb_balanced,1.5,2023-06-09 09:00:00+00:00,2023-06-09 13:05:00+00:00,-1,0.5283,0.5346915730140767,0.006391573014076668,0.518712640478885,3.0,-1.02479671,-1.02479671,SL,50,20,2.0,1.5,0.527916,0.519644,0.52378,1.5791,0.004261,0.7072,0.2355,BALANCED,NORMAL,BALANCED_NORMAL,12465
XRPUSDT,bb_balanced,1.5,2023-06-10 04:00:00+00:00,2023-06-10 04:20:00+00:00,1,0.5217,0.5123197410391463,0.009380258960853705,0.5357703884412806,3.0,-1.01668504,-1.01668504,SL,5,20,2.0,1.5,0.540929,0.523011,0.53197,3.368418,0.006254,1.2045,0.0372,BALANCED,NORMAL,BALANCED_NORMAL,12484
XRPUSDT,bb_balanced,1.5,2023-06-11 17:00:00+00:00,2023-06-11 18:15:00+00:00,-1,0.5142,0.5217334885433387,0.0075334885433386845,0.502899767184992,3.0,-1.02047657,-1.02047657,SL,16,20,2.0,1.5,0.511062,0.501778,0.50642,1.833186,0.005022,0.7068,0.2766,BALANCED,NORMAL,BALANCED_NORMAL,12521
XRPUSDT,bb_balanced,1.5,2023-06-12 21:00:00+00:00,2023-06-13 10:55:00+00:00,-1,0.5247,0.5332982492198244,0.008598249219824328,0.5118026261702635,3.0,-1.01830722,-1.01830722,SL,168,20,2.0,1.5,0.524107,0.510433,0.51727,2.643602,0.005732,0.9357,0.1416,BALANCED,NORMAL,BALANCED_NORMAL,12549
XRPUSDT,bb_balanced,1.5,2023-06-13 16:00:00+00:00,2023-06-14 20:05:00+00:00,1,0.5076,0.4913925494890654,0.01620745051093464,0.531911175766402,3.0,-1.00939568,-1.00939568,SL,338,20,2.0,1.5,0.546856,0.509244,0.52805,7.122975,0.010805,1.8142,0.1233,BALANCED,HIGH,BALANCED_HIGH,12568
XRPUSDT,bb_balanced,1.5,2023-06-16 11:00:00+00:00,2023-06-16 11:20:00+00:00,1,0.4725,0.46551571703930544,0.006984282960694532,0.4829764244410418,3.0,-1.02029557,-1.02029557,SL,5,20,2.0,1.5,0.483411,0.473079,0.478245,2.160494,0.004656,0.6783,0.1345,BALANCED,NORMAL,BALANCED_NORMAL,12635
XRPUSDT,bb_balanced,1.5,2023-06-17 06:00:00+00:00,2023-06-18 09:45:00+00:00,-1,0.4802,0.4884400078258711,0.008240007825871087,0.4678399882611934,3.0,-1.01748299,-1.01748299,SL,334,20,2.0,1.5,0.479157,0.460823,0.46999,3.900788,0.005493,0.8844,0.035,BALANCED,NORMAL,BALANCED_NORMAL,12654
XRPUSDT,bb_balanced,1.5,2023-06-18 08:00:00+00:00,2023-06-18 09:45:00+00:00,-1,0.4825,0.48748257377040033,0.004982573770400345,0.47502613934439947,3.0,-1.02905125,-1.02905125,SL,22,20,2.0,1.5,0.482287,0.477733,0.48001,0.948627,0.003322,0.6716,0.1818,BALANCED,NORMAL,BALANCED_NORMAL,12680
XRPUSDT,bb_balanced,1.5,2023-06-20 07:00:00+00:00,2023-06-20 10:55:00+00:00,1,0.4843,0.47820594658758536,0.006094053412414646,0.493441080118622,3.0,-1.02384127,-1.02384127,SL,48,20,2.0,1.5,0.495796,0.485574,0.490685,2.083321,0.004063,0.9663,0.0813,BALANCED,NORMAL,BALANCED_NORMAL,12727
XRPUSDT,bb_balanced,1.5,2023-06-21 23:00:00+00:00,2023-06-22 02:00:00+00:00,-1,0.5018,0.509313001895496,0.007513001895495974,0.49053049715675606,3.0,-1.02003726,-1.02003726,SL,37,20,2.0,1.5,0.501737,0.491253,0.496495,2.111423,0.005009,1.1114,0.1313,BALANCED,NORMAL,BALANCED_NORMAL,12767
XRPUSDT,bb_balanced,1.5,2023-06-23 13:00:00+00:00,2023-06-23 17:40:00+00:00,1,0.489,0.48170378060446045,0.007296219395539538,0.4999443290933093,3.0,1.4798937,1.4798937,TP,57,20,2.0,1.5,0.500683,0.489637,0.49516,2.230724,0.004864,0.8506,0.1291,BALANCED,NORMAL,BALANCED_NORMAL,12805
XRPUSDT,bb_balanced,1.5,2023-06-26 01:00:00+00:00,2023-06-26 10:05:00+00:00,1,0.4854,0.4793809926354311,0.006019007364568896,0.49442851104685337,3.0,-1.02419336,-1.02419336,SL,110,20,2.0,1.5,0.493489,0.486911,0.4902,1.342055,0.004013,0.9603,0.21,BALANCED,NORMAL,BALANCED_NORMAL,12865
XRPUSDT,bb_balanced,1.5,2023-06-27 22:00:00+00:00,2023-06-28 06:55:00+00:00,-1,0.4842,0.48906242274697026,0.004862422746970241,0.47690636587954466,3.0,1.470126,1.470126,TP,108,20,2.0,1.5,0.484008,0.478042,0.481025,1.240353,0.003242,0.8301,0.1878,BALANCED,NORMAL,BALANCED_NORMAL,12910
XRPUSDT,bb_balanced,1.5,2023-06-28 07:00:00+00:00,2023-06-28 07:30:00+00:00,1,0.4779,0.47299318513332944,0.00490681486667055,0.4852602223000058,3.0,-1.02921855,-1.02921855,SL,7,20,2.0,1.5,0.484483,0.478437,0.48146,1.2557,0.003271,0.8615,0.1255,BALANCED,NORMAL,BALANCED_NORMAL,12919
XRPUSDT,bb_balanced,1.5,2023-06-29 20:00:00+00:00,2023-06-30 04:40:00+00:00,-1,0.4752,0.48089708601814174,0.005697086018141728,0.4666543709727874,3.0,-1.02502332,-1.02502332,SL,105,20,2.0,1.5,0.475129,0.462031,0.46858,2.795417,0.003798,0.9643,0.3195,BALANCED,NORMAL,BALANCED_NORMAL,12956
XRPUSDT,bb_balanced,1.5,2023-06-30 04:00:00+00:00,2023-06-30 13:35:00+00:00,-1,0.4793,0.48527947534056504,0.0059794753405650325,0.4703307869891524,3.0,1.47595274,1.47595274,TP,116,20,2.0,1.5,0.477445,0.466475,0.47196,2.324209,0.003986,0.9932,0.3421,BALANCED,NORMAL,BALANCED_NORMAL,12964
XRPUSDT,bb_balanced,1.5,2023-06-30 15:00:00+00:00,2023-06-30 19:55:00+00:00,1,0.4632,0.4536029167337262,0.009597083266273787,0.47759562489941065,3.0,1.4855206,1.4855206,TP,60,20,2.0,1.5,0.484188,0.464872,0.47453,4.070629,0.006398,1.4946,0.1867,BALANCED,NORMAL,BALANCED_NORMAL,12975
XRPUSDT,bb_balanced,1.5,2023-07-03 18:00:00+00:00,2023-07-05 10:35:00+00:00,-1,0.4876,0.4940543509375297,0.006454350937529718,0.47791847359370543,3.0,1.47733622,1.47733622,TP,488,20,2.0,1.5,0.486598,0.479592,0.483095,1.450167,0.004303,0.9655,0.1521,BALANCED,NORMAL,BALANCED_NORMAL,13050
XRPUSDT,bb_balanced,1.5,2023-07-04 16:00:00+00:00,2023-07-05 10:35:00+00:00,1,0.4838,0.4780859445441715,0.005714055455828482,0.49237108318374273,3.0,-1.02540052,-1.02540052,SL,224,20,2.0,1.5,0.49129,0.48461,0.48795,1.368895,0.003809,0.8824,0.2374,BALANCED,NORMAL,BALANCED_NORMAL,13072
XRPUSDT,bb_balanced,1.5,2023-07-05 04:00:00+00:00,2023-07-05 09:45:00+00:00,-1,0.4914,0.4964473055968464,0.0050473055968464076,0.4838290416047304,3.0,1.47079234,1.47079234,TP,70,20,2.0,1.5,0.491094,0.483926,0.48751,1.470474,0.003365,0.85,0.177,BALANCED,NORMAL,BALANCED_NORMAL,13084
XRPUSDT,bb_balanced,1.5,2023-07-05 10:00:00+00:00,2023-07-05 10:35:00+00:00,1,0.4832,0.4780301267660307,0.005169873233969335,0.490954809850954,3.0,-1.02803937,-1.02803937,SL,8,20,2.0,1.5,0.491934,0.483306,0.48762,1.769401,0.003447,0.9023,0.1181,BALANCED,NORMAL,BALANCED_NORMAL,13090
XRPUSDT,bb_balanced,1.5,2023-07-06 06:00:00+00:00,2023-07-06 11:55:00+00:00,-1,0.4817,0.4866200025904933,0.0049200025904933,0.47431999611426007,3.0,1.47062806,1.47062806,TP,72,20,2.0,1.5,0.480196,0.472584,0.47639,1.597959,0.00328,0.8706,0.0466,BALANCED,NORMAL,BALANCED_NORMAL,13110
XRPUSDT,bb_balanced,1.5,2023-07-06 13:00:00+00:00,2023-07-06 14:05:00+00:00,1,0.4728,0.4670259471738117,0.005774052826188314,0.4814610792392825,3.0,-1.02456507,-1.02456507,SL,14,20,2.0,1.5,0.481618,0.473292,0.477455,1.743997,0.003849,1.0411,0.0234,BALANCED,NORMAL,BALANCED_NORMAL,13117
XRPUSDT,bb_balanced,1.5,2023-07-08 16:00:00+00:00,2023-07-08 16:05:00+00:00,-1,0.4689,0.47214053103473597,0.003240531034735983,0.464039203447896,3.0,-1.04340955,-1.04340955,SL,2,20,2.0,1.5,0.468548,0.465722,0.467135,0.605045,0.00216,0.6435,0.1538,BALANCED,NORMAL,BALANCED_NORMAL,13168
XRPUSDT,bb_balanced,1.5,2023-07-09 11:00:00+00:00,2023-07-10 00:05:00+00:00,1,0.4683,0.4653800192478036,0.002919980752196405,0.47267997112829463,3.0,-1.04811333,-1.04811333,SL,158,20,2.0,1.5,0.471227,0.468243,0.469735,0.635114,0.001947,0.7391,0.0657,BALANCED,NORMAL,BALANCED_NORMAL,13187
XRPUSDT,bb_balanced,1.5,2023-07-09 22:00:00+00:00,2023-07-10 00:10:00+00:00,1,0.4678,0.4645905559276609,0.003209444072339085,0.4726141661085086,3.0,-1.0437272,-1.0437272,SL,27,20,2.0,1.5,0.470593,0.467997,0.469295,0.55335,0.00214,0.9282,0.2113,BALANCED,NORMAL,BALANCED_NORMAL,13198
XRPUSDT,bb_balanced,1.5,2023-07-10 11:00:00+00:00,2023-07-10 19:00:00+00:00,-1,0.4725,0.4768578513664029,0.004357851366402932,0.4659632229503956,3.0,-1.0325275,-1.0325275,SL,97,20,2.0,1.5,0.471884,0.464406,0.468145,1.597241,0.002905,1.2751,0.1097,BALANCED,NORMAL,BALANCED_NORMAL,13211
XRPUSDT,bb_balanced,1.5,2023-07-12 16:00:00+00:00,2023-07-12 16:30:00+00:00,1,0.4707,0.4671663077479799,0.003533692252020104,0.47600053837803014,3.0,-1.03996104,-1.03996104,SL,7,20,2.0,1.5,0.476805,0.471595,0.4742,1.098529,0.002356,0.9822,0.1677,BALANCED,NORMAL,BALANCED_NORMAL,13264
XRPUSDT,bb_balanced,1.5,2023-07-13 11:00:00+00:00,2023-07-13 15:20:00+00:00,-1,0.4737,0.47689748813675337,0.003197488136753357,0.46890376779487,3.0,-1.04444426,-1.04444426,SL,53,20,2.0,1.5,0.473696,0.468104,0.4709,1.187391,0.002132,0.9383,0.0374,BALANCED,NORMAL,BALANCED_NORMAL,13283
XRPUSDT,bb_balanced,1.5,2023-07-14 17:00:00+00:00,2023-07-14 18:00:00+00:00,1,0.7496,0.701647170658179,0.04795282934182099,0.8215292440127315,3.0,-1.00468961,-1.00468961,SL,13,20,2.0,1.5,0.813872,0.752788,0.78333,7.797868,0.031969,1.5856,0.2374,BALANCED,HIGH,BALANCED_HIGH,13313
XRPUSDT,bb_balanced,1.5,2023-07-15 17:00:00+00:00,2023-07-16 10:05:00+00:00,1,0.7067,0.6787975053569293,0.027902494643070708,0.748553741964606,3.0,1.49240175,1.49240175,TP,206,20,2.0,1.5,0.73034,0.70715,0.718745,3.226384,0.018602,0.5848,0.0397,BALANCED,LOW,BALANCED_LOW,13337
XRPUSDT,bb_balanced,1.5,2023-07-16 11:00:00+00:00,2023-07-16 14:20:00+00:00,-1,0.7387,0.759805619310122,0.021105619310122004,0.707041571034817,3.0,-1.01050005,-1.01050005,SL,41,20,2.0,1.5,0.730881,0.704829,0.717855,3.629244,0.01407,0.5988,0.1793,BALANCED,LOW,BALANCED_LOW,13355
XRPUSDT,bb_balanced,1.5,2023-07-17 18:00:00+00:00,2023-07-18 11:15:00+00:00,1,0.726,0.7018650515371458,0.024134948462854133,0.7622024226942812,3.0,1.49097574,1.49097574,TP,208,20,2.0,1.5,0.759996,0.727384,0.74369,4.385243,0.01609,1.0492,0.337,BALANCED,NORMAL,BALANCED_NORMAL,13386
XRPUSDT,bb_balanced,1.5,2023-07-18 11:00:00+00:00,2023-07-18 12:50:00+00:00,-1,0.7511,0.7702445051159218,0.019144505115921806,0.7223832423261173,3.0,-1.01176996,-1.01176996,SL,23,20,2.0,1.5,0.749638,0.726442,0.73804,3.143012,0.012763,0.8745,0.118,BALANCED,NORMAL,BALANCED_NORMAL,13403
XRPUSDT,bb_balanced,1.5,2023-07-20 15:00:00+00:00,2023-07-21 09:45:00+00:00,1,0.7895,0.7651960707769062,0.024303929223093768,0.8259558938346406,3.0,-1.00974534,-1.00974534,SL,226,20,2.0,1.5,0.847253,0.795377,0.821315,6.316181,0.016203,1.0525,0.289,BALANCED,NORMAL,BALANCED_NORMAL,13455
XRPUSDT,bb_balanced,1.5,2023-07-24 03:00:00+00:00,2023-07-24 08:10:00+00:00,1,0.7296,0.7170463577601588,0.012553642239841234,0.7484304633597618,3.0,-1.01743558,-1.01743558,SL,63,20,2.0,1.5,0.747349,0.730791,0.73907,2.240425,0.008369,0.955,0.1863,BALANCED,NORMAL,BALANCED_NORMAL,13539
XRPUSDT,bb_balanced,1.5,2023-07-26 19:00:00+00:00,2023-07-26 20:30:00+00:00,-1,0.7137,0.7258227792536602,0.012122779253660232,0.6955158311195097,3.0,-1.01766179,-1.01766179,SL,19,20,2.0,1.5,0.713404,0.693646,0.703525,2.808556,0.008082,0.9317,0.0472,BALANCED,NORMAL,BALANCED_NORMAL,13603
XRPUSDT,bb_balanced,1.5,2023-07-27 17:00:00+00:00,2023-07-28 08:05:00+00:00,-1,0.7231,0.7356821322880945,0.012582132288094572,0.7042268015678581,3.0,1.48275888,1.48275888,TP,182,20,2.0,1.5,0.722716,0.709114,0.715915,1.900018,0.008388,1.0341,0.0322,BALANCED,NORMAL,BALANCED_NORMAL,13625
XRPUSDT,bb_balanced,1.5,2023-07-28 07:00:00+00:00,2023-07-30 10:05:00+00:00,1,0.7063,0.6964383635887452,0.009861636411254815,0.7210924546168822,3.0,1.47851371,1.47851371,TP,614,20,2.0,1.5,0.722865,0.707435,0.71515,2.157603,0.006574,0.8469,0.1667,BALANCED,NORMAL,BALANCED_NORMAL,13639
XRPUSDT,bb_balanced,1.5,2023-07-29 10:00:00+00:00,2023-07-30 10:05:00+00:00,1,0.7071,0.7008531353831218,0.006246864616878178,0.7164702969253172,3.0,1.46604216,1.46604216,TP,290,20,2.0,1.5,0.714654,0.708466,0.71156,0.869673,0.004165,0.6724,0.1448,BALANCED,NORMAL,BALANCED_NORMAL,13666
XRPUSDT,bb_balanced,1.5,2023-07-30 12:00:00+00:00,2023-07-30 19:45:00+00:00,-1,0.7194,0.7260632114569514,0.006663211456951368,0.709405182814573,3.0,1.46761021,1.46761021,TP,94,20,2.0,1.5,0.718321,0.705699,0.71201,1.772614,0.004442,1.0657,0.3202,BALANCED,NORMAL,BALANCED_NORMAL,13692
XRPUSDT,bb_balanced,1.5,2023-07-31 15:00:00+00:00,2023-07-31 19:45:00+00:00,1,0.6991,0.6909157387565532,0.008184261243446844,0.7113763918651703,3.0,1.47437399,1.47437399,TP,58,20,2.0,1.5,0.709636,0.699524,0.70458,1.435048,0.005456,1.1921,0.3168,BALANCED,NORMAL,BALANCED_NORMAL,13719
XRPUSDT,bb_balanced,1.5,2023-08-01 03:00:00+00:00,2023-08-01 23:05:00+00:00,1,0.6857,0.6722583270307991,0.013441672969200846,0.7058625094538012,3.0,1.4846961,1.4846961,TP,242,20,2.0,1.5,0.7119,0.68884,0.70037,3.29244,0.008961,1.6388,0.2912,BALANCED,HIGH,BALANCED_HIGH,13731
XRPUSDT,bb_balanced,1.5,2023-08-01 19:00:00+00:00,2023-08-02 14:05:00+00:00,-1,0.7011,0.711184149223483,0.010084149223483108,0.6859737761647753,3.0,1.47914251,1.47914251,TP,230,20,2.0,1.5,0.698693,0.683997,0.691345,2.125648,0.006723,1.024,0.0618,BALANCED,NORMAL,BALANCED_NORMAL,13747
XRPUSDT,bb_balanced,1.5,2023-08-04 19:00:00+00:00,2023-08-04 20:35:00+00:00,1,0.6547,0.6459035731777029,0.008796426822297088,0.6678946402334456,3.0,-1.02232838,-1.02232838,SL,20,20,2.0,1.5,0.668482,0.656108,0.662295,1.868326,0.005864,1.0529,0.2369,BALANCED,NORMAL,BALANCED_NORMAL,13819
XRPUSDT,bb_balanced,1.5,2023-08-06 01:00:00+00:00,2023-08-07 06:25:00+00:00,-1,0.632,0.64068120429852,0.00868120429852004,0.61897819355222,3.0,1.47815971,1.47815971,TP,354,20,2.0,1.5,0.631682,0.621438,0.62656,1.635044,0.005787,0.9008,0.2399,BALANCED,NORMAL,BALANCED_NORMAL,13849
XRPUSDT,bb_balanced,1.5,2023-08-07 07:00:00+00:00,2023-08-07 07:50:00+00:00,1,0.6169,0.6093237678180285,0.007576232181971454,0.6282643482729572,3.0,-1.02442771,-1.02442771,SL,11,20,2.0,1.5,0.632967,0.619863,0.626415,2.091816,0.005051,0.9134,0.299,BALANCED,NORMAL,BALANCED_NORMAL,13879
XRPUSDT,bb_balanced,1.5,2023-08-08 16:00:00+00:00,2023-08-08 16:50:00+00:00,-1,0.6285,0.6374996567120478,0.008999656712047832,0.6150005149319282,3.0,-1.0209508,-1.0209508,SL,11,20,2.0,1.5,0.628482,0.614928,0.621705,2.18009,0.006,1.0864,0.2115,BALANCED,NORMAL,BALANCED_NORMAL,13912
XRPUSDT,bb_balanced,1.5,2023-08-11 05:00:00+00:00,2023-08-11 15:50:00+00:00,-1,0.6379,0.6453913320634552,0.007491332063455203,0.6266630019048172,3.0,1.47445448,1.47445448,TP,131,20,2.0,1.5,0.637528,0.628192,0.63286,1.475322,0.004994,0.7454,0.2323,BALANCED,NORMAL,BALANCED_NORMAL,13973
XRPUSDT,bb_balanced,1.5,2023-08-12 20:00:00+00:00,2023-08-13 18:25:00+00:00,1,0.6255,0.6215827717984703,0.003917228201529621,0.6313758423022944,3.0,1.45209623,1.45209623,TP,270,20,2.0,1.5,0.632346,0.627234,0.62979,0.811604,0.002611,0.6745,0.3333,BALANCED,NORMAL,BALANCED_NORMAL,14012
XRPUSDT,bb_balanced,1.5,2023-08-13 19:00:00+00:00,2023-08-13 19:35:00+00:00,-1,0.6338,0.6372594424104915,0.0034594424104914534,0.6286108363842628,3.0,-1.05496261,-1.05496261,SL,8,20,2.0,1.5,0.631237,0.625723,0.62848,0.877202,0.002306,0.8725,0.3222,BALANCED,NORMAL,BALANCED_NORMAL,14035
XRPUSDT,bb_balanced,1.5,2023-08-15 00:00:00+00:00,2023-08-15 07:15:00+00:00,-1,0.6338,0.63862538103818,0.004825381038179977,0.6265619284427301,3.0,1.46059586,1.46059586,TP,88,20,2.0,1.5,0.633615,0.625745,0.62968,1.249768,0.003217,1.1728,0.1399,BALANCED,NORMAL,BALANCED_NORMAL,14064
XRPUSDT,bb_balanced,1.5,2023-08-17 17:00:00+00:00,2023-08-17 20:50:00+00:00,1,0.5762,0.5662663292828625,0.009933670717137577,0.5911005060757064,3.0,-1.01740142,-1.01740142,SL,47,20,2.0,1.5,0.595585,0.577505,0.586545,3.082312,0.006622,1.0718,0.2783,BALANCED,NORMAL,BALANCED_NORMAL,14129
XRPUSDT,bb_balanced,1.5,2023-08-19 18:00:00+00:00,2023-08-20 08:50:00+00:00,-1,0.519,0.5289998370669752,0.009999837066975159,0.5040002443995373,3.0,-1.01557025,-1.01557025,SL,179,20,2.0,1.5,0.518996,0.496094,0.507545,4.512249,0.006667,0.585,0.2988,BALANCED,LOW,BALANCED_LOW,14178
XRPUSDT,bb_balanced,1.5,2023-08-21 05:00:00+00:00,2023-08-21 07:40:00+00:00,1,0.5277,0.5182515209196207,0.009448479080379268,0.5418727186205688,3.0,-1.01675508,-1.01675508,SL,33,20,2.0,1.5,0.548639,0.529241,0.53894,3.599115,0.006299,0.9516,0.015,BALANCED,NORMAL,BALANCED_NORMAL,14213
XRPUSDT,bb_balanced,1.5,2023-08-22 14:00:00+00:00,2023-08-22 17:35:00+00:00,1,0.5131,0.5059485190028946,0.007151480997105386,0.5238272214956581,3.0,-1.02152421,-1.02152421,SL,44,20,2.0,1.5,0.52491,0.51433,0.51962,2.036187,0.004768,0.7429,0.1062,BALANCED,NORMAL,BALANCED_NORMAL,14246
XRPUSDT,bb_balanced,1.5,2023-08-23 17:00:00+00:00,2023-08-24 14:30:00+00:00,-1,0.5291,0.5365969638198153,0.007496963819815239,0.5178545542702772,3.0,1.47882743,1.47882743,TP,259,20,2.0,1.5,0.525811,0.513989,0.5199,2.273901,0.004998,0.8643,0.2764,BALANCED,NORMAL,BALANCED_NORMAL,14273
XRPUSDT,bb_balanced,1.5,2023-08-24 14:00:00+00:00,2023-08-24 14:30:00+00:00,1,0.522,0.5162192365643672,0.00578076343563283,0.5306711451534493,3.0,-1.02708985,-1.02708985,SL,7,20,2.0,1.5,0.532432,0.522098,0.527265,1.959749,0.003854,0.7502,0.2689,BALANCED,NORMAL,BALANCED_NORMAL,14294
XRPUSDT,bb_balanced,1.5,2023-08-25 19:00:00+00:00,2023-08-28 08:20:00+00:00,-1,0.5262,0.534209724883475,0.008009724883474956,0.5141854126747876,3.0,1.48029146,1.48029146,TP,737,20,2.0,1.5,0.523405,0.507345,0.515375,3.116047,0.00534,1.197,0.2094,BALANCED,NORMAL,BALANCED_NORMAL,14323
XRPUSDT,bb_balanced,1.5,2023-08-27 09:00:00+00:00,2023-08-27 21:50:00+00:00,-1,0.5286,0.532633797652694,0.004033797652694071,0.5225493035209589,3.0,1.46068717,1.46068717,TP,155,20,2.0,1.5,0.527926,0.521854,0.52489,1.156707,0.002689,0.7043,0.337,BALANCED,NORMAL,BALANCED_NORMAL,14361
XRPUSDT,bb_balanced,1.5,2023-08-27 22:00:00+00:00,2023-08-28 05:30:00+00:00,1,0.5211,0.5166386863858878,0.004461313614112172,0.5277919704211682,3.0,-1.03504125,-1.03504125,SL,91,20,2.0,1.5,0.529809,0.522131,0.52597,1.459902,0.002974,0.9077,0.0776,BALANCED,NORMAL,BALANCED_NORMAL,14374
XRPUSDT,bb_balanced,1.5,2023-08-29 07:00:00+00:00,2023-08-29 14:20:00+00:00,1,0.5167,0.5125529471564897,0.004147052843510357,0.5229205792652656,3.0,1.46262165,1.46262165,TP,89,20,2.0,1.5,0.523677,0.516963,0.52032,1.290185,0.002765,0.941,0.0521,BALANCED,NORMAL,BALANCED_NORMAL,14407
XRPUSDT,bb_balanced,1.5,2023-08-31 14:00:00+00:00,2023-08-31 14:05:00+00:00,1,0.523,0.5183612652859285,0.004638734714071502,0.5299581020711073,3.0,-1.03382388,-1.03382388,SL,2,20,2.0,1.5,0.528646,0.523004,0.525825,1.073079,0.003092,0.738,0.0721,BALANCED,NORMAL,BALANCED_NORMAL,14462
XRPUSDT,bb_balanced,1.5,2023-09-03 04:00:00+00:00,2023-09-03 16:05:00+00:00,-1,0.502,0.506161267007909,0.004161267007908975,0.49575809948813654,3.0,-1.0361909,-1.0361909,SL,146,20,2.0,1.5,0.501065,0.494335,0.4977,1.352266,0.002774,0.7386,0.2864,BALANCED,NORMAL,BALANCED_NORMAL,14524
XRPUSDT,bb_balanced,1.5,2023-09-04 12:00:00+00:00,2023-09-04 18:45:00+00:00,1,0.5008,0.4959160444946971,0.004883955505302906,0.5081259332579544,3.0,1.46923805,1.46923805,TP,82,20,2.0,1.5,0.510338,0.501162,0.50575,1.814174,0.003256,1.109,0.0236,BALANCED,NORMAL,BALANCED_NORMAL,14556
XRPUSDT,bb_balanced,1.5,2023-09-06 15:00:00+00:00,2023-09-06 15:15:00+00:00,1,0.4987,0.49537518942447184,0.0033248105755281365,0.5036872158632921,3.0,-1.04499805,-1.04499805,SL,4,20,2.0,1.5,0.506303,0.499157,0.50273,1.421332,0.002217,0.7633,0.2229,BALANCED,NORMAL,BALANCED_NORMAL,14607
XRPUSDT,bb_balanced,1.5,2023-09-07 22:00:00+00:00,2023-09-08 10:00:00+00:00,-1,0.504,0.5076693151620096,0.0036693151620096343,0.49849602725698555,3.0,1.4587934,1.4587934,TP,145,20,2.0,1.5,0.503957,0.496493,0.500225,1.492111,0.002446,0.9404,0.1667,BALANCED,NORMAL,BALANCED_NORMAL,14638
XRPUSDT,bb_balanced,1.5,2023-09-08 11:00:00+00:00,2023-09-08 17:55:00+00:00,1,0.4974,0.4931563332779126,0.004243666722087425,0.5037655000831311,3.0,1.46483701,1.46483701,TP,84,20,2.0,1.5,0.507284,0.498146,0.502715,1.817788,0.002829,1.085,0.0705,BALANCED,NORMAL,BALANCED_NORMAL,14651
XRPUSDT,bb_balanced,1.5,2023-09-10 01:00:00+00:00,2023-09-10 04:20:00+00:00,1,0.5015,0.4992472335143464,0.0022527664856535345,0.5048791497284802,3.0,-1.06678455,-1.06678455,SL,41,20,2.0,1.5,0.504476,0.501924,0.5032,0.507127,0.001502,0.6968,0.0612,BALANCED,NORMAL,BALANCED_NORMAL,14689
XRPUSDT,bb_balanced,1.5,2023-09-11 01:00:00+00:00,2023-09-11 07:05:00+00:00,1,0.4935,0.4894153013788545,0.004084698621145522,0.4996270479317183,3.0,-1.03624502,-1.03624502,SL,74,20,2.0,1.5,0.501616,0.494694,0.498155,1.389723,0.002723,1.458,0.2792,BALANCED,NORMAL,BALANCED_NORMAL,14713
XRPUSDT,bb_balanced,1.5,2023-09-12 11:00:00+00:00,2023-09-13 07:35:00+00:00,-1,0.4804,0.48821310509218363,0.007813105092183636,0.4686803423617245,3.0,-1.01844593,-1.01844593,SL,248,20,2.0,1.5,0.479469,0.467351,0.47341,2.559591,0.005209,1.3827,0.1711,BALANCED,NORMAL,BALANCED_NORMAL,14747
XRPUSDT,bb_balanced,1.5,2023-09-13 06:00:00+00:00,2023-09-13 07:35:00+00:00,1,0.4766,0.47134014559099974,0.005259854409000286,0.4844897816135004,3.0,1.47281674,1.47281674,TP,20,20,2.0,1.5,0.483281,0.477059,0.48017,1.29593,0.003507,0.7706,0.1157,BALANCED,NORMAL,BALANCED_NORMAL,14766
XRPUSDT,bb_balanced,1.5,2023-09-14 15:00:00+00:00,2023-09-14 18:35:00+00:00,-1,0.4886,0.4931120151267074,0.004512015126707403,0.4818319773099389,3.0,-1.03248659,-1.03248659,SL,44,20,2.0,1.5,0.486835,0.479175,0.483005,1.585743,0.003008,0.7922,0.3256,BALANCED,NORMAL,BALANCED_NORMAL,14799
XRPUSDT,bb_balanced,1.5,2023-09-17 01:00:00+00:00,2023-09-17 20:40:00+00:00,1,0.4955,0.491633489212933,0.0038665107870670123,0.5012997661806005,3.0,-1.03844552,-1.03844552,SL,237,20,2.0,1.5,0.502436,0.497024,0.49973,1.082834,0.002578,0.7571,0.2091,BALANCED,NORMAL,BALANCED_NORMAL,14857
XRPUSDT,bb_balanced,1.5,2023-09-17 21:00:00+00:00,2023-09-18 00:30:00+00:00,1,0.4909,0.4868895195375778,0.004010480462422195,0.4969157206936333,3.0,-1.03672129,-1.03672129,SL,43,20,2.0,1.5,0.500145,0.492655,0.4964,1.508809,0.002674,0.9367,0.1811,BALANCED,NORMAL,BALANCED_NORMAL,14877
XRPUSDT,bb_balanced,1.5,2023-09-18 12:00:00+00:00,2023-09-18 14:45:00+00:00,-1,0.5015,0.5064005452089773,0.004900545208977314,0.494149182186534,3.0,-1.03070067,-1.03070067,SL,34,20,2.0,1.5,0.500896,0.488154,0.494525,2.576546,0.003267,1.2067,0.0465,BALANCED,NORMAL,BALANCED_NORMAL,14892
XRPUSDT,bb_balanced,1.5,2023-09-19 20:00:00+00:00,2023-09-20 03:25:00+00:00,-1,0.5152,0.5211392184677706,0.005939218467770568,0.5062911722983441,3.0,-1.02602363,-1.02602363,SL,90,20,2.0,1.5,0.514808,0.502342,0.508575,2.451327,0.003959,1.1271,0.3388,BALANCED,NORMAL,BALANCED_NORMAL,14924
XRPUSDT,bb_balanced,1.5,2023-09-20 22:00:00+00:00,2023-09-21 06:20:00+00:00,-1,0.5229,0.5307788808965537,0.007878880896553642,0.5110816786551695,3.0,1.48008981,1.48008981,TP,101,20,2.0,1.5,0.52284,0.51073,0.516785,2.343273,0.005253,1.2706,0.1705,BALANCED,NORMAL,BALANCED_NORMAL,14950
XRPUSDT,bb_balanced,1.5,2023-09-21 08:00:00+00:00,2023-09-21 10:50:00+00:00,1,0.5092,0.502375944586383,0.0068240554136169695,0.5194360831204254,3.0,-1.02238552,-1.02238552,SL,35,20,2.0,1.5,0.52299,0.51037,0.51668,2.442711,0.004549,1.0582,0.1402,BALANCED,NORMAL,BALANCED_NORMAL,14960
XRPUSDT,bb_balanced,1.5,2023-09-22 18:00:00+00:00,2023-09-23 22:55:00+00:00,-1,0.514,0.5190371665605843,0.005037166560584283,0.5064442501591235,3.0,1.46938755,1.46938755,TP,348,20,2.0,1.5,0.513521,0.506249,0.509885,1.426021,0.003358,0.8115,0.1964,BALANCED,NORMAL,BALANCED_NORMAL,14994
XRPUSDT,bb_balanced,1.5,2023-09-23 14:00:00+00:00,2023-09-23 23:00:00+00:00,1,0.5091,0.5055419104233564,0.0035580895766436083,0.5144371343649654,3.0,-1.04292472,-1.04292472,SL,109,20,2.0,1.5,0.514673,0.509697,0.512185,0.971442,0.002372,0.7022,0.2336,BALANCED,NORMAL,BALANCED_NORMAL,15014
XRPUSDT,bb_balanced,1.5,2023-09-24 20:00:00+00:00,2023-09-24 23:25:00+00:00,1,0.5064,0.5030451625266409,0.0033548374733590736,0.5114322562100386,3.0,-1.04528386,-1.04528386,SL,42,20,2.0,1.5,0.511083,0.506547,0.508815,0.891594,0.002237,0.9454,0.0476,BALANCED,NORMAL,BALANCED_NORMAL,15044
XRPUSDT,bb_balanced,1.5,2023-09-27 06:00:00+00:00,2023-09-27 11:25:00+00:00,1,0.4976,0.4931348563428205,0.004465143657179482,0.5042977154857692,3.0,1.4665677,1.4665677,TP,66,20,2.0,1.5,0.504848,0.498112,0.50148,1.3434,0.002977,0.9301,0.1269,BALANCED,NORMAL,BALANCED_NORMAL,15102
XRPUSDT,bb_balanced,1.5,2023-09-27 12:00:00+00:00,2023-09-27 21:45:00+00:00,-1,0.5063,0.5110826506494911,0.004782650649491127,0.4991260240257633,3.0,1.46824146,1.46824146,TP,118,20,2.0,1.5,0.506188,0.496812,0.5015,1.869534,0.003188,1.0083,0.1937,BALANCED,NORMAL,BALANCED_NORMAL,15108
XRPUSDT,bb_balanced,1.5,2023-09-28 16:00:00+00:00,2023-09-28 16:25:00+00:00,-1,0.5048,0.5091368676469806,0.004336867646980602,0.4982946985295291,3.0,-1.03491921,-1.03491921,SL,6,20,2.0,1.5,0.50428,0.49568,0.49998,1.719901,0.002891,0.9625,0.0281,BALANCED,NORMAL,BALANCED_NORMAL,15136
XRPUSDT,bb_balanced,1.5,2023-10-01 00:00:00+00:00,2023-10-01 11:30:00+00:00,1,0.5147,0.5099527365532778,0.004747263446722272,0.5218208951700835,3.0,1.46747389,1.46747389,TP,139,20,2.0,1.5,0.518761,0.514679,0.51672,0.790051,0.003165,0.7208,0.1058,BALANCED,NORMAL,BALANCED_NORMAL,15192
XRPUSDT,bb_balanced,1.5,2023-10-01 10:00:00+00:00,2023-10-01 22:15:00+00:00,-1,0.5192,0.5228169482105153,0.0036169482105152806,0.5137745776842271,3.0,-1.04306393,-1.04306393,SL,148,20,2.0,1.5,0.518907,0.514673,0.51679,0.819463,0.002411,0.55,0.085,BALANCED,LOW,BALANCED_LOW,15202
XRPUSDT,bb_balanced,1.5,2023-10-02 00:00:00+00:00,2023-10-02 15:50:00+00:00,-1,0.5239,0.5283515635469819,0.00445156354698184,0.5172226546795273,3.0,1.4646933,1.4646933,TP,191,20,2.0,1.5,0.523628,0.513622,0.518625,1.92939,0.002968,0.8076,0.298,BALANCED,NORMAL,BALANCED_NORMAL,15216
XRPUSDT,bb_balanced,1.5,2023-10-02 16:00:00+00:00,2023-10-02 18:35:00+00:00,1,0.5171,0.5122477014024627,0.00485229859753733,0.524378447896306,3.0,-1.03197042,-1.03197042,SL,32,20,2.0,1.5,0.526559,0.517411,0.521985,1.752525,0.003235,1.107,0.0332,BALANCED,NORMAL,BALANCED_NORMAL,15232
XRPUSDT,bb_balanced,1.5,2023-10-02 19:00:00+00:00,2023-10-03 22:55:00+00:00,1,0.5114,0.5037070881855723,0.007692911814427661,0.5229393677216414,3.0,1.48005697,1.48005697,TP,336,20,2.0,1.5,0.527533,0.515617,0.521575,2.284803,0.005129,1.7527,0.3416,BALANCED,HIGH,BALANCED_HIGH,15235
XRPUSDT,bb_balanced,1.5,2023-10-03 21:00:00+00:00,2023-10-03 22:55:00+00:00,-1,0.5152,0.5206792541096085,0.005479254109608478,0.5069811188355873,3.0,-1.02820822,-1.02820822,SL,24,20,2.0,1.5,0.515194,0.505886,0.51054,1.823247,0.003653,1.0003,0.1471,BALANCED,NORMAL,BALANCED_NORMAL,15261
XRPUSDT,bb_balanced,1.5,2023-10-05 07:00:00+00:00,2023-10-05 15:35:00+00:00,1,0.523,0.5159591171516023,0.007040882848397767,0.5335613242725967,3.0,-1.02228414,-1.02228414,SL,104,20,2.0,1.5,0.537004,0.524656,0.53083,2.326111,0.004694,0.8772,0.2932,BALANCED,NORMAL,BALANCED_NORMAL,15295
XRPUSDT,bb_balanced,1.5,2023-10-06 07:00:00+00:00,2023-10-06 20:25:00+00:00,1,0.5192,0.5142938749818698,0.0049061250181301475,0.5265591875271952,3.0,1.46825193,1.46825193,TP,162,20,2.0,1.5,0.526795,0.519345,0.52307,1.424323,0.003271,0.653,0.1455,BALANCED,NORMAL,BALANCED_NORMAL,15319
XRPUSDT,bb_balanced,1.5,2023-10-08 11:00:00+00:00,2023-10-08 15:45:00+00:00,1,0.5192,0.5168782051289835,0.0023217948710164693,0.5226826923065246,3.0,-1.06708603,-1.06708603,SL,58,20,2.0,1.5,0.523134,0.519536,0.521335,0.690226,0.001548,0.6509,0.3333,BALANCED,NORMAL,BALANCED_NORMAL,15371
XRPUSDT,bb_balanced,1.5,2023-10-11 03:00:00+00:00,2023-10-11 06:15:00+00:00,1,0.4906,0.4851722911427684,0.005427708857231595,0.4987415632858474,3.0,-1.02711641,-1.02711641,SL,40,20,2.0,1.5,0.500751,0.492189,0.49647,1.724643,0.003618,1.0939,0.3203,BALANCED,NORMAL,BALANCED_NORMAL,15435
XRPUSDT,bb_balanced,1.5,2023-10-12 07:00:00+00:00,2023-10-12 08:15:00+00:00,1,0.4814,0.476780967566856,0.004619032433143988,0.488328548649716,3.0,-1.03126629,-1.03126629,SL,16,20,2.0,1.5,0.489455,0.481445,0.48545,1.650117,0.003079,0.9251,0.2143,BALANCED,NORMAL,BALANCED_NORMAL,15463
XRPUSDT,bb_balanced,1.5,2023-10-13 21:00:00+00:00,2023-10-16 05:25:00+00:00,-1,0.4871,0.4915124800594069,0.00441248005940692,0.4804812799108896,3.0,-1.03311743,-1.03311743,SL,678,20,2.0,1.5,0.485569,0.478311,0.48194,1.505994,0.002942,0.9431,0.1385,BALANCED,NORMAL,BALANCED_NORMAL,15501
XRPUSDT,bb_balanced,1.5,2023-10-15 10:00:00+00:00,2023-10-15 18:00:00+00:00,-1,0.4876,0.48978262563182773,0.0021826256318277504,0.4843260615522583,3.0,-1.0670202,-1.0670202,SL,97,20,2.0,1.5,0.487366,0.484934,0.48615,0.500146,0.001455,0.6363,0.1552,BALANCED,NORMAL,BALANCED_NORMAL,15538
XRPUSDT,bb_balanced,1.5,2023-10-15 18:00:00+00:00,2023-10-16 04:35:00+00:00,-1,0.4887,0.4908738704358396,0.0021738704358395533,0.4854391943462407,3.0,1.43255808,1.43255808,TP,128,20,2.0,1.5,0.48802,0.48481,0.486415,0.660068,0.001449,0.7001,0.2034,BALANCED,NORMAL,BALANCED_NORMAL,15546
XRPUSDT,bb_balanced,1.5,2023-10-16 06:00:00+00:00,2023-10-16 13:25:00+00:00,-1,0.4933,0.4973054474316394,0.004005447431639386,0.48729182885254096,3.0,-1.03694718,-1.03694718,SL,90,20,2.0,1.5,0.490971,0.484149,0.48756,1.399373,0.00267,1.4677,0.2351,BALANCED,NORMAL,BALANCED_NORMAL,15558
XRPUSDT,bb_balanced,1.5,2023-10-18 09:00:00+00:00,2023-10-19 01:40:00+00:00,1,0.4872,0.48352304226737325,0.0036769577326267733,0.4927154365989402,3.0,-1.03975025,-1.03975025,SL,201,20,2.0,1.5,0.492459,0.487701,0.49008,0.970755,0.002451,0.7714,0.1825,BALANCED,NORMAL,BALANCED_NORMAL,15609
XRPUSDT,bb_balanced,1.5,2023-10-18 19:00:00+00:00,2023-10-18 21:40:00+00:00,-1,0.4919,0.49544318573166585,0.0035431857316658433,0.48658522140250127,3.0,1.45835104,1.45835104,TP,33,20,2.0,1.5,0.491887,0.486453,0.48917,1.110734,0.002362,0.7833,0.0575,BALANCED,NORMAL,BALANCED_NORMAL,15619
XRPUSDT,bb_balanced,1.5,2023-10-19 02:00:00+00:00,2023-10-19 06:45:00+00:00,1,0.4836,0.4792737724317788,0.004326227568221153,0.49008934135233173,3.0,-1.03353499,-1.03353499,SL,58,20,2.0,1.5,0.491718,0.484942,0.48833,1.387457,0.002884,1.0137,0.265,BALANCED,NORMAL,BALANCED_NORMAL,15626
XRPUSDT,bb_balanced,1.5,2023-10-21 15:00:00+00:00,2023-10-22 07:40:00+00:00,-1,0.5229,0.5297744747221161,0.0068744747221161084,0.5125882879168259,3.0,1.4771808,1.4771808,TP,201,20,2.0,1.5,0.522909,0.510431,0.51667,2.415183,0.004583,0.9074,0.0068,BALANCED,NORMAL,BALANCED_NORMAL,15687
XRPUSDT,bb_balanced,1.5,2023-10-22 08:00:00+00:00,2023-10-23 01:20:00+00:00,1,0.5158,0.5093871148820938,0.006412885117906275,0.5254193276768595,3.0,1.47587046,1.47587046,TP,209,20,2.0,1.5,0.526196,0.516064,0.52113,1.944238,0.004275,0.8719,0.037,BALANCED,NORMAL,BALANCED_NORMAL,15704
XRPUSDT,bb_balanced,1.5,2023-10-23 12:00:00+00:00,2023-10-23 21:25:00+00:00,-1,0.5312,0.5388474652056338,0.007647465205633752,0.5197288021915494,3.0,-1.02083828,-1.02083828,SL,114,20,2.0,1.5,0.530754,0.516306,0.52353,2.75968,0.005098,1.2936,0.3421,BALANCED,NORMAL,BALANCED_NORMAL,15732
XRPUSDT,bb_balanced,1.5,2023-10-26 09:00:00+00:00,2023-10-26 14:30:00+00:00,-1,0.5629,0.5726156867032477,0.009715686703247739,0.5483264699451283,3.0,1.48261883,1.48261883,TP,67,20,2.0,1.5,0.561613,0.549697,0.555655,2.144621,0.006477,0.7726,0.1784,BALANCED,NORMAL,BALANCED_NORMAL,15801
XRPUSDT,bb_balanced,1.5,2023-10-26 16:00:00+00:00,2023-10-27 17:05:00+00:00,1,0.5475,0.5362718677811391,0.011228132218860876,0.5643421983282912,3.0,-1.01462843,-1.01462843,SL,302,20,2.0,1.5,0.562296,0.548394,0.555345,2.50314,0.007485,0.9025,0.1693,BALANCED,NORMAL,BALANCED_NORMAL,15808
XRPUSDT,bb_balanced,1.5,2023-10-27 18:00:00+00:00,2023-10-29 15:10:00+00:00,1,0.5428,0.5332894066477605,0.009510593352239471,0.5570658900283592,3.0,1.48287804,1.48287804,TP,543,20,2.0,1.5,0.556913,0.545337,0.551125,2.100511,0.00634,1.0402,0.1661,BALANCED,NORMAL,BALANCED_NORMAL,15834
XRPUSDT,bb_balanced,1.5,2023-10-29 02:00:00+00:00,2023-10-29 08:55:00+00:00,1,0.5426,0.5382344270390036,0.004365572960996378,0.5491483594414945,3.0,1.4627128,1.4627128,TP,84,20,2.0,1.5,0.548515,0.543465,0.54599,0.924924,0.00291,0.6656,0.109,BALANCED,NORMAL,BALANCED_NORMAL,15866
XRPUSDT,bb_balanced,1.5,2023-10-29 10:00:00+00:00,2023-10-29 10:05:00+00:00,-1,0.5514,0.5556162179821732,0.004216217982173198,0.5450756730267402,3.0,-1.03923421,-1.03923421,SL,2,20,2.0,1.5,0.550206,0.541714,0.54596,1.555472,0.002811,0.7125,0.225,BALANCED,NORMAL,BALANCED_NORMAL,15874
XRPUSDT,bb_balanced,1.5,2023-10-30 06:00:00+00:00,2023-10-30 09:25:00+00:00,1,0.5515,0.5469226146577394,0.004577385342260598,0.5583660780133909,3.0,1.46385491,1.46385491,TP,42,20,2.0,1.5,0.559943,0.551507,0.555725,1.517845,0.003052,0.9625,0.0,BALANCED,NORMAL,BALANCED_NORMAL,15894
XRPUSDT,bb_balanced,1.5,2023-10-30 12:00:00+00:00,2023-10-30 13:30:00+00:00,-1,0.5632,0.5691781804040106,0.005978180404010547,0.5542327293939842,3.0,-1.02826278,-1.02826278,SL,19,20,2.0,1.5,0.562177,0.550213,0.556195,2.150971,0.003985,1.2829,0.1987,BALANCED,NORMAL,BALANCED_NORMAL,15900
XRPUSDT,bb_balanced,1.5,2023-10-31 11:00:00+00:00,2023-10-31 11:00:00+00:00,-1,0.6011,0.6118375747989574,0.010737574798957428,0.5849936378015639,3.0,-1.0167943,-1.0167943,SL,1,20,2.0,1.5,0.59094,0.56547,0.578205,4.405143,0.007158,1.6687,0.3046,BALANCED,HIGH,BALANCED_HIGH,15923
XRPUSDT,bb_balanced,1.5,2023-11-01 06:00:00+00:00,2023-11-01 07:40:00+00:00,1,0.5824,0.5713342663256518,0.011065733674348266,0.5989986005115224,3.0,1.48421072,1.48421072,TP,21,20,2.0,1.5,0.607222,0.587198,0.59721,3.352915,0.007377,1.1272,0.0941,BALANCED,NORMAL,BALANCED_NORMAL,15942
XRPUSDT,bb_balanced,1.5,2023-11-01 21:00:00+00:00,2023-11-02 16:20:00+00:00,-1,0.6155,0.6282153960188513,0.0127153960188513,0.5964269059717231,3.0,1.48547823,1.48547823,TP,233,20,2.0,1.5,0.613923,0.584647,0.599285,4.885269,0.008477,1.0952,0.2828,BALANCED,NORMAL,BALANCED_NORMAL,15957
XRPUSDT,bb_balanced,1.5,2023-11-03 02:00:00+00:00,2023-11-03 20:15:00+00:00,1,0.5955,0.5833243036841309,0.012175696315869122,0.6137635444738037,3.0,1.48532733,1.48532733,TP,220,20,2.0,1.5,0.619574,0.595616,0.607595,3.943217,0.008117,1.0212,0.154,BALANCED,NORMAL,BALANCED_NORMAL,15986
XRPUSDT,bb_balanced,1.5,2023-11-04 09:00:00+00:00,2023-11-05 00:45:00+00:00,-1,0.617,0.6239802346676264,0.006980234667626428,0.6065296479985604,3.0,-1.02651773,-1.02651773,SL,190,20,2.0,1.5,0.61629,0.60742,0.611855,1.449567,0.004653,0.6609,0.2988,BALANCED,NORMAL,BALANCED_NORMAL,16017
XRPUSDT,bb_balanced,1.5,2023-11-04 23:00:00+00:00,2023-11-05 00:40:00+00:00,-1,0.6169,0.6218940064545905,0.004994006454590472,0.6094089903181144,3.0,-1.03705842,-1.03705842,SL,21,20,2.0,1.5,0.616852,0.610178,0.613515,1.087905,0.003329,0.5602,0.2548,BALANCED,LOW,BALANCED_LOW,16031
XRPUSDT,bb_balanced,1.5,2023-11-09 07:00:00+00:00,2023-11-09 12:30:00+00:00,-1,0.7005,0.7130447026881077,0.0125447026881077,0.6816829459678384,3.0,1.48324791,1.48324791,TP,67,20,2.0,1.5,0.698924,0.682196,0.69056,2.42247,0.008363,0.7542,0.112,BALANCED,NORMAL,BALANCED_NORMAL,16135
XRPUSDT,bb_balanced,1.5,2023-11-09 17:00:00+00:00,2023-11-13 20:45:00+00:00,1,0.6548,0.6291977815399388,0.025602218460061277,0.693203327690092,3.0,1.49232723,1.49232723,TP,1198,20,2.0,1.5,0.710975,0.670975,0.690975,5.789005,0.017068,1.6486,0.3375,BALANCED,HIGH,BALANCED_HIGH,16145
XRPUSDT,bb_balanced,1.5,2023-11-10 15:00:00+00:00,2023-11-11 08:10:00+00:00,1,0.6434,0.6270513616400082,0.016348638359991785,0.6679229575399876,3.0,1.48819351,1.48819351,TP,207,20,2.0,1.5,0.672507,0.646303,0.659405,3.974019,0.010899,1.0024,0.1082,BALANCED,NORMAL,BALANCED_NORMAL,16167
XRPUSDT,bb_balanced,1.5,2023-11-11 10:00:00+00:00,2023-11-12 00:45:00+00:00,-1,0.6717,0.6869097608751027,0.015209760875102729,0.6488853586873459,3.0,1.48675127,1.48675127,TP,178,20,2.0,1.5,0.671466,0.643724,0.657595,4.218588,0.01014,0.9024,0.3066,BALANCED,NORMAL,BALANCED_NORMAL,16186
XRPUSDT,bb_balanced,1.5,2023-11-13 04:00:00+00:00,2023-11-13 14:40:00+00:00,1,0.6543,0.6447631591845844,0.009536840815415615,0.6686052612231235,3.0,-1.02058229,-1.02058229,SL,129,20,2.0,1.5,0.670122,0.658078,0.6641,1.81357,0.006358,0.7909,0.3382,BALANCED,NORMAL,BALANCED_NORMAL,16228
XRPUSDT,bb_balanced,1.5,2023-11-14 19:00:00+00:00,2023-11-15 19:05:00+00:00,1,0.612,0.5900240804090552,0.021975919590944804,0.6449638793864172,3.0,1.4916454,1.4916454,TP,290,20,2.0,1.5,0.68077,0.6336,0.657185,7.177615,0.014651,1.4697,0.3486,BALANCED,NORMAL,BALANCED_NORMAL,16267
XRPUSDT,bb_balanced,1.5,2023-11-15 19:00:00+00:00,2023-11-16 13:15:00+00:00,-1,0.6439,0.6546547461158324,0.010754746115832381,0.6277678808262515,3.0,1.48203863,1.48203863,TP,220,20,2.0,1.5,0.643485,0.623815,0.63365,3.104218,0.00717,0.6133,0.2517,BALANCED,NORMAL,BALANCED_NORMAL,16291
XRPUSDT,bb_balanced,1.5,2023-11-16 14:00:00+00:00,2023-11-16 15:45:00+00:00,1,0.6299,0.6179244570667326,0.011975542933267413,0.6478633143999011,3.0,-1.01577966,-1.01577966,SL,22,20,2.0,1.5,0.654673,0.636007,0.64534,2.892573,0.007984,0.9015,0.0795,BALANCED,NORMAL,BALANCED_NORMAL,16310
XRPUSDT,bb_balanced,1.5,2023-11-19 13:00:00+00:00,2023-11-19 14:35:00+00:00,-1,0.6158,0.6235592686592122,0.007759268659212171,0.6041610970111817,3.0,-1.02380894,-1.02380894,SL,20,20,2.0,1.5,0.615462,0.604368,0.609915,1.818821,0.005173,0.8391,0.2235,BALANCED,NORMAL,BALANCED_NORMAL,16381
XRPUSDT,bb_balanced,1.5,2023-11-20 17:00:00+00:00,2023-11-21 14:10:00+00:00,1,0.6139,0.6055258282588818,0.008374171741118208,0.6264612576116773,3.0,-1.02199262,-1.02199262,SL,255,20,2.0,1.5,0.628677,0.616193,0.622435,2.005737,0.005583,1.1117,0.1699,BALANCED,NORMAL,BALANCED_NORMAL,16409
XRPUSDT,bb_balanced,1.5,2023-11-21 15:00:00+00:00,2023-11-21 15:10:00+00:00,1,0.6058,0.597407060678113,0.008392939321887005,0.6183894089828306,3.0,-1.02165392,-1.02165392,SL,3,20,2.0,1.5,0.618823,0.606707,0.612765,1.977206,0.005595,1.0408,0.2903,BALANCED,NORMAL,BALANCED_NORMAL,16431
XRPUSDT,bb_balanced,1.5,2023-11-26 12:00:00+00:00,2023-11-26 12:20:00+00:00,-1,0.6301,0.6353130578389881,0.005213057838988067,0.6222804132415178,3.0,-1.03626087,-1.03626087,SL,5,20,2.0,1.5,0.628883,0.615117,0.622,2.213191,0.003475,0.9874,0.3442,BALANCED,NORMAL,BALANCED_NORMAL,16548
XRPUSDT,bb_balanced,1.5,2023-11-26 17:00:00+00:00,2023-11-27 07:20:00+00:00,1,0.6127,0.6042820823648417,0.008417917635158312,0.6253268764527375,3.0,-1.02183557,-1.02183557,SL,173,20,2.0,1.5,0.632649,0.613241,0.622945,3.115429,0.005612,1.6046,0.1274,BALANCED,HIGH,BALANCED_HIGH,16553
XRPUSDT,bb_balanced,1.5,2023-11-28 14:00:00+00:00,2023-11-29 07:30:00+00:00,-1,0.609,0.6155887208481152,0.006588720848115237,0.5991169187278271,3.0,-1.02772921,-1.02772921,SL,211,20,2.0,1.5,0.608729,0.595721,0.602225,2.159926,0.004392,0.9118,0.1937,BALANCED,NORMAL,BALANCED_NORMAL,16598
XRPUSDT,bb_balanced,1.5,2023-11-29 15:00:00+00:00,2023-11-30 08:25:00+00:00,1,0.6083,0.6024095771877731,0.005890422812226848,0.6171356342183403,3.0,-1.0309808,-1.0309808,SL,210,20,2.0,1.5,0.615017,0.608373,0.611695,1.086074,0.003927,0.8992,0.0849,BALANCED,NORMAL,BALANCED_NORMAL,16623
XRPUSDT,bb_balanced,1.5,2023-12-01 02:00:00+00:00,2023-12-01 09:15:00+00:00,-1,0.6094,0.6140962110757697,0.004696211075769674,0.6023556833863455,3.0,-1.03892926,-1.03892926,SL,88,20,2.0,1.5,0.608311,0.599999,0.604155,1.375709,0.003131,0.8781,0.1346,BALANCED,NORMAL,BALANCED_NORMAL,16658
XRPUSDT,bb_balanced,1.5,2023-12-02 19:00:00+00:00,2023-12-02 19:05:00+00:00,-1,0.6173,0.6207563660378722,0.0034563660378722494,0.6121154509431916,3.0,-1.05357939,-1.05357939,SL,2,20,2.0,1.5,0.616469,0.611701,0.614085,0.776552,0.002304,0.846,0.26,BALANCED,NORMAL,BALANCED_NORMAL,16699
XRPUSDT,bb_balanced,1.5,2023-12-04 06:00:00+00:00,2023-12-04 08:15:00+00:00,-1,0.6329,0.6391683236962629,0.006268323696262845,0.6234975144556058,3.0,-1.03029039,-1.03029039,SL,28,20,2.0,1.5,0.632589,0.617141,0.624865,2.472316,0.004179,1.367,0.2668,BALANCED,NORMAL,BALANCED_NORMAL,16734
XRPUSDT,bb_balanced,1.5,2023-12-05 08:00:00+00:00,2023-12-05 17:50:00+00:00,1,0.6127,0.6025891328261388,0.010110867173861227,0.6278663007607919,3.0,1.48182055,1.48182055,TP,119,20,2.0,1.5,0.627643,0.613207,0.620425,2.326881,0.006741,1.1889,0.1341,BALANCED,NORMAL,BALANCED_NORMAL,16760
XRPUSDT,bb_balanced,1.5,2023-12-07 00:00:00+00:00,2023-12-07 05:45:00+00:00,-1,0.6405,0.6518225981440287,0.011322598144028695,0.6235161027839569,3.0,-1.01697049,-1.01697049,SL,70,20,2.0,1.5,0.640416,0.616414,0.628415,3.819359,0.007548,1.1692,0.2753,BALANCED,NORMAL,BALANCED_NORMAL,16800
XRPUSDT,bb_balanced,1.5,2023-12-08 13:00:00+00:00,2023-12-08 16:00:00+00:00,-1,0.6542,0.6630181614429368,0.00881816144293679,0.6409727578355948,3.0,-1.02225634,-1.02225634,SL,37,20,2.0,1.5,0.651448,0.638782,0.645115,1.963425,0.005879,0.8145,0.1991,BALANCED,NORMAL,BALANCED_NORMAL,16837
XRPUSDT,bb_balanced,1.5,2023-12-09 18:00:00+00:00,2023-12-10 09:55:00+00:00,1,0.665,0.6510385750456595,0.013961424954340496,0.6859421374315108,3.0,-1.01428937,-1.01428937,SL,192,20,2.0,1.5,0.694329,0.665351,0.67984,4.262377,0.009308,1.3164,0.0583,BALANCED,NORMAL,BALANCED_NORMAL,16866
XRPUSDT,bb_balanced,1.5,2023-12-11 05:00:00+00:00,2023-12-11 18:00:00+00:00,1,0.6281,0.612088480755853,0.01601151924414701,0.6521172788662205,3.0,-1.0117684,-1.0117684,SL,157,20,2.0,1.5,0.679881,0.628609,0.654245,7.83678,0.010674,1.3153,0.3146,BALANCED,NORMAL,BALANCED_NORMAL,16901
XRPUSDT,bb_balanced,1.5,2023-12-12 17:00:00+00:00,2023-12-12 17:30:00+00:00,1,0.6157,0.6069627562121714,0.008737243787828586,0.6288058656817429,3.0,-1.02114053,-1.02114053,SL,7,20,2.0,1.5,0.626016,0.616304,0.62116,1.563422,0.005825,0.7592,0.0086,BALANCED,NORMAL,BALANCED_NORMAL,16937
XRPUSDT,bb_balanced,1.5,2023-12-13 02:00:00+00:00,2023-12-13 04:20:00+00:00,1,0.6102,0.6010776536611961,0.009122346338803822,0.6238835195082058,3.0,-1.02006721,-1.02006721,SL,29,20,2.0,1.5,0.626968,0.610262,0.618615,2.700558,0.006082,0.8062,0.1713,BALANCED,NORMAL,BALANCED_NORMAL,16946
XRPUSDT,bb_balanced,1.5,2023-12-13 20:00:00+00:00,2023-12-13 22:15:00+00:00,-1,0.6256,0.6345583854617025,0.008958385461702467,0.6121624218074464,3.0,-1.0209502,-1.0209502,SL,28,20,2.0,1.5,0.621773,0.597637,0.609705,3.958762,0.005972,0.9195,0.0802,BALANCED,NORMAL,BALANCED_NORMAL,16964
XRPUSDT,bb_balanced,1.5,2023-12-15 02:00:00+00:00,2023-12-15 12:10:00+00:00,-1,0.6408,0.6501073889061979,0.009307388906197867,0.6268389166407032,3.0,1.47934544,1.47934544,TP,123,20,2.0,1.5,0.638821,0.621299,0.63006,2.780977,0.006205,1.0292,0.2867,BALANCED,NORMAL,BALANCED_NORMAL,16994
XRPUSDT,bb_balanced,1.5,2023-12-15 14:00:00+00:00,2023-12-15 15:35:00+00:00,1,0.6238,0.616079515506155,0.007720484493844992,0.6353807267407675,3.0,-1.02423941,-1.02423941,SL,20,20,2.0,1.5,0.639531,0.624919,0.632225,2.31107,0.005147,0.8849,0.1555,BALANCED,NORMAL,BALANCED_NORMAL,17006
XRPUSDT,bb_balanced,1.5,2023-12-17 23:00:00+00:00,2023-12-18 01:30:00+00:00,1,0.6135,0.6078698279299121,0.00563017207008798,0.621945258105132,3.0,-1.03268994,-1.03268994,SL,31,20,2.0,1.5,0.622513,0.613887,0.6182,1.395267,0.003753,1.0205,0.1529,BALANCED,NORMAL,BALANCED_NORMAL,17063
XRPUSDT,bb_balanced,1.5,2023-12-19 15:00:00+00:00,2023-12-19 18:00:00+00:00,1,0.6042,0.5974804037709852,0.006719596229014746,0.6142793943435221,3.0,-1.02697484,-1.02697484,SL,37,20,2.0,1.5,0.615771,0.604839,0.610305,1.791258,0.00448,0.963,0.0326,BALANCED,NORMAL,BALANCED_NORMAL,17103
XRPUSDT,bb_balanced,1.5,2023-12-20 10:00:00+00:00,2023-12-20 13:00:00+00:00,-1,0.6136,0.6199575465208867,0.006357546520886714,0.60406368021867,3.0,-1.02895457,-1.02895457,SL,37,20,2.0,1.5,0.613284,0.600146,0.606715,2.165566,0.004238,0.8776,0.0713,BALANCED,NORMAL,BALANCED_NORMAL,17122
XRPUSDT,bb_balanced,1.5,2023-12-21 21:00:00+00:00,2023-12-22 08:30:00+00:00,-1,0.6229,0.6294113847092371,0.006511384709237067,0.6131329229361444,3.0,-1.02869896,-1.02869896,SL,139,20,2.0,1.5,0.622032,0.611568,0.6168,1.696442,0.004341,0.9416,0.2366,BALANCED,NORMAL,BALANCED_NORMAL,17157
XRPUSDT,bb_balanced,1.5,2023-12-24 03:00:00+00:00,2023-12-24 05:35:00+00:00,-1,0.6229,0.6271886121795722,0.004288612179572215,0.6164670817306417,3.0,1.45642646,1.45642646,TP,32,20,2.0,1.5,0.621898,0.614952,0.618425,1.123258,0.002859,0.7206,0.3131,BALANCED,NORMAL,BALANCED_NORMAL,17211
XRPUSDT,bb_balanced,1.5,2023-12-24 23:00:00+00:00,2023-12-25 08:20:00+00:00,1,0.6107,0.6028723404992473,0.007827659500752704,0.6224414892511291,3.0,1.47659454,1.47659454,TP,113,20,2.0,1.5,0.625865,0.613045,0.619455,2.069405,0.005218,1.4555,0.2891,BALANCED,NORMAL,BALANCED_NORMAL,17231
XRPUSDT,bb_balanced,1.5,2023-12-25 11:00:00+00:00,2023-12-25 11:20:00+00:00,-1,0.6381,0.6475360528399101,0.009436052839910114,0.6239459207401348,3.0,-1.02028708,-1.02028708,SL,5,20,2.0,1.5,0.635969,0.604291,0.62013,5.108268,0.006291,1.6654,0.2903,BALANCED,HIGH,BALANCED_HIGH,17243
XRPUSDT,bb_balanced,1.5,2023-12-26 06:00:00+00:00,2023-12-26 09:45:00+00:00,1,0.6249,0.6147227812711658,0.010177218728834259,0.6401658280932514,3.0,-1.01842055,-1.01842055,SL,46,20,2.0,1.5,0.647462,0.629208,0.638335,2.859541,0.006785,1.3415,0.2843,BALANCED,NORMAL,BALANCED_NORMAL,17262
XRPUSDT,bb_balanced,1.5,2023-12-27 10:00:00+00:00,2023-12-27 16:35:00+00:00,-1,0.6296,0.6388638866883954,0.009263886688395395,0.615704169967407,3.0,-1.02038885,-1.02038885,SL,80,20,2.0,1.5,0.628074,0.613766,0.62092,2.304383,0.006176,0.9312,0.0259,BALANCED,NORMAL,BALANCED_NORMAL,17290
XRPUSDT,bb_balanced,1.5,2023-12-29 15:00:00+00:00,2023-12-29 15:50:00+00:00,-1,0.6368,0.6452268027449246,0.008426802744924577,0.6241597958826132,3.0,1.47732948,1.47732948,TP,11,20,2.0,1.5,0.636664,0.626336,0.6315,1.635628,0.005618,0.8062,0.1049,BALANCED,NORMAL,BALANCED_NORMAL,17343
XRPUSDT,bb_balanced,1.5,2023-12-29 17:00:00+00:00,2023-12-31 22:50:00+00:00,1,0.6199,0.6099455119189171,0.009954488081082902,0.6348317321216244,3.0,-1.01868203,-1.01868203,SL,647,20,2.0,1.5,0.63822,0.62289,0.630555,2.431309,0.006636,0.9488,0.1931,BALANCED,NORMAL,BALANCED_NORMAL,17345
XRPUSDT,bb_balanced,1.5,2023-12-30 16:00:00+00:00,2023-12-31 02:50:00+00:00,-1,0.6288,0.6354922884971115,0.006692288497111454,0.6187615672543328,3.0,1.47181233,1.47181233,TP,131,20,2.0,1.5,0.627719,0.617351,0.622535,1.665549,0.004462,0.7103,0.1412,BALANCED,NORMAL,BALANCED_NORMAL,17368
XRPUSDT,bb_balanced,1.5,2023-12-31 21:00:00+00:00,2023-12-31 22:50:00+00:00,1,0.6188,0.6141692055891435,0.004630794410856565,0.6257461916162849,3.0,-1.04008815,-1.04008815,SL,23,20,2.0,1.5,0.62637,0.61913,0.62275,1.162479,0.003087,0.7343,0.1913,BALANCED,NORMAL,BALANCED_NORMAL,17397
XRPUSDT,bb_balanced,1.5,2024-01-02 18:00:00+00:00,2024-01-03 04:50:00+00:00,1,0.6236,0.6162192476580963,0.007380752341903718,0.6346711285128557,3.0,1.47465299,1.47465299,TP,131,20,2.0,1.5,0.638961,0.623839,0.6314,2.395148,0.004921,1.3578,0.1164,BALANCED,NORMAL,BALANCED_NORMAL,17442
XRPUSDT,bb_balanced,1.5,2024-01-03 06:00:00+00:00,2024-01-03 11:10:00+00:00,-1,0.6366,0.6439864874264031,0.007386487426403021,0.6255202688603956,3.0,1.47414468,1.47414468,TP,63,20,2.0,1.5,0.636356,0.621414,0.628885,2.375893,0.004924,1.267,0.042,BALANCED,NORMAL,BALANCED_NORMAL,17454
XRPUSDT,bb_balanced,1.5,2024-01-07 17:00:00+00:00,2024-01-07 22:15:00+00:00,1,0.5621,0.5560967699327747,0.0060032300672253625,0.571104845100838,3.0,-1.02808988,-1.02808988,SL,64,20,2.0,1.5,0.571098,0.563832,0.567465,1.280548,0.004002,0.7846,0.2042,BALANCED,NORMAL,BALANCED_NORMAL,17561
XRPUSDT,bb_balanced,1.5,2024-01-08 19:00:00+00:00,2024-01-09 12:55:00+00:00,-1,0.5771,0.5880462796834817,0.010946279683481719,0.5606805804747774,3.0,1.48418367,1.48418367,TP,216,20,2.0,1.5,0.577163,0.547697,0.56243,5.238993,0.007298,1.2736,0.3046,BALANCED,NORMAL,BALANCED_NORMAL,17587
XRPUSDT,bb_balanced,1.5,2024-01-09 13:00:00+00:00,2024-01-09 18:05:00+00:00,1,0.5582,0.5479418407345499,0.01025815926545015,0.5735872388981753,3.0,1.48367543,1.48367543,TP,62,20,2.0,1.5,0.582774,0.561316,0.572045,3.750948,0.006839,1.0508,0.1068,BALANCED,NORMAL,BALANCED_NORMAL,17605
XRPUSDT,bb_balanced,1.5,2024-01-10 13:00:00+00:00,2024-01-10 15:55:00+00:00,1,0.5534,0.5420555819884596,0.011344418011540403,0.5704166270173106,3.0,1.48536549,1.48536549,TP,36,20,2.0,1.5,0.57549,0.55722,0.566355,3.225924,0.007563,1.0671,0.0686,BALANCED,NORMAL,BALANCED_NORMAL,17629
XRPUSDT,bb_balanced,1.5,2024-01-10 20:00:00+00:00,2024-01-10 21:10:00+00:00,-1,0.5792,0.5924520603309255,0.013252060330925408,0.5593219095036119,3.0,-1.01311192,-1.01311192,SL,15,20,2.0,1.5,0.578707,0.552963,0.565835,4.549911,0.008835,1.226,0.1535,BALANCED,NORMAL,BALANCED_NORMAL,17636
XRPUSDT,bb_balanced,1.5,2024-01-13 22:00:00+00:00,2024-01-14 18:00:00+00:00,-1,0.5771,0.5834337533197504,0.006333753319750501,0.5675993700203742,3.0,-1.0273345,-1.0273345,SL,241,20,2.0,1.5,0.577117,0.571093,0.574105,1.049387,0.004223,0.5876,0.295,BALANCED,LOW,BALANCED_LOW,17710
XRPUSDT,bb_balanced,1.5,2024-01-14 09:00:00+00:00,2024-01-14 18:00:00+00:00,-1,0.5782,0.5833353315587136,0.005135331558713596,0.5704970026619296,3.0,-1.03377776,-1.03377776,SL,109,20,2.0,1.5,0.577671,0.571479,0.574575,1.077794,0.003424,0.5564,0.0941,BALANCED,LOW,BALANCED_LOW,17721
XRPUSDT,bb_balanced,1.5,2024-01-15 15:00:00+00:00,2024-01-17 17:05:00+00:00,1,0.5711,0.563486923115246,0.0076130768847541,0.5825196153271313,3.0,-1.0225047,-1.0225047,SL,602,20,2.0,1.5,0.590373,0.571727,0.58105,3.208864,0.005075,1.1267,0.1731,BALANCED,NORMAL,BALANCED_NORMAL,17751
XRPUSDT,bb_balanced,1.5,2024-01-17 07:00:00+00:00,2024-01-17 17:00:00+00:00,1,0.5708,0.5657631556309685,0.005036844369031512,0.5783552665535472,3.0,-1.03399748,-1.03399748,SL,121,20,2.0,1.5,0.579639,0.571011,0.575325,1.499711,0.003358,0.7556,0.0988,BALANCED,NORMAL,BALANCED_NORMAL,17791
XRPUSDT,bb_balanced,1.5,2024-01-18 11:00:00+00:00,2024-01-18 13:45:00+00:00,1,0.5631,0.5583155412761444,0.004784458723855689,0.5702766880857836,3.0,-1.03530807,-1.03530807,SL,34,20,2.0,1.5,0.571894,0.563686,0.56779,1.445639,0.00319,0.8846,0.2276,BALANCED,NORMAL,BALANCED_NORMAL,17819
XRPUSDT,bb_balanced,1.5,2024-01-19 15:00:00+00:00,2024-01-19 15:25:00+00:00,1,0.5445,0.5386473822486637,0.005852617751336275,0.5532789266270044,3.0,-1.02791059,-1.02791059,SL,6,20,2.0,1.5,0.553528,0.545642,0.549585,1.434802,0.003902,1.0312,0.2507,BALANCED,NORMAL,BALANCED_NORMAL,17847
XRPUSDT,bb_balanced,1.5,2024-01-21 00:00:00+00:00,2024-01-22 01:10:00+00:00,-1,0.5534,0.558960945467252,0.005560945467251943,0.545058581799122,3.0,1.47014536,1.47014536,TP,303,20,2.0,1.5,0.552378,0.544072,0.548225,1.5149,0.003707,0.8182,0.3355,BALANCED,NORMAL,BALANCED_NORMAL,17880
XRPUSDT,bb_balanced,1.5,2024-01-21 21:00:00+00:00,2024-01-22 01:10:00+00:00,1,0.5486,0.544633843832643,0.00396615616735696,0.5545492342510354,3.0,-1.0414961,-1.0414961,SL,51,20,2.0,1.5,0.555207,0.549653,0.55243,1.00542,0.002644,0.6661,0.161,BALANCED,NORMAL,BALANCED_NORMAL,17901
XRPUSDT,bb_balanced,1.5,2024-01-23 08:00:00+00:00,2024-01-23 08:15:00+00:00,1,0.5226,0.5152661379781235,0.007333862021876469,0.5336007930328146,3.0,-1.02137755,-1.02137755,SL,4,20,2.0,1.5,0.533933,0.523787,0.52886,1.918551,0.004889,1.2641,0.2009,BALANCED,NORMAL,BALANCED_NORMAL,17936
XRPUSDT,bb_balanced,1.5,2024-01-25 00:00:00+00:00,2024-01-25 06:20:00+00:00,-1,0.5181,0.5237214415163938,0.005621441516393766,0.5096678377254094,3.0,1.47235051,1.47235051,TP,77,20,2.0,1.5,0.518007,0.512843,0.515425,1.00195,0.003748,0.73,0.1486,BALANCED,NORMAL,BALANCED_NORMAL,17976
XRPUSDT,bb_balanced,1.5,2024-01-25 06:00:00+00:00,2024-01-25 15:45:00+00:00,1,0.5108,0.5057188235099344,0.005081176490065675,0.5184217647350986,3.0,-1.03015837,-1.03015837,SL,118,20,2.0,1.5,0.518463,0.512077,0.51527,1.239177,0.003387,0.6919,0.1336,BALANCED,NORMAL,BALANCED_NORMAL,17982
XRPUSDT,bb_balanced,1.5,2024-01-26 11:00:00+00:00,2024-01-26 11:40:00+00:00,-1,0.5177,0.5224538069027754,0.0047538069027753815,0.5105692896458369,3.0,-1.03267066,-1.03267066,SL,9,20,2.0,1.5,0.517355,0.507295,0.512325,1.963698,0.003169,0.8674,0.3358,BALANCED,NORMAL,BALANCED_NORMAL,18011
XRPUSDT,bb_balanced,1.5,2024-01-28 04:00:00+00:00,2024-01-28 12:15:00+00:00,-1,0.5329,0.536278383182978,0.0033783831829780064,0.5278324252255331,3.0,1.45267855,1.45267855,TP,100,20,2.0,1.5,0.532264,0.527386,0.529825,0.920587,0.002252,0.7196,0.2558,BALANCED,NORMAL,BALANCED_NORMAL,18052
XRPUSDT,bb_balanced,1.5,2024-01-28 19:00:00+00:00,2024-01-28 19:40:00+00:00,1,0.5264,0.5227412347860505,0.0036587652139494775,0.5318881478209242,3.0,-1.0431621,-1.0431621,SL,9,20,2.0,1.5,0.534137,0.527173,0.530655,1.312426,0.002439,0.8513,0.1835,BALANCED,NORMAL,BALANCED_NORMAL,18067
XRPUSDT,bb_balanced,1.5,2024-01-29 17:00:00+00:00,2024-01-29 17:30:00+00:00,-1,0.5312,0.5370099733204102,0.005809973320410222,0.5224850400193847,3.0,-1.0274287,-1.0274287,SL,7,20,2.0,1.5,0.530353,0.520667,0.52551,1.843042,0.003873,1.4213,0.1481,BALANCED,NORMAL,BALANCED_NORMAL,18089
XRPUSDT,bb_balanced,1.5,2024-01-30 13:00:00+00:00,2024-01-30 13:30:00+00:00,1,0.5294,0.5240963232823085,0.005303676717691497,0.5373555150765372,3.0,-1.02994526,-1.02994526,SL,7,20,2.0,1.5,0.539026,0.530244,0.534635,1.642455,0.003536,1.0946,0.0517,BALANCED,NORMAL,BALANCED_NORMAL,18109
XRPUSDT,bb_balanced,1.5,2024-02-01 18:00:00+00:00,2024-02-02 22:15:00+00:00,-1,0.506,0.5125634031975123,0.006563403197512252,0.4961548952037316,3.0,-1.02312825,-1.02312825,SL,340,20,2.0,1.5,0.504565,0.489785,0.497175,2.972671,0.004376,0.8994,0.0588,BALANCED,NORMAL,BALANCED_NORMAL,18162
XRPUSDT,bb_balanced,1.5,2024-02-02 14:00:00+00:00,2024-02-02 21:50:00+00:00,1,0.5001,0.49508942311648224,0.005010576883517748,0.5076158653252766,3.0,1.47005734,1.47005734,TP,95,20,2.0,1.5,0.509276,0.501514,0.505395,1.536019,0.00334,0.7288,0.1974,BALANCED,NORMAL,BALANCED_NORMAL,18182
XRPUSDT,bb_balanced,1.5,2024-02-02 23:00:00+00:00,2024-02-03 10:20:00+00:00,-1,0.5106,0.5158549838332375,0.005254983833237414,0.5027175242501439,3.0,-1.02914947,-1.02914947,SL,137,20,2.0,1.5,0.509186,0.499554,0.50437,1.909814,0.003503,0.836,0.1571,BALANCED,NORMAL,BALANCED_NORMAL,18191
XRPUSDT,bb_balanced,1.5,2024-02-04 06:00:00+00:00,2024-02-04 18:50:00+00:00,1,0.513,0.5078078050697277,0.0051921949302723425,0.5207882923954086,3.0,-1.02964064,-1.02964064,SL,155,20,2.0,1.5,0.523097,0.514463,0.51878,1.664375,0.003461,0.9751,0.0922,BALANCED,NORMAL,BALANCED_NORMAL,18222
XRPUSDT,bb_balanced,1.5,2024-02-05 18:00:00+00:00,2024-02-06 10:45:00+00:00,-1,0.5087,0.5143678331752402,0.005667833175240111,0.5001982502371398,3.0,1.47307437,1.47307437,TP,202,20,2.0,1.5,0.508587,0.500443,0.504515,1.614414,0.003779,1.0786,0.0315,BALANCED,NORMAL,BALANCED_NORMAL,18258
XRPUSDT,bb_balanced,1.5,2024-02-06 07:00:00+00:00,2024-02-06 12:45:00+00:00,1,0.5026,0.4978092705666399,0.004790729433360119,0.5097860941500403,3.0,-1.03147329,-1.03147329,SL,70,20,2.0,1.5,0.509958,0.502862,0.50641,1.40142,0.003194,0.9419,0.0799,BALANCED,NORMAL,BALANCED_NORMAL,18271
XRPUSDT,bb_balanced,1.5,2024-02-06 20:00:00+00:00,2024-02-07 06:00:00+00:00,-1,0.5096,0.5144627409332373,0.004862740933237242,0.5023058886001441,3.0,1.46856094,1.46856094,TP,121,20,2.0,1.5,0.508985,0.499515,0.50425,1.878111,0.003242,0.9606,0.1319,BALANCED,NORMAL,BALANCED_NORMAL,18284
XRPUSDT,bb_balanced,1.5,2024-02-07 19:00:00+00:00,2024-02-07 20:45:00+00:00,-1,0.509,0.5134536371290066,0.0044536371290065935,0.5023195443064901,3.0,-1.03428658,-1.03428658,SL,22,20,2.0,1.5,0.507739,0.499241,0.50349,1.687894,0.002969,0.9343,0.0496,BALANCED,NORMAL,BALANCED_NORMAL,18307
XRPUSDT,bb_balanced,1.5,2024-02-08 16:00:00+00:00,2024-02-09 09:55:00+00:00,-1,0.5171,0.5225123081495014,0.0054123081495014436,0.5089815377757478,3.0,-1.02866245,-1.02866245,SL,216,20,2.0,1.5,0.51701,0.51026,0.513635,1.314075,0.003608,1.1399,0.2389,BALANCED,NORMAL,BALANCED_NORMAL,18328
XRPUSDT,bb_balanced,1.5,2024-02-09 03:00:00+00:00,2024-02-09 11:50:00+00:00,-1,0.5198,0.5245967737313514,0.004796773731351345,0.512604839402973,3.0,-1.03250935,-1.03250935,SL,107,20,2.0,1.5,0.518666,0.511434,0.51505,1.404057,0.003198,0.9901,0.2761,BALANCED,NORMAL,BALANCED_NORMAL,18339
XRPUSDT,bb_balanced,1.5,2024-02-10 11:00:00+00:00,2024-02-11 03:35:00+00:00,1,0.5198,0.5154498277376361,0.004350172262363894,0.5263252583935458,3.0,1.46415314,1.46415314,TP,200,20,2.0,1.5,0.528583,0.520247,0.524415,1.589438,0.0029,0.8728,0.0284,BALANCED,NORMAL,BALANCED_NORMAL,18371
XRPUSDT,bb_balanced,1.5,2024-02-11 04:00:00+00:00,2024-02-11 09:25:00+00:00,-1,0.5269,0.5307622368756341,0.0038622368756340286,0.521106644686549,3.0,-1.04092706,-1.04092706,SL,66,20,2.0,1.5,0.52604,0.51941,0.522725,1.268254,0.002575,0.8515,0.1535,BALANCED,NORMAL,BALANCED_NORMAL,18388
XRPUSDT,bb_balanced,1.5,2024-02-12 03:00:00+00:00,2024-02-12 06:45:00+00:00,1,0.5218,0.5166458869611097,0.005154113038890351,0.5295311695583356,3.0,-1.03037186,-1.03037186,SL,46,20,2.0,1.5,0.534676,0.522304,0.52849,2.34104,0.003436,1.2209,0.1783,BALANCED,NORMAL,BALANCED_NORMAL,18411
XRPUSDT,bb_balanced,1.5,2024-02-12 18:00:00+00:00,2024-02-12 18:15:00+00:00,-1,0.5315,0.537571147383127,0.0060711473831269736,0.5223932789253095,3.0,-1.02626357,-1.02626357,SL,4,20,2.0,1.5,0.531095,0.513735,0.522415,3.323,0.004047,1.3568,0.1706,BALANCED,NORMAL,BALANCED_NORMAL,18426
XRPUSDT,bb_balanced,1.5,2024-02-13 14:00:00+00:00,2024-02-13 14:20:00+00:00,1,0.5229,0.5172724971091872,0.005627502890812819,0.5313412543362193,3.0,-1.0278756,-1.0278756,SL,5,20,2.0,1.5,0.5357,0.5254,0.53055,1.941363,0.003752,1.0822,0.2111,BALANCED,NORMAL,BALANCED_NORMAL,18446
XRPUSDT,bb_balanced,1.5,2024-02-14 10:00:00+00:00,2024-02-14 13:30:00+00:00,-1,0.5321,0.5373469758391631,0.005246975839163115,0.5242295362412553,3.0,-1.03042324,-1.03042324,SL,43,20,2.0,1.5,0.530917,0.518083,0.5245,2.447083,0.003498,0.9289,0.2356,BALANCED,NORMAL,BALANCED_NORMAL,18466
XRPUSDT,bb_balanced,1.5,2024-02-15 21:00:00+00:00,2024-02-15 21:20:00+00:00,-1,0.5603,0.5695770133832826,0.009277013383282573,0.5463844799250761,3.0,-1.01811898,-1.01811898,SL,5,20,2.0,1.5,0.558685,0.541755,0.55022,3.076998,0.006185,1.3775,0.2363,BALANCED,NORMAL,BALANCED_NORMAL,18501
XRPUSDT,bb_balanced,1.5,2024-02-17 11:00:00+00:00,2024-02-17 13:35:00+00:00,1,0.5539,0.5471746806447088,0.006725319355291193,0.5639879790329367,3.0,-1.02470812,-1.02470812,SL,32,20,2.0,1.5,0.568276,0.554364,0.56132,2.478353,0.004484,0.7446,0.1569,BALANCED,NORMAL,BALANCED_NORMAL,18539
XRPUSDT,bb_balanced,1.5,2024-02-18 06:00:00+00:00,2024-02-18 17:25:00+00:00,-1,0.5568,0.5628832594569039,0.006083259456903911,0.547675110814644,3.0,-1.02745896,-1.02745896,SL,138,20,2.0,1.5,0.556859,0.544281,0.55057,2.284451,0.004056,0.7587,0.0649,BALANCED,NORMAL,BALANCED_NORMAL,18558
XRPUSDT,bb_balanced,1.5,2024-02-19 08:00:00+00:00,2024-02-19 14:05:00+00:00,-1,0.564,0.5695365936154615,0.005536593615461549,0.5556951095768077,3.0,1.46943969,1.46943969,TP,74,20,2.0,1.5,0.563821,0.555469,0.559645,1.492329,0.003691,0.9182,0.1337,BALANCED,NORMAL,BALANCED_NORMAL,18584
XRPUSDT,bb_balanced,1.5,2024-02-19 22:00:00+00:00,2024-02-20 03:45:00+00:00,-1,0.5653,0.5719419469131353,0.006641946913135244,0.5553370796302972,3.0,-1.02553318,-1.02553318,SL,70,20,2.0,1.5,0.564694,0.556236,0.560465,1.509132,0.004428,1.1362,0.0971,BALANCED,NORMAL,BALANCED_NORMAL,18598
XRPUSDT,bb_balanced,1.5,2024-02-20 04:00:00+00:00,2024-02-20 13:30:00+00:00,-1,0.568,0.5756575377204973,0.007657537720497376,0.5565136934192538,3.0,-1.02225258,-1.02225258,SL,115,20,2.0,1.5,0.567036,0.555384,0.56121,2.076269,0.005105,1.2897,0.0905,BALANCED,NORMAL,BALANCED_NORMAL,18604
XRPUSDT,bb_balanced,1.5,2024-02-20 16:00:00+00:00,2024-02-21 09:25:00+00:00,1,0.5551,0.5433054899337589,0.011794510066241104,0.5727917650993617,3.0,-1.01411928,-1.01411928,SL,210,20,2.0,1.5,0.57519,0.55662,0.565905,3.281444,0.007863,1.7838,0.1194,BALANCED,HIGH,BALANCED_HIGH,18616
XRPUSDT,bb_balanced,1.5,2024-02-22 21:00:00+00:00,2024-02-22 23:20:00+00:00,-1,0.5516,0.5585480103232024,0.006948010323202469,0.5411779845151963,3.0,1.47618311,1.47618311,TP,29,20,2.0,1.5,0.551467,0.538413,0.54494,2.395377,0.004632,0.8023,0.1085,BALANCED,NORMAL,BALANCED_NORMAL,18669
XRPUSDT,bb_balanced,1.5,2024-02-23 09:00:00+00:00,2024-02-23 16:00:00+00:00,1,0.5326,0.5256057279093902,0.0069942720906097655,0.5430914081359146,3.0,-1.02284441,-1.02284441,SL,85,20,2.0,1.5,0.551002,0.533748,0.542375,3.181074,0.004663,0.8773,0.2355,BALANCED,NORMAL,BALANCED_NORMAL,18681
XRPUSDT,bb_balanced,1.5,2024-02-24 10:00:00+00:00,2024-02-26 09:20:00+00:00,-1,0.5448,0.5508060387237608,0.00600603872376082,0.5357909419143587,3.0,1.47278739,1.47278739,TP,569,20,2.0,1.5,0.54486,0.53086,0.53786,2.602844,0.004004,0.8858,0.177,BALANCED,NORMAL,BALANCED_NORMAL,18706
XRPUSDT,bb_balanced,1.5,2024-02-25 14:00:00+00:00,2024-02-26 02:35:00+00:00,1,0.5441,0.5405900954798207,0.0035099045201792967,0.5493648567802689,3.0,-1.04650554,-1.04650554,SL,152,20,2.0,1.5,0.547658,0.544202,0.54593,0.63288,0.00234,0.6487,0.2222,BALANCED,NORMAL,BALANCED_NORMAL,18734
XRPUSDT,bb_balanced,1.5,2024-02-25 17:00:00+00:00,2024-02-26 02:55:00+00:00,1,0.5431,0.5392686369421159,0.0038313630578841185,0.5488470445868262,3.0,-1.04252534,-1.04252534,SL,120,20,2.0,1.5,0.547909,0.543521,0.545715,0.804038,0.002554,0.7296,0.1038,BALANCED,NORMAL,BALANCED_NORMAL,18737
XRPUSDT,bb_balanced,1.5,2024-02-26 02:00:00+00:00,2024-02-26 07:30:00+00:00,1,0.5416,0.5377501553504411,0.0038498446495588423,0.5473747669743383,3.0,-1.0422043,-1.0422043,SL,67,20,2.0,1.5,0.547915,0.541885,0.5449,1.106733,0.002567,0.8124,0.2632,BALANCED,NORMAL,BALANCED_NORMAL,18746
XRPUSDT,bb_balanced,1.5,2024-02-26 18:00:00+00:00,2024-02-27 01:45:00+00:00,-1,0.5497,0.555616694529121,0.005916694529121025,0.5408249582063185,3.0,-1.02787198,-1.02787198,SL,94,20,2.0,1.5,0.548923,0.530057,0.53949,3.496969,0.003944,1.393,0.1329,BALANCED,NORMAL,BALANCED_NORMAL,18762
XRPUSDT,bb_balanced,1.5,2024-02-28 17:00:00+00:00,2024-02-28 17:30:00+00:00,-1,0.6026,0.6151512594851727,0.012551259485172661,0.583773110772241,3.0,1.48559666,1.48559666,TP,7,20,2.0,1.5,0.595967,0.575143,0.585555,3.556352,0.008368,1.4037,0.3127,BALANCED,NORMAL,BALANCED_NORMAL,18809
XRPUSDT,bb_balanced,1.5,2024-02-28 19:00:00+00:00,2024-02-29 06:15:00+00:00,1,0.5674,0.5446779956479889,0.022722004352011105,0.6014830065280167,3.0,1.49250858,1.49250858,TP,136,20,2.0,1.5,0.598004,0.569996,0.584,4.795841,0.015148,2.3632,0.2045,BALANCED,HIGH,BALANCED_HIGH,18811
XRPUSDT,bb_balanced,1.5,2024-02-29 23:00:00+00:00,2024-03-02 00:55:00+00:00,1,0.5849,0.5639235792209082,0.020976420779091787,0.6163646311686377,3.0,1.49163489,1.49163489,TP,312,20,2.0,1.5,0.613409,0.585561,0.599485,4.645408,0.013984,1.3344,0.0559,BALANCED,NORMAL,BALANCED_NORMAL,18839
XRPUSDT,bb_balanced,1.5,2024-03-01 23:00:00+00:00,2024-03-02 00:45:00+00:00,-1,0.6011,0.6125180609355715,0.011418060935571517,0.5839729085966427,3.0,-1.0157934,-1.0157934,SL,22,20,2.0,1.5,0.600785,0.585845,0.593315,2.51806,0.007612,0.6854,0.1695,BALANCED,NORMAL,BALANCED_NORMAL,18863
XRPUSDT,bb_balanced,1.5,2024-03-03 08:00:00+00:00,2024-03-04 02:50:00+00:00,1,0.6107,0.5940471115509258,0.0166528884490742,0.6356793326736113,3.0,1.4889983,1.4889983,TP,227,20,2.0,1.5,0.648491,0.619829,0.63416,4.519636,0.011102,1.2222,0.3482,BALANCED,NORMAL,BALANCED_NORMAL,18896
XRPUSDT,bb_balanced,1.5,2024-03-04 07:00:00+00:00,2024-03-04 11:30:00+00:00,-1,0.6443,0.6589604806472193,0.014660480647219365,0.6223092790291709,3.0,-1.01318442,-1.01318442,SL,55,20,2.0,1.5,0.638955,0.618205,0.62858,3.301119,0.009774,1.0525,0.3369,BALANCED,NORMAL,BALANCED_NORMAL,18919
XRPUSDT,bb_balanced,1.5,2024-03-05 17:00:00+00:00,2024-03-05 19:15:00+00:00,1,0.6284,0.6085932093597611,0.019806790640238825,0.6581101859603582,3.0,-1.00951795,-1.00951795,SL,28,20,2.0,1.5,0.663206,0.632744,0.647975,4.701068,0.013205,1.2497,0.2543,BALANCED,NORMAL,BALANCED_NORMAL,18953
XRPUSDT,bb_balanced,1.5,2024-03-07 04:00:00+00:00,2024-03-08 15:30:00+00:00,-1,0.628,0.644440591695546,0.016440591695546014,0.6033391124566809,3.0,1.48854056,1.48854056,TP,427,20,2.0,1.5,0.62425,0.59748,0.610865,4.38215,0.01096,0.801,0.1595,BALANCED,NORMAL,BALANCED_NORMAL,18988
XRPUSDT,bb_balanced,1.5,2024-03-08 16:00:00+00:00,2024-03-10 22:55:00+00:00,1,0.6146,0.6012911574070057,0.013308842592994363,0.6345632638894916,3.0,-1.01385395,-1.01385395,SL,660,20,2.0,1.5,0.637549,0.617951,0.62775,3.121969,0.008873,0.9205,0.3252,BALANCED,NORMAL,BALANCED_NORMAL,19024
XRPUSDT,bb_balanced,1.5,2024-03-10 08:00:00+00:00,2024-03-10 09:30:00+00:00,-1,0.627,0.6335415026862918,0.0065415026862918335,0.6171877459705623,3.0,1.47124514,1.47124514,TP,19,20,2.0,1.5,0.626326,0.619464,0.622895,1.10173,0.004361,0.6722,0.0899,BALANCED,NORMAL,BALANCED_NORMAL,19064
XRPUSDT,bb_balanced,1.5,2024-03-10 13:00:00+00:00,2024-03-10 14:35:00+00:00,1,0.6155,0.6078223219735428,0.007677678026457246,0.627016517039686,3.0,-1.02405024,-1.02405024,SL,20,20,2.0,1.5,0.628042,0.617128,0.622585,1.752962,0.005118,0.8191,0.1535,BALANCED,NORMAL,BALANCED_NORMAL,19069
XRPUSDT,bb_balanced,1.5,2024-03-11 08:00:00+00:00,2024-03-11 15:40:00+00:00,-1,0.6209,0.6322593277956459,0.011359327795645857,0.6038610083065312,3.0,-1.01639798,-1.01639798,SL,93,20,2.0,1.5,0.620278,0.598772,0.609525,3.52839,0.007573,1.3358,0.0185,BALANCED,NORMAL,BALANCED_NORMAL,19088
XRPUSDT,bb_balanced,1.5,2024-03-13 14:00:00+00:00,2024-03-14 09:45:00+00:00,1,0.6767,0.661298822792845,0.015401177207154948,0.6998017658107324,3.0,1.48681854,1.48681854,TP,238,20,2.0,1.5,0.703779,0.680101,0.69194,3.422116,0.010267,0.7138,0.1815,BALANCED,NORMAL,BALANCED_NORMAL,19142
XRPUSDT,bb_balanced,1.5,2024-03-14 10:00:00+00:00,2024-03-14 11:15:00+00:00,-1,0.7,0.7135368684667971,0.013536868466797136,0.6796946972998043,3.0,1.48448681,1.48448681,TP,16,20,2.0,1.5,0.694794,0.673906,0.68435,3.052307,0.009025,0.7609,0.2953,BALANCED,NORMAL,BALANCED_NORMAL,19162
XRPUSDT,bb_balanced,1.5,2024-03-14 16:00:00+00:00,2024-03-14 19:25:00+00:00,1,0.6695,0.6508780493582403,0.018621950641759644,0.6974329259626395,3.0,-1.01078566,-1.01078566,SL,42,20,2.0,1.5,0.69697,0.67033,0.68365,3.896639,0.012415,1.1056,0.1336,BALANCED,NORMAL,BALANCED_NORMAL,19168
XRPUSDT,bb_balanced,1.5,2024-03-16 13:00:00+00:00,2024-03-16 18:05:00+00:00,1,0.623,0.6093815812707841,0.013618418729215875,0.6434276280938238,3.0,-1.01372406,-1.01372406,SL,62,20,2.0,1.5,0.646828,0.624022,0.635425,3.589026,0.009079,0.6997,0.0331,BALANCED,NORMAL,BALANCED_NORMAL,19213
XRPUSDT,bb_balanced,1.5,2024-03-18 14:00:00+00:00,2024-03-18 22:20:00+00:00,1,0.6033,0.5918770118856688,0.011422988114331178,0.6204344821714967,3.0,1.48415563,1.48415563,TP,101,20,2.0,1.5,0.62936,0.60523,0.617295,3.908905,0.007615,0.8446,0.2875,BALANCED,NORMAL,BALANCED_NORMAL,19262
XRPUSDT,bb_balanced,1.5,2024-03-18 23:00:00+00:00,2024-03-18 23:15:00+00:00,-1,0.6336,0.6475657320811627,0.013965732081162696,0.6126514018782561,3.0,-1.01361046,-1.01361046,SL,4,20,2.0,1.5,0.63134,0.59511,0.613225,5.908093,0.00931,1.0685,0.2111,BALANCED,NORMAL,BALANCED_NORMAL,19271
XRPUSDT,bb_balanced,1.5,2024-03-19 09:00:00+00:00,2024-03-20 20:20:00+00:00,1,0.5808,0.5593876706289773,0.021412329371022665,0.612918494056534,3.0,1.49186263,1.49186263,TP,425,20,2.0,1.5,0.637665,0.582045,0.609855,9.120282,0.014275,1.5523,0.2486,BALANCED,HIGH,BALANCED_HIGH,19281
XRPUSDT,bb_balanced,1.5,2024-03-20 20:00:00+00:00,2024-03-21 10:00:00+00:00,-1,0.6069,0.623498624277298,0.01659862427729797,0.582002063584053,3.0,-1.01096898,-1.01096898,SL,169,20,2.0,1.5,0.606149,0.575661,0.590905,5.159614,0.011066,0.95,0.1926,BALANCED,NORMAL,BALANCED_NORMAL,19316
XRPUSDT,bb_balanced,1.5,2024-03-22 11:00:00+00:00,2024-03-22 13:45:00+00:00,1,0.6222,0.6088027794486048,0.01339722055139514,0.6422958308270927,3.0,-1.01393274,-1.01393274,SL,34,20,2.0,1.5,0.645159,0.624371,0.634765,3.27488,0.008931,0.9113,0.071,BALANCED,NORMAL,BALANCED_NORMAL,19355
XRPUSDT,bb_balanced,1.5,2024-03-23 10:00:00+00:00,2024-03-23 14:05:00+00:00,-1,0.6197,0.6292110862073571,0.009511086207357078,0.6054333706889644,3.0,-1.01954666,-1.01954666,SL,50,20,2.0,1.5,0.619066,0.606044,0.612555,2.125769,0.006341,0.7049,0.2969,BALANCED,NORMAL,BALANCED_NORMAL,19378
XRPUSDT,bb_balanced,1.5,2024-03-25 05:00:00+00:00,2024-03-25 14:25:00+00:00,-1,0.6353,0.6422587677045375,0.006958767704537516,0.6248618484431937,3.0,-1.02738847,-1.02738847,SL,114,20,2.0,1.5,0.635239,0.628061,0.63165,1.13626,0.004639,0.8175,0.1275,BALANCED,NORMAL,BALANCED_NORMAL,19421
XRPUSDT,bb_balanced,1.5,2024-03-25 12:00:00+00:00,2024-03-25 14:15:00+00:00,1,0.6274,0.6205632646714103,0.006836735328589638,0.6376551029928844,3.0,1.47246932,1.47246932,TP,28,20,2.0,1.5,0.635814,0.627456,0.631635,1.323273,0.004558,0.8558,0.1257,BALANCED,NORMAL,BALANCED_NORMAL,19428
XRPUSDT,bb_balanced,1.5,2024-03-25 15:00:00+00:00,2024-03-25 16:55:00+00:00,-1,0.6438,0.6517663110484372,0.007966311048437147,0.6318505334273443,3.0,-1.0242446,-1.0242446,SL,24,20,2.0,1.5,0.638927,0.626173,0.63255,2.01628,0.005311,1.0108,0.2743,BALANCED,NORMAL,BALANCED_NORMAL,19431
XRPUSDT,bb_balanced,1.5,2024-03-26 14:00:00+00:00,2024-03-26 14:30:00+00:00,1,0.6381,0.6283023783311291,0.009797621668870882,0.6527964325033063,3.0,-1.01953842,-1.01953842,SL,7,20,2.0,1.5,0.654259,0.638861,0.64656,2.381667,0.006532,1.1363,0.2014,BALANCED,NORMAL,BALANCED_NORMAL,19454
XRPUSDT,bb_balanced,1.5,2024-03-28 09:00:00+00:00,2024-03-28 16:45:00+00:00,-1,0.6241,0.633024492824351,0.008924492824351038,0.6107132607634734,3.0,-1.02097934,-1.02097934,SL,94,20,2.0,1.5,0.623824,0.606036,0.61493,2.892562,0.00595,0.9636,0.0288,BALANCED,NORMAL,BALANCED_NORMAL,19497
XRPUSDT,bb_balanced,1.5,2024-03-29 08:00:00+00:00,2024-03-29 10:50:00+00:00,1,0.6109,0.6024776905712702,0.00842230942872979,0.6235334641430947,3.0,1.47823994,1.47823994,TP,35,20,2.0,1.5,0.634381,0.614019,0.6242,3.261958,0.005615,0.9408,0.2456,BALANCED,NORMAL,BALANCED_NORMAL,19520
XRPUSDT,bb_balanced,1.5,2024-03-30 15:00:00+00:00,2024-03-30 21:05:00+00:00,-1,0.6345,0.6420169690716679,0.007516969071667989,0.6232245463924979,3.0,1.47467729,1.47467729,TP,74,20,2.0,1.5,0.632591,0.622309,0.62745,1.6387,0.005011,0.8383,0.2133,BALANCED,NORMAL,BALANCED_NORMAL,19551
XRPUSDT,bb_balanced,1.5,2024-04-01 02:00:00+00:00,2024-04-01 05:40:00+00:00,-1,0.6313,0.6361855560753202,0.004885556075320263,0.6239716658870196,3.0,1.46123471,1.46123471,TP,45,20,2.0,1.5,0.631185,0.625225,0.628205,0.948601,0.003257,0.7426,0.2841,BALANCED,NORMAL,BALANCED_NORMAL,19586
XRPUSDT,bb_balanced,1.5,2024-04-01 07:00:00+00:00,2024-04-01 14:35:00+00:00,1,0.6137,0.6049100813242364,0.00878991867576362,0.6268848780136455,3.0,-1.02094559,-1.02094559,SL,92,20,2.0,1.5,0.638246,0.615304,0.626775,3.660431,0.00586,1.4004,0.2835,BALANCED,NORMAL,BALANCED_NORMAL,19591
XRPUSDT,bb_balanced,1.5,2024-04-02 03:00:00+00:00,2024-04-02 10:00:00+00:00,1,0.5983,0.5863507636044074,0.011949236395592644,0.616223854593389,3.0,-1.01502104,-1.01502104,SL,85,20,2.0,1.5,0.619332,0.600228,0.60978,3.132962,0.007966,1.7429,0.2175,BALANCED,HIGH,BALANCED_HIGH,19611
XRPUSDT,bb_balanced,1.5,2024-04-03 21:00:00+00:00,2024-04-04 13:00:00+00:00,1,0.5716,0.5620022956727134,0.009597704327286571,0.5859965564909299,3.0,1.48213323,1.48213323,TP,193,20,2.0,1.5,0.593871,0.573509,0.58369,3.488476,0.006398,0.9007,0.1246,BALANCED,NORMAL,BALANCED_NORMAL,19653
XRPUSDT,bb_balanced,1.5,2024-04-04 14:00:00+00:00,2024-04-05 05:20:00+00:00,-1,0.5965,0.6081845355399985,0.011684535539998486,0.5789731966900022,3.0,1.48468489,1.48468489,TP,185,20,2.0,1.5,0.586608,0.563952,0.57528,3.938422,0.00779,1.1475,0.3091,BALANCED,NORMAL,BALANCED_NORMAL,19670
XRPUSDT,bb_balanced,1.5,2024-04-06 16:00:00+00:00,2024-04-07 13:35:00+00:00,-1,0.5946,0.6003262527685985,0.005726252768598505,0.5860106208471023,3.0,-1.03115126,-1.03115126,SL,260,20,2.0,1.5,0.593207,0.586143,0.589675,1.197971,0.003818,0.6307,0.2308,BALANCED,NORMAL,BALANCED_NORMAL,19720
XRPUSDT,bb_balanced,1.5,2024-04-06 23:00:00+00:00,2024-04-07 13:35:00+00:00,-1,0.5943,0.5995849539789201,0.005284953978920037,0.5863725690316199,3.0,-1.03373539,-1.03373539,SL,176,20,2.0,1.5,0.59431,0.58718,0.590745,1.206793,0.003523,0.6409,0.1761,BALANCED,NORMAL,BALANCED_NORMAL,19727
XRPUSDT,bb_balanced,1.5,2024-04-07 20:00:00+00:00,2024-04-08 07:00:00+00:00,1,0.5913,0.5858787334228236,0.0054212665771764534,0.5994318998657647,3.0,1.46727886,1.46727886,TP,133,20,2.0,1.5,0.60055,0.59219,0.59637,1.401975,0.003614,0.9142,0.0585,BALANCED,NORMAL,BALANCED_NORMAL,19748
XRPUSDT,bb_balanced,1.5,2024-04-08 08:00:00+00:00,2024-04-08 08:50:00+00:00,-1,0.6024,0.6085492356159583,0.0061492356159582595,0.5931761465760627,3.0,-1.02938902,-1.02938902,SL,11,20,2.0,1.5,0.601615,0.588275,0.594945,2.242249,0.004099,1.1526,0.1065,BALANCED,NORMAL,BALANCED_NORMAL,19760
XRPUSDT,bb_balanced,1.5,2024-04-09 13:00:00+00:00,2024-04-09 14:40:00+00:00,-1,0.6308,0.6420060069408581,0.011206006940858049,0.613990989588713,3.0,1.48311263,1.48311263,TP,21,20,2.0,1.5,0.629683,0.605627,0.617655,3.894692,0.007471,1.5794,0.2025,BALANCED,HIGH,BALANCED_HIGH,19789
XRPUSDT,bb_balanced,1.5,2024-04-10 03:00:00+00:00,2024-04-11 00:30:00+00:00,1,0.6029,0.5906715225222178,0.012228477477782218,0.6212427162166734,3.0,1.48520912,1.48520912,TP,259,20,2.0,1.5,0.63306,0.60313,0.618095,4.84224,0.008152,1.3404,0.1595,BALANCED,NORMAL,BALANCED_NORMAL,19803
XRPUSDT,bb_balanced,1.5,2024-04-11 12:00:00+00:00,2024-04-12 13:00:00+00:00,1,0.6097,0.6017557175478906,0.00794428245210943,0.6216164236781642,3.0,-1.02302411,-1.02302411,SL,301,20,2.0,1.5,0.622214,0.612496,0.617355,1.574135,0.005296,0.7378,0.0462,BALANCED,NORMAL,BALANCED_NORMAL,19836
XRPUSDT,bb_balanced,1.5,2024-04-12 13:00:00+00:00,2024-04-12 13:20:00+00:00,1,0.6035,0.5970631342870777,0.006436865712922346,0.6131552985693836,3.0,-1.02812704,-1.02812704,SL,5,20,2.0,1.5,0.614983,0.605667,0.610325,1.526348,0.004291,0.7591,0.1592,BALANCED,NORMAL,BALANCED_NORMAL,19861
XRPUSDT,bb_balanced,1.5,2024-04-13 17:00:00+00:00,2024-04-13 17:25:00+00:00,1,0.533,0.520986201859616,0.012013798140384058,0.5510206972105761,3.0,-1.0133097,-1.0133097,SL,6,20,2.0,1.5,0.551127,0.534313,0.54272,3.098203,0.008009,1.0976,0.1598,BALANCED,NORMAL,BALANCED_NORMAL,19889
XRPUSDT,bb_balanced,1.5,2024-04-14 23:00:00+00:00,2024-04-16 04:45:00+00:00,-1,0.5043,0.522687429723561,0.018387429723561,0.47671885541465847,3.0,1.4917721,1.4917721,TP,358,20,2.0,1.5,0.501865,0.474985,0.488425,5.50325,0.012258,0.9524,0.3002,BALANCED,NORMAL,BALANCED_NORMAL,19919
XRPUSDT,bb_balanced,1.5,2024-04-17 08:00:00+00:00,2024-04-17 11:30:00+00:00,-1,0.5038,0.5128986101325717,0.009098610132571627,0.4901520848011426,3.0,1.48338867,1.48338867,TP,43,20,2.0,1.5,0.503761,0.485089,0.494425,3.776391,0.006066,0.6968,0.3497,BALANCED,NORMAL,BALANCED_NORMAL,19976
XRPUSDT,bb_balanced,1.5,2024-04-17 12:00:00+00:00,2024-04-17 15:30:00+00:00,1,0.4874,0.47799465316544204,0.00940534683455796,0.5015080202518369,3.0,-1.01554648,-1.01554648,SL,43,20,2.0,1.5,0.502487,0.488813,0.49565,2.758844,0.00627,0.7457,0.0068,BALANCED,NORMAL,BALANCED_NORMAL,19980
XRPUSDT,bb_balanced,1.5,2024-04-18 15:00:00+00:00,2024-04-19 01:30:00+00:00,-1,0.501,0.5110819286181609,0.010081928618160929,0.4858771070727586,3.0,1.48509214,1.48509214,TP,127,20,2.0,1.5,0.500541,0.487499,0.49402,2.639942,0.006721,0.9378,0.0361,BALANCED,NORMAL,BALANCED_NORMAL,20007
XRPUSDT,bb_balanced,1.5,2024-04-19 02:00:00+00:00,2024-04-19 02:20:00+00:00,1,0.4795,0.4697035440300105,0.00979645596998946,0.49419468395498417,3.0,-1.01468388,-1.01468388,SL,5,20,2.0,1.5,0.507828,0.483562,0.495695,4.895352,0.006531,0.9716,0.2446,BALANCED,NORMAL,BALANCED_NORMAL,20018
XRPUSDT,bb_balanced,1.5,2024-04-20 04:00:00+00:00,2024-04-20 09:35:00+00:00,-1,0.5114,0.5212768969603034,0.009876896960303472,0.49658465455954476,3.0,-1.01553322,-1.01553322,SL,68,20,2.0,1.5,0.509576,0.496084,0.50283,2.683092,0.006585,0.966,0.3084,BALANCED,NORMAL,BALANCED_NORMAL,20044
XRPUSDT,bb_balanced,1.5,2024-04-22 04:00:00+00:00,2024-04-22 15:35:00+00:00,-1,0.533,0.5409475607401274,0.007947560740127368,0.521078658889809,3.0,-1.02011938,-1.02011938,SL,140,20,2.0,1.5,0.532826,0.520104,0.526465,2.416458,0.005298,0.9873,0.0083,BALANCED,NORMAL,BALANCED_NORMAL,20092
XRPUSDT,bb_balanced,1.5,2024-04-25 11:00:00+00:00,2024-04-25 18:50:00+00:00,1,0.5169,0.5079985790997301,0.008901420900269907,0.5302521313504049,3.0,1.48257919,1.48257919,TP,95,20,2.0,1.5,0.536859,0.518271,0.527565,3.523493,0.005934,1.0998,0.2344,BALANCED,NORMAL,BALANCED_NORMAL,20171
XRPUSDT,bb_balanced,1.5,2024-04-28 03:00:00+00:00,2024-04-28 22:10:00+00:00,-1,0.5231,0.5285751740619925,0.005475174061992494,0.5148872389070113,3.0,1.4713379,1.4713379,TP,231,20,2.0,1.5,0.522883,0.511687,0.517285,2.164222,0.00365,0.7632,0.25,BALANCED,NORMAL,BALANCED_NORMAL,20235
XRPUSDT,bb_balanced,1.5,2024-04-30 09:00:00+00:00,2024-04-30 12:10:00+00:00,1,0.5009,0.49352146374445927,0.007378536255540746,0.5119678043833111,3.0,-1.02036583,-1.02036583,SL,39,20,2.0,1.5,0.520732,0.505488,0.51311,2.970921,0.004919,1.2915,0.1299,BALANCED,NORMAL,BALANCED_NORMAL,20289
XRPUSDT,bb_balanced,1.5,2024-05-01 08:00:00+00:00,2024-05-01 08:15:00+00:00,1,0.4905,0.48186824292975444,0.00863175707024555,0.5034476356053683,3.0,-1.01704751,-1.01704751,SL,4,20,2.0,1.5,0.504759,0.491731,0.498245,2.614954,0.005755,1.1663,0.1518,BALANCED,NORMAL,BALANCED_NORMAL,20312
XRPUSDT,bb_balanced,1.5,2024-05-01 18:00:00+00:00,2024-05-01 18:50:00+00:00,-1,0.5088,0.5181525557986706,0.009352555798670559,0.4947711663019942,3.0,-1.01632067,-1.01632067,SL,11,20,2.0,1.5,0.50832,0.48787,0.498095,4.10555,0.006235,1.1814,0.2581,BALANCED,NORMAL,BALANCED_NORMAL,20322
XRPUSDT,bb_balanced,1.5,2024-05-02 15:00:00+00:00,2024-05-03 16:40:00+00:00,-1,0.5192,0.527566845659355,0.008366845659354971,0.5066497315109675,3.0,-1.01861633,-1.01861633,SL,309,20,2.0,1.5,0.51899,0.50827,0.51363,2.087207,0.005578,0.9292,0.0418,BALANCED,NORMAL,BALANCED_NORMAL,20343
XRPUSDT,bb_balanced,1.5,2024-05-03 11:00:00+00:00,2024-05-03 14:00:00+00:00,1,0.5159,0.5093553061490592,0.006544693850940808,0.5257170407764112,3.0,1.47635184,1.47635184,TP,37,20,2.0,1.5,0.522955,0.516475,0.519715,1.246808,0.004363,0.7768,0.1185,BALANCED,NORMAL,BALANCED_NORMAL,20363
XRPUSDT,bb_balanced,1.5,2024-05-03 14:00:00+00:00,2024-05-03 20:15:00+00:00,-1,0.5246,0.5313193303172438,0.00671933031724381,0.5145210045241342,3.0,-1.02342198,-1.02342198,SL,76,20,2.0,1.5,0.524227,0.515503,0.519865,1.678219,0.00448,0.8128,0.0874,BALANCED,NORMAL,BALANCED_NORMAL,20366
XRPUSDT,bb_balanced,1.5,2024-05-06 05:00:00+00:00,2024-05-06 07:55:00+00:00,-1,0.5341,0.5384978178994065,0.00439781789940652,0.5275032731508902,3.0,-1.03643398,-1.03643398,SL,36,20,2.0,1.5,0.532664,0.527016,0.52984,1.066158,0.002932,0.9106,0.1979,BALANCED,NORMAL,BALANCED_NORMAL,20429
XRPUSDT,bb_balanced,1.5,2024-05-06 17:00:00+00:00,2024-05-06 17:05:00+00:00,-1,0.5528,0.5635808936418465,0.010780893641846534,0.5366286595372302,3.0,-1.01538277,-1.01538277,SL,2,20,2.0,1.5,0.551541,0.519019,0.53528,6.075679,0.007187,2.1115,0.313,BALANCED,HIGH,BALANCED_HIGH,20441
XRPUSDT,bb_balanced,1.5,2024-05-07 22:00:00+00:00,2024-05-07 23:05:00+00:00,1,0.5317,0.5236616989661954,0.00803830103380454,0.5437574515507068,3.0,-1.01984375,-1.01984375,SL,14,20,2.0,1.5,0.543942,0.532118,0.53803,2.197542,0.005359,1.0226,0.2543,BALANCED,NORMAL,BALANCED_NORMAL,20470
XRPUSDT,bb_balanced,1.5,2024-05-10 13:00:00+00:00,2024-05-10 14:15:00+00:00,1,0.5121,0.5070267681613214,0.005073231838678582,0.5197098477580179,3.0,-1.03028247,-1.03028247,SL,16,20,2.0,1.5,0.521109,0.513661,0.517385,1.439595,0.003382,0.7884,0.086,BALANCED,NORMAL,BALANCED_NORMAL,20533
XRPUSDT,bb_balanced,1.5,2024-05-11 16:00:00+00:00,2024-05-12 20:05:00+00:00,-1,0.5065,0.5109355505783802,0.004435550578380298,0.4998466741324295,3.0,1.4657427,1.4657427,TP,338,20,2.0,1.5,0.506323,0.500717,0.50352,1.113475,0.002957,0.773,0.0672,BALANCED,NORMAL,BALANCED_NORMAL,20560
XRPUSDT,bb_balanced,1.5,2024-05-12 09:00:00+00:00,2024-05-12 19:00:00+00:00,1,0.5039,0.5006502311500394,0.0032497688499606436,0.508774653274941,3.0,-1.04651715,-1.04651715,SL,121,20,2.0,1.5,0.50812,0.50395,0.506035,0.824231,0.002167,0.6708,0.0068,BALANCED,NORMAL,BALANCED_NORMAL,20577
XRPUSDT,bb_balanced,1.5,2024-05-14 22:00:00+00:00,2024-05-15 14:50:00+00:00,1,0.5019,0.4956503991150091,0.006249600884990936,0.5112744013274864,3.0,1.47590726,1.47590726,TP,203,20,2.0,1.5,0.508425,0.501985,0.505205,1.274822,0.004166,1.1352,0.1089,BALANCED,NORMAL,BALANCED_NORMAL,20638
XRPUSDT,bb_balanced,1.5,2024-05-15 14:00:00+00:00,2024-05-15 16:15:00+00:00,-1,0.5079,0.5137543716058512,0.005854371605851227,0.4991184425912232,3.0,-1.0260267,-1.0260267,SL,28,20,2.0,1.5,0.506571,0.496449,0.50151,2.018379,0.003903,1.0236,0.1398,BALANCED,NORMAL,BALANCED_NORMAL,20654
XRPUSDT,bb_balanced,1.5,2024-05-16 15:00:00+00:00,2024-05-17 12:20:00+00:00,1,0.5146,0.5090890040796806,0.005510995920319339,0.522866493880479,3.0,1.47198691,1.47198691,TP,257,20,2.0,1.5,0.520483,0.514717,0.5176,1.114008,0.003674,0.9782,0.0695,BALANCED,NORMAL,BALANCED_NORMAL,20679
XRPUSDT,bb_balanced,1.5,2024-05-17 08:00:00+00:00,2024-05-17 15:20:00+00:00,-1,0.5214,0.526187752274439,0.004787752274439061,0.5142183715883414,3.0,-1.03267086,-1.03267086,SL,89,20,2.0,1.5,0.520391,0.513369,0.51688,1.358717,0.003192,0.9004,0.1103,BALANCED,NORMAL,BALANCED_NORMAL,20696
XRPUSDT,bb_balanced,1.5,2024-05-18 14:00:00+00:00,2024-05-19 11:00:00+00:00,1,0.5195,0.5160363574015083,0.003463642598491634,0.5246954638977375,3.0,-1.04499598,-1.04499598,SL,253,20,2.0,1.5,0.52517,0.52079,0.52298,0.83736,0.002309,0.7464,0.253,BALANCED,NORMAL,BALANCED_NORMAL,20726
XRPUSDT,bb_balanced,1.5,2024-05-19 12:00:00+00:00,2024-05-19 12:15:00+00:00,1,0.5173,0.514252096629904,0.0030479033700959723,0.521871855055144,3.0,-1.05091697,-1.05091697,SL,4,20,2.0,1.5,0.522991,0.518209,0.5206,0.918485,0.002032,0.8273,0.2973,BALANCED,NORMAL,BALANCED_NORMAL,20748
XRPUSDT,bb_balanced,1.5,2024-05-20 17:00:00+00:00,2024-05-20 18:45:00+00:00,-1,0.5192,0.524380020257341,0.005180020257340989,0.5114299696139886,3.0,-1.03006938,-1.03006938,SL,22,20,2.0,1.5,0.518201,0.506909,0.512555,2.203101,0.003453,1.3873,0.2742,BALANCED,NORMAL,BALANCED_NORMAL,20777
XRPUSDT,bb_balanced,1.5,2024-05-22 13:00:00+00:00,2024-05-23 12:55:00+00:00,1,0.5279,0.5204089244810431,0.007491075518956891,0.5391366132784354,3.0,-1.02114116,-1.02114116,SL,288,20,2.0,1.5,0.543442,0.528798,0.53612,2.731445,0.004994,1.063,0.3446,BALANCED,NORMAL,BALANCED_NORMAL,20821
XRPUSDT,bb_balanced,1.5,2024-05-22 19:00:00+00:00,2024-05-22 21:05:00+00:00,1,0.5289,0.5213244127215036,0.007575587278496387,0.5402633809177446,3.0,-1.02094491,-1.02094491,SL,26,20,2.0,1.5,0.539114,0.528966,0.53404,1.900089,0.00505,1.0352,0.2431,BALANCED,NORMAL,BALANCED_NORMAL,20827
XRPUSDT,bb_balanced,1.5,2024-05-23 13:00:00+00:00,2024-05-23 13:45:00+00:00,1,0.5244,0.5174484434143136,0.006951556585686358,0.5348273348785295,3.0,1.4773691,1.4773691,TP,10,20,2.0,1.5,0.531436,0.524624,0.52803,1.290054,0.004634,0.9585,0.3073,BALANCED,NORMAL,BALANCED_NORMAL,20845
XRPUSDT,bb_balanced,1.5,2024-05-23 19:00:00+00:00,2024-05-23 20:00:00+00:00,1,0.5203,0.5082599546184784,0.012040045381521591,0.5383600680722824,3.0,-1.01296424,-1.01296424,SL,13,20,2.0,1.5,0.532625,0.522265,0.527445,1.964241,0.008027,1.5442,0.1411,BALANCED,HIGH,BALANCED_HIGH,20851
XRPUSDT,bb_balanced,1.5,2024-05-25 11:00:00+00:00,2024-05-25 13:35:00+00:00,-1,0.5408,0.5460224451686453,0.00522244516864534,0.5329663322470319,3.0,1.46893409,1.46893409,TP,32,20,2.0,1.5,0.539372,0.530368,0.53487,1.683582,0.003482,0.5531,0.2274,BALANCED,LOW,BALANCED_LOW,20891
XRPUSDT,bb_balanced,1.5,2024-05-26 10:00:00+00:00,2024-05-26 15:45:00+00:00,1,0.5364,0.532296866609115,0.004103133390884972,0.5425547000863274,3.0,-1.03921881,-1.03921881,SL,70,20,2.0,1.5,0.542286,0.536864,0.539575,1.005,0.002735,0.6356,0.0594,BALANCED,NORMAL,BALANCED_NORMAL,20914
XRPUSDT,bb_balanced,1.5,2024-05-27 15:00:00+00:00,2024-05-27 15:45:00+00:00,-1,0.5355,0.5404955046197761,0.004995504619776159,0.5280067430703357,3.0,-1.03215891,-1.03215891,SL,10,20,2.0,1.5,0.534521,0.525999,0.53026,1.607025,0.00333,1.1362,0.1523,BALANCED,NORMAL,BALANCED_NORMAL,20943
XRPUSDT,bb_balanced,1.5,2024-05-28 05:00:00+00:00,2024-05-28 13:25:00+00:00,1,0.5241,0.5175494661092928,0.006550533890707255,0.5339258008360609,3.0,1.47599738,1.47599738,TP,102,20,2.0,1.5,0.541087,0.524733,0.53291,3.068817,0.004367,1.4195,0.1731,BALANCED,NORMAL,BALANCED_NORMAL,20957
XRPUSDT,bb_balanced,1.5,2024-05-29 19:00:00+00:00,2024-05-30 06:30:00+00:00,1,0.5256,0.5200291544387364,0.005570845561263527,0.5339562683418952,3.0,-1.0283045,-1.0283045,SL,139,20,2.0,1.5,0.531898,0.525622,0.52876,1.187082,0.003714,0.9629,0.1721,BALANCED,NORMAL,BALANCED_NORMAL,20995
XRPUSDT,bb_balanced,1.5,2024-06-02 06:00:00+00:00,2024-06-02 09:20:00+00:00,1,0.5184,0.5158903988654538,0.0025096011345461244,0.5221644017018192,3.0,-1.06197001,-1.06197001,SL,41,20,2.0,1.5,0.521672,0.518498,0.520085,0.610107,0.001673,0.6282,0.2479,BALANCED,NORMAL,BALANCED_NORMAL,21078
XRPUSDT,bb_balanced,1.5,2024-06-02 18:00:00+00:00,2024-06-02 18:00:00+00:00,1,0.5127,0.5091461580663711,0.003553841933628954,0.5180307629004435,3.0,-1.04327992,-1.04327992,SL,1,20,2.0,1.5,0.521725,0.514105,0.517915,1.471335,0.002369,0.9833,0.3169,BALANCED,NORMAL,BALANCED_NORMAL,21090
XRPUSDT,bb_balanced,1.5,2024-06-04 11:00:00+00:00,2024-06-04 14:05:00+00:00,-1,0.5245,0.5289805794072096,0.004480579407209584,0.5177791308891856,3.0,-1.03511823,-1.03511823,SL,38,20,2.0,1.5,0.523532,0.518568,0.52105,0.952821,0.002987,1.146,0.2238,BALANCED,NORMAL,BALANCED_NORMAL,21131
XRPUSDT,bb_balanced,1.5,2024-06-05 09:00:00+00:00,2024-06-06 06:20:00+00:00,-1,0.5296,0.53378881433513,0.0041888143351300755,0.5233167784973048,3.0,1.46207041,1.46207041,TP,257,20,2.0,1.5,0.529353,0.524437,0.526895,0.933024,0.002793,0.9954,0.2772,BALANCED,NORMAL,BALANCED_NORMAL,21153
XRPUSDT,bb_balanced,1.5,2024-06-06 07:00:00+00:00,2024-06-06 19:40:00+00:00,1,0.5233,0.5197759214094229,0.003524078590577129,0.5285861178858657,3.0,-1.04454781,-1.04454781,SL,153,20,2.0,1.5,0.530229,0.523821,0.527025,1.215756,0.002349,0.8482,0.2211,BALANCED,NORMAL,BALANCED_NORMAL,21175
XRPUSDT,bb_balanced,1.5,2024-06-06 20:00:00+00:00,2024-06-06 20:00:00+00:00,1,0.5204,0.5165300017166236,0.003869998283376419,0.5262049974250647,3.0,-1.0403411,-1.0403411,SL,1,20,2.0,1.5,0.528705,0.522145,0.525425,1.248577,0.00258,0.9793,0.2489,BALANCED,NORMAL,BALANCED_NORMAL,21188
XRPUSDT,bb_balanced,1.5,2024-06-07 18:00:00+00:00,2024-06-07 18:00:00+00:00,1,0.5134,0.5086800212832733,0.0047199787167266916,0.52047996807509,3.0,-1.0326315,-1.0326315,SL,1,20,2.0,1.5,0.52982,0.51746,0.52364,2.360561,0.003147,1.2635,0.2468,BALANCED,NORMAL,BALANCED_NORMAL,21210
XRPUSDT,bb_balanced,1.5,2024-06-09 13:00:00+00:00,2024-06-10 01:40:00+00:00,-1,0.4965,0.4999428918219891,0.0034428918219890914,0.49133566226701636,3.0,-1.04326305,-1.04326305,SL,153,20,2.0,1.5,0.495638,0.491852,0.493745,0.766627,0.002295,0.558,0.3014,BALANCED,LOW,BALANCED_LOW,21253
XRPUSDT,bb_balanced,1.5,2024-06-10 08:00:00+00:00,2024-06-10 10:30:00+00:00,1,0.4937,0.4903598825347032,0.0033401174652968324,0.4987101761979453,3.0,1.45565725,1.45565725,TP,31,20,2.0,1.5,0.500618,0.493722,0.49717,1.387033,0.002227,0.7724,0.0283,BALANCED,NORMAL,BALANCED_NORMAL,21272
XRPUSDT,bb_balanced,1.5,2024-06-10 15:00:00+00:00,2024-06-10 19:15:00+00:00,-1,0.503,0.507276114902728,0.0042761149027279455,0.4965858276459081,3.0,1.46471096,1.46471096,TP,52,20,2.0,1.5,0.501654,0.494426,0.49804,1.4511,0.002851,1.0842,0.2274,BALANCED,NORMAL,BALANCED_NORMAL,21279
XRPUSDT,bb_balanced,1.5,2024-06-11 02:00:00+00:00,2024-06-11 06:55:00+00:00,1,0.4874,0.4814206781976735,0.0059793218023265204,0.4963689827034898,3.0,-1.02445428,-1.02445428,SL,60,20,2.0,1.5,0.504627,0.490513,0.49757,2.836562,0.003986,1.6078,0.2737,BALANCED,HIGH,BALANCED_HIGH,21290
XRPUSDT,bb_balanced,1.5,2024-06-12 11:00:00+00:00,2024-06-12 12:30:00+00:00,-1,0.4846,0.48989880207839676,0.00529880207839678,0.4766517968824048,3.0,-1.02743639,-1.02743639,SL,19,20,2.0,1.5,0.484153,0.476197,0.480175,1.657054,0.003533,0.9228,0.0444,BALANCED,NORMAL,BALANCED_NORMAL,21323
XRPUSDT,bb_balanced,1.5,2024-06-13 16:00:00+00:00,2024-06-14 15:40:00+00:00,1,0.4805,0.47405160362408266,0.00644839637591732,0.49017259456387596,3.0,-1.0223544,-1.0223544,SL,285,20,2.0,1.5,0.492595,0.481995,0.487295,2.175115,0.004299,0.9986,0.0956,BALANCED,NORMAL,BALANCED_NORMAL,21352
XRPUSDT,bb_balanced,1.5,2024-06-14 16:00:00+00:00,2024-06-14 16:05:00+00:00,1,0.4741,0.46906857484097114,0.0050314251590288794,0.48164713773854334,3.0,-1.02826833,-1.02826833,SL,2,20,2.0,1.5,0.480974,0.475526,0.47825,1.138986,0.003354,0.8442,0.3101,BALANCED,NORMAL,BALANCED_NORMAL,21376
XRPUSDT,bb_balanced,1.5,2024-06-17 08:00:00+00:00,2024-06-17 13:05:00+00:00,-1,0.4991,0.505858055740524,0.006758055740524016,0.48896291638921396,3.0,-1.02215578,-1.02215578,SL,62,20,2.0,1.5,0.494886,0.484254,0.48957,2.171723,0.004505,1.3706,0.0693,BALANCED,NORMAL,BALANCED_NORMAL,21440
XRPUSDT,bb_balanced,1.5,2024-06-18 02:00:00+00:00,2024-06-18 08:35:00+00:00,1,0.4832,0.46864549304517217,0.01455450695482785,0.5050317604322418,3.0,1.4900402,1.4900402,TP,80,20,2.0,1.5,0.522374,0.485956,0.504165,7.223575,0.009703,2.0947,0.0895,BALANCED,HIGH,BALANCED_HIGH,21458
XRPUSDT,bb_balanced,1.5,2024-06-19 18:00:00+00:00,2024-06-21 00:10:00+00:00,-1,0.4973,0.5039818291484144,0.006681829148414364,0.4872772562773785,3.0,1.47767228,1.47767228,TP,363,20,2.0,1.5,0.496421,0.489349,0.492885,1.434691,0.004455,0.6053,0.2614,BALANCED,NORMAL,BALANCED_NORMAL,21498
XRPUSDT,bb_balanced,1.5,2024-06-20 08:00:00+00:00,2024-06-20 16:00:00+00:00,-1,0.4995,0.505562340164205,0.006062340164204982,0.4904064897536925,3.0,1.47528182,1.47528182,TP,97,20,2.0,1.5,0.497803,0.490367,0.494085,1.504872,0.004042,0.6548,0.2571,BALANCED,NORMAL,BALANCED_NORMAL,21512
XRPUSDT,bb_balanced,1.5,2024-06-21 12:00:00+00:00,2024-06-21 13:45:00+00:00,-1,0.494,0.49996794016928164,0.005967940169281649,0.4850480897460775,3.0,1.47516731,1.47516731,TP,22,20,2.0,1.5,0.493667,0.485993,0.48983,1.566763,0.003979,0.9892,0.0667,BALANCED,NORMAL,BALANCED_NORMAL,21540
XRPUSDT,bb_balanced,1.5,2024-06-21 14:00:00+00:00,2024-06-23 20:30:00+00:00,1,0.4849,0.47840264342546635,0.0064973565745336526,0.4946460348618005,3.0,-1.02238911,-1.02238911,SL,655,20,2.0,1.5,0.493455,0.485215,0.489335,1.684052,0.004332,1.0873,0.2147,BALANCED,NORMAL,BALANCED_NORMAL,21542
XRPUSDT,bb_balanced,1.5,2024-06-21 17:00:00+00:00,2024-06-23 20:30:00+00:00,1,0.4821,0.47466113615369876,0.0074388638463012136,0.4932582957694518,3.0,-1.01944249,-1.01944249,SL,619,20,2.0,1.5,0.493802,0.483418,0.48861,2.125163,0.004959,1.2464,0.1758,BALANCED,NORMAL,BALANCED_NORMAL,21545
XRPUSDT,bb_balanced,1.5,2024-06-23 11:00:00+00:00,2024-06-23 14:10:00+00:00,1,0.4854,0.482842865286624,0.002557134713375986,0.48923570207006395,3.0,-1.05694655,-1.05694655,SL,39,20,2.0,1.5,0.488792,0.485738,0.487265,0.626948,0.001705,0.539,0.0952,BALANCED,LOW,BALANCED_LOW,21587
XRPUSDT,bb_balanced,1.5,2024-06-24 20:00:00+00:00,2024-06-25 03:05:00+00:00,1,0.4668,0.45963702681235846,0.00716297318764153,0.4775444597814623,3.0,1.48044946,1.48044946,TP,86,20,2.0,1.5,0.481465,0.468225,0.474845,2.788453,0.004775,1.7696,0.287,BALANCED,HIGH,BALANCED_HIGH,21620
XRPUSDT,bb_balanced,1.5,2024-06-26 01:00:00+00:00,2024-06-26 15:10:00+00:00,1,0.4739,0.4694211963367279,0.00447880366327208,0.4806182054949081,3.0,-1.03174285,-1.03174285,SL,171,20,2.0,1.5,0.478336,0.474054,0.476195,0.899409,0.002986,0.7818,0.2421,BALANCED,NORMAL,BALANCED_NORMAL,21649
XRPUSDT,bb_balanced,1.5,2024-06-26 06:00:00+00:00,2024-06-26 15:10:00+00:00,1,0.4732,0.46900432242044376,0.004195677579556245,0.47949351636933435,3.0,-1.03383482,-1.03383482,SL,111,20,2.0,1.5,0.478565,0.473305,0.475935,1.105209,0.002797,0.7268,0.1024,BALANCED,NORMAL,BALANCED_NORMAL,21654
XRPUSDT,bb_balanced,1.5,2024-06-27 13:00:00+00:00,2024-06-28 01:25:00+00:00,-1,0.4731,0.4772596042443825,0.004159604244382498,0.46686059363342625,3.0,-1.03412103,-1.03412103,SL,150,20,2.0,1.5,0.472703,0.465887,0.469295,1.452356,0.002773,0.9277,0.1923,BALANCED,NORMAL,BALANCED_NORMAL,21685
XRPUSDT,bb_balanced,1.5,2024-06-28 18:00:00+00:00,2024-07-01 01:10:00+00:00,1,0.471,0.46607453680344724,0.004925463196552737,0.4783881947948291,3.0,1.47131234,1.47131234,TP,663,20,2.0,1.5,0.480964,0.472476,0.47672,1.780444,0.003284,1.1986,0.1579,BALANCED,NORMAL,BALANCED_NORMAL,21714
XRPUSDT,bb_balanced,1.5,2024-06-29 23:00:00+00:00,2024-06-30 20:30:00+00:00,1,0.4719,0.46948642349052666,0.0024135765094733252,0.47552036476421,3.0,1.44134431,1.44134431,TP,259,20,2.0,1.5,0.477112,0.472438,0.474775,0.98464,0.001609,0.6508,0.1963,BALANCED,NORMAL,BALANCED_NORMAL,21743
XRPUSDT,bb_balanced,1.5,2024-06-30 23:00:00+00:00,2024-07-01 01:30:00+00:00,-1,0.4766,0.47924767049682154,0.0026476704968215192,0.4726284942547677,3.0,-1.05400219,-1.05400219,SL,31,20,2.0,1.5,0.476189,0.470411,0.4733,1.220913,0.001765,0.9167,0.3333,BALANCED,NORMAL,BALANCED_NORMAL,21767
XRPUSDT,bb_balanced,1.5,2024-07-02 09:00:00+00:00,2024-07-02 10:10:00+00:00,-1,0.4817,0.48512031792566834,0.003420317925668326,0.47656952311149753,3.0,-1.04225046,-1.04225046,SL,15,20,2.0,1.5,0.481261,0.475539,0.4784,1.195974,0.00228,1.1264,0.0,BALANCED,NORMAL,BALANCED_NORMAL,21801
XRPUSDT,bb_balanced,1.5,2024-07-03 13:00:00+00:00,2024-07-03 16:05:00+00:00,1,0.4748,0.47000190673598263,0.004798093264017367,0.48199713989602605,3.0,-1.02968679,-1.02968679,SL,38,20,2.0,1.5,0.487471,0.477709,0.48259,2.022641,0.003199,1.2805,0.3222,BALANCED,NORMAL,BALANCED_NORMAL,21829
XRPUSDT,bb_balanced,1.5,2024-07-07 11:00:00+00:00,2024-07-07 13:25:00+00:00,1,0.4335,0.4279960392920154,0.00550396070798459,0.4417559410619769,3.0,-1.02362844,-1.02362844,SL,30,20,2.0,1.5,0.452182,0.434168,0.443175,4.064796,0.003669,0.6546,0.0508,BALANCED,NORMAL,BALANCED_NORMAL,21923
XRPUSDT,bb_balanced,1.5,2024-07-10 05:00:00+00:00,2024-07-10 14:55:00+00:00,-1,0.4402,0.4454717403317207,0.005271740331720731,0.4322923895024189,3.0,1.47494945,1.47494945,TP,120,20,2.0,1.5,0.438265,0.430295,0.43428,1.835347,0.003514,0.6926,0.1475,BALANCED,NORMAL,BALANCED_NORMAL,21989
XRPUSDT,bb_balanced,1.5,2024-07-12 07:00:00+00:00,2024-07-12 07:55:00+00:00,-1,0.4568,0.46324031962003137,0.006440319620031387,0.4471395205699529,3.0,-1.02127845,-1.02127845,SL,12,20,2.0,1.5,0.455919,0.442461,0.44919,2.996197,0.004294,1.1817,0.2947,BALANCED,NORMAL,BALANCED_NORMAL,22039
XRPUSDT,bb_balanced,1.5,2024-07-15 11:00:00+00:00,2024-07-16 00:50:00+00:00,-1,0.5357,0.5454123077459061,0.009712307745906146,0.5211315383811408,3.0,-1.01654705,-1.01654705,SL,167,20,2.0,1.5,0.534596,0.522534,0.528565,2.282032,0.006475,0.7878,0.1186,BALANCED,NORMAL,BALANCED_NORMAL,22115
XRPUSDT,bb_balanced,1.5,2024-07-16 01:00:00+00:00,2024-07-16 03:35:00+00:00,-1,0.5515,0.5623119910593806,0.010811991059380577,0.5352820134109291,3.0,-1.01530245,-1.01530245,SL,32,20,2.0,1.5,0.54349,0.52173,0.53261,4.085424,0.007208,0.9324,0.3425,BALANCED,NORMAL,BALANCED_NORMAL,22129
XRPUSDT,bb_balanced,1.5,2024-07-18 06:00:00+00:00,2024-07-18 15:05:00+00:00,1,0.5842,0.5640943884487124,0.02010561155128765,0.6143584173269315,3.0,-1.00871697,-1.00871697,SL,110,20,2.0,1.5,0.637033,0.591917,0.614475,7.342319,0.013404,1.2436,0.1901,BALANCED,NORMAL,BALANCED_NORMAL,22182
XRPUSDT,bb_balanced,1.5,2024-07-19 17:00:00+00:00,2024-07-20 06:30:00+00:00,-1,0.5785,0.5940507362415592,0.015550736241559227,0.5551738956376612,3.0,-1.01116024,-1.01116024,SL,163,20,2.0,1.5,0.574504,0.539086,0.556795,6.361101,0.010367,0.9175,0.1321,BALANCED,NORMAL,BALANCED_NORMAL,22217
XRPUSDT,bb_balanced,1.5,2024-07-21 05:00:00+00:00,2024-07-21 11:20:00+00:00,-1,0.6016,0.6120798486946729,0.010479848694672889,0.5858802269579907,3.0,1.48277838,1.48277838,TP,77,20,2.0,1.5,0.598119,0.587711,0.592915,1.755378,0.006987,0.7765,0.2676,BALANCED,NORMAL,BALANCED_NORMAL,22253
XRPUSDT,bb_balanced,1.5,2024-07-21 12:00:00+00:00,2024-07-21 18:10:00+00:00,1,0.5821,0.5714023163851463,0.010697683614853681,0.5981465254222804,3.0,-1.01632409,-1.01632409,SL,75,20,2.0,1.5,0.599988,0.584762,0.592375,2.570192,0.007132,0.8267,0.1554,BALANCED,NORMAL,BALANCED_NORMAL,22260
XRPUSDT,bb_balanced,1.5,2024-07-22 12:00:00+00:00,2024-07-23 12:30:00+00:00,-1,0.6108,0.6240966953763893,0.013296695376389334,0.590854956935416,3.0,1.48621913,1.48621913,TP,295,20,2.0,1.5,0.607116,0.582984,0.59505,4.055369,0.008864,1.1253,0.3028,BALANCED,NORMAL,BALANCED_NORMAL,22284
XRPUSDT,bb_balanced,1.5,2024-07-23 06:00:00+00:00,2024-07-23 16:50:00+00:00,1,0.5998,0.5868037329112556,0.012996267088744351,0.6192944006331165,3.0,-1.01384551,-1.01384551,SL,131,20,2.0,1.5,0.621598,0.599962,0.61078,3.542314,0.008664,1.0551,0.024,BALANCED,NORMAL,BALANCED_NORMAL,22302
XRPUSDT,bb_balanced,1.5,2024-07-24 09:00:00+00:00,2024-07-24 10:30:00+00:00,-1,0.6136,0.6254380915071679,0.011838091507167858,0.5958428627392482,3.0,-1.0155498,-1.0155498,SL,19,20,2.0,1.5,0.610423,0.584817,0.59762,4.284736,0.007892,0.9281,0.1966,BALANCED,NORMAL,BALANCED_NORMAL,22329
XRPUSDT,bb_balanced,1.5,2024-07-25 03:00:00+00:00,2024-07-25 17:10:00+00:00,1,0.6023,0.5866814722290438,0.015618527770956181,0.6257277916564342,3.0,1.48843105,1.48843105,TP,171,20,2.0,1.5,0.634467,0.603193,0.61883,5.053696,0.010412,1.2353,0.0319,BALANCED,NORMAL,BALANCED_NORMAL,22347
XRPUSDT,bb_balanced,1.5,2024-07-25 21:00:00+00:00,2024-07-30 09:35:00+00:00,1,0.5928,0.5753354321294106,0.017464567870589365,0.618996851805884,3.0,1.4898171,1.4898171,TP,1304,20,2.0,1.5,0.6222,0.5934,0.6078,4.738492,0.011643,1.2731,0.2361,BALANCED,NORMAL,BALANCED_NORMAL,22365
XRPUSDT,bb_balanced,1.5,2024-07-27 14:00:00+00:00,2024-07-27 17:15:00+00:00,-1,0.6052,0.612376630974988,0.007176630974987996,0.594435053537518,3.0,1.47470122,1.47470122,TP,40,20,2.0,1.5,0.604504,0.595046,0.599775,1.576786,0.004784,0.5906,0.3356,BALANCED,LOW,BALANCED_LOW,22406
XRPUSDT,bb_balanced,1.5,2024-07-27 19:00:00+00:00,2024-07-27 20:20:00+00:00,1,0.593,0.5853834609563794,0.007616539043620585,0.6044248085654309,3.0,-1.02335707,-1.02335707,SL,17,20,2.0,1.5,0.604601,0.593269,0.598935,1.891953,0.005078,0.6734,0.3009,BALANCED,NORMAL,BALANCED_NORMAL,22411
XRPUSDT,bb_balanced,1.5,2024-07-28 09:00:00+00:00,2024-07-28 14:20:00+00:00,-1,0.609,0.6175372340820118,0.008537234082011791,0.5961941488769823,3.0,1.47859963,1.47859963,TP,65,20,2.0,1.5,0.607419,0.590831,0.599125,2.768806,0.005691,0.918,0.13,BALANCED,NORMAL,BALANCED_NORMAL,22425
XRPUSDT,bb_balanced,1.5,2024-07-29 06:00:00+00:00,2024-07-29 14:50:00+00:00,-1,0.6089,0.6149434748483853,0.0060434748483853,0.599834787727422,3.0,1.46977401,1.46977401,TP,107,20,2.0,1.5,0.608101,0.597519,0.60281,1.755474,0.004029,0.7742,0.0099,BALANCED,NORMAL,BALANCED_NORMAL,22446
XRPUSDT,bb_balanced,1.5,2024-07-29 17:00:00+00:00,2024-07-29 20:00:00+00:00,1,0.5957,0.5882165769349499,0.007483423065050121,0.6069251345975752,3.0,1.47611922,1.47611922,TP,37,20,2.0,1.5,0.612956,0.595714,0.604335,2.853043,0.004989,0.9835,0.1101,BALANCED,NORMAL,BALANCED_NORMAL,22457
XRPUSDT,bb_balanced,1.5,2024-07-31 21:00:00+00:00,2024-08-01 03:00:00+00:00,1,0.6237,0.6080020068220081,0.01569799317799192,0.6472469897669879,3.0,-1.01191936,-1.01191936,SL,73,20,2.0,1.5,0.659161,0.630519,0.64484,4.441706,0.010465,1.2705,0.0852,BALANCED,NORMAL,BALANCED_NORMAL,22509
XRPUSDT,bb_balanced,1.5,2024-08-03 18:00:00+00:00,2024-08-04 14:10:00+00:00,1,0.5509,0.5374675069502473,0.013432493049752692,0.571048739574629,3.0,-1.01230375,-1.01230375,SL,243,20,2.0,1.5,0.578518,0.551042,0.56478,4.864977,0.008955,0.9371,0.1639,BALANCED,NORMAL,BALANCED_NORMAL,22578
XRPUSDT,bb_balanced,1.5,2024-08-06 01:00:00+00:00,2024-08-07 19:55:00+00:00,-1,0.5122,0.5352503719867855,0.0230503719867855,0.47762444201982174,3.0,-1.00666627,-1.00666627,SL,516,20,2.0,1.5,0.510556,0.440304,0.47543,14.77633,0.015367,1.3502,0.1868,BALANCED,NORMAL,BALANCED_NORMAL,22633
XRPUSDT,bb_balanced,1.5,2024-08-07 15:00:00+00:00,2024-08-07 19:50:00+00:00,1,0.4984,0.4863685215260616,0.012031478473938428,0.5164472177109076,3.0,1.4875726,1.4875726,TP,59,20,2.0,1.5,0.519259,0.502461,0.51086,3.288143,0.008021,0.6914,0.3278,BALANCED,NORMAL,BALANCED_NORMAL,22671
XRPUSDT,bb_balanced,1.5,2024-08-09 05:00:00+00:00,2024-08-09 12:35:00+00:00,1,0.6006,0.5810177756848585,0.01958222431514156,0.6299733364727124,3.0,-1.0092012,-1.0092012,SL,92,20,2.0,1.5,0.625176,0.602734,0.613955,3.655361,0.013055,0.8968,0.1987,BALANCED,NORMAL,BALANCED_NORMAL,22709
XRPUSDT,bb_balanced,1.5,2024-08-11 10:00:00+00:00,2024-08-11 12:10:00+00:00,1,0.58,0.5703094322555458,0.009690567744454204,0.5945358516166812,3.0,-1.0179556,-1.0179556,SL,27,20,2.0,1.5,0.598815,0.582225,0.59052,2.809457,0.00646,0.7484,0.2695,BALANCED,NORMAL,BALANCED_NORMAL,22762
XRPUSDT,bb_balanced,1.5,2024-08-13 17:00:00+00:00,2024-08-15 06:20:00+00:00,-1,0.5794,0.5904049178906482,0.01100491789064817,0.5628926231640278,3.0,1.48420524,1.48420524,TP,449,20,2.0,1.5,0.57859,0.56246,0.570525,2.827379,0.007337,0.9846,0.2965,BALANCED,NORMAL,BALANCED_NORMAL,22817
XRPUSDT,bb_balanced,1.5,2024-08-14 14:00:00+00:00,2024-08-15 18:00:00+00:00,1,0.5684,0.5595360819437355,0.00886391805626452,0.5816958770843967,3.0,-1.01923754,-1.01923754,SL,337,20,2.0,1.5,0.582263,0.571357,0.57681,1.890884,0.005909,0.8346,0.306,BALANCED,NORMAL,BALANCED_NORMAL,22838
XRPUSDT,bb_balanced,1.5,2024-08-15 19:00:00+00:00,2024-08-15 19:25:00+00:00,1,0.5612,0.553287651883041,0.007912348116959067,0.5730685221754386,3.0,-1.02127813,-1.02127813,SL,6,20,2.0,1.5,0.573495,0.562285,0.56789,1.97396,0.005275,0.9577,0.1944,BALANCED,NORMAL,BALANCED_NORMAL,22867
XRPUSDT,bb_balanced,1.5,2024-08-17 15:00:00+00:00,2024-08-18 12:30:00+00:00,-1,0.5681,0.5729828516646837,0.004882851664683607,0.5607757225029746,3.0,-1.03490378,-1.03490378,SL,259,20,2.0,1.5,0.566977,0.561843,0.56441,0.909768,0.003255,0.6799,0.0909,BALANCED,NORMAL,BALANCED_NORMAL,22911
XRPUSDT,bb_balanced,1.5,2024-08-18 13:00:00+00:00,2024-08-18 23:50:00+00:00,-1,0.5733,0.5788237817651832,0.0055237817651832,0.5650143273522252,3.0,1.46886372,1.46886372,TP,131,20,2.0,1.5,0.570432,0.562828,0.56663,1.341839,0.003683,0.9548,0.1347,BALANCED,NORMAL,BALANCED_NORMAL,22933
XRPUSDT,bb_balanced,1.5,2024-08-19 10:00:00+00:00,2024-08-19 10:40:00+00:00,-1,0.5801,0.5872753309923616,0.007175330992361673,0.5693370035114574,3.0,-1.02425393,-1.02425393,SL,9,20,2.0,1.5,0.579138,0.561272,0.570205,3.133169,0.004784,1.4218,0.2036,BALANCED,NORMAL,BALANCED_NORMAL,22954
XRPUSDT,bb_balanced,1.5,2024-08-20 16:00:00+00:00,2024-08-21 18:55:00+00:00,1,0.5892,0.5796337724003874,0.009566227599612565,0.6035493413994188,3.0,1.4815225,1.4815225,TP,324,20,2.0,1.5,0.615399,0.590751,0.603075,4.086926,0.006377,1.1872,0.2392,BALANCED,NORMAL,BALANCED_NORMAL,22984
XRPUSDT,bb_balanced,1.5,2024-08-21 15:00:00+00:00,2024-08-21 18:35:00+00:00,1,0.5902,0.5821364598286765,0.008063540171323491,0.6022953102569852,3.0,1.4780419,1.4780419,TP,44,20,2.0,1.5,0.600272,0.591378,0.595825,1.492709,0.005376,0.8959,0.2493,BALANCED,NORMAL,BALANCED_NORMAL,23007
XRPUSDT,bb_balanced,1.5,2024-08-21 19:00:00+00:00,2024-08-23 14:50:00+00:00,-1,0.6034,0.6117707770416798,0.008370777041679767,0.5908438344374805,3.0,1.47837477,1.47837477,TP,527,20,2.0,1.5,0.60171,0.59036,0.596035,1.904353,0.005581,0.934,0.2208,BALANCED,NORMAL,BALANCED_NORMAL,23011
XRPUSDT,bb_balanced,1.5,2024-08-23 18:00:00+00:00,2024-08-23 21:20:00+00:00,-1,0.606,0.6127929991143681,0.006792999114368148,0.5958105013284478,3.0,-1.02676285,-1.02676285,SL,41,20,2.0,1.5,0.603198,0.594362,0.59878,1.475655,0.004529,1.0215,0.3355,BALANCED,NORMAL,BALANCED_NORMAL,23058
XRPUSDT,bb_balanced,1.5,2024-08-26 03:00:00+00:00,2024-08-26 12:30:00+00:00,1,0.5961,0.5894019824346057,0.006698017565394232,0.6061470263480913,3.0,-1.02669894,-1.02669894,SL,115,20,2.0,1.5,0.604472,0.596368,0.60042,1.349874,0.004465,0.9203,0.2917,BALANCED,NORMAL,BALANCED_NORMAL,23115
XRPUSDT,bb_balanced,1.5,2024-08-27 22:00:00+00:00,2024-08-27 22:10:00+00:00,1,0.5728,0.5625946237421258,0.01020537625787421,0.5881080643868113,3.0,-1.01683818,-1.01683818,SL,3,20,2.0,1.5,0.600733,0.580507,0.59062,3.424564,0.006804,1.4182,0.3455,BALANCED,NORMAL,BALANCED_NORMAL,23158
XRPUSDT,bb_balanced,1.5,2024-08-29 19:00:00+00:00,2024-08-30 15:00:00+00:00,1,0.5616,0.5543405464553387,0.007259453544661287,0.5724891803169919,3.0,-1.02320836,-1.02320836,SL,241,20,2.0,1.5,0.577503,0.565877,0.57169,2.033759,0.00484,0.7922,0.2561,BALANCED,NORMAL,BALANCED_NORMAL,23203
XRPUSDT,bb_balanced,1.5,2024-08-30 15:00:00+00:00,2024-08-30 15:35:00+00:00,1,0.5552,0.5485963999571091,0.006603600042890956,0.5651054000643365,3.0,-1.02522261,-1.02522261,SL,8,20,2.0,1.5,0.566571,0.558029,0.5623,1.519224,0.004402,0.8436,0.186,BALANCED,NORMAL,BALANCED_NORMAL,23223
XRPUSDT,bb_balanced,1.5,2024-09-01 02:00:00+00:00,2024-09-01 05:25:00+00:00,1,0.5611,0.5568425170180723,0.0042574829819277404,0.5674862244728917,3.0,-1.03953745,-1.03953745,SL,42,20,2.0,1.5,0.569942,0.562738,0.56634,1.271988,0.002838,0.7244,0.2365,BALANCED,NORMAL,BALANCED_NORMAL,23258
XRPUSDT,bb_balanced,1.5,2024-09-01 23:00:00+00:00,2024-09-02 10:10:00+00:00,1,0.5449,0.5382965149477648,0.006603485052235292,0.554805227578353,3.0,1.47524489,1.47524489,TP,135,20,2.0,1.5,0.563547,0.550283,0.556915,2.381737,0.004402,1.3059,0.3426,BALANCED,NORMAL,BALANCED_NORMAL,23279
XRPUSDT,bb_balanced,1.5,2024-09-02 18:00:00+00:00,2024-09-02 19:55:00+00:00,-1,0.5604,0.5672276834981248,0.0068276834981247925,0.5501584747528128,3.0,-1.02462329,-1.02462329,SL,24,20,2.0,1.5,0.560494,0.542176,0.551335,3.322438,0.004552,1.2459,0.0442,BALANCED,NORMAL,BALANCED_NORMAL,23298
XRPUSDT,bb_balanced,1.5,2024-09-03 15:00:00+00:00,2024-09-04 00:55:00+00:00,1,0.5613,0.554801474919566,0.0064985250804340255,0.571047787620651,3.0,-1.02591203,-1.02591203,SL,120,20,2.0,1.5,0.571354,0.562496,0.566925,1.562443,0.004332,1.0531,0.0026,BALANCED,NORMAL,BALANCED_NORMAL,23319
XRPUSDT,bb_balanced,1.5,2024-09-04 00:00:00+00:00,2024-09-04 01:00:00+00:00,1,0.557,0.550673819268644,0.006326180731356046,0.5664892710970342,3.0,-1.02641404,-1.02641404,SL,13,20,2.0,1.5,0.572325,0.557195,0.56476,2.678929,0.004217,0.9891,0.2293,BALANCED,NORMAL,BALANCED_NORMAL,23328
XRPUSDT,bb_balanced,1.5,2024-09-05 10:00:00+00:00,2024-09-05 16:20:00+00:00,1,0.5488,0.5431319176576939,0.005668082342306091,0.5573021235134591,3.0,-1.02904686,-1.02904686,SL,77,20,2.0,1.5,0.563084,0.549106,0.556095,2.513594,0.003779,0.8551,0.1345,BALANCED,NORMAL,BALANCED_NORMAL,23362
XRPUSDT,bb_balanced,1.5,2024-09-08 16:00:00+00:00,2024-09-08 22:20:00+00:00,1,0.5221,0.5178501086678904,0.004249891332109623,0.5284748369981644,3.0,1.46314494,1.46314494,TP,77,20,2.0,1.5,0.530956,0.522694,0.526825,1.568186,0.002833,0.6512,0.2621,BALANCED,NORMAL,BALANCED_NORMAL,23440
XRPUSDT,bb_balanced,1.5,2024-09-09 17:00:00+00:00,2024-09-09 21:15:00+00:00,-1,0.5358,0.5408815199566902,0.00508151995669015,0.5281777200649649,3.0,-1.03163227,-1.03163227,SL,52,20,2.0,1.5,0.534205,0.525275,0.52974,1.685622,0.003388,1.111,0.3144,BALANCED,NORMAL,BALANCED_NORMAL,23465
XRPUSDT,bb_balanced,1.5,2024-09-11 02:00:00+00:00,2024-09-11 13:50:00+00:00,1,0.5328,0.5275824944387035,0.00521750556129652,0.5406262583419448,3.0,-1.03063533,-1.03063533,SL,143,20,2.0,1.5,0.542145,0.534155,0.53815,1.484808,0.003478,1.1104,0.1939,BALANCED,NORMAL,BALANCED_NORMAL,23498
XRPUSDT,bb_balanced,1.5,2024-09-14 03:00:00+00:00,2024-09-14 08:25:00+00:00,-1,0.576,0.5829321816638047,0.006932181663804715,0.5656017275042928,3.0,-1.02492722,-1.02492722,SL,66,20,2.0,1.5,0.575701,0.561959,0.56883,2.415881,0.004621,0.8443,0.196,BALANCED,NORMAL,BALANCED_NORMAL,23571
XRPUSDT,bb_balanced,1.5,2024-09-16 18:00:00+00:00,2024-09-16 19:50:00+00:00,-1,0.5805,0.5885497500774141,0.008049750077414042,0.568425374883879,3.0,-1.02163421,-1.02163421,SL,23,20,2.0,1.5,0.57957,0.56124,0.570405,3.213366,0.005367,1.1337,0.0325,BALANCED,NORMAL,BALANCED_NORMAL,23634
XRPUSDT,bb_balanced,1.5,2024-09-18 02:00:00+00:00,2024-09-18 13:35:00+00:00,1,0.5761,0.569128707571132,0.006971292428867959,0.5865569386433018,3.0,-1.02479167,-1.02479167,SL,140,20,2.0,1.5,0.591973,0.579107,0.58554,2.19745,0.004648,0.907,0.3008,BALANCED,NORMAL,BALANCED_NORMAL,23666
XRPUSDT,bb_balanced,1.5,2024-09-19 00:00:00+00:00,2024-09-19 14:30:00+00:00,-1,0.585,0.592527333228475,0.007527333228474986,0.5737090001572875,3.0,-1.02331503,-1.02331503,SL,175,20,2.0,1.5,0.584958,0.563762,0.57436,3.690434,0.005018,1.028,0.1065,BALANCED,NORMAL,BALANCED_NORMAL,23688
XRPUSDT,bb_balanced,1.5,2024-09-22 15:00:00+00:00,2024-09-22 22:00:00+00:00,1,0.5858,0.5791193366635291,0.006680663336470882,0.5958209950047063,3.0,-1.02630577,-1.02630577,SL,85,20,2.0,1.5,0.603929,0.587111,0.59552,2.823989,0.004454,1.088,0.3493,BALANCED,NORMAL,BALANCED_NORMAL,23775
XRPUSDT,bb_balanced,1.5,2024-09-24 01:00:00+00:00,2024-09-24 08:55:00+00:00,1,0.5817,0.5760035808182699,0.005696419181730139,0.5902446287725952,3.0,1.46936497,1.46936497,TP,96,20,2.0,1.5,0.591098,0.582262,0.58668,1.505935,0.003798,0.8351,0.3465,BALANCED,NORMAL,BALANCED_NORMAL,23809
XRPUSDT,bb_balanced,1.5,2024-09-24 09:00:00+00:00,2024-09-24 14:25:00+00:00,-1,0.5894,0.5948965394934674,0.0054965394934674006,0.5811551907597989,3.0,1.46783067,1.46783067,TP,66,20,2.0,1.5,0.589083,0.582187,0.585635,1.177545,0.003664,0.829,0.156,BALANCED,NORMAL,BALANCED_NORMAL,23817
XRPUSDT,bb_balanced,1.5,2024-09-26 01:00:00+00:00,2024-09-26 06:35:00+00:00,1,0.5769,0.5711364408833676,0.0057635591166324,0.5855453386749485,3.0,1.46997168,1.46997168,TP,68,20,2.0,1.5,0.592413,0.580197,0.586305,2.08362,0.003842,1.0732,0.2985,BALANCED,NORMAL,BALANCED_NORMAL,23857
XRPUSDT,bb_balanced,1.5,2024-09-26 11:00:00+00:00,2024-09-26 17:05:00+00:00,-1,0.5903,0.5954472023448295,0.00514720234482946,0.5825791964827558,3.0,-1.0344051,-1.0344051,SL,74,20,2.0,1.5,0.590149,0.578881,0.584515,1.927726,0.003431,0.9719,0.0099,BALANCED,NORMAL,BALANCED_NORMAL,23867
XRPUSDT,bb_balanced,1.5,2024-09-27 03:00:00+00:00,2024-09-27 06:00:00+00:00,1,0.5835,0.5779097652136276,0.005590234786372439,0.5918853521795586,3.0,1.46868647,1.46868647,TP,37,20,2.0,1.5,0.594279,0.584801,0.58954,1.607675,0.003727,1.0615,0.0412,BALANCED,NORMAL,BALANCED_NORMAL,23883
XRPUSDT,bb_balanced,1.5,2024-09-28 03:00:00+00:00,2024-09-28 06:40:00+00:00,-1,0.5926,0.5975934846726358,0.004993484672635828,0.5851097729910463,3.0,1.46439761,1.46439761,TP,45,20,2.0,1.5,0.592234,0.585136,0.588685,1.205628,0.003329,0.9107,0.1464,BALANCED,NORMAL,BALANCED_NORMAL,23907
XRPUSDT,bb_balanced,1.5,2024-09-28 10:00:00+00:00,2024-09-28 10:45:00+00:00,-1,0.6083,0.6173055159661529,0.009005515966152955,0.5947917260507705,3.0,-1.02026425,-1.02026425,SL,10,20,2.0,1.5,0.603725,0.578775,0.59125,4.220041,0.006004,1.6084,0.2887,BALANCED,HIGH,BALANCED_HIGH,23914
XRPUSDT,bb_balanced,1.5,2024-09-29 08:00:00+00:00,2024-09-29 14:25:00+00:00,-1,0.6284,0.6384578779195549,0.010057877919554925,0.6133131831206675,3.0,-1.01874352,-1.01874352,SL,78,20,2.0,1.5,0.628022,0.608138,0.61808,3.217044,0.006705,1.3557,0.2192,BALANCED,NORMAL,BALANCED_NORMAL,23936
XRPUSDT,bb_balanced,1.5,2024-09-30 10:00:00+00:00,2024-09-30 15:40:00+00:00,1,0.6337,0.6189428152532703,0.014757184746729712,0.6558357771200947,3.0,-1.01288254,-1.01288254,SL,69,20,2.0,1.5,0.658745,0.634245,0.646495,3.789759,0.009838,1.3485,0.0343,BALANCED,NORMAL,BALANCED_NORMAL,23962
XRPUSDT,bb_balanced,1.5,2024-10-01 10:00:00+00:00,2024-10-01 13:35:00+00:00,-1,0.6299,0.6390686843664439,0.009168684366443913,0.6161469734503342,3.0,1.47938963,1.47938963,TP,44,20,2.0,1.5,0.629643,0.613937,0.62179,2.525892,0.006112,0.7629,0.0318,BALANCED,NORMAL,BALANCED_NORMAL,23986
XRPUSDT,bb_balanced,1.5,2024-10-01 15:00:00+00:00,2024-10-01 15:05:00+00:00,1,0.6105,0.5992714226689957,0.011228577331004352,0.6273428659965066,3.0,-1.01631106,-1.01631106,SL,2,20,2.0,1.5,0.63369,0.61161,0.62265,3.546256,0.007486,0.9379,0.1686,BALANCED,NORMAL,BALANCED_NORMAL,23991
XRPUSDT,bb_balanced,1.5,2024-10-02 10:00:00+00:00,2024-10-02 18:05:00+00:00,1,0.5893,0.574198514479274,0.015101485520726099,0.6119522282810892,3.0,-1.0117068,-1.0117068,SL,98,20,2.0,1.5,0.616436,0.589524,0.60298,4.463147,0.010068,1.105,0.2609,BALANCED,NORMAL,BALANCED_NORMAL,24010
XRPUSDT,bb_balanced,1.5,2024-10-04 17:00:00+00:00,2024-10-07 02:10:00+00:00,-1,0.5314,0.5413440264696933,0.009944026469693279,0.5164839602954601,3.0,-1.01603174,-1.01603174,SL,687,20,2.0,1.5,0.52995,0.51714,0.523545,2.446718,0.006629,0.6813,0.1338,BALANCED,NORMAL,BALANCED_NORMAL,24065
XRPUSDT,bb_balanced,1.5,2024-10-05 17:00:00+00:00,2024-10-06 15:00:00+00:00,1,0.5269,0.5212166484280775,0.005683351571922568,0.5354250273578839,3.0,1.47218719,1.47218719,TP,265,20,2.0,1.5,0.535948,0.526972,0.53146,1.68891,0.003789,0.572,0.2922,BALANCED,LOW,BALANCED_LOW,24089
XRPUSDT,bb_balanced,1.5,2024-10-06 15:00:00+00:00,2024-10-07 01:40:00+00:00,-1,0.5351,0.5396187781416524,0.004518778141652358,0.5283218327875214,3.0,-1.03552509,-1.03552509,SL,129,20,2.0,1.5,0.534041,0.527249,0.530645,1.27979,0.003013,0.6754,0.1356,BALANCED,NORMAL,BALANCED_NORMAL,24111
XRPUSDT,bb_balanced,1.5,2024-10-07 01:00:00+00:00,2024-10-07 02:25:00+00:00,-1,0.5383,0.5431974305719028,0.004897430571902839,0.5309538541421457,3.0,-1.03297443,-1.03297443,SL,18,20,2.0,1.5,0.536633,0.527567,0.5321,1.703811,0.003265,0.8502,0.3453,BALANCED,NORMAL,BALANCED_NORMAL,24121
XRPUSDT,bb_balanced,1.5,2024-10-07 23:00:00+00:00,2024-10-08 07:20:00+00:00,1,0.5314,0.5240657348595084,0.007334265140491625,0.5424013977107374,3.0,-1.02173633,-1.02173633,SL,101,20,2.0,1.5,0.545234,0.532316,0.538775,2.397685,0.00489,1.3482,0.1728,BALANCED,NORMAL,BALANCED_NORMAL,24143
XRPUSDT,bb_balanced,1.5,2024-10-09 15:00:00+00:00,2024-10-09 20:50:00+00:00,1,0.5278,0.5227418322753971,0.005058167724602991,0.5353872515869045,3.0,-1.03130383,-1.03130383,SL,71,20,2.0,1.5,0.534409,0.528101,0.531255,1.187507,0.003372,0.8022,0.0202,BALANCED,NORMAL,BALANCED_NORMAL,24183
XRPUSDT,bb_balanced,1.5,2024-10-09 21:00:00+00:00,2024-10-10 12:10:00+00:00,1,0.5224,0.5167519179074749,0.005648082092525097,0.5308721231387876,3.0,1.47225253,1.47225253,TP,183,20,2.0,1.5,0.535945,0.525855,0.5309,1.900695,0.003765,0.918,0.2738,BALANCED,NORMAL,BALANCED_NORMAL,24189
XRPUSDT,bb_balanced,1.5,2024-10-10 13:00:00+00:00,2024-10-10 13:05:00+00:00,-1,0.5375,0.5430466927393325,0.005546692739332504,0.5291799608910013,3.0,-1.02907138,-1.02907138,SL,2,20,2.0,1.5,0.533698,0.520782,0.52724,2.449616,0.003698,0.9932,0.1358,BALANCED,NORMAL,BALANCED_NORMAL,24205
XRPUSDT,bb_balanced,1.5,2024-10-13 02:00:00+00:00,2024-10-13 10:05:00+00:00,1,0.5361,0.5328442284980607,0.003255771501939342,0.540983657252909,3.0,-1.04939843,-1.04939843,SL,98,20,2.0,1.5,0.54198,0.53625,0.539115,1.06291,0.002171,0.715,0.0877,BALANCED,NORMAL,BALANCED_NORMAL,24266
XRPUSDT,bb_balanced,1.5,2024-10-14 04:00:00+00:00,2024-10-14 14:20:00+00:00,-1,0.5383,0.5429838605568839,0.0046838605568838565,0.5312742091646743,3.0,-1.03447797,-1.03447797,SL,125,20,2.0,1.5,0.535984,0.524636,0.53031,2.139792,0.003123,1.3235,0.0512,BALANCED,NORMAL,BALANCED_NORMAL,24292
XRPUSDT,bb_balanced,1.5,2024-10-15 12:00:00+00:00,2024-10-15 13:50:00+00:00,1,0.536,0.5296360228902055,0.0063639771097945275,0.5455459656646918,3.0,1.47473278,1.47473278,TP,23,20,2.0,1.5,0.553498,0.539812,0.546655,2.503463,0.004243,1.3605,0.2941,BALANCED,NORMAL,BALANCED_NORMAL,24324
XRPUSDT,bb_balanced,1.5,2024-10-16 14:00:00+00:00,2024-10-16 19:50:00+00:00,-1,0.5469,0.553220602588871,0.006320602588870905,0.5374190961166937,3.0,-1.02595797,-1.02595797,SL,71,20,2.0,1.5,0.546509,0.537321,0.541915,1.695479,0.004214,1.0073,0.0934,BALANCED,NORMAL,BALANCED_NORMAL,24350
XRPUSDT,bb_balanced,1.5,2024-10-17 19:00:00+00:00,2024-10-21 09:05:00+00:00,1,0.5427,0.5343288798719389,0.008371120128061071,0.5552566801920915,3.0,1.48055099,1.48055099,TP,1034,20,2.0,1.5,0.560918,0.543752,0.552335,3.107753,0.005581,1.2078,0.1398,BALANCED,NORMAL,BALANCED_NORMAL,24379
XRPUSDT,bb_balanced,1.5,2024-10-19 12:00:00+00:00,2024-10-20 07:50:00+00:00,1,0.5431,0.539064054210789,0.004035945789211071,0.5491539186838166,3.0,-1.04036972,-1.04036972,SL,239,20,2.0,1.5,0.548708,0.543622,0.546165,0.931094,0.002691,0.6343,0.1256,BALANCED,NORMAL,BALANCED_NORMAL,24420
XRPUSDT,bb_balanced,1.5,2024-10-20 23:00:00+00:00,2024-10-21 06:10:00+00:00,-1,0.548,0.5523122026913692,0.004312202691369116,0.5415316959629464,3.0,-1.03812437,-1.03812437,SL,87,20,2.0,1.5,0.547299,0.537341,0.54232,1.836184,0.002875,1.0557,0.1875,BALANCED,NORMAL,BALANCED_NORMAL,24455
XRPUSDT,bb_balanced,1.5,2024-10-22 09:00:00+00:00,2024-10-22 09:05:00+00:00,1,0.5403,0.5346432896827241,0.0056567103172758815,0.5487850654759139,3.0,-1.02865446,-1.02865446,SL,2,20,2.0,1.5,0.548891,0.541319,0.545105,1.389095,0.003771,1.1131,0.2896,BALANCED,NORMAL,BALANCED_NORMAL,24489
XRPUSDT,bb_balanced,1.5,2024-10-25 06:00:00+00:00,2024-10-25 07:10:00+00:00,1,0.5253,0.521310274891763,0.00398972510823703,0.5312845876623555,3.0,-1.03949896,-1.03949896,SL,15,20,2.0,1.5,0.534014,0.525716,0.529865,1.566009,0.00266,0.8062,0.0638,BALANCED,NORMAL,BALANCED_NORMAL,24558
XRPUSDT,bb_balanced,1.5,2024-10-27 16:00:00+00:00,2024-10-28 05:25:00+00:00,-1,0.5169,0.5202593299469113,0.003359329946911238,0.5118610050796332,3.0,1.45383901,1.45383901,TP,162,20,2.0,1.5,0.516565,0.510745,0.513655,1.133177,0.00224,0.6164,0.2292,BALANCED,NORMAL,BALANCED_NORMAL,24616
XRPUSDT,bb_balanced,1.5,2024-10-28 10:00:00+00:00,2024-10-28 15:55:00+00:00,-1,0.5194,0.5229494449822322,0.003549444982232197,0.5140758325266517,3.0,1.45610018,1.45610018,TP,72,20,2.0,1.5,0.518382,0.512348,0.515365,1.171001,0.002366,0.8434,0.2596,BALANCED,NORMAL,BALANCED_NORMAL,24634
XRPUSDT,bb_balanced,1.5,2024-10-29 03:00:00+00:00,2024-10-29 07:30:00+00:00,-1,0.5238,0.5282384450359372,0.004438445035937155,0.5171423324460943,3.0,-1.03540429,-1.03540429,SL,55,20,2.0,1.5,0.523347,0.512603,0.517975,2.074415,0.002959,1.2044,0.3262,BALANCED,NORMAL,BALANCED_NORMAL,24651
XRPUSDT,bb_balanced,1.5,2024-10-30 09:00:00+00:00,2024-10-31 06:45:00+00:00,1,0.522,0.5179682480226608,0.004031751977339182,0.5280476279660088,3.0,-1.03884168,-1.03884168,SL,262,20,2.0,1.5,0.530265,0.522175,0.52622,1.537397,0.002688,0.974,0.0889,BALANCED,NORMAL,BALANCED_NORMAL,24681
XRPUSDT,bb_balanced,1.5,2024-10-31 07:00:00+00:00,2024-10-31 13:55:00+00:00,1,0.5182,0.5141749817877594,0.00402501821224055,0.5242375273183608,3.0,-1.03862343,-1.03862343,SL,84,20,2.0,1.5,0.52612,0.5194,0.52276,1.285485,0.002683,0.9423,0.2435,BALANCED,NORMAL,BALANCED_NORMAL,24703
XRPUSDT,bb_balanced,1.5,2024-11-01 09:00:00+00:00,2024-11-01 21:25:00+00:00,-1,0.5194,0.5263995595370985,0.006999559537098521,0.5089006606943522,3.0,1.4777386,1.4777386,TP,150,20,2.0,1.5,0.518746,0.504424,0.511585,2.799458,0.004666,1.4676,0.006,BALANCED,NORMAL,BALANCED_NORMAL,24729
XRPUSDT,bb_balanced,1.5,2024-11-02 14:00:00+00:00,2024-11-03 02:25:00+00:00,1,0.5088,0.5040435327688644,0.004756467231135653,0.5159347008467035,3.0,-1.03209104,-1.03209104,SL,150,20,2.0,1.5,0.516813,0.509007,0.51291,1.522014,0.003171,0.7985,0.316,BALANCED,NORMAL,BALANCED_NORMAL,24758
XRPUSDT,bb_balanced,1.5,2024-11-04 22:00:00+00:00,2024-11-05 04:05:00+00:00,1,0.4972,0.4911994489805423,0.006000551019457678,0.5062008265291865,3.0,1.47514228,1.47514228,TP,74,20,2.0,1.5,0.51463,0.50098,0.507805,2.687846,0.004,1.1921,0.2653,BALANCED,NORMAL,BALANCED_NORMAL,24814
XRPUSDT,bb_balanced,1.5,2024-11-06 01:00:00+00:00,2024-11-06 02:30:00+00:00,-1,0.5201,0.5265844968703185,0.00648449687031849,0.5103732546945223,3.0,-1.02406201,-1.02406201,SL,19,20,2.0,1.5,0.517501,0.505769,0.511635,2.293012,0.004323,1.1648,0.2446,BALANCED,NORMAL,BALANCED_NORMAL,24841
XRPUSDT,bb_balanced,1.5,2024-11-11 06:00:00+00:00,2024-11-11 20:00:00+00:00,1,0.575,0.5584569743980629,0.0165430256019371,0.5998145384029057,3.0,1.48957265,1.48957265,TP,169,20,2.0,1.5,0.614409,0.575921,0.595165,6.466897,0.011029,1.6692,0.0886,BALANCED,HIGH,BALANCED_HIGH,24966
XRPUSDT,bb_balanced,1.5,2024-11-11 21:00:00+00:00,2024-11-12 08:20:00+00:00,-1,0.6195,0.6352363966430493,0.015736396643049266,0.5958954050354262,3.0,-1.0118102,-1.0118102,SL,137,20,2.0,1.5,0.608747,0.569043,0.588895,6.742221,0.010491,1.2848,0.294,BALANCED,NORMAL,BALANCED_NORMAL,24981
XRPUSDT,bb_balanced,1.5,2024-11-14 14:00:00+00:00,2024-11-14 14:30:00+00:00,-1,0.7268,0.7545423555999242,0.027742355599924218,0.6851864666001137,3.0,-1.00785946,-1.00785946,SL,7,20,2.0,1.5,0.725581,0.674489,0.700035,7.298598,0.018495,0.8104,0.1045,BALANCED,NORMAL,BALANCED_NORMAL,25046
XRPUSDT,bb_balanced,1.5,2024-11-18 02:00:00+00:00,2024-11-18 05:50:00+00:00,-1,1.1262,1.1855602998778612,0.05936029987786107,1.0371595501832085,3.0,-1.00569168,-1.00569168,SL,47,20,2.0,1.5,1.121053,1.024047,1.07255,9.044421,0.039574,0.8854,0.291,BALANCED,NORMAL,BALANCED_NORMAL,25130
XRPUSDT,bb_balanced,1.5,2024-11-19 14:00:00+00:00,2024-11-20 11:15:00+00:00,1,1.0775,1.037488217548404,0.04001178245159598,1.1375176736773938,3.0,1.49192113,1.49192113,TP,256,20,2.0,1.5,1.144791,1.078319,1.111555,5.980032,0.026675,0.7383,0.2213,BALANCED,NORMAL,BALANCED_NORMAL,25166
XRPUSDT,bb_balanced,1.5,2024-11-20 11:00:00+00:00,2024-11-21 12:55:00+00:00,-1,1.1174,1.1523891924429388,0.034989192442938855,1.0649162113355917,3.0,-1.00958067,-1.00958067,SL,312,20,2.0,1.5,1.116058,1.074472,1.095265,3.796873,0.023326,0.7991,0.2203,BALANCED,NORMAL,BALANCED_NORMAL,25187
XRPUSDT,bb_balanced,1.5,2024-11-21 18:00:00+00:00,2024-11-21 18:20:00+00:00,-1,1.1432,1.182239101624455,0.0390391016244549,1.0846413475633176,3.0,-1.00878504,-1.00878504,SL,5,20,2.0,1.5,1.138976,1.091554,1.115265,4.252044,0.026026,1.0585,0.1821,BALANCED,NORMAL,BALANCED_NORMAL,25218
XRPUSDT,bb_balanced,1.5,2024-11-23 21:00:00+00:00,2024-11-24 11:10:00+00:00,1,1.4643,1.3867248813482846,0.07757511865171529,1.580662677977573,3.0,-1.00566277,-1.00566277,SL,171,20,2.0,1.5,1.601806,1.464824,1.533315,8.933757,0.051717,1.128,0.3067,BALANCED,NORMAL,BALANCED_NORMAL,25269
XRPUSDT,bb_balanced,1.5,2024-11-26 09:00:00+00:00,2024-11-26 10:55:00+00:00,1,1.3891,1.3307580122177018,0.058341987782298155,1.4766129816734472,3.0,-1.00714288,-1.00714288,SL,24,20,2.0,1.5,1.485053,1.389167,1.43711,6.672188,0.038895,0.8765,0.2068,BALANCED,NORMAL,BALANCED_NORMAL,25329
XRPUSDT,bb_balanced,1.5,2024-11-27 09:00:00+00:00,2024-11-27 15:45:00+00:00,-1,1.4342,1.489468361291646,0.05526836129164603,1.3512974580625308,3.0,-1.00778492,-1.00778492,SL,82,20,2.0,1.5,1.425099,1.336781,1.38094,6.395558,0.036846,0.8645,0.2775,BALANCED,NORMAL,BALANCED_NORMAL,25353
XRPUSDT,bb_balanced,1.5,2024-11-28 16:00:00+00:00,2024-11-28 22:20:00+00:00,1,1.4352,1.3942629900260726,0.04093700997392746,1.4966055149608912,3.0,1.48948238,1.48948238,TP,77,20,2.0,1.5,1.49712,1.44122,1.46917,3.804825,0.027291,0.7795,0.2883,BALANCED,NORMAL,BALANCED_NORMAL,25384
XRPUSDT,bb_balanced,1.5,2024-11-28 23:00:00+00:00,2024-11-28 23:20:00+00:00,-1,1.5097,1.5456728446265116,0.03597284462651151,1.4557407330602328,3.0,-1.01259033,-1.01259033,SL,5,20,2.0,1.5,1.500448,1.439742,1.470095,4.129396,0.023982,0.7368,0.2331,BALANCED,NORMAL,BALANCED_NORMAL,25391
XRPUSDT,bb_balanced,1.5,2024-12-01 19:00:00+00:00,2024-12-01 19:15:00+00:00,-1,1.9725,2.030806906327252,0.058306906327252106,1.8850396405091217,3.0,-1.01014888,-1.01014888,SL,4,20,2.0,1.5,1.960405,1.849325,1.904865,5.831405,0.038871,0.8539,0.132,BALANCED,NORMAL,BALANCED_NORMAL,25459
XRPUSDT,bb_balanced,1.5,2024-12-03 11:00:00+00:00,2024-12-03 11:55:00+00:00,1,2.5804,2.4183973515992996,0.16200264840070044,2.8234039726010507,3.0,1.49522156,1.49522156,TP,12,20,2.0,1.5,2.799803,2.590737,2.69527,7.756775,0.108002,1.2423,0.0381,BALANCED,NORMAL,BALANCED_NORMAL,25499
XRPUSDT,bb_balanced,1.5,2024-12-03 14:00:00+00:00,2024-12-05 01:20:00+00:00,1,2.4414,2.2148759589882148,0.22652404101178503,2.781186061517677,3.0,-1.0032333,-1.0032333,SL,425,20,2.0,1.5,2.859524,2.526056,2.69279,12.383765,0.151016,1.6327,0.1292,BALANCED,HIGH,BALANCED_HIGH,25502
XRPUSDT,bb_balanced,1.5,2024-12-04 17:00:00+00:00,2024-12-05 01:20:00+00:00,1,2.3837,2.242288700935351,0.14141129906464922,2.595816948596974,3.0,-1.00505695,-1.00505695,SL,101,20,2.0,1.5,2.69862,2.45506,2.57684,9.451901,0.094274,0.7972,0.3206,BALANCED,NORMAL,BALANCED_NORMAL,25529
XRPUSDT,bb_balanced,1.5,2024-12-06 00:00:00+00:00,2024-12-06 22:30:00+00:00,1,2.2454,2.1301968493583803,0.11520315064161979,2.41820472596243,3.0,1.49415276,1.49415276,TP,271,20,2.0,1.5,2.464088,2.255622,2.359855,8.833818,0.076802,0.8096,0.0184,BALANCED,NORMAL,BALANCED_NORMAL,25560
XRPUSDT,bb_balanced,1.5,2024-12-06 23:00:00+00:00,2024-12-07 15:55:00+00:00,-1,2.4489,2.5348682777205704,0.08596827772057036,2.3199475834191445,3.0,-1.00854583,-1.00854583,SL,204,20,2.0,1.5,2.425197,2.248523,2.33686,7.560299,0.057312,0.7484,0.3096,BALANCED,NORMAL,BALANCED_NORMAL,25583
XRPUSDT,bb_balanced,1.5,2024-12-12 20:00:00+00:00,2024-12-13 14:10:00+00:00,1,2.3467,2.27409732150656,0.07260267849343993,2.4556040177401597,3.0,1.49030325,1.49030325,TP,219,20,2.0,1.5,2.464774,2.356606,2.41069,4.487039,0.048402,0.7048,0.1212,BALANCED,NORMAL,BALANCED_NORMAL,25724
XRPUSDT,bb_balanced,1.5,2024-12-13 15:00:00+00:00,2024-12-14 05:40:00+00:00,-1,2.4522,2.5163519788718136,0.06415197887181368,2.3559720316922794,3.0,-1.01146746,-1.01146746,SL,177,20,2.0,1.5,2.413891,2.283149,2.34852,5.567008,0.042768,0.8357,0.106,BALANCED,NORMAL,BALANCED_NORMAL,25743
XRPUSDT,bb_balanced,1.5,2024-12-15 22:00:00+00:00,2024-12-15 23:20:00+00:00,1,2.368,2.3279635708869675,0.0400364291130324,2.4280546436695483,3.0,1.48225616,1.48225616,TP,17,20,2.0,1.5,2.445159,2.384841,2.415,2.497676,0.026691,0.8039,0.1989,BALANCED,NORMAL,BALANCED_NORMAL,25798
XRPUSDT,bb_balanced,1.5,2024-12-16 12:00:00+00:00,2024-12-16 16:00:00+00:00,1,2.3486,2.3059211211403747,0.04267887885962507,2.4126183182894376,3.0,1.48349113,1.48349113,TP,49,20,2.0,1.5,2.455798,2.357572,2.406685,4.081343,0.028453,0.9325,0.2221,BALANCED,NORMAL,BALANCED_NORMAL,25812
XRPUSDT,bb_balanced,1.5,2024-12-18 20:00:00+00:00,2024-12-18 20:05:00+00:00,1,2.4012,2.320475601183454,0.08072439881654558,2.5222865982248184,3.0,-1.0089237,-1.0089237,SL,2,20,2.0,1.5,2.595404,2.428376,2.51189,6.649499,0.053816,1.1265,0.3176,BALANCED,NORMAL,BALANCED_NORMAL,25868
XRPUSDT,bb_balanced,1.5,2024-12-19 18:00:00+00:00,2024-12-20 09:45:00+00:00,1,2.2463,2.15545240577554,0.09084759422445998,2.38257139133669,3.0,-1.00741781,-1.00741781,SL,190,20,2.0,1.5,2.425948,2.263632,2.34479,6.922402,0.060565,1.0986,0.1814,BALANCED,NORMAL,BALANCED_NORMAL,25890
XRPUSDT,bb_balanced,1.5,2024-12-20 10:00:00+00:00,2024-12-20 11:25:00+00:00,1,2.1298,2.03201231597402,0.0977876840259797,2.2764815260389692,3.0,-1.00653395,-1.00653395,SL,18,20,2.0,1.5,2.375648,2.176082,2.275865,8.768807,0.065192,1.1091,0.3234,BALANCED,NORMAL,BALANCED_NORMAL,25906
XRPUSDT,bb_balanced,1.5,2024-12-22 10:00:00+00:00,2024-12-22 20:00:00+00:00,-1,2.2678,2.329977552024655,0.062177552024655025,2.174533671963017,3.0,1.48905811,1.48905811,TP,121,20,2.0,1.5,2.266107,2.205783,2.235945,2.697907,0.041452,0.7064,0.0936,BALANCED,NORMAL,BALANCED_NORMAL,25954
XRPUSDT,bb_balanced,1.5,2024-12-22 20:00:00+00:00,2024-12-23 21:15:00+00:00,1,2.1892,2.1300208819256334,0.0591791180743666,2.27796867711155,3.0,1.48890217,1.48890217,TP,304,20,2.0,1.5,2.28071,2.19161,2.23616,3.984532,0.039453,0.7713,0.1502,BALANCED,NORMAL,BALANCED_NORMAL,25964
XRPUSDT,bb_balanced,1.5,2024-12-23 16:00:00+00:00,2024-12-23 20:35:00+00:00,1,2.1412,2.082951556722222,0.058248443277777895,2.228572664916667,3.0,1.48897207,1.48897207,TP,56,20,2.0,1.5,2.235937,2.144273,2.190105,4.185356,0.038832,0.9237,0.1326,BALANCED,NORMAL,BALANCED_NORMAL,25984
XRPUSDT,bb_balanced,1.5,2024-12-23 21:00:00+00:00,2024-12-24 13:35:00+00:00,-1,2.2394,2.3028024349972034,0.06340243499720355,2.1442963475041945,3.0,-1.01059612,-1.01059612,SL,200,20,2.0,1.5,2.237881,2.135499,2.18669,4.682044,0.042268,1.0297,0.1267,BALANCED,NORMAL,BALANCED_NORMAL,25989
XRPUSDT,bb_balanced,1.5,2024-12-26 05:00:00+00:00,2024-12-26 08:05:00+00:00,1,2.2551,2.219541031101303,0.03555896889869725,2.308438453348046,3.0,-1.01902558,-1.01902558,SL,38,20,2.0,1.5,2.313097,2.257523,2.28531,2.431809,0.023706,0.8131,0.1835,BALANCED,NORMAL,BALANCED_NORMAL,26045
XRPUSDT,bb_balanced,1.5,2024-12-27 07:00:00+00:00,2024-12-27 09:20:00+00:00,-1,2.187,2.2278531475133425,0.04085314751334268,2.125720278729986,3.0,-1.01605996,-1.01605996,SL,29,20,2.0,1.5,2.187003,2.147287,2.167145,1.832636,0.027235,1.031,0.0483,BALANCED,NORMAL,BALANCED_NORMAL,26071
XRPUSDT,bb_balanced,1.5,2024-12-27 10:00:00+00:00,2024-12-27 15:35:00+00:00,-1,2.2133,2.2630618130782847,0.04976181307828487,2.1386572803825725,3.0,1.48665664,1.48665664,TP,68,20,2.0,1.5,2.196079,2.137841,2.16696,2.687546,0.033175,1.2425,0.1519,BALANCED,NORMAL,BALANCED_NORMAL,26074
XRPUSDT,bb_balanced,1.5,2024-12-28 17:00:00+00:00,2024-12-29 16:20:00+00:00,-1,2.1882,2.2184582953316996,0.030258295331699436,2.142812557002451,3.0,1.47830479,1.47830479,TP,281,20,2.0,1.5,2.183469,2.133841,2.158655,2.299045,0.020172,0.7296,0.1102,BALANCED,NORMAL,BALANCED_NORMAL,26105
XRPUSDT,bb_balanced,1.5,2024-12-29 15:00:00+00:00,2024-12-29 17:05:00+00:00,1,2.1616,2.1378878538061596,0.023712146193840322,2.1971682192907602,3.0,-1.02734801,-1.02734801,SL,26,20,2.0,1.5,2.201057,2.165453,2.183255,1.630773,0.015808,0.7128,0.2039,BALANCED,NORMAL,BALANCED_NORMAL,26127
XRPUSDT,bb_balanced,1.5,2024-12-31 14:00:00+00:00,2025-01-01 12:55:00+00:00,-1,2.1247,2.1716439100201375,0.04694391002013765,2.0542841349697936,3.0,-1.01357812,-1.01357812,SL,276,20,2.0,1.5,2.122952,1.994958,2.058955,6.216444,0.031296,1.1832,0.1689,BALANCED,NORMAL,BALANCED_NORMAL,26174
XRPUSDT,bb_balanced,1.5,2025-01-01 13:00:00+00:00,2025-01-01 15:45:00+00:00,-1,2.1672,2.2071873029193485,0.03998730291934871,2.107219045620977,3.0,-1.01625916,-1.01625916,SL,34,20,2.0,1.5,2.152225,2.064675,2.10845,4.152356,0.026658,0.9014,0.1719,BALANCED,NORMAL,BALANCED_NORMAL,26197
XRPUSDT,bb_balanced,1.5,2025-01-04 16:00:00+00:00,2025-01-05 01:35:00+00:00,1,2.4112,2.3731136098937813,0.038086390106218726,2.468329585159328,3.0,-1.01899261,-1.01899261,SL,116,20,2.0,1.5,2.480377,2.421563,2.45097,2.39965,0.025391,0.83,0.2582,BALANCED,NORMAL,BALANCED_NORMAL,26272
XRPUSDT,bb_balanced,1.5,2025-01-06 15:00:00+00:00,2025-01-07 10:55:00+00:00,-1,2.4285,2.4663518926832624,0.03785189268326228,2.3717221609751067,3.0,-1.01924739,-1.01924739,SL,240,20,2.0,1.5,2.424736,2.373824,2.39928,2.122007,0.025235,1.0879,0.1173,BALANCED,NORMAL,BALANCED_NORMAL,26319
XRPUSDT,bb_balanced,1.5,2025-01-07 16:00:00+00:00,2025-01-07 20:45:00+00:00,1,2.3122,2.260214906669871,0.051985093330128684,2.390177639995193,3.0,-1.01334344,-1.01334344,SL,58,20,2.0,1.5,2.47388,2.35757,2.415725,4.81472,0.034657,1.4337,0.3418,BALANCED,NORMAL,BALANCED_NORMAL,26344
XRPUSDT,bb_balanced,1.5,2025-01-08 23:00:00+00:00,2025-01-09 13:30:00+00:00,-1,2.3875,2.4575779694524957,0.07007796945249556,2.282383045821257,3.0,1.48977924,1.48977924,TP,175,20,2.0,1.5,2.362982,2.259618,2.3113,4.472124,0.046719,1.3699,0.1501,BALANCED,NORMAL,BALANCED_NORMAL,26375
XRPUSDT,bb_balanced,1.5,2025-01-09 14:00:00+00:00,2025-01-09 15:25:00+00:00,1,2.2347,2.179224387386164,0.055475612613836045,2.317913418920754,3.0,1.48791523,1.48791523,TP,18,20,2.0,1.5,2.401692,2.259798,2.330745,6.087896,0.036984,0.9512,0.146,BALANCED,NORMAL,BALANCED_NORMAL,26390
XRPUSDT,bb_balanced,1.5,2025-01-10 18:00:00+00:00,2025-01-11 11:35:00+00:00,-1,2.3492,2.4025035263092342,0.05330352630923407,2.269244710536149,3.0,-1.01322164,-1.01322164,SL,212,20,2.0,1.5,2.333819,2.257951,2.295885,3.304536,0.035536,0.9474,0.3331,BALANCED,NORMAL,BALANCED_NORMAL,26418
XRPUSDT,bb_balanced,1.5,2025-01-13 07:00:00+00:00,2025-01-13 11:10:00+00:00,1,2.456,2.397289416043812,0.05871058395618789,2.544065875934282,3.0,-1.0125497,-1.0125497,SL,51,20,2.0,1.5,2.559792,2.473208,2.5165,3.440629,0.03914,1.1499,0.0937,BALANCED,NORMAL,BALANCED_NORMAL,26479
XRPUSDT,bb_balanced,1.5,2025-01-15 23:00:00+00:00,2025-01-15 23:10:00+00:00,-1,3.081,3.184541742799792,0.10354174279979222,2.9256873858003116,3.0,-1.00892683,-1.00892683,SL,3,20,2.0,1.5,3.051857,2.712853,2.882355,11.761369,0.069028,1.4355,0.3327,BALANCED,NORMAL,BALANCED_NORMAL,26543
XRPUSDT,bb_balanced,1.5,2025-01-17 16:00:00+00:00,2025-01-18 05:50:00+00:00,1,3.1989,3.1008811867842376,0.09801881321576245,3.3459282198236435,3.0,-1.00979067,-1.00979067,SL,167,20,2.0,1.5,3.353201,3.204069,3.278635,4.548578,0.065346,0.8462,0.2687,BALANCED,NORMAL,BALANCED_NORMAL,26584
XRPUSDT,bb_balanced,1.5,2025-01-18 06:00:00+00:00,2025-01-18 13:40:00+00:00,1,3.0938,2.9967632858527926,0.09703671414720727,3.239355071220811,3.0,1.49043517,1.49043517,TP,93,20,2.0,1.5,3.329907,3.148353,3.23913,5.604997,0.064691,0.874,0.2884,BALANCED,NORMAL,BALANCED_NORMAL,26598
XRPUSDT,bb_balanced,1.5,2025-01-19 00:00:00+00:00,2025-01-19 08:15:00+00:00,-1,3.2694,3.3563005467649103,0.08690054676491021,3.139049179852635,3.0,1.4887133,1.4887133,TP,100,20,2.0,1.5,3.262586,3.082354,3.17247,5.681139,0.057934,0.8734,0.0446,BALANCED,NORMAL,BALANCED_NORMAL,26616
XRPUSDT,bb_balanced,1.5,2025-01-19 12:00:00+00:00,2025-01-19 19:20:00+00:00,1,3.053,2.9686882777263586,0.08431172227364137,3.179467583410462,3.0,1.48913674,1.48913674,TP,89,20,2.0,1.5,3.305483,3.077057,3.19127,7.157821,0.056208,0.9288,0.2575,BALANCED,NORMAL,BALANCED_NORMAL,26628
XRPUSDT,bb_balanced,1.5,2025-01-21 17:00:00+00:00,2025-01-22 20:15:00+00:00,-1,3.1734,3.2786300437458267,0.10523004374582667,3.01555493438126,3.0,-1.00904704,-1.00904704,SL,328,20,2.0,1.5,3.166015,3.039105,3.10256,4.09052,0.070153,0.8433,0.036,BALANCED,NORMAL,BALANCED_NORMAL,26681
XRPUSDT,bb_balanced,1.5,2025-01-23 05:00:00+00:00,2025-01-23 13:15:00+00:00,1,3.1128,3.0447674257341717,0.06803257426582832,3.2148488613987425,3.0,-1.01372637,-1.01372637,SL,100,20,2.0,1.5,3.235496,3.113384,3.17444,3.84675,0.045355,0.7796,0.1286,BALANCED,NORMAL,BALANCED_NORMAL,26717
XRPUSDT,bb_balanced,1.5,2025-01-24 05:00:00+00:00,2025-01-26 23:15:00+00:00,-1,3.1593,3.233358283888939,0.07405828388893898,3.0482125741665915,3.0,1.48720211,1.48720211,TP,796,20,2.0,1.5,3.158115,3.041615,3.099865,3.758219,0.049372,1.0843,0.1226,BALANCED,NORMAL,BALANCED_NORMAL,26741
XRPUSDT,bb_balanced,1.5,2025-01-24 23:00:00+00:00,2025-01-26 23:15:00+00:00,1,3.0935,3.0423278335480175,0.05117216645198264,3.170258249677974,3.0,-1.01813584,-1.01813584,SL,580,20,2.0,1.5,3.216461,3.096359,3.15641,3.805001,0.034115,0.7779,0.1346,BALANCED,NORMAL,BALANCED_NORMAL,26759
XRPUSDT,bb_balanced,1.5,2025-01-25 16:00:00+00:00,2025-01-26 22:00:00+00:00,-1,3.1403,3.1765897497379476,0.03628974973794774,3.0858653753930785,3.0,1.47403978,1.47403978,TP,361,20,2.0,1.5,3.133129,3.086061,3.109595,1.513606,0.024193,0.6336,0.0015,BALANCED,NORMAL,BALANCED_NORMAL,26776
XRPUSDT,bb_balanced,1.5,2025-01-26 22:00:00+00:00,2025-01-26 22:00:00+00:00,1,3.0962,3.0710436768855,0.0251563231145,3.13393448467175,3.0,-1.03692352,-1.03692352,SL,1,20,2.0,1.5,3.144126,3.104074,3.1241,1.282026,0.016771,0.7107,0.2059,BALANCED,NORMAL,BALANCED_NORMAL,26806
XRPUSDT,bb_balanced,1.5,2025-01-28 22:00:00+00:00,2025-01-29 19:40:00+00:00,1,3.016,2.937790118941953,0.07820988105804716,3.1333148215870708,3.0,1.48843113,1.48843113,TP,261,20,2.0,1.5,3.200091,3.038169,3.11913,5.191278,0.05214,1.0346,0.0052,BALANCED,NORMAL,BALANCED_NORMAL,26854
XRPUSDT,bb_balanced,1.5,2025-01-30 04:00:00+00:00,2025-01-31 18:35:00+00:00,-1,3.121,3.187075001996271,0.06607500199627081,3.0218874970055936,3.0,1.48582974,1.48582974,TP,464,20,2.0,1.5,3.120032,3.035108,3.07757,2.759421,0.04405,0.9292,0.0703,BALANCED,NORMAL,BALANCED_NORMAL,26884
XRPUSDT,bb_balanced,1.5,2025-01-31 05:00:00+00:00,2025-01-31 18:35:00+00:00,1,3.0753,3.0367984481803756,0.038501551819624336,3.1330523277294366,3.0,-1.02396241,-1.02396241,SL,164,20,2.0,1.5,3.140451,3.080809,3.11063,1.917344,0.025668,0.6882,0.1375,BALANCED,NORMAL,BALANCED_NORMAL,26909
XRPUSDT,bb_balanced,1.5,2025-02-02 12:00:00+00:00,2025-02-02 16:45:00+00:00,1,2.787,2.718609237903293,0.06839076209670703,2.8895861431450607,3.0,-1.01222534,-1.01222534,SL,58,20,2.0,1.5,2.994073,2.805387,2.89973,6.507045,0.045594,1.4953,0.3443,BALANCED,NORMAL,BALANCED_NORMAL,26964
XRPUSDT,bb_balanced,1.5,2025-02-05 17:00:00+00:00,2025-02-05 18:50:00+00:00,1,2.4533,2.3660361978971602,0.0872638021028398,2.5841957031542595,3.0,-1.00843408,-1.00843408,SL,23,20,2.0,1.5,2.556873,2.462277,2.509575,3.769409,0.058176,0.6311,0.1869,BALANCED,NORMAL,BALANCED_NORMAL,27041
XRPUSDT,bb_balanced,1.5,2025-02-06 16:00:00+00:00,2025-02-07 11:10:00+00:00,1,2.3145,2.2371432639412,0.07735673605879967,2.4305351040881993,3.0,1.49102405,1.49102405,TP,231,20,2.0,1.5,2.483711,2.343069,2.41339,5.827538,0.051571,0.7917,0.2921,BALANCED,NORMAL,BALANCED_NORMAL,27064
XRPUSDT,bb_balanced,1.5,2025-02-07 12:00:00+00:00,2025-02-07 13:55:00+00:00,-1,2.4169,2.4915310700643962,0.07463107006439618,2.304953394903406,3.0,-1.00971539,-1.00971539,SL,24,20,2.0,1.5,2.402885,2.269155,2.33602,5.724713,0.049754,0.9315,0.2574,BALANCED,NORMAL,BALANCED_NORMAL,27084
XRPUSDT,bb_balanced,1.5,2025-02-09 02:00:00+00:00,2025-02-09 03:35:00+00:00,-1,2.4474,2.4940230439693223,0.046623043969322264,2.377465434046017,3.0,-1.01574801,-1.01574801,SL,20,20,2.0,1.5,2.443415,2.375495,2.409455,2.818924,0.031082,0.6689,0.3397,BALANCED,NORMAL,BALANCED_NORMAL,27122
XRPUSDT,bb_balanced,1.5,2025-02-09 22:00:00+00:00,2025-02-10 00:00:00+00:00,1,2.3338,2.2818270371509652,0.051972962849034854,2.411759444273552,3.0,1.48652876,1.48652876,TP,25,20,2.0,1.5,2.51446,2.35665,2.435555,6.479436,0.034649,0.9096,0.2846,BALANCED,NORMAL,BALANCED_NORMAL,27142
XRPUSDT,bb_balanced,1.5,2025-02-11 05:00:00+00:00,2025-02-11 06:50:00+00:00,-1,2.4766,2.522714765562632,0.046114765562632165,2.4074278516560517,3.0,-1.01611154,-1.01611154,SL,23,20,2.0,1.5,2.465567,2.402283,2.433925,2.600048,0.030743,0.8815,0.1497,BALANCED,NORMAL,BALANCED_NORMAL,27173
XRPUSDT,bb_balanced,1.5,2025-02-11 19:00:00+00:00,2025-02-12 13:30:00+00:00,1,2.3982,2.3482008351649677,0.04999916483503242,2.4731987472525487,3.0,-1.01438944,-1.01438944,SL,223,20,2.0,1.5,2.52991,2.40281,2.46636,5.153353,0.033333,0.9522,0.0476,BALANCED,NORMAL,BALANCED_NORMAL,27187
XRPUSDT,bb_balanced,1.5,2025-02-12 18:00:00+00:00,2025-02-13 21:20:00+00:00,-1,2.453,2.510909062594388,0.05790906259438833,2.366136406108417,3.0,-1.01270786,-1.01270786,SL,329,20,2.0,1.5,2.440801,2.378519,2.40966,2.584706,0.038606,1.1886,0.0851,BALANCED,NORMAL,BALANCED_NORMAL,27210
XRPUSDT,bb_balanced,1.5,2025-02-13 22:00:00+00:00,2025-02-13 22:10:00+00:00,-1,2.5001,2.5468728116185155,0.04677281161851532,2.4299407825722272,3.0,-1.0160356,-1.0160356,SL,3,20,2.0,1.5,2.491553,2.410937,2.451245,3.288748,0.031182,0.9831,0.0826,BALANCED,NORMAL,BALANCED_NORMAL,27238
XRPUSDT,bb_balanced,1.5,2025-02-15 21:00:00+00:00,2025-02-17 05:00:00+00:00,1,2.7285,2.6712139004978646,0.05728609950213537,2.814429149253203,3.0,-1.01428881,-1.01428881,SL,385,20,2.0,1.5,2.828748,2.734452,2.7816,3.390027,0.038191,0.9063,0.0499,BALANCED,NORMAL,BALANCED_NORMAL,27285
XRPUSDT,bb_balanced,1.5,2025-02-17 06:00:00+00:00,2025-02-17 07:35:00+00:00,1,2.6896,2.642993216293645,0.04660678370635507,2.759510175559533,3.0,-1.0173125,-1.0173125,SL,20,20,2.0,1.5,2.773001,2.693679,2.73334,2.901987,0.031071,0.9131,0.2608,BALANCED,NORMAL,BALANCED_NORMAL,27318
XRPUSDT,bb_balanced,1.5,2025-02-17 17:00:00+00:00,2025-02-18 06:05:00+00:00,1,2.6167,2.56209382800889,0.05460617199110995,2.6986092579866647,3.0,-1.01437585,-1.01437585,SL,158,20,2.0,1.5,2.775571,2.619519,2.697545,5.784947,0.036404,1.1405,0.34,BALANCED,NORMAL,BALANCED_NORMAL,27329
XRPUSDT,bb_balanced,1.5,2025-02-18 07:00:00+00:00,2025-02-18 16:30:00+00:00,1,2.5528,2.4989599026129166,0.0538400973870834,2.633560146080625,3.0,-1.01422434,-1.01422434,SL,115,20,2.0,1.5,2.716667,2.584263,2.650465,4.995506,0.035893,1.1331,0.2455,BALANCED,NORMAL,BALANCED_NORMAL,27343
XRPUSDT,bb_balanced,1.5,2025-02-19 12:00:00+00:00,2025-02-19 16:20:00+00:00,-1,2.6132,2.665421434113225,0.05222143411322522,2.534867848830162,3.0,-1.01501223,-1.01501223,SL,53,20,2.0,1.5,2.59649,2.48261,2.53955,4.484247,0.034814,0.9621,0.1969,BALANCED,NORMAL,BALANCED_NORMAL,27372
XRPUSDT,bb_balanced,1.5,2025-02-21 02:00:00+00:00,2025-02-21 15:25:00+00:00,1,2.6626,2.6197135722768126,0.04288642772318729,2.726929641584781,3.0,-1.01862547,-1.01862547,SL,162,20,2.0,1.5,2.714701,2.663849,2.689275,1.890886,0.028591,0.8081,0.2006,BALANCED,NORMAL,BALANCED_NORMAL,27410
XRPUSDT,bb_balanced,1.5,2025-02-21 16:00:00+00:00,2025-02-21 17:45:00+00:00,1,2.6118,2.5564147627609994,0.055385237239000684,2.6948778558585014,3.0,-1.01414709,-1.01414709,SL,22,20,2.0,1.5,2.70329,2.62671,2.665,2.873518,0.036923,1.1189,0.3006,BALANCED,NORMAL,BALANCED_NORMAL,27424
XRPUSDT,bb_balanced,1.5,2025-02-23 01:00:00+00:00,2025-02-23 15:45:00+00:00,1,2.5643,2.5335130587253514,0.030786941274648427,2.6104804119119724,3.0,-1.02498754,-1.02498754,SL,178,20,2.0,1.5,2.598545,2.566075,2.58231,1.257374,0.020525,0.6982,0.1272,BALANCED,NORMAL,BALANCED_NORMAL,27457
XRPUSDT,bb_balanced,1.5,2025-02-23 16:00:00+00:00,2025-02-23 21:25:00+00:00,1,2.5204,2.489487729481012,0.030912270518987928,2.5667684057784816,3.0,1.47553981,1.47553981,TP,66,20,2.0,1.5,2.596093,2.532517,2.564305,2.479245,0.020608,0.757,0.346,BALANCED,NORMAL,BALANCED_NORMAL,27472
XRPUSDT,bb_balanced,1.5,2025-02-24 09:00:00+00:00,2025-02-24 15:05:00+00:00,1,2.4522,2.4089643947451584,0.04323560525484149,2.517053407882262,3.0,-1.01701514,-1.01701514,SL,74,20,2.0,1.5,2.605595,2.459475,2.532535,5.76972,0.028824,1.2784,0.3231,BALANCED,NORMAL,BALANCED_NORMAL,27489
XRPUSDT,bb_balanced,1.5,2025-02-26 18:00:00+00:00,2025-02-28 01:25:00+00:00,1,2.2121,2.13722207318065,0.07487792681935002,2.324416890229025,3.0,-1.00886283,-1.00886283,SL,378,20,2.0,1.5,2.347484,2.221576,2.28453,5.51131,0.049919,0.8712,0.2856,BALANCED,NORMAL,BALANCED_NORMAL,27546
XRPUSDT,bb_balanced,1.5,2025-02-28 02:00:00+00:00,2025-02-28 04:00:00+00:00,1,2.0815,2.015068858669532,0.06643114133046835,2.1811467119957024,3.0,-1.00939996,-1.00939996,SL,25,20,2.0,1.5,2.27067,2.12956,2.200115,6.413715,0.044287,0.9206,0.3093,BALANCED,NORMAL,BALANCED_NORMAL,27578
XRPUSDT,bb_balanced,1.5,2025-03-02 02:00:00+00:00,2025-03-02 02:10:00+00:00,-1,2.2139,2.255231134004085,0.041331134004084724,2.151903298993873,3.0,-1.01606948,-1.01606948,SL,3,20,2.0,1.5,2.209624,2.131006,2.170315,3.6224,0.027554,0.6931,0.1349,BALANCED,NORMAL,BALANCED_NORMAL,27626
XRPUSDT,bb_balanced,1.5,2025-03-04 18:00:00+00:00,2025-03-06 08:40:00+00:00,-1,2.4454,2.5762489393060264,0.1308489393060266,2.2491265910409597,3.0,-1.00560662,-1.00560662,SL,465,20,2.0,1.5,2.439474,2.262816,2.351145,7.513696,0.087233,1.0247,0.1855,BALANCED,NORMAL,BALANCED_NORMAL,27690
XRPUSDT,bb_balanced,1.5,2025-03-06 09:00:00+00:00,2025-03-06 10:15:00+00:00,-1,2.5638,2.628090605269665,0.06429060526966479,2.4673640920955027,3.0,-1.01196349,-1.01196349,SL,16,20,2.0,1.5,2.552972,2.443818,2.498395,4.368977,0.04286,0.6726,0.2478,BALANCED,NORMAL,BALANCED_NORMAL,27729
XRPUSDT,bb_balanced,1.5,2025-03-07 22:00:00+00:00,2025-03-09 09:55:00+00:00,1,2.3959,2.2974656340995576,0.09843436590044252,2.543551548850664,3.0,-1.00730202,-1.00730202,SL,432,20,2.0,1.5,2.563193,2.419537,2.491365,5.766118,0.065623,1.281,0.1904,BALANCED,NORMAL,BALANCED_NORMAL,27766
XRPUSDT,bb_balanced,1.5,2025-03-09 03:00:00+00:00,2025-03-09 10:25:00+00:00,1,2.3103,2.258428603180301,0.051871396819698656,2.3881070952295476,3.0,-1.0133617,-1.0133617,SL,90,20,2.0,1.5,2.363368,2.313472,2.33842,2.133727,0.034581,0.6772,0.1967,BALANCED,NORMAL,BALANCED_NORMAL,27795
XRPUSDT,bb_balanced,1.5,2025-03-09 10:00:00+00:00,2025-03-09 10:45:00+00:00,1,2.2972,2.2512797549704393,0.045920245029560824,2.3660803675443414,3.0,-1.01500776,-1.01500776,SL,10,20,2.0,1.5,2.362062,2.303848,2.332955,2.495332,0.030613,0.6513,0.2078,BALANCED,NORMAL,BALANCED_NORMAL,27802
XRPUSDT,bb_balanced,1.5,2025-03-10 15:00:00+00:00,2025-03-10 18:50:00+00:00,1,2.0923,2.0172224948818247,0.07507750511817513,2.2049162576772625,3.0,-1.00836056,-1.00836056,SL,47,20,2.0,1.5,2.223609,2.113451,2.16853,5.07983,0.050052,1.2683,0.0658,BALANCED,NORMAL,BALANCED_NORMAL,27831
XRPUSDT,bb_balanced,1.5,2025-03-12 13:00:00+00:00,2025-03-12 15:05:00+00:00,-1,2.2493,2.3212673389705407,0.07196733897054086,2.141348991544189,3.0,1.49062366,1.49062366,TP,26,20,2.0,1.5,2.248487,2.126593,2.18754,5.572214,0.047978,0.8838,0.2383,BALANCED,NORMAL,BALANCED_NORMAL,27877
XRPUSDT,bb_balanced,1.5,2025-03-16 02:00:00+00:00,2025-03-16 09:40:00+00:00,1,2.3781,2.340525199899892,0.03757480010010772,2.4344622001501612,3.0,-1.01898693,-1.01898693,SL,93,20,2.0,1.5,2.438623,2.381387,2.410005,2.374904,0.02505,0.7998,0.2118,BALANCED,NORMAL,BALANCED_NORMAL,27962
XRPUSDT,bb_balanced,1.5,2025-03-18 02:00:00+00:00,2025-03-18 06:45:00+00:00,1,2.2896,2.250439068530342,0.039160931469658156,2.3483413972044875,3.0,-1.01753993,-1.01753993,SL,58,20,2.0,1.5,2.3708,2.30417,2.337485,2.850541,0.026107,0.9989,0.1847,BALANCED,NORMAL,BALANCED_NORMAL,28010
XRPUSDT,bb_balanced,1.5,2025-03-20 17:00:00+00:00,2025-03-24 14:15:00+00:00,1,2.4013,2.3381974351667805,0.06310256483321952,2.4959538472498295,3.0,1.48858382,1.48858382,TP,1120,20,2.0,1.5,2.549463,2.420197,2.48483,5.202237,0.042068,1.1859,0.2344,BALANCED,NORMAL,BALANCED_NORMAL,28073
XRPUSDT,bb_balanced,1.5,2025-03-21 13:00:00+00:00,2025-03-23 23:30:00+00:00,1,2.3677,2.323568492933579,0.044131507066420994,2.4338972605996316,3.0,1.4839047,1.4839047,TP,703,20,2.0,1.5,2.462351,2.376069,2.41921,3.566572,0.029421,0.747,0.1646,BALANCED,NORMAL,BALANCED_NORMAL,28093
XRPUSDT,bb_balanced,1.5,2025-03-22 15:00:00+00:00,2025-03-23 11:15:00+00:00,1,2.3692,2.3411508736956863,0.028049126304313887,2.411273689456471,3.0,1.47466017,1.47466017,TP,244,20,2.0,1.5,2.409692,2.376058,2.392875,1.405629,0.018699,0.6402,0.2685,BALANCED,NORMAL,BALANCED_NORMAL,28119
XRPUSDT,bb_balanced,1.5,2025-03-23 12:00:00+00:00,2025-03-23 23:25:00+00:00,-1,2.4041,2.426183849718978,0.0220838497189777,2.3709742254215334,3.0,-1.03265871,-1.03265871,SL,138,20,2.0,1.5,2.403483,2.363137,2.38331,1.692818,0.014723,0.7025,0.2536,BALANCED,NORMAL,BALANCED_NORMAL,28140
XRPUSDT,bb_balanced,1.5,2025-03-24 00:00:00+00:00,2025-03-24 05:00:00+00:00,-1,2.4379,2.4633756093722305,0.02547560937223059,2.3996865859416543,3.0,-1.02870864,-1.02870864,SL,61,20,2.0,1.5,2.425877,2.375003,2.40044,2.119349,0.016984,0.948,0.3347,BALANCED,NORMAL,BALANCED_NORMAL,28152
XRPUSDT,bb_balanced,1.5,2025-03-25 02:00:00+00:00,2025-03-26 14:20:00+00:00,1,2.4361,2.404299539139853,0.031800460860146984,2.4838006912902206,3.0,-1.02298174,-1.02298174,SL,437,20,2.0,1.5,2.476768,2.439022,2.457895,1.535678,0.0212,1.1992,0.096,BALANCED,NORMAL,BALANCED_NORMAL,28178
XRPUSDT,bb_balanced,1.5,2025-03-25 18:00:00+00:00,2025-03-26 13:55:00+00:00,-1,2.4627,2.495137250234108,0.03243725023410793,2.414044124648838,3.0,1.47722341,1.47722341,TP,240,20,2.0,1.5,2.461042,2.410458,2.43575,2.076727,0.021625,1.1232,0.0248,BALANCED,NORMAL,BALANCED_NORMAL,28194
XRPUSDT,bb_balanced,1.5,2025-03-26 14:00:00+00:00,2025-03-26 17:25:00+00:00,1,2.415,2.385385707396959,0.029614292603040937,2.4594214389045614,3.0,-1.02446454,-1.02446454,SL,42,20,2.0,1.5,2.474952,2.427408,2.45118,1.939614,0.019743,0.9776,0.2768,BALANCED,NORMAL,BALANCED_NORMAL,28214
XRPUSDT,bb_balanced,1.5,2025-03-29 07:00:00+00:00,2025-03-29 09:40:00+00:00,1,2.1351,2.09168929032547,0.04341070967452998,2.200216064511795,3.0,-1.01475511,-1.01475511,SL,33,20,2.0,1.5,2.225488,2.140332,2.18291,3.900985,0.02894,1.1483,0.2895,BALANCED,NORMAL,BALANCED_NORMAL,28279
XRPUSDT,bb_balanced,1.5,2025-03-30 02:00:00+00:00,2025-03-30 03:25:00+00:00,-1,2.1634,2.2079195009096493,0.04451950090964907,2.0966207486355266,3.0,-1.01457833,-1.01457833,SL,18,20,2.0,1.5,2.157727,2.075743,2.116735,3.873136,0.02968,1.0478,0.0269,BALANCED,NORMAL,BALANCED_NORMAL,28298
XRPUSDT,bb_balanced,1.5,2025-03-31 01:00:00+00:00,2025-03-31 09:40:00+00:00,1,2.0895,2.042865702486179,0.0466342975138212,2.159451446270732,3.0,-1.01344182,-1.01344182,SL,105,20,2.0,1.5,2.196627,2.100193,2.14841,4.488642,0.03109,1.0748,0.3428,BALANCED,NORMAL,BALANCED_NORMAL,28321
XRPUSDT,bb_balanced,1.5,2025-04-01 09:00:00+00:00,2025-04-01 14:20:00+00:00,-1,2.1695,2.2164941329259644,0.046994132925964216,2.099008800611054,3.0,1.4861504,1.4861504,TP,65,20,2.0,1.5,2.1393,2.05955,2.099425,3.798707,0.031329,1.0142,0.2256,BALANCED,NORMAL,BALANCED_NORMAL,28353
XRPUSDT,bb_balanced,1.5,2025-04-02 03:00:00+00:00,2025-04-02 15:30:00+00:00,1,2.093,2.0517264406925766,0.04127355930742338,2.154910338961135,3.0,1.48478687,1.48478687,TP,151,20,2.0,1.5,2.181679,2.093921,2.1378,4.105088,0.027516,0.8566,0.0185,BALANCED,NORMAL,BALANCED_NORMAL,28371
XRPUSDT,bb_balanced,1.5,2025-04-02 16:00:00+00:00,2025-04-02 20:15:00+00:00,-1,2.1718,2.21833487174293,0.046534871742929695,2.1019976923856056,3.0,-1.01400111,-1.01400111,SL,52,20,2.0,1.5,2.163108,2.068012,2.11556,4.49512,0.031023,1.015,0.1431,BALANCED,NORMAL,BALANCED_NORMAL,28384
XRPUSDT,bb_balanced,1.5,2025-04-02 23:00:00+00:00,2025-04-04 13:55:00+00:00,1,2.0163,1.9507051961539574,0.06559480384604277,2.1146922057690642,3.0,1.49077839,1.49077839,TP,468,20,2.0,1.5,2.182294,2.045546,2.11392,6.468887,0.04373,1.4458,0.2031,BALANCED,NORMAL,BALANCED_NORMAL,28391
XRPUSDT,bb_balanced,1.5,2025-04-04 14:00:00+00:00,2025-04-06 17:45:00+00:00,-1,2.1177,2.1758345226995726,0.05813452269957242,2.0304982159506415,3.0,1.48907173,1.48907173,TP,622,20,2.0,1.5,2.102957,2.021933,2.062445,3.928579,0.038756,1.1167,0.3209,BALANCED,NORMAL,BALANCED_NORMAL,28430
XRPUSDT,bb_balanced,1.5,2025-04-06 07:00:00+00:00,2025-04-06 10:45:00+00:00,1,2.1094,2.0812745898156297,0.028125410184370203,2.1515881152765552,3.0,-1.02249994,-1.02249994,SL,46,20,2.0,1.5,2.155167,2.109863,2.132515,2.124415,0.01875,0.6619,0.2941,BALANCED,NORMAL,BALANCED_NORMAL,28471
XRPUSDT,bb_balanced,1.5,2025-04-08 12:00:00+00:00,2025-04-08 17:05:00+00:00,-1,1.958,2.0284344418060707,0.07043444180607072,1.852348337290894,3.0,1.49166033,1.49166033,TP,62,20,2.0,1.5,1.95093,1.84116,1.896045,5.789411,0.046956,0.9927,0.1682,BALANCED,NORMAL,BALANCED_NORMAL,28524
XRPUSDT,bb_balanced,1.5,2025-04-09 17:00:00+00:00,2025-04-09 17:20:00+00:00,-1,1.8619,1.9260096979656738,0.06410969796567367,1.7657354530514895,3.0,-1.00871272,-1.00871272,SL,5,20,2.0,1.5,1.858302,1.752068,1.805185,5.884968,0.04274,0.848,0.09,BALANCED,NORMAL,BALANCED_NORMAL,28553
XRPUSDT,bb_balanced,1.5,2025-04-11 18:00:00+00:00,2025-04-12 13:10:00+00:00,-1,2.0387,2.081645793302132,0.042945793302131996,1.974281310046802,3.0,-1.01424144,-1.01424144,SL,231,20,2.0,1.5,2.038217,1.960563,1.99939,3.883889,0.028631,0.716,0.322,BALANCED,NORMAL,BALANCED_NORMAL,28602
XRPUSDT,bb_balanced,1.5,2025-04-12 10:00:00+00:00,2025-04-12 13:25:00+00:00,-1,2.0652,2.0967386380176265,0.031538638017626575,2.01789204297356,3.0,-1.01964448,-1.01964448,SL,42,20,2.0,1.5,2.065107,1.991373,2.02824,3.63536,0.021026,0.6657,0.3269,BALANCED,NORMAL,BALANCED_NORMAL,28618
XRPUSDT,bb_balanced,1.5,2025-04-15 10:00:00+00:00,2025-04-15 17:50:00+00:00,-1,2.1684,2.2040054082613785,0.03560540826137837,2.1149918876079328,3.0,1.48172974,1.48172974,TP,95,20,2.0,1.5,2.168335,2.117945,2.14314,2.351196,0.023737,0.7894,0.17,BALANCED,NORMAL,BALANCED_NORMAL,28690
XRPUSDT,bb_balanced,1.5,2025-04-15 18:00:00+00:00,2025-04-16 00:10:00+00:00,1,2.1144,2.078791867557762,0.03560813244223793,2.1678121986633565,3.0,-1.01781391,-1.01781391,SL,75,20,2.0,1.5,2.170288,2.116312,2.1433,2.518345,0.023739,0.8165,0.1396,BALANCED,NORMAL,BALANCED_NORMAL,28698
XRPUSDT,bb_balanced,1.5,2025-04-17 15:00:00+00:00,2025-04-21 00:30:00+00:00,1,2.0647,2.0321163362910655,0.03258366370893473,2.1135754955634023,3.0,1.48099017,1.48099017,TP,979,20,2.0,1.5,2.114932,2.066188,2.09056,2.331646,0.021722,0.8784,0.1017,BALANCED,NORMAL,BALANCED_NORMAL,28743
XRPUSDT,bb_balanced,1.5,2025-04-18 01:00:00+00:00,2025-04-19 09:15:00+00:00,1,2.0466,2.0132507424595936,0.03334925754040663,2.09662388631061,3.0,1.4815894,1.4815894,TP,388,20,2.0,1.5,2.115494,2.049366,2.08243,3.175556,0.022233,0.9028,0.1744,BALANCED,NORMAL,BALANCED_NORMAL,28753
XRPUSDT,bb_balanced,1.5,2025-04-20 07:00:00+00:00,2025-04-20 10:40:00+00:00,1,2.071,2.0547638521763707,0.016236147823629477,2.0953542217354446,3.0,-1.03826647,-1.03826647,SL,45,20,2.0,1.5,2.093839,2.071351,2.082595,1.079817,0.010824,0.7576,0.1373,BALANCED,NORMAL,BALANCED_NORMAL,28807
XRPUSDT,bb_balanced,1.5,2025-04-21 01:00:00+00:00,2025-04-21 02:30:00+00:00,-1,2.1018,2.125329453528957,0.023529453528956967,2.066505819706564,3.0,-1.0267979,-1.0267979,SL,19,20,2.0,1.5,2.093793,2.035427,2.06461,2.826928,0.015686,1.2648,0.1246,BALANCED,NORMAL,BALANCED_NORMAL,28825
XRPUSDT,bb_balanced,1.5,2025-04-21 19:00:00+00:00,2025-04-22 13:05:00+00:00,1,2.0683,2.040590438061627,0.02770956193837293,2.109864342907559,3.0,1.47760737,1.47760737,TP,218,20,2.0,1.5,2.149689,2.071171,2.11043,3.720502,0.018473,1.3814,0.0015,BALANCED,NORMAL,BALANCED_NORMAL,28843
XRPUSDT,bb_balanced,1.5,2025-04-24 04:00:00+00:00,2025-04-24 08:35:00+00:00,1,2.1743,2.132592841503887,0.041707158496113284,2.23686073774417,3.0,-1.01563976,-1.01563976,SL,56,20,2.0,1.5,2.290101,2.175429,2.232765,5.135849,0.027805,1.1038,0.3246,BALANCED,NORMAL,BALANCED_NORMAL,28900
XRPUSDT,bb_balanced,1.5,2025-04-26 07:00:00+00:00,2025-04-26 07:30:00+00:00,-1,2.2173,2.2473487684968996,0.030048768496899747,2.17222684725465,3.0,-1.02213701,-1.02213701,SL,7,20,2.0,1.5,2.213022,2.172458,2.19274,1.849946,0.020033,0.8142,0.1383,BALANCED,NORMAL,BALANCED_NORMAL,28951
XRPUSDT,bb_balanced,1.5,2025-04-27 02:00:00+00:00,2025-04-27 12:35:00+00:00,1,2.1606,2.1338038364786276,0.026796163521372485,2.200794245282059,3.0,1.47581072,1.47581072,TP,128,20,2.0,1.5,2.221303,2.172007,2.196655,2.244158,0.017864,0.8485,0.1911,BALANCED,NORMAL,BALANCED_NORMAL,28970
XRPUSDT,bb_balanced,1.5,2025-04-27 14:00:00+00:00,2025-04-27 19:20:00+00:00,-1,2.2216,2.253025045141668,0.03142504514166777,2.1744624322874984,3.0,-1.02120856,-1.02120856,SL,65,20,2.0,1.5,2.215094,2.153286,2.18419,2.82983,0.02095,1.0897,0.1322,BALANCED,NORMAL,BALANCED_NORMAL,28982
XRPUSDT,bb_balanced,1.5,2025-04-29 22:00:00+00:00,2025-04-29 22:35:00+00:00,1,2.261,2.2321730938298012,0.028826906170198896,2.3042403592552985,3.0,-1.0235301,-1.0235301,SL,8,20,2.0,1.5,2.304051,2.262329,2.28319,1.827369,0.019218,0.8236,0.2072,BALANCED,NORMAL,BALANCED_NORMAL,29038
XRPUSDT,bb_balanced,1.5,2025-05-02 08:00:00+00:00,2025-05-02 14:20:00+00:00,1,2.1938,2.168499946256373,0.025300053743626982,2.2317500806154404,3.0,1.47398662,1.47398662,TP,77,20,2.0,1.5,2.245967,2.197753,2.22186,2.170003,0.016867,0.8238,0.279,BALANCED,NORMAL,BALANCED_NORMAL,29096
XRPUSDT,bb_balanced,1.5,2025-05-02 15:00:00+00:00,2025-05-02 21:50:00+00:00,-1,2.2334,2.2573596860088525,0.023959686008852454,2.197460470986721,3.0,1.47203553,1.47203553,TP,83,20,2.0,1.5,2.231732,2.199858,2.215795,1.438519,0.015973,0.7953,0.0049,BALANCED,NORMAL,BALANCED_NORMAL,29103
XRPUSDT,bb_balanced,1.5,2025-05-03 11:00:00+00:00,2025-05-03 14:50:00+00:00,1,2.1839,2.1646052996692786,0.019294700330721337,2.212842050496082,3.0,1.46604404,1.46604404,TP,47,20,2.0,1.5,2.225162,2.189818,2.20749,1.601074,0.012863,0.7717,0.3411,BALANCED,NORMAL,BALANCED_NORMAL,29123
XRPUSDT,bb_balanced,1.5,2025-05-03 19:00:00+00:00,2025-05-04 02:00:00+00:00,1,2.1815,2.1607745806001164,0.020725419399883815,2.212588129099826,3.0,1.46842283,1.46842283,TP,85,20,2.0,1.5,2.221807,2.181953,2.20188,1.810019,0.013817,0.8846,0.1247,BALANCED,NORMAL,BALANCED_NORMAL,29131
XRPUSDT,bb_balanced,1.5,2025-05-04 19:00:00+00:00,2025-05-05 01:30:00+00:00,1,2.1681,2.1456165295003538,0.022483470499646163,2.2018252057494694,3.0,-1.02892925,-1.02892925,SL,79,20,2.0,1.5,2.213338,2.168062,2.1907,2.066763,0.014989,1.0544,0.1812,BALANCED,NORMAL,BALANCED_NORMAL,29155
XRPUSDT,bb_balanced,1.5,2025-05-05 16:00:00+00:00,2025-05-06 08:20:00+00:00,1,2.1139,2.082044004515309,0.03185599548469131,2.161683993227037,3.0,-1.0199074,-1.0199074,SL,197,20,2.0,1.5,2.196302,2.121198,2.15875,3.479062,0.021237,1.3747,0.267,BALANCED,NORMAL,BALANCED_NORMAL,29176
XRPUSDT,bb_balanced,1.5,2025-05-06 19:00:00+00:00,2025-05-08 03:00:00+00:00,-1,2.1404,2.172545061437148,0.032145061437148126,2.0921824078442777,3.0,-1.0199757,-1.0199757,SL,385,20,2.0,1.5,2.13692,2.08104,2.10898,2.649593,0.02143,1.111,0.0225,BALANCED,NORMAL,BALANCED_NORMAL,29203
XRPUSDT,bb_balanced,1.5,2025-05-07 18:00:00+00:00,2025-05-08 02:15:00+00:00,1,2.1135,2.0895454385662418,0.023954561433758403,2.149431842150638,3.0,1.47353114,1.47353114,TP,100,20,2.0,1.5,2.164502,2.115378,2.13994,2.295597,0.01597,0.8028,0.0325,BALANCED,NORMAL,BALANCED_NORMAL,29226
XRPUSDT,bb_balanced,1.5,2025-05-08 03:00:00+00:00,2025-05-08 04:00:00+00:00,-1,2.1695,2.195979328019818,0.02647932801981767,2.1297810079702737,3.0,-1.02457955,-1.02457955,SL,13,20,2.0,1.5,2.158231,2.105959,2.132095,2.451686,0.017653,0.9293,0.2803,BALANCED,NORMAL,BALANCED_NORMAL,29235
XRPUSDT,bb_balanced,1.5,2025-05-11 08:00:00+00:00,2025-05-12 07:00:00+00:00,1,2.3541,2.3067411973670917,0.04735880263290815,2.425138203949362,3.0,1.48508767,1.48508767,TP,277,20,2.0,1.5,2.4609,2.36611,2.413505,3.927465,0.031573,1.0128,0.0833,BALANCED,NORMAL,BALANCED_NORMAL,29312
XRPUSDT,bb_balanced,1.5,2025-05-12 08:00:00+00:00,2025-05-12 11:10:00+00:00,-1,2.4129,2.4577747860500385,0.04487478605003847,2.3455878209249423,3.0,-1.01613088,-1.01613088,SL,39,20,2.0,1.5,2.412684,2.338306,2.375495,3.131026,0.029917,1.0426,0.1237,BALANCED,NORMAL,BALANCED_NORMAL,29336
XRPUSDT,bb_balanced,1.5,2025-05-14 10:00:00+00:00,2025-05-14 16:45:00+00:00,-1,2.6278,2.6920354613110917,0.06423546131109159,2.5314468080333627,3.0,1.48772734,1.48772734,TP,82,20,2.0,1.5,2.619386,2.525854,2.57262,3.635701,0.042824,0.9719,0.3075,BALANCED,NORMAL,BALANCED_NORMAL,29386
XRPUSDT,bb_balanced,1.5,2025-05-16 00:00:00+00:00,2025-05-17 01:20:00+00:00,1,2.3842,2.3251868251768784,0.05901317482312152,2.472719762234682,3.0,-1.01212034,-1.01212034,SL,305,20,2.0,1.5,2.530291,2.385609,2.45795,5.886304,0.039342,1.0915,0.3277,BALANCED,NORMAL,BALANCED_NORMAL,29424
XRPUSDT,bb_balanced,1.5,2025-05-16 23:00:00+00:00,2025-05-17 01:20:00+00:00,1,2.3705,2.3273502515789866,0.04314974842101327,2.4352246226315195,3.0,-1.01648098,-1.01648098,SL,29,20,2.0,1.5,2.439862,2.382808,2.411335,2.366098,0.028766,0.8655,0.1152,BALANCED,NORMAL,BALANCED_NORMAL,29447
XRPUSDT,bb_balanced,1.5,2025-05-18 06:00:00+00:00,2025-05-18 14:30:00+00:00,-1,2.3826,2.4157763695351107,0.033176369535110606,2.3328354456973344,3.0,-1.02154485,-1.02154485,SL,103,20,2.0,1.5,2.38125,2.3129,2.347075,2.912166,0.022118,0.7825,0.1055,BALANCED,NORMAL,BALANCED_NORMAL,29478
XRPUSDT,bb_balanced,1.5,2025-05-19 04:00:00+00:00,2025-05-19 06:35:00+00:00,1,2.3479,2.3033139225006827,0.04458607749931742,2.414779116248976,3.0,-1.01579798,-1.01579798,SL,32,20,2.0,1.5,2.440591,2.349309,2.39495,3.81146,0.029724,1.1798,0.1756,BALANCED,NORMAL,BALANCED_NORMAL,29500
XRPUSDT,bb_balanced,1.5,2025-05-20 14:00:00+00:00,2025-05-21 04:35:00+00:00,1,2.3234,2.2898278670809384,0.03357213291906147,2.3737581993785923,3.0,1.47923814,1.47923814,TP,176,20,2.0,1.5,2.409781,2.325809,2.367795,3.54644,0.022381,0.8364,0.2339,BALANCED,NORMAL,BALANCED_NORMAL,29534
XRPUSDT,bb_balanced,1.5,2025-05-21 06:00:00+00:00,2025-05-21 10:05:00+00:00,-1,2.3805,2.4141372314745952,0.033637231474595186,2.3300441527881075,3.0,1.47876906,1.47876906,TP,50,20,2.0,1.5,2.37593,2.31759,2.34676,2.485999,0.022425,0.8579,0.1577,BALANCED,NORMAL,BALANCED_NORMAL,29550
XRPUSDT,bb_balanced,1.5,2025-05-21 16:00:00+00:00,2025-05-21 17:25:00+00:00,-1,2.3988,2.434148006052017,0.035348006052017045,2.3457779909219747,3.0,1.47964128,1.47964128,TP,18,20,2.0,1.5,2.393057,2.325863,2.35946,2.847849,0.023565,0.9656,0.2681,BALANCED,NORMAL,BALANCED_NORMAL,29560
XRPUSDT,bb_balanced,1.5,2025-05-23 02:00:00+00:00,2025-05-23 11:45:00+00:00,-1,2.4513,2.4833047587539676,0.0320047587539678,2.403292861869048,3.0,1.47702248,1.47702248,TP,118,20,2.0,1.5,2.447522,2.400398,2.42396,1.944095,0.021337,0.8855,0.2835,BALANCED,NORMAL,BALANCED_NORMAL,29594
XRPUSDT,bb_balanced,1.5,2025-05-23 12:00:00+00:00,2025-05-23 12:15:00+00:00,1,2.3621,2.3207105536557937,0.04138944634420616,2.424184169516309,3.0,-1.01712103,-1.01712103,SL,4,20,2.0,1.5,2.477864,2.386166,2.432015,3.770438,0.027593,1.1378,0.2571,BALANCED,NORMAL,BALANCED_NORMAL,29604
XRPUSDT,bb_balanced,1.5,2025-05-24 23:00:00+00:00,2025-05-25 00:40:00+00:00,1,2.3307,2.30850485409742,0.022195145902580204,2.3639927188538703,3.0,-1.03150283,-1.03150283,SL,21,20,2.0,1.5,2.357174,2.331216,2.344195,1.107356,0.014797,0.6518,0.046,BALANCED,NORMAL,BALANCED_NORMAL,29639
XRPUSDT,bb_balanced,1.5,2025-05-25 23:00:00+00:00,2025-05-26 17:45:00+00:00,-1,2.3368,2.3627035104968814,0.02590351049688122,2.2979447342546786,3.0,1.47293649,1.47293649,TP,226,20,2.0,1.5,2.331821,2.274289,2.303055,2.498042,0.017269,0.9277,0.1404,BALANCED,NORMAL,BALANCED_NORMAL,29663
XRPUSDT,bb_balanced,1.5,2025-05-26 17:00:00+00:00,2025-05-27 01:10:00+00:00,1,2.3114,2.286622215417231,0.024777784582768803,2.348566676874153,3.0,-1.02798555,-1.02798555,SL,99,20,2.0,1.5,2.360245,2.311745,2.335995,2.076188,0.016519,1.0346,0.0229,BALANCED,NORMAL,BALANCED_NORMAL,29681
XRPUSDT,bb_balanced,1.5,2025-05-28 07:00:00+00:00,2025-05-28 15:05:00+00:00,1,2.2871,2.26554246875399,0.021557531246010342,2.3194362968690156,3.0,-1.03182786,-1.03182786,SL,98,20,2.0,1.5,2.348016,2.293954,2.320985,2.329311,0.014372,0.8978,0.2918,BALANCED,NORMAL,BALANCED_NORMAL,29719
XRPUSDT,bb_balanced,1.5,2025-05-29 20:00:00+00:00,2025-05-29 23:45:00+00:00,1,2.2636,2.2353718081107115,0.02822819188928838,2.3059422878339326,3.0,-1.0240568,-1.0240568,SL,46,20,2.0,1.5,2.308862,2.264088,2.286475,1.958245,0.018819,1.1194,0.0517,BALANCED,NORMAL,BALANCED_NORMAL,29756
XRPUSDT,bb_balanced,1.5,2025-05-30 23:00:00+00:00,2025-05-31 01:30:00+00:00,1,2.1386,2.09818045897252,0.04041954102747969,2.1992293115412194,3.0,-1.01587302,-1.01587302,SL,31,20,2.0,1.5,2.227455,2.147825,2.18764,3.639963,0.026946,1.2207,0.2998,BALANCED,NORMAL,BALANCED_NORMAL,29783
XRPUSDT,bb_balanced,1.5,2025-05-31 17:00:00+00:00,2025-06-01 09:05:00+00:00,-1,2.1896,2.223079314435697,0.03347931443569685,2.1393810283464547,3.0,1.48037953,1.48037953,TP,194,20,2.0,1.5,2.186778,2.096202,2.14149,4.229546,0.02232,0.8905,0.0095,BALANCED,NORMAL,BALANCED_NORMAL,29801
XRPUSDT,bb_balanced,1.5,2025-06-01 10:00:00+00:00,2025-06-01 16:35:00+00:00,1,2.1318,2.105458831106373,0.02634116889362703,2.171311753340441,3.0,1.4757209,1.4757209,TP,80,20,2.0,1.5,2.202489,2.139621,2.171055,2.895755,0.017561,0.7339,0.1788,BALANCED,NORMAL,BALANCED_NORMAL,29818
XRPUSDT,bb_balanced,1.5,2025-06-02 11:00:00+00:00,2025-06-02 20:15:00+00:00,1,2.145,2.1205698502483887,0.024430149751611285,2.1816452246274167,3.0,1.4736596,1.4736596,TP,112,20,2.0,1.5,2.179474,2.146666,2.16307,1.516748,0.016287,0.8725,0.0014,BALANCED,NORMAL,BALANCED_NORMAL,29843
XRPUSDT,bb_balanced,1.5,2025-06-02 22:00:00+00:00,2025-06-03 01:00:00+00:00,-1,2.1853,2.2099857423382363,0.024685742338236505,2.1482713864926453,3.0,-1.02655744,-1.02655744,SL,37,20,2.0,1.5,2.181857,2.138363,2.16011,2.013525,0.016457,0.9586,0.194,BALANCED,NORMAL,BALANCED_NORMAL,29854
XRPUSDT,bb_balanced,1.5,2025-06-04 19:00:00+00:00,2025-06-04 20:15:00+00:00,1,2.2238,2.1979033130362615,0.025896686963738702,2.2626450304456083,3.0,-1.0257616,-1.0257616,SL,16,20,2.0,1.5,2.260808,2.225792,2.2433,1.56094,0.017264,0.955,0.2374,BALANCED,NORMAL,BALANCED_NORMAL,29899
XRPUSDT,bb_balanced,1.5,2025-06-05 17:00:00+00:00,2025-06-05 19:15:00+00:00,1,2.1665,2.1388478481327935,0.027652151867206598,2.20797822780081,3.0,-1.0235045,-1.0235045,SL,28,20,2.0,1.5,2.221894,2.177286,2.19959,2.028013,0.018435,1.0134,0.1903,BALANCED,NORMAL,BALANCED_NORMAL,29921
XRPUSDT,bb_balanced,1.5,2025-06-08 07:00:00+00:00,2025-06-08 11:30:00+00:00,-1,2.2039,2.221096048862672,0.017196048862671898,2.1781059267059923,3.0,-1.03844895,-1.03844895,SL,55,20,2.0,1.5,2.194168,2.164742,2.179455,1.350109,0.011464,0.7924,0.1982,BALANCED,NORMAL,BALANCED_NORMAL,29983
XRPUSDT,bb_balanced,1.5,2025-06-09 18:00:00+00:00,2025-06-09 21:25:00+00:00,-1,2.2895,2.316834660260751,0.027334660260751154,2.2484980096088734,3.0,-1.02512744,-1.02512744,SL,42,20,2.0,1.5,2.284807,2.219533,2.25217,2.898264,0.018223,1.3304,0.0936,BALANCED,NORMAL,BALANCED_NORMAL,30018
XRPUSDT,bb_balanced,1.5,2025-06-11 09:00:00+00:00,2025-06-11 20:00:00+00:00,-1,2.3224,2.349512244409747,0.02711224440974691,2.2817316333853794,3.0,1.47430239,1.47430239,TP,133,20,2.0,1.5,2.314526,2.269194,2.29186,1.977976,0.018075,1.027,0.0508,BALANCED,NORMAL,BALANCED_NORMAL,30057
XRPUSDT,bb_balanced,1.5,2025-06-11 22:00:00+00:00,2025-06-12 03:20:00+00:00,1,2.2719,2.241736718151993,0.030163281848007095,2.3171449227720107,3.0,-1.02259602,-1.02259602,SL,65,20,2.0,1.5,2.334878,2.272672,2.303775,2.700164,0.020109,1.0887,0.051,BALANCED,NORMAL,BALANCED_NORMAL,30070
XRPUSDT,bb_balanced,1.5,2025-06-12 20:00:00+00:00,2025-06-12 20:45:00+00:00,1,2.2026,2.1748081203752276,0.027791879624772253,2.244287819437158,3.0,-1.02377601,-1.02377601,SL,10,20,2.0,1.5,2.267324,2.215866,2.241595,2.29564,0.018528,1.001,0.3433,BALANCED,NORMAL,BALANCED_NORMAL,30092
XRPUSDT,bb_balanced,1.5,2025-06-14 05:00:00+00:00,2025-06-14 16:45:00+00:00,-1,2.1623,2.1900949191384047,0.027794919138404595,2.120607621292393,3.0,1.47666156,1.47666156,TP,142,20,2.0,1.5,2.161291,2.124439,2.142865,1.719722,0.01853,0.8742,0.1892,BALANCED,NORMAL,BALANCED_NORMAL,30125
XRPUSDT,bb_balanced,1.5,2025-06-14 17:00:00+00:00,2025-06-15 10:00:00+00:00,1,2.1235,2.0968660402066943,0.026633959793305628,2.1634509396899584,3.0,1.47608129,1.47608129,TP,205,20,2.0,1.5,2.182339,2.126441,2.15439,2.594578,0.017756,0.8386,0.1234,BALANCED,NORMAL,BALANCED_NORMAL,30137
XRPUSDT,bb_balanced,1.5,2025-06-16 11:00:00+00:00,2025-06-16 11:45:00+00:00,-1,2.2086,2.2288630613996867,0.020263061399686588,2.17820540790047,3.0,-1.03269891,-1.03269891,SL,10,20,2.0,1.5,2.206164,2.142456,2.17431,2.929996,0.013509,0.9292,0.3433,BALANCED,NORMAL,BALANCED_NORMAL,30179
XRPUSDT,bb_balanced,1.5,2025-06-18 11:00:00+00:00,2025-06-18 20:50:00+00:00,1,2.1283,2.098215693923385,0.03008430607661472,2.173426459114922,3.0,1.47877664,1.47877664,TP,119,20,2.0,1.5,2.184704,2.134106,2.159405,2.343157,0.020056,0.9037,0.294,BALANCED,NORMAL,BALANCED_NORMAL,30227
XRPUSDT,bb_balanced,1.5,2025-06-20 15:00:00+00:00,2025-06-20 17:15:00+00:00,1,2.134,2.1123151813300356,0.0216848186699643,2.1665272280049463,3.0,-1.02952296,-1.02952296,SL,28,20,2.0,1.5,2.182242,2.140818,2.16153,1.916424,0.014457,0.8763,0.3119,BALANCED,NORMAL,BALANCED_NORMAL,30279
XRPUSDT,bb_balanced,1.5,2025-06-21 18:00:00+00:00,2025-06-21 19:35:00+00:00,1,2.0936,2.074801779468895,0.018798220531104803,2.121797330796657,3.0,-1.03341167,-1.03341167,SL,20,20,2.0,1.5,2.145783,2.100557,2.12317,2.130151,0.012532,0.9117,0.2357,BALANCED,NORMAL,BALANCED_NORMAL,30306
XRPUSDT,bb_balanced,1.5,2025-06-23 17:00:00+00:00,2025-06-23 17:30:00+00:00,1,1.9713,1.9303107188164668,0.04098928118353329,2.0327839217753,3.0,1.48557208,1.48557208,TP,7,20,2.0,1.5,2.045811,1.974819,2.010315,3.531352,0.027326,1.0937,0.0181,BALANCED,NORMAL,BALANCED_NORMAL,30353
XRPUSDT,bb_balanced,1.5,2025-06-23 19:00:00+00:00,2025-06-23 20:20:00+00:00,-1,2.0458,2.092949176122536,0.04714917612253622,1.9750762358161955,3.0,-1.01301698,-1.01301698,SL,17,20,2.0,1.5,2.045637,1.984863,2.01525,3.015751,0.031433,1.2196,0.1327,BALANCED,NORMAL,BALANCED_NORMAL,30355
XRPUSDT,bb_balanced,1.5,2025-06-25 14:00:00+00:00,2025-06-25 15:15:00+00:00,-1,2.2224,2.2503720294547,0.02797202945470012,2.1804419558179498,3.0,1.47616476,1.47616476,TP,16,20,2.0,1.5,2.215089,2.166771,2.19093,2.205341,0.018648,0.7287,0.1659,BALANCED,NORMAL,BALANCED_NORMAL,30398
XRPUSDT,bb_balanced,1.5,2025-06-26 13:00:00+00:00,2025-06-26 13:50:00+00:00,1,2.1562,2.1342136076864198,0.02198639231358035,2.1891795884703704,3.0,-1.02942093,-1.02942093,SL,11,20,2.0,1.5,2.208146,2.164314,2.18623,2.00489,0.014658,0.7269,0.1402,BALANCED,NORMAL,BALANCED_NORMAL,30421
XRPUSDT,bb_balanced,1.5,2025-06-27 22:00:00+00:00,2025-06-28 01:55:00+00:00,-1,2.1382,2.1734561938940846,0.03525619389408474,2.0853157091588725,3.0,-1.01819425,-1.01819425,SL,48,20,2.0,1.5,2.124292,2.068248,2.09627,2.673517,0.023504,1.2954,0.1747,BALANCED,NORMAL,BALANCED_NORMAL,30454
XRPUSDT,bb_balanced,1.5,2025-06-29 23:00:00+00:00,2025-06-30 04:40:00+00:00,-1,2.2131,2.2294708743896954,0.016370874389695533,2.1885436884154563,3.0,1.45944444,1.45944444,TP,69,20,2.0,1.5,2.20172,2.17428,2.188,1.254119,0.010914,0.7437,0.2916,BALANCED,NORMAL,BALANCED_NORMAL,30503
XRPUSDT,bb_balanced,1.5,2025-06-30 19:00:00+00:00,2025-06-30 19:00:00+00:00,-1,2.2361,2.259602943955078,0.023502943955078237,2.2008455840673826,3.0,-1.02854238,-1.02854238,SL,1,20,2.0,1.5,2.221701,2.159309,2.190505,2.848316,0.015669,1.3706,0.1634,BALANCED,NORMAL,BALANCED_NORMAL,30523
XRPUSDT,bb_balanced,1.5,2025-07-04 08:00:00+00:00,2025-07-04 16:30:00+00:00,1,2.22,2.194391265860917,0.025608734139083378,2.2584131012086255,3.0,-1.02600675,-1.02600675,SL,103,20,2.0,1.5,2.297239,2.221591,2.259415,3.348121,0.017072,0.9072,0.3369,BALANCED,NORMAL,BALANCED_NORMAL,30608
XRPUSDT,bb_balanced,1.5,2025-07-05 18:00:00+00:00,2025-07-06 08:35:00+00:00,1,2.2121,2.1958809626738294,0.016219037326170582,2.2364285559892556,3.0,1.45908327,1.45908327,TP,176,20,2.0,1.5,2.229251,2.213319,2.221285,0.717287,0.010813,0.6882,0.0675,BALANCED,NORMAL,BALANCED_NORMAL,30642
XRPUSDT,bb_balanced,1.5,2025-07-06 07:00:00+00:00,2025-07-06 08:40:00+00:00,-1,2.2314,2.24569941880668,0.014299418806680286,2.2099508717899794,3.0,-1.04681449,-1.04681449,SL,21,20,2.0,1.5,2.229339,2.205501,2.21742,1.075048,0.009533,0.7277,0.1425,BALANCED,NORMAL,BALANCED_NORMAL,30655
XRPUSDT,bb_balanced,1.5,2025-07-07 11:00:00+00:00,2025-07-07 13:50:00+00:00,-1,2.2846,2.3052031266670947,0.020603126667094518,2.253695309999358,3.0,-1.03326582,-1.03326582,SL,35,20,2.0,1.5,2.284329,2.254961,2.269645,1.293977,0.013735,1.1288,0.1066,BALANCED,NORMAL,BALANCED_NORMAL,30683
XRPUSDT,bb_balanced,1.5,2025-07-08 18:00:00+00:00,2025-07-09 05:35:00+00:00,-1,2.309,2.3340439688645187,0.02504396886451854,2.2714340467032224,3.0,-1.02765935,-1.02765935,SL,140,20,2.0,1.5,2.307174,2.247196,2.277185,2.633897,0.016696,0.9637,0.2506,BALANCED,NORMAL,BALANCED_NORMAL,30714
XRPUSDT,bb_balanced,1.5,2025-07-12 16:00:00+00:00,2025-07-13 06:30:00+00:00,1,2.6812,2.5980170653730634,0.0831829346269366,2.805974401940405,3.0,1.49033023,1.49033023,TP,175,20,2.0,1.5,2.852065,2.693585,2.772825,5.715439,0.055455,1.2739,0.2811,BALANCED,NORMAL,BALANCED_NORMAL,30808
XRPUSDT,bb_balanced,1.5,2025-07-14 03:00:00+00:00,2025-07-14 05:25:00+00:00,-1,2.8875,2.950197331554906,0.06269733155490576,2.7934540026676418,3.0,-1.01381638,-1.01381638,SL,30,20,2.0,1.5,2.886685,2.768105,2.827395,4.193984,0.041798,0.8753,0.3102,BALANCED,NORMAL,BALANCED_NORMAL,30843
XRPUSDT,bb_balanced,1.5,2025-07-15 03:00:00+00:00,2025-07-16 13:20:00+00:00,1,2.8723,2.792459069006319,0.07984093099368117,2.992061396490522,3.0,1.48920742,1.48920742,TP,413,20,2.0,1.5,3.030534,2.877326,2.95393,5.186562,0.053227,1.1317,0.1049,BALANCED,NORMAL,BALANCED_NORMAL,30867
XRPUSDT,bb_balanced,1.5,2025-07-19 12:00:00+00:00,2025-07-20 09:00:00+00:00,1,3.3931,3.3095451952701063,0.08355480472989374,3.5184322070948406,3.0,1.48781722,1.48781722,TP,253,20,2.0,1.5,3.477085,3.395245,3.436165,2.381744,0.055703,0.8092,0.048,BALANCED,NORMAL,BALANCED_NORMAL,30972
XRPUSDT,bb_balanced,1.5,2025-07-20 09:00:00+00:00,2025-07-20 22:15:00+00:00,-1,3.4999,3.5604937969963655,0.06059379699636569,3.4090093045054513,3.0,1.48267199,1.48267199,TP,160,20,2.0,1.5,3.472293,3.374917,3.423605,2.84423,0.040396,0.6603,0.2221,BALANCED,NORMAL,BALANCED_NORMAL,30993
XRPUSDT,bb_balanced,1.5,2025-07-21 07:00:00+00:00,2025-07-21 14:20:00+00:00,-1,3.5613,3.6228019625390875,0.06150196253908735,3.469047056191369,3.0,-1.01737164,-1.01737164,SL,89,20,2.0,1.5,3.560061,3.443379,3.50172,3.332123,0.041001,0.8903,0.1452,BALANCED,NORMAL,BALANCED_NORMAL,31015
XRPUSDT,bb_balanced,1.5,2025-07-22 05:00:00+00:00,2025-07-22 17:35:00+00:00,1,3.4233,3.3445376931946345,0.07876230680536533,3.541443460208048,3.0,1.48696089,1.48696089,TP,152,20,2.0,1.5,3.638362,3.462758,3.55056,4.945801,0.052508,1.2293,0.266,BALANCED,NORMAL,BALANCED_NORMAL,31037
XRPUSDT,bb_balanced,1.5,2025-07-23 10:00:00+00:00,2025-07-23 12:50:00+00:00,1,3.4496,3.397602275336913,0.051997724663087386,3.5275965869946315,3.0,-1.01990241,-1.01990241,SL,35,20,2.0,1.5,3.572938,3.455972,3.514455,3.328131,0.034665,0.7637,0.0809,BALANCED,NORMAL,BALANCED_NORMAL,31066
XRPUSDT,bb_balanced,1.5,2025-07-27 05:00:00+00:00,2025-07-27 22:20:00+00:00,-1,3.2083,3.2497834987351832,0.04148349873518331,3.146074751897225,3.0,-1.02320176,-1.02320176,SL,209,20,2.0,1.5,3.206647,3.166773,3.18671,1.251233,0.027656,0.6393,0.1827,BALANCED,NORMAL,BALANCED_NORMAL,31157
XRPUSDT,bb_balanced,1.5,2025-07-27 23:00:00+00:00,2025-07-28 00:25:00+00:00,-1,3.2341,3.278567360695665,0.044467360695664926,3.167398958956503,3.0,-1.02181892,-1.02181892,SL,18,20,2.0,1.5,3.228933,3.166627,3.19778,1.948427,0.029645,0.9147,0.1546,BALANCED,NORMAL,BALANCED_NORMAL,31175
XRPUSDT,bb_balanced,1.5,2025-07-28 15:00:00+00:00,2025-07-29 00:40:00+00:00,1,3.1542,3.09859637121096,0.055603628789040016,3.23760544318356,3.0,-1.01701795,-1.01701795,SL,117,20,2.0,1.5,3.315056,3.170274,3.242665,4.464906,0.037069,1.2085,0.1699,BALANCED,NORMAL,BALANCED_NORMAL,31191
XRPUSDT,bb_balanced,1.5,2025-07-30 11:00:00+00:00,2025-07-30 12:15:00+00:00,1,3.088,3.037872712427109,0.05012728757289109,3.1631909313593365,3.0,-1.01848095,-1.01848095,SL,16,20,2.0,1.5,3.152089,3.091431,3.12176,1.943076,0.033418,0.9202,0.0607,BALANCED,NORMAL,BALANCED_NORMAL,31235
XRPUSDT,bb_balanced,1.5,2025-07-30 19:00:00+00:00,2025-07-31 03:40:00+00:00,1,3.049,2.9874267740185703,0.06157322598142967,3.1413598389721447,3.0,1.48514452,1.48514452,TP,105,20,2.0,1.5,3.172357,3.056093,3.114225,3.73335,0.041049,1.1223,0.2036,BALANCED,NORMAL,BALANCED_NORMAL,31243
XRPUSDT,bb_balanced,1.5,2025-07-31 20:00:00+00:00,2025-08-01 00:10:00+00:00,1,3.0561,3.0067754197784966,0.04932458022150321,3.1300868703322546,3.0,-1.01858769,-1.01858769,SL,51,20,2.0,1.5,3.187733,3.064337,3.126035,3.947361,0.032883,0.9285,0.1469,BALANCED,NORMAL,BALANCED_NORMAL,31268
XRPUSDT,bb_balanced,1.5,2025-08-02 15:00:00+00:00,2025-08-02 16:30:00+00:00,1,2.8772,2.8155926090012304,0.06160739099876977,2.969611086498155,3.0,-1.01401066,-1.01401066,SL,19,20,2.0,1.5,3.036906,2.900584,2.968745,4.591926,0.041072,1.0082,0.3444,BALANCED,NORMAL,BALANCED_NORMAL,31311
XRPUSDT,bb_balanced,1.5,2025-08-05 15:00:00+00:00,2025-08-05 22:00:00+00:00,1,2.9752,2.9238951686287113,0.05130483137128872,3.0521572470569334,3.0,-1.01739719,-1.01739719,SL,85,20,2.0,1.5,3.09965,2.99243,3.04604,3.519991,0.034203,1.1057,0.1802,BALANCED,NORMAL,BALANCED_NORMAL,31383
XRPUSDT,bb_balanced,1.5,2025-08-06 15:00:00+00:00,2025-08-07 10:10:00+00:00,-1,2.9836,3.0308905863313482,0.047290586331348194,2.9126641205029777,3.0,-1.01892723,-1.01892723,SL,231,20,2.0,1.5,2.973494,2.909686,2.94159,2.169174,0.031527,0.9998,0.0259,BALANCED,NORMAL,BALANCED_NORMAL,31407
XRPUSDT,bb_balanced,1.5,2025-08-07 12:00:00+00:00,2025-08-07 16:45:00+00:00,-1,3.078,3.1169816982431913,0.03898169824319142,3.019527452635213,3.0,1.47631196,1.47631196,TP,58,20,2.0,1.5,3.053353,2.945647,2.9995,3.59077,0.025988,0.8607,0.3287,BALANCED,NORMAL,BALANCED_NORMAL,31428
XRPUSDT,bb_balanced,1.5,2025-08-09 23:00:00+00:00,2025-08-10 07:40:00+00:00,1,3.2247,3.1757379555647214,0.04896204443527852,3.2981430666529175,3.0,-1.01975837,-1.01975837,SL,105,20,2.0,1.5,3.348258,3.233162,3.29071,3.497578,0.032641,0.8394,0.2838,BALANCED,NORMAL,BALANCED_NORMAL,31487
XRPUSDT,bb_balanced,1.5,2025-08-11 03:00:00+00:00,2025-08-11 08:25:00+00:00,-1,3.262,3.3087597589800115,0.0467597589800115,3.191860361529983,3.0,-1.02092825,-1.02092825,SL,66,20,2.0,1.5,3.236528,3.156312,3.19642,2.509575,0.031173,0.9822,0.0455,BALANCED,NORMAL,BALANCED_NORMAL,31515
XRPUSDT,bb_balanced,1.5,2025-08-11 20:00:00+00:00,2025-08-12 17:15:00+00:00,1,3.1474,3.0839248035499285,0.06347519645007171,3.2426127946751078,3.0,1.48512458,1.48512458,TP,256,20,2.0,1.5,3.307232,3.152008,3.22962,4.80627,0.042317,1.2874,0.0904,BALANCED,NORMAL,BALANCED_NORMAL,31532
XRPUSDT,bb_balanced,1.5,2025-08-12 15:00:00+00:00,2025-08-12 18:20:00+00:00,-1,3.2033,3.2568092786587024,0.053509278658702364,3.1230360820119465,3.0,-1.01795932,-1.01795932,SL,41,20,2.0,1.5,3.189378,3.114272,3.151825,2.38291,0.035673,1.0328,0.0058,BALANCED,NORMAL,BALANCED_NORMAL,31551
XRPUSDT,bb_balanced,1.5,2025-08-14 02:00:00+00:00,2025-08-14 06:00:00+00:00,-1,3.3213,3.372087085452965,0.050787085452965286,3.245119371820552,3.0,1.48038104,1.48038104,TP,49,20,2.0,1.5,3.31647,3.22724,3.271855,2.727199,0.033858,1.0168,0.3397,BALANCED,NORMAL,BALANCED_NORMAL,31586
XRPUSDT,bb_balanced,1.5,2025-08-15 16:00:00+00:00,2025-08-16 03:20:00+00:00,1,3.0255,2.9717833831617853,0.053716616838214826,3.1060749252573223,3.0,1.48310299,1.48310299,TP,137,20,2.0,1.5,3.145063,3.042307,3.093685,3.32147,0.035811,0.9319,0.1817,BALANCED,NORMAL,BALANCED_NORMAL,31624
XRPUSDT,bb_balanced,1.5,2025-08-16 09:00:00+00:00,2025-08-17 18:55:00+00:00,-1,3.1396,3.180095190866958,0.04049519086695774,3.0788572136995636,3.0,1.47674094,1.47674094,TP,408,20,2.0,1.5,3.136173,3.028717,3.082445,3.486057,0.026997,0.7168,0.1045,BALANCED,NORMAL,BALANCED_NORMAL,31641
XRPUSDT,bb_balanced,1.5,2025-08-17 05:00:00+00:00,2025-08-17 18:55:00+00:00,-1,3.1327,3.1622515282389476,0.0295515282389478,3.088372707641578,3.0,1.46819758,1.46819758,TP,168,20,2.0,1.5,3.129026,3.085444,3.107235,1.402617,0.019701,0.6701,0.0434,BALANCED,NORMAL,BALANCED_NORMAL,31661
XRPUSDT,bb_balanced,1.5,2025-08-17 20:00:00+00:00,2025-08-18 01:25:00+00:00,1,3.0871,3.0561110573465524,0.030988942653447538,3.1335834139801713,3.0,-1.02988582,-1.02988582,SL,66,20,2.0,1.5,3.145133,3.088417,3.116775,1.819674,0.020659,0.8344,0.0771,BALANCED,NORMAL,BALANCED_NORMAL,31676
XRPUSDT,bb_balanced,1.5,2025-08-20 14:00:00+00:00,2025-08-20 15:05:00+00:00,1,2.8378,2.788824402973138,0.04897559702686216,2.9112633955402933,3.0,1.48261706,1.48261706,TP,14,20,2.0,1.5,2.918915,2.852715,2.885815,2.293957,0.03265,1.0684,0.2545,BALANCED,NORMAL,BALANCED_NORMAL,31742
XRPUSDT,bb_balanced,1.5,2025-08-20 18:00:00+00:00,2025-08-21 19:50:00+00:00,-1,2.9421,2.9976365362527124,0.05553653625271249,2.858795195620931,3.0,1.48410722,1.48410722,TP,311,20,2.0,1.5,2.931076,2.847634,2.889355,2.887884,0.037024,1.1774,0.126,BALANCED,NORMAL,BALANCED_NORMAL,31746
XRPUSDT,bb_balanced,1.5,2025-08-22 12:00:00+00:00,2025-08-22 14:00:00+00:00,1,2.804,2.7614198986016922,0.04258010139830759,2.867870152097461,3.0,1.48024429,1.48024429,TP,25,20,2.0,1.5,2.910311,2.814899,2.862605,3.333027,0.028387,0.9031,0.2847,BALANCED,NORMAL,BALANCED_NORMAL,31788
XRPUSDT,bb_balanced,1.5,2025-08-22 16:00:00+00:00,2025-08-22 17:10:00+00:00,-1,3.016,3.0804966778435303,0.0644966778435303,2.919254983234705,3.0,-1.01402863,-1.01402863,SL,15,20,2.0,1.5,2.970859,2.763921,2.86739,7.216966,0.042998,1.349,0.3498,BALANCED,NORMAL,BALANCED_NORMAL,31792
XRPUSDT,bb_balanced,1.5,2025-08-24 02:00:00+00:00,2025-08-24 10:00:00+00:00,-1,3.0731,3.106474654131781,0.03337465413178098,3.0230380188023287,3.0,1.47237634,1.47237634,TP,97,20,2.0,1.5,3.071971,3.003339,3.037655,2.25935,0.02225,0.6884,0.1526,BALANCED,NORMAL,BALANCED_NORMAL,31826
XRPUSDT,bb_balanced,1.5,2025-08-24 19:00:00+00:00,2025-08-24 19:30:00+00:00,-1,3.1092,3.1461323337696014,0.03693233376960148,3.0538014993455977,3.0,1.47474408,1.47474408,TP,7,20,2.0,1.5,3.087287,2.992173,3.03973,3.129009,0.024622,0.8617,0.2808,BALANCED,NORMAL,BALANCED_NORMAL,31843
XRPUSDT,bb_balanced,1.5,2025-08-25 07:00:00+00:00,2025-08-25 19:45:00+00:00,1,2.9546,2.9037853603139663,0.050814639686033836,3.030821959529051,3.0,-1.0174434,-1.0174434,SL,154,20,2.0,1.5,3.078887,2.964723,3.021805,3.777988,0.033876,1.2439,0.1479,BALANCED,NORMAL,BALANCED_NORMAL,31855
XRPUSDT,bb_balanced,1.5,2025-08-27 18:00:00+00:00,2025-08-27 20:20:00+00:00,-1,3.034,3.072511754337179,0.03851175433717913,2.976232368494231,3.0,1.47636566,1.47636566,TP,29,20,2.0,1.5,3.028093,2.984207,3.00615,1.459878,0.025675,0.821,0.0243,BALANCED,NORMAL,BALANCED_NORMAL,31914
XRPUSDT,bb_balanced,1.5,2025-08-27 23:00:00+00:00,2025-08-29 04:05:00+00:00,1,2.9776,2.932580074981566,0.04501992501843377,3.0451298875276507,3.0,-1.01984188,-1.01984188,SL,350,20,2.0,1.5,3.0299,2.98027,3.005085,1.651551,0.030013,0.9743,0.0771,BALANCED,NORMAL,BALANCED_NORMAL,31919
XRPUSDT,bb_balanced,1.5,2025-08-28 17:00:00+00:00,2025-08-29 04:55:00+00:00,1,2.9574,2.9187447539824776,0.03865524601752224,3.015382869026283,3.0,-1.02295212,-1.02295212,SL,144,20,2.0,1.5,3.024721,2.958099,2.99141,2.227139,0.02577,0.9158,0.2373,BALANCED,NORMAL,BALANCED_NORMAL,31937
XRPUSDT,bb_balanced,1.5,2025-08-31 01:00:00+00:00,2025-08-31 14:10:00+00:00,-1,2.8435,2.871912455845878,0.028412455845877815,2.8008813162311834,3.0,1.4699762,1.4699762,TP,159,20,2.0,1.5,2.835101,2.784009,2.809555,1.81848,0.018942,0.7519,0.2267,BALANCED,NORMAL,BALANCED_NORMAL,31993
XRPUSDT,bb_balanced,1.5,2025-09-02 23:00:00+00:00,2025-09-04 19:35:00+00:00,-1,2.8593,2.9023525273283255,0.04305252732832532,2.794721209007512,3.0,1.48007573,1.48007573,TP,536,20,2.0,1.5,2.854144,2.768716,2.81143,3.038578,0.028702,1.091,0.2515,BALANCED,NORMAL,BALANCED_NORMAL,32063
XRPUSDT,bb_balanced,1.5,2025-09-03 15:00:00+00:00,2025-09-04 06:20:00+00:00,-1,2.8717,2.9068800869583686,0.035180086958368495,2.8189298695624476,3.0,1.47551143,1.47551143,TP,185,20,2.0,1.5,2.870656,2.815554,2.843105,1.938067,0.023453,0.8759,0.3138,BALANCED,NORMAL,BALANCED_NORMAL,32079
XRPUSDT,bb_balanced,1.5,2025-09-04 07:00:00+00:00,2025-09-04 19:55:00+00:00,1,2.8132,2.784667446569253,0.02853255343074723,2.855998830146121,3.0,-1.02957885,-1.02957885,SL,156,20,2.0,1.5,2.875661,2.822229,2.848945,1.875524,0.019022,0.7866,0.1983,BALANCED,NORMAL,BALANCED_NORMAL,32095
XRPUSDT,bb_balanced,1.5,2025-09-04 16:00:00+00:00,2025-09-05 00:45:00+00:00,1,2.809,2.777640368473782,0.031359631526218124,2.8560394472893273,3.0,-1.02687213,-1.02687213,SL,106,20,2.0,1.5,2.859642,2.814308,2.836975,1.597961,0.020906,0.9123,0.3192,BALANCED,NORMAL,BALANCED_NORMAL,32104
XRPUSDT,bb_balanced,1.5,2025-09-05 13:00:00+00:00,2025-09-05 14:25:00+00:00,-1,2.8745,2.905138789378343,0.0306387893783433,2.8285418159324847,3.0,1.47185431,1.47185431,TP,18,20,2.0,1.5,2.863288,2.770822,2.817055,3.282345,0.020426,1.0082,0.2916,BALANCED,NORMAL,BALANCED_NORMAL,32125
XRPUSDT,bb_balanced,1.5,2025-09-08 10:00:00+00:00,2025-09-08 12:40:00+00:00,-1,2.932,2.9626854221660053,0.03068542216600534,2.885971866750992,3.0,-1.02866508,-1.02866508,SL,33,20,2.0,1.5,2.919952,2.845348,2.88265,2.58806,0.020457,1.4811,0.3049,BALANCED,NORMAL,BALANCED_NORMAL,32194
XRPUSDT,bb_balanced,1.5,2025-09-09 09:00:00+00:00,2025-09-09 14:30:00+00:00,-1,3.0232,3.057912704382869,0.034712704382868775,2.971130943425697,3.0,1.47387239,1.47387239,TP,67,20,2.0,1.5,3.014322,2.933468,2.973895,2.718761,0.023142,1.2397,0.2806,BALANCED,NORMAL,BALANCED_NORMAL,32217
XRPUSDT,bb_balanced,1.5,2025-09-10 13:00:00+00:00,2025-09-11 09:25:00+00:00,-1,2.9978,3.025983326772009,0.0281833267720093,2.9555250098419856,3.0,-1.03191036,-1.03191036,SL,246,20,2.0,1.5,2.985612,2.933768,2.95969,1.751641,0.018789,0.8657,0.2983,BALANCED,NORMAL,BALANCED_NORMAL,32245
XRPUSDT,bb_balanced,1.5,2025-09-11 10:00:00+00:00,2025-09-11 12:30:00+00:00,-1,3.0266,3.0522736291585937,0.025673629158593503,2.9880895562621097,3.0,1.46463375,1.46463375,TP,31,20,2.0,1.5,3.023571,2.969219,2.996395,1.813931,0.017116,0.8532,0.1076,BALANCED,NORMAL,BALANCED_NORMAL,32266
XRPUSDT,bb_balanced,1.5,2025-09-12 00:00:00+00:00,2025-09-12 00:45:00+00:00,-1,3.0388,3.0707911548436315,0.03199115484363135,2.990813267734553,3.0,-1.02849663,-1.02849663,SL,10,20,2.0,1.5,3.034245,2.987385,3.010815,1.556384,0.021327,1.0921,0.1803,BALANCED,NORMAL,BALANCED_NORMAL,32280
XRPUSDT,bb_balanced,1.5,2025-09-12 19:00:00+00:00,2025-09-12 20:50:00+00:00,-1,3.0779,3.1116947900773972,0.03379479007739716,3.027207814883904,3.0,-1.02732285,-1.02732285,SL,23,20,2.0,1.5,3.07388,3.02169,3.047785,1.712381,0.02253,1.0912,0.244,BALANCED,NORMAL,BALANCED_NORMAL,32299
XRPUSDT,bb_balanced,1.5,2025-09-15 09:00:00+00:00,2025-09-15 13:30:00+00:00,1,2.958,2.9173122978128174,0.04068770218718276,3.019031553280774,3.0,1.47818997,1.47818997,TP,55,20,2.0,1.5,3.075461,2.993999,3.03473,2.68432,0.027125,1.1444,0.3481,BALANCED,NORMAL,BALANCED_NORMAL,32361
XRPUSDT,bb_balanced,1.5,2025-09-16 09:00:00+00:00,2025-09-17 22:30:00+00:00,-1,3.0332,3.070800458213151,0.03760045821315128,2.976799312680273,3.0,-1.02420077,-1.02420077,SL,451,20,2.0,1.5,3.029512,2.967118,2.998315,2.080978,0.025067,1.0369,0.1744,BALANCED,NORMAL,BALANCED_NORMAL,32385
XRPUSDT,bb_balanced,1.5,2025-09-17 05:00:00+00:00,2025-09-17 17:55:00+00:00,1,3.0097,2.9820872455112406,0.02761275448875944,3.051119131733139,3.0,1.46730098,1.46730098,TP,156,20,2.0,1.5,3.057591,3.011949,3.03477,1.503984,0.018409,0.7688,0.1582,BALANCED,NORMAL,BALANCED_NORMAL,32405
XRPUSDT,bb_balanced,1.5,2025-09-17 23:00:00+00:00,2025-09-18 11:30:00+00:00,-1,3.086,3.129943876541569,0.04394387654156917,3.0200841851876463,3.0,-1.02106778,-1.02106778,SL,151,20,2.0,1.5,3.055367,2.987143,3.021255,2.258151,0.029296,1.3505,0.1933,BALANCED,NORMAL,BALANCED_NORMAL,32423
XRPUSDT,bb_balanced,1.5,2025-09-19 04:00:00+00:00,2025-09-19 14:35:00+00:00,1,3.0457,3.0134299136330527,0.03227008636694739,3.094105129550421,3.0,-1.02831446,-1.02831446,SL,128,20,2.0,1.5,3.144491,3.054239,3.099365,2.911944,0.021513,0.9449,0.2049,BALANCED,NORMAL,BALANCED_NORMAL,32452
XRPUSDT,bb_balanced,1.5,2025-09-21 04:00:00+00:00,2025-09-21 09:30:00+00:00,-1,2.9962,3.0165422079299584,0.020342207929958445,2.9656866881050625,3.0,1.45581306,1.45581306,TP,67,20,2.0,1.5,2.994576,2.968424,2.9815,0.877148,0.013561,0.7931,0.0791,BALANCED,NORMAL,BALANCED_NORMAL,32500
XRPUSDT,bb_balanced,1.5,2025-09-23 23:00:00+00:00,2025-09-24 04:10:00+00:00,1,2.834,2.7974795761183664,0.03652042388163368,2.8887806358224504,3.0,-1.02328012,-1.02328012,SL,63,20,2.0,1.5,2.880619,2.836891,2.858755,1.529584,0.024347,0.9109,0.1253,BALANCED,NORMAL,BALANCED_NORMAL,32567
XRPUSDT,bb_balanced,1.5,2025-09-26 15:00:00+00:00,2025-09-26 17:25:00+00:00,1,2.7065,2.652376117579671,0.05412388242032895,2.7876858236304933,3.0,1.4849983,1.4849983,TP,30,20,2.0,1.5,2.782245,2.716555,2.7494,2.389237,0.036083,1.2097,0.326,BALANCED,NORMAL,BALANCED_NORMAL,32631
XRPUSDT,bb_balanced,1.5,2025-09-26 18:00:00+00:00,2025-09-28 21:05:00+00:00,-1,2.7921,2.8464926274334776,0.054392627433477614,2.7105110588497836,3.0,-1.0153997,-1.0153997,SL,614,20,2.0,1.5,2.789266,2.712194,2.75073,2.801857,0.036262,1.1824,0.1189,BALANCED,NORMAL,BALANCED_NORMAL,32634
XRPUSDT,bb_balanced,1.5,2025-09-27 21:00:00+00:00,2025-09-27 22:40:00+00:00,-1,2.7963,2.82126471698774,0.024964716987740054,2.75885292451839,3.0,-1.03360302,-1.03360302,SL,21,20,2.0,1.5,2.796241,2.768579,2.78241,0.994172,0.016643,0.5728,0.1324,BALANCED,LOW,BALANCED_LOW,32661
XRPUSDT,bb_balanced,1.5,2025-09-28 17:00:00+00:00,2025-09-28 22:05:00+00:00,-1,2.8303,2.856211633066298,0.02591163306629829,2.791432550400552,3.0,-1.03276868,-1.03276868,SL,62,20,2.0,1.5,2.820155,2.761615,2.790885,2.097567,0.017274,0.7785,0.2029,BALANCED,NORMAL,BALANCED_NORMAL,32681
XRPUSDT,bb_balanced,1.5,2025-09-30 09:00:00+00:00,2025-09-30 15:10:00+00:00,1,2.8543,2.8236280574527384,0.030671942547261466,2.900307913820892,3.0,-1.0279177,-1.0279177,SL,75,20,2.0,1.5,2.908095,2.859705,2.8839,1.677962,0.020448,1.092,0.0256,BALANCED,NORMAL,BALANCED_NORMAL,32721
XRPUSDT,bb_balanced,1.5,2025-10-01 09:00:00+00:00,2025-10-01 14:35:00+00:00,-1,2.9159,2.9547310399443414,0.03883103994434123,2.8576534400834883,3.0,-1.0225276,-1.0225276,SL,68,20,2.0,1.5,2.886852,2.804208,2.84553,2.904356,0.025887,1.2315,0.2248,BALANCED,NORMAL,BALANCED_NORMAL,32745
XRPUSDT,bb_balanced,1.5,2025-10-02 17:00:00+00:00,2025-10-02 19:40:00+00:00,-1,3.0439,3.0878451146406047,0.04394511464060491,2.9779823280390927,3.0,-1.02077978,-1.02077978,SL,33,20,2.0,1.5,3.020513,2.921887,2.9712,3.319424,0.029297,1.2581,0.3349,BALANCED,NORMAL,BALANCED_NORMAL,32777
XRPUSDT,bb_balanced,1.5,2025-10-03 16:00:00+00:00,2025-10-04 03:10:00+00:00,-1,3.0676,3.1069818196887375,0.03938181968873744,3.008527270466894,3.0,1.47663186,1.47663186,TP,135,20,2.0,1.5,3.062121,3.003699,3.03291,1.926261,0.026255,1.0454,0.0878,BALANCED,NORMAL,BALANCED_NORMAL,32800
XRPUSDT,bb_balanced,1.5,2025-10-04 09:00:00+00:00,2025-10-04 14:55:00+00:00,1,2.9994,2.9677541212275775,0.03164587877242253,3.046868818158634,3.0,-1.02843403,-1.02843403,SL,72,20,2.0,1.5,3.064745,3.001165,3.032955,2.096303,0.021097,0.8256,0.1061,BALANCED,NORMAL,BALANCED_NORMAL,32817
XRPUSDT,bb_balanced,1.5,2025-10-05 05:00:00+00:00,2025-10-05 07:55:00+00:00,-1,3.0335,3.0656597875300036,0.03215978753000348,2.985260318704995,3.0,-1.02829776,-1.02829776,SL,36,20,2.0,1.5,3.021547,2.923773,2.97266,3.289096,0.02144,0.9387,0.1651,BALANCED,NORMAL,BALANCED_NORMAL,32837
XRPUSDT,bb_balanced,1.5,2025-10-06 14:00:00+00:00,2025-10-06 16:00:00+00:00,-1,3.0074,3.0391732957952913,0.0317732957952912,2.959740056307063,3.0,-1.02839554,-1.02839554,SL,25,20,2.0,1.5,3.005495,2.951305,2.9784,1.819449,0.021182,0.9757,0.1085,BALANCED,NORMAL,BALANCED_NORMAL,32870
XRPUSDT,bb_balanced,1.5,2025-10-08 18:00:00+00:00,2025-10-09 00:05:00+00:00,-1,2.918,2.9514306983738456,0.03343069837384549,2.8678539524392317,3.0,1.47381449,1.47381449,TP,74,20,2.0,1.5,2.896862,2.838838,2.86785,2.023279,0.022287,1.0025,0.247,BALANCED,NORMAL,BALANCED_NORMAL,32922
XRPUSDT,bb_balanced,1.5,2025-10-09 03:00:00+00:00,2025-10-09 08:20:00+00:00,1,2.8287,2.797908019998199,0.030791980001800834,2.8748879700027015,3.0,-1.02755945,-1.02755945,SL,65,20,2.0,1.5,2.917762,2.836228,2.876995,2.834024,0.020528,0.9436,0.1622,BALANCED,NORMAL,BALANCED_NORMAL,32931
XRPUSDT,bb_balanced,1.5,2025-10-10 16:00:00+00:00,2025-10-10 19:05:00+00:00,1,2.74,2.701352675623272,0.03864732437672824,2.7979709865650926,3.0,-1.02126926,-1.02126926,SL,38,20,2.0,1.5,2.842161,2.771099,2.80663,2.53195,0.025765,1.2185,0.2038,BALANCED,NORMAL,BALANCED_NORMAL,32968
XRPUSDT,bb_balanced,1.5,2025-10-11 21:00:00+00:00,2025-10-12 16:05:00+00:00,1,2.3533,2.2441796712996203,0.10912032870037969,2.5169804930505695,3.0,1.49353017,1.49353017,TP,230,20,2.0,1.5,2.521478,2.353532,2.437505,6.890112,0.072747,1.1102,0.052,BALANCED,NORMAL,BALANCED_NORMAL,32997
XRPUSDT,bb_balanced,1.5,2025-10-12 15:00:00+00:00,2025-10-12 15:15:00+00:00,-1,2.4398,2.513322676510427,0.07352267651042688,2.3295159852343597,3.0,-1.0099553,-1.0099553,SL,4,20,2.0,1.5,2.434113,2.320277,2.377195,4.788636,0.049015,0.63,0.0631,BALANCED,NORMAL,BALANCED_NORMAL,33015
XRPUSDT,bb_balanced,1.5,2025-10-14 05:00:00+00:00,2025-10-14 06:30:00+00:00,1,2.5253,2.471597265875325,0.05370273412467519,2.605854101187013,3.0,-1.0141071,-1.0141071,SL,19,20,2.0,1.5,2.64872,2.53801,2.593365,4.268936,0.035802,0.7873,0.2832,BALANCED,NORMAL,BALANCED_NORMAL,33053
XRPUSDT,bb_balanced,1.5,2025-10-15 15:00:00+00:00,2025-10-15 17:25:00+00:00,1,2.4639,2.4144949312310984,0.04940506876890183,2.538007603153353,3.0,-1.01496142,-1.01496142,SL,30,20,2.0,1.5,2.518013,2.473707,2.49586,1.775155,0.032937,0.8658,0.2038,BALANCED,NORMAL,BALANCED_NORMAL,33087
XRPUSDT,bb_balanced,1.5,2025-10-16 11:00:00+00:00,2025-10-16 15:40:00+00:00,-1,2.4482,2.494957977091469,0.046757977091469005,2.378063034362796,3.0,1.48429231,1.48429231,TP,57,20,2.0,1.5,2.447201,2.385889,2.416545,2.537208,0.031172,0.9144,0.062,BALANCED,NORMAL,BALANCED_NORMAL,33107
XRPUSDT,bb_balanced,1.5,2025-10-16 16:00:00+00:00,2025-10-16 20:25:00+00:00,1,2.354,2.300930805173769,0.05306919482623096,2.4336037922393468,3.0,-1.01330715,-1.01330715,SL,54,20,2.0,1.5,2.459293,2.369507,2.4144,3.718803,0.035379,1.0625,0.1784,BALANCED,NORMAL,BALANCED_NORMAL,33112
XRPUSDT,bb_balanced,1.5,2025-10-18 12:00:00+00:00,2025-10-20 03:40:00+00:00,-1,2.3771,2.4183993318931525,0.04129933189315249,2.3151510021602713,3.0,-1.01726735,-1.01726735,SL,477,20,2.0,1.5,2.375654,2.276666,2.32616,4.25542,0.027533,0.7657,0.2922,BALANCED,NORMAL,BALANCED_NORMAL,33156
XRPUSDT,bb_balanced,1.5,2025-10-19 09:00:00+00:00,2025-10-19 09:50:00+00:00,1,2.3312,2.2994476549628438,0.03175234503715618,2.378828517555734,3.0,1.47797454,1.47797454,TP,11,20,2.0,1.5,2.37283,2.33514,2.353985,1.601113,0.021168,0.6864,0.2563,BALANCED,NORMAL,BALANCED_NORMAL,33177
XRPUSDT,bb_balanced,1.5,2025-10-19 11:00:00+00:00,2025-10-20 03:50:00+00:00,-1,2.3841,2.4222966648534663,0.03819666485346618,2.3268050027198006,3.0,-1.01872493,-1.01872493,SL,203,20,2.0,1.5,2.378169,2.332291,2.35523,1.94794,0.025464,0.841,0.1199,BALANCED,NORMAL,BALANCED_NORMAL,33179
XRPUSDT,bb_balanced,1.5,2025-10-20 04:00:00+00:00,2025-10-20 06:55:00+00:00,-1,2.4328,2.471561563470909,0.03876156347090909,2.374657654793636,3.0,-1.01882896,-1.01882896,SL,36,20,2.0,1.5,2.431293,2.347677,2.389485,3.499356,0.025841,1.0333,0.3123,BALANCED,NORMAL,BALANCED_NORMAL,33196
XRPUSDT,bb_balanced,1.5,2025-10-24 05:00:00+00:00,2025-10-24 09:20:00+00:00,-1,2.4285,2.457360990461684,0.02886099046168411,2.385208514307474,3.0,-1.02524342,-1.02524342,SL,53,20,2.0,1.5,2.423169,2.379371,2.40127,1.823971,0.019241,0.8125,0.1023,BALANCED,NORMAL,BALANCED_NORMAL,33293
XRPUSDT,bb_balanced,1.5,2025-10-27 17:00:00+00:00,2025-10-27 20:55:00+00:00,-1,2.6839,2.722412419579147,0.03851241957914686,2.6261313706312794,3.0,1.47909324,1.47909324,TP,48,20,2.0,1.5,2.672603,2.604947,2.638775,2.563928,0.025675,1.1375,0.3324,BALANCED,NORMAL,BALANCED_NORMAL,33377
XRPUSDT,bb_balanced,1.5,2025-10-28 21:00:00+00:00,2025-10-29 13:05:00+00:00,1,2.5904,2.5435233206057672,0.04687667939423257,2.6607150190913487,3.0,1.48342203,1.48342203,TP,194,20,2.0,1.5,2.679605,2.605185,2.642395,2.816386,0.031251,1.2768,0.1573,BALANCED,NORMAL,BALANCED_NORMAL,33405
XRPUSDT,bb_balanced,1.5,2025-10-29 20:00:00+00:00,2025-10-29 23:40:00+00:00,1,2.5864,2.536634393549843,0.049765606450156596,2.6610484096752347,3.0,-1.01559149,-1.01559149,SL,45,20,2.0,1.5,2.662196,2.591354,2.626775,2.696928,0.033177,1.2571,0.0638,BALANCED,NORMAL,BALANCED_NORMAL,33428
XRPUSDT,bb_balanced,1.5,2025-11-02 05:00:00+00:00,2025-11-02 11:40:00+00:00,-1,2.5234,2.54584272893417,0.022442728934169764,2.4897359065987454,3.0,-1.03373119,-1.03373119,SL,81,20,2.0,1.5,2.518681,2.484629,2.501655,1.361182,0.014962,0.6536,0.0891,BALANCED,NORMAL,BALANCED_NORMAL,33509
XRPUSDT,bb_balanced,1.5,2025-11-03 03:00:00+00:00,2025-11-03 03:30:00+00:00,1,2.4606,2.4282068167362745,0.03239318326372542,2.509189774895588,3.0,-1.02278813,-1.02278813,SL,7,20,2.0,1.5,2.547194,2.470406,2.5088,3.060755,0.021595,1.1839,0.2463,BALANCED,NORMAL,BALANCED_NORMAL,33531
XRPUSDT,bb_balanced,1.5,2025-11-04 20:00:00+00:00,2025-11-04 20:15:00+00:00,1,2.1686,2.099692626829791,0.06890737317020923,2.2719610597553137,3.0,-1.00944137,-1.00944137,SL,4,20,2.0,1.5,2.368988,2.180952,2.27497,8.265445,0.045938,1.4691,0.3131,BALANCED,NORMAL,BALANCED_NORMAL,33572
XRPUSDT,bb_balanced,1.5,2025-11-06 15:00:00+00:00,2025-11-06 16:40:00+00:00,1,2.2576,2.20782568864426,0.049774311355740064,2.33226146703361,3.0,-1.01360702,-1.01360702,SL,21,20,2.0,1.5,2.386408,2.267592,2.327,5.105957,0.033183,0.7925,0.1308,BALANCED,NORMAL,BALANCED_NORMAL,33615
XRPUSDT,bb_balanced,1.5,2025-11-07 11:00:00+00:00,2025-11-07 16:25:00+00:00,1,2.184,2.1431972171467946,0.0408027828532056,2.2452041742798086,3.0,1.48394227,1.48394227,TP,66,20,2.0,1.5,2.245458,2.191562,2.21851,2.429386,0.027202,0.7693,0.3181,BALANCED,NORMAL,BALANCED_NORMAL,33635
XRPUSDT,bb_balanced,1.5,2025-11-07 17:00:00+00:00,2025-11-07 17:25:00+00:00,-1,2.2622,2.3143044312359886,0.052104431235988624,2.1840433531460173,3.0,-1.013025,-1.013025,SL,6,20,2.0,1.5,2.253621,2.171869,2.212745,3.694582,0.034736,1.0229,0.2603,BALANCED,NORMAL,BALANCED_NORMAL,33641
XRPUSDT,bb_balanced,1.5,2025-11-08 14:00:00+00:00,2025-11-09 19:30:00+00:00,1,2.2776,2.236930745279741,0.04066925472025895,2.3386038820803883,3.0,1.4831991,1.4831991,TP,355,20,2.0,1.5,2.357762,2.279388,2.318575,3.380264,0.027113,0.8395,0.1468,BALANCED,NORMAL,BALANCED_NORMAL,33662
XRPUSDT,bb_balanced,1.5,2025-11-09 16:00:00+00:00,2025-11-09 20:00:00+00:00,-1,2.3133,2.349539955566223,0.03623995556622317,2.2589400666506654,3.0,-1.01914986,-1.01914986,SL,49,20,2.0,1.5,2.303919,2.250391,2.277155,2.350682,0.02416,0.8641,0.2216,BALANCED,NORMAL,BALANCED_NORMAL,33688
XRPUSDT,bb_balanced,1.5,2025-11-11 05:00:00+00:00,2025-11-11 07:50:00+00:00,1,2.4997,2.447466336956987,0.05223366304301269,2.578050494564519,3.0,-1.01435683,-1.01435683,SL,35,20,2.0,1.5,2.562517,2.504023,2.53327,2.308995,0.034822,1.2091,0.0124,BALANCED,NORMAL,BALANCED_NORMAL,33725
XRPUSDT,bb_balanced,1.5,2025-11-12 13:00:00+00:00,2025-11-12 15:35:00+00:00,-1,2.4419,2.477689482853446,0.035789482853445964,2.3882157757198312,3.0,1.47953114,1.47953114,TP,32,20,2.0,1.5,2.441713,2.368807,2.40526,3.031071,0.02386,0.7872,0.0505,BALANCED,NORMAL,BALANCED_NORMAL,33757
XRPUSDT,bb_balanced,1.5,2025-11-12 17:00:00+00:00,2025-11-13 00:35:00+00:00,1,2.3367,2.29234929925611,0.04435070074389014,2.403226051115835,3.0,1.48419394,1.48419394,TP,92,20,2.0,1.5,2.44996,2.34915,2.399555,4.201177,0.029567,0.9925,0.2274,BALANCED,NORMAL,BALANCED_NORMAL,33761
XRPUSDT,bb_balanced,1.5,2025-11-13 04:00:00+00:00,2025-11-13 16:40:00+00:00,-1,2.4824,2.534827561898963,0.052427561898962693,2.403758657151556,3.0,1.48579526,1.48579526,TP,153,20,2.0,1.5,2.474661,2.316659,2.39566,6.595326,0.034952,1.2203,0.2925,BALANCED,NORMAL,BALANCED_NORMAL,33772
XRPUSDT,bb_balanced,1.5,2025-11-13 19:00:00+00:00,2025-11-13 20:25:00+00:00,1,2.3401,2.2763547081900697,0.06374529180993038,2.4357179377148954,3.0,-1.01101305,-1.01101305,SL,18,20,2.0,1.5,2.554327,2.345353,2.44984,8.530094,0.042497,1.4052,0.089,BALANCED,NORMAL,BALANCED_NORMAL,33787
XRPUSDT,bb_balanced,1.5,2025-11-15 00:00:00+00:00,2025-11-16 16:00:00+00:00,1,2.2431,2.1778495499710093,0.06525045002899077,2.3409756750434862,3.0,-1.01031303,-1.01031303,SL,481,20,2.0,1.5,2.334152,2.245678,2.289915,3.863626,0.0435,1.1143,0.1906,BALANCED,NORMAL,BALANCED_NORMAL,33816
XRPUSDT,bb_balanced,1.5,2025-11-15 22:00:00+00:00,2025-11-16 15:50:00+00:00,1,2.2256,2.1848927863041747,0.040707213695825306,2.286660820543738,3.0,-1.01640201,-1.01640201,SL,215,20,2.0,1.5,2.298504,2.228226,2.263365,3.105043,0.027138,0.7198,0.2774,BALANCED,NORMAL,BALANCED_NORMAL,33838
XRPUSDT,bb_balanced,1.5,2025-11-16 16:00:00+00:00,2025-11-17 00:35:00+00:00,1,2.1855,2.146426957633043,0.03907304236695719,2.244109563550436,3.0,1.48321989,1.48321989,TP,104,20,2.0,1.5,2.283731,2.195059,2.239395,3.959674,0.026049,0.8081,0.2791,BALANCED,NORMAL,BALANCED_NORMAL,33856
XRPUSDT,bb_balanced,1.5,2025-11-17 18:00:00+00:00,2025-11-19 14:25:00+00:00,1,2.1632,2.1045834472304548,0.05861655276954503,2.2511248291543176,3.0,-1.01107128,-1.01107128,SL,534,20,2.0,1.5,2.296942,2.183648,2.240295,5.057067,0.039078,1.3777,0.0998,BALANCED,NORMAL,BALANCED_NORMAL,33882
XRPUSDT,bb_balanced,1.5,2025-11-18 16:00:00+00:00,2025-11-19 05:35:00+00:00,-1,2.2122,2.269063600964713,0.05686360096471299,2.1269045985529305,3.0,1.48832891,1.48832891,TP,164,20,2.0,1.5,2.205629,2.125611,2.16562,3.694885,0.037909,1.139,0.309,BALANCED,NORMAL,BALANCED_NORMAL,33904
XRPUSDT,bb_balanced,1.5,2025-11-19 06:00:00+00:00,2025-11-19 15:45:00+00:00,1,2.138,2.092974641823026,0.04502535817697373,2.2055380372654607,3.0,-1.01424531,-1.01424531,SL,118,20,2.0,1.5,2.248698,2.150652,2.199675,4.457281,0.030017,0.8865,0.1707,BALANCED,NORMAL,BALANCED_NORMAL,33918
XRPUSDT,bb_balanced,1.5,2025-11-20 17:00:00+00:00,2025-11-21 02:55:00+00:00,1,2.0085,1.961669773242429,0.04683022675757109,2.078745340136357,3.0,-1.01286669,-1.01286669,SL,120,20,2.0,1.5,2.172562,2.056288,2.114425,5.49911,0.03122,1.061,0.1465,BALANCED,NORMAL,BALANCED_NORMAL,33953
XRPUSDT,bb_balanced,1.5,2025-11-23 02:00:00+00:00,2025-11-23 02:35:00+00:00,-1,1.9982,2.039679211369164,0.04147921136916399,1.935981182946254,3.0,-1.01445206,-1.01445206,SL,8,20,2.0,1.5,1.980353,1.885357,1.932855,4.914852,0.027653,0.7324,0.2584,BALANCED,NORMAL,BALANCED_NORMAL,34010
XRPUSDT,bb_balanced,1.5,2025-11-24 03:00:00+00:00,2025-11-24 17:00:00+00:00,-1,2.0907,2.1342267976966216,0.0435267976966216,2.0254098034550676,3.0,-1.01440974,-1.01440974,SL,169,20,2.0,1.5,2.086311,2.018539,2.052425,3.30206,0.029018,0.9538,0.2358,BALANCED,NORMAL,BALANCED_NORMAL,34035
XRPUSDT,bb_balanced,1.5,2025-11-24 17:00:00+00:00,2025-11-24 17:25:00+00:00,-1,2.1171,2.1633843257687,0.04628432576870001,2.04767351134695,3.0,-1.01372236,-1.01372236,SL,6,20,2.0,1.5,2.106714,2.034786,2.07075,3.473487,0.030856,1.1002,0.1578,BALANCED,NORMAL,BALANCED_NORMAL,34049
XRPUSDT,bb_balanced,1.5,2025-11-25 15:00:00+00:00,2025-11-26 18:05:00+00:00,1,2.1775,2.1337238067156443,0.04377619328435589,2.243164289926534,3.0,1.48507751,1.48507751,TP,326,20,2.0,1.5,2.272033,2.180737,2.226385,4.100648,0.029184,0.9905,0.1529,BALANCED,NORMAL,BALANCED_NORMAL,34071
XRPUSDT,bb_balanced,1.5,2025-11-26 13:00:00+00:00,2025-11-26 17:25:00+00:00,1,2.15,2.115137373348931,0.03486262665106876,2.2022939399766033,3.0,1.48149881,1.48149881,TP,54,20,2.0,1.5,2.214056,2.157854,2.185955,2.571082,0.023242,0.7781,0.1985,BALANCED,NORMAL,BALANCED_NORMAL,34093
XRPUSDT,bb_balanced,1.5,2025-11-26 18:00:00+00:00,2025-11-27 12:50:00+00:00,-1,2.2334,2.272936632684959,0.039536632684959105,2.1740950509725616,3.0,1.48305318,1.48305318,TP,227,20,2.0,1.5,2.224652,2.146088,2.18537,3.594999,0.026358,0.8968,0.1809,BALANCED,NORMAL,BALANCED_NORMAL,34098
XRPUSDT,bb_balanced,1.5,2025-11-27 13:00:00+00:00,2025-11-27 16:15:00+00:00,1,2.1736,2.14586253819904,0.027737461800959817,2.21520619270144,3.0,1.476491,1.476491,TP,40,20,2.0,1.5,2.246345,2.178015,2.21218,3.088802,0.018492,0.7273,0.1022,BALANCED,NORMAL,BALANCED_NORMAL,34117
XRPUSDT,bb_balanced,1.5,2025-11-28 09:00:00+00:00,2025-11-28 11:15:00+00:00,-1,2.2429,2.274401018445492,0.0315010184454918,2.1956484723317624,3.0,1.47863974,1.47863974,TP,28,20,2.0,1.5,2.238622,2.166118,2.20237,3.292096,0.021001,0.9973,0.2877,BALANCED,NORMAL,BALANCED_NORMAL,34137
XRPUSDT,bb_balanced,1.5,2025-11-29 12:00:00+00:00,2025-11-30 23:25:00+00:00,-1,2.21,2.2378708732758357,0.027870873275835706,2.1681936900862464,3.0,1.47621172,1.47621172,TP,426,20,2.0,1.5,2.198471,2.167519,2.182995,1.417914,0.018581,0.89,0.2045,BALANCED,NORMAL,BALANCED_NORMAL,34164
XRPUSDT,bb_balanced,1.5,2025-12-01 00:00:00+00:00,2025-12-01 00:05:00+00:00,1,2.1537,2.1290934103098405,0.02460658969015972,2.19060988453524,3.0,-1.0262576,-1.0262576,SL,2,20,2.0,1.5,2.214685,2.171935,2.19331,1.949111,0.016404,0.9264,0.3386,BALANCED,NORMAL,BALANCED_NORMAL,34200
XRPUSDT,bb_balanced,1.5,2025-12-03 22:00:00+00:00,2025-12-04 08:50:00+00:00,-1,2.2076,2.2391188744119566,0.031518874411956777,2.160321688382065,3.0,1.47898783,1.47898783,TP,131,20,2.0,1.5,2.20634,2.15952,2.18293,2.144856,0.021013,0.9139,0.2929,BALANCED,NORMAL,BALANCED_NORMAL,34270
XRPUSDT,bb_balanced,1.5,2025-12-04 12:00:00+00:00,2025-12-04 14:50:00+00:00,1,2.15,2.1231699698099717,0.026830030190028165,2.1902450452850424,3.0,-1.02404023,-1.02404023,SL,35,20,2.0,1.5,2.213828,2.150932,2.18238,2.882,0.017887,0.8191,0.1139,BALANCED,NORMAL,BALANCED_NORMAL,34284
XRPUSDT,bb_balanced,1.5,2025-12-07 03:00:00+00:00,2025-12-07 03:45:00+00:00,-1,2.047,2.0659177995361824,0.018917799536182223,2.018623300695727,3.0,-1.03246149,-1.03246149,SL,10,20,2.0,1.5,2.042305,2.018075,2.03019,1.193445,0.012612,0.7246,0.1117,BALANCED,NORMAL,BALANCED_NORMAL,34347
XRPUSDT,bb_balanced,1.5,2025-12-07 15:00:00+00:00,2025-12-07 15:50:00+00:00,1,1.9977,1.9737477592874302,0.02395224071256985,2.033628361068855,3.0,1.47497896,1.47497896,TP,11,20,2.0,1.5,2.061392,2.007578,2.034485,2.645067,0.015968,0.9795,0.1853,BALANCED,NORMAL,BALANCED_NORMAL,34359
XRPUSDT,bb_balanced,1.5,2025-12-07 18:00:00+00:00,2025-12-07 21:55:00+00:00,-1,2.0862,2.117661050599678,0.031461050599677964,2.0390084241004827,3.0,1.48010683,1.48010683,TP,48,20,2.0,1.5,2.075635,2.004285,2.03996,3.497579,0.020974,1.2777,0.2192,BALANCED,NORMAL,BALANCED_NORMAL,34362
XRPUSDT,bb_balanced,1.5,2025-12-09 16:00:00+00:00,2025-12-09 16:10:00+00:00,-1,2.1148,2.146002598455203,0.031202598455203123,2.067996102317195,3.0,-1.02033292,-1.02033292,SL,3,20,2.0,1.5,2.098926,2.036534,2.06773,3.017431,0.020802,1.0384,0.1848,BALANCED,NORMAL,BALANCED_NORMAL,34408
XRPUSDT,bb_balanced,1.5,2025-12-11 00:00:00+00:00,2025-12-11 02:00:00+00:00,1,2.0406,2.0068868087325553,0.03371319126744465,2.091169786901167,3.0,-1.01815847,-1.01815847,SL,25,20,2.0,1.5,2.094507,2.041913,2.06821,2.542986,0.022475,1.1442,0.3339,BALANCED,NORMAL,BALANCED_NORMAL,34440
XRPUSDT,bb_balanced,1.5,2025-12-11 22:00:00+00:00,2025-12-12 15:35:00+00:00,-1,2.0405,2.071468540500062,0.030968540500061703,1.9940471892499076,3.0,1.48023317,1.48023317,TP,212,20,2.0,1.5,2.03065,1.98503,2.00784,2.272044,0.020646,1.0401,0.2054,BALANCED,NORMAL,BALANCED_NORMAL,34462
XRPUSDT,bb_balanced,1.5,2025-12-12 17:00:00+00:00,2025-12-13 04:40:00+00:00,1,1.9866,1.9580394949984972,0.028560505001502756,2.029440757502254,3.0,1.47913272,1.47913272,TP,141,20,2.0,1.5,2.063466,1.995094,2.02928,3.369291,0.01904,1.017,0.1892,BALANCED,NORMAL,BALANCED_NORMAL,34481
XRPUSDT,bb_balanced,1.5,2025-12-15 14:00:00+00:00,2025-12-15 14:55:00+00:00,1,1.9629,1.9427579523224159,0.020142047677584207,1.9931130715163765,3.0,-1.02923586,-1.02923586,SL,12,20,2.0,1.5,2.007371,1.972229,1.9898,1.766061,0.013428,1.1394,0.2118,BALANCED,NORMAL,BALANCED_NORMAL,34550
XRPUSDT,bb_balanced,1.5,2025-12-16 12:00:00+00:00,2025-12-16 13:30:00+00:00,-1,1.9195,1.9476616724655427,0.028161672465542686,1.877257491301686,3.0,-1.020448,-1.020448,SL,19,20,2.0,1.5,1.914192,1.858818,1.886505,2.935307,0.018774,1.261,0.0236,BALANCED,NORMAL,BALANCED_NORMAL,34572
XRPUSDT,bb_balanced,1.5,2025-12-17 09:00:00+00:00,2025-12-17 14:50:00+00:00,1,1.9065,1.8810361995334492,0.025463800466550834,1.9446957006998264,3.0,1.4775387,1.4775387,TP,71,20,2.0,1.5,1.937784,1.908466,1.923125,1.524516,0.016976,0.9379,0.1775,BALANCED,NORMAL,BALANCED_NORMAL,34593
XRPUSDT,bb_balanced,1.5,2025-12-17 18:00:00+00:00,2025-12-18 05:30:00+00:00,1,1.8717,1.833276725013037,0.03842327498696285,1.9293349124804442,3.0,-1.0146138,-1.0146138,SL,139,20,2.0,1.5,1.950449,1.882841,1.916645,3.527407,0.025616,1.3422,0.2516,BALANCED,NORMAL,BALANCED_NORMAL,34602
XRPUSDT,bb_balanced,1.5,2025-12-18 14:00:00+00:00,2025-12-18 17:10:00+00:00,-1,1.9127,1.942803429160235,0.030103429160234896,1.8675448562596477,3.0,1.48093872,1.48093872,TP,39,20,2.0,1.5,1.898053,1.827157,1.862605,3.806235,0.020069,0.9818,0.2077,BALANCED,NORMAL,BALANCED_NORMAL,34622
XRPUSDT,bb_balanced,1.5,2025-12-18 20:00:00+00:00,2025-12-19 07:05:00+00:00,1,1.8052,1.7633844171272328,0.0418155828727671,1.8679233743091506,3.0,1.48704885,1.48704885,TP,134,20,2.0,1.5,1.922863,1.807927,1.865395,6.161527,0.027877,1.3403,0.1983,BALANCED,NORMAL,BALANCED_NORMAL,34628
XRPUSDT,bb_balanced,1.5,2025-12-21 10:00:00+00:00,2025-12-21 13:00:00+00:00,-1,1.945,1.9640723263625932,0.01907232636259315,1.9163915104561102,3.0,1.46940593,1.46940593,TP,37,20,2.0,1.5,1.940214,1.915326,1.92777,1.290989,0.012715,0.7148,0.1943,BALANCED,NORMAL,BALANCED_NORMAL,34690
XRPUSDT,bb_balanced,1.5,2025-12-21 14:00:00+00:00,2025-12-22 00:10:00+00:00,1,1.898,1.876819535786078,0.021180464213921946,1.9297706963208827,3.0,1.47311674,1.47311674,TP,123,20,2.0,1.5,1.945514,1.909306,1.92741,1.878574,0.01412,0.8317,0.2145,BALANCED,NORMAL,BALANCED_NORMAL,34694
XRPUSDT,bb_balanced,1.5,2025-12-22 12:00:00+00:00,2025-12-22 19:45:00+00:00,-1,1.934,1.9538627069456111,0.019862706945611208,1.9042059395815831,3.0,1.47078948,1.47078948,TP,94,20,2.0,1.5,1.931741,1.904439,1.91809,1.423433,0.013242,0.9538,0.3233,BALANCED,NORMAL,BALANCED_NORMAL,34716
XRPUSDT,bb_balanced,1.5,2025-12-22 21:00:00+00:00,2025-12-23 14:15:00+00:00,1,1.8954,1.872234159541787,0.023165840458212905,1.9301487606873193,3.0,-1.02454562,-1.02454562,SL,208,20,2.0,1.5,1.945704,1.901586,1.923645,2.293502,0.015444,1.1472,0.2348,BALANCED,NORMAL,BALANCED_NORMAL,34725
XRPUSDT,bb_balanced,1.5,2025-12-24 03:00:00+00:00,2025-12-25 15:50:00+00:00,1,1.8535,1.8328160119114025,0.020683988088597394,1.884525982132896,3.0,1.47311689,1.47311689,TP,443,20,2.0,1.5,1.902448,1.857662,1.880055,2.382182,0.013789,0.986,0.1891,BALANCED,NORMAL,BALANCED_NORMAL,34755
XRPUSDT,bb_balanced,1.5,2025-12-25 16:00:00+00:00,2025-12-25 22:40:00+00:00,-1,1.8822,1.8993277948602671,0.017127794860267054,1.8565083077095994,3.0,1.46703253,1.46703253,TP,81,20,2.0,1.5,1.879945,1.854925,1.867435,1.339844,0.011419,0.8742,0.2304,BALANCED,NORMAL,BALANCED_NORMAL,34792
XRPUSDT,bb_balanced,1.5,2025-12-25 23:00:00+00:00,2025-12-25 23:35:00+00:00,1,1.8446,1.8277967029090316,0.016803297090968394,1.8698049456364525,3.0,-1.03293282,-1.03293282,SL,8,20,2.0,1.5,1.883388,1.852682,1.868035,1.643712,0.011202,0.8972,0.2515,BALANCED,NORMAL,BALANCED_NORMAL,34799
XRPUSDT,bb_balanced,1.5,2025-12-27 20:00:00+00:00,2025-12-27 22:10:00+00:00,-1,1.8551,1.8665956817156522,0.011495681715652184,1.8378564774265218,3.0,-1.04841209,-1.04841209,SL,27,20,2.0,1.5,1.853108,1.843312,1.84821,0.529995,0.007664,0.6682,0.2547,BALANCED,NORMAL,BALANCED_NORMAL,34844
XRPUSDT,bb_balanced,1.5,2025-12-28 19:00:00+00:00,2025-12-29 00:30:00+00:00,1,1.8559,1.8442473662136945,0.011652633786305655,1.8733789506794585,3.0,1.45221939,1.45221939,TP,67,20,2.0,1.5,1.87832,1.86063,1.869475,0.946264,0.007768,0.8556,0.0746,BALANCED,NORMAL,BALANCED_NORMAL,34867
XRPUSDT,bb_balanced,1.5,2025-12-29 02:00:00+00:00,2025-12-29 02:15:00+00:00,-1,1.8813,1.8958250627294846,0.014525062729484617,1.859512405905773,3.0,-1.03885629,-1.03885629,SL,4,20,2.0,1.5,1.879871,1.854649,1.86726,1.350784,0.009683,1.1589,0.1106,BALANCED,NORMAL,BALANCED_NORMAL,34874
XRPUSDT,bb_balanced,1.5,2025-12-30 15:00:00+00:00,2025-12-31 16:35:00+00:00,-1,1.8724,1.8874773093813864,0.015077309381386295,1.8497840359279207,3.0,1.46274402,1.46274402,TP,308,20,2.0,1.5,1.871449,1.843691,1.85757,1.494294,0.010052,0.9711,0.2807,BALANCED,NORMAL,BALANCED_NORMAL,34911
XRPUSDT,bb_balanced,1.5,2025-12-31 16:00:00+00:00,2025-12-31 16:40:00+00:00,1,1.8584,1.8448706285014578,0.013529371498542275,1.8786940572478135,3.0,-1.04120812,-1.04120812,SL,9,20,2.0,1.5,1.881053,1.862007,1.87153,1.01772,0.00902,0.8836,0.2136,BALANCED,NORMAL,BALANCED_NORMAL,34936
XRPUSDT,bb_balanced,1.5,2026-01-02 13:00:00+00:00,2026-01-02 14:45:00+00:00,-1,1.8983,1.9140730312181387,0.015773031218138556,1.8746404531727923,3.0,-1.0361053,-1.0361053,SL,22,20,2.0,1.5,1.89797,1.86022,1.879095,2.008913,0.010515,1.0967,0.3282,BALANCED,NORMAL,BALANCED_NORMAL,34981
XRPUSDT,bb_balanced,1.5,2026-01-04 01:00:00+00:00,2026-01-04 04:15:00+00:00,-1,2.0416,2.064869904913821,0.023269904913821193,2.006695142629268,3.0,-1.02632069,-1.02632069,SL,40,20,2.0,1.5,2.030208,1.988212,2.00921,2.090155,0.015513,0.9957,0.0404,BALANCED,NORMAL,BALANCED_NORMAL,35017
XRPUSDT,bb_balanced,1.5,2026-01-06 17:00:00+00:00,2026-01-06 17:50:00+00:00,1,2.2811,2.2279048752874857,0.0531951247125142,2.3608926870687714,3.0,-1.01286452,-1.01286452,SL,11,20,2.0,1.5,2.412815,2.306055,2.359435,4.524813,0.035463,1.3983,0.1128,BALANCED,NORMAL,BALANCED_NORMAL,35081
XRPUSDT,bb_balanced,1.5,2026-01-07 16:00:00+00:00,2026-01-08 00:20:00+00:00,1,2.1945,2.1495760323099096,0.04492396769009055,2.261885951535136,3.0,-1.01465476,-1.01465476,SL,101,20,2.0,1.5,2.30787,2.21233,2.2601,4.227249,0.029949,0.935,0.113,BALANCED,NORMAL,BALANCED_NORMAL,35104
XRPUSDT,bb_balanced,1.5,2026-01-09 09:00:00+00:00,2026-01-09 15:25:00+00:00,1,2.0825,2.043225874613129,0.03927412538687092,2.1414111880803066,3.0,1.48409258,1.48409258,TP,78,20,2.0,1.5,2.164407,2.084773,2.12459,3.748194,0.026183,0.9317,0.0069,BALANCED,NORMAL,BALANCED_NORMAL,35145
XRPUSDT,bb_balanced,1.5,2026-01-11 13:00:00+00:00,2026-01-11 15:45:00+00:00,-1,2.1032,2.1166898870565163,0.013489887056516103,2.082965169415226,3.0,1.45322718,1.45322718,TP,34,20,2.0,1.5,2.099628,2.085222,2.092425,0.688512,0.008993,0.521,0.1496,BALANCED,LOW,BALANCED_LOW,35197
XRPUSDT,bb_balanced,1.5,2026-01-11 21:00:00+00:00,2026-01-12 00:35:00+00:00,1,2.0637,2.043686307179174,0.020013692820825657,2.0937205392312386,3.0,-1.03093432,-1.03093432,SL,44,20,2.0,1.5,2.108193,2.076227,2.09221,1.52782,0.013342,0.9043,0.2364,BALANCED,NORMAL,BALANCED_NORMAL,35205
XRPUSDT,bb_balanced,1.5,2026-01-12 11:00:00+00:00,2026-01-12 15:15:00+00:00,1,2.0355,2.0072132903960465,0.02828670960395341,2.0779300644059298,3.0,1.47841212,1.47841212,TP,52,20,2.0,1.5,2.108494,2.035616,2.072055,3.517154,0.018858,1.4015,0.3097,BALANCED,NORMAL,BALANCED_NORMAL,35219
XRPUSDT,bb_balanced,1.5,2026-01-13 15:00:00+00:00,2026-01-13 16:00:00+00:00,-1,2.0767,2.101936776319384,0.025236776319383925,2.0388448355209245,3.0,-1.02468659,-1.02468659,SL,13,20,2.0,1.5,2.073723,2.044887,2.059305,1.400275,0.016825,0.9914,0.1014,BALANCED,NORMAL,BALANCED_NORMAL,35247
XRPUSDT,bb_balanced,1.5,2026-01-15 03:00:00+00:00,2026-01-15 15:45:00+00:00,1,2.104,2.0699552863427835,0.03404471365721662,2.155067070485825,3.0,-1.01854032,-1.01854032,SL,154,20,2.0,1.5,2.166862,2.107448,2.137155,2.780064,0.022696,1.0844,0.2245,BALANCED,NORMAL,BALANCED_NORMAL,35283
XRPUSDT,bb_balanced,1.5,2026-01-16 16:00:00+00:00,2026-01-16 20:30:00+00:00,1,2.031,2.0085311332020597,0.022468866797940468,2.0647033001969106,3.0,1.47288248,1.47288248,TP,55,20,2.0,1.5,2.088002,2.044598,2.0663,2.100538,0.014979,0.76,0.3175,BALANCED,NORMAL,BALANCED_NORMAL,35320
XRPUSDT,bb_balanced,1.5,2026-01-17 16:00:00+00:00,2026-01-18 01:00:00+00:00,-1,2.0806,2.0964963492217397,0.01589634922173966,2.0567554761673907,3.0,1.46073438,1.46073438,TP,109,20,2.0,1.5,2.07861,2.05097,2.06479,1.338646,0.010598,0.6989,0.2687,BALANCED,NORMAL,BALANCED_NORMAL,35344
XRPUSDT,bb_balanced,1.5,2026-01-20 09:00:00+00:00,2026-01-20 16:45:00+00:00,1,1.9272,1.900598878474301,0.026601121525698934,1.9671016822885483,3.0,-1.02173442,-1.02173442,SL,94,20,2.0,1.5,2.028229,1.931301,1.979765,4.895932,0.017734,1.1435,0.2613,BALANCED,NORMAL,BALANCED_NORMAL,35409
XRPUSDT,bb_balanced,1.5,2026-01-21 15:00:00+00:00,2026-01-21 16:40:00+00:00,-1,1.9417,1.970500507189183,0.028800507189183033,1.8984992392162254,3.0,1.47977431,1.47977431,TP,21,20,2.0,1.5,1.928132,1.878438,1.903285,2.610933,0.0192,1.107,0.2274,BALANCED,NORMAL,BALANCED_NORMAL,35439
XRPUSDT,bb_balanced,1.5,2026-01-21 20:00:00+00:00,2026-01-22 15:20:00+00:00,-1,1.9726,2.0165205893857343,0.0439205893857344,1.9067191159213983,3.0,1.48652614,1.48652614,TP,233,20,2.0,1.5,1.954702,1.864828,1.909765,4.706037,0.02928,1.6246,0.235,BALANCED,HIGH,BALANCED_HIGH,35444
XRPUSDT,bb_balanced,1.5,2026-01-22 15:00:00+00:00,2026-01-23 14:45:00+00:00,1,1.9142,1.8869011000527833,0.02729889994721657,1.9551483499208246,3.0,-1.02103601,-1.02103601,SL,286,20,2.0,1.5,1.980342,1.923878,1.95211,2.89242,0.018199,0.8948,0.0471,BALANCED,NORMAL,BALANCED_NORMAL,35463
XRPUSDT,bb_balanced,1.5,2026-01-23 17:00:00+00:00,2026-01-23 17:30:00+00:00,-1,1.9354,1.958651260018545,0.02325126001854505,1.9005231099721824,3.0,-1.02497155,-1.02497155,SL,7,20,2.0,1.5,1.931721,1.896329,1.914025,1.849073,0.015501,0.8007,0.1066,BALANCED,NORMAL,BALANCED_NORMAL,35489
XRPUSDT,bb_balanced,1.5,2026-01-24 16:00:00+00:00,2026-01-25 03:30:00+00:00,1,1.9119,1.8984676032021213,0.013432396797878665,1.932048595196818,3.0,-1.0427005,-1.0427005,SL,139,20,2.0,1.5,1.924882,1.912548,1.918715,0.642836,0.008955,0.6093,0.206,BALANCED,NORMAL,BALANCED_NORMAL,35512
XRPUSDT,bb_balanced,1.5,2026-01-25 02:00:00+00:00,2026-01-25 07:55:00+00:00,1,1.9049,1.8935058724164795,0.011394127583520541,1.9219911913752807,3.0,-1.05015478,-1.05015478,SL,72,20,2.0,1.5,1.922863,1.909397,1.91613,0.702733,0.007596,0.6012,0.3064,BALANCED,NORMAL,BALANCED_NORMAL,35522
XRPUSDT,bb_balanced,1.5,2026-01-27 10:00:00+00:00,2026-01-27 16:40:00+00:00,1,1.8825,1.8625177881244588,0.019982211875541278,1.912473317813312,3.0,1.47173736,1.47173736,TP,81,20,2.0,1.5,1.925323,1.884557,1.90494,2.139971,0.013321,0.906,0.1836,BALANCED,NORMAL,BALANCED_NORMAL,35578
XRPUSDT,bb_balanced,1.5,2026-01-28 12:00:00+00:00,2026-01-28 15:10:00+00:00,-1,1.9407,1.962777210546926,0.022077210546926018,1.907584184179611,3.0,1.47362846,1.47362846,TP,39,20,2.0,1.5,1.937488,1.886552,1.91202,2.663963,0.014718,0.95,0.2389,BALANCED,NORMAL,BALANCED_NORMAL,35604
XRPUSDT,bb_balanced,1.5,2026-01-29 02:00:00+00:00,2026-01-29 04:10:00+00:00,1,1.891,1.8676565745912692,0.0233434254087308,1.926015138113096,3.0,-1.02430235,-1.02430235,SL,27,20,2.0,1.5,1.93877,1.89552,1.917145,2.255962,0.015562,1.0294,0.1198,BALANCED,NORMAL,BALANCED_NORMAL,35618
XRPUSDT,bb_balanced,1.5,2026-01-30 22:00:00+00:00,2026-01-31 08:40:00+00:00,1,1.7272,1.6852512690171624,0.04194873098283769,1.7901230964742565,3.0,-1.01235222,-1.01235222,SL,129,20,2.0,1.5,1.776908,1.730312,1.75361,2.657135,0.027966,1.415,0.1243,BALANCED,NORMAL,BALANCED_NORMAL,35662
XRPUSDT,bb_balanced,1.5,2026-02-01 16:00:00+00:00,2026-02-01 23:10:00+00:00,1,1.5943,1.5517979773034556,0.04250202269654446,1.6580530340448167,3.0,-1.01125335,-1.01125335,SL,87,20,2.0,1.5,1.690385,1.595065,1.642725,5.802574,0.028335,1.0416,0.0529,BALANCED,NORMAL,BALANCED_NORMAL,35704
XRPUSDT,bb_balanced,1.5,2026-02-02 13:00:00+00:00,2026-02-03 17:10:00+00:00,-1,1.6445,1.6914096630802966,0.04690966308029654,1.5741355053795552,3.0,1.48948298,1.48948298,TP,339,20,2.0,1.5,1.634754,1.557736,1.596245,4.824901,0.031273,1.043,0.2242,BALANCED,NORMAL,BALANCED_NORMAL,35725
XRPUSDT,bb_balanced,1.5,2026-02-03 15:00:00+00:00,2026-02-03 18:10:00+00:00,1,1.5823,1.5529507243236556,0.02934927567634449,1.6263239135145167,3.0,-1.01617382,-1.01617382,SL,39,20,2.0,1.5,1.632627,1.589293,1.61096,2.689888,0.019566,0.7281,0.314,BALANCED,NORMAL,BALANCED_NORMAL,35751
XRPUSDT,bb_balanced,1.5,2026-02-03 17:00:00+00:00,2026-02-03 18:15:00+00:00,1,1.5854,1.551914910258662,0.0334850897413379,1.6356276346120069,3.0,-1.01420393,-1.01420393,SL,16,20,2.0,1.5,1.632744,1.585616,1.60918,2.928708,0.022323,0.8371,0.1242,BALANCED,NORMAL,BALANCED_NORMAL,35753
XRPUSDT,bb_balanced,1.5,2026-02-04 15:00:00+00:00,2026-02-04 17:35:00+00:00,1,1.5442,1.5117138985614882,0.03248610143851183,1.5929291521577678,3.0,-1.01426025,-1.01426025,SL,32,20,2.0,1.5,1.621363,1.557757,1.58956,4.001459,0.021657,0.8997,0.0504,BALANCED,NORMAL,BALANCED_NORMAL,35775
XRPUSDT,bb_balanced,1.5,2026-02-07 11:00:00+00:00,2026-02-11 16:50:00+00:00,1,1.3987,1.344719516861825,0.05398048313817516,1.4796707247072627,3.0,-1.00777337,-1.00777337,SL,1223,20,2.0,1.5,1.512743,1.399767,1.456255,7.75803,0.035987,0.8441,0.2614,BALANCED,NORMAL,BALANCED_NORMAL,35843
XRPUSDT,bb_balanced,1.5,2026-02-08 09:00:00+00:00,2026-02-09 08:30:00+00:00,-1,1.4527,1.485966844214494,0.033266844214493885,1.4027997336782594,3.0,1.48689957,1.48689957,TP,283,20,2.0,1.5,1.446533,1.399117,1.422825,3.332567,0.022178,0.6036,0.2092,BALANCED,NORMAL,BALANCED_NORMAL,35865
XRPUSDT,bb_balanced,1.5,2026-02-09 09:00:00+00:00,2026-02-09 10:35:00+00:00,1,1.4062,1.374023304674109,0.03217669532589085,1.4544650429888362,3.0,-1.01311073,-1.01311073,SL,20,20,2.0,1.5,1.463832,1.409328,1.43658,3.794028,0.021451,0.8318,0.2348,BALANCED,NORMAL,BALANCED_NORMAL,35889
XRPUSDT,bb_balanced,1.5,2026-02-10 11:00:00+00:00,2026-02-11 04:35:00+00:00,1,1.4148,1.3879896889708192,0.026810311029180856,1.4550154665437713,3.0,-1.01583122,-1.01583122,SL,212,20,2.0,1.5,1.462626,1.415304,1.438965,3.288667,0.017874,0.8409,0.1051,BALANCED,NORMAL,BALANCED_NORMAL,35915
XRPUSDT,bb_balanced,1.5,2026-02-11 05:00:00+00:00,2026-02-11 06:15:00+00:00,1,1.3836,1.3590761163592397,0.02452388364076019,1.4203858254611403,3.0,-1.01692554,-1.01692554,SL,16,20,2.0,1.5,1.424246,1.386954,1.4056,2.653127,0.016349,0.8374,0.3319,BALANCED,NORMAL,BALANCED_NORMAL,35933
XRPUSDT,bb_balanced,1.5,2026-02-12 17:00:00+00:00,2026-02-13 14:45:00+00:00,1,1.352,1.326692445324166,0.02530755467583412,1.3899613320137512,3.0,1.48397317,1.48397317,TP,262,20,2.0,1.5,1.405651,1.357909,1.38178,3.455065,0.016872,0.9918,0.2175,BALANCED,NORMAL,BALANCED_NORMAL,35969
XRPUSDT,bb_balanced,1.5,2026-02-13 14:00:00+00:00,2026-02-13 15:10:00+00:00,-1,1.3757,1.3964245576866352,0.02072455768663528,1.3446131634700471,3.0,-1.01991406,-1.01991406,SL,15,20,2.0,1.5,1.374515,1.347725,1.36112,1.96819,0.013816,0.8292,0.137,BALANCED,NORMAL,BALANCED_NORMAL,35990
XRPUSDT,bb_balanced,1.5,2026-02-16 13:00:00+00:00,2026-02-17 11:45:00+00:00,-1,1.5034,1.5386679536125207,0.035267953612520664,1.450498069581219,3.0,1.48721162,1.48721162,TP,274,20,2.0,1.5,1.502464,1.444486,1.473475,3.934718,0.023512,1.0622,0.0665,BALANCED,NORMAL,BALANCED_NORMAL,36061
XRPUSDT,bb_balanced,1.5,2026-02-17 09:00:00+00:00,2026-02-17 14:40:00+00:00,1,1.4656,1.4407979233077506,0.02480207669224943,1.502803115038374,3.0,-1.01772755,-1.01772755,SL,69,20,2.0,1.5,1.495276,1.466654,1.480965,1.932661,0.016535,0.6876,0.2556,BALANCED,NORMAL,BALANCED_NORMAL,36081
XRPUSDT,bb_balanced,1.5,2026-02-18 19:00:00+00:00,2026-02-18 21:00:00+00:00,1,1.4401,1.4170619258379973,0.023038074162002653,1.4746571112430038,3.0,-1.01875287,-1.01875287,SL,25,20,2.0,1.5,1.494179,1.448641,1.47141,3.094915,0.015359,0.9003,0.2803,BALANCED,NORMAL,BALANCED_NORMAL,36115
XRPUSDT,bb_balanced,1.5,2026-02-20 14:00:00+00:00,2026-02-20 15:00:00+00:00,1,1.3831,1.3625581972641334,0.020541802735866588,1.4139127041038,3.0,1.4798007,1.4798007,TP,13,20,2.0,1.5,1.430222,1.393308,1.411765,2.614757,0.013695,0.9487,0.0968,BALANCED,NORMAL,BALANCED_NORMAL,36158
XRPUSDT,bb_balanced,1.5,2026-02-21 12:00:00+00:00,2026-02-21 14:20:00+00:00,-1,1.4432,1.4589588314125217,0.015758831412521657,1.4195617528812177,3.0,-1.02747412,-1.02747412,SL,29,20,2.0,1.5,1.441319,1.417791,1.429555,1.645888,0.010506,0.7466,0.2072,BALANCED,NORMAL,BALANCED_NORMAL,36180
XRPUSDT,bb_balanced,1.5,2026-02-25 13:00:00+00:00,2026-02-25 13:45:00+00:00,-1,1.3992,1.4217821440715177,0.022582144071517707,1.3653267838927234,3.0,-1.01858814,-1.01858814,SL,10,20,2.0,1.5,1.393403,1.338587,1.365995,4.012833,0.015055,0.9688,0.3055,BALANCED,NORMAL,BALANCED_NORMAL,36277
XRPUSDT,bb_balanced,1.5,2026-02-26 17:00:00+00:00,2026-02-27 14:50:00+00:00,1,1.3882,1.3582063156261843,0.029993684373815777,1.4331905265607237,3.0,-1.01388492,-1.01388492,SL,263,20,2.0,1.5,1.471856,1.405664,1.43876,4.600629,0.019996,1.1516,0.3372,BALANCED,NORMAL,BALANCED_NORMAL,36305
XRPUSDT,bb_balanced,1.5,2026-02-27 13:00:00+00:00,2026-02-27 15:30:00+00:00,1,1.3767,1.3540046480597427,0.02269535194025729,1.410743027910386,3.0,-1.018198,-1.018198,SL,31,20,2.0,1.5,1.422866,1.378394,1.40063,3.175094,0.01513,0.8444,0.1059,BALANCED,NORMAL,BALANCED_NORMAL,36325
