tp_r,n_trades,managed_total_r,baseline_total_r
13.0,6,0.8163028149181896,-6.383697185081819
