risk_per_trade_pct,ending_equity_multiple,max_drawdown_pct
1.0,16294.783508358138,15.533778264311799
1.5,1426991.7637734066,22.470713535383876
2.0,98982746.99465758,28.89963761549715
