tp_r,n_trades,managed_total_r,baseline_total_r
8.0,1621,1054.346030002875,907.0460300028758
