trade_id,stream,sym,side,entry_ts,exit_ts,duration_h,entry_price,stop_price,tp_price,pnl_r,reason,bars_5m,risk_pct,balance_before,dollar_risk,dollar_pnl,balance_after
1,S2,SOLUSDT,-1,2022-01-04 19:00:00+00:00,2022-01-05 10:10:00+00:00,15.17,167.6,171.27380264,150.95118377,-0.950659,SL,183,3.3981,10000.0,339.81,-323.04,9676.96
2,S1_BTCUSDT,BTCUSDT,1,2022-01-05 20:00:00+00:00,2022-01-05 20:05:00+00:00,0.08,44671.93,44128.22,51740.16,-1.024648,SL,2,1.5086,9676.96,145.99,-149.58,9527.37
3,S1_SOLUSDT,SOLUSDT,1,2022-01-05 20:00:00+00:00,2022-01-05 20:05:00+00:00,0.08,158.69,157.47,174.55,-1.039022,SL,2,2.7132,9676.96,262.56,-272.8,9254.57
4,S1_XRPUSDT,XRPUSDT,1,2022-01-05 20:00:00+00:00,2022-01-05 20:05:00+00:00,0.08,0.7978,0.79,0.8992,-1.030685,SL,2,4.1176,9676.96,398.46,-410.69,8843.89
5,S3,ETHUSDT,-1,2022-01-05 20:00:00+00:00,2022-01-07 03:30:00+00:00,31.5,3653.54,3730.64795114,3268.00024429,4.985785,TP,379,1.0606,9676.96,102.63,511.71,8900.49
6,S3,ETHUSDT,-1,2022-01-05 21:00:00+00:00,2022-01-07 04:15:00+00:00,31.25,3592.31,3675.59024035,3175.90879827,4.987059,TP,376,1.0606,8843.89,93.8,467.78,9368.27
7,S3,SOLUSDT,-1,2022-01-05 22:00:00+00:00,2022-01-20 23:50:00+00:00,361.83,153.4,158.65911261,127.10443694,4.991249,TP,4343,1.0606,8843.89,93.8,468.17,9676.6
8,S1_ETHUSDT,ETHUSDT,1,2022-01-06 00:00:00+00:00,2022-01-06 08:30:00+00:00,8.5,3537.81,3405.0,5264.34,-1.007991,SL,103,1.2411,8843.89,109.76,-110.64,8733.25
9,S3,ETHUSDT,-1,2022-01-06 10:00:00+00:00,2022-01-06 14:35:00+00:00,4.58,3307.5,3420.80991809,2740.95040955,-1.008757,SL,56,1.0606,8733.25,92.62,-93.44,8639.81
10,S1_LINKUSDT,LINKUSDT,-1,2022-01-06 20:00:00+00:00,2022-01-06 20:05:00+00:00,0.08,25.756,25.961,23.091,-1.037692,SL,2,2.8,8639.81,241.91,-251.03,8388.78
11,S1_XRPUSDT,XRPUSDT,1,2022-01-07 04:00:00+00:00,2022-01-07 04:15:00+00:00,0.25,0.7448,0.7377,0.8371,-1.03147,SL,4,4.1176,8900.49,366.49,-378.02,8990.25
12,S1_XRPUSDT,XRPUSDT,1,2022-01-07 16:00:00+00:00,2022-01-07 16:30:00+00:00,0.5,0.7479,0.7281,1.0053,0.788668,BE,7,4.1176,8990.25,370.18,291.95,9282.2
13,S1_LINKUSDT,LINKUSDT,-1,2022-01-07 20:00:00+00:00,2022-01-07 22:55:00+00:00,2.92,26.551,27.328,16.45,0.789749,BE,36,2.8,9282.2,259.9,205.26,9487.45
14,S1_SOLUSDT,SOLUSDT,1,2022-01-08 20:00:00+00:00,2022-01-08 20:35:00+00:00,0.58,135.37,132.89,167.61,0.783625,BE,8,2.7132,9487.45,257.41,201.72,9689.17
15,S1_XRPUSDT,XRPUSDT,1,2022-01-08 20:00:00+00:00,2022-01-08 20:35:00+00:00,0.58,0.7299,0.722,0.8326,0.772282,BE,8,4.1176,9487.45,390.66,301.7,9990.87
16,S1_LINKUSDT,LINKUSDT,-1,2022-01-09 20:00:00+00:00,2022-01-10 16:15:00+00:00,20.25,27.862,28.691,17.085,0.789917,BE,244,2.8,9990.87,279.74,220.97,10211.84
17,S1_ETHUSDT,ETHUSDT,1,2022-01-10 16:00:00+00:00,2022-01-10 16:15:00+00:00,0.25,3004.19,2924.78,4036.52,0.788651,BE,4,1.2411,9990.87,124.0,97.79,10309.63
18,S4,BTCUSDT,1,2022-01-17 06:00:00+00:00,2022-01-17 17:00:00+00:00,11.0,42649.7,42090.73628232,53549.49249477,-1.02289,SL,133,1.9886,10309.63,205.02,-209.71,10099.92
19,S2,LINKUSDT,-1,2022-01-19 07:00:00+00:00,2022-01-19 12:00:00+00:00,5.0,21.864,22.17445629,18.66481023,-0.421143,SL,61,3.3981,10099.92,343.21,-144.54,9511.97
20,S1_XRPUSDT,XRPUSDT,1,2022-01-19 08:00:00+00:00,2022-01-19 08:30:00+00:00,0.5,0.7283,0.725,0.7712,-1.066209,SL,7,4.1176,10099.92,415.87,-443.41,9656.51
21,S2,SOLUSDT,-1,2022-01-19 08:00:00+00:00,2022-01-19 14:45:00+00:00,6.75,134.42,137.94209366,117.30135925,-0.884433,SL,82,3.3981,10099.92,343.21,-303.54,9208.43
22,S2,BTCUSDT,-1,2022-01-20 22:00:00+00:00,2022-01-21 12:35:00+00:00,14.58,41319.67,42789.21313376,37737.59242037,4.235293,TP,176,3.3981,9208.43,312.91,1325.27,11023.39
23,S2,ETHUSDT,-1,2022-01-20 22:00:00+00:00,2022-01-21 12:35:00+00:00,14.58,3078.74,3202.02593099,2753.70391075,4.237923,TP,176,3.3981,9208.43,312.91,1326.1,12349.49
24,S2,SOLUSDT,-1,2022-01-20 22:00:00+00:00,2022-01-21 21:35:00+00:00,23.58,132.12,138.6236769,114.34497585,4.240523,TP,284,3.3981,9208.43,312.91,1326.91,13676.4
25,S3,BTCUSDT,-1,2022-01-21 02:00:00+00:00,2022-01-22 10:05:00+00:00,32.08,39750.68,40824.49687518,34381.5956241,4.988895,TP,386,1.0606,9676.6,102.63,512.01,14700.68
26,S3,ETHUSDT,-1,2022-01-21 02:00:00+00:00,2022-01-22 09:45:00+00:00,31.75,2898.74,3000.93487919,2387.76560406,4.991491,TP,382,1.0606,9676.6,102.63,512.28,14188.67
27,S3,SOLUSDT,-1,2022-01-21 02:00:00+00:00,2022-01-21 02:20:00+00:00,0.33,121.43,126.81998763,94.48006187,-1.006759,SL,5,1.0606,9676.6,102.63,-103.32,9573.28
28,S3,LINKUSDT,-1,2022-01-21 02:00:00+00:00,2022-01-22 10:05:00+00:00,32.08,19.448,20.45237919,14.42610406,4.994191,TP,386,1.0606,9676.6,102.63,512.55,15213.24
29,S3,DOGEUSDT,-1,2022-01-21 02:00:00+00:00,2022-02-07 00:40:00+00:00,406.67,0.15049,0.15678687,0.11900567,-1.00717,SL,4881,1.0606,9676.6,102.63,-103.37,10365.09
30,S3,XRPUSDT,-1,2022-01-21 02:00:00+00:00,2022-01-21 02:25:00+00:00,0.42,0.6985,0.71912868,0.59535662,-1.010158,SL,6,1.0606,9676.6,102.63,-103.67,9469.61
31,S1_BTCUSDT,BTCUSDT,1,2022-01-21 04:00:00+00:00,2022-01-21 04:00:00+00:00,0.0,38447.92,38200.0,41670.88,0.753475,BE,1,1.5086,9469.61,142.86,107.64,9577.25
32,S1_ETHUSDT,ETHUSDT,1,2022-01-21 04:00:00+00:00,2022-01-21 04:35:00+00:00,0.58,2836.04,2806.5,3220.06,0.771198,BE,8,1.2411,9469.61,117.53,90.64,9958.0
33,S1_SOLUSDT,SOLUSDT,1,2022-01-21 04:00:00+00:00,2022-01-21 12:05:00+00:00,8.08,124.18,120.94,166.3,-1.011498,SL,98,2.7132,9469.61,256.93,-259.88,9698.12
34,S1_XRPUSDT,XRPUSDT,1,2022-01-21 04:00:00+00:00,2022-01-21 04:00:00+00:00,0.0,0.6901,0.6864,0.7382,0.744046,BE,1,4.1176,9469.61,389.92,290.12,9867.36
35,S3,BTCUSDT,-1,2022-01-21 04:00:00+00:00,2022-02-04 15:20:00+00:00,347.33,38447.92,39787.19250972,31751.55745139,-1.008612,SL,4169,1.0606,9469.61,100.43,-101.3,13275.6
36,S3,LINKUSDT,-1,2022-01-22 10:00:00+00:00,2022-01-22 12:50:00+00:00,2.83,14.856,16.24745596,7.89872019,-1.003203,SL,35,1.0606,14188.67,150.49,-150.97,15062.27
37,S3,DOGEUSDT,-1,2022-01-22 10:00:00+00:00,2022-01-22 13:15:00+00:00,3.25,0.12611,0.13567046,0.07830772,-1.003957,SL,40,1.0606,14188.67,150.49,-151.08,14911.19
38,S3,XRPUSDT,-1,2022-01-22 10:00:00+00:00,2022-01-22 13:15:00+00:00,3.25,0.5732,0.61263948,0.37600261,-1.00436,SL,40,1.0606,14188.67,150.49,-151.14,14760.05
39,S1_LINKUSDT,LINKUSDT,1,2022-01-24 04:00:00+00:00,2022-01-24 08:45:00+00:00,4.75,16.017,15.146,27.34,-1.005517,SL,58,2.8,14760.05,413.28,-415.56,14653.31
40,S1_BTCUSDT,BTCUSDT,1,2022-01-24 08:00:00+00:00,2022-01-24 08:30:00+00:00,0.5,34875.54,34588.8,38603.16,0.763512,BE,7,1.5086,14760.05,222.67,170.01,15068.87
41,S1_ETHUSDT,ETHUSDT,1,2022-01-24 08:00:00+00:00,2022-01-24 08:15:00+00:00,0.25,2384.94,2368.0,2605.16,0.757764,BE,4,1.2411,14760.05,183.19,138.81,14898.86
42,S1_XRPUSDT,XRPUSDT,1,2022-01-24 08:00:00+00:00,2022-01-24 09:05:00+00:00,1.08,0.5995,0.5894,0.7308,-1.017807,SL,14,4.1176,14760.05,607.76,-618.58,14034.73
43,S1_SOLUSDT,SOLUSDT,1,2022-01-25 04:00:00+00:00,2022-01-25 19:30:00+00:00,15.5,90.03,80.7,211.32,0.797105,BE,187,2.7132,14034.73,380.79,303.53,14338.26
44,S2,ETHUSDT,-1,2022-01-26 22:00:00+00:00,2022-01-28 21:25:00+00:00,47.42,2416.7,2542.79598456,1871.79420832,-0.989142,SL,570,3.3981,14338.26,487.23,-481.94,13856.32
45,S1_LINKUSDT,LINKUSDT,-1,2022-01-30 12:00:00+00:00,2022-01-30 12:05:00+00:00,0.08,17.67,17.8,15.98,0.759223,BE,2,2.8,13856.32,387.98,294.56,14150.88
46,S3,BTCUSDT,-1,2022-01-31 01:00:00+00:00,2022-01-31 15:00:00+00:00,14.0,36821.39,37567.49942455,33090.84287725,-1.014805,SL,169,1.0606,14150.88,150.08,-152.31,13998.57
47,S3,XRPUSDT,-1,2022-01-31 01:00:00+00:00,2022-01-31 15:15:00+00:00,14.25,0.5862,0.59957849,0.51930756,-1.013145,SL,172,1.0606,14150.88,150.08,-152.06,13846.52
48,S1_ETHUSDT,ETHUSDT,-1,2022-02-01 04:00:00+00:00,2022-02-01 04:05:00+00:00,0.08,2749.49,2758.28,2635.22,-1.093839,SL,2,1.2411,13846.52,171.85,-187.98,13658.54
49,S2,SOLUSDT,-1,2022-02-02 15:00:00+00:00,2022-02-02 19:00:00+00:00,4.0,105.89,109.97990993,86.06177085,-0.883444,SL,49,3.3981,13658.54,464.13,-410.03,13248.51
50,S1_ETHUSDT,ETHUSDT,-1,2022-02-04 12:00:00+00:00,2022-02-04 13:45:00+00:00,1.75,2828.62,2872.89,2253.11,0.780832,BE,22,1.2411,13248.51,164.43,128.39,13376.9
51,S1_BTCUSDT,BTCUSDT,-1,2022-02-04 16:00:00+00:00,2022-02-04 16:15:00+00:00,0.25,39481.72,39863.27,34521.57,-1.031043,SL,4,1.5086,13275.6,200.28,-206.49,13069.11
52,S1_XRPUSDT,XRPUSDT,-1,2022-02-04 20:00:00+00:00,2022-02-04 20:00:00+00:00,0.0,0.6397,0.6414,0.6176,-1.112888,SL,1,4.1176,13069.11,538.13,-598.88,12470.22
53,S1_LINKUSDT,LINKUSDT,-1,2022-02-05 04:00:00+00:00,2022-02-05 04:00:00+00:00,0.0,17.92,17.921,17.907,-6.376,SL,1,2.8,12470.22,349.17,-2226.28,10243.94
54,S1_LINKUSDT,LINKUSDT,-1,2022-02-06 04:00:00+00:00,2022-02-06 14:40:00+00:00,10.67,17.942,18.254,13.886,0.782748,BE,129,2.8,10243.94,286.83,224.52,10468.46
55,S1_LINKUSDT,LINKUSDT,-1,2022-02-07 04:00:00+00:00,2022-02-07 04:00:00+00:00,0.0,18.469,18.546,17.468,-1.071957,SL,1,2.8,10365.09,290.22,-311.11,10053.98
56,S3,XRPUSDT,-1,2022-02-08 09:00:00+00:00,2022-02-09 01:45:00+00:00,16.75,0.8509,0.90263666,0.59221669,-1.004934,SL,202,1.0606,10053.98,106.63,-107.16,9946.82
57,S1_ETHUSDT,ETHUSDT,-1,2022-02-09 00:00:00+00:00,2022-02-09 05:15:00+00:00,5.25,3115.23,3177.48,2305.98,0.784987,BE,64,1.2411,10053.98,124.78,97.95,10044.78
58,S1_BTCUSDT,BTCUSDT,-1,2022-02-10 08:00:00+00:00,2022-02-10 11:20:00+00:00,3.33,44066.19,44826.0,34188.66,-1.017399,SL,41,1.5086,10044.78,151.54,-154.17,9890.6
59,S3,SOLUSDT,-1,2022-02-10 14:00:00+00:00,2022-02-10 15:00:00+00:00,1.0,107.74,111.42316627,89.32416863,-1.008776,SL,13,1.0606,9890.6,104.9,-105.82,9784.78
60,S4,SOLUSDT,1,2022-02-10 15:00:00+00:00,2022-02-10 23:45:00+00:00,8.75,109.77,105.73277417,188.4959036,-1.008157,SL,106,1.9886,9890.6,196.68,-198.29,9388.04
61,S4,LINKUSDT,1,2022-02-10 15:00:00+00:00,2022-02-10 23:30:00+00:00,8.5,18.101,17.49619028,29.89478958,-1.008979,SL,103,1.9886,9890.6,196.68,-198.45,9586.33
62,S2,ETHUSDT,-1,2022-02-10 20:00:00+00:00,2022-02-15 23:35:00+00:00,123.58,3119.1,3194.8079946,2676.64697287,-0.736204,SL,1484,3.3981,9784.78,332.5,-244.79,8617.4
63,S2,ETHUSDT,-1,2022-02-11 21:00:00+00:00,2022-02-15 01:35:00+00:00,76.58,2917.29,3008.89584161,2494.22564188,-0.929042,SL,920,3.3981,9388.04,319.02,-296.38,9020.97
64,S3,LINKUSDT,-1,2022-02-11 23:00:00+00:00,2022-02-15 08:35:00+00:00,81.58,16.036,16.62109394,13.1105303,-1.008222,SL,980,1.0606,9388.04,99.57,-100.39,8920.59
65,S1_LINKUSDT,LINKUSDT,1,2022-02-12 08:00:00+00:00,2022-02-12 15:15:00+00:00,7.25,15.894,15.583,19.937,-1.015332,SL,88,2.8,9388.04,262.87,-266.9,9121.15
66,S1_LINKUSDT,LINKUSDT,1,2022-02-14 04:00:00+00:00,2022-02-14 06:50:00+00:00,2.83,15.346,15.201,17.231,0.76825,BE,35,2.8,9121.15,255.39,196.21,9317.35
67,S1_BTCUSDT,BTCUSDT,-1,2022-02-15 12:00:00+00:00,2022-02-15 14:35:00+00:00,2.58,44214.3,44442.3,41250.3,-1.058177,SL,32,1.5086,8920.59,134.58,-142.41,8778.18
68,S1_ETHUSDT,ETHUSDT,-1,2022-02-15 16:00:00+00:00,2022-02-15 17:15:00+00:00,1.25,3121.55,3153.96,2700.22,0.771106,BE,16,1.2411,8778.18,108.95,84.01,8862.19
69,S1_BTCUSDT,BTCUSDT,-1,2022-02-16 00:00:00+00:00,2022-02-16 00:15:00+00:00,0.25,44529.7,44777.0,41314.8,0.745981,BE,4,1.5086,8617.4,130.0,96.98,8714.38
70,S1_ETHUSDT,ETHUSDT,-1,2022-02-16 00:00:00+00:00,2022-02-16 00:15:00+00:00,0.25,3183.74,3198.0,2998.36,0.733021,BE,4,1.2411,8617.4,106.95,78.4,8792.78
71,S4,SOLUSDT,1,2022-02-16 20:00:00+00:00,2022-02-17 03:30:00+00:00,7.5,103.19,99.81717941,168.96000143,-1.009178,SL,91,1.9886,8792.78,174.85,-176.46,8616.32
72,S4,LINKUSDT,1,2022-02-16 20:00:00+00:00,2022-02-17 04:00:00+00:00,8.0,17.25,16.77899224,26.43465126,-1.010987,SL,97,1.9886,8792.78,174.85,-176.77,8439.55
73,S2,ETHUSDT,-1,2022-02-17 04:00:00+00:00,2022-02-17 08:05:00+00:00,4.08,3082.56,3137.30851291,2776.64426819,-0.773453,SL,50,3.3981,8616.32,292.79,-226.46,8213.09
74,S3,BTCUSDT,-1,2022-02-17 15:00:00+00:00,2022-02-21 11:35:00+00:00,92.58,41920.5,42745.12905437,37797.35472816,4.984749,TP,1112,1.0606,8213.09,87.11,434.21,8394.23
75,S1_BTCUSDT,BTCUSDT,1,2022-02-18 12:00:00+00:00,2022-02-18 12:00:00+00:00,0.0,40167.2,40020.1,42079.5,0.718082,BE,1,1.5086,8213.09,123.9,88.97,8302.06
76,S1_ETHUSDT,ETHUSDT,1,2022-02-19 12:00:00+00:00,2022-02-19 12:05:00+00:00,0.08,2721.43,2704.01,2947.89,-1.046867,SL,2,1.2411,8302.06,103.04,-107.87,8194.19
77,S1_BTCUSDT,BTCUSDT,1,2022-02-20 08:00:00+00:00,2022-02-20 08:20:00+00:00,0.33,38770.3,38553.5,41588.7,-1.053649,SL,5,1.5086,8194.19,123.62,-130.25,8063.95
78,S1_ETHUSDT,ETHUSDT,1,2022-02-20 08:00:00+00:00,2022-02-20 08:35:00+00:00,0.58,2652.23,2616.0,3123.22,-1.021962,SL,8,1.2411,8194.19,101.7,-103.93,7960.01
79,S2,BTCUSDT,-1,2022-02-21 11:00:00+00:00,2022-02-21 15:05:00+00:00,4.08,38282.2,39031.36688176,35071.07670001,-1.006741,SL,50,3.3981,7960.01,270.49,-272.31,7989.22
80,S1_BTCUSDT,BTCUSDT,1,2022-02-21 12:00:00+00:00,2022-02-21 13:05:00+00:00,1.08,37550.0,37314.5,40611.5,-1.047834,SL,14,1.5086,8394.23,126.64,-132.69,8261.53
81,S3,LINKUSDT,-1,2022-02-21 22:00:00+00:00,2022-02-23 08:25:00+00:00,34.42,13.693,14.36466059,10.33469706,-1.006116,SL,414,1.0606,7989.22,84.73,-85.25,8508.46
82,S3,DOGEUSDT,-1,2022-02-21 22:00:00+00:00,2022-02-23 11:45:00+00:00,37.75,0.1305,0.13475416,0.1092292,-1.009203,SL,454,1.0606,7989.22,84.73,-85.51,8422.94
83,S3,XRPUSDT,-1,2022-02-21 22:00:00+00:00,2022-02-25 22:45:00+00:00,96.75,0.7182,0.75045431,0.55692844,-1.00668,SL,1162,1.0606,7989.22,84.73,-85.3,8457.41
84,S1_BTCUSDT,BTCUSDT,1,2022-02-22 00:00:00+00:00,2022-02-22 00:15:00+00:00,0.25,36986.4,36762.0,39903.6,0.750553,BE,4,1.5086,7989.22,120.53,90.46,8079.68
85,S1_LINKUSDT,LINKUSDT,1,2022-02-22 00:00:00+00:00,2022-02-22 00:30:00+00:00,0.5,13.492,13.356,15.26,0.770238,BE,7,2.8,7989.22,223.7,172.3,8251.98
86,S1_ETHUSDT,ETHUSDT,1,2022-02-22 04:00:00+00:00,2022-02-22 04:05:00+00:00,0.08,2518.63,2506.28,2679.18,0.738819,BE,2,1.2411,8251.98,102.42,75.67,8327.65
87,S1_XRPUSDT,XRPUSDT,1,2022-02-22 04:00:00+00:00,2022-02-22 05:55:00+00:00,1.92,0.6787,0.6667,0.8347,0.783033,BE,24,4.1176,8251.98,339.78,266.06,8593.71
88,S1_BTCUSDT,BTCUSDT,1,2022-02-24 04:00:00+00:00,2022-02-24 04:00:00+00:00,0.0,34907.8,34673.1,37958.9,-1.04462,SL,1,1.5086,8422.94,127.07,-132.74,8290.21
89,S1_ETHUSDT,ETHUSDT,1,2022-02-24 04:00:00+00:00,2022-02-24 04:00:00+00:00,0.0,2395.45,2385.22,2528.44,-1.070248,SL,1,1.2411,8422.94,104.54,-111.88,8178.33
90,S1_LINKUSDT,LINKUSDT,1,2022-02-24 04:00:00+00:00,2022-02-24 04:05:00+00:00,0.08,12.274,12.147,13.925,0.771006,BE,2,2.8,8422.94,235.84,181.84,8360.16
91,S1_XRPUSDT,XRPUSDT,1,2022-02-24 04:00:00+00:00,2022-02-24 04:35:00+00:00,0.58,0.6388,0.6257,0.8091,0.785371,BE,8,4.1176,8422.94,346.82,272.38,8632.55
92,S3,LINKUSDT,-1,2022-02-24 04:00:00+00:00,2022-02-24 19:35:00+00:00,15.58,12.274,12.92282453,9.02987735,-1.005675,SL,188,1.0606,8422.94,89.33,-89.84,8542.71
93,S2,ETHUSDT,-1,2022-02-27 20:00:00+00:00,2022-02-28 14:55:00+00:00,18.92,2605.85,2754.49333274,2173.2944778,-1.468151,SL,228,3.3981,8457.41,287.39,-421.93,8035.47
94,S1_BTCUSDT,BTCUSDT,-1,2022-02-28 20:00:00+00:00,2022-02-28 20:00:00+00:00,0.0,41306.5,41489.0,38934.0,-1.067901,SL,1,1.5086,8035.47,121.22,-129.45,7906.02
95,S1_ETHUSDT,ETHUSDT,-1,2022-03-01 00:00:00+00:00,2022-03-01 00:10:00+00:00,0.17,2920.05,2966.0,2322.7,-1.019065,SL,3,1.2411,7906.02,98.12,-99.99,7806.03
96,S1_ETHUSDT,ETHUSDT,-1,2022-03-01 16:00:00+00:00,2022-03-02 04:05:00+00:00,12.08,2949.2,3036.0,1820.8,-1.010193,SL,146,1.2411,7806.03,96.88,-97.87,7494.53
97,S1_SOLUSDT,SOLUSDT,-1,2022-03-02 00:00:00+00:00,2022-03-02 03:25:00+00:00,3.42,98.61,102.02,54.28,-1.008675,SL,42,2.7132,7806.03,211.79,-213.63,7592.39
98,S1_LINKUSDT,LINKUSDT,-1,2022-03-02 04:00:00+00:00,2022-03-02 07:05:00+00:00,3.08,15.522,15.726,12.87,0.777174,BE,38,2.8,7592.39,212.59,165.22,7659.74
99,S1_LINKUSDT,LINKUSDT,-1,2022-03-02 12:00:00+00:00,2022-03-02 12:10:00+00:00,0.17,15.676,15.799,14.077,-1.038234,SL,3,2.8,7659.74,214.47,-222.67,7437.07
100,S4,DOGEUSDT,1,2022-03-02 15:00:00+00:00,2022-03-03 15:35:00+00:00,24.58,0.13392,0.1296516,0.21715387,-1.009412,SL,296,1.9886,7437.07,147.89,-149.29,7287.79
101,S3,DOGEUSDT,-1,2022-03-04 20:00:00+00:00,2022-03-23 16:50:00+00:00,452.83,0.12333,0.12671581,0.10640093,-1.010928,SL,5435,1.0606,7287.79,77.29,-78.14,4240.61
102,S3,XRPUSDT,-1,2022-03-04 20:00:00+00:00,2022-03-05 08:30:00+00:00,12.5,0.7138,0.7337778,0.61391101,-1.010719,SL,151,1.0606,7287.79,77.29,-78.12,7209.66
103,S1_BTCUSDT,BTCUSDT,1,2022-03-06 12:00:00+00:00,2022-03-06 12:20:00+00:00,0.33,38329.1,38056.0,41879.4,0.757896,BE,5,1.5086,7209.66,108.76,82.43,7292.1
104,S1_BTCUSDT,BTCUSDT,1,2022-03-07 04:00:00+00:00,2022-03-07 05:20:00+00:00,1.33,37848.9,37529.9,41995.9,0.764405,BE,17,1.5086,7292.1,110.01,84.09,7160.11
105,S1_ETHUSDT,ETHUSDT,1,2022-03-07 04:00:00+00:00,2022-03-07 08:30:00+00:00,4.5,2523.93,2505.15,2768.07,-1.040318,SL,55,1.2411,7292.1,90.5,-94.15,7218.75
106,S1_LINKUSDT,LINKUSDT,1,2022-03-07 04:00:00+00:00,2022-03-07 04:40:00+00:00,0.67,12.823,12.757,13.681,-1.058286,SL,9,2.8,7292.1,204.18,-216.08,7076.02
107,S1_SOLUSDT,SOLUSDT,1,2022-03-07 04:00:00+00:00,2022-03-07 05:20:00+00:00,1.33,82.22,81.33,93.79,0.772285,BE,17,2.7132,7292.1,197.85,152.8,7312.9
108,S1_ETHUSDT,ETHUSDT,1,2022-03-07 20:00:00+00:00,2022-03-07 21:15:00+00:00,1.25,2458.68,2431.62,2810.46,0.772742,BE,16,1.2411,7218.75,89.59,69.23,7287.98
109,S2,XRPUSDT,-1,2022-03-07 20:00:00+00:00,2022-03-09 03:20:00+00:00,31.33,0.7113,0.73142702,0.61343577,-0.883333,SL,377,3.3981,7218.75,245.3,-216.68,6993.88
110,S3,DOGEUSDT,-1,2022-03-07 20:00:00+00:00,2022-03-08 00:40:00+00:00,4.67,0.11521,0.11828178,0.09985108,-1.011252,SL,57,1.0606,7218.75,76.56,-77.42,7210.56
111,S1_BTCUSDT,BTCUSDT,-1,2022-03-09 08:00:00+00:00,2022-03-09 08:00:00+00:00,0.0,41770.6,41893.5,40172.9,-1.101962,SL,1,1.5086,6993.88,105.51,-116.27,6877.61
112,S3,BTCUSDT,-1,2022-03-10 05:00:00+00:00,2022-03-16 02:05:00+00:00,141.08,39526.4,40668.51622131,33815.81889346,-1.010382,SL,1694,1.0606,6877.61,72.94,-73.7,6312.02
113,S1_XRPUSDT,XRPUSDT,-1,2022-03-12 00:00:00+00:00,2022-03-12 00:00:00+00:00,0.0,0.8026,0.8138,0.657,-1.021498,SL,1,4.1176,6877.61,283.19,-289.28,6588.33
114,S3,XRPUSDT,-1,2022-03-12 03:00:00+00:00,2022-03-22 03:15:00+00:00,240.25,0.8247,0.85789716,0.65871421,-1.007453,SL,2884,1.0606,6588.33,69.88,-70.4,4707.77
115,S1_XRPUSDT,XRPUSDT,-1,2022-03-13 04:00:00+00:00,2022-03-13 12:20:00+00:00,8.33,0.7964,0.8071,0.6573,0.777671,BE,101,4.1176,6588.33,271.28,210.97,6799.3
116,S3,ETHUSDT,-1,2022-03-13 23:00:00+00:00,2022-03-14 04:10:00+00:00,5.17,2502.92,2548.2235363,2276.4023185,-1.016574,SL,63,1.0606,6799.3,72.11,-73.31,6725.99
117,S3,DOGEUSDT,-1,2022-03-13 23:00:00+00:00,2022-03-14 04:10:00+00:00,5.17,0.1105,0.11279693,0.09901537,-1.014432,SL,63,1.0606,6799.3,72.11,-73.15,6652.83
118,S4,SOLUSDT,1,2022-03-14 15:00:00+00:00,2022-03-14 17:25:00+00:00,2.42,81.36,79.4339181,118.91859701,-1.012672,SL,30,1.9886,6652.83,132.3,-133.97,6518.86
119,S2,ETHUSDT,-1,2022-03-14 18:00:00+00:00,2022-03-14 22:20:00+00:00,4.33,2535.74,2563.56733712,2333.59089671,-0.601038,SL,53,3.3981,6518.86,221.52,-133.14,6385.72
120,S1_LINKUSDT,LINKUSDT,-1,2022-03-16 16:00:00+00:00,2022-03-16 16:05:00+00:00,0.08,14.139,14.26,12.566,-1.035055,SL,2,2.8,6312.02,176.74,-182.93,6129.09
121,S1_BTCUSDT,BTCUSDT,-1,2022-03-17 00:00:00+00:00,2022-03-17 05:00:00+00:00,5.0,41105.9,41473.6,36325.8,-1.033538,SL,61,1.5086,6129.09,92.46,-95.56,5848.99
122,S1_SOLUSDT,SOLUSDT,-1,2022-03-17 00:00:00+00:00,2022-03-17 00:00:00+00:00,0.0,87.73,87.97,84.61,-1.109663,SL,1,2.7132,6129.09,166.29,-184.53,5944.56
123,S1_SOLUSDT,SOLUSDT,-1,2022-03-17 12:00:00+00:00,2022-03-17 12:50:00+00:00,0.83,87.67,89.22,67.52,-1.016968,SL,11,2.7132,5848.99,158.69,-161.39,5687.6
124,S1_LINKUSDT,LINKUSDT,-1,2022-03-18 12:00:00+00:00,2022-03-18 12:00:00+00:00,0.0,14.664,14.699,14.209,-1.125691,SL,1,2.8,5687.6,159.25,-179.27,5508.33
125,S1_BTCUSDT,BTCUSDT,-1,2022-03-18 20:00:00+00:00,2022-03-18 20:00:00+00:00,0.0,42020.3,42091.8,41090.8,-1.176309,SL,1,1.5086,5508.33,83.1,-97.75,5410.58
126,S1_SOLUSDT,SOLUSDT,-1,2022-03-18 20:00:00+00:00,2022-03-18 20:55:00+00:00,0.92,91.1,92.31,75.37,0.777413,BE,12,2.7132,5508.33,149.45,116.19,5526.77
127,S1_XRPUSDT,XRPUSDT,-1,2022-03-19 08:00:00+00:00,2022-03-19 18:50:00+00:00,10.83,0.8083,0.823,0.6172,-1.016496,SL,131,4.1176,5526.77,227.57,-231.32,5127.87
128,S1_SOLUSDT,SOLUSDT,-1,2022-03-19 16:00:00+00:00,2022-03-19 16:00:00+00:00,0.0,94.03,94.27,90.91,-1.117538,SL,1,2.7132,5526.77,149.95,-167.58,5359.19
129,S1_ETHUSDT,ETHUSDT,-1,2022-03-21 16:00:00+00:00,2022-03-21 16:00:00+00:00,0.0,2954.13,2956.99,2916.95,-1.309874,SL,1,1.2411,5127.87,63.64,-83.36,5044.51
130,S1_XRPUSDT,XRPUSDT,-1,2022-03-21 20:00:00+00:00,2022-03-21 20:00:00+00:00,0.0,0.8468,0.8477,0.8351,-1.282267,SL,1,4.1176,5044.51,207.71,-266.34,4778.16
131,S1_BTCUSDT,BTCUSDT,-1,2022-03-22 04:00:00+00:00,2022-03-22 04:25:00+00:00,0.42,42230.0,42500.0,38720.0,-1.046922,SL,6,1.5086,4707.77,71.02,-74.35,4491.36
132,S1_ETHUSDT,ETHUSDT,-1,2022-03-22 04:00:00+00:00,2022-03-22 04:25:00+00:00,0.42,3007.33,3038.97,2596.01,-1.028515,SL,6,1.2411,4707.77,58.43,-60.09,4431.26
133,S1_LINKUSDT,LINKUSDT,-1,2022-03-22 04:00:00+00:00,2022-03-22 04:05:00+00:00,0.08,15.532,15.592,14.752,-1.07766,SL,2,2.8,4707.77,131.82,-142.05,4565.71
134,S1_BTCUSDT,BTCUSDT,-1,2022-03-23 16:00:00+00:00,2022-03-23 16:00:00+00:00,0.0,42588.7,42724.0,40829.8,-1.094432,SL,1,1.5086,4431.26,66.85,-73.16,4358.1
135,S1_LINKUSDT,LINKUSDT,-1,2022-03-23 16:00:00+00:00,2022-03-23 16:25:00+00:00,0.42,15.797,15.887,14.627,-1.052657,SL,6,2.8,4431.26,124.08,-130.61,4318.75
136,S1_SOLUSDT,SOLUSDT,-1,2022-03-23 16:00:00+00:00,2022-03-23 16:00:00+00:00,0.0,95.65,96.35,86.55,0.759007,BE,1,2.7132,4431.26,120.23,91.25,4449.36
137,S1_BTCUSDT,BTCUSDT,-1,2022-03-24 00:00:00+00:00,2022-03-24 00:10:00+00:00,0.17,42867.8,43051.0,40486.2,-1.070198,SL,3,1.5086,4240.61,63.97,-68.46,4113.63
138,S1_ETHUSDT,ETHUSDT,-1,2022-03-24 00:00:00+00:00,2022-03-24 00:05:00+00:00,0.08,3035.54,3043.69,2929.59,-1.111738,SL,2,1.2411,4240.61,52.63,-58.51,4182.1
139,S1_BTCUSDT,BTCUSDT,-1,2022-03-24 08:00:00+00:00,2022-03-24 13:30:00+00:00,5.5,43060.9,43500.0,37352.6,0.77058,BE,67,1.5086,4113.63,62.06,47.82,3922.21
140,S1_ETHUSDT,ETHUSDT,-1,2022-03-24 08:00:00+00:00,2022-03-24 15:00:00+00:00,7.0,3037.38,3082.79,2447.05,-1.020066,SL,85,1.2411,4113.63,51.05,-52.08,3870.13
141,S1_LINKUSDT,LINKUSDT,-1,2022-03-24 08:00:00+00:00,2022-03-24 08:35:00+00:00,0.58,15.912,15.999,14.781,-1.054869,SL,8,2.8,4113.63,115.18,-121.5,3992.13
142,S1_SOLUSDT,SOLUSDT,-1,2022-03-24 08:00:00+00:00,2022-03-24 08:35:00+00:00,0.58,97.07,97.6,90.18,-1.054945,SL,8,2.7132,4113.63,111.61,-117.74,3874.39
143,S1_LINKUSDT,LINKUSDT,-1,2022-03-25 12:00:00+00:00,2022-03-25 12:05:00+00:00,0.08,16.353,16.396,15.794,0.685909,BE,2,2.8,3870.13,108.36,74.33,3944.46
144,S2,ETHUSDT,-1,2022-03-25 17:00:00+00:00,2022-03-26 20:25:00+00:00,27.42,3094.98,3143.37642345,2824.88267095,-0.776131,SL,330,3.3981,3944.46,134.04,-104.03,3690.69
145,S2,SOLUSDT,-1,2022-03-25 17:00:00+00:00,2022-03-26 05:50:00+00:00,12.83,98.28,101.13040382,83.52378326,-0.829449,SL,155,3.3981,3944.46,134.04,-111.18,3833.28
146,S2,LINKUSDT,-1,2022-03-25 17:00:00+00:00,2022-03-27 02:05:00+00:00,33.08,15.657,16.03072457,13.80260776,-0.867288,SL,398,3.3981,3944.46,134.04,-116.25,3574.44
147,S1_ETHUSDT,ETHUSDT,-1,2022-03-26 04:00:00+00:00,2022-03-27 20:35:00+00:00,40.58,3107.21,3195.0,1965.94,-1.010618,SL,488,1.2411,3944.46,48.95,-49.47,3591.83
148,S1_SOLUSDT,SOLUSDT,-1,2022-03-26 08:00:00+00:00,2022-03-26 08:10:00+00:00,0.17,101.2,101.47,97.69,0.687556,BE,3,2.7132,3833.28,104.0,71.51,3904.79
149,S1_SOLUSDT,SOLUSDT,-1,2022-03-26 16:00:00+00:00,2022-03-26 16:05:00+00:00,0.08,101.19,101.97,91.05,-1.038919,SL,2,2.7132,3904.79,105.94,-110.07,3794.72
150,S3,DOGEUSDT,-1,2022-03-27 10:00:00+00:00,2022-03-27 21:30:00+00:00,11.5,0.14006,0.14423574,0.11918132,-1.010062,SL,139,1.0606,3574.44,37.91,-38.29,3553.54
151,S1_SOLUSDT,SOLUSDT,-1,2022-03-27 20:00:00+00:00,2022-03-27 20:00:00+00:00,0.0,103.16,103.44,99.52,0.689471,BE,1,2.7132,3574.44,96.98,66.87,3641.31
152,S1_LINKUSDT,LINKUSDT,-1,2022-03-28 00:00:00+00:00,2022-03-28 00:00:00+00:00,0.0,16.854,16.9,16.256,-1.109917,SL,1,2.8,3553.54,99.5,-110.44,3443.11
153,S1_XRPUSDT,XRPUSDT,-1,2022-03-28 00:00:00+00:00,2022-03-28 00:00:00+00:00,0.0,0.8578,0.8581,0.8539,-1.8578,SL,1,4.1176,3553.54,146.32,-271.83,3171.27
154,S3,SOLUSDT,-1,2022-03-28 07:00:00+00:00,2022-03-28 14:45:00+00:00,7.75,108.71,112.0687725,91.91613749,-1.00971,SL,94,1.0606,3171.27,33.63,-33.96,3137.31
155,S3,ETHUSDT,-1,2022-03-28 16:00:00+00:00,2022-03-28 18:45:00+00:00,2.75,3356.41,3416.67042644,3055.1078678,-1.01671,SL,34,1.0606,3137.31,33.27,-33.83,3103.48
156,S1_LINKUSDT,LINKUSDT,-1,2022-03-29 04:00:00+00:00,2022-03-29 12:10:00+00:00,8.17,16.873,17.365,10.477,-1.010288,SL,99,2.8,3103.48,86.9,-87.79,3015.69
157,S1_SOLUSDT,SOLUSDT,-1,2022-03-29 04:00:00+00:00,2022-03-29 12:15:00+00:00,8.25,109.12,113.9,46.98,-1.006849,SL,100,2.7132,3103.48,84.2,-84.78,2930.91
158,S1_XRPUSDT,XRPUSDT,-1,2022-03-29 12:00:00+00:00,2022-03-29 15:45:00+00:00,3.75,0.881,0.9016,0.6132,0.78717,BE,46,4.1176,3103.48,127.79,100.59,3031.5
159,S1_LINKUSDT,LINKUSDT,-1,2022-03-30 04:00:00+00:00,2022-03-30 04:30:00+00:00,0.5,17.35,17.527,15.049,0.770593,BE,7,2.8,3031.5,84.88,65.41,3096.91
160,S3,BTCUSDT,-1,2022-03-31 17:00:00+00:00,2022-04-01 15:05:00+00:00,22.08,45695.4,46454.59909097,41899.40454517,-1.018057,SL,266,1.0606,3096.91,32.85,-33.44,3030.05
161,S3,XRPUSDT,-1,2022-03-31 17:00:00+00:00,2022-04-03 04:00:00+00:00,59.0,0.8011,0.82905486,0.66132568,-1.008597,SL,133,1.0606,3096.91,32.85,-33.13,3025.51
162,S3,BTCUSDT,-1,2022-04-01 02:00:00+00:00,2022-04-01 14:10:00+00:00,12.17,44926.1,45696.49882405,41074.10587973,-1.017495,SL,147,1.0606,3096.91,32.85,-33.42,3063.49
163,S1_ETHUSDT,ETHUSDT,-1,2022-04-01 16:00:00+00:00,2022-04-01 17:00:00+00:00,1.0,3432.2,3458.0,3096.8,0.760091,BE,13,1.2411,3030.05,37.61,28.58,3058.63
164,S1_ETHUSDT,ETHUSDT,-1,2022-04-03 08:00:00+00:00,2022-04-03 09:00:00+00:00,1.0,3489.14,3508.26,3240.58,0.745254,BE,13,1.2411,3025.51,37.55,27.98,3053.49
165,S1_LINKUSDT,LINKUSDT,-1,2022-04-03 08:00:00+00:00,2022-04-03 09:00:00+00:00,1.0,17.814,17.974,15.734,0.766599,BE,13,2.8,3025.51,84.71,64.94,3118.43
166,S2,BTCUSDT,-1,2022-04-04 01:00:00+00:00,2022-04-04 21:10:00+00:00,20.17,45847.0,46506.08392095,42419.57781276,-0.834318,SL,243,3.3981,3118.43,105.97,-88.41,3060.47
167,S1_ETHUSDT,ETHUSDT,-1,2022-04-04 08:00:00+00:00,2022-04-04 15:30:00+00:00,7.5,3500.91,3580.0,2472.74,0.786721,BE,91,1.2411,3118.43,38.7,30.45,3148.88
168,S1_SOLUSDT,SOLUSDT,-1,2022-04-05 00:00:00+00:00,2022-04-18 17:10:00+00:00,329.17,132.11,137.88,57.1,5.493131,BE,3951,2.7132,3060.47,83.04,456.13,2913.87
169,S3,BTCUSDT,-1,2022-04-06 14:00:00+00:00,2022-04-11 17:15:00+00:00,123.25,44157.0,44933.17993962,40276.10030189,4.982933,TP,1480,1.0606,3060.47,32.46,161.74,2886.48
170,S3,ETHUSDT,-1,2022-04-06 14:00:00+00:00,2022-04-25 00:20:00+00:00,442.33,3251.58,3328.67001704,2866.12991482,4.987346,TP,5309,1.0606,3060.47,32.46,161.89,3189.62
171,S1_LINKUSDT,LINKUSDT,1,2022-04-06 16:00:00+00:00,2022-04-06 16:35:00+00:00,0.58,15.731,15.494,18.812,-1.019913,SL,8,2.8,3060.47,85.69,-87.4,2973.07
172,S1_BTCUSDT,BTCUSDT,1,2022-04-06 20:00:00+00:00,2022-04-07 00:10:00+00:00,4.17,43751.2,43100.0,52216.8,-1.020156,SL,51,1.5086,2973.07,44.85,-45.76,2927.31
173,S1_BTCUSDT,BTCUSDT,1,2022-04-07 16:00:00+00:00,2022-04-08 08:45:00+00:00,16.75,43305.0,42685.0,51365.0,0.779046,BE,202,1.5086,2927.31,44.16,34.4,2961.72
174,S1_BTCUSDT,BTCUSDT,1,2022-04-08 20:00:00+00:00,2022-04-08 22:20:00+00:00,2.33,42722.0,42298.2,48231.4,-1.030242,SL,29,1.5086,2961.72,44.68,-46.03,2915.69
175,S4,SOLUSDT,1,2022-04-11 04:00:00+00:00,2022-04-11 09:30:00+00:00,5.5,109.94,106.53238709,176.38845167,-1.009679,SL,67,1.9886,2915.69,57.98,-58.54,2857.14
176,S2,SOLUSDT,-1,2022-04-11 10:00:00+00:00,2022-04-20 11:00:00+00:00,217.0,104.68,110.03802462,88.35860507,-1.403377,SL,2605,3.3981,2857.14,97.09,-136.25,2751.0
177,S3,ETHUSDT,-1,2022-04-11 10:00:00+00:00,2022-04-14 01:50:00+00:00,63.83,3078.9,3139.57289004,2775.53554981,-1.015224,SL,767,1.0606,2857.14,30.3,-30.76,2702.14
178,S3,LINKUSDT,-1,2022-04-11 10:00:00+00:00,2022-04-26 20:10:00+00:00,370.17,14.266,14.64693182,12.3613409,4.988765,TP,4443,1.0606,2857.14,30.3,151.17,3944.91
179,S3,XRPUSDT,-1,2022-04-11 10:00:00+00:00,2022-04-12 23:05:00+00:00,37.08,0.7103,0.72546132,0.63449341,-1.014055,SL,446,1.0606,2857.14,30.3,-30.73,2773.91
180,S1_BTCUSDT,BTCUSDT,1,2022-04-11 12:00:00+00:00,2022-04-11 12:10:00+00:00,0.17,41055.1,40933.6,42634.6,-1.101371,SL,3,1.5086,2857.14,43.1,-47.47,2724.74
181,S1_LINKUSDT,LINKUSDT,1,2022-04-11 12:00:00+00:00,2022-04-11 12:05:00+00:00,0.08,14.177,14.108,15.074,-1.061639,SL,2,2.8,2857.14,80.0,-84.93,2772.21
182,S1_LINKUSDT,LINKUSDT,1,2022-04-12 16:00:00+00:00,2022-04-12 19:15:00+00:00,3.25,14.017,13.684,18.346,-1.012628,SL,40,2.8,2886.48,80.82,-81.84,2804.64
183,S2,SOLUSDT,-1,2022-04-12 19:00:00+00:00,2022-04-13 03:20:00+00:00,8.33,101.38,104.46581711,83.48369702,-0.74004,SL,101,3.3981,2886.48,98.09,-72.59,2701.33
184,S1_BTCUSDT,BTCUSDT,1,2022-04-13 12:00:00+00:00,2022-04-13 13:40:00+00:00,1.67,39697.6,39224.0,45854.4,0.774854,BE,21,1.5086,2701.33,40.75,31.58,2732.9
185,S1_LINKUSDT,LINKUSDT,1,2022-04-14 16:00:00+00:00,2022-04-14 16:00:00+00:00,0.0,13.501,13.47,13.904,-1.130655,SL,1,2.8,2702.14,75.66,-85.55,2616.59
186,S3,LINKUSDT,-1,2022-04-14 16:00:00+00:00,2022-04-15 03:25:00+00:00,11.42,13.501,13.83946285,11.80868577,-1.011967,SL,138,1.0606,2702.14,28.66,-29.0,2587.59
187,S4,LINKUSDT,1,2022-04-14 21:00:00+00:00,2022-04-18 04:20:00+00:00,79.33,13.629,13.29138019,20.21258638,-1.01211,SL,953,1.9886,2616.59,52.03,-52.66,2482.0
188,S4,BTCUSDT,1,2022-04-17 19:00:00+00:00,2022-04-17 23:20:00+00:00,4.33,40106.6,39685.12065073,48325.44731067,-1.028547,SL,53,1.9886,2587.59,51.46,-52.93,2534.67
189,S3,SOLUSDT,-1,2022-04-18 05:00:00+00:00,2022-04-18 12:35:00+00:00,7.58,95.43,98.36748503,80.74257483,-1.009746,SL,92,1.0606,2482.0,26.32,-26.58,2455.42
190,S3,LINKUSDT,-1,2022-04-18 05:00:00+00:00,2022-04-18 17:10:00+00:00,12.17,13.269,13.62470284,11.4904858,-1.011191,SL,147,1.0606,2482.0,26.32,-26.62,2887.25
191,S3,XRPUSDT,-1,2022-04-18 05:00:00+00:00,2022-04-18 12:35:00+00:00,7.58,0.7299,0.7484448,0.637176,-1.011808,SL,92,1.0606,2482.0,26.32,-26.63,2428.79
192,S1_BTCUSDT,BTCUSDT,1,2022-04-18 08:00:00+00:00,2022-04-18 12:35:00+00:00,4.58,38902.2,38465.7,44576.7,0.773263,BE,56,1.5086,2482.0,37.44,28.95,2457.74
193,S4,SOLUSDT,1,2022-04-18 18:00:00+00:00,2022-04-25 00:20:00+00:00,150.33,100.94,97.78103974,162.53972516,-1.009586,SL,1805,1.9886,2887.25,57.42,-57.97,3131.66
194,S2,SOLUSDT,-1,2022-04-20 15:00:00+00:00,2022-04-21 11:15:00+00:00,20.25,106.87,108.69453618,93.57961633,-0.593703,SL,244,3.3981,2751.0,93.48,-55.5,2695.5
195,S4,LINKUSDT,1,2022-04-20 17:00:00+00:00,2022-04-21 20:35:00+00:00,27.58,13.914,13.57930848,20.44048463,-1.012472,SL,332,1.9886,2751.0,54.71,-55.39,2640.11
196,S2,BTCUSDT,-1,2022-04-21 16:00:00+00:00,2022-04-22 16:05:00+00:00,24.08,42129.2,42615.6802788,39155.31753491,4.231938,TP,290,3.3981,2695.5,91.6,387.63,3027.74
197,S2,LINKUSDT,-1,2022-04-21 16:00:00+00:00,2022-04-25 06:50:00+00:00,86.83,14.094,14.25630588,12.77333352,4.236393,TP,1043,3.3981,2695.5,91.6,388.04,4295.15
198,S2,BTCUSDT,-1,2022-04-21 17:00:00+00:00,2022-04-25 00:20:00+00:00,79.33,41805.0,42224.61633031,38817.74128241,4.232157,TP,953,3.3981,2695.5,91.6,387.65,3519.31
199,S2,ETHUSDT,-1,2022-04-21 17:00:00+00:00,2022-04-25 06:10:00+00:00,85.17,3077.86,3111.39509238,2833.33809855,4.233951,TP,1023,3.3981,2695.5,91.6,387.81,3907.12
200,S2,BTCUSDT,-1,2022-04-21 21:00:00+00:00,2022-05-05 15:05:00+00:00,330.08,40594.7,41364.50237388,37324.89881344,4.234171,TP,3962,3.3981,2640.11,89.71,379.86,4272.24
201,S3,BTCUSDT,-1,2022-04-22 15:00:00+00:00,2022-04-25 22:45:00+00:00,79.75,39848.6,40605.31413137,36065.02934314,-1.015798,SL,958,1.0606,2640.11,28.0,-28.44,3872.16
202,S3,ETHUSDT,-1,2022-04-25 01:00:00+00:00,2022-04-25 16:15:00+00:00,15.25,2855.37,2904.41770506,2610.13147471,-1.017465,SL,184,1.0606,3519.31,37.33,-37.98,3900.6
203,S3,BTCUSDT,-1,2022-04-25 07:00:00+00:00,2022-04-25 13:35:00+00:00,6.58,38610.2,39209.84184593,35611.99077034,-1.019317,SL,80,1.0606,4295.15,45.55,-46.43,4076.96
204,S3,ETHUSDT,-1,2022-04-25 07:00:00+00:00,2022-04-25 12:20:00+00:00,5.33,2819.48,2868.79588005,2572.90059974,-1.017152,SL,65,1.0606,4295.15,45.55,-46.34,4123.39
205,S3,SOLUSDT,-1,2022-04-25 07:00:00+00:00,2022-04-25 14:30:00+00:00,7.5,95.68,97.95855752,84.2872124,-1.012597,SL,91,1.0606,4295.15,45.55,-46.13,3938.58
206,S3,LINKUSDT,-1,2022-04-25 07:00:00+00:00,2022-04-25 13:35:00+00:00,6.58,12.735,13.05795564,11.12022178,-1.01183,SL,80,1.0606,4295.15,45.55,-46.09,4030.86
207,S3,DOGEUSDT,-1,2022-04-25 07:00:00+00:00,2022-04-25 11:15:00+00:00,4.25,0.12511,0.12800488,0.1106356,-1.012965,SL,52,1.0606,4295.15,45.55,-46.15,4120.18
208,S3,XRPUSDT,-1,2022-04-25 07:00:00+00:00,2022-04-25 13:35:00+00:00,6.58,0.6542,0.66900089,0.58019555,-1.01326,SL,80,1.0606,4295.15,45.55,-46.16,3984.71
209,S1_BTCUSDT,BTCUSDT,1,2022-04-25 08:00:00+00:00,2022-04-25 11:20:00+00:00,3.33,38437.2,38111.0,42677.8,0.76465,BE,41,1.5086,4295.15,64.8,49.55,4169.73
210,S1_LINKUSDT,LINKUSDT,1,2022-04-25 08:00:00+00:00,2022-04-25 08:00:00+00:00,0.0,12.58,12.527,13.269,-1.071208,SL,1,2.8,4295.15,120.26,-128.83,4166.33
211,S4,LINKUSDT,1,2022-04-25 20:00:00+00:00,2022-04-26 14:00:00+00:00,18.0,13.364,12.9980533,20.49996063,-1.010956,SL,217,1.9886,3900.6,77.57,-78.42,3793.74
212,S2,XRPUSDT,-1,2022-04-26 15:00:00+00:00,2022-04-30 23:05:00+00:00,104.08,0.6574,0.66736562,0.58568179,4.238313,TP,1250,3.3981,3793.74,128.92,546.38,4098.54
213,S3,ETHUSDT,-1,2022-04-26 16:00:00+00:00,2022-04-28 07:45:00+00:00,39.75,2858.25,2920.31450047,2547.92749764,-1.013816,SL,478,1.0606,3793.74,40.24,-40.79,3990.72
214,S1_LINKUSDT,LINKUSDT,1,2022-04-27 00:00:00+00:00,2022-04-27 05:55:00+00:00,5.92,12.359,12.127,15.375,0.784019,BE,72,2.8,3944.91,110.46,86.6,4031.51
215,S1_XRPUSDT,XRPUSDT,1,2022-04-29 12:00:00+00:00,2022-04-29 16:40:00+00:00,4.67,0.6188,0.612,0.7072,-1.0273,SL,57,4.1176,3990.72,164.32,-168.81,3821.91
216,S1_LINKUSDT,LINKUSDT,1,2022-04-30 20:00:00+00:00,2022-04-30 22:00:00+00:00,2.0,11.677,11.498,14.004,-1.01957,SL,25,2.8,3821.91,107.01,-109.11,3712.81
217,S1_XRPUSDT,XRPUSDT,1,2022-04-30 20:00:00+00:00,2022-04-30 23:00:00+00:00,3.0,0.6111,0.6023,0.7255,-1.020833,SL,37,4.1176,3821.91,157.37,-160.65,3552.16
218,S3,SOLUSDT,-1,2022-04-30 23:00:00+00:00,2022-05-01 03:45:00+00:00,4.75,85.32,87.92974291,72.27128544,-1.009808,SL,58,1.0606,3712.81,39.38,-39.76,4058.77
219,S1_LINKUSDT,LINKUSDT,1,2022-05-01 20:00:00+00:00,2022-05-01 20:55:00+00:00,0.92,10.973,10.883,12.143,0.763423,BE,12,2.8,4058.77,113.65,86.76,4145.53
220,S4,BTCUSDT,1,2022-05-01 21:00:00+00:00,2022-05-03 18:25:00+00:00,45.42,38286.0,37677.87731444,50144.39236839,-1.018887,SL,546,1.9886,4145.53,82.44,-84.0,3932.81
221,S4,ETHUSDT,1,2022-05-01 21:00:00+00:00,2022-05-03 20:20:00+00:00,47.33,2811.91,2756.13937228,3899.43724054,-1.015126,SL,569,1.9886,4145.53,82.44,-83.69,3849.13
222,S1_LINKUSDT,LINKUSDT,1,2022-05-02 12:00:00+00:00,2022-05-02 12:10:00+00:00,0.17,10.9,10.87,11.29,-1.109,SL,3,2.8,4145.53,116.07,-128.73,4016.81
223,S1_BTCUSDT,BTCUSDT,-1,2022-05-04 20:00:00+00:00,2022-05-04 23:10:00+00:00,3.17,39855.2,40071.7,37040.7,0.744773,BE,39,1.5086,3849.13,58.07,43.25,3892.37
224,S2,LINKUSDT,-1,2022-05-05 15:00:00+00:00,2022-05-08 17:05:00+00:00,74.08,11.397,11.8364806,9.83976587,4.240669,TP,890,3.3981,3892.37,132.27,560.9,4914.8
225,S3,BTCUSDT,-1,2022-05-05 15:00:00+00:00,2022-05-06 13:35:00+00:00,22.58,38214.5,38811.48210513,35229.58947437,4.980796,TP,272,1.0606,3892.37,41.28,205.62,4391.98
226,S3,ETHUSDT,-1,2022-05-05 18:00:00+00:00,2022-05-09 10:25:00+00:00,88.42,2741.5,2808.46425939,2406.67870306,4.987718,TP,1062,1.0606,4272.24,45.31,226.0,5127.87
227,S3,SOLUSDT,-1,2022-05-05 18:00:00+00:00,2022-05-09 16:40:00+00:00,94.67,83.08,86.31936347,66.88318267,4.992306,TP,1137,1.0606,4272.24,45.31,226.21,5354.08
228,S1_BTCUSDT,BTCUSDT,1,2022-05-05 20:00:00+00:00,2022-05-06 13:35:00+00:00,17.58,36281.3,35388.0,47894.2,-1.012184,SL,212,1.5086,4272.24,64.45,-65.24,4326.74
229,S4,DOGEUSDT,1,2022-05-06 05:00:00+00:00,2022-05-06 07:40:00+00:00,2.67,0.12894,0.12536774,0.19859908,-1.010828,SL,33,1.9886,4272.24,84.96,-85.88,4186.36
230,S1_BTCUSDT,BTCUSDT,1,2022-05-08 00:00:00+00:00,2022-05-08 01:50:00+00:00,1.83,35466.7,34700.0,45433.8,-1.013878,SL,23,1.5086,4326.74,65.27,-66.18,4260.56
231,S1_LINKUSDT,LINKUSDT,1,2022-05-08 04:00:00+00:00,2022-05-08 06:50:00+00:00,2.83,10.037,9.866,12.26,0.782391,BE,35,2.8,4260.56,119.3,93.34,4353.9
232,S1_LINKUSDT,LINKUSDT,1,2022-05-09 04:00:00+00:00,2022-05-09 06:10:00+00:00,2.17,9.797,9.662,11.552,-1.021771,SL,27,2.8,4914.8,137.61,-140.61,4774.19
233,S1_XRPUSDT,XRPUSDT,1,2022-05-09 08:00:00+00:00,2022-05-09 08:00:00+00:00,0.0,0.5518,0.5507,0.5661,0.649509,BE,1,4.1176,4774.19,196.58,127.68,4901.87
234,S3,BTCUSDT,-1,2022-05-09 15:00:00+00:00,2022-05-11 21:25:00+00:00,54.42,32454.6,33374.33342044,27855.93289778,4.989414,TP,654,1.0606,5127.87,54.39,271.36,5117.68
235,S3,BTCUSDT,-1,2022-05-09 17:00:00+00:00,2022-06-12 23:55:00+00:00,822.92,31691.4,32713.63749008,26580.21254961,4.990699,TP,9876,1.0606,5354.08,56.79,283.4,4715.12
236,S3,ETHUSDT,-1,2022-05-09 17:00:00+00:00,2022-05-10 05:45:00+00:00,12.75,2328.01,2417.29852297,1881.56738514,-1.007822,SL,154,1.0606,5354.08,56.79,-57.23,5239.85
237,S3,LINKUSDT,-1,2022-05-10 00:00:00+00:00,2022-05-10 05:00:00+00:00,5.0,8.081,8.71740717,4.89896413,-1.003809,SL,61,1.0606,5354.08,56.79,-57.0,5297.08
238,S1_XRPUSDT,XRPUSDT,1,2022-05-10 16:00:00+00:00,2022-05-11 12:45:00+00:00,20.75,0.517,0.4718,1.1046,-1.003431,SL,250,4.1176,5239.85,215.76,-216.5,4925.78
239,S1_LINKUSDT,LINKUSDT,1,2022-05-10 20:00:00+00:00,2022-05-10 21:50:00+00:00,1.83,8.697,8.261,14.365,-1.005984,SL,23,2.8,5239.85,146.72,-147.59,5092.25
240,S1_ETHUSDT,ETHUSDT,1,2022-05-11 00:00:00+00:00,2022-05-11 09:35:00+00:00,9.58,2340.85,2258.43,3412.31,0.79148,BE,116,1.2411,5092.25,63.2,50.02,5142.28
241,S3,SOLUSDT,-1,2022-05-11 13:00:00+00:00,2022-05-11 13:20:00+00:00,0.33,49.45,57.17561376,10.82193118,-1.00192,SL,5,1.0606,4925.78,52.24,-52.34,4873.44
242,S1_BTCUSDT,BTCUSDT,1,2022-05-11 16:00:00+00:00,2022-05-11 20:15:00+00:00,4.25,30971.4,29000.0,56599.6,-1.004713,SL,52,1.5086,4873.44,73.52,-73.87,4846.33
243,S2,XRPUSDT,-1,2022-05-11 17:00:00+00:00,2022-05-13 05:10:00+00:00,36.17,0.4273,0.45131485,0.22245839,-0.500914,SL,435,3.3981,4873.44,165.6,-82.95,4931.71
244,S1_ETHUSDT,ETHUSDT,1,2022-05-11 20:00:00+00:00,2022-05-11 20:00:00+00:00,0.0,2116.66,2093.07,2423.33,0.773082,BE,1,1.2411,4873.44,60.48,46.76,4920.2
245,S3,DOGEUSDT,-1,2022-05-11 21:00:00+00:00,2022-05-13 03:05:00+00:00,30.08,0.07938,0.09104501,0.02105493,-1.002041,SL,362,1.0606,4846.33,51.4,-51.51,5014.66
246,S3,XRPUSDT,-1,2022-05-11 21:00:00+00:00,2022-05-11 22:15:00+00:00,1.25,0.3713,0.42172319,0.11918403,-1.002209,SL,16,1.0606,4846.33,51.4,-51.51,5066.17
247,S1_LINKUSDT,LINKUSDT,1,2022-05-14 16:00:00+00:00,2022-05-14 16:00:00+00:00,0.0,6.666,6.624,7.212,0.752386,BE,1,2.8,4931.71,138.09,103.9,5035.61
248,S1_SOLUSDT,SOLUSDT,1,2022-05-14 16:00:00+00:00,2022-05-14 16:05:00+00:00,0.08,46.42,46.05,51.23,0.762362,BE,2,2.7132,4931.71,133.81,102.01,5137.62
249,S3,DOGEUSDT,-1,2022-05-19 00:00:00+00:00,2022-05-19 13:10:00+00:00,13.17,0.08333,0.08575264,0.07121678,-1.010319,SL,159,1.0606,5137.62,54.49,-55.05,5082.56
250,S2,LINKUSDT,-1,2022-05-20 16:00:00+00:00,2022-05-21 07:35:00+00:00,15.58,6.853,7.02517787,5.59625409,-0.589215,SL,188,3.3981,5082.56,172.71,-101.76,4980.8
251,S2,ETHUSDT,-1,2022-05-23 20:00:00+00:00,2022-05-26 13:10:00+00:00,65.17,1979.59,2035.04115312,1776.09132336,4.237597,TP,783,3.3981,4980.8,169.25,717.22,5528.81
252,S2,SOLUSDT,-1,2022-05-23 20:00:00+00:00,2022-05-27 02:00:00+00:00,78.0,50.05,52.16543168,41.24220486,4.242755,TP,937,3.3981,4980.8,169.25,718.1,6111.88
253,S2,LINKUSDT,-1,2022-05-23 20:00:00+00:00,2022-05-30 21:20:00+00:00,169.33,7.182,7.47903149,6.10354878,-1.179043,SL,2033,3.3981,4980.8,169.25,-199.56,5350.11
254,S2,DOGEUSDT,-1,2022-05-23 20:00:00+00:00,2022-05-27 15:25:00+00:00,91.42,0.08365,0.08565801,0.074696,-0.96501,SL,1098,3.3981,4980.8,169.25,-163.33,5881.06
255,S2,XRPUSDT,-1,2022-05-23 20:00:00+00:00,2022-05-30 23:10:00+00:00,171.17,0.4081,0.41827892,0.36962808,-1.137992,SL,2055,3.3981,4980.8,169.25,-192.61,5157.5
256,S3,BTCUSDT,-1,2022-05-23 20:00:00+00:00,2022-05-24 23:05:00+00:00,27.08,29062.6,29686.88206603,25941.18966985,-1.013966,SL,326,1.0606,4980.8,52.83,-53.56,4873.67
257,S3,ETHUSDT,-1,2022-05-24 14:00:00+00:00,2022-05-24 15:45:00+00:00,1.75,1930.94,1972.34003116,1723.93984418,-1.013992,SL,22,1.0606,4980.8,52.83,-53.57,4927.24
258,S1_ETHUSDT,ETHUSDT,1,2022-05-26 12:00:00+00:00,2022-05-26 12:40:00+00:00,0.67,1815.68,1795.05,2083.87,-1.026403,SL,9,1.2411,4873.67,60.49,-62.08,4811.59
259,S1_SOLUSDT,SOLUSDT,1,2022-05-26 12:00:00+00:00,2022-05-26 13:10:00+00:00,1.17,43.69,43.07,51.75,-1.02114,SL,15,2.7132,4873.67,132.23,-135.03,5393.78
260,S1_ETHUSDT,ETHUSDT,1,2022-05-27 00:00:00+00:00,2022-05-27 05:35:00+00:00,5.58,1790.99,1725.0,2648.86,-1.008142,SL,68,1.2411,5393.78,66.94,-67.49,6044.39
261,S3,BTCUSDT,-1,2022-05-27 18:00:00+00:00,2022-05-28 13:15:00+00:00,19.25,28382.6,29079.44855662,24898.3572169,-1.012219,SL,232,1.0606,5881.06,62.37,-63.14,5817.93
262,S1_BTCUSDT,BTCUSDT,-1,2022-05-30 04:00:00+00:00,2022-05-30 04:00:00+00:00,0.0,30345.6,30448.0,29014.4,-1.088903,SL,1,1.5086,5817.93,87.77,-95.57,5722.35
263,S1_LINKUSDT,LINKUSDT,-1,2022-05-30 08:00:00+00:00,2022-05-30 08:15:00+00:00,0.25,7.26,7.288,6.896,-1.077786,SL,4,2.8,5722.35,160.23,-172.69,5549.66
264,S1_ETHUSDT,ETHUSDT,-1,2022-05-31 00:00:00+00:00,2022-05-31 00:10:00+00:00,0.17,1997.87,2013.56,1793.9,-1.0382,SL,3,1.2411,5157.5,64.01,-66.45,4699.59
265,S1_LINKUSDT,LINKUSDT,-1,2022-05-31 00:00:00+00:00,2022-05-31 00:05:00+00:00,0.08,7.452,7.516,6.62,-1.034931,SL,2,2.8,5157.5,144.41,-149.45,4766.05
266,S1_XRPUSDT,XRPUSDT,-1,2022-05-31 00:00:00+00:00,2022-05-31 00:00:00+00:00,0.0,0.4186,0.4195,0.4069,-1.139533,SL,1,4.1176,5157.5,212.37,-242.0,4915.5
267,S1_LINKUSDT,LINKUSDT,-1,2022-06-01 00:00:00+00:00,2022-06-01 00:55:00+00:00,0.92,7.588,7.728,5.768,-1.01626,SL,12,2.8,4699.59,131.59,-133.73,4714.99
268,S1_XRPUSDT,XRPUSDT,-1,2022-06-01 00:00:00+00:00,2022-06-01 00:20:00+00:00,0.33,0.4212,0.4255,0.3653,0.770614,BE,5,4.1176,4699.59,193.51,149.12,4848.72
269,S2,LINKUSDT,-1,2022-06-01 16:00:00+00:00,2022-06-04 22:00:00+00:00,78.0,7.196,7.34830964,5.81845398,-0.476565,SL,937,3.3981,4714.99,160.22,-76.36,4603.19
270,S2,DOGEUSDT,-1,2022-06-01 16:00:00+00:00,2022-06-11 11:35:00+00:00,235.58,0.08406,0.08550745,0.0728712,4.240421,TP,2828,3.3981,4714.99,160.22,679.4,4774.08
271,S3,ETHUSDT,-1,2022-06-01 19:00:00+00:00,2022-06-06 03:05:00+00:00,104.08,1818.15,1873.63597573,1540.72012134,-1.00983,SL,1250,1.0606,4714.99,50.01,-50.5,4552.69
272,S1_SOLUSDT,SOLUSDT,1,2022-06-02 00:00:00+00:00,2022-06-02 00:20:00+00:00,0.33,40.09,39.49,47.89,-1.020045,SL,5,2.7132,4714.99,127.93,-130.49,4584.5
273,S1_SOLUSDT,SOLUSDT,1,2022-06-03 12:00:00+00:00,2022-06-03 12:30:00+00:00,0.5,38.23,37.91,42.39,0.764159,BE,7,2.7132,4584.5,124.39,95.05,4679.55
274,S1_BTCUSDT,BTCUSDT,-1,2022-06-06 04:00:00+00:00,2022-06-06 04:00:00+00:00,0.0,31235.0,31292.0,30494.0,-1.164395,SL,1,1.5086,4552.69,68.68,-79.97,4472.72
275,S1_ETHUSDT,ETHUSDT,-1,2022-06-06 12:00:00+00:00,2022-06-06 12:35:00+00:00,0.58,1908.79,1914.96,1828.58,-1.09281,SL,8,1.2411,4472.72,55.51,-60.66,4412.06
276,S3,BTCUSDT,-1,2022-06-07 01:00:00+00:00,2022-06-07 19:40:00+00:00,18.67,30192.8,30819.19527453,27060.82362735,-1.01446,SL,225,1.0606,4412.06,46.79,-47.47,4269.93
277,S3,ETHUSDT,-1,2022-06-07 01:00:00+00:00,2022-06-07 18:30:00+00:00,17.5,1757.85,1809.03033944,1501.94830278,-1.010304,SL,211,1.0606,4412.06,46.79,-47.28,4364.78
278,S3,DOGEUSDT,-1,2022-06-07 01:00:00+00:00,2022-06-07 19:35:00+00:00,18.58,0.07928,0.08118959,0.06973203,-1.012455,SL,224,1.0606,4412.06,46.79,-47.38,4317.4
279,S1_LINKUSDT,LINKUSDT,-1,2022-06-07 20:00:00+00:00,2022-06-07 20:05:00+00:00,0.08,8.4,8.509,6.983,-1.023119,SL,2,2.8,4269.93,119.56,-122.32,4147.61
280,S1_ETHUSDT,ETHUSDT,1,2022-06-10 20:00:00+00:00,2022-06-11 08:35:00+00:00,12.58,1667.65,1650.0,1897.1,-1.028345,SL,152,1.2411,4147.61,51.48,-52.94,4094.68
281,S3,ETHUSDT,-1,2022-06-11 09:00:00+00:00,2022-06-13 01:25:00+00:00,40.42,1575.92,1621.52657044,1347.88714778,4.989634,TP,486,1.0606,4094.68,43.43,216.69,5447.45
282,S2,XRPUSDT,-1,2022-06-11 13:00:00+00:00,2022-06-13 01:15:00+00:00,36.25,0.3707,0.37822813,0.33510585,4.236721,TP,436,3.3981,4774.08,162.23,687.31,5230.76
283,S3,ETHUSDT,-1,2022-06-11 13:00:00+00:00,2022-06-13 07:40:00+00:00,42.67,1552.44,1607.60472091,1276.61639545,4.991557,TP,513,1.0606,4774.08,50.63,252.74,6144.62
284,S3,SOLUSDT,-1,2022-06-11 13:00:00+00:00,2022-06-13 07:40:00+00:00,42.67,34.81,36.29298032,27.39509839,4.992958,TP,513,1.0606,4774.08,50.63,252.81,6397.43
285,S3,DOGEUSDT,-1,2022-06-11 13:00:00+00:00,2022-06-13 02:55:00+00:00,37.92,0.07033,0.07246709,0.05964454,4.990127,TP,456,1.0606,4774.08,50.63,252.67,5700.12
286,S3,SOLUSDT,-1,2022-06-11 15:00:00+00:00,2022-06-14 02:00:00+00:00,59.0,33.96,35.55563099,25.98184504,4.993615,TP,709,1.0606,4774.08,50.63,252.85,7442.76
287,S3,DOGEUSDT,-1,2022-06-11 15:00:00+00:00,2022-06-13 07:35:00+00:00,40.58,0.06939,0.07184933,0.05709335,4.991535,TP,488,1.0606,4774.08,50.63,252.74,5891.87
288,S1_SOLUSDT,SOLUSDT,1,2022-06-11 16:00:00+00:00,2022-06-11 18:35:00+00:00,2.58,33.74,33.13,41.67,0.783407,BE,32,2.7132,4774.08,129.53,101.47,5027.07
289,S1_XRPUSDT,XRPUSDT,1,2022-06-11 16:00:00+00:00,2022-06-11 16:45:00+00:00,0.75,0.3601,0.3564,0.4082,0.770803,BE,10,4.1176,4774.08,196.58,151.52,4925.6
290,S1_XRPUSDT,XRPUSDT,1,2022-06-12 00:00:00+00:00,2022-06-12 01:15:00+00:00,1.25,0.3596,0.3551,0.4181,-1.023973,SL,16,4.1176,5027.07,206.99,-211.96,4815.12
291,S3,DOGEUSDT,-1,2022-06-12 02:00:00+00:00,2022-06-13 08:45:00+00:00,30.75,0.06774,0.07031493,0.05486537,4.992108,TP,370,1.0606,4815.12,51.07,254.94,6652.37
292,S3,BTCUSDT,-1,2022-06-12 03:00:00+00:00,2022-06-12 15:15:00+00:00,12.25,27409.5,28080.18823076,24056.0588462,-1.01226,SL,148,1.0606,4815.12,51.07,-51.7,4500.61
293,S3,ETHUSDT,-1,2022-06-12 03:00:00+00:00,2022-06-12 14:50:00+00:00,11.83,1452.01,1515.89102347,1132.60488267,-1.006819,SL,143,1.0606,4815.12,51.07,-51.42,4552.31
294,S1_BTCUSDT,BTCUSDT,1,2022-06-12 04:00:00+00:00,2022-06-12 05:25:00+00:00,1.42,27538.2,27244.9,31351.1,-1.028167,SL,18,1.5086,4815.12,72.64,-74.69,4603.72
295,S1_LINKUSDT,LINKUSDT,1,2022-06-12 04:00:00+00:00,2022-06-12 05:00:00+00:00,1.0,6.606,6.464,8.452,-1.013956,SL,13,2.8,4815.12,134.82,-136.7,4678.41
296,S1_BTCUSDT,BTCUSDT,1,2022-06-12 20:00:00+00:00,2022-06-12 23:40:00+00:00,3.67,27410.0,26850.0,34690.0,-1.014684,SL,45,1.5086,4500.61,67.9,-68.89,4431.72
297,S1_LINKUSDT,LINKUSDT,1,2022-06-13 00:00:00+00:00,2022-06-13 00:00:00+00:00,0.0,6.261,6.25,6.404,-1.170755,SL,1,2.8,4715.12,132.02,-154.57,4560.55
298,S1_SOLUSDT,SOLUSDT,1,2022-06-13 00:00:00+00:00,2022-06-13 00:00:00+00:00,0.0,30.56,30.53,30.95,-1.3056,SL,1,2.7132,4715.12,127.93,-167.03,4393.52
299,S1_XRPUSDT,XRPUSDT,1,2022-06-13 00:00:00+00:00,2022-06-13 00:15:00+00:00,0.25,0.343,0.3393,0.3911,0.772189,BE,4,4.1176,4715.12,194.15,149.92,4543.44
300,S2,BTCUSDT,-1,2022-06-13 00:00:00+00:00,2022-06-13 13:20:00+00:00,13.33,26564.7,27224.51544977,23390.49117989,4.23933,TP,161,3.3981,4715.12,160.22,679.24,7331.62
301,S2,XRPUSDT,-1,2022-06-13 00:00:00+00:00,2022-06-18 20:10:00+00:00,140.17,0.343,0.35196713,0.28819599,4.24202,TP,1683,3.3981,4715.12,160.22,679.68,7874.39
302,S2,SOLUSDT,-1,2022-06-13 01:00:00+00:00,2022-06-14 05:20:00+00:00,28.33,29.56,31.24083488,21.01269,-0.840175,SL,341,3.3981,4543.44,154.39,-129.72,7313.04
303,S3,BTCUSDT,-1,2022-06-13 03:00:00+00:00,2022-06-13 04:20:00+00:00,1.33,25331.7,26198.5853651,20997.2731745,-1.008766,SL,17,1.0606,5700.12,60.46,-60.99,5639.13
304,S3,SOLUSDT,-1,2022-06-13 03:00:00+00:00,2022-06-14 05:20:00+00:00,26.33,28.41,30.46255749,18.14721254,-1.004152,SL,317,1.0606,5700.12,60.46,-60.71,7252.34
305,S3,BTCUSDT,-1,2022-06-13 09:00:00+00:00,2022-06-18 17:40:00+00:00,128.67,24172.9,25281.13211221,18631.73943896,4.993456,TP,1545,1.0606,6652.37,70.56,352.31,7194.71
306,S3,ETHUSDT,-1,2022-06-13 09:00:00+00:00,2022-07-16 16:05:00+00:00,799.08,1205.94,1297.40990999,748.59045004,-1.003955,SL,9590,1.0606,6652.37,70.56,-70.83,8191.68
307,S3,SOLUSDT,-1,2022-06-13 09:00:00+00:00,2022-06-13 16:10:00+00:00,7.17,26.22,28.50760783,14.78196087,-1.003439,SL,87,1.0606,6652.37,70.56,-70.8,7260.82
308,S3,DOGEUSDT,-1,2022-06-13 09:00:00+00:00,2022-06-14 05:25:00+00:00,20.42,0.05343,0.05796643,0.03074784,-1.003533,SL,246,1.0606,6652.37,70.56,-70.8,7181.53
309,S3,XRPUSDT,-1,2022-06-13 09:00:00+00:00,2022-06-13 20:05:00+00:00,11.08,0.3059,0.32434568,0.21367158,-1.004975,SL,134,1.0606,6652.37,70.56,-70.91,7189.91
310,S1_XRPUSDT,XRPUSDT,1,2022-06-15 04:00:00+00:00,2022-06-15 04:10:00+00:00,0.17,0.3132,0.3085,0.3743,-1.019991,SL,3,4.1176,7181.53,295.71,-301.62,6879.91
311,S1_BTCUSDT,BTCUSDT,1,2022-06-16 08:00:00+00:00,2022-06-18 06:50:00+00:00,46.83,21748.9,20179.9,42145.9,-1.004158,SL,563,1.5086,6879.91,103.79,-104.22,6842.4
312,S1_ETHUSDT,ETHUSDT,1,2022-06-16 12:00:00+00:00,2022-06-16 12:20:00+00:00,0.33,1110.19,1092.41,1341.33,0.781268,BE,5,1.2411,6879.91,85.39,66.71,6946.62
313,S1_SOLUSDT,SOLUSDT,-1,2022-06-21 16:00:00+00:00,2022-06-22 14:25:00+00:00,22.42,37.91,39.25,20.49,0.791513,BE,270,2.7132,7874.39,213.65,169.11,8043.49
314,S1_XRPUSDT,XRPUSDT,-1,2022-06-24 04:00:00+00:00,2022-06-24 08:15:00+00:00,4.25,0.3674,0.3772,0.24,-1.011247,SL,52,4.1176,8043.49,331.2,-334.92,7708.57
315,S1_SOLUSDT,SOLUSDT,-1,2022-06-24 12:00:00+00:00,2022-06-24 12:05:00+00:00,0.08,40.28,40.47,37.81,0.7364,BE,2,2.7132,7708.57,209.15,154.02,7862.59
316,S1_ETHUSDT,ETHUSDT,-1,2022-06-24 20:00:00+00:00,2022-06-24 20:00:00+00:00,0.0,1227.16,1229.99,1190.37,-1.130088,SL,1,1.2411,7862.59,97.58,-110.28,7752.31
317,S1_SOLUSDT,SOLUSDT,-1,2022-06-26 00:00:00+00:00,2022-06-26 00:30:00+00:00,0.5,42.2,42.61,36.87,0.769122,BE,7,2.7132,7752.31,210.34,161.77,7914.09
318,S1_XRPUSDT,XRPUSDT,-1,2022-06-26 00:00:00+00:00,2022-06-26 01:35:00+00:00,1.58,0.3674,0.3722,0.305,0.777037,BE,20,4.1176,7752.31,319.21,248.04,8162.12
319,S1_ETHUSDT,ETHUSDT,-1,2022-06-26 12:00:00+00:00,2022-06-26 12:05:00+00:00,0.08,1269.11,1278.0,1153.54,-1.042827,SL,2,1.2411,8162.12,101.3,-105.64,8056.48
320,S3,DOGEUSDT,-1,2022-06-26 13:00:00+00:00,2022-06-26 14:00:00+00:00,1.0,0.07182,0.07453809,0.05822957,-1.007927,SL,13,1.0606,8056.48,85.45,-86.12,7970.36
321,S4,LINKUSDT,1,2022-06-26 21:00:00+00:00,2022-06-26 22:25:00+00:00,1.42,7.177,6.90611597,12.45923861,-1.007948,SL,18,1.9886,7970.36,158.5,-159.76,7810.6
322,S2,LINKUSDT,-1,2022-06-27 00:00:00+00:00,2022-06-27 03:10:00+00:00,3.17,6.693,6.91338368,5.4245915,-0.745158,SL,39,3.3981,7810.6,265.41,-197.77,7612.83
323,S2,DOGEUSDT,-1,2022-06-27 14:00:00+00:00,2022-07-20 07:45:00+00:00,545.75,0.07308,0.07617804,0.05732464,-0.841608,SL,6550,3.3981,7612.83,258.69,-217.72,5741.12
324,S2,BTCUSDT,-1,2022-06-28 16:00:00+00:00,2022-06-30 13:40:00+00:00,45.67,20595.7,20871.01608417,18866.45523016,4.234814,TP,549,3.3981,7612.83,258.69,1095.51,9557.18
325,S2,ETHUSDT,-1,2022-06-28 16:00:00+00:00,2022-06-30 09:05:00+00:00,41.08,1183.26,1206.20648433,1028.75922123,4.240235,TP,494,3.3981,7612.83,258.69,1096.91,8199.42
326,S2,SOLUSDT,-1,2022-06-28 16:00:00+00:00,2022-07-07 14:50:00+00:00,214.83,37.04,38.47791349,29.79156863,-0.849613,SL,2579,3.3981,7612.83,258.69,-219.79,7850.67
327,S2,LINKUSDT,-1,2022-06-28 16:00:00+00:00,2022-07-08 01:25:00+00:00,225.42,6.534,6.77303359,5.00209633,-0.668595,SL,2706,3.3981,7612.83,258.69,-172.96,7480.5
328,S3,BTCUSDT,-1,2022-06-29 07:00:00+00:00,2022-06-29 20:05:00+00:00,13.08,19938.0,20334.98600641,17953.06996797,-1.015067,SL,158,1.0606,7612.83,80.74,-81.96,7530.87
329,S2,DOGEUSDT,-1,2022-06-30 07:00:00+00:00,2022-07-01 00:25:00+00:00,17.42,0.06507,0.06712554,0.05228956,-0.690039,SL,210,3.3981,7530.87,255.91,-176.59,9197.62
330,S3,BTCUSDT,-1,2022-06-30 07:00:00+00:00,2022-06-30 23:50:00+00:00,16.83,19406.1,19808.78332849,17392.68335756,-1.014458,SL,203,1.0606,7530.87,79.87,-81.03,9374.2
331,S3,ETHUSDT,-1,2022-06-30 07:00:00+00:00,2022-07-01 00:25:00+00:00,17.42,1059.45,1094.17377573,885.83112134,-1.009153,SL,210,1.0606,7530.87,79.87,-80.6,9117.01
332,S1_BTCUSDT,BTCUSDT,1,2022-06-30 08:00:00+00:00,2022-06-30 08:20:00+00:00,0.33,19423.1,19300.0,21023.4,-1.047335,SL,5,1.5086,7530.87,113.61,-118.99,7312.27
333,S1_ETHUSDT,ETHUSDT,1,2022-06-30 08:00:00+00:00,2022-06-30 08:00:00+00:00,0.0,1056.82,1052.0,1119.48,-1.065777,SL,1,1.2411,7530.87,93.47,-99.61,7431.26
334,S1_SOLUSDT,SOLUSDT,1,2022-06-30 08:00:00+00:00,2022-06-30 08:20:00+00:00,0.33,31.88,31.52,36.56,-1.026567,SL,5,2.7132,7530.87,204.33,-209.76,7102.51
335,S1_XRPUSDT,XRPUSDT,1,2022-06-30 12:00:00+00:00,2022-06-30 12:30:00+00:00,0.5,0.3099,0.3059,0.3619,0.776757,BE,7,4.1176,8199.42,337.62,262.25,8461.67
336,S3,SOLUSDT,-1,2022-06-30 14:00:00+00:00,2022-06-30 16:30:00+00:00,2.5,31.0,32.59831806,23.0084097,-1.005819,SL,31,1.0606,9557.18,101.36,-101.95,9455.23
337,S2,BTCUSDT,-1,2022-07-01 05:00:00+00:00,2022-07-04 11:55:00+00:00,78.92,19399.8,19805.57906063,16165.31989742,-0.540827,SL,948,3.3981,9117.01,309.81,-167.55,8729.11
338,S2,SOLUSDT,-1,2022-07-01 05:00:00+00:00,2022-07-01 20:20:00+00:00,15.33,32.55,33.89260595,24.46899604,-0.711245,SL,185,3.3981,9117.01,309.81,-220.35,8896.67
339,S1_SOLUSDT,SOLUSDT,-1,2022-07-05 00:00:00+00:00,2022-07-05 00:00:00+00:00,0.0,36.71,36.95,33.59,0.754112,BE,1,2.7132,8729.11,236.84,178.6,8907.72
340,S1_ETHUSDT,ETHUSDT,-1,2022-07-05 04:00:00+00:00,2022-07-05 05:20:00+00:00,1.33,1152.79,1164.54,1000.04,-1.029433,SL,17,1.2411,8907.72,110.55,-113.81,8793.91
341,S2,DOGEUSDT,-1,2022-07-05 09:00:00+00:00,2022-07-05 20:10:00+00:00,11.17,0.06749,0.06894993,0.06012708,-0.854386,SL,135,3.3981,8793.91,298.83,-255.31,7992.95
342,S2,ETHUSDT,-1,2022-07-05 13:00:00+00:00,2022-07-05 18:35:00+00:00,5.58,1093.23,1115.35360677,945.12561633,-0.64427,SL,68,3.3981,8793.91,298.83,-192.52,8410.91
343,S2,SOLUSDT,-1,2022-07-05 13:00:00+00:00,2022-07-05 17:50:00+00:00,4.83,33.32,34.19401289,27.42593619,-0.637427,SL,59,3.3981,8793.91,298.83,-190.48,8603.43
344,S2,LINKUSDT,-1,2022-07-05 13:00:00+00:00,2022-07-05 18:35:00+00:00,5.58,6.093,6.19651643,5.27040251,-0.544268,SL,68,3.3981,8793.91,298.83,-162.64,8248.26
345,S1_ETHUSDT,ETHUSDT,-1,2022-07-07 00:00:00+00:00,2022-07-07 02:45:00+00:00,2.75,1186.36,1205.45,938.19,0.781356,BE,34,1.2411,7992.95,99.2,77.51,8070.46
346,S1_BTCUSDT,BTCUSDT,-1,2022-07-07 16:00:00+00:00,2022-07-07 16:40:00+00:00,0.67,20882.0,21050.0,18698.0,-1.037289,SL,9,1.5086,7850.67,118.44,-122.85,7507.63
347,S1_SOLUSDT,SOLUSDT,-1,2022-07-07 16:00:00+00:00,2022-07-07 16:30:00+00:00,0.5,38.26,38.6,33.84,-1.033759,SL,7,2.7132,7850.67,213.0,-220.2,7630.48
348,S1_LINKUSDT,LINKUSDT,-1,2022-07-07 20:00:00+00:00,2022-07-07 20:00:00+00:00,0.0,6.731,6.75,6.484,0.693721,BE,1,2.8,7507.63,210.21,145.83,7653.46
349,S1_LINKUSDT,LINKUSDT,-1,2022-07-08 04:00:00+00:00,2022-07-08 06:25:00+00:00,2.42,6.716,6.838,5.13,0.783485,BE,30,2.8,7480.5,209.45,164.1,7644.6
350,S3,XRPUSDT,-1,2022-07-08 09:00:00+00:00,2022-07-13 12:40:00+00:00,123.67,0.3491,0.35878419,0.30067907,4.989185,TP,1485,1.0606,7644.6,81.08,404.52,8518.0
351,S1_SOLUSDT,SOLUSDT,-1,2022-07-08 16:00:00+00:00,2022-07-10 02:25:00+00:00,34.42,38.55,39.7,23.6,0.789943,BE,414,2.7132,7644.6,207.41,163.84,7808.45
352,S3,DOGEUSDT,-1,2022-07-08 22:00:00+00:00,2022-07-13 12:35:00+00:00,110.58,0.06871,0.07069307,0.05879466,4.989606,TP,1328,1.0606,7644.6,81.08,404.55,8113.48
353,S2,SOLUSDT,-1,2022-07-11 23:00:00+00:00,2022-07-13 23:15:00+00:00,48.25,33.51,34.72190777,28.86855964,-1.118906,SL,580,3.3981,7808.45,265.34,-296.89,8221.11
354,S2,XRPUSDT,-1,2022-07-11 23:00:00+00:00,2022-07-13 07:40:00+00:00,32.67,0.3133,0.31872645,0.27780108,-0.660918,SL,393,3.3981,7808.45,265.34,-175.37,7708.93
355,S3,DOGEUSDT,-1,2022-07-11 23:00:00+00:00,2022-07-12 05:50:00+00:00,6.83,0.06149,0.06308322,0.0535239,-1.011578,SL,83,1.0606,7808.45,82.82,-83.78,7795.43
356,S1_ETHUSDT,ETHUSDT,1,2022-07-12 04:00:00+00:00,2022-07-12 04:30:00+00:00,0.5,1085.66,1081.0,1146.24,0.730108,BE,7,1.2411,7808.45,96.91,70.76,7879.2
357,S1_BTCUSDT,BTCUSDT,1,2022-07-12 20:00:00+00:00,2022-07-12 20:30:00+00:00,0.5,19383.7,19252.5,21089.3,0.755678,BE,7,1.5086,7795.43,117.6,88.87,7884.3
358,S4,XRPUSDT,1,2022-07-13 14:00:00+00:00,2022-09-07 02:20:00+00:00,1332.33,0.3072,0.29826797,0.48137465,0.989682,BE,15989,1.9886,8518.0,169.39,167.64,2777.38
359,S4,SOLUSDT,1,2022-07-13 17:00:00+00:00,2022-07-26 18:40:00+00:00,313.67,33.47,32.16344767,58.9477704,0.992315,BE,3765,1.9886,8518.0,169.39,168.09,5718.88
360,S1_ETHUSDT,ETHUSDT,-1,2022-07-15 04:00:00+00:00,2022-07-15 09:15:00+00:00,5.25,1199.25,1224.45,871.65,-1.014277,SL,64,1.2411,8221.11,102.03,-103.49,8380.48
361,S1_XRPUSDT,XRPUSDT,-1,2022-07-15 04:00:00+00:00,2022-07-15 05:50:00+00:00,1.83,0.3445,0.3489,0.2873,0.776511,BE,23,4.1176,8221.11,338.51,262.86,8483.96
362,S1_ETHUSDT,ETHUSDT,-1,2022-07-16 16:00:00+00:00,2022-07-16 16:00:00+00:00,0.0,1274.15,1277.0,1237.1,-1.134121,SL,1,1.2411,8380.48,104.01,-117.96,8262.52
363,S1_SOLUSDT,SOLUSDT,-1,2022-07-16 20:00:00+00:00,2022-07-17 00:35:00+00:00,4.58,39.41,40.41,26.41,-1.011823,SL,56,2.7132,8191.68,222.26,-224.88,7966.8
364,S1_XRPUSDT,XRPUSDT,-1,2022-07-16 20:00:00+00:00,2022-07-17 04:15:00+00:00,8.25,0.351,0.356,0.286,-1.02106,SL,100,4.1176,8191.68,337.3,-344.4,7622.39
365,S1_BTCUSDT,BTCUSDT,-1,2022-07-17 04:00:00+00:00,2022-07-17 06:55:00+00:00,2.92,21314.1,21580.0,17857.4,-1.024047,SL,36,1.5086,7966.8,120.19,-123.08,7499.32
366,S1_SOLUSDT,SOLUSDT,-1,2022-07-18 04:00:00+00:00,2022-07-18 04:40:00+00:00,0.67,40.54,40.88,36.12,-1.035771,SL,9,2.7132,7499.32,203.47,-210.75,7288.57
367,S1_XRPUSDT,XRPUSDT,-1,2022-07-18 04:00:00+00:00,2022-07-18 05:05:00+00:00,1.08,0.3557,0.3595,0.3063,-1.028082,SL,14,4.1176,7499.32,308.79,-317.46,6971.1
368,S1_BTCUSDT,BTCUSDT,-1,2022-07-18 08:00:00+00:00,2022-07-18 08:05:00+00:00,0.08,22243.3,22401.4,20188.0,-1.042207,SL,2,1.5086,6971.1,105.17,-109.6,6861.5
369,S3,BTCUSDT,-1,2022-07-18 17:00:00+00:00,2022-07-19 00:10:00+00:00,7.17,22194.8,22847.96629557,18928.96852216,-1.010194,SL,87,1.0606,6861.5,72.77,-73.51,6597.55
370,S1_BTCUSDT,BTCUSDT,-1,2022-07-19 00:00:00+00:00,2022-07-19 00:10:00+00:00,0.17,22423.5,22800.0,17529.0,-1.017867,SL,3,1.5086,6861.5,103.51,-105.36,6492.19
371,S1_LINKUSDT,LINKUSDT,-1,2022-07-19 00:00:00+00:00,2022-07-19 00:10:00+00:00,0.17,7.034,7.146,5.578,-1.018841,SL,3,2.8,6861.5,192.12,-195.74,6296.45
372,S1_SOLUSDT,SOLUSDT,-1,2022-07-19 00:00:00+00:00,2022-07-19 00:05:00+00:00,0.08,43.53,44.1,36.12,-1.022911,SL,2,2.7132,6861.5,186.17,-190.43,6671.07
373,S1_XRPUSDT,XRPUSDT,-1,2022-07-19 00:00:00+00:00,2022-07-19 01:50:00+00:00,1.83,0.3648,0.3699,0.2985,0.778541,BE,23,4.1176,6861.5,282.53,219.96,6516.41
374,S1_BTCUSDT,BTCUSDT,-1,2022-07-19 16:00:00+00:00,2022-07-19 16:00:00+00:00,0.0,23117.1,23200.0,22039.4,-1.083657,SL,1,1.5086,6516.41,98.31,-106.53,6409.88
375,S1_LINKUSDT,LINKUSDT,-1,2022-07-19 16:00:00+00:00,2022-07-19 16:05:00+00:00,0.08,7.15,7.23,6.11,-1.026812,SL,2,2.8,6516.41,182.46,-187.35,6222.53
376,S1_XRPUSDT,XRPUSDT,-1,2022-07-19 20:00:00+00:00,2022-07-19 21:10:00+00:00,1.17,0.3694,0.3732,0.32,-1.029163,SL,15,4.1176,6222.53,256.22,-263.69,5958.84
377,S4,XRPUSDT,1,2022-07-20 19:00:00+00:00,2022-07-20 20:20:00+00:00,1.33,0.3689,0.35737792,0.5935806,-1.009605,SL,17,1.9886,5741.12,114.17,-115.26,5625.85
378,S1_ETHUSDT,ETHUSDT,-1,2022-07-21 20:00:00+00:00,2022-07-21 20:00:00+00:00,0.0,1578.81,1581.5,1543.84,-1.176075,SL,1,1.2411,5625.85,69.82,-82.12,5543.74
379,S1_BTCUSDT,BTCUSDT,-1,2022-07-22 12:00:00+00:00,2022-07-22 12:05:00+00:00,0.08,23600.7,23623.6,23303.0,-1.309179,SL,2,1.5086,5543.74,83.63,-109.49,5434.25
380,S1_ETHUSDT,ETHUSDT,-1,2022-07-24 12:00:00+00:00,2022-07-24 12:40:00+00:00,0.67,1615.58,1631.72,1405.76,0.769971,BE,9,1.2411,5434.25,67.44,51.93,5486.18
381,S2,ETHUSDT,-1,2022-07-25 03:00:00+00:00,2022-07-25 11:05:00+00:00,8.08,1519.33,1548.95779064,1261.62186352,-0.496124,SL,98,3.3981,5486.18,186.43,-92.49,5393.69
382,S2,BTCUSDT,-1,2022-07-26 00:00:00+00:00,2022-07-27 18:00:00+00:00,42.0,21300.0,21788.39827735,19090.09761688,-0.951558,SL,505,3.3981,5393.69,183.28,-174.4,5176.03
383,S2,ETHUSDT,-1,2022-07-26 00:00:00+00:00,2022-07-27 13:45:00+00:00,37.75,1440.4,1491.15667325,1181.05518252,-0.838854,SL,454,3.3981,5393.69,183.28,-153.75,5408.31
384,S2,SOLUSDT,-1,2022-07-26 00:00:00+00:00,2022-07-27 18:00:00+00:00,42.0,36.63,38.00364745,30.18997771,-0.913771,SL,505,3.3981,5393.69,183.28,-167.48,5008.55
385,S2,XRPUSDT,-1,2022-07-26 00:00:00+00:00,2022-07-27 18:00:00+00:00,42.0,0.3358,0.3446161,0.30088742,-1.085471,SL,505,3.3981,5393.69,183.28,-198.95,4809.6
386,S3,LINKUSDT,-1,2022-07-26 00:00:00+00:00,2022-07-27 18:00:00+00:00,42.0,6.425,6.64388447,5.33057765,-1.008806,SL,505,1.0606,5393.69,57.21,-57.71,4751.89
387,S2,SOLUSDT,-1,2022-07-26 01:00:00+00:00,2022-07-27 05:40:00+00:00,28.67,36.12,36.93431549,29.64212216,-0.541365,SL,345,3.3981,5393.69,183.28,-99.22,5619.65
388,S3,BTCUSDT,-1,2022-07-26 01:00:00+00:00,2022-07-27 15:55:00+00:00,38.92,20985.7,21522.85010051,18299.94949743,-1.011721,SL,468,1.0606,5393.69,57.21,-57.88,5350.43
389,S3,ETHUSDT,-1,2022-07-26 01:00:00+00:00,2022-07-27 12:40:00+00:00,35.67,1414.87,1476.88357357,1104.80213217,-1.006845,SL,429,1.0606,5393.69,57.21,-57.6,5562.06
390,S3,LINKUSDT,-1,2022-07-26 01:00:00+00:00,2022-07-27 18:00:00+00:00,41.0,6.342,6.56153558,5.2443221,-1.008666,SL,493,1.0606,5393.69,57.21,-57.7,4694.19
391,S1_XRPUSDT,XRPUSDT,1,2022-07-26 08:00:00+00:00,2022-07-26 08:00:00+00:00,0.0,0.3289,0.3279,0.3419,-1.09867,SL,1,4.1176,5393.69,222.09,-244.0,5149.68
392,S1_BTCUSDT,BTCUSDT,1,2022-07-26 16:00:00+00:00,2022-07-26 16:05:00+00:00,0.08,20737.6,20689.6,21361.6,0.67039,BE,2,1.5086,5149.68,77.69,52.08,5301.32
393,S1_LINKUSDT,LINKUSDT,1,2022-07-26 16:00:00+00:00,2022-07-26 16:05:00+00:00,0.08,6.147,6.129,6.381,0.69755,BE,2,2.8,5149.68,144.19,100.58,5401.9
394,S1_SOLUSDT,SOLUSDT,1,2022-07-26 16:00:00+00:00,2022-07-26 16:00:00+00:00,0.0,34.99,34.87,36.55,0.712525,BE,1,2.7132,5149.68,139.72,99.55,5249.24
395,S1_XRPUSDT,XRPUSDT,1,2022-07-26 16:00:00+00:00,2022-07-26 16:05:00+00:00,0.08,0.3261,0.3251,0.3391,0.70217,BE,2,4.1176,5149.68,212.04,148.89,5550.79
396,S1_ETHUSDT,ETHUSDT,-1,2022-07-28 00:00:00+00:00,2022-07-28 00:05:00+00:00,0.08,1635.46,1644.66,1515.86,0.74667,BE,2,1.2411,4694.19,58.26,43.5,4737.69
397,S1_BTCUSDT,BTCUSDT,-1,2022-07-28 04:00:00+00:00,2022-07-28 12:30:00+00:00,8.5,23126.8,23480.0,18535.2,0.780357,BE,103,1.5086,4737.69,71.47,55.77,4793.47
398,S1_ETHUSDT,ETHUSDT,-1,2022-07-28 12:00:00+00:00,2022-07-28 12:30:00+00:00,0.5,1641.01,1681.46,1115.16,0.787829,BE,7,1.2411,4737.69,58.8,46.32,4839.79
399,S1_LINKUSDT,LINKUSDT,-1,2022-07-28 20:00:00+00:00,2022-07-28 20:30:00+00:00,0.5,7.133,7.224,5.95,-1.023515,SL,7,2.8,4839.79,135.51,-138.7,4489.44
400,S1_XRPUSDT,XRPUSDT,-1,2022-07-28 20:00:00+00:00,2022-07-28 20:00:00+00:00,0.0,0.3725,0.3743,0.3491,-1.062083,SL,1,4.1176,4839.79,199.28,-211.66,4628.14
401,S1_SOLUSDT,SOLUSDT,-1,2022-07-29 00:00:00+00:00,2022-07-29 06:35:00+00:00,6.58,42.91,44.16,26.66,-1.010298,SL,80,2.7132,4489.44,121.81,-123.06,4366.37
402,S1_SOLUSDT,SOLUSDT,-1,2022-07-30 16:00:00+00:00,2022-07-30 16:00:00+00:00,0.0,46.27,46.29,46.01,-1.69405,SL,1,2.7132,4366.37,118.47,-200.69,4165.68
403,S1_XRPUSDT,XRPUSDT,-1,2022-07-30 16:00:00+00:00,2022-07-30 16:25:00+00:00,0.42,0.4016,0.4055,0.3509,-1.030892,SL,6,4.1176,4366.37,179.79,-185.34,3980.34
404,S3,XRPUSDT,-1,2022-07-30 20:00:00+00:00,2022-08-19 06:35:00+00:00,466.58,0.3929,0.40643266,0.3252367,4.99129,TP,5600,1.0606,3980.34,42.22,210.71,2872.56
405,S1_LINKUSDT,LINKUSDT,-1,2022-07-31 12:00:00+00:00,2022-08-01 11:40:00+00:00,23.67,7.813,8.087,4.251,0.791446,BE,285,2.8,3980.34,111.45,88.21,4068.54
406,S3,BTCUSDT,-1,2022-08-04 17:00:00+00:00,2022-08-05 02:30:00+00:00,9.5,22578.6,23020.20100229,20370.59498856,-1.015339,SL,115,1.0606,4068.54,43.15,-43.81,4024.73
407,S3,ETHUSDT,-1,2022-08-05 13:00:00+00:00,2022-08-05 23:10:00+00:00,10.17,1680.57,1727.10504937,1447.89475313,-1.010834,SL,123,1.0606,4024.73,42.69,-43.15,3981.58
408,S1_LINKUSDT,LINKUSDT,-1,2022-08-07 20:00:00+00:00,2022-08-07 20:00:00+00:00,0.0,8.221,8.226,8.156,-1.49326,SL,1,2.8,3981.58,111.48,-166.48,3815.11
409,S1_BTCUSDT,BTCUSDT,-1,2022-08-08 08:00:00+00:00,2022-08-08 08:05:00+00:00,0.08,23796.8,23848.0,23131.2,-1.139434,SL,2,1.5086,3815.11,57.55,-65.58,3749.53
410,S1_SOLUSDT,SOLUSDT,-1,2022-08-08 08:00:00+00:00,2022-08-08 08:05:00+00:00,0.08,42.67,42.8,40.98,-1.098469,SL,2,2.7132,3815.11,103.51,-113.7,3635.82
411,S1_ETHUSDT,ETHUSDT,-1,2022-08-08 12:00:00+00:00,2022-08-08 12:05:00+00:00,0.08,1788.71,1794.36,1715.26,-1.094976,SL,2,1.2411,3635.82,45.12,-49.41,3586.41
412,S3,BTCUSDT,-1,2022-08-09 10:00:00+00:00,2022-08-10 12:45:00+00:00,26.75,23465.2,23784.64093453,21867.99532736,-1.022037,SL,322,1.0606,3586.41,38.04,-38.88,3292.95
413,S3,ETHUSDT,-1,2022-08-09 10:00:00+00:00,2022-08-10 12:30:00+00:00,26.5,1733.58,1770.45322622,1549.21386892,-1.014104,SL,319,1.0606,3586.41,38.04,-38.57,3547.84
414,S3,XRPUSDT,-1,2022-08-09 10:00:00+00:00,2022-08-10 13:20:00+00:00,27.33,0.3723,0.3779676,0.34396199,-1.019707,SL,329,1.0606,3586.41,38.04,-38.79,3254.16
415,S2,SOLUSDT,-1,2022-08-09 11:00:00+00:00,2022-08-10 12:35:00+00:00,25.58,40.99,41.87188503,36.34984803,-0.818998,SL,308,3.3981,3586.41,121.87,-99.81,3331.83
416,S3,BTCUSDT,-1,2022-08-09 11:00:00+00:00,2022-08-10 12:30:00+00:00,25.5,23340.1,23663.23801063,21724.40994683,-1.021669,SL,307,1.0606,3586.41,38.04,-38.86,3508.98
417,S3,ETHUSDT,-1,2022-08-09 11:00:00+00:00,2022-08-10 12:30:00+00:00,25.5,1712.65,1751.51942434,1518.30287828,-1.013218,SL,307,1.0606,3586.41,38.04,-38.54,3470.44
418,S3,BTCUSDT,-1,2022-08-09 14:00:00+00:00,2022-08-10 12:30:00+00:00,22.5,23063.5,23408.3782833,21339.10858352,-1.020062,SL,271,1.0606,3586.41,38.04,-38.8,3431.64
419,S1_ETHUSDT,ETHUSDT,-1,2022-08-10 16:00:00+00:00,2022-08-10 18:35:00+00:00,2.58,1836.84,1855.95,1588.41,0.771164,BE,32,1.2411,3254.16,40.39,31.15,3190.79
420,S1_LINKUSDT,LINKUSDT,-1,2022-08-10 16:00:00+00:00,2022-08-10 17:00:00+00:00,1.0,9.208,9.282,8.246,-1.03733,SL,13,2.8,3254.16,91.12,-94.52,3159.65
421,S1_BTCUSDT,BTCUSDT,-1,2022-08-11 04:00:00+00:00,2022-08-11 04:55:00+00:00,0.92,24313.6,24480.7,22141.3,-1.043651,SL,12,1.5086,3190.79,48.14,-50.24,3049.24
422,S1_SOLUSDT,SOLUSDT,-1,2022-08-11 04:00:00+00:00,2022-08-11 04:05:00+00:00,0.08,43.82,44.06,40.7,-1.054775,SL,2,2.7132,3190.79,86.57,-91.31,3099.48
423,S1_SOLUSDT,SOLUSDT,-1,2022-08-12 20:00:00+00:00,2022-08-12 20:00:00+00:00,0.0,44.64,44.82,42.3,-1.0744,SL,1,2.7132,3049.24,82.73,-88.89,2960.35
424,S1_BTCUSDT,BTCUSDT,-1,2022-08-13 04:00:00+00:00,2022-08-13 04:00:00+00:00,0.0,24786.5,24800.0,24611.0,-1.550811,SL,1,1.5086,2960.35,44.66,-69.26,2891.09
425,S1_BTCUSDT,BTCUSDT,-1,2022-08-14 08:00:00+00:00,2022-08-14 08:45:00+00:00,0.75,24867.2,25065.0,22295.8,0.762284,BE,10,1.5086,2891.09,43.62,33.25,2825.93
426,S1_LINKUSDT,LINKUSDT,-1,2022-08-14 08:00:00+00:00,2022-08-14 08:00:00+00:00,0.0,9.344,9.357,9.175,-1.215631,SL,1,2.8,2891.09,80.95,-98.41,2792.69
427,S4,XRPUSDT,1,2022-08-14 19:00:00+00:00,2022-08-15 06:50:00+00:00,11.83,0.3783,0.37122659,0.51623144,-1.016045,SL,143,1.9886,2825.93,56.2,-57.1,2711.72
428,S4,XRPUSDT,1,2022-08-15 01:00:00+00:00,2022-08-15 06:35:00+00:00,5.58,0.3788,0.37184573,0.51440832,-1.016341,SL,68,1.9886,2825.93,56.2,-57.11,2768.82
429,S1_ETHUSDT,ETHUSDT,-1,2022-08-15 04:00:00+00:00,2022-08-19 06:35:00+00:00,98.58,1985.99,2012.94,1635.64,8.977893,BE,1184,1.2411,2825.93,35.07,314.88,3187.44
430,S3,SOLUSDT,-1,2022-08-15 07:00:00+00:00,2022-08-19 06:35:00+00:00,95.58,43.88,45.51852554,35.6873723,4.991966,TP,1148,1.0606,2711.72,28.76,143.57,3331.01
431,S3,LINKUSDT,-1,2022-08-15 07:00:00+00:00,2022-08-15 16:55:00+00:00,9.92,8.548,8.83690801,7.10345994,-1.008876,SL,120,1.0606,2711.72,28.76,-29.02,2682.7
432,S3,XRPUSDT,-1,2022-08-15 07:00:00+00:00,2022-08-17 00:15:00+00:00,41.25,0.3721,0.38003032,0.33244842,-1.014076,SL,496,1.0606,2711.72,28.76,-29.17,2653.54
433,S1_LINKUSDT,LINKUSDT,1,2022-08-19 00:00:00+00:00,2022-08-19 00:05:00+00:00,0.08,7.643,7.596,8.254,0.751215,BE,2,2.8,2653.54,74.3,55.81,2709.35
434,S3,LINKUSDT,-1,2022-08-19 00:00:00+00:00,2022-08-26 23:15:00+00:00,191.25,7.643,7.87231065,6.49644675,4.990001,TP,2296,1.0606,2653.54,28.14,140.44,3125.15
435,S1_BTCUSDT,BTCUSDT,1,2022-08-19 04:00:00+00:00,2022-08-19 04:35:00+00:00,0.58,22759.0,22702.0,23500.0,0.680216,BE,8,1.5086,2709.35,40.87,27.8,2737.16
436,S1_SOLUSDT,SOLUSDT,1,2022-08-19 04:00:00+00:00,2022-08-19 06:30:00+00:00,2.5,38.27,37.8,44.38,-1.024428,SL,31,2.7132,2709.35,73.51,-75.31,2661.85
437,S1_XRPUSDT,XRPUSDT,1,2022-08-19 08:00:00+00:00,2022-08-26 09:35:00+00:00,169.58,0.3447,0.3226,0.632,0.795321,BE,2036,4.1176,3331.01,137.16,109.08,3181.53
438,S3,XRPUSDT,-1,2022-08-19 09:00:00+00:00,2022-08-24 19:40:00+00:00,130.67,0.338,0.35117719,0.27211406,-1.007695,SL,1569,1.0606,3331.01,35.33,-35.6,3072.44
439,S1_SOLUSDT,SOLUSDT,1,2022-08-20 12:00:00+00:00,2022-08-20 17:10:00+00:00,5.17,36.56,35.58,49.3,-1.011192,SL,63,2.7132,3331.01,90.38,-91.39,3239.62
440,S1_ETHUSDT,ETHUSDT,1,2022-08-22 04:00:00+00:00,2022-08-22 04:50:00+00:00,0.83,1593.95,1578.66,1792.72,0.768726,BE,11,1.2411,3239.62,40.21,30.91,3270.53
441,S1_BTCUSDT,BTCUSDT,1,2022-08-22 08:00:00+00:00,2022-08-22 08:00:00+00:00,0.0,21089.2,21038.6,21747.0,-1.125035,SL,1,1.5086,3270.53,49.34,-55.51,3215.02
442,S1_LINKUSDT,LINKUSDT,1,2022-08-22 08:00:00+00:00,2022-08-22 08:00:00+00:00,0.0,6.761,6.747,6.943,-1.144879,SL,1,2.8,3270.53,91.57,-104.84,3110.18
443,S1_SOLUSDT,SOLUSDT,1,2022-08-22 08:00:00+00:00,2022-08-22 08:00:00+00:00,0.0,34.89,34.79,36.19,-1.10467,SL,1,2.7132,3270.53,88.74,-98.02,3012.16
444,S4,SOLUSDT,1,2022-08-22 16:00:00+00:00,2022-08-26 15:00:00+00:00,95.0,34.78,33.5872193,58.03922365,-1.008748,SL,1141,1.9886,3012.16,59.9,-60.42,3121.1
445,S1_ETHUSDT,ETHUSDT,1,2022-08-22 20:00:00+00:00,2022-08-22 23:40:00+00:00,3.67,1567.2,1528.0,2076.8,0.788006,BE,45,1.2411,3012.16,37.38,29.46,3041.61
446,S1_LINKUSDT,LINKUSDT,1,2022-08-22 20:00:00+00:00,2022-08-23 05:25:00+00:00,9.42,6.836,6.67,8.994,0.787646,BE,114,2.8,3012.16,84.34,66.43,3108.04
447,S2,XRPUSDT,-1,2022-08-26 16:00:00+00:00,2022-09-09 05:30:00+00:00,325.5,0.34,0.3499632,0.2910851,-0.874521,SL,3907,3.3981,3121.1,106.06,-92.75,2400.71
448,S1_BTCUSDT,BTCUSDT,1,2022-08-26 20:00:00+00:00,2022-08-26 23:10:00+00:00,3.17,20635.5,20518.0,22163.0,-1.052686,SL,39,1.5086,3121.1,47.08,-49.57,2984.71
449,S1_SOLUSDT,SOLUSDT,1,2022-08-26 20:00:00+00:00,2022-08-26 21:25:00+00:00,1.42,32.89,32.5,37.96,-1.0253,SL,18,2.7132,3121.1,84.68,-86.82,3034.28
450,S1_ETHUSDT,ETHUSDT,1,2022-08-27 00:00:00+00:00,2022-08-27 02:35:00+00:00,2.58,1507.22,1485.0,1796.08,-1.02035,SL,32,1.2411,3125.15,38.79,-39.58,3085.57
451,S1_LINKUSDT,LINKUSDT,1,2022-08-27 00:00:00+00:00,2022-08-27 07:55:00+00:00,7.92,6.497,6.393,7.849,0.781259,BE,96,2.8,3125.15,87.5,68.36,3153.94
452,S1_SOLUSDT,SOLUSDT,1,2022-08-28 20:00:00+00:00,2022-08-28 23:00:00+00:00,3.0,31.67,31.17,38.17,-1.019002,SL,37,2.7132,3153.94,85.57,-87.2,3066.74
453,S1_LINKUSDT,LINKUSDT,1,2022-08-29 00:00:00+00:00,2022-08-29 00:05:00+00:00,0.08,6.25,6.218,6.666,-1.058594,SL,2,2.8,3066.74,85.87,-90.9,3065.76
454,S1_XRPUSDT,XRPUSDT,1,2022-08-29 00:00:00+00:00,2022-08-29 00:00:00+00:00,0.0,0.3222,0.3211,0.3365,0.712127,BE,1,4.1176,3066.74,126.28,89.92,3156.66
455,S4,BTCUSDT,1,2022-08-31 16:00:00+00:00,2022-09-01 14:45:00+00:00,22.75,20130.6,19734.70972035,27850.46045325,-1.015255,SL,274,1.9886,3065.76,60.97,-61.9,3003.87
456,S1_LINKUSDT,LINKUSDT,-1,2022-09-02 16:00:00+00:00,2022-09-02 16:00:00+00:00,0.0,7.18,7.211,6.777,-1.069484,SL,1,2.8,3003.87,84.11,-89.95,2913.92
457,S2,LINKUSDT,-1,2022-09-02 18:00:00+00:00,2022-09-04 12:00:00+00:00,42.0,6.97,7.11112823,6.05606673,-0.666002,SL,505,3.3981,2913.92,99.02,-65.95,2847.97
458,S1_LINKUSDT,LINKUSDT,-1,2022-09-04 16:00:00+00:00,2022-09-04 18:20:00+00:00,2.33,7.188,7.232,6.616,-1.049009,SL,29,2.8,2847.97,79.74,-83.65,2764.32
459,S1_LINKUSDT,LINKUSDT,-1,2022-09-05 08:00:00+00:00,2022-09-05 08:20:00+00:00,0.33,7.219,7.285,6.361,0.767186,BE,5,2.8,2764.32,77.4,59.38,2823.7
460,S1_LINKUSDT,LINKUSDT,-1,2022-09-05 16:00:00+00:00,2022-09-05 23:40:00+00:00,7.67,7.282,7.393,5.839,-1.019681,SL,93,2.8,2823.7,79.06,-80.62,2743.08
461,S1_LINKUSDT,LINKUSDT,-1,2022-09-06 00:00:00+00:00,2022-09-06 00:10:00+00:00,0.17,7.372,7.43,6.618,-1.038131,SL,3,2.8,2743.08,76.81,-79.73,2663.34
462,S3,ETHUSDT,-1,2022-09-06 02:00:00+00:00,2022-09-06 11:20:00+00:00,9.33,1638.88,1678.30962227,1441.73188863,-1.012469,SL,113,1.0606,2663.34,28.25,-28.6,2601.24
463,S1_ETHUSDT,ETHUSDT,-1,2022-09-06 04:00:00+00:00,2022-09-06 06:45:00+00:00,2.75,1639.39,1675.4,1171.26,-1.013658,SL,34,1.2411,2663.34,33.05,-33.51,2629.84
464,S1_SOLUSDT,SOLUSDT,-1,2022-09-06 16:00:00+00:00,2022-09-06 16:00:00+00:00,0.0,33.76,33.88,32.2,0.7156,BE,1,2.7132,2601.24,70.58,50.5,2651.74
465,S3,LINKUSDT,-1,2022-09-06 18:00:00+00:00,2022-09-07 20:20:00+00:00,26.33,6.84,7.07036551,5.68817243,-1.008908,SL,317,1.0606,2651.74,28.12,-28.37,2720.64
466,S3,BTCUSDT,-1,2022-09-06 19:00:00+00:00,2022-09-07 20:45:00+00:00,25.75,18947.4,19342.70813686,16970.85931572,-1.014379,SL,310,1.0606,2651.74,28.12,-28.53,2692.11
467,S3,LINKUSDT,-1,2022-09-06 19:00:00+00:00,2022-09-07 20:15:00+00:00,25.25,6.733,6.96405369,5.57773154,-1.008742,SL,304,1.0606,2651.74,28.12,-28.37,2749.01
468,S1_BTCUSDT,BTCUSDT,1,2022-09-06 20:00:00+00:00,2022-09-06 20:05:00+00:00,0.08,18813.1,18700.0,20283.4,-1.049902,SL,2,1.5086,2651.74,40.0,-42.0,2609.74
469,S1_LINKUSDT,LINKUSDT,-1,2022-09-08 16:00:00+00:00,2022-09-08 19:25:00+00:00,3.42,7.357,7.441,6.265,-1.026275,SL,42,2.8,2692.11,75.38,-77.36,2614.75
470,S1_XRPUSDT,XRPUSDT,-1,2022-09-08 20:00:00+00:00,2022-09-08 20:00:00+00:00,0.0,0.3427,0.3433,0.3349,0.62865,BE,1,4.1176,2614.75,107.66,67.68,2682.43
471,S1_SOLUSDT,SOLUSDT,-1,2022-09-09 00:00:00+00:00,2022-09-09 00:10:00+00:00,0.17,33.59,33.98,28.52,-1.025838,SL,3,2.7132,2682.43,72.78,-74.66,2607.77
472,S1_XRPUSDT,XRPUSDT,-1,2022-09-09 04:00:00+00:00,2022-09-09 04:00:00+00:00,0.0,0.3446,0.3462,0.3238,-1.064613,SL,1,4.1176,2607.77,107.38,-114.32,2493.46
473,S1_BTCUSDT,BTCUSDT,-1,2022-09-09 08:00:00+00:00,2022-09-09 08:55:00+00:00,0.92,20623.6,20804.9,18266.7,-1.034126,SL,12,1.5086,2400.71,36.22,-37.45,2363.25
474,S1_ETHUSDT,ETHUSDT,-1,2022-09-09 08:00:00+00:00,2022-09-09 09:05:00+00:00,1.08,1704.26,1718.0,1525.64,0.762789,BE,14,1.2411,2400.71,29.8,22.73,2385.98
475,S1_LINKUSDT,LINKUSDT,-1,2022-09-10 12:00:00+00:00,2022-09-10 12:20:00+00:00,0.33,7.77,7.833,6.951,0.763,BE,5,2.8,2385.98,66.81,50.97,2436.96
476,S1_SOLUSDT,SOLUSDT,-1,2022-09-10 12:00:00+00:00,2022-09-10 13:50:00+00:00,1.83,34.73,35.19,28.75,0.77735,BE,23,2.7132,2385.98,64.74,50.32,2487.28
477,S1_SOLUSDT,SOLUSDT,-1,2022-09-11 16:00:00+00:00,2022-09-11 16:00:00+00:00,0.0,35.22,35.29,34.31,-1.150943,SL,1,2.7132,2487.28,67.48,-77.67,2409.61
478,S4,XRPUSDT,1,2022-09-12 06:00:00+00:00,2022-09-13 12:30:00+00:00,30.5,0.3526,0.34500115,0.50077761,-1.013921,SL,367,1.9886,2409.61,47.92,-48.58,2161.63
479,S1_ETHUSDT,ETHUSDT,-1,2022-09-12 08:00:00+00:00,2022-09-12 15:00:00+00:00,7.0,1756.86,1787.88,1353.6,0.783009,BE,85,1.2411,2409.61,29.91,23.42,2366.86
480,S1_SOLUSDT,SOLUSDT,-1,2022-09-12 08:00:00+00:00,2022-09-12 09:20:00+00:00,1.33,35.45,36.33,24.01,-1.012085,SL,17,2.7132,2409.61,65.38,-66.17,2343.44
481,S4,ETHUSDT,1,2022-09-12 18:00:00+00:00,2022-09-13 00:20:00+00:00,6.33,1727.11,1681.19628711,2622.42740133,-1.011285,SL,77,1.9886,2366.86,47.07,-47.6,2210.22
482,S1_XRPUSDT,XRPUSDT,-1,2022-09-12 20:00:00+00:00,2022-09-12 20:00:00+00:00,0.0,0.3566,0.3575,0.3449,-1.118867,SL,1,4.1176,2366.86,97.46,-109.04,2257.81
483,S2,SOLUSDT,-1,2022-09-13 14:00:00+00:00,2022-10-13 10:30:00+00:00,716.5,35.39,36.21091504,28.53814781,4.243415,TP,8599,3.3981,2161.63,73.45,311.7,2134.11
484,S3,BTCUSDT,-1,2022-09-13 14:00:00+00:00,2022-09-21 22:15:00+00:00,200.25,21188.4,21804.35249179,18108.63754104,4.98968,TP,2404,1.0606,2161.63,22.93,114.39,2059.74
485,S3,ETHUSDT,-1,2022-09-13 14:00:00+00:00,2022-09-19 02:15:00+00:00,132.25,1601.61,1661.61792291,1301.57038545,4.991993,TP,1588,1.0606,2161.63,22.93,114.45,2184.17
486,S3,LINKUSDT,-1,2022-09-13 14:00:00+00:00,2022-09-15 21:30:00+00:00,55.5,7.259,7.54671253,5.82043733,-1.007569,SL,667,1.0606,2161.63,22.93,-23.1,2138.53
487,S3,DOGEUSDT,-1,2022-09-13 14:00:00+00:00,2022-09-17 15:55:00+00:00,97.92,0.06058,0.06230876,0.05193619,-1.010513,SL,1176,1.0606,2161.63,22.93,-23.17,2115.36
488,S3,BTCUSDT,-1,2022-09-13 19:00:00+00:00,2022-10-26 14:15:00+00:00,1027.25,20240.2,20883.51579947,17023.62100264,-1.009439,SL,12328,1.0606,2161.63,22.93,-23.14,1877.07
489,S4,LINKUSDT,1,2022-09-15 16:00:00+00:00,2022-09-18 21:10:00+00:00,77.17,7.174,6.90371774,12.44450412,0.992037,BE,927,1.9886,2161.63,42.99,42.64,2069.72
490,S1_XRPUSDT,XRPUSDT,-1,2022-09-17 16:00:00+00:00,2022-09-17 18:55:00+00:00,2.92,0.3708,0.379,0.2642,-1.013566,SL,36,4.1176,2115.36,87.1,-88.28,2027.08
491,S3,BTCUSDT,-1,2022-09-19 03:00:00+00:00,2022-09-19 13:45:00+00:00,10.75,18755.0,19138.06627809,16839.66860954,-1.014688,SL,130,1.0606,2184.17,23.17,-23.51,2126.05
492,S3,LINKUSDT,-1,2022-09-19 03:00:00+00:00,2022-09-24 05:50:00+00:00,122.83,7.272,7.57586083,5.75269587,-1.00718,SL,1475,1.0606,2184.17,23.17,-23.33,1969.88
493,S1_BTCUSDT,BTCUSDT,1,2022-09-19 04:00:00+00:00,2022-09-19 05:55:00+00:00,1.92,18766.2,18655.0,20211.8,-1.050628,SL,24,1.5086,2184.17,32.95,-34.62,2149.55
494,S1_XRPUSDT,XRPUSDT,-1,2022-09-19 20:00:00+00:00,2022-09-19 20:00:00+00:00,0.0,0.3899,0.3918,0.3652,-1.061563,SL,1,4.1176,2126.05,87.54,-92.93,2033.12
495,S1_XRPUSDT,XRPUSDT,-1,2022-09-20 16:00:00+00:00,2022-09-20 16:00:00+00:00,0.0,0.4195,0.4221,0.3857,-1.048404,SL,1,4.1176,2033.12,83.72,-87.77,1945.35
496,S1_ETHUSDT,ETHUSDT,1,2022-09-22 00:00:00+00:00,2022-09-22 06:15:00+00:00,6.25,1244.2,1218.0,1584.8,0.785753,BE,76,1.2411,2059.74,25.56,20.09,2079.83
497,S1_XRPUSDT,XRPUSDT,-1,2022-09-22 08:00:00+00:00,2022-09-22 11:40:00+00:00,3.67,0.4229,0.434,0.2786,-1.01143,SL,45,4.1176,2079.83,85.64,-86.62,1993.21
498,S4,SOLUSDT,1,2022-09-22 08:00:00+00:00,2022-10-11 23:20:00+00:00,471.33,31.72,30.65223419,52.54143325,-1.008912,SL,5657,1.9886,2079.83,41.36,-41.73,1811.26
499,S4,LINKUSDT,1,2022-09-23 20:00:00+00:00,2022-10-01 17:15:00+00:00,189.25,7.089,6.84093064,11.92635253,0.991427,BE,2272,1.9886,1993.21,39.64,39.3,1946.96
500,S1_SOLUSDT,SOLUSDT,-1,2022-09-24 12:00:00+00:00,2022-09-24 13:25:00+00:00,1.42,34.47,34.78,30.44,0.766642,BE,18,2.7132,1969.88,53.45,40.97,2010.86
501,S1_LINKUSDT,LINKUSDT,-1,2022-09-24 20:00:00+00:00,2022-09-24 21:15:00+00:00,1.25,7.788,7.87,6.722,0.771507,BE,16,2.8,2010.86,56.3,43.44,2054.29
502,S1_XRPUSDT,XRPUSDT,-1,2022-09-24 20:00:00+00:00,2022-09-25 02:25:00+00:00,6.42,0.4975,0.5191,0.2167,0.79309,BE,78,4.1176,2010.86,82.8,65.67,2119.96
503,S1_LINKUSDT,LINKUSDT,-1,2022-09-25 08:00:00+00:00,2022-09-25 08:05:00+00:00,0.08,8.017,8.068,7.354,-1.047159,SL,2,2.8,2119.96,59.36,-62.16,2057.8
504,S1_BTCUSDT,BTCUSDT,-1,2022-09-27 04:00:00+00:00,2022-09-27 06:20:00+00:00,2.33,20092.0,20296.1,17438.7,-1.029533,SL,29,1.5086,2057.8,31.04,-31.96,1907.67
505,S1_LINKUSDT,LINKUSDT,-1,2022-09-27 04:00:00+00:00,2022-09-27 04:25:00+00:00,0.42,8.191,8.25,7.424,-1.041649,SL,6,2.8,2057.8,57.62,-60.02,1997.78
506,S1_SOLUSDT,SOLUSDT,-1,2022-09-27 04:00:00+00:00,2022-09-27 04:25:00+00:00,0.42,34.71,34.96,31.46,-1.041652,SL,6,2.7132,2057.8,55.83,-58.16,1939.63
507,S4,SOLUSDT,1,2022-10-01 00:00:00+00:00,2022-10-02 10:15:00+00:00,34.25,33.22,32.15208535,54.04433563,-1.009332,SL,412,1.9886,1907.67,37.94,-38.29,1908.67
508,S3,LINKUSDT,-1,2022-10-03 05:00:00+00:00,2022-10-03 12:50:00+00:00,7.83,7.029,7.19156545,6.21617273,-1.012971,SL,95,1.0606,1908.67,20.24,-20.51,1888.17
509,S1_BTCUSDT,BTCUSDT,-1,2022-10-04 08:00:00+00:00,2022-10-04 08:00:00+00:00,0.0,19957.0,19969.5,19794.5,-1.478968,SL,1,1.5086,1888.17,28.48,-42.13,1846.04
510,S1_BTCUSDT,BTCUSDT,-1,2022-10-05 20:00:00+00:00,2022-10-06 00:45:00+00:00,4.75,20112.5,20350.0,17025.0,-1.025405,SL,58,1.5086,1846.04,27.85,-28.56,1876.02
511,S1_XRPUSDT,XRPUSDT,-1,2022-10-05 20:00:00+00:00,2022-10-05 20:25:00+00:00,0.42,0.4973,0.5023,0.4323,0.770162,BE,6,4.1176,1846.04,76.01,58.54,1904.58
512,S1_LINKUSDT,LINKUSDT,-1,2022-10-06 04:00:00+00:00,2022-10-06 04:55:00+00:00,0.92,7.903,7.938,7.448,0.73226,BE,12,2.8,1876.02,52.53,38.46,1914.49
513,S1_XRPUSDT,XRPUSDT,-1,2022-10-07 20:00:00+00:00,2022-10-09 15:20:00+00:00,43.33,0.5181,0.5339,0.3127,-1.009837,SL,521,4.1176,1914.49,78.83,-79.61,1834.88
514,S2,LINKUSDT,-1,2022-10-11 00:00:00+00:00,2022-10-13 10:20:00+00:00,58.33,7.328,7.60403613,6.5326194,4.238253,TP,701,3.3981,1834.88,62.35,264.26,1891.54
515,S1_BTCUSDT,BTCUSDT,1,2022-10-11 04:00:00+00:00,2022-10-11 11:55:00+00:00,7.92,19039.6,18935.7,20390.3,0.745025,BE,96,1.5086,1834.88,27.68,20.62,1855.51
516,S1_SOLUSDT,SOLUSDT,1,2022-10-11 04:00:00+00:00,2022-10-11 12:25:00+00:00,8.42,31.37,31.03,35.79,0.772321,BE,102,2.7132,1834.88,49.78,38.45,1893.95
517,S3,BTCUSDT,-1,2022-10-11 14:00:00+00:00,2022-10-12 22:10:00+00:00,32.17,18982.5,19198.26370602,17903.6814699,-1.026393,SL,387,1.0606,1893.95,20.09,-20.62,1775.55
518,S3,ETHUSDT,-1,2022-10-11 14:00:00+00:00,2022-10-11 15:35:00+00:00,1.58,1274.19,1292.35928635,1183.34356826,-1.021039,SL,20,1.0606,1893.95,20.09,-20.51,1873.44
519,S3,SOLUSDT,-1,2022-10-11 14:00:00+00:00,2022-10-11 16:50:00+00:00,2.83,31.24,31.75441363,28.66793186,-1.018219,SL,35,1.0606,1893.95,20.09,-20.45,1852.99
520,S1_BTCUSDT,BTCUSDT,1,2022-10-11 20:00:00+00:00,2022-10-12 05:45:00+00:00,9.75,18991.3,18850.0,20828.2,0.759679,BE,118,1.5086,1852.99,27.95,21.24,1832.5
521,S2,SOLUSDT,-1,2022-10-11 20:00:00+00:00,2022-10-12 09:25:00+00:00,13.42,31.14,31.45173327,28.77511492,-0.577013,SL,162,3.3981,1852.99,62.97,-36.33,1796.17
522,S1_SOLUSDT,SOLUSDT,1,2022-10-12 20:00:00+00:00,2022-10-13 02:15:00+00:00,6.25,31.1,30.81,34.87,-1.032172,SL,76,2.7132,1796.17,48.73,-50.3,1725.25
523,S1_LINKUSDT,LINKUSDT,1,2022-10-13 04:00:00+00:00,2022-10-13 05:05:00+00:00,1.08,6.965,6.88,8.07,-1.024582,SL,14,2.8,1725.25,48.31,-49.49,1675.75
524,S1_SOLUSDT,SOLUSDT,1,2022-10-13 04:00:00+00:00,2022-10-13 05:05:00+00:00,1.08,30.74,30.48,34.12,-1.035469,SL,14,2.7132,1725.25,46.81,-48.47,1627.28
525,S1_XRPUSDT,XRPUSDT,1,2022-10-13 08:00:00+00:00,2022-10-13 10:20:00+00:00,2.33,0.4549,0.4506,0.5108,-1.031737,SL,29,4.1176,1627.28,67.01,-69.13,1822.41
526,S3,SOLUSDT,-1,2022-10-13 10:00:00+00:00,2022-10-13 16:45:00+00:00,6.75,29.41,30.08351588,26.04242062,-1.0131,SL,82,1.0606,1627.28,17.26,-17.49,2162.23
527,S1_BTCUSDT,BTCUSDT,1,2022-10-13 12:00:00+00:00,2022-10-13 12:25:00+00:00,0.42,18745.0,18550.0,21280.0,0.771162,BE,6,1.5086,2134.11,32.2,24.83,2158.94
528,S1_ETHUSDT,ETHUSDT,1,2022-10-13 12:00:00+00:00,2022-10-13 12:25:00+00:00,0.42,1242.26,1218.0,1557.64,0.784638,BE,6,1.2411,2134.11,26.49,20.78,2179.72
529,S2,XRPUSDT,-1,2022-10-17 02:00:00+00:00,2022-10-17 11:15:00+00:00,9.25,0.4653,0.47518956,0.42055842,-0.952668,SL,112,3.3981,2162.23,73.47,-70.0,2092.24
530,S1_XRPUSDT,XRPUSDT,1,2022-10-19 12:00:00+00:00,2022-10-19 12:05:00+00:00,0.08,0.4541,0.4518,0.484,-1.05923,SL,2,4.1176,2092.24,86.15,-91.25,2000.99
531,S1_SOLUSDT,SOLUSDT,1,2022-10-20 00:00:00+00:00,2022-10-20 00:45:00+00:00,0.75,28.84,28.55,32.61,-1.029834,SL,10,2.7132,2000.99,54.29,-55.91,1945.07
532,S1_SOLUSDT,SOLUSDT,1,2022-10-20 20:00:00+00:00,2022-10-20 20:30:00+00:00,0.5,28.26,28.03,31.25,-1.036861,SL,7,2.7132,1945.07,52.77,-54.72,1890.36
533,S1_XRPUSDT,XRPUSDT,1,2022-10-20 20:00:00+00:00,2022-10-23 11:40:00+00:00,63.67,0.4378,0.4202,0.6666,0.792537,BE,765,4.1176,1945.07,80.09,63.47,1899.93
534,S1_LINKUSDT,LINKUSDT,1,2022-10-21 04:00:00+00:00,2022-10-21 08:30:00+00:00,4.5,6.645,6.536,8.062,-1.018289,SL,55,2.8,1890.36,52.93,-53.9,1836.46
535,S4,ETHUSDT,1,2022-10-21 14:00:00+00:00,2022-11-04 14:20:00+00:00,336.33,1284.9,1264.89150006,1675.06574887,19.480735,TP,4037,1.9886,1836.46,36.52,711.43,2457.26
536,S1_SOLUSDT,SOLUSDT,1,2022-10-22 04:00:00+00:00,2022-10-23 18:00:00+00:00,38.0,27.79,26.82,40.4,0.791405,BE,457,2.7132,1836.46,49.83,39.43,1939.37
537,S4,XRPUSDT,1,2022-10-24 08:00:00+00:00,2022-10-24 14:15:00+00:00,6.25,0.4568,0.44785255,0.63127531,-1.015316,SL,76,1.9886,1939.37,38.57,-39.16,1900.21
538,S3,SOLUSDT,-1,2022-10-25 19:00:00+00:00,2022-10-29 03:05:00+00:00,80.08,31.6,32.54626699,26.86866504,-1.010018,SL,962,1.0606,1900.21,20.15,-20.36,1872.69
539,S1_LINKUSDT,LINKUSDT,-1,2022-10-26 16:00:00+00:00,2022-10-26 16:50:00+00:00,0.83,7.21,7.291,6.157,0.773296,BE,11,2.8,1877.07,52.56,40.64,1917.71
540,S1_ETHUSDT,ETHUSDT,-1,2022-10-28 16:00:00+00:00,2022-10-28 16:20:00+00:00,0.33,1537.23,1549.96,1371.74,-1.036227,SL,5,1.2411,1917.71,23.8,-24.66,1893.05
541,S1_LINKUSDT,LINKUSDT,-1,2022-10-29 20:00:00+00:00,2022-10-29 20:25:00+00:00,0.42,7.54,7.593,6.851,-1.042679,SL,6,2.8,1872.69,52.44,-54.67,1818.02
542,S2,SOLUSDT,-1,2022-10-31 14:00:00+00:00,2022-11-04 23:00:00+00:00,105.0,32.74,34.02073711,28.16489735,-1.198853,SL,1261,3.3981,1818.02,61.78,-74.06,2383.2
543,S3,SOLUSDT,-1,2022-11-02 21:00:00+00:00,2022-11-03 01:55:00+00:00,4.92,30.26,31.35592907,24.78035467,-1.008283,SL,60,1.0606,1818.02,19.28,-19.44,1798.58
544,S1_LINKUSDT,LINKUSDT,-1,2022-11-04 04:00:00+00:00,2022-11-04 04:05:00+00:00,0.08,8.222,8.274,7.546,-1.047435,SL,2,2.8,1798.58,50.36,-52.75,1745.83
545,S1_BTCUSDT,BTCUSDT,-1,2022-11-04 16:00:00+00:00,2022-11-05 00:40:00+00:00,8.67,20829.2,21297.0,14747.8,-1.013358,SL,105,1.5086,2457.26,37.07,-37.57,2319.32
546,S1_ETHUSDT,ETHUSDT,-1,2022-11-04 16:00:00+00:00,2022-11-06 23:10:00+00:00,55.17,1624.74,1679.4,914.16,0.791083,BE,663,1.2411,2457.26,30.5,24.13,2343.45
547,S3,XRPUSDT,-1,2022-11-04 16:00:00+00:00,2022-11-04 23:35:00+00:00,7.58,0.4893,0.50496402,0.41097992,-1.009371,SL,92,1.0606,2457.26,26.06,-26.31,2356.89
548,S3,ETHUSDT,-1,2022-11-07 00:00:00+00:00,2022-11-07 16:00:00+00:00,16.0,1567.42,1595.03517127,1429.34414366,-1.017028,SL,193,1.0606,2343.45,24.85,-25.28,2292.93
549,S3,BTCUSDT,-1,2022-11-07 08:00:00+00:00,2022-11-07 19:35:00+00:00,11.58,20628.1,20858.04780959,19478.36095207,-1.026912,SL,140,1.0606,2343.45,24.85,-25.52,2267.41
550,S3,ETHUSDT,-1,2022-11-07 08:00:00+00:00,2022-11-07 10:15:00+00:00,2.25,1548.94,1579.01069843,1398.58650783,-1.015453,SL,28,1.0606,2343.45,24.85,-25.24,2318.21
551,S1_LINKUSDT,LINKUSDT,-1,2022-11-07 20:00:00+00:00,2022-11-07 20:00:00+00:00,0.0,8.933,8.963,8.543,-1.08933,SL,1,2.8,2267.41,63.49,-69.16,2198.25
552,S2,LINKUSDT,-1,2022-11-07 23:00:00+00:00,2022-11-07 23:55:00+00:00,0.92,8.684,8.91148657,7.18309434,-0.651533,SL,12,3.3981,2198.25,74.7,-48.67,2149.58
553,S4,BTCUSDT,1,2022-11-08 00:00:00+00:00,2022-11-08 03:20:00+00:00,3.33,20578.5,20311.9138708,25776.92951948,-1.023158,SL,41,1.9886,2149.58,42.75,-43.74,2105.85
554,S4,BTCUSDT,1,2022-11-08 02:00:00+00:00,2022-11-08 03:20:00+00:00,1.33,20618.2,20351.59053145,25817.08463669,-1.0232,SL,17,1.9886,2149.58,42.75,-43.74,2062.11
555,S1_SOLUSDT,SOLUSDT,1,2022-11-08 04:00:00+00:00,2022-11-08 04:25:00+00:00,0.42,26.43,25.52,38.26,0.791287,BE,6,2.7132,2062.11,55.95,44.27,2106.38
556,S2,ETHUSDT,-1,2022-11-08 04:00:00+00:00,2022-11-08 16:10:00+00:00,12.17,1506.37,1547.9937941,1336.72166754,-1.054073,SL,147,3.3981,2062.11,70.07,-73.86,1977.65
557,S2,DOGEUSDT,-1,2022-11-08 04:00:00+00:00,2022-11-08 16:30:00+00:00,12.5,0.10223,0.10917445,0.07591119,-1.126352,SL,151,3.3981,2062.11,70.07,-78.93,1898.73
558,S2,XRPUSDT,-1,2022-11-08 04:00:00+00:00,2022-11-08 16:30:00+00:00,12.5,0.4397,0.45572151,0.38181441,-1.185995,SL,151,3.3981,2062.11,70.07,-83.11,1815.62
559,S3,BTCUSDT,-1,2022-11-08 05:00:00+00:00,2022-11-08 16:05:00+00:00,11.08,19626.1,20024.6908172,17633.14591399,-1.014772,SL,134,1.0606,2106.38,22.34,-22.67,2051.51
560,S1_BTCUSDT,BTCUSDT,1,2022-11-08 08:00:00+00:00,2022-11-08 14:40:00+00:00,6.67,19785.6,19335.0,25643.4,-1.013173,SL,81,1.5086,2106.38,31.78,-32.2,2074.18
561,S3,XRPUSDT,-1,2022-11-08 18:00:00+00:00,2022-11-08 19:30:00+00:00,1.5,0.4301,0.44832066,0.33899671,4.992918,TP,19,1.0606,1815.62,19.26,96.15,1911.77
562,S3,ETHUSDT,-1,2022-11-08 19:00:00+00:00,2023-01-12 17:35:00+00:00,1558.58,1344.85,1434.65396167,895.83019167,-1.004493,SL,18704,1.0606,1815.62,19.26,-19.34,941.85
563,S1_SOLUSDT,SOLUSDT,1,2022-11-08 20:00:00+00:00,2022-11-09 07:45:00+00:00,11.75,22.74,18.4,79.16,-1.001572,SL,142,2.7132,1911.77,51.87,-51.95,1859.82
564,S1_XRPUSDT,XRPUSDT,1,2022-11-08 20:00:00+00:00,2022-11-09 21:25:00+00:00,25.42,0.3928,0.3292,1.2196,-1.001853,SL,306,4.1176,1911.77,78.72,-78.86,1821.81
565,S1_LINKUSDT,LINKUSDT,1,2022-11-09 16:00:00+00:00,2022-11-09 16:00:00+00:00,0.0,6.445,6.319,8.083,0.784655,BE,1,2.8,1859.82,52.07,40.86,1900.68
566,S3,SOLUSDT,-1,2022-11-09 16:00:00+00:00,2022-11-10 15:00:00+00:00,23.0,12.92,17.32196244,-9.08981221,-1.000881,SL,277,1.0606,1859.82,19.73,-19.74,1802.07
567,S1_SOLUSDT,SOLUSDT,1,2022-11-11 04:00:00+00:00,2022-11-13 07:00:00+00:00,51.0,16.339,13.5,53.246,-1.001727,SL,613,2.7132,1802.07,48.89,-48.98,1753.09
568,S1_XRPUSDT,XRPUSDT,1,2022-11-13 20:00:00+00:00,2022-11-13 20:25:00+00:00,0.42,0.3433,0.3406,0.3784,-1.038144,SL,6,4.1176,1753.09,72.19,-74.94,1678.15
569,S1_BTCUSDT,BTCUSDT,1,2022-11-14 00:00:00+00:00,2022-11-14 00:20:00+00:00,0.33,16321.3,16210.3,17764.3,-1.044112,SL,5,1.5086,1678.15,25.32,-26.43,1651.72
570,S1_LINKUSDT,LINKUSDT,1,2022-11-14 04:00:00+00:00,2022-11-14 04:15:00+00:00,0.25,5.821,5.712,7.238,-1.016021,SL,4,2.8,1651.72,46.25,-46.99,1604.73
571,S4,LINKUSDT,1,2022-11-14 08:00:00+00:00,2022-11-20 20:25:00+00:00,156.42,6.229,5.90456576,12.55546761,-1.00576,SL,1878,1.9886,1604.73,31.91,-32.1,1478.12
572,S1_SOLUSDT,SOLUSDT,1,2022-11-19 04:00:00+00:00,2022-11-19 14:35:00+00:00,10.58,12.851,12.601,16.101,-1.015421,SL,128,2.7132,1604.73,43.54,-44.21,1560.52
573,S1_SOLUSDT,SOLUSDT,1,2022-11-20 12:00:00+00:00,2022-11-20 12:00:00+00:00,0.0,12.536,12.516,12.796,-1.18804,SL,1,2.7132,1560.52,42.34,-50.3,1510.22
574,S4,BTCUSDT,1,2022-11-20 19:00:00+00:00,2022-11-20 21:30:00+00:00,2.5,16580.0,16442.82986616,19254.81760981,-1.036262,SL,31,1.9886,1510.22,30.03,-31.12,1447.0
575,S4,XRPUSDT,1,2022-11-20 19:00:00+00:00,2022-11-20 21:30:00+00:00,2.5,0.3752,0.36739775,0.52734392,-1.014427,SL,31,1.9886,1510.22,30.03,-30.47,1416.53
576,S3,LINKUSDT,-1,2022-11-20 22:00:00+00:00,2022-11-22 00:05:00+00:00,26.08,5.747,5.9080545,4.94172748,-1.010705,SL,314,1.0606,1416.53,15.02,-15.18,1379.44
577,S3,XRPUSDT,-1,2022-11-20 22:00:00+00:00,2022-11-22 13:50:00+00:00,39.83,0.3618,0.37116609,0.31496956,-1.011589,SL,479,1.0606,1416.53,15.02,-15.2,1326.43
578,S1_SOLUSDT,SOLUSDT,1,2022-11-21 00:00:00+00:00,2022-11-21 00:05:00+00:00,0.08,12.252,12.085,14.423,-1.02201,SL,2,2.7132,1416.53,38.43,-39.28,1377.26
579,S3,XRPUSDT,-1,2022-11-21 03:00:00+00:00,2022-11-21 20:05:00+00:00,17.08,0.3488,0.35986005,0.29349975,-1.009461,SL,206,1.0606,1377.26,14.61,-14.75,1378.44
580,S1_BTCUSDT,BTCUSDT,1,2022-11-21 08:00:00+00:00,2022-11-21 13:05:00+00:00,5.08,16032.1,15888.0,17905.4,0.766623,BE,62,1.5086,1377.26,20.78,15.93,1393.18
581,S1_BTCUSDT,BTCUSDT,1,2022-11-21 20:00:00+00:00,2022-11-21 20:35:00+00:00,0.58,15712.8,15555.0,17764.2,0.770128,BE,8,1.5086,1393.18,21.02,16.19,1394.62
582,S1_SOLUSDT,SOLUSDT,1,2022-11-22 04:00:00+00:00,2022-11-22 09:50:00+00:00,5.83,11.595,11.253,16.041,-1.010171,SL,71,2.7132,1379.44,37.43,-37.81,1341.63
583,S4,ETHUSDT,1,2022-11-22 14:00:00+00:00,2022-12-16 23:00:00+00:00,585.0,1132.61,1095.7865867,1850.66655931,0.990773,BE,7021,1.9886,1326.43,26.38,26.13,1029.12
584,S4,SOLUSDT,1,2022-11-22 14:00:00+00:00,2022-12-16 22:35:00+00:00,584.58,11.861,11.27957079,23.19886951,0.99388,BE,7016,1.9886,1326.43,26.38,26.22,1046.74
585,S1_LINKUSDT,LINKUSDT,-1,2022-11-23 20:00:00+00:00,2022-11-23 20:00:00+00:00,0.0,6.747,6.793,6.149,0.755998,BE,1,2.8,1326.43,37.14,28.08,1354.51
586,S1_SOLUSDT,SOLUSDT,-1,2022-11-24 04:00:00+00:00,2022-11-24 05:25:00+00:00,1.42,14.571,14.948,9.67,0.788405,BE,18,2.7132,1354.51,36.75,28.97,1383.49
587,S1_LINKUSDT,LINKUSDT,-1,2022-11-24 16:00:00+00:00,2022-11-24 16:05:00+00:00,0.08,6.861,6.9,6.354,-1.052777,SL,2,2.8,1383.49,38.74,-40.78,1342.7
588,S1_XRPUSDT,XRPUSDT,-1,2022-11-24 20:00:00+00:00,2022-11-24 20:00:00+00:00,0.0,0.4031,0.4045,0.3849,-1.086379,SL,1,4.1176,1342.7,55.29,-60.06,1282.64
589,S1_XRPUSDT,XRPUSDT,-1,2022-11-25 08:00:00+00:00,2022-11-25 08:00:00+00:00,0.0,0.4153,0.4182,0.3776,-1.042962,SL,1,4.1176,1282.64,52.81,-55.08,1227.56
590,S1_LINKUSDT,LINKUSDT,-1,2022-11-25 20:00:00+00:00,2022-11-25 23:05:00+00:00,3.08,6.9,6.994,5.678,0.777979,BE,38,2.8,1227.56,34.37,26.74,1254.3
591,S1_LINKUSDT,LINKUSDT,-1,2022-11-26 04:00:00+00:00,2022-11-26 14:15:00+00:00,10.25,6.867,6.996,5.19,-1.01597,SL,124,2.8,1254.3,35.12,-35.68,1218.62
592,S3,BTCUSDT,-1,2022-11-28 02:00:00+00:00,2022-11-28 14:35:00+00:00,12.58,16135.1,16294.21833937,15339.50830315,-1.030421,SL,152,1.0606,1218.62,12.92,-13.32,1166.16
593,S3,ETHUSDT,-1,2022-11-28 02:00:00+00:00,2022-11-28 16:55:00+00:00,14.92,1163.39,1183.62583632,1062.21081838,-1.017247,SL,180,1.0606,1218.62,12.92,-13.15,1139.98
594,S3,SOLUSDT,-1,2022-11-28 02:00:00+00:00,2022-11-28 14:35:00+00:00,12.58,13.025,13.49197696,10.69011518,-1.008368,SL,152,1.0606,1218.62,12.92,-13.03,1153.13
595,S3,LINKUSDT,-1,2022-11-28 02:00:00+00:00,2022-11-28 05:05:00+00:00,3.08,6.578,6.77650995,5.58545026,-1.009941,SL,38,1.0606,1218.62,12.92,-13.05,1192.54
596,S3,XRPUSDT,-1,2022-11-28 02:00:00+00:00,2022-11-28 08:30:00+00:00,6.5,0.3734,0.384119,0.31980502,-1.010451,SL,79,1.0606,1218.62,12.92,-13.06,1179.48
597,S3,SOLUSDT,-1,2022-11-28 03:00:00+00:00,2022-11-28 05:00:00+00:00,2.0,12.772,13.25090718,10.3774641,-1.008001,SL,25,1.0606,1218.62,12.92,-13.03,1205.59
598,S1_LINKUSDT,LINKUSDT,-1,2022-11-29 00:00:00+00:00,2022-11-29 02:25:00+00:00,2.42,7.19,7.347,5.149,-1.013739,SL,30,2.8,1139.98,31.92,-32.36,1107.62
599,S1_LINKUSDT,LINKUSDT,-1,2022-12-02 20:00:00+00:00,2022-12-03 01:15:00+00:00,5.25,7.587,7.685,6.313,0.776774,BE,64,2.8,1107.62,31.01,24.09,1131.71
600,S3,SOLUSDT,-1,2022-12-05 04:00:00+00:00,2022-12-06 03:35:00+00:00,23.58,13.899,14.15636038,12.61219808,-1.016202,SL,284,1.0606,1131.71,12.0,-12.2,1119.51
601,S4,XRPUSDT,1,2022-12-05 21:00:00+00:00,2022-12-07 07:10:00+00:00,34.17,0.3859,0.37907832,0.51892273,-1.016971,SL,411,1.9886,1131.71,22.51,-22.89,1048.38
602,S3,XRPUSDT,-1,2022-12-06 04:00:00+00:00,2022-12-06 15:40:00+00:00,11.67,0.3825,0.38954321,0.34728394,-1.016292,SL,141,1.0606,1119.51,11.87,-12.07,1107.45
603,S1_SOLUSDT,SOLUSDT,-1,2022-12-07 00:00:00+00:00,2022-12-07 00:00:00+00:00,0.0,14.279,14.3,14.006,-1.203986,SL,1,2.7132,1107.45,30.05,-36.18,1071.27
604,S3,BTCUSDT,-1,2022-12-12 01:00:00+00:00,2022-12-12 14:15:00+00:00,13.25,16943.4,17048.20352575,16419.38237126,-1.0485,SL,160,1.0606,1048.38,11.12,-11.66,1058.92
605,S1_SOLUSDT,SOLUSDT,1,2022-12-12 04:00:00+00:00,2022-12-12 12:20:00+00:00,8.33,12.95,12.753,15.511,0.780279,BE,101,2.7132,1048.38,28.44,22.19,1070.58
606,S1_XRPUSDT,XRPUSDT,1,2022-12-12 04:00:00+00:00,2022-12-14 19:00:00+00:00,63.0,0.3738,0.3695,0.4297,0.773921,BE,757,4.1176,1048.38,43.17,33.41,1050.42
607,S3,BTCUSDT,-1,2022-12-13 16:00:00+00:00,2022-12-14 14:30:00+00:00,22.5,17749.5,18003.95595096,16477.2202452,-1.020926,SL,271,1.0606,1058.92,11.23,-11.47,1047.45
608,S1_SOLUSDT,SOLUSDT,-1,2022-12-14 16:00:00+00:00,2022-12-14 16:00:00+00:00,0.0,14.479,14.54,13.686,-1.071208,SL,1,2.7132,1047.45,28.42,-30.44,1017.01
609,S1_LINKUSDT,LINKUSDT,1,2022-12-16 12:00:00+00:00,2022-12-16 14:15:00+00:00,2.25,6.248,6.133,7.743,-1.016299,SL,28,2.8,1050.42,29.41,-29.89,1020.53
610,S1_XRPUSDT,XRPUSDT,1,2022-12-16 12:00:00+00:00,2022-12-16 22:35:00+00:00,10.58,0.3648,0.3555,0.4857,-1.011768,SL,128,4.1176,1050.42,43.25,-43.76,1002.98
611,S3,LINKUSDT,-1,2022-12-16 14:00:00+00:00,2022-12-30 07:20:00+00:00,329.33,6.178,6.31930144,5.47149281,4.986883,TP,3953,1.0606,1050.42,11.14,55.56,1073.9
612,S1_BTCUSDT,BTCUSDT,1,2022-12-17 00:00:00+00:00,2022-12-17 05:25:00+00:00,5.42,16624.1,16521.1,17963.1,0.75158,BE,66,1.5086,1029.12,15.53,11.67,1012.49
613,S1_SOLUSDT,SOLUSDT,1,2022-12-17 00:00:00+00:00,2022-12-17 02:20:00+00:00,2.33,12.239,11.965,15.801,-1.0134,SL,29,2.7132,1029.12,27.92,-28.3,1000.82
614,S4,XRPUSDT,1,2022-12-17 08:00:00+00:00,2022-12-17 17:35:00+00:00,9.58,0.3557,0.34670688,0.53106587,-1.011866,SL,116,1.9886,1012.49,20.13,-20.37,992.12
615,S1_XRPUSDT,XRPUSDT,1,2022-12-18 04:00:00+00:00,2022-12-19 02:55:00+00:00,22.92,0.3533,0.3464,0.443,-1.015361,SL,276,4.1176,992.12,40.85,-41.48,971.56
616,S1_LINKUSDT,LINKUSDT,1,2022-12-19 00:00:00+00:00,2022-12-19 00:20:00+00:00,0.33,5.948,5.91,6.442,0.753042,BE,5,2.8,992.12,27.78,20.92,1013.04
617,S1_BTCUSDT,BTCUSDT,1,2022-12-19 20:00:00+00:00,2022-12-19 20:40:00+00:00,0.67,16549.3,16511.9,17035.5,0.667252,BE,9,1.5086,971.56,14.66,9.78,981.34
618,S1_LINKUSDT,LINKUSDT,1,2022-12-19 20:00:00+00:00,2022-12-19 21:35:00+00:00,1.58,5.871,5.834,6.352,0.752397,BE,20,2.8,971.56,27.2,20.47,1001.8
619,S1_XRPUSDT,XRPUSDT,1,2022-12-21 04:00:00+00:00,2022-12-21 05:15:00+00:00,1.25,0.3387,0.3363,0.3699,0.757663,BE,16,4.1176,1001.8,41.25,31.25,1033.06
620,S1_SOLUSDT,SOLUSDT,1,2022-12-24 08:00:00+00:00,2022-12-27 12:55:00+00:00,76.92,11.331,11.03,15.244,-1.011293,SL,924,2.7132,1033.06,28.03,-28.35,939.27
621,S3,SOLUSDT,-1,2022-12-24 09:00:00+00:00,2022-12-24 18:00:00+00:00,9.0,11.239,11.501716,9.92542001,-1.012834,SL,109,1.0606,1033.06,10.96,-11.1,1021.96
622,S3,DOGEUSDT,-1,2022-12-25 16:00:00+00:00,2022-12-25 19:25:00+00:00,3.42,0.07485,0.07623452,0.06792738,-1.016219,SL,42,1.0606,1021.96,10.84,-11.01,1010.95
623,S1_XRPUSDT,XRPUSDT,-1,2022-12-27 08:00:00+00:00,2022-12-27 08:20:00+00:00,0.33,0.3676,0.3703,0.3325,-1.040844,SL,5,4.1176,1010.95,41.63,-43.33,967.62
624,S2,SOLUSDT,-1,2022-12-28 02:00:00+00:00,2022-12-28 05:40:00+00:00,3.67,10.894,11.03693173,9.76453544,4.237702,TP,45,3.3981,939.27,31.92,135.26,1048.26
625,S1_SOLUSDT,SOLUSDT,1,2022-12-28 04:00:00+00:00,2022-12-28 05:00:00+00:00,1.0,10.769,10.664,12.134,-1.030769,SL,13,2.7132,939.27,25.48,-26.27,913.0
626,S1_LINKUSDT,LINKUSDT,1,2022-12-28 08:00:00+00:00,2022-12-28 21:25:00+00:00,13.42,5.76,5.671,6.917,-1.019416,SL,162,2.8,1048.26,29.35,-29.92,1018.34
627,S3,LINKUSDT,-1,2022-12-28 16:00:00+00:00,2023-01-04 03:05:00+00:00,155.08,5.721,5.81730392,5.23948041,-1.017822,SL,1862,1.0606,1048.26,11.12,-11.32,1038.72
628,S3,XRPUSDT,-1,2022-12-30 02:00:00+00:00,2022-12-30 18:50:00+00:00,16.83,0.3353,0.34276767,0.29796166,-1.01347,SL,203,1.0606,1018.34,10.8,-10.95,1079.42
629,S1_BTCUSDT,BTCUSDT,1,2022-12-30 08:00:00+00:00,2022-12-30 14:45:00+00:00,6.75,16467.6,16410.0,17216.4,-1.085769,SL,82,1.5086,1073.9,16.2,-17.59,1090.37
630,S1_XRPUSDT,XRPUSDT,1,2022-12-30 08:00:00+00:00,2022-12-30 14:00:00+00:00,6.0,0.3368,0.3334,0.381,0.770282,BE,73,4.1176,1073.9,44.22,34.06,1107.96
631,S1_XRPUSDT,XRPUSDT,1,2023-01-02 04:00:00+00:00,2023-03-03 01:30:00+00:00,1437.5,0.3281,0.2968,0.735,0.796855,BE,17251,4.1176,1079.42,44.45,35.42,1035.9
632,S1_SOLUSDT,SOLUSDT,-1,2023-01-02 08:00:00+00:00,2023-01-03 13:50:00+00:00,29.83,11.084,12.067,-1.695,-1.003383,SL,359,2.7132,1079.42,29.29,-29.39,1050.04
633,S4,BTCUSDT,1,2023-01-03 16:00:00+00:00,2023-01-12 17:35:00+00:00,217.58,16670.9,16580.30879953,18437.42840914,19.444793,TP,2612,1.9886,1050.04,20.88,406.03,1347.88
634,S1_BTCUSDT,BTCUSDT,-1,2023-01-04 04:00:00+00:00,2023-01-04 04:00:00+00:00,0.0,16855.9,16870.0,16672.6,-1.358636,SL,1,1.5086,1038.72,15.67,-21.29,1017.43
635,S1_BTCUSDT,BTCUSDT,-1,2023-01-05 20:00:00+00:00,2023-01-05 20:25:00+00:00,0.42,16856.3,16872.8,16641.8,0.493522,BE,6,1.5086,1017.43,15.35,7.58,1025.01
636,S4,XRPUSDT,1,2023-01-06 03:00:00+00:00,2023-01-06 06:30:00+00:00,3.5,0.3384,0.33234062,0.45655789,-1.016754,SL,43,1.9886,1025.01,20.38,-20.72,1004.28
637,S1_BTCUSDT,BTCUSDT,-1,2023-01-06 20:00:00+00:00,2023-01-06 20:00:00+00:00,0.0,16932.7,16960.0,16577.8,-1.186074,SL,1,1.5086,1004.28,15.15,-17.97,986.31
638,S1_SOLUSDT,SOLUSDT,-1,2023-01-07 16:00:00+00:00,2023-01-07 22:50:00+00:00,6.83,13.256,13.49,10.214,0.783005,BE,83,2.7132,986.31,26.76,20.95,1007.26
639,S1_BTCUSDT,BTCUSDT,-1,2023-01-08 16:00:00+00:00,2023-01-08 16:00:00+00:00,0.0,16990.9,17015.6,16669.8,0.593633,BE,1,1.5086,1007.26,15.2,9.02,1016.29
640,S1_BTCUSDT,BTCUSDT,-1,2023-01-09 00:00:00+00:00,2023-01-09 00:45:00+00:00,0.75,17124.6,17181.1,16390.1,-1.090927,SL,10,1.5086,1016.29,15.33,-16.73,968.42
641,S1_LINKUSDT,LINKUSDT,-1,2023-01-09 00:00:00+00:00,2023-01-09 00:00:00+00:00,0.0,5.962,5.981,5.715,-1.094137,SL,1,2.8,1016.29,28.46,-31.13,985.15
642,S1_LINKUSDT,LINKUSDT,-1,2023-01-11 08:00:00+00:00,2023-01-12 00:00:00+00:00,16.0,6.136,6.304,3.952,-1.010957,SL,193,2.8,968.42,27.12,-27.41,961.19
643,S1_SOLUSDT,SOLUSDT,-1,2023-01-11 20:00:00+00:00,2023-01-11 21:15:00+00:00,1.25,16.0,16.15,14.05,0.768,BE,16,2.7132,968.42,26.28,20.18,988.6
644,S1_LINKUSDT,LINKUSDT,-1,2023-01-12 20:00:00+00:00,2023-01-12 21:00:00+00:00,1.0,6.365,6.411,5.767,-1.041511,SL,13,2.8,1347.88,37.74,-39.31,1308.57
645,S1_SOLUSDT,SOLUSDT,-1,2023-01-12 20:00:00+00:00,2023-01-13 00:20:00+00:00,4.33,16.534,16.79,13.206,-1.019376,SL,53,2.7132,1347.88,36.57,-37.28,1271.29
646,S1_LINKUSDT,LINKUSDT,-1,2023-01-16 04:00:00+00:00,2023-01-16 05:55:00+00:00,1.92,6.775,6.937,4.669,-1.012546,SL,24,2.8,1271.29,35.6,-36.04,1235.25
647,S1_LINKUSDT,LINKUSDT,-1,2023-01-18 04:00:00+00:00,2023-01-18 13:45:00+00:00,9.75,6.926,7.0,5.964,0.771922,BE,118,2.8,1235.25,34.59,26.7,1288.5
648,S1_SOLUSDT,SOLUSDT,-1,2023-01-18 04:00:00+00:00,2023-01-18 08:55:00+00:00,4.92,23.052,23.97,11.118,0.792467,BE,60,2.7132,1235.25,33.51,26.56,1261.81
649,S1_BTCUSDT,BTCUSDT,-1,2023-01-19 20:00:00+00:00,2023-01-19 20:00:00+00:00,0.0,21090.1,21140.0,20441.4,-1.126794,SL,1,1.5086,1288.5,19.44,-21.9,1266.6
650,S1_BTCUSDT,BTCUSDT,-1,2023-01-20 16:00:00+00:00,2023-01-20 16:30:00+00:00,0.5,21139.7,21250.0,19705.8,-1.057497,SL,7,1.5086,1266.6,19.11,-20.21,1246.39
651,S1_LINKUSDT,LINKUSDT,-1,2023-01-21 20:00:00+00:00,2023-01-21 23:20:00+00:00,3.33,7.02,7.122,5.694,0.779353,BE,41,2.8,1246.39,34.9,27.2,1273.59
652,S1_SOLUSDT,SOLUSDT,-1,2023-01-22 04:00:00+00:00,2023-01-22 20:05:00+00:00,16.08,25.003,26.117,10.521,0.793267,BE,194,2.7132,1273.59,34.56,27.41,1264.97
653,S1_LINKUSDT,LINKUSDT,-1,2023-01-22 16:00:00+00:00,2023-01-22 16:45:00+00:00,0.75,7.044,7.247,4.405,-1.01041,SL,10,2.8,1273.59,35.66,-36.03,1237.56
654,S1_ETHUSDT,ETHUSDT,-1,2023-01-24 04:00:00+00:00,2023-01-24 09:00:00+00:00,5.0,1639.56,1650.0,1503.84,0.752886,BE,61,1.2411,1264.97,15.7,11.82,1276.79
655,S4,BTCUSDT,1,2023-01-25 04:00:00+00:00,2023-02-05 12:55:00+00:00,272.92,22641.1,22261.70121613,30039.37628537,0.982097,BE,3276,1.9886,1276.79,25.39,24.94,1186.3
656,S1_BTCUSDT,BTCUSDT,-1,2023-01-26 00:00:00+00:00,2023-01-29 19:20:00+00:00,91.33,23060.6,23837.4,12962.2,-1.008906,SL,1097,1.5086,1276.79,19.26,-19.43,1185.17
657,S1_LINKUSDT,LINKUSDT,-1,2023-01-27 08:00:00+00:00,2023-01-27 08:20:00+00:00,0.33,7.276,7.321,6.691,-1.048507,SL,5,2.8,1276.79,35.75,-37.48,1239.31
658,S1_LINKUSDT,LINKUSDT,-1,2023-01-27 20:00:00+00:00,2023-01-27 20:05:00+00:00,0.08,7.409,7.46,6.746,-1.043582,SL,2,2.8,1239.31,34.7,-36.21,1203.1
659,S2,DOGEUSDT,-1,2023-01-28 13:00:00+00:00,2023-01-29 01:20:00+00:00,12.33,0.08827,0.08969016,0.07749402,-0.570551,SL,149,3.3981,1203.1,40.88,-23.33,1179.77
660,S1_LINKUSDT,LINKUSDT,-1,2023-01-29 12:00:00+00:00,2023-01-29 12:15:00+00:00,0.25,7.392,7.438,6.794,0.751791,BE,4,2.8,1179.77,33.03,24.83,1204.6
661,S1_ETHUSDT,ETHUSDT,-1,2023-01-29 20:00:00+00:00,2023-01-29 20:00:00+00:00,0.0,1654.94,1663.68,1541.32,0.743194,BE,1,1.2411,1185.17,14.71,10.93,1196.1
662,S1_LINKUSDT,LINKUSDT,-1,2023-01-29 20:00:00+00:00,2023-01-29 21:00:00+00:00,1.0,7.453,7.538,6.348,0.773695,BE,13,2.8,1185.17,33.18,25.67,1246.6
663,S1_SOLUSDT,SOLUSDT,-1,2023-01-29 20:00:00+00:00,2023-01-29 20:00:00+00:00,0.0,26.347,26.629,22.681,0.771971,BE,1,2.7132,1185.17,32.16,24.82,1220.93
664,S4,DOGEUSDT,1,2023-01-30 15:00:00+00:00,2023-01-30 19:10:00+00:00,4.17,0.08748,0.08541507,0.12774604,-1.012709,SL,51,1.9886,1246.6,24.79,-25.1,1221.5
665,S1_BTCUSDT,BTCUSDT,-1,2023-02-02 00:00:00+00:00,2023-02-02 00:40:00+00:00,0.67,23730.1,23852.4,22140.2,-1.05821,SL,9,1.5086,1221.5,18.43,-19.5,1202.0
666,S3,BTCUSDT,-1,2023-02-02 02:00:00+00:00,2023-02-09 21:30:00+00:00,187.5,23958.6,24394.12593678,21780.97031611,4.983497,TP,2251,1.0606,1202.0,12.75,63.53,1244.1
667,S3,ETHUSDT,-1,2023-02-02 02:00:00+00:00,2023-02-02 18:15:00+00:00,16.25,1676.22,1714.95160196,1482.56199019,-1.012983,SL,196,1.0606,1202.0,12.75,-12.91,1189.08
668,S1_ETHUSDT,ETHUSDT,-1,2023-02-02 04:00:00+00:00,2023-02-02 18:15:00+00:00,14.25,1671.93,1699.0,1320.02,-1.018529,SL,172,1.2411,1202.0,14.92,-15.19,1173.89
669,S4,XRPUSDT,1,2023-02-03 04:00:00+00:00,2023-02-05 12:50:00+00:00,56.83,0.4112,0.40378356,0.55582065,-1.016633,SL,683,1.9886,1173.89,23.34,-23.73,1161.37
670,S1_ETHUSDT,ETHUSDT,-1,2023-02-04 16:00:00+00:00,2023-02-04 23:35:00+00:00,7.58,1680.47,1696.99,1465.71,0.769483,BE,92,1.2411,1173.89,14.57,11.21,1185.1
671,S3,SOLUSDT,-1,2023-02-05 17:00:00+00:00,2023-02-07 23:10:00+00:00,54.17,23.343,23.88036918,20.6561541,-1.013032,SL,651,1.0606,1186.3,12.58,-12.75,1173.56
672,S3,DOGEUSDT,-1,2023-02-09 03:00:00+00:00,2023-02-09 22:50:00+00:00,19.83,0.08836,0.09018941,0.07921297,4.98551,TP,239,1.0606,1173.56,12.45,62.05,1306.16
673,S4,LINKUSDT,1,2023-02-09 05:00:00+00:00,2023-02-09 20:15:00+00:00,15.25,6.972,6.76966714,10.91749078,0.989663,BE,184,1.9886,1173.56,23.34,23.1,1199.02
674,S1_LINKUSDT,LINKUSDT,-1,2023-02-09 12:00:00+00:00,2023-02-09 19:30:00+00:00,7.5,7.535,7.823,3.791,0.792151,BE,91,2.8,1173.56,32.86,26.03,1175.93
675,S4,XRPUSDT,1,2023-02-09 19:00:00+00:00,2023-02-09 19:20:00+00:00,0.33,0.404,0.3952624,0.57438322,-1.013871,SL,5,1.9886,1173.56,23.34,-23.66,1149.9
676,S1_BTCUSDT,BTCUSDT,1,2023-02-09 20:00:00+00:00,2023-02-09 20:15:00+00:00,0.25,22027.3,21862.1,24174.9,-1.040001,SL,4,1.5086,1175.93,17.74,-18.45,1180.57
677,S1_ETHUSDT,ETHUSDT,1,2023-02-10 00:00:00+00:00,2023-02-10 15:40:00+00:00,15.67,1544.67,1522.0,1839.38,-1.020441,SL,189,1.2411,1306.16,16.21,-16.54,1317.52
678,S1_SOLUSDT,SOLUSDT,1,2023-02-10 00:00:00+00:00,2023-02-10 11:10:00+00:00,11.17,20.482,19.99,26.878,0.787511,BE,135,2.7132,1306.16,35.44,27.91,1334.06
679,S4,ETHUSDT,1,2023-02-10 18:00:00+00:00,2023-02-10 21:40:00+00:00,3.67,1525.76,1494.84911608,2128.52223644,-1.014808,SL,45,1.9886,1317.52,26.2,-26.59,1290.93
680,S1_SOLUSDT,SOLUSDT,1,2023-02-11 20:00:00+00:00,2023-02-11 21:45:00+00:00,1.75,20.366,20.2,22.524,0.763194,BE,22,2.7132,1290.93,35.03,26.73,1317.67
681,S4,DOGEUSDT,1,2023-02-13 03:00:00+00:00,2023-02-13 09:15:00+00:00,6.25,0.08145,0.07944333,0.12058005,-1.012177,SL,76,1.9886,1317.67,26.2,-26.52,1291.14
682,S1_ETHUSDT,ETHUSDT,1,2023-02-13 12:00:00+00:00,2023-02-13 16:35:00+00:00,4.58,1485.65,1463.01,1779.97,-1.019686,SL,56,1.2411,1291.14,16.02,-16.34,1274.8
683,S1_BTCUSDT,BTCUSDT,-1,2023-02-15 16:00:00+00:00,2023-02-15 16:10:00+00:00,0.17,22798.0,22924.9,21148.3,-1.053896,SL,3,1.5086,1274.8,19.23,-20.27,1254.54
684,S1_ETHUSDT,ETHUSDT,-1,2023-02-15 20:00:00+00:00,2023-02-15 20:00:00+00:00,0.0,1628.29,1629.7,1609.96,-1.346445,SL,1,1.2411,1254.54,15.57,-20.96,1233.57
685,S1_SOLUSDT,SOLUSDT,-1,2023-02-15 20:00:00+00:00,2023-02-15 20:00:00+00:00,0.0,22.992,23.018,22.654,0.534708,BE,1,2.7132,1254.54,34.04,18.2,1251.77
686,S3,SOLUSDT,-1,2023-02-16 23:00:00+00:00,2023-02-17 19:20:00+00:00,20.33,22.4,23.20538939,18.37305306,-1.008344,SL,245,1.0606,1251.77,13.28,-13.39,1175.85
687,S3,BTCUSDT,-1,2023-02-17 00:00:00+00:00,2023-02-17 14:35:00+00:00,14.58,23526.6,24136.60260712,20476.58696442,-1.01157,SL,176,1.0606,1251.77,13.28,-13.43,1238.34
688,S3,XRPUSDT,-1,2023-02-17 00:00:00+00:00,2023-02-17 17:15:00+00:00,17.25,0.3838,0.39187775,0.34341123,-1.014254,SL,208,1.0606,1251.77,13.28,-13.47,1189.23
689,S1_BTCUSDT,BTCUSDT,-1,2023-02-17 16:00:00+00:00,2023-02-17 16:05:00+00:00,0.08,24131.3,24293.6,22021.4,-1.044605,SL,2,1.5086,1238.34,18.68,-19.51,1218.83
690,S1_ETHUSDT,ETHUSDT,-1,2023-02-17 16:00:00+00:00,2023-02-17 16:05:00+00:00,0.08,1673.17,1683.34,1540.96,-1.049356,SL,2,1.2411,1238.34,15.37,-16.13,1202.7
691,S1_ETHUSDT,ETHUSDT,-1,2023-02-19 00:00:00+00:00,2023-02-19 15:15:00+00:00,15.25,1691.65,1715.0,1388.1,-1.021734,SL,184,1.2411,1175.85,14.59,-14.91,1160.94
692,S1_SOLUSDT,SOLUSDT,-1,2023-02-19 16:00:00+00:00,2023-02-19 16:00:00+00:00,0.0,25.3,25.327,24.949,-1.281111,SL,1,2.7132,1160.94,31.5,-40.35,1120.58
693,S4,DOGEUSDT,1,2023-02-19 21:00:00+00:00,2023-02-21 21:20:00+00:00,48.33,0.08684,0.08486802,0.1252936,-1.013211,SL,581,1.9886,1120.58,22.28,-22.58,1120.21
694,S1_BTCUSDT,BTCUSDT,-1,2023-02-20 12:00:00+00:00,2023-02-20 12:35:00+00:00,0.58,24896.0,24990.0,23674.0,0.720545,BE,8,1.5086,1120.58,16.91,12.18,1142.79
695,S1_ETHUSDT,ETHUSDT,-1,2023-02-20 12:00:00+00:00,2023-02-20 12:25:00+00:00,0.42,1713.87,1720.39,1629.11,0.721141,BE,6,1.2411,1120.58,13.91,10.03,1130.61
696,S3,XRPUSDT,-1,2023-02-20 16:00:00+00:00,2023-03-03 01:30:00+00:00,249.5,0.4027,0.41080203,0.36218984,4.985089,TP,2995,1.0606,1142.79,12.12,60.42,1096.32
697,S2,LINKUSDT,-1,2023-02-23 18:00:00+00:00,2023-02-23 23:45:00+00:00,5.75,7.789,7.9701395,6.64776157,-0.68327,SL,70,3.3981,1120.21,38.07,-26.01,1094.21
698,S1_SOLUSDT,SOLUSDT,1,2023-02-25 20:00:00+00:00,2023-02-25 20:20:00+00:00,0.33,21.897,21.603,25.719,-1.022344,SL,5,2.7132,1094.21,29.69,-30.35,1063.85
699,S4,SOLUSDT,1,2023-02-26 03:00:00+00:00,2023-02-28 21:00:00+00:00,66.0,22.65,21.99614448,35.40018264,-1.010392,SL,793,1.9886,1063.85,21.16,-21.38,1042.48
700,S4,SOLUSDT,1,2023-02-27 21:00:00+00:00,2023-02-28 21:00:00+00:00,24.0,22.55,21.98970928,33.47566912,-1.012074,SL,289,1.9886,1063.85,21.16,-21.41,1021.07
701,S4,SOLUSDT,1,2023-03-02 04:00:00+00:00,2023-03-03 01:15:00+00:00,21.25,22.038,21.56349002,31.29094456,-1.013933,SL,256,1.9886,1021.07,20.3,-20.59,1000.48
702,S3,SOLUSDT,-1,2023-03-03 02:00:00+00:00,2023-03-03 05:00:00+00:00,3.0,20.524,21.10420376,17.6229812,-1.010612,SL,37,1.0606,1096.32,11.63,-11.75,1084.57
703,S1_BTCUSDT,BTCUSDT,1,2023-03-03 04:00:00+00:00,2023-03-08 05:40:00+00:00,121.67,22306.4,21883.2,27808.0,-1.015813,SL,1461,1.5086,1096.32,16.54,-16.8,1048.17
704,S1_LINKUSDT,LINKUSDT,1,2023-03-03 04:00:00+00:00,2023-03-08 15:00:00+00:00,131.0,6.809,6.595,9.591,-1.009545,SL,1573,2.8,1096.32,30.7,-30.99,1027.98
705,S1_SOLUSDT,SOLUSDT,1,2023-03-03 04:00:00+00:00,2023-03-03 13:55:00+00:00,9.92,20.849,20.291,28.103,0.788791,BE,120,2.7132,1096.32,29.75,23.46,1108.03
706,S3,XRPUSDT,-1,2023-03-06 02:00:00+00:00,2023-03-06 04:15:00+00:00,2.25,0.3625,0.36761826,0.33690868,-1.021247,SL,28,1.0606,1108.03,11.75,-12.0,1096.03
707,S1_SOLUSDT,SOLUSDT,1,2023-03-07 20:00:00+00:00,2023-03-07 20:00:00+00:00,0.0,20.001,19.866,21.756,-1.044447,SL,1,2.7132,1096.03,29.74,-31.06,1064.97
708,S4,LINKUSDT,1,2023-03-08 00:00:00+00:00,2023-03-08 13:10:00+00:00,13.17,6.881,6.73776466,9.67408915,-1.014412,SL,159,1.9886,1064.97,21.18,-21.48,1058.97
709,S1_BTCUSDT,BTCUSDT,1,2023-03-08 08:00:00+00:00,2023-03-08 10:40:00+00:00,2.67,21962.2,21800.0,24070.8,0.759379,BE,33,1.5086,1048.17,15.81,12.01,1080.45
710,S1_SOLUSDT,SOLUSDT,1,2023-03-08 08:00:00+00:00,2023-03-08 08:05:00+00:00,0.08,19.18,19.114,20.038,0.712818,BE,2,2.7132,1048.17,28.44,20.27,1068.44
711,S3,SOLUSDT,-1,2023-03-08 08:00:00+00:00,2023-03-10 10:00:00+00:00,50.0,19.18,19.73961832,16.38190842,4.989718,TP,601,1.0606,1048.17,11.12,55.47,1008.3
712,S2,LINKUSDT,-1,2023-03-08 15:00:00+00:00,2023-03-08 15:10:00+00:00,0.17,6.613,6.68861613,6.01141946,-0.548223,SL,3,3.3981,1058.97,35.98,-19.73,1008.25
713,S4,DOGEUSDT,1,2023-03-08 16:00:00+00:00,2023-03-08 18:40:00+00:00,2.67,0.07357,0.07215267,0.10120792,-1.015572,SL,33,1.9886,1008.25,20.05,-20.36,987.89
714,S4,DOGEUSDT,1,2023-03-08 21:00:00+00:00,2023-03-08 22:15:00+00:00,1.25,0.07286,0.07130418,0.10319846,-1.014049,SL,16,1.9886,987.89,19.65,-19.92,967.96
715,S1_BTCUSDT,BTCUSDT,1,2023-03-09 00:00:00+00:00,2023-03-09 10:45:00+00:00,10.75,21695.3,21540.5,23707.7,-1.042045,SL,130,1.5086,967.96,14.6,-15.22,952.75
716,S3,BTCUSDT,-1,2023-03-09 19:00:00+00:00,2023-03-12 18:40:00+00:00,71.67,21001.3,21337.55076486,19320.04617568,-1.018737,SL,861,1.0606,952.75,10.1,-10.29,950.18
717,S3,ETHUSDT,-1,2023-03-09 19:00:00+00:00,2023-03-10 07:05:00+00:00,12.08,1505.14,1526.46463553,1398.51682236,4.978825,TP,146,1.0606,952.75,10.1,50.31,952.83
718,S1_ETHUSDT,ETHUSDT,1,2023-03-09 20:00:00+00:00,2023-03-09 20:05:00+00:00,0.08,1487.83,1480.0,1589.62,-1.057005,SL,2,1.2411,952.75,11.82,-12.5,940.25
719,S1_LINKUSDT,LINKUSDT,1,2023-03-09 20:00:00+00:00,2023-03-09 20:05:00+00:00,0.08,6.295,6.255,6.815,-1.047212,SL,2,2.8,952.75,26.68,-27.94,912.31
720,S3,BTCUSDT,-1,2023-03-09 21:00:00+00:00,2023-03-11 01:40:00+00:00,28.67,20098.0,20544.48254726,17865.58726372,-1.013504,SL,345,1.0606,912.31,9.68,-9.81,978.96
721,S3,ETHUSDT,-1,2023-03-09 21:00:00+00:00,2023-03-09 22:10:00+00:00,1.17,1411.94,1445.99573165,1241.66134173,-1.012438,SL,15,1.0606,912.31,9.68,-9.8,902.52
722,S3,LINKUSDT,-1,2023-03-09 21:00:00+00:00,2023-03-10 13:40:00+00:00,16.67,6.022,6.20899624,5.08701878,-1.009661,SL,201,1.0606,912.31,9.68,-9.77,998.53
723,S3,DOGEUSDT,-1,2023-03-09 21:00:00+00:00,2023-03-11 01:05:00+00:00,28.08,0.06426,0.06642389,0.05344054,-1.008909,SL,338,1.0606,912.31,9.68,-9.76,988.77
724,S3,XRPUSDT,-1,2023-03-09 21:00:00+00:00,2023-03-13 15:05:00+00:00,90.08,0.3646,0.37663003,0.30444985,-1.009092,SL,1082,1.0606,912.31,9.68,-9.76,925.61
725,S1_ETHUSDT,ETHUSDT,1,2023-03-11 08:00:00+00:00,2023-03-11 08:40:00+00:00,0.67,1415.72,1399.66,1624.5,0.773554,BE,9,1.2411,978.96,12.15,9.4,960.48
726,S1_SOLUSDT,SOLUSDT,1,2023-03-11 08:00:00+00:00,2023-03-11 08:05:00+00:00,0.08,17.054,16.951,18.393,-1.049672,SL,2,2.7132,978.96,26.56,-27.88,951.08
727,S4,XRPUSDT,1,2023-03-12 22:00:00+00:00,2023-03-28 18:45:00+00:00,380.75,0.3617,0.35326473,0.52618785,19.487136,TP,4570,1.9886,950.18,18.9,368.22,1312.13
728,S1_BTCUSDT,BTCUSDT,-1,2023-03-13 00:00:00+00:00,2023-03-13 00:20:00+00:00,0.33,21986.2,22184.0,19414.8,-1.033346,SL,5,1.5086,950.18,14.33,-14.81,935.37
729,S1_BTCUSDT,BTCUSDT,-1,2023-03-13 16:00:00+00:00,2023-03-14 05:10:00+00:00,13.17,24009.0,24517.2,17402.4,-1.014173,SL,159,1.5086,925.61,13.96,-14.16,911.44
730,S1_SOLUSDT,SOLUSDT,-1,2023-03-13 16:00:00+00:00,2023-03-14 10:20:00+00:00,18.33,20.717,21.418,11.604,0.791134,BE,221,2.7132,925.61,25.11,19.87,931.31
731,S1_LINKUSDT,LINKUSDT,-1,2023-03-14 16:00:00+00:00,2023-03-14 16:20:00+00:00,0.33,7.146,7.202,6.418,0.761718,BE,5,2.8,931.31,26.08,19.86,951.18
732,S1_SOLUSDT,SOLUSDT,-1,2023-03-14 16:00:00+00:00,2023-03-14 16:20:00+00:00,0.33,21.923,22.152,18.946,0.77128,BE,5,2.7132,931.31,25.27,19.49,970.66
733,S1_ETHUSDT,ETHUSDT,-1,2023-03-17 04:00:00+00:00,2023-03-17 06:55:00+00:00,2.92,1707.73,1725.0,1483.22,-1.029665,SL,36,1.2411,970.66,12.05,-12.4,958.26
734,S1_LINKUSDT,LINKUSDT,-1,2023-03-17 12:00:00+00:00,2023-03-17 12:00:00+00:00,0.0,7.125,7.129,7.073,4.965625,BE,1,2.8,958.26,26.83,133.23,1091.49
735,S1_LINKUSDT,LINKUSDT,-1,2023-03-17 20:00:00+00:00,2023-03-17 22:45:00+00:00,2.75,7.076,7.203,5.425,-1.016715,SL,34,2.8,1091.49,30.56,-31.07,1060.42
736,S1_SOLUSDT,SOLUSDT,-1,2023-03-18 00:00:00+00:00,2023-03-18 00:00:00+00:00,0.0,21.598,21.696,20.324,-1.066116,SL,1,2.7132,1060.42,28.77,-30.67,1029.75
737,S1_ETHUSDT,ETHUSDT,-1,2023-03-19 04:00:00+00:00,2023-03-21 07:45:00+00:00,51.75,1782.09,1846.15,949.31,0.791654,BE,622,1.2411,1029.75,12.78,10.12,980.82
738,S1_SOLUSDT,SOLUSDT,-1,2023-03-20 08:00:00+00:00,2023-03-20 08:00:00+00:00,0.0,23.105,23.186,22.052,-1.085574,SL,1,2.7132,1029.75,27.94,-30.33,999.42
739,S1_LINKUSDT,LINKUSDT,-1,2023-03-20 16:00:00+00:00,2023-03-20 16:15:00+00:00,0.25,7.344,7.428,6.252,-1.026229,SL,4,2.8,999.42,27.98,-28.72,970.7
740,S1_BTCUSDT,BTCUSDT,-1,2023-03-21 12:00:00+00:00,2023-03-21 12:50:00+00:00,0.83,28026.1,28180.8,26015.0,-1.054349,SL,11,1.5086,980.82,14.8,-15.6,965.22
741,S1_LINKUSDT,LINKUSDT,-1,2023-03-22 04:00:00+00:00,2023-03-22 04:45:00+00:00,0.75,7.457,7.5,6.898,0.747974,BE,10,2.8,965.22,27.03,20.21,985.43
742,S3,BTCUSDT,-1,2023-03-22 20:00:00+00:00,2023-03-22 21:05:00+00:00,1.08,26653.3,27404.84119132,22895.59404342,-1.010639,SL,14,1.0606,985.43,10.45,-10.56,974.87
743,S3,ETHUSDT,-1,2023-03-22 20:00:00+00:00,2023-03-23 14:45:00+00:00,18.75,1716.11,1761.53997812,1488.9601094,-1.011332,SL,226,1.0606,985.43,10.45,-10.57,953.8
744,S3,XRPUSDT,-1,2023-03-22 20:00:00+00:00,2023-03-23 07:35:00+00:00,11.58,0.4113,0.4361174,0.28721301,-1.004972,SL,140,1.0606,985.43,10.45,-10.5,964.37
745,S1_BTCUSDT,BTCUSDT,-1,2023-03-23 16:00:00+00:00,2023-03-23 16:15:00+00:00,0.25,28574.6,28777.0,25943.4,0.757646,BE,4,1.5086,953.8,14.39,10.9,964.7
746,S3,BTCUSDT,-1,2023-03-27 15:00:00+00:00,2023-03-28 18:55:00+00:00,27.92,26933.0,27370.0786236,24747.60688201,-1.018486,SL,336,1.0606,964.7,10.23,-10.42,1301.7
747,S3,ETHUSDT,-1,2023-03-27 15:00:00+00:00,2023-03-28 11:50:00+00:00,20.83,1718.35,1746.54655727,1577.36721364,-1.018283,SL,251,1.0606,964.7,10.23,-10.42,954.28
748,S3,SOLUSDT,-1,2023-03-27 15:00:00+00:00,2023-03-28 14:25:00+00:00,23.42,19.876,20.31854147,17.66329263,-1.013474,SL,282,1.0606,964.7,10.23,-10.37,943.91
749,S3,LINKUSDT,-1,2023-03-27 15:00:00+00:00,2023-03-28 19:50:00+00:00,28.83,6.899,7.03221648,6.23291758,-1.015536,SL,347,1.0606,964.7,10.23,-10.39,1291.31
750,S3,BTCUSDT,-1,2023-03-27 18:00:00+00:00,2023-03-28 19:50:00+00:00,25.83,26947.2,27462.82993296,24369.05033519,-1.015678,SL,311,1.0606,964.7,10.23,-10.39,1280.92
751,S1_BTCUSDT,BTCUSDT,-1,2023-03-30 04:00:00+00:00,2023-03-30 17:30:00+00:00,13.5,28470.4,29184.8,19183.2,0.788044,BE,163,1.5086,1280.92,19.32,15.23,1296.15
752,S1_LINKUSDT,LINKUSDT,-1,2023-03-31 08:00:00+00:00,2023-03-31 08:00:00+00:00,0.0,7.508,7.528,7.248,-1.11262,SL,1,2.8,1296.15,36.29,-40.38,1255.77
753,S1_LINKUSDT,LINKUSDT,-1,2023-03-31 16:00:00+00:00,2023-04-01 06:30:00+00:00,14.5,7.579,7.674,6.344,0.776066,BE,175,2.8,1255.77,35.16,27.29,1283.06
754,S3,DOGEUSDT,-1,2023-04-02 03:00:00+00:00,2023-04-03 17:40:00+00:00,38.67,0.08383,0.08673511,0.06930446,-1.008657,SL,465,1.0606,1283.06,13.61,-13.73,1236.38
755,S2,DOGEUSDT,-1,2023-04-02 14:00:00+00:00,2023-04-03 17:35:00+00:00,27.58,0.07975,0.08176206,0.06830018,-0.755725,SL,332,3.3981,1283.06,43.6,-32.95,1250.11
756,S1_ETHUSDT,ETHUSDT,-1,2023-04-04 12:00:00+00:00,2023-04-04 13:05:00+00:00,1.08,1864.18,1877.99,1684.65,-1.040496,SL,14,1.2411,1236.38,15.34,-15.97,1220.42
757,S1_BTCUSDT,BTCUSDT,-1,2023-04-10 20:00:00+00:00,2023-04-10 22:00:00+00:00,2.0,29164.9,29300.0,27408.6,-1.064763,SL,25,1.5086,1220.42,18.41,-19.6,1200.81
758,S1_ETHUSDT,ETHUSDT,-1,2023-04-10 20:00:00+00:00,2023-04-10 22:00:00+00:00,2.0,1888.14,1904.6,1674.16,-1.034413,SL,25,1.2411,1220.42,15.15,-15.67,1185.15
759,S1_SOLUSDT,SOLUSDT,-1,2023-04-11 04:00:00+00:00,2023-04-11 04:00:00+00:00,0.0,21.264,21.299,20.809,0.617737,BE,1,2.7132,1185.15,32.16,19.86,1205.01
760,S3,SOLUSDT,-1,2023-04-11 06:00:00+00:00,2023-04-11 07:15:00+00:00,1.25,21.973,22.5390093,19.14295352,-1.011646,SL,16,1.0606,1205.01,12.78,-12.93,1192.08
761,S1_ETHUSDT,ETHUSDT,-1,2023-04-13 08:00:00+00:00,2023-04-13 08:30:00+00:00,0.5,1921.11,1930.0,1805.54,-1.064829,SL,7,1.2411,1192.08,14.79,-15.75,1176.33
762,S3,ETHUSDT,-1,2023-04-13 14:00:00+00:00,2023-04-14 00:30:00+00:00,10.5,1992.0,2030.03868345,1801.80658275,-1.01571,SL,127,1.0606,1176.33,12.48,-12.67,1163.65
763,S1_LINKUSDT,LINKUSDT,-1,2023-04-14 04:00:00+00:00,2023-04-14 04:45:00+00:00,0.75,7.709,7.767,6.955,-1.039874,SL,10,2.8,1163.65,32.58,-33.88,1129.77
764,S3,XRPUSDT,-1,2023-04-14 08:00:00+00:00,2023-04-18 23:05:00+00:00,111.08,0.5283,0.53864189,0.47659053,-1.015325,SL,1334,1.0606,1129.77,11.98,-12.17,1033.37
765,S1_LINKUSDT,LINKUSDT,-1,2023-04-14 20:00:00+00:00,2023-04-15 01:20:00+00:00,5.33,7.759,7.907,5.835,0.784272,BE,65,2.8,1129.77,31.63,24.81,1154.58
766,S1_SOLUSDT,SOLUSDT,-1,2023-04-14 20:00:00+00:00,2023-04-16 20:50:00+00:00,48.83,24.539,25.5,12.046,-1.00766,SL,587,2.7132,1129.77,30.65,-30.89,1135.25
767,S1_BTCUSDT,BTCUSDT,-1,2023-04-16 08:00:00+00:00,2023-04-16 09:40:00+00:00,1.67,30330.8,30397.4,29465.0,0.663375,BE,21,1.5086,1154.58,17.42,11.55,1166.14
768,S1_SOLUSDT,SOLUSDT,-1,2023-04-17 00:00:00+00:00,2023-04-17 00:00:00+00:00,0.0,25.352,25.538,22.934,-1.04089,SL,1,2.7132,1135.25,30.8,-32.06,1103.19
769,S1_LINKUSDT,LINKUSDT,-1,2023-04-17 16:00:00+00:00,2023-04-18 06:30:00+00:00,14.5,8.06,8.307,4.849,-1.009789,SL,175,2.8,1103.19,30.89,-31.19,1072.0
770,S1_ETHUSDT,ETHUSDT,-1,2023-04-18 08:00:00+00:00,2023-04-18 11:30:00+00:00,3.5,2100.01,2110.96,1957.66,-1.057535,SL,43,1.2411,1072.0,13.3,-14.07,1025.46
771,S1_LINKUSDT,LINKUSDT,-1,2023-04-18 08:00:00+00:00,2023-04-18 08:00:00+00:00,0.0,8.434,8.465,8.031,-1.081619,SL,1,2.8,1072.0,30.02,-32.47,1039.53
772,S1_SOLUSDT,SOLUSDT,-1,2023-04-18 12:00:00+00:00,2023-04-18 12:15:00+00:00,0.25,25.363,25.46,24.102,0.721558,BE,4,2.7132,1025.46,27.82,20.08,1045.54
773,S1_ETHUSDT,ETHUSDT,1,2023-04-20 00:00:00+00:00,2023-04-20 00:25:00+00:00,0.42,1932.83,1921.0,2086.62,0.750985,BE,6,1.2411,1033.37,12.83,9.63,1043.0
774,S1_BTCUSDT,BTCUSDT,1,2023-04-20 12:00:00+00:00,2023-04-20 12:05:00+00:00,0.08,28601.5,28520.2,29658.4,0.694459,BE,2,1.5086,1043.0,15.73,10.93,1053.93
775,S2,SOLUSDT,-1,2023-04-20 16:00:00+00:00,2023-04-26 12:20:00+00:00,140.33,22.116,22.74609418,18.65399622,-0.781657,SL,1685,3.3981,1053.93,35.81,-27.99,1059.71
776,S2,DOGEUSDT,-1,2023-04-20 17:00:00+00:00,2023-06-05 16:00:00+00:00,1103.0,0.08371,0.08689577,0.06411641,4.244553,TP,13237,3.3981,1053.93,35.81,152.01,991.06
777,S1_SOLUSDT,SOLUSDT,1,2023-04-20 20:00:00+00:00,2023-04-20 20:35:00+00:00,0.58,21.77,21.6,23.98,0.761582,BE,8,2.7132,1053.93,28.6,21.78,1075.71
778,S1_ETHUSDT,ETHUSDT,1,2023-04-21 12:00:00+00:00,2023-04-21 12:05:00+00:00,0.08,1908.17,1895.0,2079.38,-1.043466,SL,2,1.2411,1075.71,13.35,-13.93,1061.78
779,S1_LINKUSDT,LINKUSDT,1,2023-04-21 20:00:00+00:00,2023-04-21 20:05:00+00:00,0.08,7.069,7.021,7.693,-1.044181,SL,2,2.8,1061.78,29.73,-31.04,1030.73
780,S1_SOLUSDT,SOLUSDT,1,2023-04-21 20:00:00+00:00,2023-04-23 00:30:00+00:00,28.5,21.199,20.809,26.269,0.783693,BE,343,2.7132,1061.78,28.81,22.58,1053.31
781,S1_BTCUSDT,BTCUSDT,1,2023-04-23 04:00:00+00:00,2023-04-24 01:00:00+00:00,21.0,27545.2,27219.5,31779.3,0.774628,BE,253,1.5086,1053.31,15.89,12.31,1108.73
782,S1_ETHUSDT,ETHUSDT,1,2023-04-23 04:00:00+00:00,2023-04-23 12:20:00+00:00,8.33,1861.22,1845.2,2069.48,0.765146,BE,101,1.2411,1053.31,13.07,10.0,1063.31
783,S1_LINKUSDT,LINKUSDT,1,2023-04-23 16:00:00+00:00,2023-04-23 16:35:00+00:00,0.58,6.985,6.916,7.882,0.76963,BE,8,2.8,1063.31,29.77,22.91,1086.23
784,S1_ETHUSDT,ETHUSDT,1,2023-04-23 20:00:00+00:00,2023-04-23 21:50:00+00:00,1.83,1845.99,1833.3,2010.96,0.75636,BE,23,1.2411,1086.23,13.48,10.2,1096.42
785,S4,BTCUSDT,1,2023-04-24 18:00:00+00:00,2023-04-26 19:45:00+00:00,49.75,27365.2,26875.17643191,36920.65957785,0.983247,BE,598,1.9886,1108.73,22.05,21.68,1081.38
786,S1_ETHUSDT,ETHUSDT,1,2023-04-24 20:00:00+00:00,2023-04-25 08:20:00+00:00,12.33,1830.64,1806.0,2150.96,-1.022289,SL,149,1.2411,1108.73,13.76,-14.07,1094.66
787,S1_ETHUSDT,ETHUSDT,1,2023-04-25 16:00:00+00:00,2023-04-25 17:40:00+00:00,1.67,1814.13,1797.98,2024.08,0.766301,BE,21,1.2411,1094.66,13.59,10.41,1105.07
788,S1_BTCUSDT,BTCUSDT,-1,2023-04-26 12:00:00+00:00,2023-04-26 12:15:00+00:00,0.25,28940.7,29146.4,26266.6,-1.042208,SL,4,1.5086,1105.07,16.67,-17.37,1087.7
789,S3,LINKUSDT,-1,2023-04-26 20:00:00+00:00,2023-04-27 00:15:00+00:00,4.25,6.881,7.08795714,5.84621431,-1.009975,SL,52,1.0606,1081.38,11.47,-11.58,1069.8
790,S4,ETHUSDT,1,2023-04-26 21:00:00+00:00,2023-05-01 19:15:00+00:00,118.25,1865.16,1807.74927348,2984.66916711,-1.009746,SL,1420,1.9886,1081.38,21.5,-21.71,1061.68
791,S4,SOLUSDT,1,2023-04-26 21:00:00+00:00,2023-05-08 17:55:00+00:00,284.92,21.446,20.58665078,38.20330974,-1.007487,SL,3420,1.9886,1081.38,21.5,-21.67,892.32
792,S4,XRPUSDT,1,2023-04-26 21:00:00+00:00,2023-05-08 01:40:00+00:00,268.67,0.4545,0.43888248,0.7590417,-1.008731,SL,3225,1.9886,1081.38,21.5,-21.69,935.57
793,S4,XRPUSDT,1,2023-04-26 22:00:00+00:00,2023-05-08 01:40:00+00:00,267.67,0.4591,0.44328373,0.7675173,-1.008708,SL,3213,1.9886,1081.38,21.5,-21.69,913.88
794,S1_BTCUSDT,BTCUSDT,-1,2023-04-27 20:00:00+00:00,2023-04-27 22:50:00+00:00,2.83,29659.9,29898.0,26564.6,0.762629,BE,35,1.5086,1069.8,16.14,12.31,1082.11
795,S1_SOLUSDT,SOLUSDT,-1,2023-04-28 20:00:00+00:00,2023-04-28 20:55:00+00:00,0.92,23.299,23.45,21.336,0.753711,BE,12,2.7132,1082.11,29.36,22.13,1104.24
796,S1_SOLUSDT,SOLUSDT,-1,2023-04-30 08:00:00+00:00,2023-04-30 08:10:00+00:00,0.17,23.413,23.476,22.594,-1.11149,SL,3,2.7132,1104.24,29.96,-33.3,1070.94
797,S1_BTCUSDT,BTCUSDT,-1,2023-04-30 16:00:00+00:00,2023-04-30 19:05:00+00:00,3.08,29644.4,29950.0,25671.6,0.770899,BE,38,1.5086,1070.94,16.16,12.45,1083.39
798,S3,XRPUSDT,-1,2023-05-01 03:00:00+00:00,2023-05-05 18:10:00+00:00,111.17,0.4604,0.46803501,0.42222496,-1.01809,SL,1335,1.0606,1083.39,11.49,-11.7,991.05
799,S3,BTCUSDT,-1,2023-05-01 20:00:00+00:00,2023-05-02 14:25:00+00:00,18.42,27833.9,28308.75225483,25459.63872583,-1.017585,SL,222,1.0606,1061.68,11.26,-11.46,1038.77
800,S3,BTCUSDT,-1,2023-05-01 21:00:00+00:00,2023-05-02 07:15:00+00:00,10.25,27663.7,28147.49137949,25244.74310255,-1.017154,SL,124,1.0606,1061.68,11.26,-11.45,1050.23
801,S4,XRPUSDT,1,2023-05-02 18:00:00+00:00,2023-05-03 12:00:00+00:00,18.0,0.4608,0.45416876,0.59010912,-1.020847,SL,217,1.9886,1038.77,20.66,-21.09,1017.68
802,S1_ETHUSDT,ETHUSDT,-1,2023-05-05 16:00:00+00:00,2023-05-05 16:00:00+00:00,0.0,1952.84,1956.05,1911.11,-1.182508,SL,1,1.2411,1017.68,12.63,-14.94,1002.74
803,S1_LINKUSDT,LINKUSDT,-1,2023-05-05 20:00:00+00:00,2023-05-05 20:00:00+00:00,0.0,7.248,7.258,7.118,-1.21744,SL,1,2.8,991.05,27.75,-33.78,957.26
804,S2,SOLUSDT,-1,2023-05-08 00:00:00+00:00,2023-05-10 17:20:00+00:00,65.33,21.659,22.26887365,19.73949343,4.235613,TP,785,3.3981,957.26,32.53,137.78,995.16
805,S4,LINKUSDT,1,2023-05-08 01:00:00+00:00,2023-05-08 01:40:00+00:00,0.67,6.906,6.80942502,8.78921221,-1.021453,SL,9,1.9886,957.26,19.04,-19.44,894.43
806,S1_LINKUSDT,LINKUSDT,1,2023-05-08 08:00:00+00:00,2023-05-08 12:15:00+00:00,4.25,6.626,6.524,7.952,0.780512,BE,52,2.8,894.43,25.04,19.55,913.98
807,S3,XRPUSDT,-1,2023-05-08 09:00:00+00:00,2023-05-12 05:00:00+00:00,92.0,0.4318,0.44098451,0.38587745,-1.014104,SL,1105,1.0606,894.43,9.49,-9.62,905.61
808,S3,LINKUSDT,-1,2023-05-08 18:00:00+00:00,2023-05-10 12:45:00+00:00,42.75,6.516,6.65178806,5.8370597,-1.014396,SL,514,1.0606,892.32,9.46,-9.6,882.63
809,S3,DOGEUSDT,-1,2023-05-08 18:00:00+00:00,2023-05-09 01:05:00+00:00,7.08,0.07117,0.07281307,0.06295463,-1.012995,SL,86,1.0606,892.32,9.46,-9.59,873.14
810,S3,XRPUSDT,-1,2023-05-08 18:00:00+00:00,2023-05-08 23:20:00+00:00,5.33,0.4188,0.4282117,0.3717415,-1.013349,SL,65,1.0606,892.32,9.46,-9.59,882.73
811,S1_LINKUSDT,LINKUSDT,1,2023-05-08 20:00:00+00:00,2023-05-10 17:15:00+00:00,45.25,6.533,6.35,8.912,-1.01071,SL,544,2.8,892.32,24.98,-25.25,857.38
812,S1_SOLUSDT,SOLUSDT,1,2023-05-08 20:00:00+00:00,2023-05-09 12:20:00+00:00,16.33,20.381,19.838,27.44,0.78874,BE,197,2.7132,892.32,24.21,19.1,892.23
813,S4,DOGEUSDT,1,2023-05-10 19:00:00+00:00,2023-05-11 14:00:00+00:00,19.0,0.0725,0.07095824,0.10256438,-1.014107,SL,229,1.9886,995.16,19.79,-20.07,975.09
814,S4,BTCUSDT,1,2023-05-11 05:00:00+00:00,2023-05-11 14:00:00+00:00,9.0,27484.0,27008.01130518,36765.77954905,-1.017322,SL,109,1.9886,995.16,19.79,-20.13,954.96
815,S1_LINKUSDT,LINKUSDT,1,2023-05-11 16:00:00+00:00,2023-05-11 17:20:00+00:00,1.33,6.369,6.25,7.916,-1.016056,SL,17,2.8,954.96,26.74,-27.17,927.79
816,S1_SOLUSDT,SOLUSDT,1,2023-05-11 20:00:00+00:00,2023-05-12 11:55:00+00:00,15.92,19.998,19.65,24.522,0.78276,BE,192,2.7132,927.79,25.17,19.7,925.31
817,S1_ETHUSDT,ETHUSDT,1,2023-05-12 04:00:00+00:00,2023-05-12 04:00:00+00:00,0.0,1762.82,1757.0,1838.48,-1.090867,SL,1,1.2411,927.79,11.51,-12.56,915.23
818,S4,XRPUSDT,1,2023-05-16 03:00:00+00:00,2023-05-16 12:30:00+00:00,9.5,0.4238,0.4180779,0.53538102,-1.022219,SL,115,1.9886,925.31,18.4,-18.81,906.5
819,S4,SOLUSDT,1,2023-05-16 22:00:00+00:00,2023-05-18 17:40:00+00:00,43.67,20.705,20.36944921,27.24824031,-1.018511,SL,525,1.9886,906.5,18.03,-18.36,878.41
820,S3,XRPUSDT,-1,2023-05-17 07:00:00+00:00,2023-05-18 10:10:00+00:00,27.17,0.4465,0.45737614,0.39211932,-1.012316,SL,327,1.0606,906.5,9.61,-9.73,896.77
821,S3,SOLUSDT,-1,2023-05-21 21:00:00+00:00,2023-05-22 13:40:00+00:00,16.67,19.735,19.99157854,18.45210732,-1.023075,SL,201,1.0606,878.41,9.32,-9.53,844.59
822,S1_SOLUSDT,SOLUSDT,1,2023-05-22 00:00:00+00:00,2023-05-22 00:45:00+00:00,0.75,19.604,19.3,23.556,-1.019346,SL,10,2.7132,878.41,23.83,-24.29,854.12
823,S1_ETHUSDT,ETHUSDT,-1,2023-05-23 04:00:00+00:00,2023-05-23 04:35:00+00:00,0.58,1864.96,1874.23,1744.45,0.739645,BE,8,1.2411,844.59,10.48,7.75,852.34
824,S1_LINKUSDT,LINKUSDT,1,2023-05-24 16:00:00+00:00,2023-05-24 20:45:00+00:00,4.75,6.266,6.189,7.267,0.775587,BE,58,2.8,852.34,23.87,18.51,870.85
825,S1_SOLUSDT,SOLUSDT,1,2023-05-24 16:00:00+00:00,2023-06-05 16:00:00+00:00,288.0,19.16,18.53,27.35,0.790876,BE,3457,2.7132,852.34,23.13,18.29,1009.35
826,S3,SOLUSDT,-1,2023-05-28 03:00:00+00:00,2023-05-28 18:10:00+00:00,15.17,20.405,20.7717066,18.57146701,-1.016693,SL,183,1.0606,870.85,9.24,-9.39,861.46
827,S1_LINKUSDT,LINKUSDT,-1,2023-05-28 04:00:00+00:00,2023-05-28 22:00:00+00:00,18.0,6.522,6.597,5.547,-1.026088,SL,217,2.8,870.85,24.38,-25.02,836.44
828,S1_ETHUSDT,ETHUSDT,-1,2023-05-29 00:00:00+00:00,2023-05-29 14:35:00+00:00,14.58,1908.36,1930.0,1627.04,0.773544,BE,176,1.2411,836.44,10.38,8.03,844.47
829,S1_LINKUSDT,LINKUSDT,-1,2023-05-30 00:00:00+00:00,2023-05-30 10:30:00+00:00,10.5,6.637,6.678,6.104,0.751437,BE,127,2.8,844.47,23.65,17.77,862.24
830,S2,DOGEUSDT,-1,2023-05-30 15:00:00+00:00,2023-06-02 19:15:00+00:00,76.25,0.07215,0.07281507,0.06846276,-0.791522,SL,916,3.3981,862.24,29.3,-23.19,839.05
831,S1_LINKUSDT,LINKUSDT,1,2023-06-05 16:00:00+00:00,2023-06-05 16:00:00+00:00,0.0,6.082,6.051,6.485,-1.058858,SL,1,2.8,839.05,23.49,-24.88,984.47
832,S3,BTCUSDT,-1,2023-06-05 16:00:00+00:00,2023-06-06 16:55:00+00:00,24.92,25991.9,26320.87917064,24347.00414681,-1.023702,SL,300,1.0606,839.05,8.9,-9.11,937.74
833,S3,ETHUSDT,-1,2023-06-05 16:00:00+00:00,2023-06-06 15:05:00+00:00,23.08,1819.0,1841.27200615,1707.63996925,-1.024502,SL,278,1.0606,839.05,8.9,-9.12,946.85
834,S3,SOLUSDT,-1,2023-06-05 16:00:00+00:00,2023-06-05 16:15:00+00:00,0.25,19.94,20.48452791,17.21736047,-1.010986,SL,4,1.0606,839.05,8.9,-9.0,975.47
835,S3,LINKUSDT,-1,2023-06-05 16:00:00+00:00,2023-06-06 14:15:00+00:00,22.25,6.082,6.1917681,5.53315948,-1.016622,SL,268,1.0606,839.05,8.9,-9.05,955.96
836,S3,DOGEUSDT,-1,2023-06-05 16:00:00+00:00,2023-06-06 17:50:00+00:00,25.83,0.06815,0.06925181,0.06264093,-1.018556,SL,311,1.0606,839.05,8.9,-9.06,928.67
837,S3,XRPUSDT,-1,2023-06-05 16:00:00+00:00,2023-06-06 19:15:00+00:00,27.25,0.5038,0.51901968,0.42770161,-1.009931,SL,328,1.0606,839.05,8.9,-8.99,919.69
838,S3,DOGEUSDT,-1,2023-06-05 21:00:00+00:00,2023-06-06 13:50:00+00:00,16.83,0.06606,0.06780934,0.05731328,-1.011329,SL,203,1.0606,975.47,10.35,-10.46,965.01
839,S3,ETHUSDT,-1,2023-06-06 21:00:00+00:00,2023-06-10 07:05:00+00:00,82.08,1876.11,1906.18391357,1725.74043217,4.981285,TP,986,1.0606,919.69,9.75,48.59,1023.59
840,S3,DOGEUSDT,-1,2023-06-06 21:00:00+00:00,2023-06-10 04:20:00+00:00,79.33,0.07039,0.07221663,0.06125685,4.988439,TP,953,1.0606,919.69,9.75,48.66,883.51
841,S1_LINKUSDT,LINKUSDT,1,2023-06-07 16:00:00+00:00,2023-06-07 17:10:00+00:00,1.17,5.982,5.936,6.58,-1.039013,SL,15,2.8,919.69,25.75,-26.76,892.93
842,S1_SOLUSDT,SOLUSDT,1,2023-06-09 04:00:00+00:00,2023-06-09 07:30:00+00:00,3.5,18.754,18.546,21.458,-1.027049,SL,43,2.7132,892.93,24.23,-24.88,868.05
843,S2,DOGEUSDT,-1,2023-06-09 16:00:00+00:00,2023-06-10 00:15:00+00:00,8.25,0.06883,0.0698717,0.06363369,-0.868883,SL,100,3.3981,868.05,29.5,-25.63,860.61
844,S3,SOLUSDT,-1,2023-06-09 19:00:00+00:00,2023-06-10 04:20:00+00:00,9.33,17.938,18.44938214,15.38108928,4.989477,TP,113,1.0606,868.05,9.21,45.94,929.44
845,S1_SOLUSDT,SOLUSDT,1,2023-06-09 20:00:00+00:00,2023-06-09 20:20:00+00:00,0.33,17.383,17.193,19.853,0.772553,BE,5,2.7132,868.05,23.55,18.2,886.24
846,S3,SOLUSDT,-1,2023-06-10 01:00:00+00:00,2023-06-10 04:20:00+00:00,3.33,16.924,17.55277454,13.78012732,4.991925,TP,41,1.0606,860.61,9.13,45.56,975.01
847,S1_LINKUSDT,LINKUSDT,1,2023-06-10 04:00:00+00:00,2023-06-10 04:15:00+00:00,0.25,5.771,5.746,6.096,-1.069252,SL,4,2.8,860.61,24.1,-25.77,834.85
848,S3,SOLUSDT,-1,2023-06-10 04:00:00+00:00,2023-06-21 01:00:00+00:00,261.0,16.279,17.05503413,12.39882934,-1.006293,SL,3133,1.0606,860.61,9.13,-9.19,934.5
849,S1_SOLUSDT,SOLUSDT,1,2023-06-12 04:00:00+00:00,2023-06-12 04:40:00+00:00,0.67,15.087,14.9,17.518,0.775796,BE,9,2.7132,1023.59,27.77,21.55,1045.14
850,S1_SOLUSDT,SOLUSDT,1,2023-06-12 20:00:00+00:00,2023-06-12 23:10:00+00:00,3.17,14.949,14.708,18.082,0.781391,BE,39,2.7132,1045.14,28.36,22.16,1067.3
851,S4,XRPUSDT,1,2023-06-13 17:00:00+00:00,2023-06-14 20:05:00+00:00,27.08,0.5124,0.49140506,0.92180131,-1.007322,SL,326,1.9886,1067.3,21.22,-21.38,1045.92
852,S3,LINKUSDT,-1,2023-06-14 20:00:00+00:00,2023-06-21 16:35:00+00:00,164.58,5.444,5.56140707,4.85696466,-1.013911,SL,1976,1.0606,1067.3,11.32,-11.48,885.85
853,S3,BTCUSDT,-1,2023-06-14 21:00:00+00:00,2023-06-15 18:50:00+00:00,21.83,24920.1,25301.78723725,23011.66381377,-1.019587,SL,263,1.0606,1045.92,11.09,-11.31,1018.46
854,S3,ETHUSDT,-1,2023-06-14 21:00:00+00:00,2023-06-15 19:00:00+00:00,22.0,1637.21,1669.34929349,1476.51353254,-1.015282,SL,265,1.0606,1045.92,11.09,-11.26,1007.19
855,S1_BTCUSDT,BTCUSDT,1,2023-06-15 00:00:00+00:00,2023-06-15 11:15:00+00:00,11.25,25115.9,24796.8,29264.2,-1.023613,SL,136,1.5086,1045.92,15.78,-16.15,1029.77
856,S1_ETHUSDT,ETHUSDT,1,2023-06-15 00:00:00+00:00,2023-06-15 21:00:00+00:00,21.0,1650.19,1625.5,1971.16,0.779949,BE,253,1.2411,1045.92,12.98,10.12,1017.32
857,S4,LINKUSDT,1,2023-06-15 18:00:00+00:00,2023-06-18 20:20:00+00:00,74.33,5.246,5.11664639,7.76839535,-1.012167,SL,893,1.9886,1029.77,20.48,-20.73,996.59
858,S3,ETHUSDT,-1,2023-06-17 07:00:00+00:00,2023-06-20 17:45:00+00:00,82.75,1747.2,1773.44747513,1615.96262434,-1.01997,SL,994,1.0606,1017.32,10.79,-11.01,981.77
859,S3,SOLUSDT,-1,2023-06-17 07:00:00+00:00,2023-06-20 17:45:00+00:00,82.75,15.855,16.32369059,13.51154705,-1.010148,SL,994,1.0606,1017.32,10.79,-10.9,970.87
860,S1_BTCUSDT,BTCUSDT,-1,2023-06-17 08:00:00+00:00,2023-06-18 23:00:00+00:00,39.0,26587.7,26900.0,22527.8,0.774459,BE,469,1.5086,1017.32,15.35,11.89,1008.48
861,S4,SOLUSDT,1,2023-06-19 01:00:00+00:00,2023-06-28 07:30:00+00:00,222.5,15.526,15.20834217,21.7203277,0.985337,BE,2671,1.9886,1008.48,20.05,19.76,903.36
862,S1_BTCUSDT,BTCUSDT,-1,2023-06-20 00:00:00+00:00,2023-06-20 01:05:00+00:00,1.08,26828.6,27077.0,23599.4,-1.032402,SL,14,1.5086,1008.48,15.21,-15.71,992.77
863,S1_SOLUSDT,SOLUSDT,-1,2023-06-20 20:00:00+00:00,2023-06-20 20:45:00+00:00,0.75,16.344,16.497,14.355,-1.032047,SL,10,2.7132,970.87,26.34,-27.19,943.68
864,S3,ETHUSDT,-1,2023-06-21 13:00:00+00:00,2023-06-21 14:25:00+00:00,1.42,1815.0,1842.4005118,1677.99744102,-1.019872,SL,18,1.0606,934.5,9.91,-10.11,924.39
865,S1_LINKUSDT,LINKUSDT,-1,2023-06-21 16:00:00+00:00,2023-06-21 16:05:00+00:00,0.08,5.435,5.471,4.967,-1.045292,SL,2,2.8,924.39,25.88,-27.06,897.33
866,S1_LINKUSDT,LINKUSDT,-1,2023-06-22 20:00:00+00:00,2023-06-23 06:10:00+00:00,10.17,5.628,5.782,3.626,-1.010964,SL,123,2.8,885.85,24.8,-25.08,860.78
867,S1_SOLUSDT,SOLUSDT,-1,2023-06-23 20:00:00+00:00,2023-06-23 20:30:00+00:00,0.5,17.113,17.29,14.812,-1.029005,SL,7,2.7132,860.78,23.35,-24.03,836.75
868,S1_BTCUSDT,BTCUSDT,-1,2023-06-26 08:00:00+00:00,2023-06-26 10:05:00+00:00,2.08,30395.5,30649.6,27092.2,0.764114,BE,26,1.5086,836.75,12.62,9.65,846.39
869,S1_BTCUSDT,BTCUSDT,-1,2023-06-26 16:00:00+00:00,2023-06-26 16:45:00+00:00,0.75,30400.7,30667.3,26934.9,0.765791,BE,10,1.5086,846.39,12.77,9.78,856.17
870,S4,DOGEUSDT,1,2023-06-27 03:00:00+00:00,2023-06-28 07:30:00+00:00,28.5,0.06552,0.06411777,0.0928635,-1.014018,SL,343,1.9886,856.17,17.03,-17.26,886.09
871,S1_LINKUSDT,LINKUSDT,-1,2023-06-27 04:00:00+00:00,2023-06-27 15:40:00+00:00,11.67,6.186,6.261,5.211,0.775256,BE,141,2.8,856.17,23.97,18.59,883.6
872,S1_BTCUSDT,BTCUSDT,-1,2023-06-27 12:00:00+00:00,2023-06-27 12:25:00+00:00,0.42,30720.1,30800.0,29681.4,0.684655,BE,6,1.5086,856.17,12.92,8.84,865.01
873,S1_SOLUSDT,SOLUSDT,-1,2023-06-29 12:00:00+00:00,2023-06-29 13:35:00+00:00,1.58,18.045,18.283,14.951,0.777254,BE,20,2.7132,886.09,24.04,18.69,904.78
874,S1_BTCUSDT,BTCUSDT,-1,2023-06-30 12:00:00+00:00,2023-06-30 13:35:00+00:00,1.58,30897.7,31300.0,25667.8,0.776959,BE,20,1.5086,904.78,13.65,10.61,915.39
875,S2,XRPUSDT,-1,2023-07-01 01:00:00+00:00,2023-07-01 12:55:00+00:00,11.92,0.4672,0.47403534,0.41986419,-0.626288,SL,144,3.3981,915.39,31.11,-19.48,895.91
876,S4,XRPUSDT,1,2023-07-01 02:00:00+00:00,2023-07-07 00:00:00+00:00,142.0,0.4692,0.45808629,0.68591729,-1.012665,SL,1705,1.9886,915.39,18.2,-18.43,859.17
877,S1_LINKUSDT,LINKUSDT,-1,2023-07-01 20:00:00+00:00,2023-07-01 20:30:00+00:00,0.5,6.421,6.465,5.849,-1.04378,SL,7,2.8,895.91,25.09,-26.18,869.72
878,S1_SOLUSDT,SOLUSDT,-1,2023-07-02 04:00:00+00:00,2023-07-02 04:05:00+00:00,0.08,18.764,18.914,16.814,0.762472,BE,2,2.7132,869.72,23.6,17.99,887.71
879,S1_LINKUSDT,LINKUSDT,-1,2023-07-02 12:00:00+00:00,2023-07-02 12:05:00+00:00,0.08,6.483,6.525,5.937,-1.046307,SL,2,2.8,887.71,24.86,-26.01,861.71
880,S1_LINKUSDT,LINKUSDT,-1,2023-07-03 00:00:00+00:00,2023-07-03 00:05:00+00:00,0.08,6.539,6.56,6.266,0.706586,BE,2,2.8,861.71,24.13,17.05,878.76
881,S1_ETHUSDT,ETHUSDT,-1,2023-07-04 12:00:00+00:00,2023-07-04 13:50:00+00:00,1.83,1960.13,1967.91,1858.99,0.724417,BE,23,1.2411,878.76,10.91,7.9,886.66
882,S1_SOLUSDT,SOLUSDT,-1,2023-07-04 16:00:00+00:00,2023-07-04 16:00:00+00:00,0.0,19.851,19.95,18.564,0.739845,BE,1,2.7132,886.66,24.06,17.8,904.45
883,S1_SOLUSDT,SOLUSDT,-1,2023-07-06 12:00:00+00:00,2023-07-06 12:30:00+00:00,0.5,19.888,20.35,13.882,0.787086,BE,7,2.7132,904.45,24.54,19.31,923.77
884,S4,ETHUSDT,1,2023-07-06 19:00:00+00:00,2023-07-06 22:50:00+00:00,3.83,1892.93,1863.49073751,2466.99561859,-1.01929,SL,47,1.9886,923.77,18.37,-18.72,877.6
885,S1_SOLUSDT,SOLUSDT,-1,2023-07-06 20:00:00+00:00,2023-07-06 20:00:00+00:00,0.0,20.884,20.95,20.026,-1.094927,SL,1,2.7132,923.77,25.06,-27.44,896.33
886,S1_ETHUSDT,ETHUSDT,1,2023-07-07 00:00:00+00:00,2023-07-07 00:00:00+00:00,0.0,1844.81,1844.47,1849.23,-2.627774,SL,1,1.2411,877.6,10.89,-28.62,830.55
887,S3,ETHUSDT,-1,2023-07-07 00:00:00+00:00,2023-07-07 14:00:00+00:00,14.0,1844.81,1874.15502173,1698.08489134,-1.01886,SL,169,1.0606,877.6,9.31,-9.48,821.06
888,S1_SOLUSDT,SOLUSDT,-1,2023-07-07 16:00:00+00:00,2023-07-07 22:15:00+00:00,6.25,21.214,21.74,14.376,-1.012099,SL,76,2.7132,821.06,22.28,-22.55,798.52
889,S4,ETHUSDT,1,2023-07-10 03:00:00+00:00,2023-07-17 18:30:00+00:00,183.5,1864.27,1847.0551766,2199.95905639,0.967512,BE,2203,1.9886,798.52,15.88,15.36,1634.0
890,S4,LINKUSDT,1,2023-07-10 03:00:00+00:00,2023-07-10 08:20:00+00:00,5.33,6.113,6.0196188,7.93393343,-1.019639,SL,65,1.9886,798.52,15.88,-16.19,782.32
891,S4,XRPUSDT,1,2023-07-10 03:00:00+00:00,2023-07-13 15:35:00+00:00,84.58,0.4679,0.46285059,0.56636342,19.472201,TP,1016,1.9886,798.52,15.88,309.2,1078.24
892,S4,XRPUSDT,1,2023-07-10 05:00:00+00:00,2023-07-13 15:40:00+00:00,82.67,0.4679,0.46265434,0.5701904,19.473241,TP,993,1.9886,798.52,15.88,309.22,1387.46
893,S4,LINKUSDT,1,2023-07-10 08:00:00+00:00,2023-07-20 09:05:00+00:00,241.08,6.093,6.00520299,7.80504167,19.47918,TP,2894,1.9886,798.52,15.88,309.32,1846.95
894,S1_SOLUSDT,SOLUSDT,-1,2023-07-11 08:00:00+00:00,2023-07-11 08:45:00+00:00,0.75,22.1,22.28,19.76,0.763167,BE,10,2.7132,782.32,21.23,16.2,798.52
895,S1_SOLUSDT,SOLUSDT,-1,2023-07-12 12:00:00+00:00,2023-07-12 12:30:00+00:00,0.5,22.111,22.272,20.018,-1.041201,SL,7,2.7132,798.52,21.67,-22.56,775.97
896,S4,DOGEUSDT,1,2023-07-12 21:00:00+00:00,2023-07-25 16:30:00+00:00,307.5,0.06447,0.06366241,0.08021799,19.476051,TP,3691,1.9886,775.97,15.43,300.53,2113.98
897,S4,XRPUSDT,1,2023-07-12 23:00:00+00:00,2023-07-13 15:40:00+00:00,16.67,0.4708,0.46561459,0.57191547,19.472762,TP,201,1.9886,775.97,15.43,300.48,1687.94
898,S1_LINKUSDT,LINKUSDT,-1,2023-07-13 12:00:00+00:00,2023-07-13 12:20:00+00:00,0.33,6.45,6.474,6.138,0.719375,BE,5,2.8,775.97,21.73,15.63,769.04
899,S1_SOLUSDT,SOLUSDT,-1,2023-07-13 12:00:00+00:00,2023-07-13 12:05:00+00:00,0.08,22.407,22.501,21.185,-1.071512,SL,2,2.7132,775.97,21.05,-22.56,753.41
900,S1_ETHUSDT,ETHUSDT,-1,2023-07-13 16:00:00+00:00,2023-07-13 16:10:00+00:00,0.17,1932.58,1944.74,1774.5,-1.047679,SL,3,1.2411,1687.94,20.95,-21.95,1666.0
901,S1_BTCUSDT,BTCUSDT,-1,2023-07-13 20:00:00+00:00,2023-07-13 20:55:00+00:00,0.92,31600.5,31850.0,28357.0,0.762003,BE,12,1.5086,1666.0,25.13,19.15,1685.15
902,S3,ETHUSDT,-1,2023-07-13 21:00:00+00:00,2023-07-14 00:35:00+00:00,3.58,1984.61,2021.27659052,1801.27704739,-1.016238,SL,44,1.0606,1685.15,17.87,-18.16,1666.98
903,S2,ETHUSDT,-1,2023-07-14 18:00:00+00:00,2023-08-01 02:05:00+00:00,416.08,1960.23,1993.31378766,1826.84869932,4.231262,TP,4994,3.3981,1666.98,56.65,239.68,2270.64
904,S2,XRPUSDT,-1,2023-07-14 18:00:00+00:00,2023-07-16 10:05:00+00:00,40.08,0.7085,0.75456276,0.42727678,-0.699338,SL,482,3.3981,1666.98,56.65,-39.61,1627.37
905,S3,BTCUSDT,-1,2023-07-14 19:00:00+00:00,2023-08-17 20:50:00+00:00,817.83,30074.6,30587.32004202,27510.99978989,4.982403,TP,9815,1.0606,1666.98,17.68,88.09,2444.08
906,S3,ETHUSDT,-1,2023-07-14 19:00:00+00:00,2023-08-17 15:40:00+00:00,812.67,1915.0,1951.83784721,1730.81076397,4.984405,TP,9753,1.0606,1666.98,17.68,88.12,2355.99
907,S1_LINKUSDT,LINKUSDT,-1,2023-07-15 00:00:00+00:00,2023-07-17 16:45:00+00:00,64.75,6.954,7.18,4.016,0.790769,BE,778,2.8,1666.98,46.68,36.91,1652.11
908,S1_SOLUSDT,SOLUSDT,-1,2023-07-16 08:00:00+00:00,2023-07-16 10:05:00+00:00,2.08,27.697,28.2,21.158,-1.016519,SL,26,2.7132,1666.98,45.23,-45.98,1581.39
909,S1_SOLUSDT,SOLUSDT,-1,2023-07-17 04:00:00+00:00,2023-07-17 09:45:00+00:00,5.75,28.012,28.708,18.964,0.787926,BE,70,2.7132,1581.39,42.91,33.81,1615.2
910,S4,BTCUSDT,1,2023-07-17 13:00:00+00:00,2023-07-17 17:20:00+00:00,4.33,30196.9,29981.41108194,34398.93390211,-1.04204,SL,53,1.9886,1615.2,32.12,-33.47,1618.64
911,S1_LINKUSDT,LINKUSDT,-1,2023-07-18 00:00:00+00:00,2023-07-18 00:20:00+00:00,0.33,7.185,7.265,6.145,-1.026944,SL,5,2.8,1634.0,45.75,-46.98,1587.02
912,S1_LINKUSDT,LINKUSDT,-1,2023-07-20 08:00:00+00:00,2023-07-20 08:00:00+00:00,0.0,7.428,7.448,7.168,-1.11142,SL,1,2.8,1587.02,44.44,-49.39,1537.63
913,S1_XRPUSDT,XRPUSDT,-1,2023-07-21 00:00:00+00:00,2023-07-21 09:45:00+00:00,9.75,0.7941,0.8245,0.3989,0.792163,BE,118,4.1176,1846.95,76.05,60.24,1907.19
914,S1_LINKUSDT,LINKUSDT,-1,2023-07-23 08:00:00+00:00,2023-07-23 17:20:00+00:00,9.33,8.0,8.069,7.103,-1.034783,SL,113,2.8,1907.19,53.4,-55.26,1851.93
915,S4,ETHUSDT,1,2023-07-23 18:00:00+00:00,2023-07-23 21:40:00+00:00,3.67,1893.77,1881.1093453,2140.65276671,-1.044874,SL,45,1.9886,1851.93,36.83,-38.48,1813.45
916,S3,SOLUSDT,-1,2023-07-26 17:00:00+00:00,2023-07-26 18:15:00+00:00,1.25,24.68,25.27719271,21.69403643,-1.012398,SL,16,1.0606,2113.98,22.42,-22.7,2091.29
917,S1_LINKUSDT,LINKUSDT,-1,2023-07-27 04:00:00+00:00,2023-07-27 04:25:00+00:00,0.42,7.981,8.02,7.474,0.738608,BE,6,2.8,2091.29,58.56,43.25,2134.54
918,S1_LINKUSDT,LINKUSDT,-1,2023-07-27 12:00:00+00:00,2023-07-27 12:00:00+00:00,0.0,8.032,8.058,7.694,-1.092677,SL,1,2.8,2134.54,59.77,-65.31,2069.23
919,S4,BTCUSDT,1,2023-07-30 21:00:00+00:00,2023-08-01 02:05:00+00:00,29.08,29255.6,29087.4834262,32533.87318911,-1.052206,SL,350,1.9886,2069.23,41.15,-43.3,2227.34
920,S4,DOGEUSDT,1,2023-07-30 21:00:00+00:00,2023-08-01 02:05:00+00:00,29.08,0.0783,0.07638446,0.11565304,-1.012263,SL,350,1.9886,2069.23,41.15,-41.65,2185.69
921,S4,BTCUSDT,1,2023-07-31 00:00:00+00:00,2023-08-01 02:05:00+00:00,26.08,29271.2,29097.51468198,32658.06370134,-1.050559,SL,314,1.9886,2069.23,41.15,-43.23,2142.46
922,S2,ETHUSDT,-1,2023-07-31 16:00:00+00:00,2023-08-01 01:00:00+00:00,9.0,1856.35,1862.37725304,1804.93899451,-0.544293,SL,109,3.3981,2069.23,70.31,-38.27,2030.96
923,S1_ETHUSDT,ETHUSDT,1,2023-08-01 04:00:00+00:00,2023-08-02 15:00:00+00:00,35.0,1825.63,1808.47,2048.71,0.768083,BE,421,1.2411,2142.46,26.59,20.42,2139.41
924,S3,BTCUSDT,-1,2023-08-01 04:00:00+00:00,2023-08-01 18:20:00+00:00,14.33,28820.1,29080.48489585,27518.17552077,-1.033205,SL,173,1.0606,2142.46,22.72,-23.48,2118.98
925,S1_LINKUSDT,LINKUSDT,1,2023-08-04 00:00:00+00:00,2023-08-04 01:50:00+00:00,1.83,7.122,7.058,7.954,0.766616,BE,23,2.8,2139.41,59.9,45.92,2185.33
926,S4,DOGEUSDT,1,2023-08-04 01:00:00+00:00,2023-08-04 20:45:00+00:00,19.75,0.07391,0.07253581,0.10070663,-1.016135,SL,238,1.9886,2139.41,42.54,-43.23,2187.63
927,S1_LINKUSDT,LINKUSDT,1,2023-08-04 20:00:00+00:00,2023-08-04 20:25:00+00:00,0.42,7.092,7.054,7.586,0.744011,BE,6,2.8,2185.33,61.19,45.53,2230.86
928,S4,ETHUSDT,1,2023-08-07 21:00:00+00:00,2023-08-16 20:25:00+00:00,215.42,1827.02,1810.68759152,2145.50196533,-1.033559,SL,2586,1.9886,2187.63,43.5,-44.96,2297.34
929,S3,LINKUSDT,-1,2023-08-08 14:00:00+00:00,2023-08-08 21:20:00+00:00,7.33,7.36,7.49472381,6.68638096,-1.016389,SL,89,1.0606,2187.63,23.2,-23.58,2164.04
930,S1_ETHUSDT,ETHUSDT,-1,2023-08-08 20:00:00+00:00,2023-08-08 21:20:00+00:00,1.33,1858.31,1871.17,1691.13,-1.043351,SL,17,1.2411,2187.63,27.15,-28.33,2135.72
931,S1_LINKUSDT,LINKUSDT,-1,2023-08-09 12:00:00+00:00,2023-08-09 12:05:00+00:00,0.08,7.639,7.679,7.119,-1.057292,SL,2,2.8,2135.72,59.8,-63.23,2072.49
932,S3,LINKUSDT,-1,2023-08-09 14:00:00+00:00,2023-08-15 19:05:00+00:00,149.08,7.733,7.90919864,6.85200681,4.986834,TP,1790,1.0606,2072.49,21.98,109.61,2051.1
933,S1_LINKUSDT,LINKUSDT,-1,2023-08-10 12:00:00+00:00,2023-08-12 00:45:00+00:00,36.75,7.618,7.753,5.863,0.783071,BE,442,2.8,2072.49,58.03,45.44,2117.93
934,S2,LINKUSDT,-1,2023-08-13 23:00:00+00:00,2023-08-14 05:25:00+00:00,6.42,7.332,7.46483296,6.88813234,-1.292927,SL,78,3.3981,2117.93,71.97,-93.05,2024.88
935,S4,LINKUSDT,1,2023-08-14 01:00:00+00:00,2023-08-15 10:10:00+00:00,33.17,7.4,7.29367211,9.47339391,-1.020879,SL,399,1.9886,2117.93,42.12,-43.0,1981.88
936,S2,LINKUSDT,-1,2023-08-14 19:00:00+00:00,2023-08-15 19:05:00+00:00,24.08,7.414,7.49433976,6.88474676,4.232139,TP,290,3.3981,2024.88,68.81,291.2,2342.3
937,S4,DOGEUSDT,1,2023-08-15 15:00:00+00:00,2023-08-15 18:05:00+00:00,3.08,0.07409,0.07319983,0.09144826,-1.024969,SL,38,1.9886,1981.88,39.41,-40.4,1941.49
938,S1_ETHUSDT,ETHUSDT,1,2023-08-17 00:00:00+00:00,2023-08-17 00:40:00+00:00,0.67,1807.19,1791.11,2016.23,-1.033716,SL,9,1.2411,2297.34,28.51,-29.47,2267.87
939,S3,BTCUSDT,-1,2023-08-17 00:00:00+00:00,2023-08-17 20:50:00+00:00,20.83,28714.4,28939.76733778,27587.56331111,4.961777,TP,251,1.0606,2297.34,24.37,120.9,2564.98
940,S3,BTCUSDT,-1,2023-08-17 14:00:00+00:00,2023-08-17 21:40:00+00:00,7.67,28393.4,28628.97622667,27215.51886664,4.963842,TP,93,1.0606,2267.87,24.05,119.4,2684.37
941,S3,BTCUSDT,-1,2023-08-17 16:00:00+00:00,2023-08-17 21:40:00+00:00,5.67,27920.9,28235.22950157,26349.25249215,4.973352,TP,69,1.0606,2355.99,24.99,124.27,2808.65
942,S3,SOLUSDT,-1,2023-08-18 00:00:00+00:00,2023-10-01 10:05:00+00:00,1066.08,21.664,22.81768643,15.89556783,-1.005633,SL,12794,1.0606,2808.65,29.79,-29.96,3100.08
943,S3,DOGEUSDT,-1,2023-08-18 00:00:00+00:00,2023-08-19 16:45:00+00:00,40.75,0.06098,0.06422741,0.04474297,-1.005633,SL,490,1.0606,2808.65,29.79,-29.96,2778.69
944,S1_ETHUSDT,ETHUSDT,1,2023-08-22 00:00:00+00:00,2023-08-22 15:50:00+00:00,15.83,1666.8,1647.22,1921.34,-1.025538,SL,191,1.2411,2778.69,34.49,-35.37,2743.32
945,S1_LINKUSDT,LINKUSDT,1,2023-08-22 04:00:00+00:00,2023-08-22 17:35:00+00:00,13.58,6.139,6.0,7.946,-1.01325,SL,164,2.8,2778.69,77.8,-78.83,2664.49
946,S1_LINKUSDT,LINKUSDT,1,2023-08-22 20:00:00+00:00,2023-08-22 21:25:00+00:00,1.42,6.016,5.956,6.796,-1.03008,SL,18,2.8,2664.49,74.61,-76.85,2587.64
947,S3,BTCUSDT,-1,2023-08-22 20:00:00+00:00,2023-08-22 23:40:00+00:00,3.67,25767.1,26025.61341438,24474.53292811,-1.029902,SL,45,1.0606,2664.49,28.26,-29.1,2529.94
948,S3,ETHUSDT,-1,2023-08-22 20:00:00+00:00,2023-08-23 06:45:00+00:00,10.75,1624.2,1647.07481768,1509.82591161,-1.021301,SL,130,1.0606,2664.49,28.26,-28.86,2501.08
949,S3,SOLUSDT,-1,2023-08-22 20:00:00+00:00,2023-08-22 23:10:00+00:00,3.17,20.048,20.55342617,17.52086916,-1.0119,SL,39,1.0606,2664.49,28.26,-28.6,2559.04
950,S1_BTCUSDT,BTCUSDT,1,2023-08-23 12:00:00+00:00,2023-08-23 18:35:00+00:00,6.58,25928.1,25280.0,34353.4,0.787998,BE,80,1.5086,2501.08,37.73,29.73,2530.81
951,S1_LINKUSDT,LINKUSDT,1,2023-08-25 16:00:00+00:00,2023-08-25 18:50:00+00:00,2.83,5.951,5.907,6.523,0.759425,BE,35,2.8,2530.81,70.86,53.81,2584.62
952,S4,DOGEUSDT,1,2023-08-28 15:00:00+00:00,2023-08-31 16:55:00+00:00,73.92,0.06295,0.062287,0.07587841,0.971516,BE,888,1.9886,2584.62,51.4,49.93,2601.7
953,S1_ETHUSDT,ETHUSDT,-1,2023-08-29 16:00:00+00:00,2023-08-29 16:20:00+00:00,0.33,1715.66,1736.92,1439.28,-1.02421,SL,5,1.2411,2584.62,32.08,-32.85,2551.77
954,S3,LINKUSDT,-1,2023-08-29 16:00:00+00:00,2023-09-06 17:55:00+00:00,193.92,6.184,6.31848027,5.51159865,-1.013795,SL,2328,1.0606,2584.62,27.41,-27.79,2853.78
955,S3,BTCUSDT,-1,2023-08-29 20:00:00+00:00,2023-09-01 17:25:00+00:00,69.42,27820.0,28299.48821828,25422.5589086,4.982594,TP,834,1.0606,2551.77,27.06,134.85,2736.55
956,S3,BTCUSDT,-1,2023-08-29 21:00:00+00:00,2023-09-11 14:40:00+00:00,305.67,27560.1,28051.76763126,25101.7618437,4.983184,TP,3669,1.0606,2551.77,27.06,134.87,2858.25
957,S1_ETHUSDT,ETHUSDT,-1,2023-08-31 12:00:00+00:00,2023-09-01 18:45:00+00:00,30.75,1712.86,1730.0,1490.04,5.47002,BE,370,1.2411,2551.77,31.67,173.24,2909.79
958,S2,DOGEUSDT,-1,2023-08-31 17:00:00+00:00,2023-10-09 09:50:00+00:00,928.83,0.06376,0.06556659,0.05828652,4.235148,TP,11147,3.3981,2601.7,88.41,374.42,3450.53
959,S3,ETHUSDT,-1,2023-08-31 17:00:00+00:00,2023-09-06 17:55:00+00:00,144.92,1649.75,1673.14683927,1532.76580363,-1.021153,SL,1740,1.0606,2601.7,27.59,-28.18,2825.6
960,S3,XRPUSDT,-1,2023-08-31 17:00:00+00:00,2023-09-11 10:20:00+00:00,257.33,0.5075,0.51664913,0.46175437,4.983359,TP,3089,1.0606,2601.7,27.59,137.51,2778.0
961,S4,LINKUSDT,1,2023-08-31 23:00:00+00:00,2023-09-10 04:20:00+00:00,221.33,5.871,5.74863502,8.25711703,0.985606,BE,2657,1.9886,2601.7,51.74,50.99,2773.31
962,S3,XRPUSDT,-1,2023-09-01 17:00:00+00:00,2023-09-03 05:30:00+00:00,36.5,0.4954,0.50405879,0.45210603,-1.017164,SL,439,1.0606,2601.7,27.59,-28.07,2881.72
963,S4,ETHUSDT,1,2023-09-04 23:00:00+00:00,2023-09-05 03:05:00+00:00,4.08,1623.52,1610.52059744,1877.00834994,-1.037468,SL,50,1.9886,2881.72,57.31,-59.45,2822.27
964,S4,SOLUSDT,1,2023-09-04 23:00:00+00:00,2023-09-06 07:55:00+00:00,32.92,19.335,18.98840211,26.09365885,0.983264,BE,396,1.9886,2881.72,57.31,56.35,2939.73
965,S4,LINKUSDT,1,2023-09-04 23:00:00+00:00,2023-09-10 01:25:00+00:00,122.42,5.988,5.89532938,7.79507719,0.980615,BE,1470,1.9886,2881.72,57.31,56.2,2722.32
966,S4,DOGEUSDT,1,2023-09-04 23:00:00+00:00,2023-09-10 04:20:00+00:00,125.33,0.0629,0.06207924,0.07890485,-1.022991,SL,1505,1.9886,2881.72,57.31,-58.62,2714.69
967,S4,BTCUSDT,1,2023-09-05 04:00:00+00:00,2023-09-06 17:05:00+00:00,37.08,25681.7,25469.78934474,29813.95777758,-1.036357,SL,446,1.9886,2822.27,56.12,-58.16,2881.57
968,S1_LINKUSDT,LINKUSDT,-1,2023-09-06 04:00:00+00:00,2023-09-06 05:15:00+00:00,1.25,6.203,6.273,5.293,0.773416,BE,16,2.8,2822.27,79.02,61.12,2883.39
969,S1_LINKUSDT,LINKUSDT,-1,2023-09-06 20:00:00+00:00,2023-09-07 02:25:00+00:00,6.42,6.246,6.368,4.66,-1.015359,SL,78,2.8,2825.6,79.12,-80.33,2745.27
970,S1_LINKUSDT,LINKUSDT,-1,2023-09-07 20:00:00+00:00,2023-09-07 21:05:00+00:00,1.08,6.321,6.385,5.489,-1.02963,SL,14,2.8,2745.27,76.87,-79.15,2666.12
971,S2,BTCUSDT,-1,2023-09-08 10:00:00+00:00,2023-09-11 20:00:00+00:00,82.0,26032.2,26205.67575797,24894.57371507,4.220824,TP,985,3.3981,2666.12,90.6,382.4,3163.31
972,S1_SOLUSDT,SOLUSDT,1,2023-09-10 08:00:00+00:00,2023-09-10 15:00:00+00:00,7.0,18.515,17.766,28.252,-1.007416,SL,85,2.7132,2714.69,73.65,-74.2,2640.49
973,S3,SOLUSDT,-1,2023-09-10 09:00:00+00:00,2023-09-12 10:20:00+00:00,49.33,18.328,18.72924512,16.32177438,-1.013703,SL,593,1.0606,2714.69,28.79,-29.19,3089.27
974,S4,BTCUSDT,1,2023-09-11 05:00:00+00:00,2023-09-11 10:20:00+00:00,5.33,25768.1,25575.07809311,29532.02718438,-1.040049,SL,65,1.9886,2640.49,52.51,-54.61,2723.38
975,S1_LINKUSDT,LINKUSDT,1,2023-09-11 12:00:00+00:00,2023-09-11 19:20:00+00:00,7.33,5.882,5.758,7.494,-1.014231,SL,89,2.8,2723.38,76.25,-77.34,2780.91
976,S4,SOLUSDT,1,2023-09-11 13:00:00+00:00,2023-10-21 06:30:00+00:00,953.5,17.829,17.29518667,28.23835999,19.48998,TP,11443,1.9886,2723.38,54.16,1055.52,3536.07
977,S1_BTCUSDT,BTCUSDT,1,2023-09-11 16:00:00+00:00,2023-09-11 20:00:00+00:00,4.0,25102.4,24915.0,27538.6,-1.040185,SL,49,1.5086,2858.25,43.12,-44.85,3118.45
978,S4,SOLUSDT,1,2023-09-11 18:00:00+00:00,2023-10-21 11:30:00+00:00,953.5,17.767,17.18218939,29.17080698,19.490886,TP,11443,1.9886,2858.25,56.84,1107.85,4627.75
979,S3,BTCUSDT,-1,2023-09-12 18:00:00+00:00,2023-09-13 15:45:00+00:00,21.75,25891.2,26356.65921352,23563.90393242,-1.016688,SL,262,1.0606,3089.27,32.76,-33.31,3055.96
980,S1_BTCUSDT,BTCUSDT,-1,2023-09-14 12:00:00+00:00,2023-09-14 12:15:00+00:00,0.25,26431.6,26536.7,25065.3,-1.075447,SL,4,1.5086,3055.96,46.1,-49.58,3006.37
981,S2,XRPUSDT,-1,2023-09-15 08:00:00+00:00,2023-09-15 19:45:00+00:00,11.75,0.4936,0.49882147,0.45838326,-0.648004,SL,142,3.3981,3006.37,102.16,-66.2,2940.17
982,S1_LINKUSDT,LINKUSDT,-1,2023-09-16 00:00:00+00:00,2023-09-16 00:00:00+00:00,0.0,6.361,6.373,6.205,-1.159025,SL,1,2.8,2940.17,82.32,-95.42,2844.76
983,S4,LINKUSDT,1,2023-09-18 03:00:00+00:00,2023-09-30 11:10:00+00:00,296.17,6.273,6.17480509,8.1878007,19.480835,TP,3555,1.9886,2844.76,56.57,1102.05,3153.2
984,S1_LINKUSDT,LINKUSDT,-1,2023-09-18 04:00:00+00:00,2023-09-18 04:00:00+00:00,0.0,6.62,6.623,6.581,-1.662,SL,1,2.8,2844.76,79.65,-132.38,2712.37
985,S3,LINKUSDT,-1,2023-09-18 07:00:00+00:00,2023-09-18 10:35:00+00:00,3.58,6.576,6.73363908,5.78780462,-1.012515,SL,44,1.0606,2712.37,28.77,-29.13,2638.85
986,S1_BTCUSDT,BTCUSDT,-1,2023-09-18 08:00:00+00:00,2023-09-18 09:35:00+00:00,1.58,26701.8,26796.0,25477.2,-1.085038,SL,20,1.5086,2712.37,40.92,-44.4,2667.98
987,S1_SOLUSDT,SOLUSDT,-1,2023-09-18 12:00:00+00:00,2023-09-18 12:20:00+00:00,0.33,19.579,19.749,17.369,-1.034551,SL,5,2.7132,2638.85,71.6,-74.07,2564.78
988,S1_SOLUSDT,SOLUSDT,-1,2023-09-19 04:00:00+00:00,2023-09-19 06:30:00+00:00,2.5,19.957,20.15,17.448,0.768979,BE,31,2.7132,2564.78,69.59,53.51,2618.29
989,S1_BTCUSDT,BTCUSDT,-1,2023-09-19 12:00:00+00:00,2023-09-19 13:55:00+00:00,1.92,27224.4,27470.0,24031.6,0.766745,BE,24,1.5086,2618.29,39.5,30.29,2703.58
990,S1_SOLUSDT,SOLUSDT,-1,2023-09-19 12:00:00+00:00,2023-09-19 12:40:00+00:00,0.67,20.208,20.444,17.14,0.774312,BE,9,2.7132,2618.29,71.04,55.01,2673.3
991,S1_BTCUSDT,BTCUSDT,-1,2023-09-20 16:00:00+00:00,2023-09-20 19:15:00+00:00,3.25,27168.7,27381.0,24408.8,0.761608,BE,40,1.5086,2703.58,40.79,31.06,2734.64
992,S4,BTCUSDT,1,2023-09-20 21:00:00+00:00,2023-09-21 09:35:00+00:00,12.58,27085.8,26734.01893309,33945.53080484,-1.023099,SL,152,1.9886,2734.64,54.38,-55.64,2679.01
993,S2,DOGEUSDT,-1,2023-09-21 11:00:00+00:00,2023-09-29 12:25:00+00:00,193.42,0.06139,0.06216445,0.05773777,-0.922638,SL,2322,3.3981,2679.01,91.04,-83.99,2051.15
994,S1_LINKUSDT,LINKUSDT,-1,2023-09-22 20:00:00+00:00,2023-09-23 00:00:00+00:00,4.0,6.873,6.97,5.612,-1.021257,SL,49,2.8,2679.01,75.01,-76.61,2602.4
995,S1_LINKUSDT,LINKUSDT,-1,2023-09-23 20:00:00+00:00,2023-09-24 00:00:00+00:00,4.0,7.177,7.229,6.501,-1.041406,SL,49,2.8,2602.4,72.87,-75.88,2526.52
996,S4,ETHUSDT,1,2023-09-24 21:00:00+00:00,2023-09-24 23:25:00+00:00,2.42,1589.78,1578.3502774,1812.65959066,-1.041728,SL,30,1.9886,2526.52,50.24,-52.34,2474.18
997,S4,SOLUSDT,1,2023-09-25 01:00:00+00:00,2023-09-26 15:30:00+00:00,38.5,19.425,19.13393763,25.10071622,-1.020021,SL,463,1.9886,2474.18,49.2,-50.19,2353.35
998,S1_LINKUSDT,LINKUSDT,-1,2023-09-25 04:00:00+00:00,2023-09-25 07:20:00+00:00,3.33,7.159,7.268,5.742,-1.019704,SL,41,2.8,2474.18,69.28,-70.64,2403.54
999,S4,DOGEUSDT,1,2023-09-27 10:00:00+00:00,2023-09-27 14:30:00+00:00,4.5,0.06091,0.06033134,0.07219387,-1.031578,SL,55,1.9886,2353.35,46.8,-48.28,2305.07
1000,S2,ETHUSDT,-1,2023-09-27 15:00:00+00:00,2023-09-28 10:25:00+00:00,19.42,1594.01,1621.70410477,1512.1773963,-1.463137,SL,234,3.3981,2305.07,78.33,-114.61,2190.47
1001,S2,DOGEUSDT,-1,2023-09-27 15:00:00+00:00,2023-09-28 10:35:00+00:00,19.58,0.06034,0.06110033,0.05748821,-1.160085,SL,236,3.3981,2305.07,78.33,-90.87,2099.6
1002,S1_SOLUSDT,SOLUSDT,-1,2023-09-29 00:00:00+00:00,2023-09-29 00:00:00+00:00,0.0,19.948,19.982,19.506,0.623988,BE,1,2.7132,2099.6,56.97,35.55,2135.15
1003,S3,ETHUSDT,-1,2023-09-29 09:00:00+00:00,2023-09-30 15:45:00+00:00,30.75,1670.87,1692.75496965,1561.44515174,-1.022904,SL,370,1.0606,2135.15,22.65,-23.16,3130.04
1004,S1_BTCUSDT,BTCUSDT,-1,2023-10-02 00:00:00+00:00,2023-10-02 07:40:00+00:00,7.67,27981.4,28365.2,22992.0,-1.021872,SL,93,1.5086,3100.08,46.77,-47.79,3019.15
1005,S3,SOLUSDT,-1,2023-10-02 00:00:00+00:00,2023-10-02 06:35:00+00:00,6.58,23.873,24.77463317,19.36483417,-1.007943,SL,80,1.0606,3100.08,32.88,-33.14,3066.94
1006,S2,ETHUSDT,-1,2023-10-02 16:00:00+00:00,2023-10-09 16:00:00+00:00,168.0,1690.96,1718.62080667,1575.88095514,4.231265,TP,2017,3.3981,3019.15,102.59,434.1,3884.63
1007,S4,DOGEUSDT,1,2023-10-02 20:00:00+00:00,2023-10-04 00:15:00+00:00,28.25,0.06215,0.06097637,0.08503569,-1.015887,SL,340,1.9886,3019.15,60.04,-60.99,2897.23
1008,S4,XRPUSDT,1,2023-10-02 20:00:00+00:00,2023-10-03 15:55:00+00:00,19.92,0.5161,0.5056183,0.72049316,-1.014771,SL,240,1.9886,3019.15,60.04,-60.93,2958.22
1009,S4,XRPUSDT,1,2023-10-03 02:00:00+00:00,2023-10-04 00:35:00+00:00,22.58,0.5132,0.50374797,0.69751459,0.983711,BE,272,1.9886,3019.15,60.04,59.06,2956.29
1010,S1_SOLUSDT,SOLUSDT,-1,2023-10-04 12:00:00+00:00,2023-10-04 13:15:00+00:00,1.25,23.567,23.85,19.888,0.775017,BE,16,2.7132,2956.29,80.21,62.16,3018.46
1011,S1_BTCUSDT,BTCUSDT,-1,2023-10-06 16:00:00+00:00,2023-10-06 16:15:00+00:00,0.25,27926.6,28035.6,26509.6,0.723138,BE,4,1.5086,3018.46,45.54,32.93,3051.38
1012,S1_BTCUSDT,BTCUSDT,-1,2023-10-08 04:00:00+00:00,2023-10-08 04:05:00+00:00,0.08,28050.0,28082.0,27634.0,0.537031,BE,2,1.5086,3051.38,46.03,24.72,3076.11
1013,S1_ETHUSDT,ETHUSDT,1,2023-10-09 12:00:00+00:00,2023-10-09 16:00:00+00:00,4.0,1589.76,1580.09,1715.47,-1.04932,SL,49,1.2411,3450.53,42.82,-44.94,3839.69
1014,S1_ETHUSDT,ETHUSDT,1,2023-10-10 12:00:00+00:00,2023-10-10 12:55:00+00:00,0.92,1578.7,1572.81,1655.27,-1.080409,SL,12,1.2411,3839.69,47.65,-51.49,3788.21
1015,S1_BTCUSDT,BTCUSDT,1,2023-10-11 04:00:00+00:00,2023-10-11 04:00:00+00:00,0.0,27000.7,27000.0,27009.8,-12.571729,SL,1,1.5086,3788.21,57.15,-718.46,3069.75
1016,S3,BTCUSDT,-1,2023-10-11 04:00:00+00:00,2023-10-11 09:45:00+00:00,5.75,27000.7,27255.89185816,25724.7407092,-1.031742,SL,70,1.0606,3788.21,40.18,-41.45,3028.29
1017,S4,BTCUSDT,1,2023-10-11 10:00:00+00:00,2023-10-11 12:35:00+00:00,2.58,27275.2,27025.36373959,32147.00707808,-1.032752,SL,32,1.9886,3028.29,60.22,-62.19,2966.1
1018,S1_BTCUSDT,BTCUSDT,1,2023-10-11 16:00:00+00:00,2023-10-11 16:10:00+00:00,0.17,26769.2,26700.0,27668.8,-1.116051,SL,3,1.5086,2966.1,44.75,-49.94,2916.16
1019,S1_ETHUSDT,ETHUSDT,1,2023-10-11 16:00:00+00:00,2023-10-12 09:55:00+00:00,17.92,1558.78,1541.78,1779.78,-1.027508,SL,216,1.2411,2966.1,36.81,-37.82,2878.34
1020,S1_ETHUSDT,ETHUSDT,1,2023-10-12 12:00:00+00:00,2023-10-12 16:25:00+00:00,4.42,1551.49,1533.21,1789.13,-1.025462,SL,54,1.2411,2878.34,35.72,-36.63,2841.7
1021,S4,DOGEUSDT,1,2023-10-12 12:00:00+00:00,2023-10-12 16:25:00+00:00,4.42,0.05805,0.05736614,0.07138534,-1.025466,SL,54,1.9886,2878.34,57.24,-58.7,2783.01
1022,S1_BTCUSDT,BTCUSDT,1,2023-10-12 16:00:00+00:00,2023-10-12 16:25:00+00:00,0.42,26665.4,26606.2,27435.0,-1.135129,SL,6,1.5086,2878.34,43.42,-49.29,2733.72
1023,S1_SOLUSDT,SOLUSDT,1,2023-10-12 16:00:00+00:00,2023-10-12 16:25:00+00:00,0.42,21.271,21.08,23.754,-1.03341,SL,6,2.7132,2878.34,78.1,-80.7,2653.01
1024,S1_BTCUSDT,BTCUSDT,-1,2023-10-16 08:00:00+00:00,2023-10-16 13:25:00+00:00,5.42,27837.2,28168.6,23529.0,-1.0252,SL,66,1.5086,2653.01,40.02,-41.03,2611.98
1025,S1_LINKUSDT,LINKUSDT,-1,2023-10-16 08:00:00+00:00,2023-10-16 13:25:00+00:00,5.42,7.558,7.645,6.427,-1.026062,SL,66,2.8,2653.01,74.28,-76.22,2535.76
1026,S1_ETHUSDT,ETHUSDT,-1,2023-10-17 00:00:00+00:00,2023-10-17 18:50:00+00:00,18.83,1598.61,1642.0,1034.54,0.788947,BE,227,1.2411,2535.76,31.47,24.83,2560.59
1027,S1_SOLUSDT,SOLUSDT,-1,2023-10-19 08:00:00+00:00,2023-10-19 08:00:00+00:00,0.0,23.832,23.879,23.221,-1.152119,SL,1,2.7132,2560.59,69.47,-80.04,2480.55
1028,S4,XRPUSDT,1,2023-10-19 18:00:00+00:00,2023-10-31 10:55:00+00:00,280.92,0.4864,0.48096704,0.59234273,19.473142,TP,3372,1.9886,2480.55,49.33,960.57,5286.12
1029,S1_LINKUSDT,LINKUSDT,-1,2023-10-20 12:00:00+00:00,2023-10-21 06:30:00+00:00,18.5,7.606,7.71,6.254,-1.02194,SL,223,2.8,2480.55,69.46,-70.98,3465.09
1030,S1_LINKUSDT,LINKUSDT,-1,2023-10-21 08:00:00+00:00,2023-10-21 08:00:00+00:00,0.0,7.835,7.845,7.705,0.56495,BE,1,2.8,3465.09,97.02,54.81,3519.9
1031,S3,SOLUSDT,-1,2023-10-21 13:00:00+00:00,2023-10-21 21:50:00+00:00,8.83,29.101,30.17556028,23.72819859,-1.008125,SL,107,1.0606,4627.75,49.08,-49.48,4578.27
1032,S3,DOGEUSDT,-1,2023-10-23 06:00:00+00:00,2023-10-23 08:45:00+00:00,2.75,0.06275,0.06368384,0.05808081,-1.020159,SL,34,1.0606,4578.27,48.56,-49.54,4528.73
1033,S1_SOLUSDT,SOLUSDT,-1,2023-10-25 04:00:00+00:00,2023-10-25 12:00:00+00:00,8.0,31.038,32.622,10.446,-1.005878,SL,97,2.7132,4528.73,122.87,-123.6,4405.14
1034,S1_ETHUSDT,ETHUSDT,-1,2023-10-27 00:00:00+00:00,2023-11-02 03:10:00+00:00,147.17,1803.31,1872.64,902.02,-1.007803,SL,1767,1.2411,4405.14,54.67,-55.1,5043.8
1035,S1_LINKUSDT,LINKUSDT,-1,2023-10-27 00:00:00+00:00,2023-10-27 04:05:00+00:00,4.08,10.93,11.342,5.574,-1.007959,SL,50,2.8,4405.14,123.34,-124.33,4373.97
1036,S1_SOLUSDT,SOLUSDT,-1,2023-10-27 00:00:00+00:00,2023-10-27 01:00:00+00:00,1.0,32.771,33.25,26.544,0.779475,BE,13,2.7132,4405.14,119.52,93.16,4498.3
1037,S1_LINKUSDT,LINKUSDT,-1,2023-10-27 20:00:00+00:00,2023-10-28 03:40:00+00:00,7.67,11.111,11.449,6.717,-1.009862,SL,93,2.8,4373.97,122.47,-123.68,4250.3
1038,S1_SOLUSDT,SOLUSDT,-1,2023-10-29 20:00:00+00:00,2023-10-29 21:05:00+00:00,1.08,32.994,33.2,30.316,0.75195,BE,14,2.7132,4250.3,115.32,86.71,4337.01
1039,S1_BTCUSDT,BTCUSDT,-1,2023-10-30 12:00:00+00:00,2023-10-30 12:15:00+00:00,0.25,34627.8,34746.7,33082.1,-1.08737,SL,4,1.5086,4337.01,65.43,-71.14,4265.86
1040,S1_LINKUSDT,LINKUSDT,-1,2023-10-30 12:00:00+00:00,2023-10-30 12:50:00+00:00,0.83,11.388,11.518,9.698,0.77372,BE,11,2.8,4337.01,121.44,93.96,4359.82
1041,S1_SOLUSDT,SOLUSDT,-1,2023-10-30 12:00:00+00:00,2023-10-30 17:10:00+00:00,5.17,34.95,35.409,28.983,0.777157,BE,63,2.7132,4337.01,117.67,91.45,4451.27
1042,S1_LINKUSDT,LINKUSDT,-1,2023-10-31 04:00:00+00:00,2023-10-31 06:10:00+00:00,2.17,11.485,11.877,6.389,-1.00879,SL,27,2.8,4451.27,124.64,-125.73,4325.54
1043,S4,BTCUSDT,1,2023-10-31 09:00:00+00:00,2023-11-02 13:40:00+00:00,52.67,34414.1,34000.83773668,42472.71413467,0.975018,BE,633,1.9886,4325.54,86.02,83.87,5127.67
1044,S4,DOGEUSDT,1,2023-10-31 19:00:00+00:00,2023-11-01 10:35:00+00:00,15.58,0.06811,0.06623794,0.10461511,-1.010915,SL,188,1.9886,5286.12,105.12,-106.27,5179.85
1045,S1_BTCUSDT,BTCUSDT,-1,2023-11-02 00:00:00+00:00,2023-11-02 02:40:00+00:00,2.67,35437.5,35734.0,31583.0,-1.035856,SL,33,1.5086,5179.85,78.14,-80.95,5098.9
1046,S2,SOLUSDT,-1,2023-11-02 16:00:00+00:00,2023-11-04 09:15:00+00:00,41.25,40.045,42.51473691,29.00990833,-0.955809,SL,496,3.3981,5127.67,174.24,-166.54,4808.6
1047,S1_SOLUSDT,SOLUSDT,-1,2023-11-04 04:00:00+00:00,2023-11-04 04:05:00+00:00,0.08,41.109,41.237,39.445,-1.096349,SL,2,2.7132,5127.67,139.12,-152.53,4975.14
1048,S1_ETHUSDT,ETHUSDT,-1,2023-11-05 00:00:00+00:00,2023-11-05 03:45:00+00:00,3.75,1856.08,1870.68,1666.28,-1.038139,SL,46,1.2411,4808.6,59.68,-61.96,4746.65
1049,S1_LINKUSDT,LINKUSDT,-1,2023-11-05 04:00:00+00:00,2023-11-05 04:00:00+00:00,0.0,12.411,12.45,11.904,-1.095469,SL,1,2.8,4746.65,132.91,-145.59,4601.05
1050,S1_LINKUSDT,LINKUSDT,-1,2023-11-06 00:00:00+00:00,2023-11-06 00:30:00+00:00,0.5,12.236,12.343,10.845,-1.034307,SL,7,2.8,4601.05,128.83,-133.25,4467.8
1051,S1_SOLUSDT,SOLUSDT,-1,2023-11-07 20:00:00+00:00,2023-11-07 20:55:00+00:00,0.92,43.898,44.404,37.32,-1.026026,SL,12,2.7132,4467.8,121.22,-124.38,4343.43
1052,S1_BTCUSDT,BTCUSDT,-1,2023-11-08 20:00:00+00:00,2023-11-08 20:35:00+00:00,0.58,35630.8,35791.9,33536.5,0.733648,BE,8,1.5086,4343.43,65.52,48.07,4391.5
1053,S1_ETHUSDT,ETHUSDT,-1,2023-11-09 04:00:00+00:00,2023-11-09 04:40:00+00:00,0.67,1919.65,1930.0,1785.1,-1.055642,SL,9,1.2411,4391.5,54.5,-57.54,4333.96
1054,S1_SOLUSDT,SOLUSDT,-1,2023-11-10 00:00:00+00:00,2023-11-10 09:55:00+00:00,9.92,45.305,49.0,-2.73,-1.003678,SL,120,2.7132,4333.96,117.59,-118.02,4215.94
1055,S4,DOGEUSDT,1,2023-11-10 00:00:00+00:00,2023-11-14 18:50:00+00:00,114.83,0.07358,0.07046785,0.13426686,-1.007093,SL,1379,1.9886,4333.96,86.19,-86.8,4157.49
1056,S1_SOLUSDT,SOLUSDT,-1,2023-11-13 04:00:00+00:00,2023-11-13 17:20:00+00:00,13.33,57.041,60.445,12.789,0.794973,BE,161,2.7132,4215.94,114.39,90.93,4244.28
1057,S1_ETHUSDT,ETHUSDT,-1,2023-11-13 16:00:00+00:00,2023-11-13 16:00:00+00:00,0.0,2106.67,2109.89,2064.81,-1.196274,SL,1,1.2411,4215.94,52.32,-62.59,4153.35
1058,S1_BTCUSDT,BTCUSDT,1,2023-11-14 20:00:00+00:00,2023-11-16 19:10:00+00:00,47.17,35306.0,34446.3,46482.1,0.78768,BE,567,1.5086,4157.49,62.72,49.4,4294.01
1059,S1_SOLUSDT,SOLUSDT,-1,2023-11-15 12:00:00+00:00,2023-11-15 12:05:00+00:00,0.08,63.042,63.726,54.15,0.77235,BE,2,2.7132,4157.49,112.8,87.12,4244.61
1060,S1_LINKUSDT,LINKUSDT,-1,2023-11-20 08:00:00+00:00,2023-11-20 08:05:00+00:00,0.08,15.214,15.3,14.096,0.746928,BE,2,2.8,4294.01,120.23,89.8,4383.82
1061,S4,SOLUSDT,1,2023-11-20 15:00:00+00:00,2023-11-20 16:45:00+00:00,1.75,60.036,57.77603437,104.10532979,-1.00797,SL,22,1.9886,4383.82,87.18,-87.87,4295.94
1062,S3,SOLUSDT,-1,2023-11-20 17:00:00+00:00,2023-11-29 08:20:00+00:00,207.33,57.708,60.15902139,45.45289307,-1.007063,SL,2489,1.0606,4295.94,45.56,-45.88,3578.63
1063,S3,BTCUSDT,-1,2023-11-21 23:00:00+00:00,2023-11-22 18:15:00+00:00,19.25,36385.5,37103.75342234,32794.23288831,-1.015197,SL,232,1.0606,4295.94,45.56,-46.26,4203.49
1064,S3,BTCUSDT,-1,2023-11-22 00:00:00+00:00,2023-11-22 06:30:00+00:00,6.5,35737.0,36505.14960646,31896.25196771,-1.013957,SL,79,1.0606,4295.94,45.56,-46.2,4249.75
1065,S1_ETHUSDT,ETHUSDT,-1,2023-11-22 20:00:00+00:00,2023-11-22 21:10:00+00:00,1.17,2077.34,2084.4,1985.56,-1.088272,SL,15,1.2411,4203.49,52.17,-56.77,4146.72
1066,S1_ETHUSDT,ETHUSDT,-1,2023-11-24 08:00:00+00:00,2023-11-24 08:05:00+00:00,0.08,2080.5,2085.0,2022.0,0.6613,BE,2,1.2411,4146.72,51.46,34.03,4180.75
1067,S1_LINKUSDT,LINKUSDT,-1,2023-11-26 08:00:00+00:00,2023-11-26 08:15:00+00:00,0.25,15.106,15.187,14.053,-1.055948,SL,4,2.8,4180.75,117.06,-123.61,4057.14
1068,S4,LINKUSDT,1,2023-11-26 20:00:00+00:00,2023-11-27 10:35:00+00:00,14.58,14.67,14.28277308,22.22092503,-1.011365,SL,176,1.9886,4057.14,80.68,-81.6,3732.07
1069,S4,XRPUSDT,1,2023-11-26 20:00:00+00:00,2023-11-27 03:05:00+00:00,7.08,0.618,0.60699399,0.83261716,-1.016845,SL,86,1.9886,4057.14,80.68,-82.04,3975.1
1070,S4,LINKUSDT,1,2023-11-26 21:00:00+00:00,2023-11-27 07:25:00+00:00,10.42,14.8,14.40471786,22.50800181,-1.011232,SL,126,1.9886,4057.14,80.68,-81.59,3893.51
1071,S4,LINKUSDT,1,2023-11-27 05:00:00+00:00,2023-11-27 07:30:00+00:00,2.5,14.775,14.33728058,23.31052865,-1.010126,SL,31,1.9886,3975.1,79.05,-79.85,3813.66
1072,S2,ETHUSDT,-1,2023-11-28 06:00:00+00:00,2023-11-28 11:00:00+00:00,5.0,1997.31,2022.46788047,1868.23010698,-0.848061,SL,61,3.3981,3732.07,126.82,-107.55,3624.52
1073,S1_SOLUSDT,SOLUSDT,-1,2023-11-29 12:00:00+00:00,2023-11-29 15:05:00+00:00,3.08,60.648,61.799,45.685,0.784193,BE,38,2.7132,3578.63,97.1,76.14,3654.77
1074,S2,SOLUSDT,-1,2023-11-30 15:00:00+00:00,2023-12-01 02:20:00+00:00,11.33,59.643,60.48724973,51.75218193,-0.464351,SL,137,3.3981,3654.77,124.19,-57.67,3597.1
1075,S1_LINKUSDT,LINKUSDT,-1,2023-12-02 04:00:00+00:00,2023-12-02 06:25:00+00:00,2.42,15.342,15.462,13.782,-1.038355,SL,30,2.8,3597.1,100.72,-104.58,3492.52
1076,S1_SOLUSDT,SOLUSDT,-1,2023-12-02 08:00:00+00:00,2023-12-02 17:00:00+00:00,9.0,62.055,62.7,53.67,0.771137,BE,109,2.7132,3492.52,94.76,73.07,3595.21
1077,S1_ETHUSDT,ETHUSDT,-1,2023-12-02 16:00:00+00:00,2023-12-02 16:30:00+00:00,0.5,2103.59,2108.99,2033.39,0.683134,BE,7,1.2411,3492.52,43.35,29.61,3522.13
1078,S4,LINKUSDT,1,2023-12-04 01:00:00+00:00,2023-12-04 11:10:00+00:00,10.17,15.815,15.45444281,22.84586529,-1.013159,SL,123,1.9886,3595.21,71.49,-72.44,3420.14
1079,S1_LINKUSDT,LINKUSDT,-1,2023-12-04 04:00:00+00:00,2023-12-04 04:05:00+00:00,0.08,15.916,16.161,12.731,-1.019489,SL,2,2.8,3595.21,100.67,-102.63,3492.58
1080,S4,LINKUSDT,1,2023-12-04 13:00:00+00:00,2023-12-04 14:05:00+00:00,1.08,16.056,15.48717029,27.14817944,-1.008468,SL,14,1.9886,3420.14,68.01,-68.59,3351.55
1081,S4,LINKUSDT,1,2023-12-04 17:00:00+00:00,2023-12-07 10:55:00+00:00,65.92,15.667,15.07975126,27.11835038,-1.008004,SL,792,1.9886,3351.55,66.65,-67.18,3049.08
1082,S4,LINKUSDT,1,2023-12-05 00:00:00+00:00,2023-12-05 06:35:00+00:00,6.58,15.825,15.34999522,25.08759317,-1.009995,SL,80,1.9886,3351.55,66.65,-67.32,3216.93
1083,S4,LINKUSDT,1,2023-12-05 01:00:00+00:00,2023-12-05 04:50:00+00:00,3.83,16.025,15.53920985,25.49790795,-1.009896,SL,47,1.9886,3351.55,66.65,-67.31,3284.25
1084,S1_SOLUSDT,SOLUSDT,-1,2023-12-06 04:00:00+00:00,2023-12-06 04:00:00+00:00,0.0,64.424,64.55,62.786,-1.15339,SL,1,2.7132,3216.93,87.28,-100.67,3116.26
1085,S1_ETHUSDT,ETHUSDT,-1,2023-12-07 04:00:00+00:00,2023-12-07 15:15:00+00:00,11.25,2249.77,2285.82,1781.12,-1.018722,SL,136,1.2411,3116.26,38.68,-39.4,3009.68
1086,S1_ETHUSDT,ETHUSDT,-1,2023-12-07 16:00:00+00:00,2023-12-07 16:00:00+00:00,0.0,2322.82,2332.89,2191.91,-1.0692,SL,1,1.2411,3009.68,37.35,-39.94,2969.74
1087,S1_SOLUSDT,SOLUSDT,-1,2023-12-07 16:00:00+00:00,2023-12-07 16:00:00+00:00,0.0,65.918,66.311,60.809,0.749681,BE,1,2.7132,3009.68,81.66,61.22,3030.96
1088,S1_SOLUSDT,SOLUSDT,-1,2023-12-08 00:00:00+00:00,2023-12-08 01:15:00+00:00,1.25,67.807,69.546,45.2,-1.011698,SL,16,2.7132,3030.96,82.24,-83.2,2947.76
1089,S1_LINKUSDT,LINKUSDT,-1,2023-12-08 12:00:00+00:00,2023-12-08 12:00:00+00:00,0.0,16.456,16.539,15.377,0.74052,BE,1,2.8,2947.76,82.54,61.12,3008.88
1090,S1_ETHUSDT,ETHUSDT,-1,2023-12-10 04:00:00+00:00,2023-12-10 09:35:00+00:00,5.58,2353.03,2371.85,2108.37,0.762492,BE,68,1.2411,3008.88,37.34,28.47,3037.35
1091,S1_SOLUSDT,SOLUSDT,-1,2023-12-10 04:00:00+00:00,2023-12-11 02:10:00+00:00,22.17,73.081,77.575,14.659,0.795121,BE,267,2.7132,3008.88,81.64,64.91,3102.27
1092,S4,DOGEUSDT,1,2023-12-11 09:00:00+00:00,2023-12-11 18:20:00+00:00,9.33,0.09777,0.09208678,0.20859289,-1.005161,SL,113,1.9886,3102.27,61.69,-62.01,3040.26
1093,S2,DOGEUSDT,-1,2023-12-11 15:00:00+00:00,2023-12-14 16:45:00+00:00,73.75,0.09477,0.09826844,0.073892,-0.717942,SL,886,3.3981,3102.27,105.42,-75.68,2964.57
1094,S2,SOLUSDT,-1,2023-12-16 00:00:00+00:00,2023-12-16 12:05:00+00:00,12.08,72.558,75.31949742,58.36314643,-0.833321,SL,146,3.3981,2964.57,100.74,-83.95,2880.62
1095,S4,BTCUSDT,1,2023-12-18 17:00:00+00:00,2023-12-26 09:45:00+00:00,184.75,41514.1,40826.4270916,54923.72171379,0.981889,BE,2218,1.9886,2880.62,57.28,56.25,2591.24
1096,S4,LINKUSDT,1,2023-12-18 17:00:00+00:00,2023-12-26 17:35:00+00:00,192.58,14.102,13.62243562,23.45350547,0.991178,BE,2312,1.9886,2880.62,57.28,56.78,2600.11
1097,S4,BTCUSDT,1,2023-12-18 19:00:00+00:00,2023-12-26 09:45:00+00:00,182.75,41661.0,40987.16876776,54800.70902872,0.981452,BE,2194,1.9886,2880.62,57.28,56.22,2647.46
1098,S4,ETHUSDT,1,2023-12-18 22:00:00+00:00,2023-12-19 16:55:00+00:00,18.92,2217.45,2178.77413367,2971.62939344,-1.0172,SL,228,1.9886,2880.62,57.28,-58.27,2822.35
1099,S3,ETHUSDT,-1,2023-12-19 18:00:00+00:00,2023-12-19 19:30:00+00:00,1.5,2142.14,2182.92246105,1938.22769473,-1.015758,SL,19,1.0606,2822.35,29.93,-30.41,2791.95
1100,S3,LINKUSDT,-1,2023-12-19 18:00:00+00:00,2023-12-20 06:20:00+00:00,12.33,13.982,14.33685792,12.20771038,-1.011821,SL,149,1.0606,2822.35,29.93,-30.29,2761.66
1101,S1_SOLUSDT,SOLUSDT,-1,2023-12-20 16:00:00+00:00,2023-12-20 16:15:00+00:00,0.25,80.756,81.388,72.54,0.761666,BE,4,2.7132,2761.66,74.93,57.07,2818.73
1102,S3,BTCUSDT,-1,2023-12-20 20:00:00+00:00,2024-01-02 00:10:00+00:00,292.17,43760.1,44541.36874053,39853.75629736,-1.016803,SL,3507,1.0606,2818.73,29.9,-30.4,2365.42
1103,S2,ETHUSDT,-1,2023-12-21 15:00:00+00:00,2023-12-21 21:40:00+00:00,6.67,2217.55,2257.73319231,2038.30243549,-0.968526,SL,81,3.3981,2818.73,95.78,-92.77,2725.96
1104,S1_LINKUSDT,LINKUSDT,-1,2023-12-22 00:00:00+00:00,2023-12-22 00:00:00+00:00,0.0,15.319,15.328,15.202,-1.510633,SL,1,2.8,2725.96,76.33,-115.3,2610.66
1105,S1_ETHUSDT,ETHUSDT,-1,2023-12-22 12:00:00+00:00,2023-12-22 13:00:00+00:00,1.0,2315.06,2334.77,2058.83,0.764763,BE,13,1.2411,2610.66,32.4,24.78,2635.44
1106,S1_LINKUSDT,LINKUSDT,-1,2023-12-22 16:00:00+00:00,2023-12-23 01:45:00+00:00,9.75,15.491,15.751,12.111,0.782126,BE,118,2.8,2635.44,73.79,57.71,2693.15
1107,S1_LINKUSDT,LINKUSDT,-1,2023-12-23 16:00:00+00:00,2023-12-23 16:00:00+00:00,0.0,15.835,15.885,15.185,-1.09501,SL,1,2.8,2693.15,75.41,-82.57,2610.58
1108,S1_LINKUSDT,LINKUSDT,-1,2023-12-24 16:00:00+00:00,2023-12-24 19:25:00+00:00,3.42,15.805,15.944,13.998,-1.034112,SL,42,2.8,2610.58,73.1,-75.59,2534.99
1109,S4,LINKUSDT,1,2023-12-26 08:00:00+00:00,2023-12-26 17:30:00+00:00,9.5,15.316,14.8767613,23.88115474,-1.010461,SL,115,1.9886,2534.99,50.41,-50.94,2596.52
1110,S4,LINKUSDT,1,2023-12-26 11:00:00+00:00,2023-12-26 17:30:00+00:00,6.5,15.353,14.90876114,24.01565779,-1.010368,SL,79,1.9886,2647.46,52.65,-53.19,2543.33
1111,S1_ETHUSDT,ETHUSDT,-1,2023-12-27 16:00:00+00:00,2023-12-27 16:15:00+00:00,0.25,2345.01,2358.8,2165.74,-1.051015,SL,4,1.2411,2600.11,32.27,-33.92,2566.19
1112,S3,LINKUSDT,-1,2023-12-27 18:00:00+00:00,2023-12-28 00:00:00+00:00,6.0,16.243,16.76414047,13.63729767,-1.00935,SL,73,1.0606,2566.19,27.22,-27.47,2465.94
1113,S1_LINKUSDT,LINKUSDT,-1,2023-12-27 20:00:00+00:00,2023-12-27 23:55:00+00:00,3.92,16.33,16.708,11.416,-1.01296,SL,48,2.8,2566.19,71.85,-72.78,2493.41
1114,S2,DOGEUSDT,-1,2023-12-29 17:00:00+00:00,2024-01-01 18:15:00+00:00,73.25,0.09028,0.09188641,0.08198334,-0.836765,SL,880,3.3981,2465.94,83.79,-70.12,2395.82
1115,S4,DOGEUSDT,1,2024-01-01 07:00:00+00:00,2024-01-02 15:15:00+00:00,32.25,0.08954,0.08815199,0.11660616,0.980647,BE,388,1.9886,2465.94,49.04,48.09,2310.32
1116,S1_ETHUSDT,ETHUSDT,-1,2024-01-02 04:00:00+00:00,2024-01-02 08:15:00+00:00,4.25,2388.46,2402.64,2204.12,-1.050532,SL,52,1.2411,2365.42,29.36,-30.84,2262.23
1117,S1_SOLUSDT,SOLUSDT,-1,2024-01-02 08:00:00+00:00,2024-01-02 08:00:00+00:00,0.0,114.53,114.8,111.02,-1.127256,SL,1,2.7132,2365.42,64.18,-72.35,2293.08
1118,S2,BTCUSDT,-1,2024-01-03 12:00:00+00:00,2024-01-08 15:40:00+00:00,123.67,43728.9,45271.56025122,39974.152431,-1.760987,SL,1485,3.3981,2310.32,78.51,-138.25,2171.02
1119,S3,ETHUSDT,-1,2024-01-03 15:00:00+00:00,2024-01-04 14:50:00+00:00,23.83,2194.11,2268.43890722,1822.46546388,-1.008856,SL,287,1.0606,2310.32,24.5,-24.72,2285.6
1120,S3,DOGEUSDT,-1,2024-01-03 15:00:00+00:00,2024-01-11 10:50:00+00:00,187.83,0.08105,0.08502935,0.06115324,-1.00611,SL,2255,1.0606,2310.32,24.5,-24.65,2116.62
1121,S1_LINKUSDT,LINKUSDT,1,2024-01-03 20:00:00+00:00,2024-01-15 14:30:00+00:00,282.5,14.045,12.066,39.772,0.797871,BE,3391,2.8,2310.32,64.69,51.61,2111.51
1122,S3,XRPUSDT,-1,2024-01-07 23:00:00+00:00,2024-01-08 00:30:00+00:00,1.5,0.5504,0.55989624,0.50291881,-1.017388,SL,19,1.0606,2285.6,24.24,-24.66,2260.94
1123,S1_SOLUSDT,SOLUSDT,1,2024-01-08 04:00:00+00:00,2024-01-08 06:00:00+00:00,2.0,87.249,85.1,115.186,0.78782,BE,25,2.7132,2260.94,61.34,48.33,2309.27
1124,S4,DOGEUSDT,1,2024-01-08 18:00:00+00:00,2024-01-09 12:55:00+00:00,18.92,0.07993,0.07787514,0.11999983,-1.011669,SL,228,1.9886,2171.02,43.17,-43.68,2144.56
1125,S1_ETHUSDT,ETHUSDT,-1,2024-01-08 20:00:00+00:00,2024-01-08 20:05:00+00:00,0.08,2355.24,2359.63,2298.17,0.63905,BE,2,1.2411,2171.02,26.94,17.22,2188.24
1126,S1_ETHUSDT,ETHUSDT,-1,2024-01-10 08:00:00+00:00,2024-01-10 09:15:00+00:00,1.25,2369.42,2402.6,1938.08,-1.021423,SL,16,1.2411,2144.56,26.62,-27.19,2117.37
1127,S1_BTCUSDT,BTCUSDT,-1,2024-01-10 20:00:00+00:00,2024-01-10 20:05:00+00:00,0.08,46498.8,46768.0,42999.2,0.748181,BE,2,1.5086,2117.37,31.94,23.9,2141.27
1128,S4,SOLUSDT,1,2024-01-10 22:00:00+00:00,2024-01-12 15:25:00+00:00,41.42,101.652,95.97391287,212.3746991,-1.005371,SL,498,1.9886,2141.27,42.58,-42.81,2041.16
1129,S1_BTCUSDT,BTCUSDT,-1,2024-01-11 12:00:00+00:00,2024-01-11 14:05:00+00:00,2.08,47068.5,47699.3,38868.1,-1.022385,SL,26,1.5086,2116.62,31.93,-32.65,2083.97
1130,S1_ETHUSDT,ETHUSDT,-1,2024-01-14 00:00:00+00:00,2024-01-14 00:30:00+00:00,0.5,2578.51,2591.29,2412.37,0.739472,BE,7,1.2411,2041.16,25.33,18.73,2059.9
1131,S2,XRPUSDT,-1,2024-01-15 07:00:00+00:00,2024-01-19 16:25:00+00:00,105.42,0.5796,0.58473682,0.53218047,4.234416,TP,1266,3.3981,2059.9,70.0,296.4,2407.91
1132,S4,BTCUSDT,1,2024-01-19 18:00:00+00:00,2024-01-22 10:25:00+00:00,64.42,41239.2,40472.43844848,56191.0502546,-1.016135,SL,774,1.9886,2407.91,47.88,-48.66,2236.06
1133,S4,SOLUSDT,1,2024-01-19 18:00:00+00:00,2024-01-22 08:35:00+00:00,62.58,91.383,87.89386106,159.42120941,-1.007857,SL,752,1.9886,2407.91,47.88,-48.26,2333.33
1134,S4,XRPUSDT,1,2024-01-20 02:00:00+00:00,2024-01-22 09:45:00+00:00,55.75,0.544,0.53331581,0.75234168,-1.015275,SL,670,1.9886,2407.91,47.88,-48.62,2284.71
1135,S3,DOGEUSDT,-1,2024-01-21 04:00:00+00:00,2024-02-19 22:20:00+00:00,714.33,0.08682,0.09022185,0.06981076,-1.007656,SL,8573,1.0606,2407.91,25.54,-25.73,2375.81
1136,S3,BTCUSDT,-1,2024-01-22 05:00:00+00:00,2024-01-22 06:05:00+00:00,1.08,40776.8,41176.35711608,38779.01441958,-1.030616,SL,14,1.0606,2407.91,25.54,-26.32,2381.59
1137,S3,ETHUSDT,-1,2024-01-22 05:00:00+00:00,2024-01-23 08:50:00+00:00,27.83,2416.62,2441.86266322,2290.40668389,4.971279,TP,335,1.0606,2407.91,25.54,126.96,2432.27
1138,S1_ETHUSDT,ETHUSDT,1,2024-01-22 12:00:00+00:00,2024-01-22 13:10:00+00:00,1.17,2380.99,2360.51,2647.23,0.765122,BE,15,1.2411,2236.06,27.75,21.23,2257.29
1139,S1_SOLUSDT,SOLUSDT,1,2024-01-22 20:00:00+00:00,2024-01-22 20:20:00+00:00,0.33,83.673,82.1,104.122,0.784042,BE,5,2.7132,2257.29,61.24,48.02,2305.31
1140,S3,SOLUSDT,-1,2024-01-23 09:00:00+00:00,2024-01-23 23:50:00+00:00,14.83,81.0,84.25962849,64.70185753,-1.007455,SL,179,1.0606,2432.27,25.8,-25.99,2432.07
1141,S3,BTCUSDT,-1,2024-01-23 10:00:00+00:00,2024-01-23 23:25:00+00:00,13.42,38964.6,39718.47500582,35195.22497092,-1.015506,SL,162,1.0606,2432.27,25.8,-26.2,2458.05
1142,S3,ETHUSDT,-1,2024-01-23 10:00:00+00:00,2024-01-26 16:05:00+00:00,78.08,2215.87,2268.27397381,1953.85013097,-1.012685,SL,938,1.0606,2432.27,25.8,-26.12,2427.08
1143,S1_SOLUSDT,SOLUSDT,1,2024-01-23 20:00:00+00:00,2024-01-23 22:40:00+00:00,2.67,80.941,78.96,106.694,0.787742,BE,33,2.7132,2432.27,65.99,51.98,2484.25
1144,S1_ETHUSDT,ETHUSDT,1,2024-01-25 16:00:00+00:00,2024-01-25 16:40:00+00:00,0.67,2187.61,2181.03,2273.15,0.700261,BE,9,1.2411,2432.07,30.18,21.14,2453.2
1145,S1_BTCUSDT,BTCUSDT,-1,2024-01-26 20:00:00+00:00,2024-01-26 20:10:00+00:00,0.17,42046.1,42187.1,40213.1,-1.08946,SL,3,1.5086,2427.08,36.61,-39.89,2387.19
1146,S1_BTCUSDT,BTCUSDT,-1,2024-01-28 00:00:00+00:00,2024-01-28 00:15:00+00:00,0.25,42102.2,42187.1,40998.5,0.651229,BE,4,1.5086,2387.19,36.01,23.45,2410.64
1147,S1_BTCUSDT,BTCUSDT,-1,2024-01-29 04:00:00+00:00,2024-01-29 07:35:00+00:00,3.58,42306.5,42525.0,39466.0,0.741913,BE,44,1.5086,2410.64,36.37,26.98,2437.62
1148,S4,ETHUSDT,1,2024-01-29 10:00:00+00:00,2024-01-29 13:20:00+00:00,3.33,2273.23,2247.64447762,2772.14768646,-1.026654,SL,41,1.9886,2437.62,48.47,-49.77,2387.86
1149,S1_BTCUSDT,BTCUSDT,-1,2024-01-29 16:00:00+00:00,2024-01-29 16:00:00+00:00,0.0,42623.1,42636.0,42455.4,-1.991235,SL,1,1.5086,2387.86,36.02,-71.73,2316.13
1150,S4,ETHUSDT,1,2024-01-29 16:00:00+00:00,2024-01-31 10:10:00+00:00,42.17,2274.99,2244.46676574,2870.19306804,0.97764,BE,507,1.9886,2387.86,47.48,46.42,2331.15
1151,S1_ETHUSDT,ETHUSDT,-1,2024-01-30 20:00:00+00:00,2024-01-30 20:15:00+00:00,0.25,2373.75,2381.47,2273.39,-1.092244,SL,4,1.2411,2316.13,28.75,-31.4,2284.73
1152,S3,XRPUSDT,-1,2024-01-30 20:00:00+00:00,2024-02-03 10:25:00+00:00,86.42,0.5143,0.52299316,0.47083418,-1.017748,SL,1038,1.0606,2316.13,24.56,-25.0,1985.16
1153,S2,ETHUSDT,-1,2024-01-31 11:00:00+00:00,2024-01-31 13:35:00+00:00,2.58,2283.11,2315.64049562,2133.48191499,-0.943443,SL,32,3.3981,2331.15,79.21,-74.73,2256.42
1154,S4,ETHUSDT,1,2024-01-31 12:00:00+00:00,2024-01-31 21:25:00+00:00,9.42,2299.11,2263.49672092,2993.56894202,-1.019367,SL,114,1.9886,2331.15,46.36,-47.26,2171.37
1155,S1_BTCUSDT,BTCUSDT,-1,2024-01-31 16:00:00+00:00,2024-01-31 16:05:00+00:00,0.08,43341.9,43460.0,41806.6,-1.110098,SL,2,1.5086,2256.42,34.04,-37.79,2218.63
1156,S2,BTCUSDT,-1,2024-01-31 21:00:00+00:00,2024-02-02 00:20:00+00:00,27.33,42534.0,43404.54579645,39380.73820121,-1.190529,SL,329,3.3981,2218.63,75.39,-89.76,2081.62
1157,S2,ETHUSDT,-1,2024-01-31 21:00:00+00:00,2024-02-03 01:20:00+00:00,52.33,2287.01,2326.95493647,2104.83026682,-0.947866,SL,629,3.3981,2218.63,75.39,-71.46,2010.16
1158,S3,XRPUSDT,-1,2024-02-03 14:00:00+00:00,2024-02-09 21:50:00+00:00,151.83,0.5188,0.52763947,0.47460264,-1.017607,SL,1823,1.0606,1985.16,21.05,-21.43,1748.48
1159,S4,BTCUSDT,1,2024-02-05 04:00:00+00:00,2024-02-14 09:10:00+00:00,221.17,42707.9,42274.9192411,51151.02479863,19.470409,TP,2655,1.9886,1985.16,39.48,768.63,2417.85
1160,S4,BTCUSDT,1,2024-02-05 06:00:00+00:00,2024-02-05 20:20:00+00:00,14.33,42767.7,42350.31659054,50906.67648454,-1.03074,SL,173,1.9886,1985.16,39.48,-40.69,1944.47
1161,S2,BTCUSDT,-1,2024-02-05 16:00:00+00:00,2024-02-06 15:25:00+00:00,23.42,42629.7,43222.65111615,40467.80341805,-1.190804,SL,282,3.3981,1985.16,67.46,-80.33,1864.14
1162,S4,DOGEUSDT,1,2024-02-06 00:00:00+00:00,2024-02-27 19:20:00+00:00,523.33,0.07831,0.07726722,0.09864414,19.477471,TP,6281,1.9886,1944.47,38.67,753.15,2698.92
1163,S4,SOLUSDT,1,2024-02-06 16:00:00+00:00,2024-03-05 15:35:00+00:00,671.58,95.696,93.334159,141.75189959,19.487845,TP,8060,1.9886,1864.14,37.07,722.42,4567.18
1164,S1_ETHUSDT,ETHUSDT,-1,2024-02-06 20:00:00+00:00,2024-02-06 20:00:00+00:00,0.0,2377.86,2378.99,2363.17,-1.63129,SL,1,1.2411,1864.14,23.14,-37.74,1826.4
1165,S1_ETHUSDT,ETHUSDT,-1,2024-02-07 16:00:00+00:00,2024-02-07 16:40:00+00:00,0.67,2368.69,2389.96,2092.18,-1.033409,SL,9,1.2411,1826.4,22.67,-23.42,1802.97
1166,S1_BTCUSDT,BTCUSDT,-1,2024-02-08 00:00:00+00:00,2024-02-08 00:00:00+00:00,0.0,44326.3,44388.0,43524.2,-1.215525,SL,1,1.5086,1802.97,27.2,-33.06,1769.91
1167,S1_ETHUSDT,ETHUSDT,-1,2024-02-12 16:00:00+00:00,2024-02-12 16:00:00+00:00,0.0,2557.33,2563.37,2478.81,0.67298,BE,1,1.2411,1748.48,21.7,14.6,1763.09
1168,S4,SOLUSDT,1,2024-02-12 16:00:00+00:00,2024-02-16 08:00:00+00:00,88.0,108.834,106.21527831,159.89907305,0.987532,BE,1057,1.9886,1748.48,34.77,34.34,2452.19
1169,S1_SOLUSDT,SOLUSDT,-1,2024-02-12 20:00:00+00:00,2024-02-12 21:10:00+00:00,1.17,109.839,111.448,88.922,-1.02048,SL,15,2.7132,1763.09,47.84,-48.82,1714.27
1170,S3,BTCUSDT,-1,2024-02-13 17:00:00+00:00,2024-02-13 20:35:00+00:00,3.58,48498.2,49371.16456918,44133.37715411,-1.016667,SL,44,1.0606,1714.27,18.18,-18.48,1695.79
1171,S1_SOLUSDT,SOLUSDT,-1,2024-02-14 00:00:00+00:00,2024-02-14 09:05:00+00:00,9.08,112.539,115.333,76.217,-1.012084,SL,110,2.7132,1695.79,46.01,-46.57,1649.22
1172,S1_ETHUSDT,ETHUSDT,-1,2024-02-18 00:00:00+00:00,2024-02-18 02:05:00+00:00,2.08,2787.44,2804.33,2567.87,0.75049,BE,26,1.2411,2452.19,30.43,22.84,2475.03
1173,S1_ETHUSDT,ETHUSDT,-1,2024-02-18 08:00:00+00:00,2024-02-18 09:00:00+00:00,1.0,2802.28,2808.99,2715.05,-1.125288,SL,13,1.2411,2475.03,30.72,-34.57,2440.46
1174,S1_BTCUSDT,BTCUSDT,-1,2024-02-19 00:00:00+00:00,2024-02-19 00:40:00+00:00,0.67,52175.9,52450.0,48612.6,-1.057106,SL,9,1.5086,2440.46,36.82,-38.92,2401.54
1175,S4,LINKUSDT,1,2024-02-20 03:00:00+00:00,2024-02-20 08:20:00+00:00,5.33,19.809,19.40718544,27.64438394,-1.01479,SL,65,1.9886,2375.81,47.25,-47.94,2327.87
1176,S2,XRPUSDT,-1,2024-02-20 17:00:00+00:00,2024-02-20 19:45:00+00:00,2.75,0.5494,0.55980342,0.48120627,-0.658638,SL,34,3.3981,2327.87,79.1,-52.1,2275.77
1177,S4,XRPUSDT,1,2024-02-20 19:00:00+00:00,2024-02-21 09:40:00+00:00,14.67,0.556,0.54029233,0.8622996,-1.010619,SL,177,1.9886,2327.87,46.29,-46.78,2183.24
1178,S4,BTCUSDT,1,2024-02-20 20:00:00+00:00,2024-02-21 09:50:00+00:00,13.83,52131.2,51250.16312791,69311.41900569,-1.017751,SL,167,1.9886,2275.77,45.26,-46.06,2137.18
1179,S4,XRPUSDT,1,2024-02-20 20:00:00+00:00,2024-02-21 09:25:00+00:00,13.42,0.5608,0.54520002,0.86499963,-1.010785,SL,162,1.9886,2275.77,45.26,-45.74,2230.02
1180,S3,BTCUSDT,-1,2024-02-21 10:00:00+00:00,2024-02-21 23:45:00+00:00,13.75,51115.3,51820.49788736,47589.31056319,-1.021745,SL,166,1.0606,2137.18,22.67,-23.16,2114.02
1181,S1_ETHUSDT,ETHUSDT,-1,2024-02-22 00:00:00+00:00,2024-02-22 00:15:00+00:00,0.25,2969.65,2982.24,2805.98,0.729238,BE,4,1.2411,2114.02,26.24,19.13,2133.15
1182,S1_ETHUSDT,ETHUSDT,-1,2024-02-22 08:00:00+00:00,2024-02-22 08:00:00+00:00,0.0,2995.95,2999.96,2943.82,-1.224136,SL,1,1.2411,2133.15,26.47,-32.41,2100.74
1183,S4,DOGEUSDT,1,2024-02-23 17:00:00+00:00,2024-02-28 16:55:00+00:00,119.92,0.08469,0.08292232,0.11915973,19.485627,TP,1440,1.9886,2100.74,41.78,814.02,4195.52
1184,S1_ETHUSDT,ETHUSDT,-1,2024-02-25 04:00:00+00:00,2024-02-25 14:30:00+00:00,10.5,3027.3,3055.19,2664.73,-1.032563,SL,127,1.2411,2100.74,26.07,-26.92,2073.82
1185,S3,DOGEUSDT,-1,2024-02-26 10:00:00+00:00,2024-02-26 14:40:00+00:00,4.67,0.08439,0.08557007,0.07848965,-1.021454,SL,57,1.0606,2073.82,21.99,-22.47,2051.36
1186,S3,XRPUSDT,-1,2024-02-26 12:00:00+00:00,2024-02-26 14:45:00+00:00,2.75,0.531,0.53723233,0.49983836,-1.02556,SL,34,1.0606,2073.82,21.99,-22.56,2028.8
1187,S4,BTCUSDT,1,2024-02-26 15:00:00+00:00,2024-02-28 13:25:00+00:00,46.42,51720.0,51246.04976016,60962.02967679,19.467262,TP,558,1.9886,2028.8,40.34,785.4,3484.32
1188,S4,SOLUSDT,1,2024-02-26 15:00:00+00:00,2024-02-27 16:05:00+00:00,25.08,103.612,101.26763448,149.32712771,0.986741,BE,302,1.9886,2028.8,40.34,39.81,1945.77
1189,S1_BTCUSDT,BTCUSDT,-1,2024-02-26 16:00:00+00:00,2024-02-26 16:00:00+00:00,0.0,52872.2,52885.5,52699.3,-2.192606,SL,1,1.5086,2028.8,30.61,-67.11,1961.69
1190,S4,XRPUSDT,1,2024-02-26 17:00:00+00:00,2024-02-28 17:30:00+00:00,48.5,0.5462,0.53898116,0.68696745,0.977301,BE,583,1.9886,1961.69,39.01,38.12,4233.65
1191,S1_SOLUSDT,SOLUSDT,-1,2024-02-26 20:00:00+00:00,2024-02-26 20:05:00+00:00,0.08,109.805,110.506,100.692,-1.046992,SL,2,2.7132,1961.69,53.22,-55.73,1905.96
1192,S3,XRPUSDT,-1,2024-02-27 21:00:00+00:00,2024-02-28 16:25:00+00:00,19.42,0.5815,0.59742351,0.50188246,-1.010956,SL,234,1.0606,2698.92,28.62,-28.94,3381.5
1193,S1_SOLUSDT,SOLUSDT,-1,2024-02-28 12:00:00+00:00,2024-02-28 16:10:00+00:00,4.17,111.576,115.333,62.735,-1.008909,SL,51,2.7132,2698.92,73.23,-73.88,3410.44
1194,S1_SOLUSDT,SOLUSDT,-1,2024-02-29 00:00:00+00:00,2024-02-29 00:00:00+00:00,0.0,119.421,119.497,118.433,-1.471399,SL,1,2.7132,4233.65,114.87,-169.02,4064.63
1195,S1_ETHUSDT,ETHUSDT,-1,2024-03-01 04:00:00+00:00,2024-03-04 00:25:00+00:00,68.42,3371.36,3524.76,1377.16,-1.006593,SL,822,1.2411,4064.63,50.45,-50.78,3764.7
1196,S1_SOLUSDT,SOLUSDT,-1,2024-03-02 20:00:00+00:00,2024-03-02 20:00:00+00:00,0.0,130.81,130.96,128.86,-1.26162,SL,1,2.7132,4064.63,110.28,-139.13,3925.5
1197,S1_SOLUSDT,SOLUSDT,-1,2024-03-03 20:00:00+00:00,2024-03-03 22:35:00+00:00,2.58,130.317,131.503,114.899,-1.032964,SL,32,2.7132,3925.5,106.51,-110.02,3815.48
1198,S1_SOLUSDT,SOLUSDT,-1,2024-03-04 12:00:00+00:00,2024-03-04 13:55:00+00:00,1.92,132.768,135.219,100.905,0.783749,BE,24,2.7132,3764.7,102.14,80.06,3844.76
1199,S1_SOLUSDT,SOLUSDT,-1,2024-03-05 16:00:00+00:00,2024-03-05 16:05:00+00:00,0.08,139.378,143.143,90.433,0.788894,BE,2,2.7132,4567.18,123.92,97.76,4664.93
1200,S4,SOLUSDT,1,2024-03-06 06:00:00+00:00,2024-04-13 17:35:00+00:00,923.58,129.707,119.97201141,319.5392776,0.996003,BE,11084,1.9886,4664.93,92.77,92.4,3411.89
1201,S1_BTCUSDT,BTCUSDT,-1,2024-03-06 08:00:00+00:00,2024-03-06 08:10:00+00:00,0.17,66759.3,67096.5,62375.7,-1.059394,SL,3,1.5086,4664.93,70.38,-74.56,4526.18
1202,S1_ETHUSDT,ETHUSDT,-1,2024-03-06 08:00:00+00:00,2024-03-06 08:05:00+00:00,0.08,3789.85,3800.3,3654.0,-1.1088,SL,2,1.2411,4664.93,57.9,-64.2,4600.74
1203,S1_BTCUSDT,BTCUSDT,-1,2024-03-07 16:00:00+00:00,2024-03-07 17:25:00+00:00,1.42,67317.2,67994.0,58518.8,-1.029839,SL,18,1.5086,4526.18,68.28,-70.32,4497.13
1204,S1_ETHUSDT,ETHUSDT,-1,2024-03-07 16:00:00+00:00,2024-03-07 16:30:00+00:00,0.5,3840.37,3858.0,3611.18,0.734651,BE,7,1.2411,4526.18,56.17,41.27,4567.45
1205,S1_SOLUSDT,SOLUSDT,-1,2024-03-07 16:00:00+00:00,2024-03-07 19:00:00+00:00,3.0,146.064,149.477,101.695,-1.012839,SL,37,2.7132,4526.18,122.8,-124.38,4372.75
1206,S1_SOLUSDT,SOLUSDT,-1,2024-03-08 20:00:00+00:00,2024-03-10 14:55:00+00:00,42.92,147.992,152.9,84.188,0.790954,BE,516,2.7132,4372.75,118.64,93.84,4403.54
1207,S1_ETHUSDT,ETHUSDT,-1,2024-03-10 04:00:00+00:00,2024-03-10 04:10:00+00:00,0.17,3938.32,3945.62,3843.42,-1.161849,SL,3,1.2411,4372.75,54.27,-63.05,4309.7
1208,S4,ETHUSDT,1,2024-03-11 04:00:00+00:00,2024-03-14 18:50:00+00:00,86.83,3870.32,3782.97059956,5573.63330862,-1.013293,SL,1043,1.9886,4403.54,87.57,-88.73,4225.1
1209,S4,ETHUSDT,1,2024-03-11 07:00:00+00:00,2024-03-14 18:50:00+00:00,83.83,3888.41,3802.54237144,5562.82875694,-1.013585,SL,1007,1.9886,4403.54,87.57,-88.76,4136.34
1210,S4,SOLUSDT,1,2024-03-11 07:00:00+00:00,2024-04-12 18:30:00+00:00,779.5,143.67,138.69007566,240.77852465,0.991345,BE,9355,1.9886,4403.54,87.57,86.81,3262.98
1211,S1_BTCUSDT,BTCUSDT,-1,2024-03-11 08:00:00+00:00,2024-03-11 08:00:00+00:00,0.0,71223.9,71537.7,67144.5,-1.068092,SL,1,1.5086,4403.54,66.43,-70.96,4332.58
1212,S1_ETHUSDT,ETHUSDT,-1,2024-03-11 08:00:00+00:00,2024-03-11 08:00:00+00:00,0.0,4013.37,4027.2,3833.58,-1.087058,SL,1,1.2411,4403.54,54.65,-59.41,4273.17
1213,S4,SOLUSDT,1,2024-03-11 08:00:00+00:00,2024-03-12 17:05:00+00:00,33.08,148.26,142.88578454,253.05720146,-1.008276,SL,398,1.9886,4403.54,87.57,-88.29,4276.01
1214,S3,XRPUSDT,-1,2024-03-12 01:00:00+00:00,2024-04-12 18:30:00+00:00,761.5,0.7044,0.73977049,0.52754754,4.994026,TP,9139,1.0606,4273.17,45.32,226.34,3489.31
1215,S1_SOLUSDT,SOLUSDT,-1,2024-03-12 08:00:00+00:00,2024-03-12 08:25:00+00:00,0.42,152.035,155.3,109.59,0.78603,BE,6,2.7132,4273.17,115.94,91.13,4364.31
1216,S1_ETHUSDT,ETHUSDT,-1,2024-03-13 04:00:00+00:00,2024-03-13 04:20:00+00:00,0.33,4047.92,4061.83,3867.09,0.712698,BE,5,1.2411,4276.01,53.07,37.82,4313.83
1217,S3,XRPUSDT,-1,2024-03-15 09:00:00+00:00,2024-03-15 19:00:00+00:00,10.0,0.6118,0.64380753,0.45176236,-1.005734,SL,121,1.0606,4136.34,43.87,-44.12,4092.22
1218,S4,DOGEUSDT,1,2024-03-15 14:00:00+00:00,2024-03-16 13:05:00+00:00,23.08,0.16517,0.15298049,0.40286553,-1.004065,SL,278,1.9886,4136.34,82.26,-82.59,4009.63
1219,S1_ETHUSDT,ETHUSDT,1,2024-03-16 20:00:00+00:00,2024-03-16 20:45:00+00:00,0.75,3603.02,3571.21,4016.55,0.76602,BE,10,1.2411,4009.63,49.76,38.12,4047.75
1220,S1_SOLUSDT,SOLUSDT,-1,2024-03-17 00:00:00+00:00,2024-03-17 18:15:00+00:00,18.25,182.182,198.269,-26.949,-1.003397,SL,220,2.7132,4047.75,109.82,-110.2,3976.87
1221,S1_ETHUSDT,ETHUSDT,1,2024-03-17 08:00:00+00:00,2024-03-17 08:35:00+00:00,0.58,3474.32,3414.72,4249.12,0.782512,BE,8,1.2411,4047.75,50.24,39.31,4087.06
1222,S1_ETHUSDT,ETHUSDT,1,2024-03-19 08:00:00+00:00,2024-03-19 08:20:00+00:00,0.33,3361.6,3306.45,4078.55,-1.018286,SL,5,1.2411,3976.87,49.36,-50.26,3926.61
1223,S3,ETHUSDT,-1,2024-03-19 09:00:00+00:00,2024-03-19 19:25:00+00:00,10.42,3241.72,3361.1052155,2644.7939225,-1.008146,SL,126,1.0606,3926.61,41.65,-41.98,3930.12
1224,S1_BTCUSDT,BTCUSDT,1,2024-03-19 12:00:00+00:00,2024-03-19 12:35:00+00:00,0.58,63137.1,62545.0,70834.4,0.76801,BE,8,1.5086,3926.61,59.24,45.49,3972.1
1225,S1_BTCUSDT,BTCUSDT,1,2024-03-20 00:00:00+00:00,2024-03-20 00:15:00+00:00,0.25,61974.1,61582.8,67061.0,0.752486,BE,4,1.5086,3930.12,59.29,44.61,3974.73
1226,S1_BTCUSDT,BTCUSDT,-1,2024-03-25 16:00:00+00:00,2024-03-25 16:05:00+00:00,0.08,69844.5,70108.1,66417.7,0.720511,BE,2,1.5086,3974.73,59.96,43.2,4017.93
1227,S1_SOLUSDT,SOLUSDT,-1,2024-03-25 16:00:00+00:00,2024-03-25 16:25:00+00:00,0.42,192.892,194.699,169.401,0.767976,BE,6,2.7132,3974.73,107.84,82.82,4100.75
1228,S1_ETHUSDT,ETHUSDT,-1,2024-03-25 20:00:00+00:00,2024-03-25 21:10:00+00:00,1.17,3642.53,3665.1,3349.12,0.751584,BE,15,1.2411,4100.75,50.89,38.25,4139.01
1229,S1_ETHUSDT,ETHUSDT,-1,2024-03-26 08:00:00+00:00,2024-03-26 14:15:00+00:00,6.25,3637.91,3684.45,3032.89,0.77655,BE,76,1.2411,4139.01,51.37,39.89,4178.9
1230,S1_BTCUSDT,BTCUSDT,-1,2024-03-27 00:00:00+00:00,2024-03-27 13:10:00+00:00,13.17,70044.2,71340.8,53188.4,-1.016206,SL,159,1.5086,4178.9,63.04,-64.06,4114.83
1231,S4,BTCUSDT,1,2024-03-27 15:00:00+00:00,2024-03-27 16:10:00+00:00,1.17,70127.8,68629.30147771,99348.52118475,-1.01404,SL,15,1.9886,4114.83,81.83,-82.98,4031.86
1232,S3,XRPUSDT,-1,2024-03-27 16:00:00+00:00,2024-03-28 14:55:00+00:00,22.92,0.6116,0.62549809,0.54210954,-1.013202,SL,276,1.0606,4114.83,43.64,-44.22,3944.35
1233,S3,ETHUSDT,-1,2024-03-27 19:00:00+00:00,2024-03-28 06:15:00+00:00,11.25,3464.23,3548.28274807,3043.96625966,-1.012364,SL,136,1.0606,4031.86,42.76,-43.29,3988.57
1234,S4,BTCUSDT,1,2024-03-27 23:00:00+00:00,2024-04-02 02:35:00+00:00,123.58,69484.8,68064.11858382,97188.0876155,-1.014673,SL,1484,1.9886,4031.86,80.18,-81.35,3603.9
1235,S1_BTCUSDT,BTCUSDT,-1,2024-03-28 16:00:00+00:00,2024-03-28 16:05:00+00:00,0.08,71335.2,71636.2,67422.2,0.728902,BE,2,1.5086,3944.35,59.5,43.37,3987.72
1236,S1_SOLUSDT,SOLUSDT,-1,2024-03-30 12:00:00+00:00,2024-03-30 14:45:00+00:00,2.75,197.974,200.4,166.436,0.775518,BE,34,2.7132,3987.72,108.19,83.91,4071.63
1237,S1_SOLUSDT,SOLUSDT,-1,2024-03-31 20:00:00+00:00,2024-03-31 20:25:00+00:00,0.42,200.596,201.467,189.273,0.730908,BE,6,2.7132,4071.63,110.47,80.74,4152.37
1238,S3,ETHUSDT,-1,2024-04-01 06:00:00+00:00,2024-04-01 13:25:00+00:00,7.42,3511.8,3566.02901241,3240.65493796,-1.019428,SL,90,1.0606,4152.37,44.04,-44.9,4107.48
1239,S3,XRPUSDT,-1,2024-04-01 15:00:00+00:00,2024-04-01 21:30:00+00:00,6.5,0.6025,0.61466713,0.54166433,-1.014856,SL,79,1.0606,4107.48,43.56,-44.21,4018.82
1240,S3,BTCUSDT,-1,2024-04-01 16:00:00+00:00,2024-04-01 19:15:00+00:00,3.25,68280.9,69293.50046643,63217.89766784,-1.020229,SL,40,1.0606,4107.48,43.56,-44.45,4063.03
1241,S3,ETHUSDT,-1,2024-04-01 16:00:00+00:00,2024-04-01 22:40:00+00:00,6.67,3446.03,3511.63374748,3118.01126258,-1.015758,SL,81,1.0606,4107.48,43.56,-44.25,3930.45
1242,S3,LINKUSDT,-1,2024-04-01 16:00:00+00:00,2024-04-01 22:25:00+00:00,6.42,17.961,18.38439457,15.84402714,-1.012726,SL,78,1.0606,4107.48,43.56,-44.12,3974.7
1243,S4,SOLUSDT,1,2024-04-01 20:00:00+00:00,2024-04-02 02:25:00+00:00,6.42,193.436,187.29765687,313.13369109,-1.009454,SL,78,1.9886,4063.03,80.8,-81.56,3848.89
1244,S4,ETHUSDT,1,2024-04-01 21:00:00+00:00,2024-04-02 02:30:00+00:00,5.5,3498.29,3430.87771551,4812.8295476,-1.015568,SL,67,1.9886,4063.03,80.8,-82.06,3685.25
1245,S4,SOLUSDT,1,2024-04-01 21:00:00+00:00,2024-04-02 02:25:00+00:00,5.42,193.792,187.80653852,310.50849887,-1.009713,SL,66,1.9886,4063.03,80.8,-81.58,3767.31
1246,S1_BTCUSDT,BTCUSDT,1,2024-04-02 16:00:00+00:00,2024-04-02 16:00:00+00:00,0.0,64928.2,64650.0,68544.8,-1.070016,SL,1,1.5086,3603.9,54.37,-58.18,3545.72
1247,S4,ETHUSDT,1,2024-04-05 04:00:00+00:00,2024-04-05 12:00:00+00:00,8.0,3310.0,3234.75583083,4777.26129888,-1.013197,SL,97,1.9886,3545.72,70.51,-71.44,3474.28
1248,S4,ETHUSDT,1,2024-04-05 13:00:00+00:00,2024-04-12 17:25:00+00:00,172.42,3264.29,3187.56395505,4760.44787661,0.987237,BE,2070,1.9886,3474.28,69.09,68.21,3176.17
1249,S4,LINKUSDT,1,2024-04-05 16:00:00+00:00,2024-04-10 12:35:00+00:00,116.58,17.503,17.07668343,25.81617316,-1.012317,SL,1400,1.9886,3474.28,69.09,-69.94,3345.45
1250,S4,LINKUSDT,1,2024-04-05 19:00:00+00:00,2024-04-10 12:35:00+00:00,113.58,17.466,17.06324945,25.31963572,-1.01301,SL,1364,1.9886,3474.28,69.09,-69.99,3275.46
1251,S1_BTCUSDT,BTCUSDT,-1,2024-04-08 08:00:00+00:00,2024-04-08 08:00:00+00:00,0.0,70745.4,70917.0,68514.6,-1.123681,SL,1,1.5086,3474.28,52.41,-58.9,3415.39
1252,S3,BTCUSDT,-1,2024-04-09 17:00:00+00:00,2024-04-10 19:50:00+00:00,26.83,68662.7,70046.52125139,61743.59374306,-1.014885,SL,323,1.0606,3415.39,36.22,-36.76,3238.7
1253,S4,SOLUSDT,1,2024-04-10 17:00:00+00:00,2024-04-12 16:15:00+00:00,47.25,171.686,166.14175182,279.79883948,-1.00929,SL,568,1.9886,3275.46,65.14,-65.74,3172.95
1254,S4,SOLUSDT,1,2024-04-10 20:00:00+00:00,2024-04-12 16:20:00+00:00,44.33,171.483,165.87402141,280.85808248,-1.009172,SL,533,1.9886,3238.7,64.4,-65.0,3107.96
1255,S1_ETHUSDT,ETHUSDT,1,2024-04-12 20:00:00+00:00,2024-04-13 19:50:00+00:00,23.83,3206.93,3062.04,5090.5,-1.00664,SL,287,1.2411,3489.31,43.31,-43.59,3368.29
1256,S1_SOLUSDT,SOLUSDT,1,2024-04-12 20:00:00+00:00,2024-04-13 17:25:00+00:00,21.42,149.242,140.0,269.388,-1.004844,SL,258,2.7132,3489.31,94.67,-95.13,3319.49
1257,S3,BTCUSDT,-1,2024-04-13 02:00:00+00:00,2024-04-13 04:35:00+00:00,2.58,65928.4,67453.78907624,58301.45461881,-1.012966,SL,32,1.0606,3489.31,37.01,-37.49,3451.83
1258,S3,SOLUSDT,-1,2024-04-13 02:00:00+00:00,2024-04-13 04:45:00+00:00,2.75,146.392,154.68668357,104.91858215,-1.005295,SL,34,1.0606,3489.31,37.01,-37.2,3414.62
1259,S3,LINKUSDT,-1,2024-04-13 02:00:00+00:00,2024-04-22 03:00:00+00:00,217.0,14.712,15.56994037,10.42229814,-1.005144,SL,2605,1.0606,3489.31,37.01,-37.2,3022.79
1260,S3,XRPUSDT,-1,2024-04-13 02:00:00+00:00,2024-04-13 20:05:00+00:00,18.08,0.5307,0.55410162,0.4136919,4.993197,TP,218,1.0606,3489.31,37.01,184.79,3501.48
1261,S1_BTCUSDT,BTCUSDT,1,2024-04-13 20:00:00+00:00,2024-04-13 20:00:00+00:00,0.0,64779.1,63530.0,81017.4,-1.015558,SL,1,1.5086,3368.29,50.81,-51.6,3316.69
1262,S1_ETHUSDT,ETHUSDT,1,2024-04-13 20:00:00+00:00,2024-04-13 20:05:00+00:00,0.08,3083.37,2971.1,4542.88,-1.008239,SL,2,1.2411,3368.29,41.8,-42.15,3459.33
1263,S1_BTCUSDT,BTCUSDT,1,2024-04-14 12:00:00+00:00,2024-04-17 16:05:00+00:00,76.08,64150.2,59652.5,122620.3,-1.004279,SL,914,1.5086,3459.33,52.19,-52.41,3373.11
1264,S1_SOLUSDT,SOLUSDT,1,2024-04-14 12:00:00+00:00,2024-05-16 14:50:00+00:00,770.83,138.791,112.917,475.153,0.798391,BE,9251,2.7132,3459.33,93.86,74.94,4023.38
1265,S1_LINKUSDT,LINKUSDT,1,2024-04-16 04:00:00+00:00,2024-04-16 04:10:00+00:00,0.17,13.343,13.217,14.981,-1.031769,SL,3,2.8,3459.33,96.86,-99.94,3359.39
1266,S1_LINKUSDT,LINKUSDT,1,2024-04-16 16:00:00+00:00,2024-04-16 16:00:00+00:00,0.0,12.927,12.887,13.447,0.703048,BE,1,2.8,3359.39,94.06,66.13,3425.52
1267,S2,LINKUSDT,-1,2024-04-19 02:00:00+00:00,2024-04-19 06:50:00+00:00,4.83,13.1,13.72003608,11.17128907,-1.374937,SL,59,3.3981,3373.11,114.62,-157.6,3059.98
1268,S2,XRPUSDT,-1,2024-04-19 02:00:00+00:00,2024-04-19 06:45:00+00:00,4.75,0.4795,0.49707965,0.42398675,-1.356881,SL,58,3.3981,3373.11,114.62,-155.53,3217.58
1269,S1_LINKUSDT,LINKUSDT,-1,2024-04-22 04:00:00+00:00,2024-04-22 04:00:00+00:00,0.0,15.824,15.911,14.693,-1.054566,SL,1,2.8,3022.79,84.64,-89.26,2933.53
1270,S3,XRPUSDT,-1,2024-04-22 18:00:00+00:00,2024-04-22 20:05:00+00:00,2.08,0.5434,0.55490479,0.48587606,-1.01417,SL,26,1.0606,2933.53,31.11,-31.55,2901.98
1271,S1_BTCUSDT,BTCUSDT,-1,2024-04-23 00:00:00+00:00,2024-04-23 04:25:00+00:00,4.42,66777.9,67222.0,61004.6,0.75489,BE,54,1.5086,2901.98,43.78,33.05,2935.02
1272,S1_ETHUSDT,ETHUSDT,-1,2024-04-24 12:00:00+00:00,2024-04-24 12:05:00+00:00,0.08,3280.15,3286.0,3204.1,-1.168213,SL,2,1.2411,2935.02,36.43,-42.55,2892.47
1273,S2,LINKUSDT,-1,2024-04-24 14:00:00+00:00,2024-04-28 22:30:00+00:00,104.5,15.175,15.43891374,13.81988782,4.235722,TP,1255,3.3981,2892.47,98.29,416.32,3621.66
1274,S2,SOLUSDT,-1,2024-04-24 16:00:00+00:00,2024-04-27 01:15:00+00:00,57.25,151.484,155.40558933,132.80727128,4.239659,TP,688,3.3981,2892.47,98.29,416.71,3246.96
1275,S2,LINKUSDT,-1,2024-04-24 16:00:00+00:00,2024-04-30 12:10:00+00:00,140.17,14.713,15.03355114,13.09510225,4.238405,TP,1683,3.3981,2892.47,98.29,416.59,4104.51
1276,S3,BTCUSDT,-1,2024-04-24 16:00:00+00:00,2024-04-30 19:15:00+00:00,147.25,64593.5,65525.92931348,59931.35343262,4.979218,TP,1768,1.0606,2892.47,30.68,152.75,4067.18
1277,S3,DOGEUSDT,-1,2024-04-24 16:00:00+00:00,2024-05-01 07:05:00+00:00,159.08,0.15266,0.1575261,0.1283295,4.990588,TP,1910,1.0606,2892.47,30.68,153.1,4365.92
1278,S3,BTCUSDT,-1,2024-04-24 19:00:00+00:00,2024-04-25 21:15:00+00:00,26.25,64100.0,65102.14919887,59089.25400563,-1.019189,SL,316,1.0606,2892.47,30.68,-31.27,2830.25
1279,S3,SOLUSDT,-1,2024-04-25 11:00:00+00:00,2024-04-25 16:50:00+00:00,5.83,143.715,148.44561509,120.06192456,-1.009114,SL,71,1.0606,2892.47,30.68,-30.96,2861.51
1280,S1_ETHUSDT,ETHUSDT,-1,2024-04-28 00:00:00+00:00,2024-04-28 02:40:00+00:00,2.67,3253.97,3283.54,2869.56,-1.033013,SL,33,1.2411,3246.96,40.3,-41.63,3205.33
1281,S3,ETHUSDT,-1,2024-04-29 03:00:00+00:00,2024-04-30 19:15:00+00:00,40.25,3220.62,3278.4357516,2931.54124198,4.983289,TP,484,1.0606,3621.66,38.41,191.41,4258.6
1282,S4,BTCUSDT,1,2024-04-30 11:00:00+00:00,2024-04-30 14:00:00+00:00,3.0,61759.1,60641.05914457,83560.89668083,-1.016572,SL,37,1.9886,3621.66,72.02,-73.21,4031.29
1283,S1_LINKUSDT,LINKUSDT,1,2024-04-30 12:00:00+00:00,2024-04-30 12:00:00+00:00,0.0,13.19,13.163,13.541,0.653444,BE,1,2.8,3621.66,101.41,66.26,3687.92
1284,S3,ETHUSDT,-1,2024-04-30 12:00:00+00:00,2024-05-03 15:50:00+00:00,75.83,3005.94,3080.32823929,2633.99880354,-1.012123,SL,911,1.0606,3621.66,38.41,-38.88,4167.42
1285,S3,LINKUSDT,-1,2024-04-30 12:00:00+00:00,2024-05-02 11:00:00+00:00,47.0,13.19,13.54900647,11.39496766,-1.011022,SL,565,1.0606,3621.66,38.41,-38.83,4201.86
1286,S1_BTCUSDT,BTCUSDT,1,2024-04-30 16:00:00+00:00,2024-04-30 16:10:00+00:00,0.17,60764.9,60517.6,63979.8,-1.073714,SL,3,1.5086,4031.29,60.82,-65.3,3965.99
1287,S1_ETHUSDT,ETHUSDT,1,2024-04-30 16:00:00+00:00,2024-04-30 16:15:00+00:00,0.25,2992.66,2963.33,3373.95,-1.03061,SL,4,1.2411,4031.29,50.03,-51.56,3914.43
1288,S3,BTCUSDT,-1,2024-04-30 20:00:00+00:00,2024-04-30 22:25:00+00:00,2.42,59276.1,60604.07641985,52636.21790076,-1.013391,SL,30,1.0606,4258.6,45.17,-45.77,4212.82
1289,S1_BTCUSDT,BTCUSDT,1,2024-05-01 08:00:00+00:00,2024-05-01 08:05:00+00:00,0.08,57482.0,57030.0,63358.0,-1.038152,SL,2,1.5086,4365.92,65.86,-68.38,4240.69
1290,S1_ETHUSDT,ETHUSDT,1,2024-05-01 08:00:00+00:00,2024-05-01 08:00:00+00:00,0.0,2868.48,2851.0,3095.72,-1.04923,SL,1,1.2411,4365.92,54.19,-56.85,4309.07
1291,S3,BTCUSDT,-1,2024-05-01 20:00:00+00:00,2024-05-02 12:15:00+00:00,16.25,56935.7,58871.36950854,47257.35245731,-1.008824,SL,196,1.0606,4240.69,44.98,-45.37,4206.3
1292,S1_BTCUSDT,BTCUSDT,1,2024-05-02 04:00:00+00:00,2024-05-02 11:05:00+00:00,7.08,57407.7,56600.0,67907.8,0.778677,BE,86,1.5086,4240.69,63.98,49.82,4251.67
1293,S1_LINKUSDT,LINKUSDT,-1,2024-05-04 20:00:00+00:00,2024-05-04 21:30:00+00:00,1.5,14.377,14.476,13.09,0.756433,BE,19,2.8,4167.42,116.69,88.27,4255.69
1294,S1_LINKUSDT,LINKUSDT,-1,2024-05-05 16:00:00+00:00,2024-05-05 16:00:00+00:00,0.0,14.505,14.53,14.18,-1.17406,SL,1,2.8,4255.69,119.16,-139.9,4115.79
1295,S1_LINKUSDT,LINKUSDT,-1,2024-05-06 08:00:00+00:00,2024-05-06 08:00:00+00:00,0.0,14.734,14.744,14.604,-1.44202,SL,1,2.8,4115.79,115.24,-166.18,3949.61
1296,S2,ETHUSDT,-1,2024-05-07 12:00:00+00:00,2024-05-17 15:25:00+00:00,243.42,3061.92,3108.52698102,2807.09107556,-0.792624,SL,2922,3.3981,3949.61,134.21,-106.38,4002.3
1297,S4,ETHUSDT,1,2024-05-13 07:00:00+00:00,2024-05-14 14:10:00+00:00,31.17,2918.35,2876.15699646,3741.11356908,-1.02075,SL,375,1.9886,3949.61,78.54,-80.17,3869.44
1298,S4,LINKUSDT,1,2024-05-14 19:00:00+00:00,2024-05-29 12:55:00+00:00,353.92,13.086,12.77235756,19.20202759,19.487483,TP,4248,1.9886,3869.44,76.95,1499.52,5011.85
1299,S1_LINKUSDT,LINKUSDT,1,2024-05-15 00:00:00+00:00,2024-05-15 00:30:00+00:00,0.5,12.975,12.92,13.69,0.729227,BE,7,2.8,3869.44,108.34,79.01,3948.44
1300,S1_LINKUSDT,LINKUSDT,-1,2024-05-16 20:00:00+00:00,2024-05-16 20:00:00+00:00,0.0,14.985,15.09,13.62,0.757186,BE,1,2.8,4023.38,112.65,85.3,4108.68
1301,S1_ETHUSDT,ETHUSDT,-1,2024-05-17 16:00:00+00:00,2024-05-17 16:00:00+00:00,0.0,3109.85,3116.9,3018.2,-1.132334,SL,1,1.2411,4002.3,49.67,-56.25,3946.06
1302,S4,ETHUSDT,1,2024-05-20 05:00:00+00:00,2024-05-20 06:50:00+00:00,1.83,3122.11,3080.91274789,3925.45641613,-1.022735,SL,23,1.9886,3946.06,78.47,-80.26,3865.8
1303,S1_ETHUSDT,ETHUSDT,-1,2024-05-20 16:00:00+00:00,2024-05-20 16:40:00+00:00,0.67,3116.96,3138.14,2841.62,-1.04415,SL,9,1.2411,3865.8,47.98,-50.1,3815.7
1304,S4,ETHUSDT,1,2024-05-20 16:00:00+00:00,2024-05-20 19:20:00+00:00,3.33,3116.96,3070.3107587,4026.62020529,0.979955,BE,41,1.9886,3865.8,76.88,75.33,3891.04
1305,S1_LINKUSDT,LINKUSDT,-1,2024-05-22 04:00:00+00:00,2024-05-22 04:35:00+00:00,0.58,16.89,17.112,14.004,0.777176,BE,8,2.8,3891.04,108.95,84.67,3975.71
1306,S1_BTCUSDT,BTCUSDT,-1,2024-05-23 12:00:00+00:00,2024-05-23 12:00:00+00:00,0.0,70019.4,70100.0,68971.6,-1.260618,SL,1,1.5086,3975.71,59.98,-75.61,3900.1
1307,S3,BTCUSDT,-1,2024-05-23 14:00:00+00:00,2024-05-24 18:10:00+00:00,28.17,68062.8,69168.05833545,62536.50832273,-1.018474,SL,339,1.0606,3900.1,41.36,-42.13,3823.2
1308,S4,LINKUSDT,1,2024-05-23 22:00:00+00:00,2024-06-06 19:30:00+00:00,333.5,16.561,15.87657862,29.90721696,0.992741,BE,4003,1.9886,3900.1,77.56,76.99,4867.12
1309,S4,XRPUSDT,1,2024-05-23 22:00:00+00:00,2024-06-02 18:00:00+00:00,236.0,0.5293,0.51042416,0.89737889,-1.008412,SL,2833,1.9886,3900.1,77.56,-78.21,5044.34
1310,S1_LINKUSDT,LINKUSDT,-1,2024-05-24 04:00:00+00:00,2024-05-24 04:00:00+00:00,0.0,17.498,17.575,16.497,0.731826,BE,1,2.8,3900.1,109.2,79.92,3980.02
1311,S1_LINKUSDT,LINKUSDT,-1,2024-05-24 12:00:00+00:00,2024-05-24 13:05:00+00:00,1.08,17.572,17.753,15.219,-1.029125,SL,14,2.8,3980.02,111.44,-114.69,3865.33
1312,S1_ETHUSDT,ETHUSDT,-1,2024-05-24 20:00:00+00:00,2024-05-26 09:10:00+00:00,37.17,3745.29,3817.2,2810.46,-1.015625,SL,447,1.2411,3823.2,47.45,-48.19,3853.94
1313,S1_LINKUSDT,LINKUSDT,-1,2024-05-26 04:00:00+00:00,2024-05-26 04:05:00+00:00,0.08,17.768,17.853,16.663,0.737289,BE,2,2.8,3823.2,107.05,78.93,3902.13
1314,S1_BTCUSDT,BTCUSDT,-1,2024-05-27 16:00:00+00:00,2024-05-27 16:00:00+00:00,0.0,70421.4,70584.9,68295.9,-1.129214,SL,1,1.5086,3853.94,58.14,-65.65,3788.29
1315,S1_LINKUSDT,LINKUSDT,-1,2024-05-27 16:00:00+00:00,2024-05-27 16:00:00+00:00,0.0,18.033,18.055,17.747,-1.245905,SL,1,2.8,3853.94,107.91,-134.45,3653.84
1316,S4,XRPUSDT,1,2024-05-28 03:00:00+00:00,2024-05-28 04:30:00+00:00,1.5,0.5312,0.52313803,0.68840841,-1.019767,SL,19,1.9886,3653.84,72.66,-74.1,3579.74
1317,S1_ETHUSDT,ETHUSDT,-1,2024-05-28 12:00:00+00:00,2024-05-28 13:35:00+00:00,1.58,3906.56,3934.42,3544.38,0.757934,BE,20,1.2411,3579.74,44.43,33.67,3613.42
1318,S1_LINKUSDT,LINKUSDT,-1,2024-05-28 12:00:00+00:00,2024-05-29 12:20:00+00:00,24.33,18.241,18.884,9.882,-1.008511,SL,293,2.8,3579.74,100.23,-101.09,3512.33
1319,S1_LINKUSDT,LINKUSDT,-1,2024-05-30 04:00:00+00:00,2024-05-30 07:35:00+00:00,3.58,18.736,19.241,12.171,0.78887,BE,44,2.8,5011.85,140.33,110.7,5122.55
1320,S2,XRPUSDT,-1,2024-06-02 18:00:00+00:00,2024-06-03 01:10:00+00:00,7.17,0.5127,0.51685538,0.49256156,-0.909409,SL,87,3.3981,5122.55,174.07,-158.3,4886.04
1321,S3,SOLUSDT,-1,2024-06-02 18:00:00+00:00,2024-06-03 01:20:00+00:00,7.33,162.353,164.55671646,151.33441768,-1.022102,SL,89,1.0606,5122.55,54.33,-55.53,4830.51
1322,S1_BTCUSDT,BTCUSDT,-1,2024-06-03 16:00:00+00:00,2024-06-03 17:10:00+00:00,1.17,69650.0,70372.9,60252.3,0.771096,BE,15,1.5086,4830.51,72.87,56.19,4886.7
1323,S1_BTCUSDT,BTCUSDT,-1,2024-06-04 16:00:00+00:00,2024-06-04 16:00:00+00:00,0.0,70492.1,70560.3,69605.5,-1.310083,SL,1,1.5086,4886.7,73.72,-96.58,4790.12
1324,S4,LINKUSDT,1,2024-06-06 21:00:00+00:00,2024-06-07 17:55:00+00:00,20.92,17.413,17.11819704,23.16165762,-1.01772,SL,252,1.9886,4867.12,96.79,-98.5,4690.41
1325,S1_BTCUSDT,BTCUSDT,-1,2024-06-07 08:00:00+00:00,2024-06-07 11:30:00+00:00,3.5,71147.9,71476.0,66882.6,-1.065054,SL,43,1.5086,4867.12,73.43,-78.2,4788.91
1326,S2,SOLUSDT,-1,2024-06-07 17:00:00+00:00,2024-06-07 18:05:00+00:00,1.08,168.79,170.66808031,157.33878239,4.231207,TP,14,3.3981,4788.91,162.73,688.55,6975.44
1327,S2,LINKUSDT,-1,2024-06-07 18:00:00+00:00,2024-06-07 18:00:00+00:00,0.0,17.044,17.47778774,15.58269484,4.235129,TP,1,3.3981,4690.41,159.38,675.02,5365.43
1328,S2,XRPUSDT,-1,2024-06-07 18:00:00+00:00,2024-06-07 18:00:00+00:00,0.0,0.5134,0.521172,0.48665345,4.225526,TP,1,3.3981,4690.41,159.38,673.48,6038.91
1329,S3,ETHUSDT,-1,2024-06-07 18:00:00+00:00,2024-06-11 15:35:00+00:00,93.58,3725.32,3775.88792953,3472.48035233,4.977899,TP,1124,1.0606,4690.41,49.75,247.63,7284.4
1330,S3,SOLUSDT,-1,2024-06-07 18:00:00+00:00,2024-06-11 14:00:00+00:00,92.0,165.422,168.40494671,150.50726647,4.983363,TP,1105,1.0606,4690.41,49.75,247.9,7036.77
1331,S3,DOGEUSDT,-1,2024-06-07 18:00:00+00:00,2024-06-07 18:00:00+00:00,0.0,0.15597,0.15903443,0.14064786,4.984731,TP,1,1.0606,4690.41,49.75,247.97,6286.88
1332,S3,LINKUSDT,-1,2024-06-08 12:00:00+00:00,2024-06-09 20:15:00+00:00,32.25,15.872,16.22025867,14.13070663,-1.013673,SL,388,1.0606,6975.44,73.98,-74.99,6900.44
1333,S1_BTCUSDT,BTCUSDT,1,2024-06-11 08:00:00+00:00,2024-06-11 08:15:00+00:00,0.25,67582.1,67300.0,71249.4,-1.07187,SL,4,1.5086,6900.44,104.1,-111.58,6788.86
1334,S3,SOLUSDT,-1,2024-06-11 14:00:00+00:00,2024-06-12 12:30:00+00:00,22.5,151.219,154.93850684,132.62146579,-1.012197,SL,271,1.0606,6788.86,72.0,-72.88,7211.52
1335,S3,DOGEUSDT,-1,2024-06-11 14:00:00+00:00,2024-06-12 12:30:00+00:00,22.5,0.13843,0.14164856,0.12233722,-1.012903,SL,271,1.0606,6788.86,72.0,-72.93,7138.59
1336,S4,BTCUSDT,1,2024-06-13 17:00:00+00:00,2024-06-14 16:05:00+00:00,23.08,66983.7,65728.60541714,91458.04436578,-1.016011,SL,278,1.9886,7138.59,141.96,-144.23,6994.36
1337,S3,ETHUSDT,-1,2024-06-17 10:00:00+00:00,2024-06-17 18:05:00+00:00,8.08,3510.75,3561.66604286,3256.16978568,-1.020686,SL,98,1.0606,6994.36,74.18,-75.72,6766.98
1338,S3,LINKUSDT,-1,2024-06-17 10:00:00+00:00,2024-06-17 17:40:00+00:00,7.67,14.436,14.73371071,12.94744644,-1.014547,SL,93,1.0606,6994.36,74.18,-75.26,6842.7
1339,S3,BTCUSDT,-1,2024-06-17 14:00:00+00:00,2024-06-17 16:25:00+00:00,2.42,65180.6,65834.35550949,61911.82245254,-1.029911,SL,30,1.0606,6994.36,74.18,-76.4,6917.96
1340,S4,ETHUSDT,1,2024-06-17 18:00:00+00:00,2024-06-18 00:40:00+00:00,6.67,3553.09,3485.35162423,4873.98832751,-1.015736,SL,81,1.9886,6842.7,136.07,-138.22,6628.76
1341,S4,XRPUSDT,1,2024-06-18 03:00:00+00:00,2024-06-24 05:20:00+00:00,146.33,0.4904,0.47068013,0.87493738,-1.00746,SL,1757,1.9886,6628.76,131.82,-132.8,5787.29
1342,S3,LINKUSDT,-1,2024-06-18 14:00:00+00:00,2024-06-18 21:10:00+00:00,7.17,13.284,13.75669725,10.92051375,-1.008431,SL,87,1.0606,6628.76,70.3,-70.9,6557.87
1343,S4,XRPUSDT,1,2024-06-21 15:00:00+00:00,2024-06-21 16:25:00+00:00,1.42,0.4914,0.48222708,0.67027189,-1.016071,SL,18,1.9886,6557.87,130.41,-132.51,6425.36
1344,S4,ETHUSDT,1,2024-06-21 19:00:00+00:00,2024-06-23 20:30:00+00:00,49.5,3521.93,3451.59918477,4893.38089698,-1.015023,SL,595,1.9886,6425.36,127.77,-129.69,6166.55
1345,S4,LINKUSDT,1,2024-06-21 19:00:00+00:00,2024-06-22 00:25:00+00:00,5.42,14.186,13.77933073,22.11605071,-1.010465,SL,66,1.9886,6425.36,127.77,-129.11,6296.25
1346,S4,DOGEUSDT,1,2024-06-23 21:00:00+00:00,2024-06-23 23:30:00+00:00,2.5,0.12363,0.12171929,0.16088894,-1.019411,SL,31,1.9886,6166.55,122.63,-125.01,6041.55
1347,S1_BTCUSDT,BTCUSDT,1,2024-06-24 00:00:00+00:00,2024-06-24 00:00:00+00:00,0.0,63194.9,63137.9,63935.9,-1.332605,SL,1,1.5086,6041.55,91.14,-121.46,5920.09
1348,S3,BTCUSDT,-1,2024-06-24 06:00:00+00:00,2024-06-24 08:35:00+00:00,2.58,62296.4,62900.35752478,59276.61237612,-1.030944,SL,32,1.0606,5787.29,61.38,-63.28,5724.01
1349,S1_ETHUSDT,ETHUSDT,1,2024-06-24 12:00:00+00:00,2024-06-25 21:30:00+00:00,33.5,3319.39,3213.0,4702.46,0.79064,BE,403,1.2411,5724.01,71.04,56.17,5780.17
1350,S1_BTCUSDT,BTCUSDT,1,2024-06-25 08:00:00+00:00,2024-07-01 11:50:00+00:00,147.83,60660.9,58218.0,92418.6,0.792551,BE,1775,1.5086,5724.01,86.35,68.44,5785.96
1351,S3,BTCUSDT,-1,2024-06-28 20:00:00+00:00,2024-06-29 01:10:00+00:00,5.17,60132.2,60951.4501886,56035.94905699,-1.02202,SL,63,1.0606,5780.17,61.3,-62.65,5717.52
1352,S2,SOLUSDT,-1,2024-07-03 05:00:00+00:00,2024-07-04 01:55:00+00:00,20.92,148.15,150.82581412,133.08719981,4.23746,TP,252,3.3981,5785.96,196.61,833.14,6385.21
1353,S4,LINKUSDT,1,2024-07-03 14:00:00+00:00,2024-07-03 17:40:00+00:00,3.67,14.471,14.09371598,21.82803839,-1.011507,SL,45,1.9886,5785.96,115.06,-116.38,5552.07
1354,S4,XRPUSDT,1,2024-07-03 14:00:00+00:00,2024-07-03 15:05:00+00:00,1.08,0.4781,0.47134522,0.60981825,-1.021234,SL,14,1.9886,5785.96,115.06,-117.5,5668.46
1355,S3,BTCUSDT,-1,2024-07-04 02:00:00+00:00,2024-07-11 12:30:00+00:00,178.5,58561.7,59664.57714054,53047.3142973,-1.01593,SL,2143,1.0606,6385.21,67.72,-68.8,6045.27
1356,S3,ETHUSDT,-1,2024-07-04 02:00:00+00:00,2024-07-05 02:55:00+00:00,24.92,3209.31,3271.29939549,2899.36302254,4.984468,TP,300,1.0606,6385.21,67.72,337.56,6545.18
1357,S1_BTCUSDT,BTCUSDT,1,2024-07-04 04:00:00+00:00,2024-07-04 08:40:00+00:00,4.67,59092.4,57611.0,78350.6,-1.011967,SL,57,1.5086,6385.21,96.33,-97.48,6287.73
1358,S1_ETHUSDT,ETHUSDT,1,2024-07-04 04:00:00+00:00,2024-07-04 08:40:00+00:00,4.67,3241.91,3152.54,4403.72,-1.010883,SL,57,1.2411,6385.21,79.25,-80.11,6207.62
1359,S3,DOGEUSDT,-1,2024-07-04 13:00:00+00:00,2024-07-06 16:40:00+00:00,51.67,0.10726,0.11092224,0.08894879,-1.008786,SL,621,1.0606,6207.62,65.84,-66.42,6060.72
1360,S2,LINKUSDT,-1,2024-07-05 00:00:00+00:00,2024-07-06 16:35:00+00:00,40.58,12.528,12.95030876,10.75383705,-1.020642,SL,488,3.3981,6207.62,210.94,-215.3,6193.75
1361,S3,ETHUSDT,-1,2024-07-05 00:00:00+00:00,2024-07-10 16:00:00+00:00,136.0,3059.3,3131.42117265,2698.69413674,-1.012726,SL,1633,1.0606,6207.62,65.84,-66.68,6114.07
1362,S3,SOLUSDT,-1,2024-07-05 00:00:00+00:00,2024-07-05 12:30:00+00:00,12.5,127.751,132.62691875,103.37140625,-1.00786,SL,151,1.0606,6207.62,65.84,-66.36,6409.05
1363,S3,XRPUSDT,-1,2024-07-05 00:00:00+00:00,2024-07-06 16:35:00+00:00,40.58,0.4327,0.44363113,0.37804433,-1.011875,SL,488,1.0606,6207.62,65.84,-66.62,6127.13
1364,S3,DOGEUSDT,-1,2024-07-05 03:00:00+00:00,2024-07-05 12:20:00+00:00,9.33,0.09475,0.10030438,0.06697808,-1.005118,SL,113,1.0606,6545.18,69.42,-69.77,6475.4
1365,S1_ETHUSDT,ETHUSDT,1,2024-07-07 08:00:00+00:00,2024-07-07 09:00:00+00:00,1.0,3002.98,2991.52,3151.96,0.721388,BE,13,1.2411,6060.72,75.22,54.26,6114.98
1366,S1_ETHUSDT,ETHUSDT,1,2024-07-07 16:00:00+00:00,2024-07-07 16:40:00+00:00,0.67,2969.6,2954.08,3171.36,0.742598,BE,9,1.2411,6114.98,75.89,56.36,6171.34
1367,S1_ETHUSDT,ETHUSDT,1,2024-07-08 00:00:00+00:00,2024-07-08 00:05:00+00:00,0.08,2930.23,2922.0,3037.22,-1.106813,SL,2,1.2411,6171.34,76.59,-84.77,6086.56
1368,S1_BTCUSDT,BTCUSDT,1,2024-07-08 04:00:00+00:00,2024-07-08 14:25:00+00:00,10.42,55136.6,54243.1,66752.1,0.781487,BE,126,1.5086,6086.56,91.82,71.76,6158.32
1369,S1_XRPUSDT,XRPUSDT,1,2024-07-08 04:00:00+00:00,2024-07-08 14:30:00+00:00,10.5,0.4143,0.4028,0.5638,0.789192,BE,127,4.1176,6086.56,250.62,197.79,6356.11
1370,S2,XRPUSDT,-1,2024-07-08 16:00:00+00:00,2024-07-09 06:25:00+00:00,14.42,0.4239,0.43570198,0.36145455,-0.811891,SL,174,3.3981,6356.11,215.99,-175.36,6180.75
1371,S3,XRPUSDT,-1,2024-07-13 21:00:00+00:00,2024-07-16 03:35:00+00:00,54.58,0.5398,0.56091862,0.43420692,-1.007668,SL,656,1.0606,6045.27,64.12,-64.61,5523.42
1372,S2,XRPUSDT,-1,2024-07-13 23:00:00+00:00,2024-07-14 09:15:00+00:00,10.25,0.5236,0.536909,0.43242349,-0.627693,SL,124,3.3981,6045.27,205.42,-128.94,5835.19
1373,S1_ETHUSDT,ETHUSDT,-1,2024-07-14 08:00:00+00:00,2024-07-14 08:25:00+00:00,0.42,3194.33,3206.09,3041.45,-1.081488,SL,6,1.2411,6045.27,75.03,-81.14,5964.13
1374,S1_ETHUSDT,ETHUSDT,-1,2024-07-15 00:00:00+00:00,2024-07-15 00:30:00+00:00,0.5,3243.52,3268.66,2916.7,-1.038705,SL,7,1.2411,5835.19,72.42,-75.22,5759.97
1375,S1_LINKUSDT,LINKUSDT,-1,2024-07-15 00:00:00+00:00,2024-07-15 00:30:00+00:00,0.5,13.441,13.518,12.44,-1.052368,SL,7,2.8,5835.19,163.39,-171.94,5588.02
1376,S2,BTCUSDT,-1,2024-07-16 07:00:00+00:00,2024-07-16 12:25:00+00:00,5.42,62880.2,63950.90298866,57785.6973092,-0.908952,SL,66,3.3981,5523.42,187.69,-170.6,5352.81
1377,S2,LINKUSDT,-1,2024-07-16 07:00:00+00:00,2024-07-16 15:05:00+00:00,8.08,13.967,14.30986588,12.55793344,-1.046784,SL,98,3.3981,5523.42,187.69,-196.47,5156.34
1378,S1_ETHUSDT,ETHUSDT,-1,2024-07-18 04:00:00+00:00,2024-07-18 13:05:00+00:00,9.08,3430.0,3474.33,2853.71,-1.023212,SL,110,1.2411,5156.34,64.0,-65.48,5090.86
1379,S1_ETHUSDT,ETHUSDT,-1,2024-07-19 20:00:00+00:00,2024-07-19 20:00:00+00:00,0.0,3520.9,3539.38,3280.66,0.742843,BE,1,1.2411,5090.86,63.18,46.93,5137.8
1380,S1_LINKUSDT,LINKUSDT,-1,2024-07-21 16:00:00+00:00,2024-07-21 17:00:00+00:00,1.0,14.441,14.712,10.918,-1.015986,SL,13,2.8,5137.8,143.86,-146.16,4991.64
1381,S1_ETHUSDT,ETHUSDT,-1,2024-07-22 00:00:00+00:00,2024-07-22 00:45:00+00:00,0.75,3534.3,3547.84,3358.28,-1.078308,SL,10,1.2411,4991.64,61.95,-66.8,4924.83
1382,S1_XRPUSDT,XRPUSDT,-1,2024-07-22 12:00:00+00:00,2024-07-22 12:10:00+00:00,0.17,0.6108,0.6139,0.5705,0.74089,BE,3,4.1176,4924.83,202.79,150.24,5075.08
1383,S1_BTCUSDT,BTCUSDT,-1,2024-07-22 20:00:00+00:00,2024-07-22 20:00:00+00:00,0.0,68193.6,68228.6,67738.6,4.915483,BE,1,1.5086,5075.08,76.56,376.34,5451.42
1384,S1_XRPUSDT,XRPUSDT,-1,2024-07-23 04:00:00+00:00,2024-07-23 05:05:00+00:00,1.08,0.6141,0.6229,0.4997,0.779065,BE,14,4.1176,5451.42,224.47,174.87,5626.29
1385,S3,BTCUSDT,-1,2024-07-23 17:00:00+00:00,2024-07-24 14:30:00+00:00,21.5,65825.0,67005.84734869,59920.76325656,-1.016723,SL,259,1.0606,5626.29,59.67,-60.67,5565.62
1386,S4,ETHUSDT,1,2024-07-23 18:00:00+00:00,2024-07-24 21:10:00+00:00,27.17,3426.8,3344.56691858,5030.34508767,-1.012502,SL,327,1.9886,5626.29,111.88,-113.28,5627.97
1387,S1_XRPUSDT,XRPUSDT,-1,2024-07-24 12:00:00+00:00,2024-07-24 15:15:00+00:00,3.25,0.6283,0.6328,0.5698,0.758113,BE,40,4.1176,5626.29,231.67,175.63,5741.25
1388,S1_ETHUSDT,ETHUSDT,1,2024-07-25 04:00:00+00:00,2024-07-25 04:05:00+00:00,0.08,3166.41,3148.78,3395.6,-1.053881,SL,2,1.2411,5627.97,69.85,-73.61,5554.36
1389,S1_LINKUSDT,LINKUSDT,1,2024-07-25 04:00:00+00:00,2024-07-25 04:40:00+00:00,0.67,12.962,12.82,14.808,0.772615,BE,9,2.8,5627.97,157.58,121.75,5676.11
1390,S4,SOLUSDT,1,2024-07-25 15:00:00+00:00,2024-07-30 17:35:00+00:00,122.58,171.213,165.08437776,290.72113367,0.991619,BE,1472,1.9886,5676.11,112.88,111.93,5937.48
1391,S1_BTCUSDT,BTCUSDT,-1,2024-07-26 20:00:00+00:00,2024-07-26 20:20:00+00:00,0.33,67957.2,68143.0,65541.8,0.690274,BE,5,1.5086,5676.11,85.63,59.11,5735.22
1392,S1_BTCUSDT,BTCUSDT,-1,2024-07-29 04:00:00+00:00,2024-07-29 06:25:00+00:00,2.42,69323.1,69782.2,63354.8,-1.045299,SL,30,1.5086,5735.22,86.52,-90.44,5644.78
1393,S2,BTCUSDT,-1,2024-07-29 15:00:00+00:00,2024-08-01 02:05:00+00:00,59.08,68200.0,69360.70296923,63898.8317437,4.229783,TP,710,3.3981,5644.78,191.82,811.34,6819.15
1394,S4,XRPUSDT,1,2024-07-29 18:00:00+00:00,2024-08-01 02:15:00+00:00,56.25,0.6032,0.59256338,0.81061407,0.982987,BE,676,1.9886,5644.78,112.25,110.34,6929.49
1395,S1_XRPUSDT,XRPUSDT,-1,2024-07-30 12:00:00+00:00,2024-07-30 13:50:00+00:00,1.83,0.6295,0.638,0.519,0.777782,BE,23,4.1176,5644.78,232.43,180.78,5825.56
1396,S4,ETHUSDT,1,2024-07-30 21:00:00+00:00,2024-07-31 20:50:00+00:00,23.83,3280.0,3222.13665936,4408.33514252,-1.017006,SL,287,1.9886,5937.48,118.07,-120.08,6007.81
1397,S1_XRPUSDT,XRPUSDT,-1,2024-07-31 04:00:00+00:00,2024-07-31 04:50:00+00:00,0.83,0.6491,0.6583,0.5295,0.778834,BE,11,4.1176,5937.48,244.48,190.41,6127.9
1398,S2,ETHUSDT,-1,2024-07-31 21:00:00+00:00,2024-08-03 00:55:00+00:00,51.92,3221.68,3275.45451409,2940.92420185,4.235369,TP,624,3.3981,6007.81,204.15,864.66,7831.12
1399,S2,SOLUSDT,-1,2024-07-31 21:00:00+00:00,2024-08-02 19:45:00+00:00,46.75,173.495,177.37736579,150.8642717,4.240225,TP,562,3.3981,6007.81,204.15,865.65,7162.01
1400,S3,BTCUSDT,-1,2024-07-31 21:00:00+00:00,2024-08-04 16:40:00+00:00,91.67,64577.4,65729.56632273,58816.56838633,4.983185,TP,1101,1.0606,6007.81,63.72,317.52,8051.78
1401,S1_BTCUSDT,BTCUSDT,1,2024-08-01 04:00:00+00:00,2024-08-01 04:40:00+00:00,0.67,63912.7,63722.0,66391.8,-1.100544,SL,9,1.5086,6929.49,104.54,-115.05,6814.44
1402,S3,DOGEUSDT,-1,2024-08-01 05:00:00+00:00,2024-08-04 16:00:00+00:00,83.0,0.11867,0.12190806,0.10247968,4.989005,TP,997,1.0606,6814.44,72.27,360.58,7632.33
1403,S3,DOGEUSDT,-1,2024-08-01 15:00:00+00:00,2024-08-01 22:25:00+00:00,7.42,0.11665,0.11977683,0.10101586,-1.011192,SL,90,1.0606,6814.44,72.27,-73.08,6479.95
1404,S1_BTCUSDT,BTCUSDT,1,2024-08-01 16:00:00+00:00,2024-08-01 16:15:00+00:00,0.25,62892.6,62646.7,66089.3,0.723271,BE,4,1.5086,6814.44,102.8,74.35,6553.03
1405,S1_ETHUSDT,ETHUSDT,1,2024-08-01 16:00:00+00:00,2024-08-01 16:00:00+00:00,0.0,3115.68,3100.84,3308.6,-1.062985,SL,1,1.2411,6814.44,84.57,-89.9,6724.54
1406,S1_LINKUSDT,LINKUSDT,1,2024-08-01 16:00:00+00:00,2024-08-01 16:00:00+00:00,0.0,12.505,12.492,12.674,-1.288577,SL,1,2.8,6814.44,190.8,-245.87,6478.68
1407,S1_ETHUSDT,ETHUSDT,1,2024-08-02 16:00:00+00:00,2024-08-02 21:10:00+00:00,5.17,3037.5,2983.57,3738.59,-1.016897,SL,63,1.2411,6479.95,80.42,-81.78,7080.23
1408,S1_LINKUSDT,LINKUSDT,1,2024-08-02 16:00:00+00:00,2024-08-02 19:35:00+00:00,3.58,12.092,11.786,16.07,-1.011855,SL,44,2.8,6479.95,181.44,-183.59,6296.36
1409,S1_BTCUSDT,BTCUSDT,1,2024-08-03 00:00:00+00:00,2024-08-03 00:50:00+00:00,0.83,61483.7,61200.2,65169.2,-1.065062,SL,11,1.5086,7080.23,106.81,-113.76,6966.46
1410,S1_BTCUSDT,BTCUSDT,1,2024-08-03 16:00:00+00:00,2024-08-03 16:25:00+00:00,0.42,60857.8,60473.3,65856.3,-1.047483,SL,6,1.5086,7831.12,118.14,-123.75,7707.37
1411,S1_LINKUSDT,LINKUSDT,1,2024-08-03 16:00:00+00:00,2024-08-03 17:15:00+00:00,1.25,11.807,11.598,14.524,-1.016948,SL,16,2.8,7831.12,219.27,-222.99,7484.38
1412,S1_LINKUSDT,LINKUSDT,1,2024-08-04 08:00:00+00:00,2024-08-04 14:25:00+00:00,6.42,11.572,11.335,14.653,-1.014648,SL,78,2.8,7484.38,209.56,-212.63,7271.75
1413,S1_BTCUSDT,BTCUSDT,1,2024-08-04 16:00:00+00:00,2024-08-04 16:00:00+00:00,0.0,59069.9,58926.1,60939.3,-1.123233,SL,1,1.5086,7271.75,109.7,-123.22,7509.11
1414,S1_XRPUSDT,XRPUSDT,1,2024-08-04 16:00:00+00:00,2024-08-04 16:05:00+00:00,0.08,0.5284,0.5251,0.5713,0.751964,BE,2,4.1176,7271.75,299.42,225.15,7734.26
1415,S1_XRPUSDT,XRPUSDT,1,2024-08-05 00:00:00+00:00,2024-08-05 00:35:00+00:00,0.58,0.5227,0.5128,0.6514,-1.015839,SL,8,4.1176,8051.78,331.54,-336.79,7714.99
1416,S3,LINKUSDT,-1,2024-08-05 04:00:00+00:00,2024-08-06 00:25:00+00:00,20.42,9.307,9.92599046,6.21204768,-1.004511,SL,246,1.0606,7714.99,81.83,-82.19,7632.8
1417,S1_ETHUSDT,ETHUSDT,1,2024-08-07 00:00:00+00:00,2024-08-07 02:20:00+00:00,2.33,2459.86,2412.35,3077.49,0.784467,BE,29,1.2411,7632.8,94.73,74.31,7707.11
1418,S1_ETHUSDT,ETHUSDT,1,2024-08-07 16:00:00+00:00,2024-08-07 17:15:00+00:00,1.25,2411.71,2363.24,3041.82,-1.014927,SL,16,1.2411,7707.11,95.65,-97.08,7610.03
1419,S1_XRPUSDT,XRPUSDT,-1,2024-08-08 00:00:00+00:00,2024-08-12 03:45:00+00:00,99.75,0.6001,0.6441,0.0281,0.795908,BE,1198,4.1176,7610.03,313.35,249.4,7859.43
1420,S3,BTCUSDT,-1,2024-08-09 00:00:00+00:00,2024-08-23 19:10:00+00:00,355.17,61659.8,63486.34453071,52527.07734647,-1.010127,SL,4263,1.0606,7610.03,80.71,-81.53,5754.14
1421,S3,LINKUSDT,-1,2024-08-11 20:00:00+00:00,2024-08-12 10:20:00+00:00,14.33,10.205,10.42414505,9.10927476,-1.01397,SL,173,1.0606,7610.03,80.71,-81.84,7530.77
1422,S2,DOGEUSDT,-1,2024-08-11 21:00:00+00:00,2024-08-12 07:35:00+00:00,10.58,0.1014,0.10317161,0.08940899,-0.638696,SL,128,3.3981,7610.03,258.6,-165.16,7694.26
1423,S3,SOLUSDT,-1,2024-08-11 21:00:00+00:00,2024-08-12 08:05:00+00:00,11.08,143.833,147.52074563,125.39427187,-1.011701,SL,134,1.0606,7610.03,80.71,-81.66,7612.61
1424,S2,SOLUSDT,-1,2024-08-15 19:00:00+00:00,2024-08-15 22:30:00+00:00,3.5,138.552,143.5214441,119.31683455,-1.10718,SL,43,3.3981,7530.77,255.9,-283.33,7247.44
1425,S4,LINKUSDT,1,2024-08-16 05:00:00+00:00,2024-08-16 12:30:00+00:00,7.5,10.295,10.03704675,15.32508842,-1.011973,SL,91,1.9886,7247.44,144.12,-145.85,6955.65
1426,S4,DOGEUSDT,1,2024-08-16 05:00:00+00:00,2024-08-16 12:30:00+00:00,7.5,0.10132,0.09884371,0.14960766,-1.012275,SL,91,1.9886,7247.44,144.12,-145.89,6809.76
1427,S4,XRPUSDT,1,2024-08-16 05:00:00+00:00,2024-08-16 15:25:00+00:00,10.42,0.5648,0.55431218,0.76931249,-1.016156,SL,126,1.9886,7247.44,144.12,-146.45,6663.31
1428,S4,LINKUSDT,1,2024-08-16 07:00:00+00:00,2024-08-16 12:10:00+00:00,5.17,10.381,10.1335199,15.20686195,-1.012584,SL,63,1.9886,7247.44,144.12,-145.94,7101.5
1429,S2,SOLUSDT,-1,2024-08-16 13:00:00+00:00,2024-08-18 00:40:00+00:00,35.67,139.124,142.86108271,121.89264644,-0.932021,SL,429,3.3981,6809.76,231.4,-215.67,6447.64
1430,S4,XRPUSDT,1,2024-08-19 02:00:00+00:00,2024-08-27 21:35:00+00:00,211.58,0.5666,0.55849033,0.72473856,0.97904,BE,2540,1.9886,6447.64,128.22,125.53,5656.24
1431,S3,BTCUSDT,-1,2024-08-19 10:00:00+00:00,2024-08-19 13:15:00+00:00,3.25,57977.3,58698.03569656,54373.62151721,-1.024133,SL,40,1.0606,6447.64,68.38,-70.03,6377.6
1432,S4,LINKUSDT,1,2024-08-19 15:00:00+00:00,2024-09-01 22:55:00+00:00,319.92,10.037,9.83865156,13.90479449,0.984819,BE,3840,1.9886,6377.6,126.83,124.9,6010.61
1433,S2,XRPUSDT,-1,2024-08-20 15:00:00+00:00,2024-08-21 18:55:00+00:00,27.92,0.5934,0.60345521,0.53927148,-0.803481,SL,336,3.3981,6377.6,216.72,-174.13,6031.37
1434,S2,BTCUSDT,-1,2024-08-20 16:00:00+00:00,2024-08-20 19:45:00+00:00,3.75,58783.7,59545.51017578,54612.45670558,-0.794162,SL,46,3.3981,6377.6,216.72,-172.11,6205.5
1435,S1_LINKUSDT,LINKUSDT,-1,2024-08-21 20:00:00+00:00,2024-08-21 20:00:00+00:00,0.0,11.116,11.137,10.843,-1.1588,SL,1,2.8,6031.37,168.88,-195.7,5835.67
1436,S1_BTCUSDT,BTCUSDT,-1,2024-08-23 20:00:00+00:00,2024-08-23 21:15:00+00:00,1.25,63577.4,63794.0,60761.6,-1.088057,SL,16,1.5086,5754.14,86.81,-94.45,5575.6
1437,S1_ETHUSDT,ETHUSDT,-1,2024-08-23 20:00:00+00:00,2024-08-23 20:00:00+00:00,0.0,2744.58,2749.22,2684.26,-1.177451,SL,1,1.2411,5754.14,71.41,-84.09,5670.05
1438,S1_SOLUSDT,SOLUSDT,-1,2024-08-24 00:00:00+00:00,2024-08-24 00:50:00+00:00,0.83,153.228,153.999,143.205,-1.059622,SL,11,2.7132,5575.6,151.28,-160.3,5415.31
1439,S1_BTCUSDT,BTCUSDT,-1,2024-08-26 12:00:00+00:00,2024-09-09 16:45:00+00:00,340.75,63816.6,65175.4,46152.2,5.48591,BE,4090,1.5086,5415.31,81.7,448.17,5455.3
1440,S1_SOLUSDT,SOLUSDT,-1,2024-08-27 04:00:00+00:00,2024-08-27 10:15:00+00:00,6.25,158.463,161.722,116.096,0.785413,BE,76,2.7132,5415.31,146.93,115.4,5530.71
1441,S3,ETHUSDT,-1,2024-08-27 11:00:00+00:00,2024-08-27 21:45:00+00:00,10.75,2636.66,2677.59326165,2431.99369175,4.980676,TP,130,1.0606,5530.71,58.66,292.16,5948.4
1442,S3,ETHUSDT,-1,2024-08-27 17:00:00+00:00,2024-09-04 01:00:00+00:00,176.0,2564.74,2611.30830258,2331.8984871,4.983478,TP,2113,1.0606,5530.71,58.66,292.32,5643.31
1443,S1_ETHUSDT,ETHUSDT,1,2024-08-28 00:00:00+00:00,2024-08-28 09:55:00+00:00,9.92,2455.98,2388.0,3339.72,0.789162,BE,120,1.2411,5948.4,73.83,58.26,6006.66
1444,S4,ETHUSDT,1,2024-08-30 19:00:00+00:00,2024-09-01 05:25:00+00:00,34.42,2534.82,2474.27419761,3715.46314668,-1.01256,SL,414,1.9886,6006.66,119.45,-120.95,5885.71
1445,S2,ETHUSDT,-1,2024-09-01 23:00:00+00:00,2024-09-02 09:45:00+00:00,10.75,2405.09,2489.84207481,2187.37242735,-1.668505,SL,130,3.3981,6010.61,204.25,-340.79,5736.15
1446,S2,XRPUSDT,-1,2024-09-01 23:00:00+00:00,2024-09-02 15:10:00+00:00,16.17,0.5449,0.55856035,0.50748025,-1.570059,SL,195,3.3981,6010.61,204.25,-320.68,5350.99
1447,S3,LINKUSDT,-1,2024-09-01 23:00:00+00:00,2024-09-02 08:30:00+00:00,9.5,10.26,10.53391585,8.89042073,-1.011237,SL,115,1.0606,6010.61,63.75,-64.46,6076.94
1448,S3,DOGEUSDT,-1,2024-09-01 23:00:00+00:00,2024-09-02 09:50:00+00:00,10.83,0.09434,0.09679982,0.08204092,-1.011506,SL,131,1.0606,6010.61,63.75,-64.48,5671.67
1449,S1_LINKUSDT,LINKUSDT,1,2024-09-02 00:00:00+00:00,2024-09-02 02:05:00+00:00,2.08,10.358,10.222,12.126,0.777151,BE,26,2.8,6010.61,168.3,130.79,6141.4
1450,S1_ETHUSDT,ETHUSDT,1,2024-09-04 04:00:00+00:00,2024-09-04 15:30:00+00:00,11.5,2371.92,2304.87,3243.57,0.789387,BE,139,1.2411,5643.31,70.04,55.29,5698.6
1451,S4,XRPUSDT,1,2024-09-06 13:00:00+00:00,2024-09-06 14:00:00+00:00,1.0,0.5441,0.53572344,0.70744285,-1.019487,SL,13,1.9886,5698.6,113.32,-115.53,5583.07
1452,S1_ETHUSDT,ETHUSDT,1,2024-09-06 16:00:00+00:00,2024-09-06 16:15:00+00:00,0.25,2289.03,2264.4,2609.22,-1.027881,SL,4,1.2411,5583.07,69.29,-71.22,5511.85
1453,S1_LINKUSDT,LINKUSDT,1,2024-09-06 16:00:00+00:00,2024-09-06 16:15:00+00:00,0.25,9.682,9.578,11.034,-1.027929,SL,4,2.8,5583.07,156.33,-160.69,5351.15
1454,S3,BTCUSDT,-1,2024-09-06 19:00:00+00:00,2024-09-07 14:05:00+00:00,19.08,53333.1,54662.28024045,46687.19879776,-1.012037,SL,230,1.0606,5351.15,56.75,-57.44,5007.13
1455,S3,ETHUSDT,-1,2024-09-06 19:00:00+00:00,2024-09-07 06:50:00+00:00,11.83,2209.01,2276.67401612,1870.68991938,-1.009794,SL,143,1.0606,5351.15,56.75,-57.31,5121.91
1456,S3,LINKUSDT,-1,2024-09-06 19:00:00+00:00,2024-09-07 05:05:00+00:00,10.08,9.487,9.74850919,8.17945405,-1.010883,SL,122,1.0606,5351.15,56.75,-57.37,5179.22
1457,S3,DOGEUSDT,-1,2024-09-06 19:00:00+00:00,2024-09-07 07:25:00+00:00,12.42,0.09113,0.09378783,0.07784087,-1.010286,SL,150,1.0606,5351.15,56.75,-57.34,5064.57
1458,S3,ETHUSDT,-1,2024-09-06 21:00:00+00:00,2024-09-07 04:10:00+00:00,7.17,2169.57,2242.29744247,1805.93278763,-1.008949,SL,87,1.0606,5351.15,56.75,-57.26,5236.59
1459,S3,DOGEUSDT,-1,2024-09-06 21:00:00+00:00,2024-09-06 23:20:00+00:00,2.33,0.08941,0.09218302,0.07554488,-1.009673,SL,29,1.0606,5351.15,56.75,-57.3,5293.85
1460,S3,SOLUSDT,-1,2024-09-11 14:00:00+00:00,2024-09-11 17:00:00+00:00,3.0,129.552,132.62336935,114.19515323,-1.012654,SL,37,1.0606,5455.3,57.86,-58.59,5338.07
1461,S3,LINKUSDT,-1,2024-09-11 14:00:00+00:00,2024-09-11 16:35:00+00:00,2.58,10.224,10.45012374,9.0933813,-1.013564,SL,32,1.0606,5455.3,57.86,-58.64,5396.66
1462,S1_LINKUSDT,LINKUSDT,-1,2024-09-13 12:00:00+00:00,2024-09-13 12:45:00+00:00,0.75,10.927,11.006,9.9,-1.041495,SL,10,2.8,5338.07,149.47,-155.67,5182.4
1463,S1_ETHUSDT,ETHUSDT,-1,2024-09-14 00:00:00+00:00,2024-09-14 06:00:00+00:00,6.0,2438.16,2463.77,2105.23,0.771439,BE,73,1.2411,5182.4,64.32,49.62,5232.02
1464,S3,LINKUSDT,-1,2024-09-16 00:00:00+00:00,2024-09-19 00:00:00+00:00,72.0,10.799,10.95352059,10.02639705,-1.020966,SL,865,1.0606,5232.02,55.49,-56.65,5061.65
1465,S3,BTCUSDT,-1,2024-09-16 01:00:00+00:00,2024-09-17 12:40:00+00:00,35.67,58641.6,59288.61731237,55406.51343814,-1.02719,SL,429,1.0606,5232.02,55.49,-57.0,5118.3
1466,S3,BTCUSDT,-1,2024-09-16 15:00:00+00:00,2024-09-16 23:45:00+00:00,8.75,57589.4,58371.67195003,53678.04024985,-1.022085,SL,106,1.0606,5232.02,55.49,-56.72,5175.3
1467,S4,ETHUSDT,1,2024-09-18 21:00:00+00:00,2024-10-02 19:05:00+00:00,334.08,2325.0,2274.54081365,3308.95413392,0.986177,BE,4010,1.9886,5118.3,101.78,100.38,4251.95
1468,S4,SOLUSDT,1,2024-09-18 21:00:00+00:00,2024-10-03 15:20:00+00:00,354.33,130.721,127.36323026,196.19751,0.988321,BE,4253,1.9886,5118.3,101.78,100.59,5366.34
1469,S4,LINKUSDT,1,2024-09-18 21:00:00+00:00,2024-09-22 21:55:00+00:00,96.92,10.639,10.38781502,15.53710714,0.987293,BE,1164,1.9886,5118.3,101.78,100.49,4589.3
1470,S1_LINKUSDT,LINKUSDT,-1,2024-09-19 12:00:00+00:00,2024-09-19 12:00:00+00:00,0.0,11.258,11.27,11.102,-1.28145,SL,1,2.8,5061.65,141.73,-181.61,4880.03
1471,S1_LINKUSDT,LINKUSDT,-1,2024-09-20 04:00:00+00:00,2024-09-20 04:00:00+00:00,0.0,11.424,11.428,11.372,-1.8568,SL,1,2.8,4880.03,136.64,-253.71,4626.32
1472,S1_LINKUSDT,LINKUSDT,-1,2024-09-22 00:00:00+00:00,2024-09-22 00:05:00+00:00,0.08,11.485,11.541,10.757,-1.061527,SL,2,2.8,4626.32,129.54,-137.51,4488.81
1473,S4,BTCUSDT,1,2024-09-22 23:00:00+00:00,2024-09-23 00:10:00+00:00,1.17,63856.6,63089.21234686,78820.65923623,-1.024964,SL,15,1.9886,4589.3,91.26,-93.54,4495.76
1474,S4,XRPUSDT,1,2024-09-22 23:00:00+00:00,2024-09-23 00:15:00+00:00,1.25,0.5891,0.57883347,0.78929727,-1.017214,SL,16,1.9886,4589.3,91.26,-92.83,4402.93
1475,S1_ETHUSDT,ETHUSDT,-1,2024-09-24 20:00:00+00:00,2024-09-24 22:10:00+00:00,2.17,2649.39,2667.21,2417.73,-1.044603,SL,27,1.2411,4402.93,54.64,-57.08,4200.66
1476,S1_LINKUSDT,LINKUSDT,-1,2024-09-24 20:00:00+00:00,2024-09-24 20:00:00+00:00,0.0,11.846,11.866,11.586,-1.17769,SL,1,2.8,4402.93,123.28,-145.19,4257.74
1477,S4,XRPUSDT,1,2024-09-27 04:00:00+00:00,2024-10-01 15:10:00+00:00,107.17,0.586,0.57846447,0.73294281,0.976671,BE,1287,1.9886,4200.66,83.53,81.59,3913.51
1478,S1_ETHUSDT,ETHUSDT,-1,2024-09-27 16:00:00+00:00,2024-09-27 16:25:00+00:00,0.42,2682.16,2698.8,2465.84,-1.048356,SL,6,1.2411,4200.66,52.13,-54.66,4146.0
1479,S1_BTCUSDT,BTCUSDT,-1,2024-09-29 12:00:00+00:00,2024-09-29 20:00:00+00:00,8.0,65670.4,65980.0,61645.6,-1.063634,SL,97,1.5086,4146.0,62.55,-66.53,4079.47
1480,S3,BTCUSDT,-1,2024-09-30 03:00:00+00:00,2024-10-01 17:20:00+00:00,38.33,64350.6,64936.50615198,61421.06924009,4.967051,TP,461,1.0606,4079.47,43.27,214.91,4128.42
1481,S3,BTCUSDT,-1,2024-09-30 10:00:00+00:00,2024-10-02 19:35:00+00:00,57.58,63512.1,64204.10725503,60052.06372485,4.972466,TP,692,1.0606,4079.47,43.27,215.14,4467.09
1482,S4,SOLUSDT,1,2024-09-30 12:00:00+00:00,2024-09-30 23:30:00+00:00,11.5,155.56,152.66739469,211.96580363,-1.016134,SL,139,1.9886,4079.47,81.12,-82.43,3997.04
1483,S4,ETHUSDT,1,2024-09-30 18:00:00+00:00,2024-10-01 13:40:00+00:00,19.67,2608.39,2569.04967301,3375.52637626,-1.019891,SL,237,1.9886,4079.47,81.12,-82.74,3831.92
1484,S4,SOLUSDT,1,2024-09-30 18:00:00+00:00,2024-09-30 23:30:00+00:00,5.5,155.597,152.57643779,214.49796303,-1.015454,SL,67,1.9886,4079.47,81.12,-82.38,3914.66
1485,S2,SOLUSDT,-1,2024-10-01 15:00:00+00:00,2024-10-03 08:35:00+00:00,41.58,150.778,154.70720899,136.59949078,4.236441,TP,500,3.3981,3831.92,130.21,551.64,4864.51
1486,S2,LINKUSDT,-1,2024-10-01 15:00:00+00:00,2024-10-03 08:50:00+00:00,41.83,11.611,11.98230017,10.4039901,4.237735,TP,503,3.3981,3831.92,130.21,551.81,5416.31
1487,S1_BTCUSDT,BTCUSDT,1,2024-10-01 20:00:00+00:00,2024-10-01 20:15:00+00:00,0.25,61739.8,61100.0,70057.2,-1.02895,SL,4,1.5086,4128.42,62.28,-64.08,4064.33
1488,S1_ETHUSDT,ETHUSDT,1,2024-10-01 20:00:00+00:00,2024-10-01 20:35:00+00:00,0.58,2487.68,2425.17,3300.31,-1.011939,SL,8,1.2411,4128.42,51.24,-51.85,4012.49
1489,S1_LINKUSDT,LINKUSDT,1,2024-10-01 20:00:00+00:00,2024-10-02 08:00:00+00:00,12.0,11.047,10.833,13.829,0.784514,BE,145,2.8,4128.42,115.6,90.69,4103.17
1490,S3,SOLUSDT,-1,2024-10-01 20:00:00+00:00,2024-10-07 01:55:00+00:00,125.92,145.391,150.08052225,121.94338873,-1.009301,SL,1512,1.0606,4128.42,43.79,-44.19,4834.19
1491,S1_BTCUSDT,BTCUSDT,1,2024-10-02 12:00:00+00:00,2024-10-02 16:40:00+00:00,4.67,61140.8,60128.2,74304.6,0.781886,BE,57,1.5086,4103.17,61.9,48.4,4151.57
1492,S2,BTCUSDT,-1,2024-10-02 19:00:00+00:00,2024-10-04 12:30:00+00:00,41.5,60740.1,61753.56331061,55732.84573192,-0.875662,SL,499,3.3981,4151.57,141.07,-123.53,5242.81
1493,S2,ETHUSDT,-1,2024-10-02 19:00:00+00:00,2024-10-06 14:55:00+00:00,91.92,2388.79,2450.70633064,2140.23126358,-1.070934,SL,1104,3.3981,4151.57,141.07,-151.08,5005.46
1494,S2,SOLUSDT,-1,2024-10-02 19:00:00+00:00,2024-10-06 14:55:00+00:00,91.92,142.192,146.13154583,123.40440286,-0.900826,SL,1104,3.3981,4151.57,141.07,-127.08,4878.38
1495,S2,LINKUSDT,-1,2024-10-02 19:00:00+00:00,2024-10-03 03:20:00+00:00,8.33,10.552,10.79409747,9.12981005,-0.732932,SL,101,3.3981,4151.57,141.07,-103.4,4312.87
1496,S1_BTCUSDT,BTCUSDT,1,2024-10-02 20:00:00+00:00,2024-10-02 20:05:00+00:00,0.08,60155.0,59934.9,63016.3,0.718008,BE,2,1.5086,4467.09,67.39,48.39,4515.48
1497,S1_SOLUSDT,SOLUSDT,1,2024-10-02 20:00:00+00:00,2024-10-02 20:50:00+00:00,0.83,139.888,138.5,157.932,0.769765,BE,11,2.7132,4467.09,121.2,93.3,4608.77
1498,S2,ETHUSDT,-1,2024-10-02 20:00:00+00:00,2024-10-04 15:55:00+00:00,43.92,2370.61,2403.42477131,2119.87295904,-0.568266,SL,528,3.3981,4467.09,151.8,-86.26,5156.55
1499,S3,XRPUSDT,-1,2024-10-02 22:00:00+00:00,2024-10-17 05:10:00+00:00,343.17,0.5409,0.56589663,0.41591683,-1.006492,SL,4119,1.0606,4608.77,48.88,-49.2,3877.89
1500,S1_XRPUSDT,XRPUSDT,1,2024-10-03 00:00:00+00:00,2024-10-03 00:20:00+00:00,0.33,0.5379,0.5267,0.6835,-1.014408,SL,5,4.1176,4608.77,189.77,-192.51,4416.27
1501,S1_SOLUSDT,SOLUSDT,1,2024-10-03 12:00:00+00:00,2024-10-03 13:10:00+00:00,1.17,136.783,135.114,158.48,-1.024587,SL,15,2.7132,5416.31,146.96,-150.57,5265.75
1502,S3,DOGEUSDT,-1,2024-10-07 03:00:00+00:00,2024-10-14 22:30:00+00:00,187.5,0.11427,0.11672861,0.10197694,-1.013943,SL,2251,1.0606,4834.19,51.27,-51.99,4143.38
1503,S2,BTCUSDT,-1,2024-10-07 11:00:00+00:00,2024-10-07 13:40:00+00:00,2.67,62870.0,63246.9668355,60123.54598862,-0.612524,SL,33,3.3981,4834.19,164.27,-100.62,4733.57
1504,S2,DOGEUSDT,-1,2024-10-08 00:00:00+00:00,2024-10-09 12:00:00+00:00,36.0,0.10837,0.11059205,0.09522032,-0.728679,SL,433,3.3981,4733.57,160.85,-117.21,4421.55
1505,S2,XRPUSDT,-1,2024-10-08 00:00:00+00:00,2024-10-08 04:30:00+00:00,4.5,0.5282,0.5341389,0.48632922,-0.618899,SL,55,3.3981,4733.57,160.85,-99.55,4634.02
1506,S4,LINKUSDT,1,2024-10-08 01:00:00+00:00,2024-10-08 07:20:00+00:00,6.33,11.24,10.9583583,16.73201325,-1.011973,SL,77,1.9886,4733.57,94.13,-95.26,4538.76
1507,S4,XRPUSDT,1,2024-10-08 17:00:00+00:00,2024-10-18 00:50:00+00:00,223.83,0.5299,0.5205024,0.71315326,0.983084,BE,2687,1.9886,4538.76,90.26,88.73,4002.97
1508,S1_BTCUSDT,BTCUSDT,1,2024-10-10 20:00:00+00:00,2024-10-11 02:10:00+00:00,6.17,59696.9,58900.0,70056.6,0.777527,BE,75,1.5086,4421.55,66.7,51.86,4473.41
1509,S1_ETHUSDT,ETHUSDT,-1,2024-10-14 04:00:00+00:00,2024-10-14 04:00:00+00:00,0.0,2520.04,2524.89,2456.99,-1.155879,SL,1,1.2411,4473.41,55.52,-64.17,4409.24
1510,S1_SOLUSDT,SOLUSDT,-1,2024-10-14 04:00:00+00:00,2024-10-14 04:00:00+00:00,0.0,152.43,152.49,151.65,-1.76215,SL,1,2.7132,4473.41,121.37,-213.88,4195.36
1511,S4,BTCUSDT,1,2024-10-14 04:00:00+00:00,2024-10-15 15:05:00+00:00,35.08,64280.8,63473.50845168,80022.9851923,0.976112,BE,422,1.9886,4473.41,88.96,86.83,4108.65
1512,S4,DOGEUSDT,1,2024-10-14 04:00:00+00:00,2024-10-15 15:05:00+00:00,35.08,0.11272,0.11048948,0.15621523,-1.015161,SL,422,1.9886,4473.41,88.96,-90.31,4018.35
1513,S4,XRPUSDT,1,2024-10-14 04:00:00+00:00,2024-10-15 15:05:00+00:00,35.08,0.5383,0.53205485,0.66008037,-1.025858,SL,422,1.9886,4473.41,88.96,-91.26,3927.09
1514,S1_LINKUSDT,LINKUSDT,-1,2024-10-15 04:00:00+00:00,2024-10-15 04:10:00+00:00,0.17,11.462,11.534,10.526,-1.047758,SL,3,2.8,4143.38,116.01,-121.56,4021.82
1515,S1_SOLUSDT,SOLUSDT,-1,2024-10-15 20:00:00+00:00,2024-10-18 01:25:00+00:00,53.42,155.11,159.98,91.8,0.790445,BE,642,2.7132,3927.09,106.55,84.22,4087.19
1516,S1_ETHUSDT,ETHUSDT,-1,2024-10-17 16:00:00+00:00,2024-10-17 16:30:00+00:00,0.5,2630.29,2647.9,2401.36,0.755191,BE,7,1.2411,3877.89,48.13,36.35,3914.24
1517,S1_ETHUSDT,ETHUSDT,-1,2024-10-18 08:00:00+00:00,2024-10-18 08:10:00+00:00,0.17,2643.62,2651.05,2547.03,0.693259,BE,3,1.2411,4087.19,50.73,35.17,4122.36
1518,S1_ETHUSDT,ETHUSDT,-1,2024-10-18 16:00:00+00:00,2024-10-18 16:05:00+00:00,0.08,2652.12,2664.0,2497.68,0.733027,BE,2,1.2411,4122.36,51.16,37.5,4159.86
1519,S1_ETHUSDT,ETHUSDT,-1,2024-10-20 16:00:00+00:00,2024-10-20 17:50:00+00:00,1.83,2705.71,2720.0,2519.94,0.743197,BE,23,1.2411,4159.86,51.63,38.37,4070.21
1520,S1_LINKUSDT,LINKUSDT,-1,2024-10-20 16:00:00+00:00,2024-10-20 16:05:00+00:00,0.08,11.889,11.925,11.421,-1.099075,SL,2,2.8,4159.86,116.48,-128.02,4031.84
1521,S1_LINKUSDT,LINKUSDT,-1,2024-10-22 08:00:00+00:00,2024-10-22 08:25:00+00:00,0.42,12.11,12.2,10.94,0.759633,BE,6,2.8,4070.21,113.97,86.57,4156.79
1522,S1_SOLUSDT,SOLUSDT,-1,2024-10-23 12:00:00+00:00,2024-10-23 13:45:00+00:00,1.75,166.35,169.14,130.08,-1.017887,SL,22,2.7132,4156.79,112.78,-114.8,4041.99
1523,S3,ETHUSDT,-1,2024-10-23 17:00:00+00:00,2024-10-24 00:45:00+00:00,7.75,2491.49,2535.25219014,2272.67904929,-1.01708,SL,94,1.0606,4041.99,42.87,-43.6,3998.38
1524,S1_ETHUSDT,ETHUSDT,1,2024-10-23 20:00:00+00:00,2024-10-25 23:05:00+00:00,51.08,2511.77,2443.01,3405.65,-1.010959,SL,614,1.2411,4041.99,50.17,-50.71,4005.77
1525,S1_XRPUSDT,XRPUSDT,1,2024-10-23 20:00:00+00:00,2024-10-24 06:45:00+00:00,10.75,0.5218,0.5113,0.6583,0.785091,BE,130,4.1176,4041.99,166.43,130.66,4129.05
1526,S4,BTCUSDT,1,2024-10-23 21:00:00+00:00,2024-10-25 23:10:00+00:00,50.17,66654.4,65756.75001551,84158.57469748,-1.022276,SL,603,1.9886,4041.99,80.38,-82.17,3751.97
1527,S4,BTCUSDT,1,2024-10-24 01:00:00+00:00,2024-10-25 18:00:00+00:00,41.0,67423.5,66498.62238112,85458.61356816,-1.02187,SL,493,1.9886,3998.38,79.51,-81.25,4056.49
1528,S3,LINKUSDT,-1,2024-10-25 04:00:00+00:00,2024-10-30 06:10:00+00:00,122.17,11.893,12.14033225,10.65633877,-1.014426,SL,1467,1.0606,4129.05,43.79,-44.42,3612.51
1529,S3,LINKUSDT,-1,2024-10-25 05:00:00+00:00,2024-10-30 03:55:00+00:00,118.92,11.75,12.00780851,10.46095743,-1.013673,SL,1428,1.0606,4129.05,43.79,-44.39,3594.53
1530,S2,LINKUSDT,-1,2024-10-25 06:00:00+00:00,2024-10-25 06:40:00+00:00,0.67,11.668,11.80834738,10.57164854,-0.557625,SL,9,3.3981,4129.05,140.31,-78.24,4050.81
1531,S1_SOLUSDT,SOLUSDT,-1,2024-10-25 12:00:00+00:00,2024-10-25 17:55:00+00:00,5.92,173.56,179.3,98.94,0.790929,BE,72,2.7132,4050.81,109.91,86.93,4137.74
1532,S3,BTCUSDT,-1,2024-10-25 18:00:00+00:00,2024-10-27 15:45:00+00:00,45.75,66807.7,67823.3165236,61729.61738201,-1.019734,SL,550,1.0606,4137.74,43.88,-44.75,3743.89
1533,S1_XRPUSDT,XRPUSDT,1,2024-10-25 20:00:00+00:00,2024-10-25 23:05:00+00:00,3.08,0.5148,0.5092,0.5876,-1.027579,SL,38,4.1176,4056.49,167.03,-171.64,3834.14
1534,S1_ETHUSDT,ETHUSDT,1,2024-10-26 00:00:00+00:00,2024-10-26 21:00:00+00:00,21.0,2440.1,2380.63,3213.21,0.787691,BE,253,1.2411,3751.97,46.57,36.68,3788.65
1535,S1_SOLUSDT,SOLUSDT,-1,2024-10-29 00:00:00+00:00,2024-10-29 02:10:00+00:00,2.17,178.2,179.8,157.4,-1.033412,SL,27,2.7132,3743.89,101.58,-104.97,3638.92
1536,S1_LINKUSDT,LINKUSDT,-1,2024-10-30 04:00:00+00:00,2024-10-30 04:10:00+00:00,0.17,11.999,12.019,11.739,0.620015,BE,3,2.8,3594.53,100.65,62.4,3656.93
1537,S1_SOLUSDT,SOLUSDT,-1,2024-10-30 04:00:00+00:00,2024-11-03 20:50:00+00:00,112.83,180.12,183.34,138.26,5.483219,BE,1355,2.7132,3594.53,97.53,534.76,4006.31
1538,S3,LINKUSDT,-1,2024-10-31 15:00:00+00:00,2024-11-04 15:40:00+00:00,96.67,11.774,12.054313,10.37243502,4.987399,TP,1161,1.0606,3612.51,38.31,191.09,4197.4
1539,S3,BTCUSDT,-1,2024-11-01 02:00:00+00:00,2024-11-01 13:30:00+00:00,11.5,69424.9,70496.79467618,64065.42661908,-1.019431,SL,139,1.0606,3612.51,38.31,-39.06,3573.45
1540,S1_LINKUSDT,LINKUSDT,1,2024-11-03 16:00:00+00:00,2024-11-03 18:45:00+00:00,2.75,10.697,10.523,12.959,-1.018443,SL,34,2.8,3573.45,100.06,-101.9,3471.55
1541,S4,BTCUSDT,1,2024-11-03 21:00:00+00:00,2024-11-04 16:40:00+00:00,19.67,68951.9,68042.02568732,86694.44909735,-1.022735,SL,237,1.9886,4006.31,79.67,-81.48,4115.92
1542,S2,SOLUSDT,-1,2024-11-04 22:00:00+00:00,2024-11-05 03:50:00+00:00,5.83,155.3,159.41061758,137.6983374,-1.003776,SL,71,3.3981,4115.92,139.86,-140.39,3975.53
1543,S1_ETHUSDT,ETHUSDT,1,2024-11-05 00:00:00+00:00,2024-11-05 07:40:00+00:00,7.67,2397.36,2356.0,2935.04,0.782611,BE,93,1.2411,4115.92,51.08,39.98,4015.5
1544,S4,ETHUSDT,1,2024-11-05 04:00:00+00:00,2024-11-11 19:05:00+00:00,159.08,2419.73,2372.5613762,3339.51816417,19.48461,TP,1910,1.9886,3975.53,79.06,1540.4,4957.57
1545,S1_BTCUSDT,BTCUSDT,-1,2024-11-06 04:00:00+00:00,2024-11-06 08:00:00+00:00,4.0,74367.1,75656.1,57610.1,0.782692,BE,49,1.5086,4015.5,60.58,47.41,3597.14
1546,S1_LINKUSDT,LINKUSDT,-1,2024-11-06 04:00:00+00:00,2024-11-06 04:15:00+00:00,0.25,11.692,11.772,10.652,-1.043845,SL,4,2.8,4015.5,112.43,-117.36,3722.04
1547,S1_SOLUSDT,SOLUSDT,-1,2024-11-06 04:00:00+00:00,2024-11-06 04:00:00+00:00,0.0,184.91,185.0,183.74,-1.616367,SL,1,2.7132,4015.5,108.95,-176.1,3839.4
1548,S1_XRPUSDT,XRPUSDT,-1,2024-11-06 04:00:00+00:00,2024-11-06 04:45:00+00:00,0.75,0.534,0.5378,0.4846,-1.042158,SL,10,4.1176,4015.5,165.34,-172.31,3549.73
1549,S1_XRPUSDT,XRPUSDT,-1,2024-11-09 08:00:00+00:00,2024-11-09 08:25:00+00:00,0.42,0.5534,0.5558,0.5222,-1.069175,SL,6,4.1176,3597.14,148.12,-158.36,3438.78
1550,S1_XRPUSDT,XRPUSDT,-1,2024-11-10 00:00:00+00:00,2024-11-10 00:30:00+00:00,0.5,0.5596,0.5625,0.5219,0.74211,BE,7,4.1176,3438.78,141.6,105.08,3543.86
1551,S2,ETHUSDT,-1,2024-11-10 21:00:00+00:00,2024-11-10 22:05:00+00:00,1.08,3120.86,3191.89397125,2787.43496241,-0.917368,SL,14,3.3981,3543.86,120.42,-110.47,3433.38
1552,S2,LINKUSDT,-1,2024-11-10 21:00:00+00:00,2024-11-11 01:35:00+00:00,4.58,14.028,14.52367249,11.94989231,-1.022321,SL,56,3.3981,3543.86,120.42,-123.11,3310.27
1553,S2,XRPUSDT,-1,2024-11-10 21:00:00+00:00,2024-11-11 20:00:00+00:00,23.0,0.5805,0.6004652,0.49180545,-0.965022,SL,277,3.3981,3543.86,120.42,-116.21,4841.36
1554,S1_XRPUSDT,XRPUSDT,-1,2024-11-11 12:00:00+00:00,2024-11-11 14:20:00+00:00,2.33,0.5878,0.599,0.4422,0.784255,BE,29,4.1176,3310.27,136.3,106.9,3417.17
1555,S3,DOGEUSDT,-1,2024-11-12 10:00:00+00:00,2024-11-23 04:00:00+00:00,258.0,0.4028,0.44604056,0.18659721,-1.002795,SL,3097,1.0606,4841.36,51.35,-51.49,4404.3
1556,S1_SOLUSDT,SOLUSDT,-1,2024-11-12 20:00:00+00:00,2024-11-13 04:50:00+00:00,8.83,213.37,225.69,53.21,0.794804,BE,107,2.7132,4841.36,131.36,104.4,4945.76
1557,S1_ETHUSDT,ETHUSDT,-1,2024-11-13 16:00:00+00:00,2024-11-13 16:10:00+00:00,0.17,3312.05,3331.2,3063.1,-1.051886,SL,3,1.2411,4945.76,61.38,-64.57,4881.19
1558,S1_BTCUSDT,BTCUSDT,-1,2024-11-14 20:00:00+00:00,2024-11-14 21:05:00+00:00,1.08,89502.6,91846.1,59037.1,0.788542,BE,14,1.5086,4881.19,73.64,58.07,4939.26
1559,S1_BTCUSDT,BTCUSDT,-1,2024-11-16 20:00:00+00:00,2024-11-16 23:05:00+00:00,3.08,91176.9,91849.8,82429.2,0.75935,BE,38,1.5086,4939.26,74.51,56.58,4995.84
1560,S1_SOLUSDT,SOLUSDT,-1,2024-11-17 08:00:00+00:00,2024-11-17 08:35:00+00:00,0.58,237.49,240.29,201.09,-1.025445,SL,8,2.7132,4995.84,135.55,-139.0,4856.85
1561,S3,SOLUSDT,-1,2024-11-17 12:00:00+00:00,2024-11-18 03:50:00+00:00,15.83,235.05,243.77124768,191.44376158,-1.008085,SL,191,1.0606,4856.85,51.51,-51.93,4804.92
1562,S1_BTCUSDT,BTCUSDT,-1,2024-11-18 08:00:00+00:00,2024-11-18 11:10:00+00:00,3.17,91795.9,92414.9,83748.9,0.755511,BE,39,1.5086,4804.92,72.49,54.76,4859.68
1563,S1_BTCUSDT,BTCUSDT,-1,2024-11-18 16:00:00+00:00,2024-11-18 16:05:00+00:00,0.08,92407.8,92700.0,88609.2,0.705125,BE,2,1.5086,4859.68,73.31,51.69,4911.38
1564,S1_BTCUSDT,BTCUSDT,-1,2024-11-19 20:00:00+00:00,2024-11-19 20:50:00+00:00,0.83,93271.6,93985.9,83985.7,0.760827,BE,11,1.5086,4911.38,74.09,56.37,4967.75
1565,S1_XRPUSDT,XRPUSDT,-1,2024-11-20 12:00:00+00:00,2024-11-20 12:05:00+00:00,0.08,1.1208,1.1397,0.8751,-1.01779,SL,2,4.1176,4967.75,204.55,-208.19,4759.56
1566,S1_ETHUSDT,ETHUSDT,-1,2024-11-21 16:00:00+00:00,2024-11-21 18:55:00+00:00,2.92,3279.21,3374.92,2034.98,-1.010279,SL,36,1.2411,4759.56,59.07,-59.68,4568.57
1567,S1_SOLUSDT,SOLUSDT,-1,2024-11-21 16:00:00+00:00,2024-11-21 16:50:00+00:00,0.83,249.03,253.47,191.31,-1.016826,SL,11,2.7132,4759.56,129.14,-131.31,4628.25
1568,S1_XRPUSDT,XRPUSDT,-1,2024-11-21 20:00:00+00:00,2024-11-21 23:50:00+00:00,3.83,1.1725,1.2399,0.2963,-1.005219,SL,47,4.1176,4568.57,188.12,-189.1,4379.47
1569,S1_LINKUSDT,LINKUSDT,-1,2024-11-23 00:00:00+00:00,2024-11-23 00:00:00+00:00,0.0,16.582,16.61,16.218,0.622336,BE,1,2.8,4379.47,122.63,76.31,4455.79
1570,S1_ETHUSDT,ETHUSDT,-1,2024-11-23 04:00:00+00:00,2024-11-23 04:45:00+00:00,0.75,3348.88,3368.48,3094.08,0.748742,BE,10,1.2411,4455.79,55.3,41.41,4445.7
1571,S1_SOLUSDT,SOLUSDT,-1,2024-11-24 04:00:00+00:00,2024-11-24 23:10:00+00:00,19.17,258.81,263.83,193.55,0.784533,BE,231,2.7132,4445.7,120.62,94.63,4438.69
1572,S2,LINKUSDT,-1,2024-11-24 12:00:00+00:00,2024-11-24 20:35:00+00:00,8.58,16.714,17.28636348,13.06673603,-0.672793,SL,104,3.3981,4445.7,151.07,-101.64,4344.06
1573,S1_LINKUSDT,LINKUSDT,-1,2024-11-25 00:00:00+00:00,2024-11-25 00:15:00+00:00,0.25,17.922,18.114,15.426,-1.028003,SL,4,2.8,4438.69,124.28,-127.76,4310.93
1574,S1_XRPUSDT,XRPUSDT,-1,2024-11-25 08:00:00+00:00,2024-11-25 08:15:00+00:00,0.25,1.4795,1.5075,1.1155,-1.015852,SL,4,4.1176,4310.93,177.51,-180.32,4130.61
1575,S1_ETHUSDT,ETHUSDT,-1,2024-11-25 12:00:00+00:00,2024-11-25 14:50:00+00:00,2.83,3475.22,3531.93,2737.99,0.781616,BE,35,1.2411,4130.61,51.27,40.07,4170.68
1576,S2,BTCUSDT,-1,2024-11-25 15:00:00+00:00,2024-11-29 14:50:00+00:00,95.83,95444.3,97830.5280547,89345.37690018,-1.682782,SL,1151,3.3981,4170.68,141.72,-238.49,3906.7
1577,S3,BTCUSDT,-1,2024-11-25 22:00:00+00:00,2024-11-27 15:40:00+00:00,41.67,93840.0,95633.78284488,84871.08577558,-1.015694,SL,501,1.0606,4170.68,44.23,-44.93,4081.15
1578,S3,SOLUSDT,-1,2024-11-26 11:00:00+00:00,2024-11-27 10:35:00+00:00,23.58,227.11,235.22249828,186.54750858,-1.008399,SL,284,1.0606,4170.68,44.23,-44.61,4126.07
1579,S1_ETHUSDT,ETHUSDT,-1,2024-11-27 16:00:00+00:00,2024-11-27 16:35:00+00:00,0.58,3555.07,3575.61,3288.05,-1.051924,SL,8,1.2411,4081.15,50.65,-53.28,4027.86
1580,S1_LINKUSDT,LINKUSDT,-1,2024-11-28 00:00:00+00:00,2024-11-29 15:10:00+00:00,39.17,18.671,19.013,14.225,0.783622,BE,471,2.8,4027.86,112.78,88.38,3995.08
1581,S1_XRPUSDT,XRPUSDT,-1,2024-11-29 00:00:00+00:00,2024-11-29 00:00:00+00:00,0.0,1.543,1.548,1.478,0.70742,BE,1,4.1176,4027.86,165.85,117.33,4145.19
1582,S1_ETHUSDT,ETHUSDT,-1,2024-11-29 04:00:00+00:00,2024-11-29 15:10:00+00:00,11.17,3585.86,3644.3,2826.14,-1.018408,SL,135,1.2411,4145.19,51.45,-52.39,3942.68
1583,S1_ETHUSDT,ETHUSDT,-1,2024-11-29 16:00:00+00:00,2024-11-29 17:05:00+00:00,1.08,3615.21,3649.28,3172.3,0.768167,BE,14,1.2411,3942.68,48.93,37.59,3980.27
1584,S1_ETHUSDT,ETHUSDT,-1,2024-11-30 04:00:00+00:00,2024-11-30 04:00:00+00:00,0.0,3660.11,3664.28,3605.9,-1.263317,SL,1,1.2411,3980.27,49.4,-62.41,3917.87
1585,S3,SOLUSDT,-1,2024-12-01 03:00:00+00:00,2024-12-01 15:25:00+00:00,12.42,234.67,239.19832432,212.02837838,-1.015547,SL,150,1.0606,3917.87,41.55,-42.2,3875.67
1586,S1_LINKUSDT,LINKUSDT,-1,2024-12-02 08:00:00+00:00,2024-12-02 08:10:00+00:00,0.17,19.81,20.053,16.651,-1.024457,SL,3,2.8,3875.67,108.52,-111.17,3764.49
1587,S4,ETHUSDT,1,2024-12-03 15:00:00+00:00,2024-12-05 22:25:00+00:00,55.42,3581.87,3499.89852807,5180.31370272,0.986891,BE,666,1.9886,3764.49,74.86,73.88,3916.08
1588,S4,ETHUSDT,1,2024-12-03 18:00:00+00:00,2024-12-05 22:25:00+00:00,52.42,3580.75,3497.37642717,5206.53467014,0.987116,BE,630,1.9886,3764.49,74.86,73.9,3989.98
1589,S1_ETHUSDT,ETHUSDT,-1,2024-12-04 16:00:00+00:00,2024-12-04 16:15:00+00:00,0.25,3824.38,3858.19,3384.85,0.766066,BE,4,1.2411,3764.49,46.72,35.79,3800.29
1590,S1_BTCUSDT,BTCUSDT,-1,2024-12-05 00:00:00+00:00,2024-12-05 01:05:00+00:00,1.08,98669.8,99099.9,93078.5,0.731177,BE,14,1.5086,3800.29,57.33,41.92,3842.21
1591,S1_ETHUSDT,ETHUSDT,-1,2024-12-06 04:00:00+00:00,2024-12-06 10:35:00+00:00,6.58,3909.83,3960.0,3257.62,0.776621,BE,80,1.2411,3989.98,49.52,38.46,4028.44
1592,S1_ETHUSDT,ETHUSDT,-1,2024-12-06 16:00:00+00:00,2024-12-06 17:40:00+00:00,1.67,3996.29,4046.0,3350.06,-1.024118,SL,21,1.2411,4028.44,50.0,-51.2,3977.24
1593,S1_BTCUSDT,BTCUSDT,-1,2024-12-06 20:00:00+00:00,2024-12-06 20:25:00+00:00,0.42,101532.6,101900.0,96756.4,-1.082906,SL,6,1.5086,3977.24,60.0,-64.97,3796.45
1594,S1_LINKUSDT,LINKUSDT,-1,2024-12-06 20:00:00+00:00,2024-12-06 20:05:00+00:00,0.08,24.924,25.111,22.493,-1.039985,SL,2,2.8,3977.24,111.36,-115.82,3861.42
1595,S1_XRPUSDT,XRPUSDT,-1,2024-12-08 00:00:00+00:00,2024-12-08 00:00:00+00:00,0.0,2.6119,2.6227,2.4715,0.727447,BE,1,4.1176,3796.45,156.32,113.72,3910.16
1596,S1_LINKUSDT,LINKUSDT,-1,2024-12-08 12:00:00+00:00,2024-12-08 12:05:00+00:00,0.08,26.65,26.92,23.14,0.770389,BE,2,2.8,3910.16,109.48,84.35,3994.51
1597,S1_XRPUSDT,XRPUSDT,-1,2024-12-09 00:00:00+00:00,2024-12-09 00:15:00+00:00,0.25,2.603,2.6488,2.0076,0.78295,BE,4,4.1176,3994.51,164.48,128.78,4123.29
1598,S3,ETHUSDT,-1,2024-12-09 09:00:00+00:00,2024-12-09 14:50:00+00:00,5.83,3869.7,3935.80865137,3539.15674314,-1.017561,SL,71,1.0606,4123.29,43.73,-44.5,4078.79
1599,S3,XRPUSDT,-1,2024-12-09 09:00:00+00:00,2024-12-12 04:20:00+00:00,67.33,2.3706,2.47278193,1.85969037,-1.00696,SL,809,1.0606,4123.29,43.73,-44.04,3353.66
1600,S2,LINKUSDT,-1,2024-12-09 17:00:00+00:00,2024-12-12 02:20:00+00:00,57.33,23.818,24.77810313,17.4654891,-0.647115,SL,689,3.3981,4078.79,138.6,-89.69,3502.62
1601,S2,BTCUSDT,-1,2024-12-09 21:00:00+00:00,2024-12-09 21:35:00+00:00,0.58,96296.4,97519.25314197,88252.38862171,-0.66135,SL,8,3.3981,4078.79,138.6,-91.66,3987.12
1602,S3,LINKUSDT,-1,2024-12-09 21:00:00+00:00,2024-12-11 13:35:00+00:00,40.58,22.387,23.82664411,15.18877947,-1.004665,SL,488,1.0606,4078.79,43.26,-43.46,3634.81
1603,S3,DOGEUSDT,-1,2024-12-09 21:00:00+00:00,2024-12-19 17:50:00+00:00,236.83,0.41592,0.43457904,0.32262478,4.993313,TP,2843,1.0606,4078.79,43.26,216.01,3199.86
1604,S3,XRPUSDT,-1,2024-12-09 21:00:00+00:00,2024-12-10 21:05:00+00:00,24.08,2.2738,2.38881507,1.69872466,-1.005931,SL,290,1.0606,4078.79,43.26,-43.52,3805.94
1605,S3,DOGEUSDT,-1,2024-12-10 13:00:00+00:00,2024-12-11 15:25:00+00:00,26.42,0.3945,0.41838709,0.27506453,-1.004955,SL,318,1.0606,3987.12,42.29,-42.5,3592.31
1606,S1_ETHUSDT,ETHUSDT,1,2024-12-10 16:00:00+00:00,2024-12-10 16:00:00+00:00,0.0,3568.12,3554.46,3745.7,-1.078363,SL,1,1.2411,3987.12,49.48,-53.36,3933.76
1607,S3,ETHUSDT,-1,2024-12-10 16:00:00+00:00,2024-12-11 08:35:00+00:00,16.58,3568.12,3697.18019769,2922.81901153,-1.008294,SL,200,1.0606,3987.12,42.29,-42.64,3678.27
1608,S3,SOLUSDT,-1,2024-12-10 16:00:00+00:00,2024-12-10 21:30:00+00:00,5.5,206.5,216.20707532,157.9646234,-1.006382,SL,67,1.0606,3987.12,42.29,-42.56,3763.38
1609,S3,DOGEUSDT,-1,2024-12-10 16:00:00+00:00,2024-12-10 21:30:00+00:00,5.5,0.37283,0.39878099,0.24307507,-1.00431,SL,67,1.0606,3987.12,42.29,-42.47,3720.91
1610,S3,XRPUSDT,-1,2024-12-10 16:00:00+00:00,2024-12-10 20:25:00+00:00,4.42,2.0415,2.20268508,1.23557461,-1.0038,SL,54,1.0606,3987.12,42.29,-42.45,3849.45
1611,S3,XRPUSDT,-1,2024-12-10 18:00:00+00:00,2024-12-10 19:50:00+00:00,1.83,1.9328,2.10950448,1.04927759,-1.003281,SL,23,1.0606,3933.76,41.72,-41.86,3891.9
1612,S1_LINKUSDT,LINKUSDT,-1,2024-12-12 04:00:00+00:00,2024-12-12 04:00:00+00:00,0.0,27.027,27.143,25.519,-1.069897,SL,1,2.8,3502.62,98.07,-104.93,3397.69
1613,S1_BTCUSDT,BTCUSDT,-1,2024-12-12 16:00:00+00:00,2024-12-12 16:00:00+00:00,0.0,101775.1,101850.0,100801.4,-1.407644,SL,1,1.5086,3353.66,50.59,-71.22,3282.44
1614,S1_LINKUSDT,LINKUSDT,-1,2024-12-13 00:00:00+00:00,2024-12-13 00:05:00+00:00,0.08,29.13,29.372,25.984,-1.036112,SL,2,2.8,3282.44,91.91,-95.23,3187.21
1615,S1_LINKUSDT,LINKUSDT,-1,2024-12-14 00:00:00+00:00,2024-12-14 00:00:00+00:00,0.0,28.983,29.109,27.345,0.730993,BE,1,2.8,3187.21,89.24,65.24,3252.45
1616,S1_BTCUSDT,BTCUSDT,-1,2024-12-15 12:00:00+00:00,2024-12-15 12:05:00+00:00,0.08,102623.0,102900.0,99022.0,-1.111144,SL,2,1.5086,3252.45,49.07,-54.52,3197.93
1617,S2,SOLUSDT,-1,2024-12-15 22:00:00+00:00,2024-12-15 23:05:00+00:00,1.08,216.73,220.81408725,200.06505588,-1.058131,SL,14,3.3981,3197.93,108.67,-114.99,3082.94
1618,S3,BTCUSDT,-1,2024-12-16 03:00:00+00:00,2024-12-16 15:10:00+00:00,12.17,104564.5,106108.42582174,96844.8708913,-1.020318,SL,147,1.0606,3082.94,32.7,-33.36,3049.58
1619,S2,SOLUSDT,-1,2024-12-16 12:00:00+00:00,2024-12-16 16:10:00+00:00,4.17,214.04,218.2392584,193.11535733,-0.865953,SL,51,3.3981,3082.94,104.76,-90.72,2958.86
1620,S4,SOLUSDT,1,2024-12-16 14:00:00+00:00,2024-12-18 20:00:00+00:00,54.0,216.13,211.12570275,313.7137964,-1.012957,SL,649,1.9886,3082.94,61.31,-62.1,2983.85
1621,S1_LINKUSDT,LINKUSDT,-1,2024-12-16 16:00:00+00:00,2024-12-16 16:20:00+00:00,0.33,30.287,30.845,23.033,0.783717,BE,5,2.8,3049.58,85.39,66.92,3025.78
1622,S1_ETHUSDT,ETHUSDT,-1,2024-12-16 20:00:00+00:00,2024-12-16 23:20:00+00:00,3.33,4057.0,4109.99,3368.13,0.777032,BE,41,1.2411,3025.78,37.55,29.18,3054.96
1623,S2,SOLUSDT,-1,2024-12-17 01:00:00+00:00,2024-12-17 08:35:00+00:00,7.58,211.63,217.06227446,188.26778033,-0.999776,SL,92,3.3981,3054.96,103.81,-103.79,2951.18
1624,S1_XRPUSDT,XRPUSDT,-1,2024-12-17 12:00:00+00:00,2024-12-17 12:10:00+00:00,0.17,2.6887,2.7289,2.1661,0.779935,BE,3,4.1176,2951.18,121.52,94.78,3045.95
1625,S3,BTCUSDT,-1,2024-12-18 20:00:00+00:00,2024-12-20 11:25:00+00:00,39.42,102781.8,104667.4145042,93353.72747898,4.983647,TP,474,1.0606,3045.95,32.31,161.0,3553.34
1626,S3,DOGEUSDT,-1,2024-12-18 20:00:00+00:00,2024-12-19 17:50:00+00:00,21.83,0.37416,0.38592452,0.31533739,4.990459,TP,263,1.0606,3045.95,32.31,161.22,3361.08
1627,S3,DOGEUSDT,-1,2024-12-19 15:00:00+00:00,2024-12-20 10:05:00+00:00,19.08,0.35618,0.36951932,0.28948338,4.99199,TP,230,1.0606,2983.85,31.65,157.98,3392.35
1628,S1_BTCUSDT,BTCUSDT,1,2024-12-19 20:00:00+00:00,2024-12-19 20:05:00+00:00,0.08,97172.2,96233.7,109372.7,-1.031062,SL,2,1.5086,3361.08,50.71,-52.28,3308.8
1629,S1_LINKUSDT,LINKUSDT,1,2024-12-19 20:00:00+00:00,2024-12-19 20:10:00+00:00,0.17,22.303,21.905,27.477,-1.016811,SL,3,2.8,3361.08,94.11,-95.69,3213.1
1630,S1_SOLUSDT,SOLUSDT,1,2024-12-19 20:00:00+00:00,2024-12-19 21:50:00+00:00,1.83,191.74,187.0,253.36,0.787865,BE,23,2.7132,3361.08,91.19,71.85,3284.95
1631,S1_BTCUSDT,BTCUSDT,1,2024-12-20 04:00:00+00:00,2024-12-20 08:45:00+00:00,4.75,97083.2,95681.2,115309.2,-1.020774,SL,58,1.5086,3284.95,49.56,-50.59,3234.37
1632,S3,ETHUSDT,-1,2024-12-20 09:00:00+00:00,2024-12-20 17:25:00+00:00,8.42,3290.47,3429.11478081,2597.24609593,-1.00712,SL,102,1.0606,3234.37,34.3,-34.55,3035.4
1633,S3,SOLUSDT,-1,2024-12-20 09:00:00+00:00,2024-12-20 16:35:00+00:00,7.58,181.64,191.37837232,132.94813839,-1.005596,SL,92,1.0606,3234.37,34.3,-34.5,3208.51
1634,S3,LINKUSDT,-1,2024-12-20 09:00:00+00:00,2024-12-20 15:30:00+00:00,6.5,21.447,22.85769519,14.39352404,-1.004561,SL,79,1.0606,3234.37,34.3,-34.46,3243.01
1635,S3,DOGEUSDT,-1,2024-12-20 09:00:00+00:00,2024-12-20 23:10:00+00:00,14.17,0.29982,0.32053793,0.19623033,-1.004341,SL,171,1.0606,3234.37,34.3,-34.45,3000.94
1636,S2,XRPUSDT,-1,2024-12-20 10:00:00+00:00,2024-12-20 16:40:00+00:00,6.67,2.1298,2.25267877,1.57566979,-0.947341,SL,81,3.3981,3234.37,109.91,-104.12,3069.94
1637,S3,DOGEUSDT,-1,2024-12-20 10:00:00+00:00,2024-12-20 16:35:00+00:00,6.58,0.29302,0.31376808,0.1892796,-1.004237,SL,80,1.0606,3234.37,34.3,-34.45,3174.06
1638,S2,XRPUSDT,-1,2024-12-20 11:00:00+00:00,2024-12-20 12:45:00+00:00,1.75,2.0635,2.16363993,1.48890409,-0.745264,SL,22,3.3981,3392.35,115.28,-85.91,3466.97
1639,S1_BTCUSDT,BTCUSDT,1,2024-12-20 12:00:00+00:00,2024-12-20 12:00:00+00:00,0.0,92715.1,92613.7,94033.3,-1.274305,SL,1,1.5086,3553.34,53.61,-68.31,3485.03
1640,S1_XRPUSDT,XRPUSDT,1,2024-12-20 12:00:00+00:00,2024-12-20 12:00:00+00:00,0.0,1.9678,1.9602,2.0666,0.722324,BE,1,4.1176,3553.34,146.31,105.69,3590.72
1641,S3,BTCUSDT,-1,2024-12-20 12:00:00+00:00,2024-12-20 13:35:00+00:00,1.58,92715.1,95432.15364709,79129.83176454,-1.010237,SL,20,1.0606,3553.34,37.69,-38.07,3315.31
1642,S3,ETHUSDT,-1,2024-12-20 12:00:00+00:00,2024-12-20 13:30:00+00:00,1.5,3103.99,3260.50083216,2321.43583919,-1.00595,SL,19,1.0606,3553.34,37.69,-37.91,3391.24
1643,S3,SOLUSDT,-1,2024-12-20 12:00:00+00:00,2024-12-20 13:30:00+00:00,1.5,176.0,187.13756559,120.31217203,-1.004741,SL,19,1.0606,3553.34,37.69,-37.87,3353.38
1644,S3,LINKUSDT,-1,2024-12-20 12:00:00+00:00,2024-12-20 13:40:00+00:00,1.67,20.029,21.52503256,12.54883721,-1.004016,SL,21,1.0606,3553.34,37.69,-37.84,3277.47
1645,S3,DOGEUSDT,-1,2024-12-20 12:00:00+00:00,2024-12-20 12:45:00+00:00,0.75,0.26624,0.29009299,0.14697506,-1.003349,SL,10,1.0606,3553.34,37.69,-37.81,3429.16
1646,S3,XRPUSDT,-1,2024-12-20 12:00:00+00:00,2024-12-20 12:25:00+00:00,0.42,1.9678,2.11282768,1.24266161,-1.004071,SL,6,1.0606,3553.34,37.69,-37.84,3552.88
1647,S2,BTCUSDT,-1,2024-12-23 16:00:00+00:00,2024-12-23 22:20:00+00:00,6.33,93217.7,94563.16156043,84946.54490905,-0.705713,SL,77,3.3981,3000.94,101.98,-71.97,2928.98
1648,S2,LINKUSDT,-1,2024-12-27 16:00:00+00:00,2025-01-02 12:05:00+00:00,140.08,22.294,22.80935126,18.93076221,-0.659682,SL,1682,3.3981,2928.98,99.53,-65.66,2667.34
1649,S4,SOLUSDT,1,2024-12-27 19:00:00+00:00,2025-01-08 17:10:00+00:00,286.17,186.93,181.79050775,287.15009886,0.989089,BE,3435,1.9886,2928.98,58.25,57.61,2391.01
1650,S2,LINKUSDT,-1,2024-12-27 23:00:00+00:00,2024-12-28 17:05:00+00:00,18.08,21.386,21.9226254,17.95056069,-0.671799,SL,218,3.3981,2928.98,99.53,-66.86,2862.11
1651,S3,XRPUSDT,-1,2024-12-30 14:00:00+00:00,2024-12-30 17:45:00+00:00,3.75,2.0233,2.08244575,1.72757127,-1.010263,SL,46,1.0606,2862.11,30.36,-30.67,2814.07
1652,S2,BTCUSDT,-1,2024-12-30 15:00:00+00:00,2024-12-30 17:35:00+00:00,2.58,91845.3,93186.38630828,86666.74253071,-1.123232,SL,32,3.3981,2862.11,97.26,-109.24,2752.87
1653,S1_XRPUSDT,XRPUSDT,1,2024-12-30 16:00:00+00:00,2024-12-30 17:35:00+00:00,1.58,2.0234,1.9938,2.4082,0.779493,BE,20,4.1176,2862.11,117.85,91.86,2844.74
1654,S1_SOLUSDT,SOLUSDT,-1,2025-01-02 08:00:00+00:00,2025-01-02 08:40:00+00:00,0.67,205.84,206.84,192.84,-1.061752,SL,9,2.7132,2814.07,76.35,-81.07,2733.0
1655,S1_ETHUSDT,ETHUSDT,-1,2025-01-03 16:00:00+00:00,2025-01-03 16:00:00+00:00,0.0,3564.32,3578.19,3384.01,-1.077094,SL,1,1.2411,2667.34,33.1,-35.66,2631.69
1656,S1_LINKUSDT,LINKUSDT,-1,2025-01-03 16:00:00+00:00,2025-01-03 16:00:00+00:00,0.0,23.454,23.482,23.09,-1.251293,SL,1,2.8,2667.34,74.69,-93.45,2538.23
1657,S1_BTCUSDT,BTCUSDT,-1,2025-01-03 20:00:00+00:00,2025-01-03 23:15:00+00:00,3.25,98545.6,98949.0,93301.4,0.726714,BE,40,1.5086,2538.23,38.29,27.83,2566.06
1658,S1_LINKUSDT,LINKUSDT,-1,2025-01-04 20:00:00+00:00,2025-01-04 21:20:00+00:00,1.33,23.626,23.927,19.713,-1.023548,SL,17,2.8,2566.06,71.85,-73.54,2492.52
1659,S1_BTCUSDT,BTCUSDT,-1,2025-01-06 04:00:00+00:00,2025-01-06 04:15:00+00:00,0.25,99005.0,99278.0,95456.0,-1.108797,SL,4,1.5086,2492.52,37.6,-41.69,2353.06
1660,S1_LINKUSDT,LINKUSDT,-1,2025-01-06 04:00:00+00:00,2025-01-06 04:00:00+00:00,0.0,24.055,24.073,23.821,-1.400917,SL,1,2.8,2492.52,69.79,-97.77,2394.75
1661,S1_SOLUSDT,SOLUSDT,-1,2025-01-06 04:00:00+00:00,2025-01-06 06:10:00+00:00,2.17,215.5,216.87,197.69,0.75281,BE,27,2.7132,2492.52,67.63,50.91,2403.97
1662,S1_LINKUSDT,LINKUSDT,-1,2025-01-06 16:00:00+00:00,2025-01-06 16:00:00+00:00,0.0,24.375,24.466,23.192,-1.080357,SL,1,2.8,2403.97,67.31,-72.72,2331.25
1663,S3,ETHUSDT,-1,2025-01-07 22:00:00+00:00,2025-01-13 14:35:00+00:00,136.58,3362.2,3451.78960727,2914.25196365,4.988741,TP,1640,1.0606,2331.25,24.73,123.35,2091.82
1664,S1_ETHUSDT,ETHUSDT,1,2025-01-08 00:00:00+00:00,2025-01-08 00:15:00+00:00,0.25,3379.37,3353.59,3714.51,0.760675,BE,4,1.2411,2331.25,28.93,22.01,2353.26
1665,S1_SOLUSDT,SOLUSDT,1,2025-01-08 08:00:00+00:00,2025-01-08 14:15:00+00:00,6.25,195.56,193.04,228.32,0.776719,BE,76,2.7132,2353.26,63.85,49.59,2402.85
1666,S1_LINKUSDT,LINKUSDT,1,2025-01-08 16:00:00+00:00,2025-01-08 16:40:00+00:00,0.67,20.662,20.47,23.158,-1.032284,SL,9,2.8,2402.85,67.28,-69.45,2333.4
1667,S4,XRPUSDT,1,2025-01-08 18:00:00+00:00,2025-01-13 11:35:00+00:00,113.58,2.2798,2.18975063,4.03576266,0.992405,BE,1364,1.9886,2391.01,47.55,47.19,2165.39
1668,S1_SOLUSDT,SOLUSDT,1,2025-01-08 20:00:00+00:00,2025-01-09 13:35:00+00:00,17.58,194.17,188.23,271.39,-1.009807,SL,212,2.7132,2391.01,64.87,-65.51,2325.5
1669,S2,SOLUSDT,-1,2025-01-09 08:00:00+00:00,2025-01-13 14:35:00+00:00,102.58,190.06,194.28681467,168.14050194,4.238945,TP,1232,3.3981,2391.01,81.25,344.41,2436.23
1670,S1_BTCUSDT,BTCUSDT,1,2025-01-09 20:00:00+00:00,2025-01-09 20:00:00+00:00,0.0,91858.2,91747.0,93303.8,0.552181,BE,1,1.5086,2325.5,35.08,19.37,2344.87
1671,S1_ETHUSDT,ETHUSDT,1,2025-01-09 20:00:00+00:00,2025-01-09 20:00:00+00:00,0.0,3193.66,3180.8,3360.84,0.725498,BE,1,1.2411,2325.5,28.86,20.94,2365.81
1672,S1_LINKUSDT,LINKUSDT,1,2025-01-09 20:00:00+00:00,2025-01-09 20:10:00+00:00,0.17,19.417,19.297,20.977,-1.048542,SL,3,2.8,2325.5,65.11,-68.27,2297.53
1673,S1_SOLUSDT,SOLUSDT,1,2025-01-09 20:00:00+00:00,2025-01-09 20:10:00+00:00,0.17,185.83,185.02,196.36,-1.068826,SL,3,2.7132,2325.5,63.1,-67.44,2230.1
1674,S1_XRPUSDT,XRPUSDT,-1,2025-01-11 20:00:00+00:00,2025-01-11 20:00:00+00:00,0.0,2.5292,2.5321,2.4915,-1.261641,SL,1,4.1176,2230.1,91.83,-115.85,2114.24
1675,S1_XRPUSDT,XRPUSDT,-1,2025-01-12 16:00:00+00:00,2025-01-13 06:45:00+00:00,14.75,2.5215,2.5835,1.7155,0.787799,BE,178,4.1176,2114.24,87.06,68.58,2182.83
1676,S1_LINKUSDT,LINKUSDT,1,2025-01-13 08:00:00+00:00,2025-01-13 08:05:00+00:00,0.08,19.101,19.001,20.401,-1.057303,SL,2,2.8,2182.83,61.12,-64.62,2118.2
1677,S3,LINKUSDT,-1,2025-01-13 09:00:00+00:00,2025-01-13 22:00:00+00:00,13.0,18.766,19.35453736,15.82331321,-1.009566,SL,157,1.0606,2118.2,22.47,-22.68,2272.42
1678,S1_BTCUSDT,BTCUSDT,1,2025-01-13 12:00:00+00:00,2025-01-13 12:00:00+00:00,0.0,90827.5,90809.8,91057.6,-2.539449,SL,1,1.5086,2165.39,32.67,-82.96,2082.43
1679,S1_ETHUSDT,ETHUSDT,1,2025-01-13 12:00:00+00:00,2025-01-13 12:00:00+00:00,0.0,3056.81,3055.0,3080.34,-1.506654,SL,1,1.2411,2165.39,26.87,-40.49,2041.94
1680,S1_SOLUSDT,SOLUSDT,1,2025-01-13 12:00:00+00:00,2025-01-13 12:00:00+00:00,0.0,175.33,175.12,178.06,-1.250471,SL,1,2.7132,2165.39,58.75,-73.47,1968.48
1681,S3,BTCUSDT,-1,2025-01-13 12:00:00+00:00,2025-01-13 14:55:00+00:00,2.92,90827.5,92196.00265626,83984.98671869,-1.019911,SL,36,1.0606,2165.39,22.97,-23.42,2343.29
1682,S3,ETHUSDT,-1,2025-01-13 12:00:00+00:00,2025-01-13 22:10:00+00:00,10.17,3056.81,3128.44449206,2698.63753971,-1.012802,SL,123,1.0606,2165.39,22.97,-23.26,2249.16
1683,S3,SOLUSDT,-1,2025-01-13 12:00:00+00:00,2025-01-13 15:20:00+00:00,3.33,175.33,179.80688118,152.9455941,-1.011749,SL,41,1.0606,2165.39,22.97,-23.24,2320.06
1684,S3,LINKUSDT,-1,2025-01-13 12:00:00+00:00,2025-01-13 14:50:00+00:00,2.83,18.097,18.71525385,15.00573073,-1.008781,SL,35,1.0606,2165.39,22.97,-23.17,2389.91
1685,S3,DOGEUSDT,-1,2025-01-13 12:00:00+00:00,2025-01-13 14:50:00+00:00,2.83,0.31517,0.32450712,0.26848441,-1.010126,SL,35,1.0606,2165.39,22.97,-23.2,2366.72
1686,S3,XRPUSDT,-1,2025-01-13 12:00:00+00:00,2025-01-13 14:40:00+00:00,2.67,2.3374,2.42410221,1.90388893,-1.008088,SL,33,1.0606,2165.39,22.97,-23.15,2413.08
1687,S3,BTCUSDT,-1,2025-01-13 17:00:00+00:00,2025-01-13 20:45:00+00:00,3.75,91322.9,93282.75575049,81523.62124755,-1.013979,SL,46,1.0606,2320.06,24.61,-24.95,2295.11
1688,S1_SOLUSDT,SOLUSDT,1,2025-01-13 20:00:00+00:00,2025-01-19 15:10:00+00:00,139.17,177.5,167.71,304.77,8.994561,BE,1671,2.7132,2320.06,62.95,566.19,2842.59
1689,S1_XRPUSDT,XRPUSDT,-1,2025-01-14 20:00:00+00:00,2025-01-15 01:20:00+00:00,5.33,2.6632,2.7012,2.1692,-1.021025,SL,65,4.1176,2249.16,92.61,-94.56,2154.61
1690,S1_BTCUSDT,BTCUSDT,-1,2025-01-15 16:00:00+00:00,2025-01-15 19:55:00+00:00,3.92,98943.3,99746.6,88500.4,-1.036951,SL,48,1.5086,2154.61,32.5,-33.71,2057.97
1691,S1_LINKUSDT,LINKUSDT,-1,2025-01-15 16:00:00+00:00,2025-01-15 16:05:00+00:00,0.08,21.593,21.743,19.643,-1.043186,SL,2,2.8,2154.61,60.33,-62.93,2091.67
1692,S3,XRPUSDT,-1,2025-01-15 17:00:00+00:00,2025-01-15 21:50:00+00:00,4.83,2.8991,3.04309441,2.17912793,-1.00604,SL,59,1.0606,2091.67,22.18,-22.32,2006.94
1693,S1_ETHUSDT,ETHUSDT,-1,2025-01-15 20:00:00+00:00,2025-01-15 20:00:00+00:00,0.0,3433.76,3442.08,3325.6,-1.123813,SL,1,1.2411,2057.97,25.54,-28.7,2029.26
1694,S1_LINKUSDT,LINKUSDT,-1,2025-01-16 12:00:00+00:00,2025-01-16 12:00:00+00:00,0.0,22.464,22.489,22.139,5.230432,BE,1,2.8,2006.94,56.19,293.92,2300.87
1695,S1_ETHUSDT,ETHUSDT,-1,2025-01-18 00:00:00+00:00,2025-01-18 03:25:00+00:00,3.42,3472.38,3524.85,2790.27,0.780146,BE,42,1.2411,2300.87,28.56,22.28,2323.14
1696,S4,ETHUSDT,1,2025-01-18 09:00:00+00:00,2025-01-19 09:00:00+00:00,24.0,3291.85,3207.79786964,4930.86654201,-1.011749,SL,289,1.9886,2323.14,46.2,-46.74,2276.4
1697,S1_XRPUSDT,XRPUSDT,-1,2025-01-18 12:00:00+00:00,2025-01-19 22:45:00+00:00,34.75,3.1714,3.3172,1.276,0.793474,BE,418,4.1176,2323.14,95.66,75.9,2837.76
1698,S4,LINKUSDT,1,2025-01-19 14:00:00+00:00,2025-01-27 07:25:00+00:00,185.42,23.5,22.42322892,44.49703612,-1.006547,SL,2226,1.9886,2276.4,45.27,-45.56,2806.3
1699,S1_LINKUSDT,LINKUSDT,-1,2025-01-19 16:00:00+00:00,2025-01-19 16:15:00+00:00,0.25,25.409,25.94,18.506,-1.014355,SL,4,2.8,2842.59,79.59,-80.74,2761.85
1700,S3,BTCUSDT,-1,2025-01-20 01:00:00+00:00,2025-01-20 04:45:00+00:00,3.75,99769.5,102535.38722194,85940.06389032,-1.010821,SL,46,1.0606,2837.76,30.1,-30.42,2807.33
1701,S3,DOGEUSDT,-1,2025-01-20 01:00:00+00:00,2025-01-20 06:40:00+00:00,5.67,0.34692,0.37115851,0.22572745,-1.004294,SL,69,1.0606,2837.76,30.1,-30.23,2777.11
1702,S1_BTCUSDT,BTCUSDT,-1,2025-01-20 08:00:00+00:00,2025-01-20 16:10:00+00:00,8.17,107178.8,110000.0,70503.2,0.788603,BE,99,1.5086,2777.11,41.9,33.04,2730.81
1703,S1_LINKUSDT,LINKUSDT,-1,2025-01-20 08:00:00+00:00,2025-01-20 08:05:00+00:00,0.08,26.306,26.696,21.236,-1.020235,SL,2,2.8,2777.11,77.76,-79.33,2697.77
1704,S1_LINKUSDT,LINKUSDT,-1,2025-01-20 16:00:00+00:00,2025-01-20 17:35:00+00:00,1.58,25.86,26.952,11.664,0.792896,BE,20,2.8,2697.77,75.54,59.89,2790.71
1705,S1_LINKUSDT,LINKUSDT,-1,2025-01-21 20:00:00+00:00,2025-01-21 21:05:00+00:00,1.08,26.629,27.089,20.649,0.782633,BE,14,2.8,2790.71,78.14,61.15,2851.86
1706,S2,LINKUSDT,-1,2025-01-27 01:00:00+00:00,2025-01-30 15:10:00+00:00,86.17,24.42,25.17232112,21.00180334,-0.944504,SL,1035,3.3981,2851.86,96.91,-91.53,2747.14
1707,S3,LINKUSDT,-1,2025-01-27 02:00:00+00:00,2025-01-30 14:55:00+00:00,84.92,24.125,24.94640431,20.01797844,-1.008811,SL,1020,1.0606,2851.86,30.25,-30.51,2838.67
1708,S3,LINKUSDT,-1,2025-01-27 03:00:00+00:00,2025-01-28 05:45:00+00:00,26.75,23.787,24.62158972,19.6140514,-1.00855,SL,322,1.0606,2851.86,30.25,-30.51,2900.32
1709,S3,BTCUSDT,-1,2025-01-27 05:00:00+00:00,2025-01-27 14:45:00+00:00,9.75,100363.5,101682.53780669,93768.31096656,-1.022827,SL,118,1.0606,2851.86,30.25,-30.94,2895.33
1710,S3,DOGEUSDT,-1,2025-01-27 05:00:00+00:00,2025-01-27 20:55:00+00:00,15.92,0.32314,0.33135887,0.28204564,-1.011795,SL,192,1.0606,2851.86,30.25,-30.6,2930.82
1711,S3,XRPUSDT,-1,2025-01-27 05:00:00+00:00,2025-01-27 07:25:00+00:00,2.42,2.9606,3.02357602,2.64571989,4.985897,TP,30,1.0606,2851.86,30.25,150.81,2957.1
1712,S3,BTCUSDT,-1,2025-01-27 07:00:00+00:00,2025-01-27 12:55:00+00:00,5.92,98918.0,100446.89688434,91273.51557831,-1.01941,SL,72,1.0606,2851.86,30.25,-30.83,2926.27
1713,S3,ETHUSDT,-1,2025-01-27 07:00:00+00:00,2025-01-27 15:35:00+00:00,8.58,3082.75,3146.19036434,2765.54817831,-1.014578,SL,104,1.0606,2851.86,30.25,-30.69,2961.43
1714,S1_XRPUSDT,XRPUSDT,1,2025-01-27 08:00:00+00:00,2025-01-27 15:15:00+00:00,7.25,2.8086,2.645,4.9354,0.79485,BE,88,4.1176,2957.1,121.76,96.78,2992.12
1715,S3,ETHUSDT,-1,2025-01-28 22:00:00+00:00,2025-01-29 02:05:00+00:00,4.08,3052.37,3127.78098132,2675.31509338,-1.012143,SL,50,1.0606,2900.32,30.76,-31.13,2869.18
1716,S3,BTCUSDT,-1,2025-01-31 21:00:00+00:00,2025-02-03 01:40:00+00:00,52.67,101647.5,103209.84341412,93835.78292942,4.980482,TP,633,1.0606,2747.14,29.14,145.11,3115.29
1717,S3,SOLUSDT,-1,2025-02-01 22:00:00+00:00,2025-02-03 01:45:00+00:00,27.75,216.02,221.57899281,188.22503596,4.988342,TP,334,1.0606,2747.14,29.14,145.34,3260.64
1718,S3,SOLUSDT,-1,2025-02-02 00:00:00+00:00,2025-02-02 01:05:00+00:00,1.08,212.88,218.61260094,184.21699529,-1.01114,SL,14,1.0606,2747.14,29.14,-29.46,2717.68
1719,S3,DOGEUSDT,-1,2025-02-02 03:00:00+00:00,2025-02-02 22:35:00+00:00,19.58,0.30643,0.31546123,0.26127384,4.989821,TP,236,1.0606,2717.68,28.82,143.83,2591.18
1720,S3,BTCUSDT,-1,2025-02-02 04:00:00+00:00,2025-02-02 06:25:00+00:00,2.42,99160.8,100453.66023059,92696.49884706,-1.02301,SL,30,1.0606,2717.68,28.82,-29.49,2629.99
1721,S3,SOLUSDT,-1,2025-02-02 04:00:00+00:00,2025-02-02 06:10:00+00:00,2.17,206.98,213.77900551,172.98497247,-1.009133,SL,27,1.0606,2717.68,28.82,-29.09,2688.59
1722,S3,XRPUSDT,-1,2025-02-02 04:00:00+00:00,2025-02-02 06:20:00+00:00,2.33,2.8321,2.91604619,2.41236906,-1.010121,SL,29,1.0606,2717.68,28.82,-29.12,2659.48
1723,S2,XRPUSDT,-1,2025-02-02 12:00:00+00:00,2025-02-03 00:20:00+00:00,12.33,2.787,2.87733908,2.39945235,4.240831,TP,149,3.3981,2629.99,89.37,379.0,2970.18
1724,S3,BTCUSDT,-1,2025-02-02 13:00:00+00:00,2025-02-03 02:05:00+00:00,13.08,98124.5,99507.13007646,91211.34961772,4.978709,TP,158,1.0606,2629.99,27.89,138.87,3774.5
1725,S3,XRPUSDT,-1,2025-02-02 13:00:00+00:00,2025-02-02 14:10:00+00:00,1.17,2.7329,2.83003142,2.2472429,-1.008441,SL,15,1.0606,2629.99,27.89,-28.13,2601.86
1726,S2,SOLUSDT,-1,2025-02-02 17:00:00+00:00,2025-02-03 01:55:00+00:00,8.92,206.6,212.53660013,176.19265918,4.241337,TP,108,3.3981,2601.86,88.41,374.99,3635.63
1727,S2,SOLUSDT,-1,2025-02-02 19:00:00+00:00,2025-02-02 19:40:00+00:00,0.67,197.61,205.17666542,163.23229287,-0.94277,SL,9,3.3981,2601.86,88.41,-83.35,2518.51
1728,S1_LINKUSDT,LINKUSDT,1,2025-02-02 20:00:00+00:00,2025-02-02 22:30:00+00:00,2.5,20.762,20.069,29.771,-1.008988,SL,31,2.8,2518.51,70.52,-71.15,2447.35
1729,S2,BTCUSDT,-1,2025-02-07 21:00:00+00:00,2025-02-09 03:35:00+00:00,30.58,95717.6,97027.66853402,87667.04973903,-0.706763,SL,368,3.3981,3774.5,128.26,-90.65,3569.02
1730,S2,SOLUSDT,-1,2025-02-07 21:00:00+00:00,2025-02-08 13:40:00+00:00,16.67,189.72,196.09916412,159.16736635,-0.895286,SL,201,3.3981,3774.5,128.26,-114.83,3659.67
1731,S2,ETHUSDT,-1,2025-02-11 19:00:00+00:00,2025-02-12 13:15:00+00:00,18.25,2609.67,2645.10973866,2359.78480929,-0.616068,SL,220,3.3981,3569.02,121.28,-74.72,3494.31
1732,S4,BTCUSDT,1,2025-02-12 15:00:00+00:00,2025-02-18 17:35:00+00:00,146.58,95582.9,94183.19936758,122877.06233219,-1.020486,SL,1760,1.9886,3494.31,69.49,-70.91,3313.46
1733,S4,DOGEUSDT,1,2025-02-12 15:00:00+00:00,2025-02-17 05:00:00+00:00,110.0,0.25318,0.24504702,0.41177312,0.990661,BE,1321,1.9886,3494.31,69.49,68.84,3517.88
1734,S4,XRPUSDT,1,2025-02-12 15:00:00+00:00,2025-02-24 04:30:00+00:00,277.5,2.392,2.3201505,3.7930653,0.990012,BE,3331,1.9886,3494.31,69.49,68.79,3110.82
1735,S1_XRPUSDT,XRPUSDT,-1,2025-02-14 04:00:00+00:00,2025-02-14 04:10:00+00:00,0.17,2.5925,2.6036,2.4482,0.729932,BE,3,4.1176,3494.31,143.88,105.02,3599.33
1736,S1_XRPUSDT,XRPUSDT,-1,2025-02-14 12:00:00+00:00,2025-02-14 19:00:00+00:00,7.0,2.7316,2.7899,1.9737,-1.014056,SL,85,4.1176,3599.33,148.21,-150.29,3449.04
1737,S3,SOLUSDT,-1,2025-02-17 05:00:00+00:00,2025-02-18 07:05:00+00:00,26.08,183.08,186.92176363,163.87118186,4.985703,TP,314,1.0606,3449.04,36.58,182.38,3614.54
1738,S4,ETHUSDT,1,2025-02-17 06:00:00+00:00,2025-02-17 18:00:00+00:00,12.0,2669.99,2628.2505156,3483.90994588,0.98081,BE,145,1.9886,3517.88,69.96,68.61,3586.49
1739,S4,LINKUSDT,1,2025-02-17 06:00:00+00:00,2025-02-18 06:00:00+00:00,24.0,18.743,18.24907311,28.37457433,-1.011384,SL,289,1.9886,3517.88,69.96,-70.75,3432.16
1740,S2,ETHUSDT,-1,2025-02-17 17:00:00+00:00,2025-02-17 21:55:00+00:00,4.92,2724.42,2769.16789145,2447.43948472,-0.699155,SL,60,3.3981,3517.88,119.54,-83.58,3502.92
1741,S3,SOLUSDT,-1,2025-02-17 17:00:00+00:00,2025-02-24 15:05:00+00:00,166.08,178.27,183.34622405,152.88887975,4.989464,TP,1994,1.0606,3517.88,37.31,186.16,3211.54
1742,S2,LINKUSDT,-1,2025-02-18 07:00:00+00:00,2025-02-20 04:20:00+00:00,45.33,18.136,18.4421316,15.63520931,-0.529506,SL,545,3.3981,3432.16,116.63,-61.76,3051.57
1743,S2,DOGEUSDT,-1,2025-02-18 07:00:00+00:00,2025-02-18 09:55:00+00:00,2.92,0.24783,0.25304777,0.21848963,-0.766572,SL,36,3.3981,3432.16,116.63,-89.4,3525.14
1744,S2,XRPUSDT,-1,2025-02-18 07:00:00+00:00,2025-02-18 12:35:00+00:00,5.58,2.5528,2.61608401,2.24770611,-0.892223,SL,68,3.3981,3432.16,116.63,-104.06,3421.08
1745,S3,SOLUSDT,-1,2025-02-18 07:00:00+00:00,2025-02-18 12:35:00+00:00,5.58,165.28,171.22404344,135.55978278,-1.008342,SL,68,1.0606,3432.16,36.4,-36.71,3384.37
1746,S2,DOGEUSDT,-1,2025-02-18 17:00:00+00:00,2025-02-18 21:05:00+00:00,4.08,0.24297,0.24919134,0.20946062,-0.798299,SL,50,3.3981,3384.37,115.0,-91.81,3221.65
1747,S3,SOLUSDT,-1,2025-02-18 17:00:00+00:00,2025-02-18 22:25:00+00:00,5.42,162.37,169.20227805,128.20860975,-1.00713,SL,66,1.0606,3384.37,35.89,-36.15,3149.51
1748,S3,LINKUSDT,-1,2025-02-18 17:00:00+00:00,2025-02-19 07:40:00+00:00,14.67,17.394,18.02975755,14.21521223,-1.008208,SL,177,1.0606,3384.37,35.89,-36.19,3113.32
1749,S3,BTCUSDT,-1,2025-02-18 18:00:00+00:00,2025-02-18 21:20:00+00:00,3.33,94074.6,95241.06355462,88242.28222688,-1.024195,SL,41,1.0606,3313.46,35.14,-35.99,3185.66
1750,S2,BTCUSDT,-1,2025-02-21 19:00:00+00:00,2025-02-25 07:10:00+00:00,84.17,96500.1,97295.92876329,90661.80341358,4.228926,TP,1011,3.3981,3051.57,103.7,438.52,4423.55
1751,S3,BTCUSDT,-1,2025-02-21 20:00:00+00:00,2025-02-22 12:45:00+00:00,16.75,95247.4,96750.06564073,87734.07179635,-1.019016,SL,202,1.0606,3051.57,32.36,-32.98,3018.59
1752,S1_ETHUSDT,ETHUSDT,-1,2025-02-23 08:00:00+00:00,2025-02-23 08:00:00+00:00,0.0,2823.64,2828.5,2760.46,0.625701,BE,1,1.2411,3018.59,37.46,23.44,3042.03
1753,S3,DOGEUSDT,-1,2025-02-24 03:00:00+00:00,2025-02-24 22:00:00+00:00,19.0,0.2351,0.23944537,0.21337317,4.983769,TP,229,1.0606,3042.03,32.26,160.8,3545.48
1754,S3,ETHUSDT,-1,2025-02-24 04:00:00+00:00,2025-02-25 07:05:00+00:00,27.08,2716.57,2775.76310797,2420.60446014,4.986232,TP,326,1.0606,3042.03,32.26,160.87,3985.03
1755,S3,LINKUSDT,-1,2025-02-24 04:00:00+00:00,2025-02-25 00:10:00+00:00,20.17,16.812,17.20589879,14.84250607,4.987196,TP,243,1.0606,3042.03,32.26,160.91,3870.96
1756,S3,SOLUSDT,-1,2025-02-24 09:00:00+00:00,2025-02-24 22:55:00+00:00,13.92,157.88,161.90018596,137.77907019,4.988218,TP,168,1.0606,3110.82,32.99,164.58,3710.05
1757,S1_SOLUSDT,SOLUSDT,1,2025-02-24 12:00:00+00:00,2025-02-24 14:55:00+00:00,2.92,159.21,155.31,209.91,-1.012247,SL,36,2.7132,3110.82,84.4,-85.44,3025.38
1758,S3,SOLUSDT,-1,2025-02-24 15:00:00+00:00,2025-02-25 10:20:00+00:00,19.33,155.54,160.18238901,132.32805496,4.989949,TP,233,1.0606,3025.38,32.09,160.11,4743.74
1759,S3,LINKUSDT,-1,2025-02-24 15:00:00+00:00,2025-02-28 04:00:00+00:00,85.0,16.221,16.7049576,13.801212,4.989945,TP,1021,1.0606,3025.38,32.09,160.11,5371.24
1760,S3,DOGEUSDT,-1,2025-02-24 15:00:00+00:00,2025-02-28 01:50:00+00:00,82.83,0.22516,0.2312987,0.19446651,4.988996,TP,995,1.0606,3025.38,32.09,160.08,5211.13
1761,S3,XRPUSDT,-1,2025-02-24 15:00:00+00:00,2025-02-25 07:30:00+00:00,16.5,2.4294,2.49418703,2.10546484,4.988751,TP,199,1.0606,3025.38,32.09,160.08,4583.63
1762,S1_LINKUSDT,LINKUSDT,1,2025-02-24 16:00:00+00:00,2025-02-24 17:15:00+00:00,1.25,16.211,16.041,18.421,0.771392,BE,16,2.8,3211.54,89.92,69.37,3280.91
1763,S1_XRPUSDT,XRPUSDT,1,2025-02-24 20:00:00+00:00,2025-02-24 20:10:00+00:00,0.17,2.401,2.3784,2.6948,0.768128,BE,3,4.1176,3280.91,135.09,103.77,3384.68
1764,S3,BTCUSDT,-1,2025-02-24 23:00:00+00:00,2025-02-26 18:25:00+00:00,43.42,92380.1,93793.49086626,85313.14566872,4.980392,TP,522,1.0606,3710.05,39.35,195.97,4888.83
1765,S3,ETHUSDT,-1,2025-02-24 23:00:00+00:00,2025-02-28 04:00:00+00:00,77.0,2506.66,2584.37396821,2118.09015893,4.990324,TP,925,1.0606,3710.05,39.35,196.36,5567.6
1766,S1_ETHUSDT,ETHUSDT,1,2025-02-25 00:00:00+00:00,2025-02-25 00:10:00+00:00,0.17,2512.26,2466.34,3109.22,-1.016413,SL,3,1.2411,3710.05,46.05,-46.8,3824.16
1767,S3,BTCUSDT,-1,2025-02-25 00:00:00+00:00,2025-02-26 18:35:00+00:00,42.58,91514.5,93045.30580438,83860.4709781,4.982065,TP,512,1.0606,3710.05,39.35,196.04,5084.87
1768,S3,BTCUSDT,-1,2025-02-25 15:00:00+00:00,2025-02-25 22:05:00+00:00,7.08,87132.0,89429.75073052,75643.24634738,-1.011376,SL,86,1.0606,4743.74,50.31,-50.88,4692.86
1769,S1_LINKUSDT,LINKUSDT,1,2025-02-26 08:00:00+00:00,2025-02-28 01:30:00+00:00,41.5,15.292,14.503,25.549,-1.005814,SL,499,2.8,4692.86,131.4,-132.16,5051.04
1770,S1_ETHUSDT,ETHUSDT,1,2025-02-26 20:00:00+00:00,2025-02-26 20:15:00+00:00,0.25,2295.45,2264.0,2704.3,-1.021896,SL,4,1.2411,5084.87,63.11,-64.49,5020.38
1771,S1_XRPUSDT,XRPUSDT,1,2025-02-26 20:00:00+00:00,2025-02-26 20:35:00+00:00,0.58,2.1788,2.1495,2.5597,0.777691,BE,8,4.1176,5084.87,209.37,162.83,5183.21
1772,S1_LINKUSDT,LINKUSDT,1,2025-02-28 04:00:00+00:00,2025-02-28 04:00:00+00:00,0.0,13.874,13.816,14.628,-1.071762,SL,1,2.8,5211.13,145.91,-156.38,5411.22
1773,S1_SOLUSDT,SOLUSDT,1,2025-02-28 04:00:00+00:00,2025-02-28 04:00:00+00:00,0.0,127.59,127.01,135.13,-1.065995,SL,1,2.7132,5211.13,141.39,-150.72,5260.5
1774,S1_XRPUSDT,XRPUSDT,1,2025-02-28 04:00:00+00:00,2025-02-28 04:00:00+00:00,0.0,2.0196,2.0162,2.0638,-1.1782,SL,1,4.1176,5211.13,214.57,-252.81,5007.69
1775,S1_ETHUSDT,ETHUSDT,1,2025-03-01 16:00:00+00:00,2025-03-01 16:55:00+00:00,0.92,2172.34,2141.17,2577.55,0.779092,BE,12,1.2411,5007.69,62.15,48.42,5056.11
1776,S1_XRPUSDT,XRPUSDT,-1,2025-03-02 16:00:00+00:00,2025-03-02 16:00:00+00:00,0.0,2.5973,2.7062,1.1816,-1.007155,SL,1,4.1176,5056.11,208.19,-209.68,4846.43
1777,S1_LINKUSDT,LINKUSDT,-1,2025-03-02 20:00:00+00:00,2025-03-02 21:15:00+00:00,1.25,16.948,17.356,11.644,-1.012462,SL,16,2.8,4846.43,135.7,-137.39,4709.04
1778,S1_SOLUSDT,SOLUSDT,-1,2025-03-02 20:00:00+00:00,2025-03-03 13:40:00+00:00,17.67,172.04,180.0,68.56,0.793516,BE,213,2.7132,4846.43,131.49,104.34,4813.38
1779,S3,SOLUSDT,-1,2025-03-03 01:00:00+00:00,2025-03-09 17:05:00+00:00,160.08,174.29,183.73012896,127.0893552,4.994461,TP,1922,1.0606,4709.04,49.94,249.44,4645.44
1780,S3,XRPUSDT,-1,2025-03-03 01:00:00+00:00,2025-03-11 00:35:00+00:00,191.58,2.861,3.04396729,1.94616355,4.995309,TP,2300,1.0606,4709.04,49.94,249.49,4807.99
1781,S3,ETHUSDT,-1,2025-03-03 15:00:00+00:00,2025-03-10 18:55:00+00:00,171.92,2273.5,2365.05854474,1815.70727632,4.992551,TP,2064,1.0606,4813.38,51.05,254.87,4900.31
1782,S3,BTCUSDT,-1,2025-03-03 19:00:00+00:00,2025-03-05 10:30:00+00:00,39.5,87100.0,90055.07301912,72324.63490438,-1.008842,SL,475,1.0606,4813.38,51.05,-51.5,4453.87
1783,S3,SOLUSDT,-1,2025-03-03 19:00:00+00:00,2025-04-07 06:15:00+00:00,827.25,148.83,158.48255125,100.56724375,4.995374,TP,9928,1.0606,4813.38,51.05,255.02,3052.06
1784,S3,LINKUSDT,-1,2025-03-03 19:00:00+00:00,2025-03-05 09:10:00+00:00,38.17,15.412,16.24971455,11.22342725,-1.005519,SL,459,1.0606,4813.38,51.05,-51.33,4505.38
1785,S3,DOGEUSDT,-1,2025-03-03 19:00:00+00:00,2025-03-06 05:15:00+00:00,58.25,0.20594,0.21672192,0.1520304,-1.00573,SL,700,1.0606,4813.38,51.05,-51.34,4445.66
1786,S3,BTCUSDT,-1,2025-03-03 20:00:00+00:00,2025-03-04 20:20:00+00:00,24.33,85552.0,88609.21066062,70265.94669692,-1.008395,SL,293,1.0606,4813.38,51.05,-51.48,4761.9
1787,S3,ETHUSDT,-1,2025-03-03 20:00:00+00:00,2025-03-04 21:25:00+00:00,25.42,2108.28,2214.13981379,1578.98093106,-1.005975,SL,306,1.0606,4813.38,51.05,-51.36,4659.26
1788,S3,LINKUSDT,-1,2025-03-03 20:00:00+00:00,2025-03-05 08:15:00+00:00,36.25,14.742,15.6428778,10.23761102,-1.004909,SL,436,1.0606,4813.38,51.05,-51.3,4556.71
1789,S3,DOGEUSDT,-1,2025-03-03 20:00:00+00:00,2025-03-06 04:30:00+00:00,56.5,0.19866,0.2101375,0.14127251,-1.005193,SL,679,1.0606,4813.38,51.05,-51.32,4497.0
1790,S3,XRPUSDT,-1,2025-03-03 20:00:00+00:00,2025-03-04 21:25:00+00:00,25.42,2.3482,2.52909378,1.44373109,-1.003894,SL,306,1.0606,4813.38,51.05,-51.25,4608.01
1791,S3,LINKUSDT,-1,2025-03-04 02:00:00+00:00,2025-03-04 20:20:00+00:00,18.33,13.758,14.64279563,9.33402185,-1.004665,SL,221,1.0606,4813.38,51.05,-51.29,4710.61
1792,S1_LINKUSDT,LINKUSDT,-1,2025-03-06 04:00:00+00:00,2025-03-06 04:15:00+00:00,0.25,17.215,17.336,15.642,0.757318,BE,4,2.8,4453.87,124.71,94.44,4548.32
1793,S1_LINKUSDT,LINKUSDT,-1,2025-03-06 12:00:00+00:00,2025-03-06 12:15:00+00:00,0.25,17.483,17.66,15.182,0.770368,BE,4,2.8,4445.66,124.48,95.89,4541.55
1794,S3,BTCUSDT,-1,2025-03-07 01:00:00+00:00,2025-03-07 01:40:00+00:00,0.67,85477.8,88490.7104528,70413.24773599,-1.008511,SL,9,1.0606,4541.55,48.17,-48.58,4492.97
1795,S3,SOLUSDT,-1,2025-03-07 01:00:00+00:00,2025-03-07 05:25:00+00:00,4.42,136.4,142.74987443,104.65062785,-1.006444,SL,54,1.0606,4541.55,48.17,-48.48,4444.5
1796,S3,DOGEUSDT,-1,2025-03-07 01:00:00+00:00,2025-03-07 05:45:00+00:00,4.75,0.19171,0.19991859,0.15066703,-1.007006,SL,58,1.0606,4541.55,48.17,-48.51,4395.99
1797,S2,ETHUSDT,-1,2025-03-10 18:00:00+00:00,2025-03-19 11:10:00+00:00,209.17,1916.68,2014.65688396,1565.5232424,-1.192759,SL,2511,3.3981,4645.44,157.86,-188.28,3795.97
1798,S2,DOGEUSDT,-1,2025-03-10 18:00:00+00:00,2025-03-11 16:30:00+00:00,22.5,0.15794,0.16389498,0.11969139,-0.666953,SL,271,3.3981,4645.44,157.86,-105.28,4269.96
1799,S2,LINKUSDT,-1,2025-03-10 19:00:00+00:00,2025-03-11 09:35:00+00:00,14.58,12.459,13.12876953,9.46872651,-0.957239,SL,176,3.3981,4900.31,166.52,-159.4,4375.24
1800,S2,DOGEUSDT,-1,2025-03-10 19:00:00+00:00,2025-03-11 09:25:00+00:00,14.42,0.15204,0.16122158,0.11115022,-0.959056,SL,174,3.3981,4900.31,166.52,-159.7,4534.64
1801,S3,ETHUSDT,-1,2025-03-10 19:00:00+00:00,2025-03-11 08:50:00+00:00,13.83,1824.0,1918.91332519,1349.43337405,-1.005765,SL,167,1.0606,4900.31,51.97,-52.27,4694.34
1802,S1_ETHUSDT,ETHUSDT,1,2025-03-10 20:00:00+00:00,2025-03-11 00:35:00+00:00,4.58,1868.67,1807.75,2660.63,-1.009202,SL,56,1.2411,4900.31,60.82,-61.38,4746.61
1803,S1_LINKUSDT,LINKUSDT,1,2025-03-10 20:00:00+00:00,2025-03-11 00:25:00+00:00,4.42,12.807,12.409,17.981,-1.009654,SL,54,2.8,4900.31,137.21,-138.53,4558.5
1804,S1_XRPUSDT,XRPUSDT,1,2025-03-10 20:00:00+00:00,2025-03-11 00:20:00+00:00,4.33,2.0747,1.9907,3.1667,-1.00741,SL,53,4.1176,4900.31,201.78,-203.27,4697.04
1805,S3,LINKUSDT,-1,2025-03-14 20:00:00+00:00,2025-03-19 13:05:00+00:00,113.08,13.922,14.52937779,10.88511103,-1.006876,SL,1358,1.0606,4269.96,45.29,-45.6,3783.08
1806,S1_XRPUSDT,XRPUSDT,-1,2025-03-15 04:00:00+00:00,2025-03-15 04:00:00+00:00,0.0,2.4236,2.4293,2.3495,-1.127558,SL,1,4.1176,4269.96,175.82,-198.25,4071.71
1807,S3,SOLUSDT,-1,2025-03-16 14:00:00+00:00,2025-03-16 16:05:00+00:00,2.08,127.77,130.77123891,112.76380546,-1.012772,SL,26,1.0606,4071.71,43.18,-43.74,4027.98
1808,S3,XRPUSDT,-1,2025-03-16 14:00:00+00:00,2025-03-16 16:05:00+00:00,2.08,2.2744,2.32896515,2.00157423,-1.012505,SL,26,1.0606,4071.71,43.18,-43.72,3984.25
1809,S1_ETHUSDT,ETHUSDT,-1,2025-03-19 12:00:00+00:00,2025-03-19 12:00:00+00:00,0.0,2026.98,2032.73,1952.23,0.694245,BE,1,1.2411,3795.97,47.11,32.71,3828.68
1810,S1_XRPUSDT,XRPUSDT,-1,2025-03-19 16:00:00+00:00,2025-03-19 16:25:00+00:00,0.42,2.5534,2.588,2.1036,0.777861,BE,6,4.1176,3783.08,155.77,121.17,3904.25
1811,S1_LINKUSDT,LINKUSDT,-1,2025-03-20 00:00:00+00:00,2025-03-20 00:00:00+00:00,0.0,15.013,15.036,14.714,-1.195822,SL,1,2.8,3904.25,109.32,-130.73,3773.52
1812,S2,BTCUSDT,-1,2025-03-20 17:00:00+00:00,2025-03-23 11:25:00+00:00,66.42,83769.5,84962.04828098,77199.0974109,-0.787644,SL,798,3.3981,3773.52,128.23,-101.0,3428.95
1813,S2,LINKUSDT,-1,2025-03-20 17:00:00+00:00,2025-03-22 18:15:00+00:00,49.25,14.11,14.45266363,12.25906116,-0.79652,SL,592,3.3981,3773.52,128.23,-102.14,3529.95
1814,S2,DOGEUSDT,-1,2025-03-20 17:00:00+00:00,2025-03-21 01:05:00+00:00,8.08,0.16701,0.17065156,0.14708821,-0.787558,SL,98,3.3981,3773.52,128.23,-100.99,3672.53
1815,S3,SOLUSDT,-1,2025-03-20 17:00:00+00:00,2025-03-22 09:20:00+00:00,40.33,126.97,130.51697982,109.23510089,-1.010739,SL,485,1.0606,3773.52,40.02,-40.45,3632.08
1816,S1_ETHUSDT,ETHUSDT,-1,2025-03-24 08:00:00+00:00,2025-03-24 08:15:00+00:00,0.25,2068.48,2079.23,1928.73,-1.057725,SL,4,1.2411,3428.95,42.56,-45.01,3383.93
1817,S1_LINKUSDT,LINKUSDT,-1,2025-03-24 08:00:00+00:00,2025-03-24 08:15:00+00:00,0.25,15.018,15.152,13.276,-1.033622,SL,4,2.8,3428.95,96.01,-99.24,3284.7
1818,S3,SOLUSDT,-1,2025-03-24 15:00:00+00:00,2025-03-25 13:30:00+00:00,22.5,142.41,145.90170477,124.95147613,-1.012236,SL,271,1.0606,3284.7,34.84,-35.26,3149.84
1819,S1_LINKUSDT,LINKUSDT,-1,2025-03-25 08:00:00+00:00,2025-03-25 08:05:00+00:00,0.08,15.195,15.25,14.48,-1.082882,SL,2,2.8,3284.7,91.97,-99.59,3185.1
1820,S1_ETHUSDT,ETHUSDT,-1,2025-03-25 12:00:00+00:00,2025-03-26 13:50:00+00:00,25.83,2067.36,2097.21,1679.31,0.779223,BE,311,1.2411,3185.1,39.53,30.8,3180.64
1821,S1_LINKUSDT,LINKUSDT,-1,2025-03-27 04:00:00+00:00,2025-03-27 05:30:00+00:00,1.5,15.718,15.875,13.677,0.769966,BE,19,2.8,3180.64,89.06,68.57,3249.21
1822,S3,XRPUSDT,-1,2025-03-28 08:00:00+00:00,2025-04-06 20:35:00+00:00,228.58,2.22,2.27419674,1.94901629,4.987711,TP,2744,1.0606,3249.21,34.46,171.88,2918.38
1823,S3,ETHUSDT,-1,2025-03-28 13:00:00+00:00,2025-04-02 20:10:00+00:00,127.17,1883.11,1930.8500598,1644.40970098,-1.011834,SL,1527,1.0606,3249.21,34.46,-34.87,3071.98
1824,S3,BTCUSDT,-1,2025-03-28 15:00:00+00:00,2025-04-01 15:40:00+00:00,96.67,84133.9,85234.41817187,78631.30914067,-1.022935,SL,1161,1.0606,3249.21,34.46,-35.25,3106.85
1825,S1_LINKUSDT,LINKUSDT,1,2025-03-29 20:00:00+00:00,2025-03-29 22:45:00+00:00,2.75,13.578,13.37,16.282,-1.019584,SL,34,2.8,3249.21,90.98,-92.76,3156.45
1826,S1_LINKUSDT,LINKUSDT,1,2025-03-31 00:00:00+00:00,2025-03-31 00:35:00+00:00,0.58,13.409,13.183,16.347,-1.0178,SL,8,2.8,3156.45,88.38,-89.95,3066.5
1827,S1_XRPUSDT,XRPUSDT,1,2025-03-31 04:00:00+00:00,2025-03-31 04:00:00+00:00,0.0,2.0796,2.0765,2.1199,0.598748,BE,1,4.1176,3066.5,126.27,75.6,3142.1
1828,S2,BTCUSDT,-1,2025-04-02 23:00:00+00:00,2025-04-12 14:25:00+00:00,231.42,82784.2,84966.88170287,74052.9035041,-1.074519,SL,2778,3.3981,3071.98,104.39,-112.17,3771.68
1829,S2,SOLUSDT,-1,2025-04-02 23:00:00+00:00,2025-04-07 06:50:00+00:00,103.83,118.59,125.67871187,95.99632753,4.243308,TP,1247,3.3981,3071.98,104.39,442.95,4089.6
1830,S2,LINKUSDT,-1,2025-04-02 23:00:00+00:00,2025-04-07 06:45:00+00:00,103.75,12.885,13.58804102,10.33267541,4.243563,TP,1246,3.3981,3071.98,104.39,442.98,3495.04
1831,S2,DOGEUSDT,-1,2025-04-02 23:00:00+00:00,2025-04-04 15:00:00+00:00,40.0,0.16291,0.17042744,0.13188867,-1.036603,SL,481,3.3981,3071.98,104.39,-108.21,2864.98
1832,S3,BTCUSDT,-1,2025-04-03 13:00:00+00:00,2025-04-04 07:10:00+00:00,18.17,81912.3,83398.44506325,74481.57468373,-1.016535,SL,219,1.0606,3071.98,32.58,-33.12,2973.19
1833,S3,LINKUSDT,-1,2025-04-03 13:00:00+00:00,2025-04-03 21:55:00+00:00,8.92,12.381,12.86531133,9.95944334,-1.007669,SL,108,1.0606,3071.98,32.58,-32.83,3039.15
1834,S3,DOGEUSDT,-1,2025-04-03 15:00:00+00:00,2025-04-03 23:30:00+00:00,8.5,0.15555,0.16153121,0.12564394,-1.007802,SL,103,1.0606,3071.98,32.58,-32.84,3006.31
1835,S3,LINKUSDT,-1,2025-04-06 18:00:00+00:00,2025-04-07 06:45:00+00:00,12.75,11.868,12.19507252,10.23263738,4.989114,TP,154,1.0606,2864.98,30.39,151.6,3646.64
1836,S3,SOLUSDT,-1,2025-04-06 19:00:00+00:00,2025-04-07 14:15:00+00:00,19.25,107.67,111.02065356,90.91673219,-1.00964,SL,232,1.0606,2864.98,30.39,-30.68,3884.27
1837,S1_ETHUSDT,ETHUSDT,1,2025-04-06 20:00:00+00:00,2025-04-06 20:30:00+00:00,0.5,1625.21,1601.0,1939.94,-1.020139,SL,7,1.2411,2864.98,35.56,-36.27,2828.71
1838,S1_LINKUSDT,LINKUSDT,1,2025-04-06 20:00:00+00:00,2025-04-06 20:30:00+00:00,0.5,11.571,11.431,13.391,-1.024795,SL,7,2.8,2864.98,80.22,-82.21,2746.5
1839,S3,DOGEUSDT,-1,2025-04-06 21:00:00+00:00,2025-04-08 11:30:00+00:00,38.5,0.14939,0.15399478,0.12636612,-1.009733,SL,463,1.0606,2918.38,30.95,-31.25,3853.02
1840,S1_XRPUSDT,XRPUSDT,1,2025-04-07 00:00:00+00:00,2025-04-07 03:20:00+00:00,3.33,1.9204,1.8614,2.6874,-1.009765,SL,41,4.1176,2918.38,120.17,-121.34,2797.04
1841,S3,BTCUSDT,-1,2025-04-07 07:00:00+00:00,2025-04-07 10:10:00+00:00,3.17,74781.4,76844.122561,64467.78719502,-1.010876,SL,39,1.0606,4089.6,43.37,-43.85,3958.55
1842,S3,ETHUSDT,-1,2025-04-07 07:00:00+00:00,2025-04-07 10:15:00+00:00,3.25,1430.49,1512.35755551,1021.15222245,-1.005242,SL,40,1.0606,4089.6,43.37,-43.6,3914.95
1843,S3,LINKUSDT,-1,2025-04-07 07:00:00+00:00,2025-04-07 08:40:00+00:00,1.67,10.2,10.79475818,7.22620909,-1.005145,SL,21,1.0606,4089.6,43.37,-43.6,4046.0
1844,S3,DOGEUSDT,-1,2025-04-07 07:00:00+00:00,2025-04-07 08:40:00+00:00,1.67,0.13153,0.13915427,0.09340867,-1.005175,SL,21,1.0606,4089.6,43.37,-43.6,4002.4
1845,S1_ETHUSDT,ETHUSDT,1,2025-04-08 16:00:00+00:00,2025-04-08 16:15:00+00:00,0.25,1530.75,1517.12,1707.94,-1.033692,SL,4,1.2411,3853.02,47.82,-49.43,3803.59
1846,S1_LINKUSDT,LINKUSDT,1,2025-04-09 04:00:00+00:00,2025-04-09 04:10:00+00:00,0.17,10.682,10.437,13.867,0.78692,BE,3,2.8,3803.59,106.5,83.81,3887.4
1847,S1_ETHUSDT,ETHUSDT,1,2025-04-09 12:00:00+00:00,2025-04-09 17:20:00+00:00,5.33,1454.64,1384.0,2372.96,0.793822,BE,65,1.2411,3887.4,48.25,38.3,3925.69
1848,S3,DOGEUSDT,-1,2025-04-09 19:00:00+00:00,2025-04-12 14:30:00+00:00,67.5,0.15943,0.16718156,0.12067222,-1.00617,SL,811,1.0606,3925.69,41.64,-41.89,3729.79
1849,S3,XRPUSDT,-1,2025-04-09 19:00:00+00:00,2025-04-12 13:40:00+00:00,66.67,2.0037,2.12181659,1.41311704,-1.005089,SL,801,1.0606,3925.69,41.64,-41.85,3883.85
1850,S1_XRPUSDT,XRPUSDT,-1,2025-04-12 16:00:00+00:00,2025-04-12 17:55:00+00:00,1.92,2.1519,2.186,1.7086,0.781068,BE,24,4.1176,3729.79,153.58,119.95,3849.74
1851,S1_XRPUSDT,XRPUSDT,-1,2025-04-13 12:00:00+00:00,2025-04-13 16:15:00+00:00,4.25,2.2001,2.247,1.5904,0.785927,BE,52,4.1176,3849.74,158.52,124.58,3974.32
1852,S4,DOGEUSDT,1,2025-04-14 18:00:00+00:00,2025-04-15 15:35:00+00:00,21.58,0.16097,0.15546681,0.26828215,-1.008775,SL,260,1.9886,3974.32,79.03,-79.73,3894.6
1853,S4,SOLUSDT,1,2025-04-16 19:00:00+00:00,2025-06-21 21:30:00+00:00,1586.5,128.51,123.85635461,219.25608501,0.991716,BE,19039,1.9886,3894.6,77.45,76.81,3839.32
1854,S3,LINKUSDT,-1,2025-04-23 14:00:00+00:00,2025-05-08 15:40:00+00:00,361.67,14.917,15.3585315,12.7093425,-1.010135,SL,4341,1.0606,3894.6,41.31,-41.72,2079.95
1855,S1_XRPUSDT,XRPUSDT,-1,2025-04-27 20:00:00+00:00,2025-04-27 20:00:00+00:00,0.0,2.2834,2.2835,2.2821,-7.8502,SL,1,4.1176,3894.6,160.36,-1258.89,2635.71
1856,S1_XRPUSDT,XRPUSDT,-1,2025-04-28 04:00:00+00:00,2025-04-28 07:20:00+00:00,3.33,2.2581,2.2943,1.7875,-1.018714,SL,41,4.1176,2635.71,108.53,-110.56,2525.15
1857,S2,SOLUSDT,-1,2025-04-28 14:00:00+00:00,2025-05-01 09:30:00+00:00,67.5,147.99,151.15700567,133.42634549,-0.937159,SL,811,3.3981,2525.15,85.81,-80.41,2470.9
1858,S4,BTCUSDT,1,2025-04-28 18:00:00+00:00,2025-07-10 21:15:00+00:00,1755.25,94037.9,92838.84096397,117419.55120249,19.476472,TP,21064,1.9886,2525.15,50.22,978.01,4294.8
1859,S1_XRPUSDT,XRPUSDT,-1,2025-04-29 00:00:00+00:00,2025-04-29 23:50:00+00:00,23.83,2.2941,2.3622,1.4088,0.789894,BE,287,4.1176,2525.15,103.98,82.13,2607.28
1860,S3,SOLUSDT,-1,2025-04-30 14:00:00+00:00,2025-04-30 17:35:00+00:00,3.58,140.64,144.03561265,123.66193675,-1.012425,SL,44,1.0606,2607.28,27.65,-28.0,2579.28
1861,S3,DOGEUSDT,-1,2025-04-30 14:00:00+00:00,2025-04-30 17:40:00+00:00,3.67,0.16703,0.17148193,0.14477037,-1.011256,SL,45,1.0606,2607.28,27.65,-27.96,2551.32
1862,S2,XRPUSDT,-1,2025-05-04 10:00:00+00:00,2025-05-04 15:05:00+00:00,5.08,2.1787,2.19297473,2.05546557,-0.514835,SL,62,3.3981,2470.9,83.96,-43.23,2427.68
1863,S4,XRPUSDT,1,2025-05-04 21:00:00+00:00,2025-05-04 23:25:00+00:00,2.42,2.1831,2.15337104,2.76281464,-1.02203,SL,30,1.9886,2427.68,48.28,-49.34,2378.34
1864,S3,BTCUSDT,-1,2025-05-05 00:00:00+00:00,2025-05-05 22:35:00+00:00,22.58,94230.2,94952.20668758,90620.16656211,-1.039153,SL,272,1.0606,2378.34,25.22,-26.21,2255.74
1865,S4,XRPUSDT,1,2025-05-05 06:00:00+00:00,2025-05-05 11:40:00+00:00,5.67,2.1773,2.14119959,2.88125792,-1.018094,SL,69,1.9886,2378.34,47.3,-48.15,2281.95
1866,S4,XRPUSDT,1,2025-05-05 09:00:00+00:00,2025-05-05 10:45:00+00:00,1.75,2.183,2.1500761,2.82501613,-1.019891,SL,22,1.9886,2378.34,47.3,-48.24,2330.1
1867,S1_LINKUSDT,LINKUSDT,1,2025-05-06 12:00:00+00:00,2025-05-06 13:25:00+00:00,1.42,13.281,13.218,14.1,-1.063243,SL,18,2.8,2255.74,63.16,-67.16,2188.58
1868,S4,DOGEUSDT,1,2025-05-06 19:00:00+00:00,2025-05-10 23:00:00+00:00,100.0,0.16936,0.16535462,0.24746484,19.487315,TP,1201,1.9886,2188.58,43.52,848.13,3753.89
1869,S4,ETHUSDT,1,2025-05-06 23:00:00+00:00,2025-05-10 17:30:00+00:00,90.5,1810.24,1774.75882078,2502.12299474,19.484694,TP,1087,1.9886,2188.58,43.52,848.01,2905.76
1870,S1_LINKUSDT,LINKUSDT,-1,2025-05-08 08:00:00+00:00,2025-05-08 08:00:00+00:00,0.0,14.678,14.726,14.054,-1.091737,SL,1,2.8,2188.58,61.28,-66.9,2121.68
1871,S3,DOGEUSDT,-1,2025-05-10 11:00:00+00:00,2025-05-10 17:20:00+00:00,6.33,0.22581,0.23562765,0.17672174,-1.0069,SL,77,1.0606,2079.95,22.06,-22.21,2057.74
1872,S3,DOGEUSDT,-1,2025-05-11 02:00:00+00:00,2025-05-12 07:30:00+00:00,29.5,0.24069,0.25330945,0.17759276,-1.005722,SL,355,1.0606,3753.89,39.81,-40.04,3610.94
1873,S1_SOLUSDT,SOLUSDT,-1,2025-05-11 20:00:00+00:00,2025-05-12 07:00:00+00:00,11.0,172.63,177.66,107.24,-1.010296,SL,133,2.7132,3753.89,101.85,-102.9,3650.99
1874,S1_XRPUSDT,XRPUSDT,-1,2025-05-12 08:00:00+00:00,2025-05-12 11:10:00+00:00,3.17,2.4129,2.4561,1.8513,-1.016756,SL,39,4.1176,3610.94,148.68,-151.18,3459.77
1875,S1_SOLUSDT,SOLUSDT,-1,2025-05-13 00:00:00+00:00,2025-05-13 04:20:00+00:00,4.33,174.15,181.44,79.38,0.792833,BE,53,2.7132,3459.77,93.87,74.42,3534.19
1876,S1_ETHUSDT,ETHUSDT,-1,2025-05-13 08:00:00+00:00,2025-05-13 11:30:00+00:00,3.5,2459.89,2511.94,1783.24,-1.014178,SL,43,1.2411,3534.19,43.86,-44.48,3489.71
1877,S1_XRPUSDT,XRPUSDT,-1,2025-05-13 12:00:00+00:00,2025-05-13 16:10:00+00:00,4.17,2.5338,2.5678,2.0918,-1.022357,SL,51,4.1176,3489.71,143.69,-146.9,3342.8
1878,S1_LINKUSDT,LINKUSDT,-1,2025-05-13 20:00:00+00:00,2025-05-13 20:05:00+00:00,0.08,17.612,17.805,15.103,0.772624,BE,2,2.8,3342.8,93.6,72.32,3415.12
1879,S1_SOLUSDT,SOLUSDT,-1,2025-05-13 20:00:00+00:00,2025-05-13 23:15:00+00:00,3.25,182.01,184.36,151.46,-1.023235,SL,40,2.7132,3342.8,90.7,-92.8,3322.32
1880,S4,BTCUSDT,1,2025-05-15 16:00:00+00:00,2025-05-30 00:55:00+00:00,344.92,103211.2,101857.48306536,129608.68022549,0.977127,BE,4140,1.9886,3322.32,66.07,64.56,3006.03
1881,S1_ETHUSDT,ETHUSDT,-1,2025-05-16 08:00:00+00:00,2025-05-16 08:20:00+00:00,0.33,2600.51,2619.39,2355.07,0.758678,BE,5,1.2411,3322.32,41.23,31.28,3353.6
1882,S2,LINKUSDT,-1,2025-05-18 19:00:00+00:00,2025-05-18 23:55:00+00:00,4.92,15.491,15.8985343,13.53405628,-0.895157,SL,60,3.3981,3353.6,113.96,-102.01,2710.51
1883,S2,BTCUSDT,-1,2025-05-18 20:00:00+00:00,2025-05-18 22:25:00+00:00,2.42,103834.1,104784.2029705,99062.59833861,-0.874007,SL,30,3.3981,3353.6,113.96,-99.6,3254.0
1884,S2,ETHUSDT,-1,2025-05-18 20:00:00+00:00,2025-05-18 23:50:00+00:00,3.83,2406.78,2475.01708604,2119.07845785,-1.018682,SL,47,3.3981,3353.6,113.96,-116.09,2812.52
1885,S2,SOLUSDT,-1,2025-05-18 20:00:00+00:00,2025-05-18 23:30:00+00:00,3.5,166.54,170.93572114,148.08246866,-1.023655,SL,43,3.3981,3353.6,113.96,-116.65,2928.61
1886,S2,LINKUSDT,-1,2025-05-18 20:00:00+00:00,2025-05-18 22:55:00+00:00,2.92,15.169,15.63485685,13.08044511,-0.957232,SL,36,3.3981,3353.6,113.96,-109.08,3144.91
1887,S2,DOGEUSDT,-1,2025-05-18 20:00:00+00:00,2025-05-18 23:25:00+00:00,3.42,0.22229,0.22949357,0.18695443,-0.874433,SL,42,3.3981,3353.6,113.96,-99.65,3045.26
1888,S4,LINKUSDT,1,2025-05-18 21:00:00+00:00,2025-05-23 12:15:00+00:00,111.25,15.276,14.75781994,25.38051115,0.991156,BE,1336,1.9886,3353.6,66.69,66.1,2492.48
1889,S4,ETHUSDT,1,2025-05-18 23:00:00+00:00,2025-05-19 04:40:00+00:00,5.67,2453.61,2370.6947472,4070.45742953,-1.008878,SL,69,1.9886,3144.91,62.54,-63.09,2647.42
1890,S4,SOLUSDT,1,2025-05-19 17:00:00+00:00,2025-05-25 01:15:00+00:00,128.25,165.64,160.63757546,263.18727851,0.990066,BE,1540,1.9886,2647.42,52.65,52.12,2494.6
1891,S1_SOLUSDT,SOLUSDT,-1,2025-05-22 08:00:00+00:00,2025-05-22 08:00:00+00:00,0.0,178.46,178.75,174.69,-1.184614,SL,1,2.7132,2647.42,71.83,-85.09,2562.33
1892,S1_ETHUSDT,ETHUSDT,-1,2025-05-22 12:00:00+00:00,2025-05-23 01:35:00+00:00,13.58,2649.72,2692.61,2092.15,-1.018534,SL,164,1.2411,2562.33,31.8,-32.39,2383.7
1893,S1_LINKUSDT,LINKUSDT,-1,2025-05-22 16:00:00+00:00,2025-05-22 16:15:00+00:00,0.25,16.798,16.888,15.628,-1.055993,SL,4,2.8,2562.33,71.75,-75.76,2486.56
1894,S1_SOLUSDT,SOLUSDT,-1,2025-05-23 00:00:00+00:00,2025-05-23 00:10:00+00:00,0.17,179.61,180.82,163.88,-1.044531,SL,3,2.7132,2486.56,67.47,-70.47,2416.09
1895,S1_LINKUSDT,LINKUSDT,-1,2025-05-23 04:00:00+00:00,2025-05-23 04:00:00+00:00,0.0,17.122,17.154,16.706,0.639481,BE,1,2.8,2383.7,66.74,42.68,2426.38
1896,S4,SOLUSDT,1,2025-05-23 14:00:00+00:00,2025-05-23 23:35:00+00:00,9.58,180.03,173.922277,299.13059853,-1.008843,SL,116,1.9886,2492.48,49.57,-50.0,2442.48
1897,S1_ETHUSDT,ETHUSDT,-1,2025-05-27 12:00:00+00:00,2025-05-27 12:00:00+00:00,0.0,2651.97,2654.1,2624.28,0.426483,BE,1,1.2411,2494.6,30.96,13.2,2507.81
1898,S2,LINKUSDT,-1,2025-05-28 16:00:00+00:00,2025-05-28 17:10:00+00:00,1.17,15.438,15.64989303,13.91406157,-0.603849,SL,15,3.3981,2507.81,85.22,-51.46,2456.35
1899,S1_XRPUSDT,XRPUSDT,1,2025-05-28 20:00:00+00:00,2025-05-28 20:00:00+00:00,0.0,2.2261,2.2244,2.2482,5.107159,BE,1,4.1176,2456.35,101.14,516.55,2972.9
1900,S4,LINKUSDT,1,2025-05-29 01:00:00+00:00,2025-05-29 12:40:00+00:00,11.67,16.033,15.61920852,24.10193392,-1.011624,SL,141,1.9886,2972.9,59.12,-59.81,2941.47
1901,S1_ETHUSDT,ETHUSDT,-1,2025-05-29 04:00:00+00:00,2025-05-29 04:35:00+00:00,0.58,2762.04,2788.88,2413.12,0.769128,BE,8,1.2411,2972.9,36.9,28.38,3001.28
1902,S2,ETHUSDT,-1,2025-05-29 14:00:00+00:00,2025-06-05 20:55:00+00:00,174.92,2659.25,2703.45605657,2393.70679437,4.237232,TP,2100,3.3981,2941.47,99.95,423.53,3110.44
1903,S2,LINKUSDT,-1,2025-05-29 14:00:00+00:00,2025-05-30 16:30:00+00:00,26.5,15.514,15.76180296,13.82516558,4.238288,TP,319,3.3981,2941.47,99.95,423.63,3257.35
1904,S1_LINKUSDT,LINKUSDT,1,2025-05-30 16:00:00+00:00,2025-05-30 16:25:00+00:00,0.42,14.236,14.134,15.562,-1.041871,SL,6,2.8,3006.03,84.17,-87.69,2833.72
1905,S1_SOLUSDT,SOLUSDT,1,2025-05-30 16:00:00+00:00,2025-05-30 16:20:00+00:00,0.33,161.14,159.85,177.91,-1.037474,SL,5,2.7132,3006.03,81.56,-84.62,2921.41
1906,S4,BTCUSDT,1,2025-05-30 19:00:00+00:00,2025-05-31 01:55:00+00:00,6.92,104858.8,103383.22263962,133632.55852746,-1.021319,SL,84,1.9886,3257.35,64.78,-66.16,3049.11
1907,S1_XRPUSDT,XRPUSDT,1,2025-05-31 00:00:00+00:00,2025-05-31 00:00:00+00:00,0.0,2.1383,2.1275,2.2787,-1.059397,SL,1,4.1176,3257.35,134.12,-142.09,3115.26
1908,S4,XRPUSDT,1,2025-05-31 05:00:00+00:00,2025-06-05 20:40:00+00:00,135.67,2.1318,2.07015376,3.33390161,-1.010374,SL,1629,1.9886,3049.11,60.63,-61.26,2686.91
1909,S1_SOLUSDT,SOLUSDT,1,2025-06-01 04:00:00+00:00,2025-06-01 09:05:00+00:00,5.08,154.63,152.55,181.67,-1.022302,SL,62,2.7132,3049.11,82.73,-84.57,2964.53
1910,S1_BTCUSDT,BTCUSDT,1,2025-06-05 20:00:00+00:00,2025-06-05 20:10:00+00:00,0.17,101873.0,101500.0,106722.0,-1.081935,SL,3,1.5086,2964.53,44.72,-48.39,2916.15
1911,S1_LINKUSDT,LINKUSDT,1,2025-06-05 20:00:00+00:00,2025-06-05 20:10:00+00:00,0.17,13.187,13.071,14.695,-1.034104,SL,3,2.8,2964.53,83.01,-85.84,2830.31
1912,S1_SOLUSDT,SOLUSDT,1,2025-06-05 20:00:00+00:00,2025-06-05 20:20:00+00:00,0.33,146.12,144.05,173.03,-1.021177,SL,5,2.7132,2964.53,80.43,-82.14,2748.17
1913,S3,BTCUSDT,-1,2025-06-05 21:00:00+00:00,2025-06-06 02:55:00+00:00,5.92,100428.9,101951.79940751,92814.40296247,-1.019784,SL,72,1.0606,3110.44,32.99,-33.64,3003.56
1914,S3,ETHUSDT,-1,2025-06-05 21:00:00+00:00,2025-06-06 09:20:00+00:00,12.33,2397.53,2472.21826934,2024.0886533,-1.00963,SL,149,1.0606,3110.44,32.99,-33.31,2903.68
1915,S3,SOLUSDT,-1,2025-06-05 21:00:00+00:00,2025-06-06 02:55:00+00:00,5.92,141.74,146.24464823,119.21675886,-1.00944,SL,72,1.0606,3110.44,32.99,-33.3,2970.26
1916,S3,LINKUSDT,-1,2025-06-05 21:00:00+00:00,2025-06-06 03:20:00+00:00,6.33,12.663,13.11549683,10.40051587,-1.008395,SL,77,1.0606,3110.44,32.99,-33.27,2936.99
1917,S3,XRPUSDT,-1,2025-06-05 21:00:00+00:00,2025-06-06 02:00:00+00:00,5.0,2.0589,2.10703462,1.81822689,-1.012832,SL,61,1.0606,3110.44,32.99,-33.41,3037.2
1918,S1_ETHUSDT,ETHUSDT,1,2025-06-06 00:00:00+00:00,2025-06-06 00:20:00+00:00,0.33,2412.9,2390.0,2710.6,-1.03161,SL,5,1.2411,3110.44,38.6,-39.82,3070.61
1919,S1_XRPUSDT,XRPUSDT,-1,2025-06-08 16:00:00+00:00,2025-06-08 20:00:00+00:00,4.0,2.2766,2.2929,2.0647,-1.041901,SL,49,4.1176,2903.68,119.56,-124.57,2779.11
1920,S1_BTCUSDT,BTCUSDT,-1,2025-06-09 12:00:00+00:00,2025-06-09 12:00:00+00:00,0.0,107707.8,107774.8,106836.8,0.317726,BE,1,1.5086,2779.11,41.93,13.32,2792.43
1921,S1_XRPUSDT,XRPUSDT,-1,2025-06-09 20:00:00+00:00,2025-06-09 21:05:00+00:00,1.08,2.2947,2.3131,2.0555,-1.037414,SL,14,4.1176,2792.43,114.98,-119.28,2673.15
1922,S1_SOLUSDT,SOLUSDT,-1,2025-06-10 00:00:00+00:00,2025-06-10 00:10:00+00:00,0.17,161.09,161.7,153.16,0.720775,BE,3,2.7132,2673.15,72.53,52.28,2725.43
1923,S1_LINKUSDT,LINKUSDT,-1,2025-06-10 04:00:00+00:00,2025-06-10 11:15:00+00:00,7.25,14.469,14.621,12.493,-1.028557,SL,88,2.8,2725.43,76.31,-78.49,2646.94
1924,S1_SOLUSDT,SOLUSDT,-1,2025-06-10 20:00:00+00:00,2025-06-10 20:55:00+00:00,0.92,163.53,165.46,138.44,-1.025419,SL,12,2.7132,2646.94,71.82,-73.64,2573.29
1925,S1_XRPUSDT,XRPUSDT,-1,2025-06-11 16:00:00+00:00,2025-06-11 17:00:00+00:00,1.0,2.3247,2.3375,2.1583,0.745515,BE,13,4.1176,2573.29,105.96,78.99,2652.29
1926,S2,DOGEUSDT,-1,2025-06-11 19:00:00+00:00,2025-06-13 01:10:00+00:00,30.17,0.19587,0.19892898,0.17042794,4.240184,TP,363,3.3981,2652.29,90.13,382.16,3034.44
1927,S3,LINKUSDT,-1,2025-06-13 01:00:00+00:00,2025-06-16 07:00:00+00:00,78.0,13.21,13.71050379,10.70748105,-1.007918,SL,937,1.0606,2652.29,28.13,-28.35,3104.19
1928,S1_XRPUSDT,XRPUSDT,1,2025-06-13 04:00:00+00:00,2025-06-14 04:35:00+00:00,24.58,2.1239,2.081,2.6816,0.785148,BE,296,4.1176,3034.44,124.95,98.1,3132.54
1929,S1_BTCUSDT,BTCUSDT,-1,2025-06-16 20:00:00+00:00,2025-06-16 21:35:00+00:00,1.58,108594.2,108882.0,104852.8,0.686802,BE,20,1.5086,3104.19,46.83,32.16,3136.35
1930,S2,BTCUSDT,-1,2025-06-17 00:00:00+00:00,2025-06-21 21:30:00+00:00,117.5,106750.1,108030.2369239,101370.34097907,4.2247,TP,1411,3.3981,3136.35,106.58,450.25,4289.58
1931,S2,SOLUSDT,-1,2025-06-17 00:00:00+00:00,2025-06-21 21:30:00+00:00,117.5,150.67,154.35368011,133.46146045,4.238837,TP,1411,3.3981,3136.35,106.58,451.76,4741.34
1932,S2,LINKUSDT,-1,2025-06-17 00:00:00+00:00,2025-06-21 21:20:00+00:00,117.33,13.559,13.92004153,12.13998019,4.237817,TP,1409,3.3981,3136.35,106.58,451.65,3310.88
1933,S2,DOGEUSDT,-1,2025-06-17 00:00:00+00:00,2025-06-21 21:20:00+00:00,117.33,0.1726,0.1768143,0.15478978,4.237644,TP,1409,3.3981,3136.35,106.58,451.63,3762.52
1934,S3,BTCUSDT,-1,2025-06-17 17:00:00+00:00,2025-06-17 19:15:00+00:00,2.25,103574.2,104862.65448242,97131.92758788,-1.024116,SL,28,1.0606,3136.35,33.26,-34.07,3068.64
1935,S3,ETHUSDT,-1,2025-06-17 17:00:00+00:00,2025-06-17 19:15:00+00:00,2.25,2460.26,2521.29461162,2155.08694192,-1.012093,SL,28,1.0606,3136.35,33.26,-33.67,3034.98
1936,S3,LINKUSDT,-1,2025-06-17 17:00:00+00:00,2025-06-17 19:15:00+00:00,2.25,12.82,13.16815181,11.07924094,-1.011047,SL,28,1.0606,3136.35,33.26,-33.63,3001.35
1937,S3,DOGEUSDT,-1,2025-06-17 17:00:00+00:00,2025-06-17 18:55:00+00:00,1.92,0.16404,0.16835938,0.14244309,-1.011393,SL,24,1.0606,3136.35,33.26,-33.64,3102.71
1938,S3,XRPUSDT,-1,2025-06-17 17:00:00+00:00,2025-06-17 19:35:00+00:00,2.58,2.1476,2.19691805,1.90100974,-1.013064,SL,32,1.0606,3136.35,33.26,-33.7,2967.65
1939,S1_LINKUSDT,LINKUSDT,1,2025-06-21 20:00:00+00:00,2025-06-21 20:00:00+00:00,0.0,12.189,12.177,12.345,-1.304725,SL,1,2.8,2967.65,83.09,-108.41,2859.23
1940,S2,LINKUSDT,-1,2025-06-21 20:00:00+00:00,2025-06-22 20:05:00+00:00,24.08,12.189,12.35591558,11.06045039,4.236229,TP,290,3.3981,2967.65,100.84,427.2,4737.92
1941,S3,XRPUSDT,-1,2025-06-21 20:00:00+00:00,2025-06-22 14:25:00+00:00,18.42,2.0697,2.09786666,1.92886669,4.977956,TP,222,1.0606,2967.65,31.47,156.68,4512.11
1942,S1_ETHUSDT,ETHUSDT,1,2025-06-22 00:00:00+00:00,2025-06-22 13:25:00+00:00,13.42,2294.64,2213.07,3355.05,-1.008439,SL,162,1.2411,4741.34,58.84,-59.34,4355.43
1943,S1_SOLUSDT,SOLUSDT,1,2025-06-22 00:00:00+00:00,2025-06-22 13:20:00+00:00,13.33,135.32,130.46,198.5,-1.008353,SL,161,2.7132,4741.34,128.64,-129.72,4611.62
1944,S3,ETHUSDT,-1,2025-06-22 02:00:00+00:00,2025-06-23 20:15:00+00:00,42.25,2265.27,2341.8824596,1882.20770202,-1.00887,SL,508,1.0606,4741.34,50.29,-50.73,4626.87
1945,S1_XRPUSDT,XRPUSDT,1,2025-06-22 04:00:00+00:00,2025-06-22 13:20:00+00:00,9.33,2.0585,1.9841,3.0257,-1.0083,SL,113,4.1176,4741.34,195.23,-196.85,4414.77
1946,S1_BTCUSDT,BTCUSDT,1,2025-06-22 16:00:00+00:00,2025-06-22 16:00:00+00:00,0.0,98849.7,98786.9,99666.1,-1.472212,SL,1,1.5086,4512.11,68.07,-100.21,4411.9
1947,S2,BTCUSDT,-1,2025-06-22 16:00:00+00:00,2025-06-22 17:05:00+00:00,1.08,98849.7,99896.33440597,91917.41699504,-0.659845,SL,14,3.3981,4512.11,153.33,-101.17,4310.73
1948,S1_ETHUSDT,ETHUSDT,1,2025-06-23 16:00:00+00:00,2025-06-23 16:15:00+00:00,0.25,2247.16,2221.0,2587.24,-1.02577,SL,4,1.2411,4737.92,58.8,-60.32,4677.6
1949,S1_LINKUSDT,LINKUSDT,-1,2025-06-24 16:00:00+00:00,2025-06-24 16:15:00+00:00,0.25,13.347,13.44,12.138,-1.043055,SL,4,2.8,4626.87,129.55,-135.13,4491.74
1950,S1_XRPUSDT,XRPUSDT,-1,2025-06-24 20:00:00+00:00,2025-06-24 20:00:00+00:00,0.0,2.2062,2.21,2.1568,-1.174174,SL,1,4.1176,4491.74,184.95,-217.17,4274.58
1951,S1_BTCUSDT,BTCUSDT,-1,2025-06-25 08:00:00+00:00,2025-06-25 08:30:00+00:00,0.5,106547.5,106750.9,103903.3,0.64285,BE,7,1.5086,4274.58,64.49,41.45,4316.03
1952,S1_BTCUSDT,BTCUSDT,-1,2025-06-27 04:00:00+00:00,2025-06-27 08:45:00+00:00,4.75,107428.1,107971.3,100366.5,0.740669,BE,58,1.5086,4316.03,65.11,48.23,4364.26
1953,S1_SOLUSDT,SOLUSDT,-1,2025-06-28 20:00:00+00:00,2025-06-29 22:15:00+00:00,26.25,150.62,152.68,123.84,-1.021935,SL,316,2.7132,4364.26,118.41,-121.01,3994.33
1954,S1_BTCUSDT,BTCUSDT,-1,2025-06-29 12:00:00+00:00,2025-06-29 12:00:00+00:00,0.0,108448.3,108460.0,108296.2,-3.780726,SL,1,1.5086,4364.26,65.84,-248.92,4115.34
1955,S1_BTCUSDT,BTCUSDT,-1,2025-06-30 00:00:00+00:00,2025-06-30 00:20:00+00:00,0.33,108309.8,108499.0,105850.2,-1.171739,SL,5,1.5086,3994.33,60.26,-70.61,3923.72
1956,S1_LINKUSDT,LINKUSDT,-1,2025-06-30 00:00:00+00:00,2025-06-30 19:35:00+00:00,19.58,13.702,13.87,11.518,0.775532,BE,236,2.8,3994.33,111.84,86.74,4093.37
1957,S2,LINKUSDT,-1,2025-06-30 02:00:00+00:00,2025-07-02 16:45:00+00:00,62.75,13.58,13.69288707,12.62306608,-0.519455,SL,754,3.3981,3923.72,133.33,-69.26,3750.82
1958,S1_SOLUSDT,SOLUSDT,-1,2025-06-30 16:00:00+00:00,2025-06-30 18:30:00+00:00,2.5,157.77,160.0,128.78,0.778775,BE,31,2.7132,3923.72,106.46,82.91,4006.63
1959,S1_XRPUSDT,XRPUSDT,-1,2025-06-30 20:00:00+00:00,2025-06-30 20:00:00+00:00,0.0,2.3193,2.3269,2.2205,0.708449,BE,1,4.1176,4093.37,168.55,119.41,4212.77
1960,S2,XRPUSDT,-1,2025-06-30 23:00:00+00:00,2025-07-02 16:40:00+00:00,41.67,2.2594,2.28501188,2.06039319,-0.561444,SL,501,3.3981,4212.77,143.15,-80.37,3904.46
1961,S2,XRPUSDT,-1,2025-07-01 00:00:00+00:00,2025-07-02 16:40:00+00:00,40.67,2.2358,2.26293854,2.03528296,-0.589423,SL,489,3.3981,4212.77,143.15,-84.38,3820.08
1962,S4,BTCUSDT,1,2025-07-01 08:00:00+00:00,2025-07-01 10:35:00+00:00,2.58,107134.8,106365.97381762,122126.91055639,-1.041805,SL,32,1.9886,4212.77,83.78,-87.28,4125.5
1963,S3,BTCUSDT,-1,2025-07-01 20:00:00+00:00,2025-07-02 04:50:00+00:00,8.83,105340.1,106295.31979275,100564.00103624,-1.033084,SL,107,1.0606,4125.5,43.76,-45.2,4080.29
1964,S4,BTCUSDT,1,2025-07-02 07:00:00+00:00,2025-07-04 14:05:00+00:00,55.08,106964.4,106074.71403609,124313.27629625,0.963932,BE,662,1.9886,4080.29,81.14,78.21,3593.04
1965,S1_BTCUSDT,BTCUSDT,-1,2025-07-02 16:00:00+00:00,2025-07-02 16:00:00+00:00,0.0,108695.4,108754.6,107925.8,-1.550821,SL,1,1.5086,4080.29,61.56,-95.46,3984.83
1966,S1_ETHUSDT,ETHUSDT,-1,2025-07-02 20:00:00+00:00,2025-07-02 20:00:00+00:00,0.0,2603.64,2607.36,2555.28,0.590029,BE,1,1.2411,3750.82,46.55,27.47,3778.29
1967,S1_BTCUSDT,BTCUSDT,-1,2025-07-03 08:00:00+00:00,2025-07-03 09:15:00+00:00,1.25,109234.9,109690.4,103313.4,-1.071944,SL,16,1.5086,3778.29,57.0,-61.1,3596.71
1968,S1_LINKUSDT,LINKUSDT,-1,2025-07-03 08:00:00+00:00,2025-07-03 08:00:00+00:00,0.0,13.877,13.907,13.487,-1.13877,SL,1,2.8,3778.29,105.79,-120.47,3657.81
1969,S1_XRPUSDT,XRPUSDT,-1,2025-07-03 12:00:00+00:00,2025-07-03 12:30:00+00:00,0.5,2.2956,2.3112,2.0928,-1.044146,SL,7,4.1176,3596.71,148.1,-154.64,3442.08
1970,S1_BTCUSDT,BTCUSDT,-1,2025-07-03 20:00:00+00:00,2025-07-04 05:30:00+00:00,9.5,109743.8,110484.0,100121.2,0.755521,BE,115,1.5086,3442.08,51.93,39.23,3481.31
1971,S1_ETHUSDT,ETHUSDT,-1,2025-07-03 20:00:00+00:00,2025-07-04 08:25:00+00:00,12.42,2584.63,2635.0,1929.82,0.784606,BE,150,1.2411,3442.08,42.72,33.52,3514.83
1972,S2,BTCUSDT,-1,2025-07-07 13:00:00+00:00,2025-07-08 10:35:00+00:00,21.58,108300.3,108650.38260293,105439.61916754,-0.568373,SL,260,3.3981,3593.04,122.1,-69.4,3366.91
1973,S1_XRPUSDT,XRPUSDT,-1,2025-07-07 16:00:00+00:00,2025-07-07 16:05:00+00:00,0.08,2.3381,2.3499,2.1847,-1.059443,SL,2,4.1176,3593.04,147.95,-156.74,3436.3
1974,S1_LINKUSDT,LINKUSDT,-1,2025-07-08 20:00:00+00:00,2025-07-08 20:00:00+00:00,0.0,13.91,13.935,13.585,-1.16692,SL,1,2.8,3366.91,94.27,-110.01,3256.9
1975,S1_ETHUSDT,ETHUSDT,-1,2025-07-09 08:00:00+00:00,2025-07-09 12:10:00+00:00,4.17,2623.75,2649.0,2295.5,-1.031173,SL,51,1.2411,3256.9,40.42,-41.68,3282.39
1976,S1_LINKUSDT,LINKUSDT,-1,2025-07-09 08:00:00+00:00,2025-07-09 09:10:00+00:00,1.17,14.144,14.211,13.273,0.736669,BE,15,2.8,3256.9,91.19,67.18,3324.07
1977,S1_BTCUSDT,BTCUSDT,-1,2025-07-09 20:00:00+00:00,2025-07-09 20:05:00+00:00,0.08,111718.8,112036.8,107584.8,0.694605,BE,2,1.5086,3282.39,49.52,34.4,3316.79
1978,S1_LINKUSDT,LINKUSDT,-1,2025-07-13 04:00:00+00:00,2025-07-13 06:30:00+00:00,2.5,15.131,15.301,12.921,-1.026702,SL,31,2.8,4294.8,120.25,-123.47,4171.34
1979,S1_SOLUSDT,SOLUSDT,-1,2025-07-14 04:00:00+00:00,2025-07-14 05:25:00+00:00,1.42,167.07,168.27,151.47,-1.041767,SL,18,2.7132,4171.34,113.18,-117.9,4053.43
1980,S3,BTCUSDT,-1,2025-07-15 02:00:00+00:00,2025-07-16 21:00:00+00:00,43.0,118491.4,120017.6140812,110860.32959398,-1.023291,SL,517,1.0606,4053.43,42.99,-43.99,3881.97
1981,S3,BTCUSDT,-1,2025-07-15 15:00:00+00:00,2025-07-15 23:00:00+00:00,8.0,115979.6,117943.71923738,106159.00381309,-1.017715,SL,97,1.0606,4053.43,42.99,-43.75,3957.71
1982,S1_ETHUSDT,ETHUSDT,-1,2025-07-15 16:00:00+00:00,2025-07-15 17:25:00+00:00,1.42,3038.99,3066.6,2680.06,-1.033021,SL,18,1.2411,4053.43,50.31,-51.97,4001.46
1983,S1_LINKUSDT,LINKUSDT,-1,2025-07-16 00:00:00+00:00,2025-07-16 00:05:00+00:00,0.08,16.105,16.195,14.935,0.746317,BE,2,2.8,3957.71,110.82,82.7,4040.42
1984,S1_XRPUSDT,XRPUSDT,-1,2025-07-16 00:00:00+00:00,2025-07-16 02:50:00+00:00,2.83,2.9203,2.947,2.5732,0.767188,BE,35,4.1176,3957.71,162.96,125.02,4165.44
1985,S1_LINKUSDT,LINKUSDT,-1,2025-07-16 08:00:00+00:00,2025-07-16 08:00:00+00:00,0.0,16.315,16.394,15.288,-1.061956,SL,1,2.8,4165.44,116.63,-123.86,4041.58
1986,S1_SOLUSDT,SOLUSDT,-1,2025-07-16 12:00:00+00:00,2025-07-16 14:30:00+00:00,2.5,166.67,167.59,154.71,-1.054349,SL,31,2.7132,4041.58,109.66,-115.62,3925.96
1987,S1_SOLUSDT,SOLUSDT,-1,2025-07-17 08:00:00+00:00,2025-07-17 09:25:00+00:00,1.42,173.99,176.0,147.86,-1.025969,SL,18,2.7132,3881.97,105.33,-108.06,3773.91
1988,S1_BTCUSDT,BTCUSDT,-1,2025-07-18 04:00:00+00:00,2025-07-18 07:50:00+00:00,3.83,120212.8,120951.5,110609.7,0.751179,BE,47,1.5086,3773.91,56.93,42.77,3816.68
1989,S3,DOGEUSDT,-1,2025-07-18 08:00:00+00:00,2025-07-18 13:30:00+00:00,5.5,0.23927,0.25129215,0.17915924,-1.005971,SL,67,1.0606,3816.68,40.48,-40.72,3775.96
1990,S4,BTCUSDT,1,2025-07-21 01:00:00+00:00,2025-07-22 01:15:00+00:00,24.25,117323.6,116287.86089183,137520.5126093,-1.033983,SL,292,1.9886,3775.96,75.09,-77.64,3698.32
1991,S2,SOLUSDT,-1,2025-07-22 05:00:00+00:00,2025-07-22 06:25:00+00:00,1.42,194.36,200.75540152,164.02058079,-0.904047,SL,18,3.3981,3698.32,125.67,-113.61,3584.7
1992,S1_XRPUSDT,XRPUSDT,-1,2025-07-22 12:00:00+00:00,2025-07-22 14:00:00+00:00,2.0,3.5198,3.5758,2.7918,0.781144,BE,25,4.1176,3584.7,147.6,115.3,3700.0
1993,S1_LINKUSDT,LINKUSDT,-1,2025-07-22 16:00:00+00:00,2025-07-27 04:35:00+00:00,108.58,19.348,19.998,10.898,0.79107,BE,1304,2.8,3700.0,103.6,81.95,3925.82
1994,S1_ETHUSDT,ETHUSDT,-1,2025-07-23 00:00:00+00:00,2025-07-23 00:00:00+00:00,0.0,3746.02,3751.61,3673.35,0.598961,BE,1,1.2411,3700.0,45.92,27.5,3727.51
1995,S1_XRPUSDT,XRPUSDT,-1,2025-07-23 00:00:00+00:00,2025-07-23 00:30:00+00:00,0.5,3.5533,3.5827,3.1711,0.763742,BE,7,4.1176,3700.0,152.35,116.36,3843.86
1996,S3,XRPUSDT,-1,2025-07-23 17:00:00+00:00,2025-08-08 02:45:00+00:00,369.75,3.2305,3.33825975,2.69170123,-1.008994,SL,4438,1.0606,3843.86,40.77,-41.13,3989.15
1997,S1_ETHUSDT,ETHUSDT,-1,2025-07-27 12:00:00+00:00,2025-07-27 16:30:00+00:00,4.5,3814.17,3840.0,3478.38,-1.044299,SL,55,1.2411,3925.82,48.72,-50.88,3874.94
1998,S2,BTCUSDT,-1,2025-07-28 15:00:00+00:00,2025-07-29 03:55:00+00:00,12.92,117968.3,118735.19730723,114047.11925677,-0.869565,SL,156,3.3981,3874.94,131.67,-114.5,3639.74
1999,S2,LINKUSDT,-1,2025-07-28 15:00:00+00:00,2025-08-01 00:50:00+00:00,81.83,18.471,18.86151552,16.45845371,4.238298,TP,983,3.3981,3874.94,131.67,558.07,3990.19
2000,S2,DOGEUSDT,-1,2025-07-28 15:00:00+00:00,2025-08-01 08:05:00+00:00,89.08,0.2321,0.23846041,0.20147696,4.240336,TP,1070,3.3981,3874.94,131.67,558.34,4548.54
2001,S3,BTCUSDT,-1,2025-07-28 18:00:00+00:00,2025-07-29 03:45:00+00:00,9.75,117649.9,118580.9675607,112994.5621965,-1.037908,SL,118,1.0606,3874.94,41.1,-42.66,3754.23
2002,S4,XRPUSDT,1,2025-07-28 20:00:00+00:00,2025-07-29 00:40:00+00:00,4.67,3.1591,3.08541222,4.59601167,-1.012861,SL,57,1.9886,3874.94,77.06,-78.05,3796.89
2003,S1_ETHUSDT,ETHUSDT,-1,2025-07-29 08:00:00+00:00,2025-07-29 08:00:00+00:00,0.0,3876.56,3879.57,3837.43,-1.386368,SL,1,1.2411,3639.74,45.17,-62.63,3577.11
2004,S4,BTCUSDT,1,2025-07-29 17:00:00+00:00,2025-07-30 18:55:00+00:00,25.92,117711.3,116599.84338523,139384.70398811,-1.031772,SL,312,1.9886,3577.11,71.13,-73.39,3503.71
2005,S4,BTCUSDT,1,2025-07-30 22:00:00+00:00,2025-07-31 22:55:00+00:00,24.92,117280.0,116004.22978404,142157.51921128,-1.027579,SL,300,1.9886,3503.71,69.67,-71.6,3432.12
2006,S1_SOLUSDT,SOLUSDT,1,2025-08-01 08:00:00+00:00,2025-08-01 08:05:00+00:00,0.08,169.33,167.24,196.5,-1.024306,SL,2,2.7132,3990.19,108.26,-110.89,4437.64
2007,S3,BTCUSDT,-1,2025-08-01 14:00:00+00:00,2025-08-07 10:30:00+00:00,140.5,114304.7,115846.28554759,106596.77226207,-1.022244,SL,1687,1.0606,4437.64,47.07,-48.11,4318.57
2008,S1_ETHUSDT,ETHUSDT,1,2025-08-01 20:00:00+00:00,2025-08-01 20:00:00+00:00,0.0,3517.57,3514.0,3563.98,-1.295594,SL,1,1.2411,4437.64,55.08,-71.36,4366.29
2009,S2,BTCUSDT,-1,2025-08-01 20:00:00+00:00,2025-08-01 21:00:00+00:00,1.0,113278.4,114014.13562103,106108.0481416,-0.456227,SL,13,3.3981,4437.64,150.8,-68.8,4297.49
2010,S1_ETHUSDT,ETHUSDT,1,2025-08-02 12:00:00+00:00,2025-08-02 17:45:00+00:00,5.75,3506.93,3428.86,4521.84,-1.013476,SL,70,1.2411,4297.49,53.34,-54.05,4366.68
2011,S1_XRPUSDT,XRPUSDT,1,2025-08-02 16:00:00+00:00,2025-08-02 16:00:00+00:00,0.0,2.829,2.8208,2.9356,0.6965,BE,1,4.1176,4297.49,176.95,123.25,4420.74
2012,S1_ETHUSDT,ETHUSDT,-1,2025-08-07 12:00:00+00:00,2025-08-07 12:15:00+00:00,0.25,3825.67,3841.45,3620.53,-1.072731,SL,4,1.2411,4318.57,53.6,-57.5,4261.07
2013,S3,LINKUSDT,-1,2025-08-07 15:00:00+00:00,2025-08-07 16:25:00+00:00,1.42,17.595,18.00471464,15.54642681,-1.012883,SL,18,1.0606,4261.07,45.19,-45.78,4215.3
2014,S1_XRPUSDT,XRPUSDT,-1,2025-08-08 00:00:00+00:00,2025-08-08 00:00:00+00:00,0.0,3.3181,3.3332,3.1218,-1.065923,SL,1,4.1176,4215.3,173.57,-185.01,4030.29
2015,S1_SOLUSDT,SOLUSDT,-1,2025-08-08 08:00:00+00:00,2025-08-08 10:30:00+00:00,2.5,177.04,177.77,167.55,0.727244,BE,31,2.7132,3989.15,108.23,78.71,4067.87
2016,S1_SOLUSDT,SOLUSDT,-1,2025-08-08 20:00:00+00:00,2025-08-08 20:15:00+00:00,0.25,178.41,179.61,162.81,0.755397,BE,4,2.7132,4067.87,110.37,83.37,4151.24
2017,S1_XRPUSDT,XRPUSDT,-1,2025-08-08 20:00:00+00:00,2025-08-08 22:00:00+00:00,2.0,3.3373,3.3813,2.7653,0.777246,BE,25,4.1176,4067.87,167.5,130.19,4281.43
2018,S1_SOLUSDT,SOLUSDT,-1,2025-08-09 08:00:00+00:00,2025-08-09 09:35:00+00:00,1.58,180.54,182.1,160.26,-1.034719,SL,20,2.7132,4281.43,116.16,-120.2,4161.23
2019,S1_SOLUSDT,SOLUSDT,-1,2025-08-10 04:00:00+00:00,2025-08-10 04:20:00+00:00,0.33,184.91,185.95,171.39,-1.053339,SL,5,2.7132,4161.23,112.9,-118.92,4042.3
2020,S2,BTCUSDT,-1,2025-08-11 13:00:00+00:00,2025-08-11 16:05:00+00:00,3.08,119632.8,120757.23525049,113839.46913902,-0.851217,SL,38,3.3981,4042.3,137.36,-116.92,3925.38
2021,S4,SOLUSDT,1,2025-08-11 16:00:00+00:00,2025-08-11 19:50:00+00:00,3.83,180.1,175.90172758,261.96631225,-1.01287,SL,47,1.9886,4042.3,80.39,-81.42,3843.96
2022,S1_LINKUSDT,LINKUSDT,-1,2025-08-12 16:00:00+00:00,2025-08-12 16:00:00+00:00,0.0,24.007,24.097,22.837,-1.080023,SL,1,2.8,3843.96,107.63,-116.24,3727.72
2023,S3,LINKUSDT,-1,2025-08-12 17:00:00+00:00,2025-08-13 04:00:00+00:00,11.0,23.635,24.61425878,18.73870611,-1.007241,SL,133,1.0606,3727.72,39.54,-39.82,3756.76
2024,S1_SOLUSDT,SOLUSDT,-1,2025-08-12 20:00:00+00:00,2025-08-12 20:00:00+00:00,0.0,190.62,191.1,184.38,0.680862,BE,1,2.7132,3727.72,101.14,68.86,3796.58
2025,S1_BTCUSDT,BTCUSDT,-1,2025-08-13 12:00:00+00:00,2025-08-13 12:10:00+00:00,0.17,120538.4,120710.4,118302.4,0.589759,BE,3,1.5086,3756.76,56.67,33.42,3790.18
2026,S2,BTCUSDT,-1,2025-08-14 06:00:00+00:00,2025-08-18 02:15:00+00:00,92.25,122166.0,123301.76631696,115736.2420387,4.225775,TP,1108,3.3981,3790.18,128.79,544.26,4261.37
2027,S1_ETHUSDT,ETHUSDT,-1,2025-08-15 04:00:00+00:00,2025-08-15 14:00:00+00:00,10.0,4632.63,4736.99,3275.95,0.786683,BE,121,1.2411,3790.18,47.04,37.01,3827.19
2028,S1_LINKUSDT,LINKUSDT,-1,2025-08-17 08:00:00+00:00,2025-08-17 08:50:00+00:00,0.83,24.286,24.554,20.802,-1.027186,SL,11,2.8,3827.19,107.16,-110.07,3717.11
2029,S2,DOGEUSDT,-1,2025-08-18 02:00:00+00:00,2025-08-22 16:00:00+00:00,110.0,0.22856,0.23399318,0.2006133,-0.836679,SL,1321,3.3981,3717.11,126.31,-105.68,2958.21
2030,S2,ETHUSDT,-1,2025-08-18 03:00:00+00:00,2025-08-22 14:00:00+00:00,107.0,4318.72,4407.70734837,3908.03692565,-0.934303,SL,1285,3.3981,4261.37,144.81,-135.29,3409.27
2031,S2,DOGEUSDT,-1,2025-08-18 03:00:00+00:00,2025-08-22 14:15:00+00:00,107.25,0.22441,0.22944831,0.19560592,-0.753328,SL,1288,3.3981,4261.37,144.81,-109.09,3213.77
2032,S3,BTCUSDT,-1,2025-08-18 03:00:00+00:00,2025-08-18 17:15:00+00:00,14.25,115394.8,116329.46340937,110721.48295314,-1.037038,SL,172,1.0606,4261.37,45.2,-46.87,4167.77
2033,S3,BTCUSDT,-1,2025-08-18 14:00:00+00:00,2025-08-18 15:40:00+00:00,1.67,114790.8,115804.21820395,109723.70898026,-1.033981,SL,21,1.0606,4261.37,45.2,-46.73,4214.64
2034,S3,ETHUSDT,-1,2025-08-18 14:00:00+00:00,2025-08-22 14:00:00+00:00,96.0,4285.2,4397.6837438,3722.78128101,-1.011429,SL,1153,1.0606,4261.37,45.2,-45.71,3363.55
2035,S1_LINKUSDT,LINKUSDT,-1,2025-08-18 16:00:00+00:00,2025-08-18 22:20:00+00:00,6.33,25.36,26.201,14.427,-1.009046,SL,77,2.8,4214.64,118.01,-119.08,4048.69
2036,S4,XRPUSDT,1,2025-08-18 20:00:00+00:00,2025-08-19 03:20:00+00:00,7.33,3.0808,3.01859504,4.2937968,-1.014858,SL,89,1.9886,4167.77,82.88,-84.11,3964.58
2037,S2,SOLUSDT,-1,2025-08-19 04:00:00+00:00,2025-08-19 11:45:00+00:00,7.75,178.46,182.48375144,158.98075171,-0.889587,SL,94,3.3981,3964.58,134.72,-119.85,3844.73
2038,S2,LINKUSDT,-1,2025-08-19 04:00:00+00:00,2025-08-20 08:45:00+00:00,28.75,24.189,24.94383358,18.7017639,-0.590258,SL,346,3.3981,3964.58,134.72,-79.52,3696.65
2039,S2,DOGEUSDT,-1,2025-08-19 04:00:00+00:00,2025-08-19 13:30:00+00:00,9.5,0.21624,0.22140775,0.1886006,-0.8046,SL,115,3.3981,3964.58,134.72,-108.4,3736.34
2040,S2,XRPUSDT,-1,2025-08-19 04:00:00+00:00,2025-08-22 15:40:00+00:00,83.67,2.9892,3.03984713,2.72019618,-0.814344,SL,1005,3.3981,3964.58,134.72,-109.71,3063.89
2041,S3,BTCUSDT,-1,2025-08-19 15:00:00+00:00,2025-08-22 14:05:00+00:00,71.08,113827.4,115094.82459276,107490.27703619,-1.026943,SL,854,1.0606,3736.34,39.63,-40.7,3322.86
2042,S3,XRPUSDT,-1,2025-08-19 15:00:00+00:00,2025-08-22 14:15:00+00:00,71.25,2.9414,3.00510592,2.62287038,-1.013851,SL,856,1.0606,3736.34,39.63,-40.18,3173.6
2043,S3,BTCUSDT,-1,2025-08-19 17:00:00+00:00,2025-08-21 01:55:00+00:00,32.92,113339.0,114596.77120498,107050.14397508,-1.027033,SL,396,1.0606,3736.34,39.63,-40.7,3510.72
2044,S3,XRPUSDT,-1,2025-08-19 17:00:00+00:00,2025-08-20 19:50:00+00:00,26.83,2.9093,2.97358623,2.58786885,-1.013577,SL,323,1.0606,3736.34,39.63,-40.17,3656.49
2045,S1_BTCUSDT,BTCUSDT,1,2025-08-19 20:00:00+00:00,2025-08-19 20:35:00+00:00,0.58,113078.2,112714.4,117807.6,0.706752,BE,8,1.5086,3736.34,56.37,39.84,3776.17
2046,S1_LINKUSDT,LINKUSDT,-1,2025-08-20 16:00:00+00:00,2025-08-20 21:05:00+00:00,5.08,25.942,26.459,19.221,-1.015053,SL,62,2.8,3696.65,103.51,-105.06,3551.42
2047,S1_BTCUSDT,BTCUSDT,1,2025-08-21 20:00:00+00:00,2025-08-21 20:15:00+00:00,0.25,112152.8,111944.0,114867.2,0.638861,BE,4,1.5086,3510.72,52.96,33.84,3544.56
2048,S1_LINKUSDT,LINKUSDT,-1,2025-08-22 20:00:00+00:00,2025-09-02 06:00:00+00:00,250.0,27.174,27.863,18.217,5.488168,BE,3001,2.8,2958.21,82.83,454.58,2497.29
2049,S1_SOLUSDT,SOLUSDT,-1,2025-08-22 20:00:00+00:00,2025-08-22 21:00:00+00:00,1.0,198.97,199.74,188.96,-1.077521,SL,13,2.7132,2958.21,80.26,-86.48,2871.72
2050,S2,DOGEUSDT,-1,2025-08-25 07:00:00+00:00,2025-09-07 22:45:00+00:00,327.75,0.22271,0.22753223,0.18801722,-0.598926,SL,3934,3.3981,2871.72,97.58,-58.45,2243.55
2051,S2,XRPUSDT,-1,2025-08-25 07:00:00+00:00,2025-08-26 19:35:00+00:00,36.58,2.9546,2.99858146,2.66665038,-0.662228,SL,440,3.3981,2871.72,97.58,-64.62,2568.56
2052,S2,ETHUSDT,-1,2025-08-25 08:00:00+00:00,2025-08-25 13:25:00+00:00,5.42,4589.6,4660.20385578,4072.58150573,-0.591697,SL,66,3.3981,2871.72,97.58,-57.74,2813.98
2053,S3,ETHUSDT,-1,2025-08-25 20:00:00+00:00,2025-08-26 14:50:00+00:00,18.83,4418.77,4549.47692908,3765.23535462,-1.010142,SL,227,1.0606,2813.98,29.85,-30.15,2693.48
2054,S3,LINKUSDT,-1,2025-08-25 20:00:00+00:00,2025-08-26 21:55:00+00:00,25.92,23.658,24.5142949,19.37652551,-1.008288,SL,312,1.0606,2813.98,29.85,-30.09,2540.91
2055,S3,DOGEUSDT,-1,2025-08-25 20:00:00+00:00,2025-08-27 03:45:00+00:00,31.75,0.21371,0.22051242,0.17969791,-1.009425,SL,382,1.0606,2813.98,29.85,-30.13,2510.79
2056,S3,XRPUSDT,-1,2025-08-25 20:00:00+00:00,2025-08-26 16:25:00+00:00,20.42,2.8753,2.94509312,2.52633442,-1.012359,SL,246,1.0606,2813.98,29.85,-30.21,2663.27
2057,S3,BTCUSDT,-1,2025-08-25 21:00:00+00:00,2025-08-26 20:25:00+00:00,23.42,109501.1,111242.75268496,100792.83657519,-1.018862,SL,282,1.0606,2813.98,29.85,-30.41,2571.01
2058,S3,SOLUSDT,-1,2025-08-25 21:00:00+00:00,2025-08-26 16:55:00+00:00,19.92,186.2,193.14655283,151.46723585,-1.008041,SL,240,1.0606,2813.98,29.85,-30.09,2633.18
2059,S3,LINKUSDT,-1,2025-08-25 21:00:00+00:00,2025-08-26 12:35:00+00:00,15.58,23.173,24.07641669,18.65591654,-1.007695,SL,188,1.0606,2813.98,29.85,-30.07,2753.72
2060,S3,DOGEUSDT,-1,2025-08-25 21:00:00+00:00,2025-08-26 12:35:00+00:00,15.58,0.20701,0.21444653,0.16982735,-1.008351,SL,188,1.0606,2813.98,29.85,-30.09,2723.63
2061,S3,XRPUSDT,-1,2025-08-25 21:00:00+00:00,2025-08-26 04:15:00+00:00,7.25,2.8245,2.89910789,2.45146053,-1.011357,SL,88,1.0606,2813.98,29.85,-30.18,2783.8
2062,S1_BTCUSDT,BTCUSDT,1,2025-08-26 04:00:00+00:00,2025-08-26 19:40:00+00:00,15.67,109825.1,108559.7,126275.3,0.773963,BE,189,1.5086,2813.98,42.45,32.86,2601.42
2063,S1_SOLUSDT,SOLUSDT,-1,2025-08-27 16:00:00+00:00,2025-08-27 16:10:00+00:00,0.17,208.61,209.43,197.95,0.723679,BE,3,2.7132,2510.79,68.12,49.3,2560.09
2064,S1_SOLUSDT,SOLUSDT,-1,2025-08-28 08:00:00+00:00,2025-08-28 08:00:00+00:00,0.0,213.03,213.36,208.74,-1.193664,SL,1,2.7132,2560.09,69.46,-82.91,2477.18
2065,S1_SOLUSDT,SOLUSDT,-1,2025-08-29 00:00:00+00:00,2025-08-29 00:25:00+00:00,0.42,214.3,216.87,180.89,-1.025016,SL,6,2.7132,2477.18,67.21,-68.89,2408.28
2066,S2,LINKUSDT,-1,2025-08-29 02:00:00+00:00,2025-09-12 18:00:00+00:00,352.0,24.28,24.82512984,20.07930931,-0.558898,SL,4225,3.3981,2408.28,81.84,-45.74,2002.18
2067,S2,LINKUSDT,-1,2025-08-29 08:00:00+00:00,2025-08-29 12:30:00+00:00,4.5,23.529,23.99522139,19.66312146,-0.520306,SL,55,3.3981,2408.28,81.84,-42.58,2365.7
2068,S2,DOGEUSDT,-1,2025-08-29 08:00:00+00:00,2025-08-29 12:30:00+00:00,4.5,0.21454,0.21838558,0.1921237,-0.741303,SL,55,3.3981,2408.28,81.84,-60.67,2305.04
2069,S2,DOGEUSDT,-1,2025-08-29 09:00:00+00:00,2025-08-29 12:30:00+00:00,3.5,0.21276,0.21578979,0.19010522,-0.580358,SL,43,3.3981,2408.28,81.84,-47.49,2257.54
2070,S3,BTCUSDT,-1,2025-08-29 14:00:00+00:00,2025-09-02 03:15:00+00:00,85.25,109056.5,110484.18198408,101918.09007958,-1.022916,SL,1024,1.0606,2257.54,23.94,-24.49,2042.7
2071,S3,BTCUSDT,-1,2025-08-29 15:00:00+00:00,2025-09-01 08:00:00+00:00,65.0,108154.4,109688.16184236,100485.59078818,-1.021155,SL,781,1.0606,2257.54,23.94,-24.45,2110.98
2072,S3,XRPUSDT,-1,2025-08-29 15:00:00+00:00,2025-09-03 14:35:00+00:00,119.58,2.8218,2.87840893,2.53875536,-1.014954,SL,1436,1.0606,2257.54,23.94,-24.3,2299.45
2073,S3,XRPUSDT,-1,2025-09-01 03:00:00+00:00,2025-09-01 07:45:00+00:00,4.75,2.7324,2.77436442,2.5225779,-1.019534,SL,58,1.0606,2257.54,23.94,-24.41,2135.43
2074,S1_XRPUSDT,XRPUSDT,1,2025-09-01 04:00:00+00:00,2025-09-01 04:35:00+00:00,0.58,2.7406,2.7245,2.9499,-1.051067,SL,8,4.1176,2257.54,92.96,-97.7,2159.84
2075,S4,BTCUSDT,1,2025-09-01 08:00:00+00:00,2025-09-01 10:35:00+00:00,2.58,109390.2,108332.35742035,130018.1303032,-1.031023,SL,32,1.9886,2135.43,42.47,-43.78,2067.2
2076,S4,BTCUSDT,1,2025-09-01 23:00:00+00:00,2025-09-25 17:30:00+00:00,570.5,108386.3,107091.86691306,133627.74519543,0.97488,BE,6847,1.9886,2067.2,41.11,40.08,2245.0
2077,S2,ETHUSDT,-1,2025-09-02 13:00:00+00:00,2025-09-02 13:45:00+00:00,0.75,4275.33,4357.90799305,3907.67706077,-0.969413,SL,10,3.3981,2497.29,84.86,-82.26,2323.75
2078,S2,DOGEUSDT,-1,2025-09-02 13:00:00+00:00,2025-09-02 13:35:00+00:00,0.58,0.20683,0.2121342,0.18562518,-1.075537,SL,8,3.3981,2497.29,84.86,-91.27,2406.02
2079,S1_BTCUSDT,BTCUSDT,-1,2025-09-03 16:00:00+00:00,2025-09-03 16:25:00+00:00,0.42,112168.5,112470.5,108242.5,0.688574,BE,6,1.5086,2299.45,34.69,23.89,2323.34
2080,S1_BTCUSDT,BTCUSDT,-1,2025-09-05 08:00:00+00:00,2025-09-05 08:00:00+00:00,0.0,112900.0,112949.0,112263.0,0.108776,BE,1,1.5086,2323.34,35.05,3.81,2327.15
2081,S3,DOGEUSDT,-1,2025-09-07 18:00:00+00:00,2025-09-07 22:10:00+00:00,4.17,0.22133,0.22477429,0.20410853,-1.019278,SL,51,1.0606,2327.15,24.68,-25.16,2301.99
2082,S3,XRPUSDT,-1,2025-09-07 18:00:00+00:00,2025-09-08 03:05:00+00:00,9.08,2.8585,2.89366591,2.68267047,-1.024386,SL,110,1.0606,2327.15,24.68,-25.28,2218.26
2083,S1_SOLUSDT,SOLUSDT,-1,2025-09-08 12:00:00+00:00,2025-09-08 13:10:00+00:00,1.17,214.22,215.78,193.94,-1.041196,SL,15,2.7132,2218.26,60.19,-62.67,2060.0
2084,S1_XRPUSDT,XRPUSDT,-1,2025-09-08 12:00:00+00:00,2025-09-08 12:30:00+00:00,0.5,2.935,2.9539,2.6893,-1.046587,SL,7,4.1176,2218.26,91.34,-95.59,2122.67
2085,S2,BTCUSDT,-1,2025-09-09 16:00:00+00:00,2025-09-10 06:40:00+00:00,14.67,110830.1,111875.9525009,106157.79161587,-0.981567,SL,177,3.3981,2060.0,70.0,-68.71,1933.86
2086,S1_SOLUSDT,SOLUSDT,-1,2025-09-10 00:00:00+00:00,2025-09-10 02:35:00+00:00,2.58,217.11,219.47,186.43,-1.027599,SL,32,2.7132,2060.0,55.89,-57.43,2002.57
2087,S1_BTCUSDT,BTCUSDT,-1,2025-09-10 16:00:00+00:00,2025-09-10 18:25:00+00:00,2.42,113801.3,114287.9,107475.5,0.729839,BE,30,1.5086,1933.86,29.17,21.29,1955.15
2088,S1_XRPUSDT,XRPUSDT,-1,2025-09-10 16:00:00+00:00,2025-09-10 19:20:00+00:00,3.33,3.0016,3.0235,2.7169,0.758882,BE,41,4.1176,1933.86,79.63,60.43,2015.58
2089,S1_XRPUSDT,XRPUSDT,-1,2025-09-11 20:00:00+00:00,2025-09-11 20:30:00+00:00,0.5,3.0247,3.035,2.8908,0.711902,BE,7,4.1176,2015.58,82.99,59.08,2074.66
2090,S1_ETHUSDT,ETHUSDT,-1,2025-09-12 04:00:00+00:00,2025-09-12 05:45:00+00:00,1.75,4503.61,4538.6,4048.74,-1.038613,SL,22,1.2411,2074.66,25.75,-26.74,2047.92
2091,S1_XRPUSDT,XRPUSDT,-1,2025-09-12 20:00:00+00:00,2025-09-12 20:00:00+00:00,0.0,3.0885,3.0926,3.0352,0.574012,BE,1,4.1176,2002.18,82.44,47.32,2049.5
2092,S2,BTCUSDT,-1,2025-09-15 09:00:00+00:00,2025-09-16 05:10:00+00:00,20.17,114697.0,115843.13504262,110530.01425159,-1.204063,SL,243,3.3981,2049.5,69.64,-83.86,1943.65
2093,S2,ETHUSDT,-1,2025-09-15 09:00:00+00:00,2025-09-17 23:00:00+00:00,62.0,4508.27,4600.4113727,4198.22554716,-1.281587,SL,745,3.3981,2049.5,69.64,-89.26,1805.34
2094,S3,SOLUSDT,-1,2025-09-15 09:00:00+00:00,2025-09-16 16:00:00+00:00,31.0,232.0,238.09505199,201.52474005,-1.011419,SL,373,1.0606,2049.5,21.74,-21.99,1921.66
2095,S3,LINKUSDT,-1,2025-09-15 09:00:00+00:00,2025-09-15 21:55:00+00:00,12.92,23.237,23.8161616,20.34119198,-1.012037,SL,156,1.0606,2049.5,21.74,-22.0,2027.51
2096,S1_BTCUSDT,BTCUSDT,-1,2025-09-16 20:00:00+00:00,2025-09-16 20:15:00+00:00,0.25,116757.1,116830.0,115809.4,-1.480482,SL,4,1.5086,1921.66,28.99,-42.92,1878.75
2097,S1_BTCUSDT,BTCUSDT,-1,2025-09-17 08:00:00+00:00,2025-09-17 08:10:00+00:00,0.17,117120.5,117266.4,115223.8,0.559176,BE,3,1.5086,1878.75,28.34,15.85,1894.59
2098,S4,LINKUSDT,1,2025-09-17 20:00:00+00:00,2025-09-21 17:15:00+00:00,93.25,23.435,22.8856423,34.14747509,-1.012798,SL,1120,1.9886,1894.59,37.68,-38.16,1585.3
2099,S1_SOLUSDT,SOLUSDT,-1,2025-09-18 00:00:00+00:00,2025-09-18 01:40:00+00:00,1.67,244.74,246.55,221.21,-1.040565,SL,21,2.7132,1805.34,48.98,-50.97,1754.37
2100,S1_BTCUSDT,BTCUSDT,-1,2025-09-18 04:00:00+00:00,2025-09-18 04:35:00+00:00,0.58,117531.3,117865.9,113181.5,0.694622,BE,8,1.5086,1754.37,26.47,18.38,1772.75
2101,S1_XRPUSDT,XRPUSDT,-1,2025-09-18 12:00:00+00:00,2025-09-18 12:00:00+00:00,0.0,3.1358,3.1367,3.1241,-2.045267,SL,1,4.1176,1772.75,72.99,-149.29,1623.46
2102,S2,LINKUSDT,-1,2025-09-19 12:00:00+00:00,2025-09-22 06:00:00+00:00,66.0,23.848,24.2578114,21.42202041,4.237466,TP,793,3.3981,1623.46,55.17,233.77,1946.01
2103,S2,ETHUSDT,-1,2025-09-22 00:00:00+00:00,2025-09-22 02:25:00+00:00,2.42,4443.0,4465.82590547,4283.9986903,4.214372,TP,30,3.3981,1585.3,53.87,227.03,1812.33
2104,S3,ETHUSDT,-1,2025-09-22 01:00:00+00:00,2025-09-22 06:00:00+00:00,5.0,4333.44,4387.55549624,4062.86251882,4.975977,TP,61,1.0606,1585.3,16.81,83.66,2029.68
2105,S3,LINKUSDT,-1,2025-09-22 01:00:00+00:00,2025-09-22 06:00:00+00:00,5.0,22.318,22.71661259,20.32493703,4.983203,TP,61,1.0606,1585.3,16.81,83.79,2113.46
2106,S3,DOGEUSDT,-1,2025-09-22 01:00:00+00:00,2025-10-02 06:30:00+00:00,245.5,0.24978,0.25585625,0.21939874,-1.012332,SL,2947,1.0606,1585.3,16.81,-17.02,2136.13
2107,S1_ETHUSDT,ETHUSDT,1,2025-09-22 04:00:00+00:00,2025-09-22 05:55:00+00:00,1.92,4303.61,4254.29,4944.77,-1.026178,SL,24,1.2411,1812.33,22.49,-23.08,1712.24
2108,S1_XRPUSDT,XRPUSDT,1,2025-09-22 04:00:00+00:00,2025-09-22 05:40:00+00:00,1.67,2.9025,2.8752,3.2574,-1.031896,SL,21,4.1176,1812.33,74.62,-77.0,1735.33
2109,S3,BTCUSDT,-1,2025-09-22 06:00:00+00:00,2025-09-25 17:20:00+00:00,83.33,113615.0,114367.99259801,109850.03700993,4.954735,TP,1001,1.0606,1712.24,18.16,89.98,2114.47
2110,S3,ETHUSDT,-1,2025-09-22 06:00:00+00:00,2025-09-25 17:20:00+00:00,83.33,4217.7,4285.41715696,3879.11421521,4.981315,TP,1001,1.0606,1712.24,18.16,90.46,2204.93
2111,S3,SOLUSDT,-1,2025-09-22 06:00:00+00:00,2025-09-25 09:55:00+00:00,75.92,224.93,229.44299533,202.36502333,4.985048,TP,912,1.0606,1712.24,18.16,90.53,2024.49
2112,S3,LINKUSDT,-1,2025-09-22 06:00:00+00:00,2025-10-01 08:45:00+00:00,218.75,21.672,22.13315195,19.36624026,-1.014099,SL,2626,1.0606,1712.24,18.16,-18.42,2277.83
2113,S3,DOGEUSDT,-1,2025-09-22 06:00:00+00:00,2025-09-24 14:50:00+00:00,56.83,0.24398,0.25046157,0.21157217,-1.011293,SL,683,1.0606,1712.24,18.16,-18.37,1933.96
2114,S3,XRPUSDT,-1,2025-09-22 06:00:00+00:00,2025-09-23 16:50:00+00:00,34.83,2.8449,2.8923175,2.60781249,-1.017999,SL,419,1.0606,1712.24,18.16,-18.49,1958.92
2115,S1_BTCUSDT,BTCUSDT,1,2025-09-22 08:00:00+00:00,2025-09-23 03:10:00+00:00,19.17,112454.5,111469.2,125263.4,-1.03424,SL,231,1.5086,2113.46,31.88,-32.98,1977.41
2116,S1_SOLUSDT,SOLUSDT,1,2025-09-22 08:00:00+00:00,2025-09-23 03:05:00+00:00,19.08,221.82,212.29,345.71,-1.006983,SL,230,2.7132,2113.46,57.34,-57.74,2010.38
2117,S3,SOLUSDT,-1,2025-09-22 08:00:00+00:00,2025-09-25 23:35:00+00:00,87.58,221.82,227.815797,191.84101501,4.988901,TP,1052,1.0606,2113.46,22.42,111.83,2308.74
2118,S3,DOGEUSDT,-1,2025-09-22 08:00:00+00:00,2025-09-24 14:10:00+00:00,54.17,0.2376,0.24580053,0.19659733,-1.008692,SL,651,1.0606,2113.46,22.42,-22.61,1952.32
2119,S3,XRPUSDT,-1,2025-09-22 08:00:00+00:00,2025-09-22 15:05:00+00:00,7.08,2.8045,2.87250489,2.46447556,-1.012372,SL,86,1.0606,2113.46,22.42,-22.69,2090.77
2120,S3,LINKUSDT,-1,2025-09-22 10:00:00+00:00,2025-09-23 00:15:00+00:00,14.25,21.091,21.71500882,17.9709559,-1.01014,SL,172,1.0606,2113.46,22.42,-22.64,2068.13
2121,S1_XRPUSDT,XRPUSDT,1,2025-09-22 20:00:00+00:00,2025-10-04 15:00:00+00:00,283.0,2.8331,2.6704,4.9482,0.794776,BE,3397,4.1176,2090.77,86.09,68.42,2204.55
2122,S1_BTCUSDT,BTCUSDT,1,2025-09-23 20:00:00+00:00,2025-09-23 20:00:00+00:00,0.0,111611.7,111482.0,113297.8,0.541839,BE,1,1.5086,1958.92,29.55,16.01,1974.93
2123,S3,BTCUSDT,-1,2025-09-25 18:00:00+00:00,2025-09-26 18:25:00+00:00,24.42,108793.9,110234.07289139,101593.03554307,-1.022663,SL,294,1.0606,2245.0,23.81,-24.35,2249.79
2124,S3,ETHUSDT,-1,2025-09-25 18:00:00+00:00,2025-09-25 19:25:00+00:00,1.42,3837.04,3944.65236792,3298.97816041,-1.010697,SL,18,1.0606,2245.0,23.81,-24.07,2196.91
2125,S3,DOGEUSDT,-1,2025-09-25 18:00:00+00:00,2025-09-25 19:20:00+00:00,1.33,0.22134,0.22859844,0.18504779,-1.009148,SL,17,1.0606,2245.0,23.81,-24.03,2220.97
2126,S1_BTCUSDT,BTCUSDT,1,2025-09-25 20:00:00+00:00,2025-09-26 11:15:00+00:00,15.25,109320.5,108574.1,119023.7,-1.043939,SL,184,1.5086,2196.91,33.14,-34.6,2274.14
2127,S1_BTCUSDT,BTCUSDT,1,2025-09-27 08:00:00+00:00,2025-09-28 15:10:00+00:00,31.17,109354.9,108953.7,114570.5,0.718229,BE,375,1.5086,2249.79,33.94,24.38,2274.16
2128,S1_BTCUSDT,BTCUSDT,-1,2025-09-30 20:00:00+00:00,2025-09-30 20:05:00+00:00,0.08,114309.1,114528.2,111460.8,0.643484,BE,2,1.5086,2274.16,34.31,22.08,2296.24
2129,S3,DOGEUSDT,-1,2025-10-01 11:00:00+00:00,2025-10-01 19:15:00+00:00,8.25,0.2414,0.24691903,0.21380486,-1.013122,SL,100,1.0606,2277.83,24.16,-24.48,2153.15
2130,S1_ETHUSDT,ETHUSDT,-1,2025-10-01 12:00:00+00:00,2025-10-01 14:30:00+00:00,2.5,4295.88,4329.0,3865.32,-1.038912,SL,31,1.2411,2277.83,28.27,-29.37,2248.46
2131,S1_SOLUSDT,SOLUSDT,-1,2025-10-01 16:00:00+00:00,2025-10-01 16:05:00+00:00,0.08,220.13,220.54,214.8,-1.161071,SL,2,2.7132,2248.46,61.01,-70.83,2177.62
2132,S1_SOLUSDT,SOLUSDT,-1,2025-10-05 04:00:00+00:00,2025-10-05 04:35:00+00:00,0.58,230.79,232.19,212.59,-1.049455,SL,8,2.7132,2204.55,59.81,-62.77,2141.78
2133,S1_ETHUSDT,ETHUSDT,-1,2025-10-06 04:00:00+00:00,2025-10-06 05:00:00+00:00,1.0,4534.9,4551.74,4315.98,0.719212,BE,13,1.2411,2141.78,26.58,19.12,2160.89
2134,S1_SOLUSDT,SOLUSDT,-1,2025-10-06 16:00:00+00:00,2025-10-06 16:10:00+00:00,0.17,235.55,236.62,221.64,0.733958,BE,3,2.7132,2160.89,58.63,43.03,2203.93
2135,S3,LINKUSDT,-1,2025-10-07 15:00:00+00:00,2025-10-10 20:55:00+00:00,77.92,22.178,22.78269355,19.15453227,4.988997,TP,936,1.0606,2203.93,23.37,116.62,2244.18
2136,S3,DOGEUSDT,-1,2025-10-07 15:00:00+00:00,2025-10-10 20:55:00+00:00,77.92,0.25474,0.26175252,0.21967742,4.989102,TP,936,1.0606,2203.93,23.37,116.62,2360.8
2137,S3,BTCUSDT,-1,2025-10-07 18:00:00+00:00,2025-10-08 08:40:00+00:00,14.67,121073.2,122731.57223643,112781.33881786,-1.021902,SL,177,1.0606,2203.93,23.37,-23.89,2180.04
2138,S2,SOLUSDT,-1,2025-10-09 09:00:00+00:00,2025-10-09 12:35:00+00:00,3.58,219.88,225.12316935,197.03373679,-0.987637,SL,44,3.3981,2180.04,74.08,-73.16,2106.88
2139,S4,SOLUSDT,1,2025-10-09 18:00:00+00:00,2025-10-10 15:20:00+00:00,21.33,219.21,213.32080663,334.04927081,-1.011167,SL,257,1.9886,2106.88,41.9,-42.37,2064.51
2140,S1_ETHUSDT,ETHUSDT,1,2025-10-10 16:00:00+00:00,2025-10-10 16:30:00+00:00,0.5,4100.49,4067.44,4530.14,0.762779,BE,7,1.2411,2064.51,25.62,19.54,2084.05
2141,S2,LINKUSDT,-1,2025-10-10 16:00:00+00:00,2025-10-10 21:10:00+00:00,5.17,21.364,22.37669352,18.49136725,4.240518,TP,63,3.3981,2064.51,70.15,297.49,2658.29
2142,S3,BTCUSDT,-1,2025-10-10 17:00:00+00:00,2025-10-10 21:10:00+00:00,4.17,118150.0,119809.10826231,109854.45868843,4.978636,TP,51,1.0606,2084.05,22.1,110.05,2768.34
2143,S3,BTCUSDT,-1,2025-10-10 18:00:00+00:00,2025-10-10 21:10:00+00:00,3.17,117590.8,119254.55767215,109272.01163926,4.978797,TP,39,1.0606,2084.05,22.1,110.05,2878.39
2144,S2,LINKUSDT,-1,2025-10-10 19:00:00+00:00,2025-10-10 21:10:00+00:00,2.17,20.918,21.20397684,18.08597881,4.240583,TP,27,3.3981,2084.05,70.82,300.31,3178.7
2145,S3,ETHUSDT,-1,2025-10-10 19:00:00+00:00,2025-10-10 21:15:00+00:00,2.25,4051.85,4154.00991357,3541.05043214,4.988101,TP,28,1.0606,2084.05,22.1,110.25,3399.24
2146,S3,SOLUSDT,-1,2025-10-10 19:00:00+00:00,2025-10-10 21:10:00+00:00,2.17,207.36,213.32108573,177.55457134,4.989564,TP,27,1.0606,2084.05,22.1,110.29,3288.99
2147,S1_SOLUSDT,SOLUSDT,1,2025-10-10 20:00:00+00:00,2025-10-10 20:20:00+00:00,0.33,205.16,203.14,231.42,0.769531,BE,5,2.7132,2084.05,56.54,43.51,2127.57
2148,S1_BTCUSDT,BTCUSDT,1,2025-10-11 00:00:00+00:00,2025-11-04 17:05:00+00:00,593.08,112715.0,101516.5,258295.5,-1.00302,SL,7118,1.5086,3399.24,51.28,-51.44,3478.51
2149,S1_LINKUSDT,LINKUSDT,1,2025-10-11 00:00:00+00:00,2026-02-05 20:15:00+00:00,2828.25,17.279,8.164,135.774,-1.000569,SL,33940,2.8,3399.24,95.18,-95.23,10383.89
2150,S2,SOLUSDT,-1,2025-10-16 16:00:00+00:00,2025-10-21 15:20:00+00:00,119.33,187.5,194.75033847,156.31415353,-0.99574,SL,1433,3.3981,3399.24,115.51,-115.02,2653.5
2151,S2,LINKUSDT,-1,2025-10-16 16:00:00+00:00,2025-10-20 06:20:00+00:00,86.33,17.652,18.21883057,14.99826755,-0.91627,SL,1037,3.3981,3399.24,115.51,-105.84,2860.91
2152,S4,ETHUSDT,1,2025-10-16 17:00:00+00:00,2025-10-16 20:30:00+00:00,3.5,3962.8,3837.02699763,6415.37354622,-1.009452,SL,43,1.9886,3399.24,67.6,-68.24,3331.0
2153,S3,BTCUSDT,-1,2025-10-17 07:00:00+00:00,2025-10-19 15:20:00+00:00,56.33,106699.1,108568.58903606,97351.6548197,-1.017122,SL,677,1.0606,3331.0,35.33,-35.93,2966.75
2154,S3,DOGEUSDT,-1,2025-10-17 07:00:00+00:00,2025-10-18 07:00:00+00:00,24.0,0.18247,0.18909007,0.14936963,-1.008269,SL,289,1.0606,3331.0,35.33,-35.62,3038.59
2155,S1_XRPUSDT,XRPUSDT,1,2025-10-17 08:00:00+00:00,2025-10-17 08:00:00+00:00,0.0,2.2382,2.231,2.3318,-1.093258,SL,1,4.1176,3331.0,137.16,-149.95,3181.06
2156,S3,BTCUSDT,-1,2025-10-17 08:00:00+00:00,2025-10-19 09:45:00+00:00,49.75,105578.3,107515.32553349,95893.17233257,-1.016352,SL,598,1.0606,3331.0,35.33,-35.91,3002.69
2157,S3,LINKUSDT,-1,2025-10-17 08:00:00+00:00,2025-10-17 16:00:00+00:00,8.0,16.2,16.83491185,13.02544077,-1.007655,SL,97,1.0606,3331.0,35.33,-35.6,3145.46
2158,S3,DOGEUSDT,-1,2025-10-17 08:00:00+00:00,2025-10-17 16:00:00+00:00,8.0,0.17852,0.18534578,0.14439108,-1.007846,SL,97,1.0606,3331.0,35.33,-35.61,3109.85
2159,S3,XRPUSDT,-1,2025-10-17 08:00:00+00:00,2025-10-17 16:00:00+00:00,8.0,2.2382,2.31517334,1.8533333,-1.008723,SL,97,1.0606,3331.0,35.33,-35.64,3074.21
2160,S3,BTCUSDT,-1,2025-10-21 05:00:00+00:00,2025-10-21 12:20:00+00:00,7.33,107743.5,109186.93771357,100526.31143213,-1.022393,SL,89,1.0606,2860.91,30.34,-31.02,2829.89
2161,S3,LINKUSDT,-1,2025-10-21 05:00:00+00:00,2025-10-21 12:20:00+00:00,7.33,17.731,18.28534945,14.95925275,-1.009596,SL,89,1.0606,2860.91,30.34,-30.63,2799.26
2162,S3,DOGEUSDT,-1,2025-10-21 05:00:00+00:00,2025-10-21 14:10:00+00:00,9.17,0.19314,0.19758273,0.17092636,-1.013042,SL,111,1.0606,2860.91,30.34,-30.74,2768.52
2163,S4,ETHUSDT,1,2025-10-21 15:00:00+00:00,2025-10-21 21:20:00+00:00,6.33,4019.95,3930.86372783,5757.13230728,-1.013537,SL,77,1.9886,2768.52,55.05,-55.8,2597.7
2164,S1_XRPUSDT,XRPUSDT,-1,2025-10-25 04:00:00+00:00,2025-10-25 04:25:00+00:00,0.42,2.5392,2.56,2.2688,-1.036623,SL,6,4.1176,2597.7,106.96,-110.88,2486.82
2165,S1_ETHUSDT,ETHUSDT,-1,2025-10-26 16:00:00+00:00,2025-10-26 16:15:00+00:00,0.25,4073.45,4098.0,3754.3,0.750223,BE,4,1.2411,2486.82,30.86,23.15,2554.11
2166,S1_SOLUSDT,SOLUSDT,-1,2025-10-26 16:00:00+00:00,2025-10-26 16:00:00+00:00,0.0,199.42,199.83,194.09,0.654083,BE,1,2.7132,2486.82,67.47,44.13,2530.95
2167,S2,ETHUSDT,-1,2025-10-27 21:00:00+00:00,2025-10-30 12:45:00+00:00,63.75,4127.0,4199.73423914,3806.02644883,4.233606,TP,766,3.3981,2554.11,86.79,367.44,2568.06
2168,S4,DOGEUSDT,1,2025-10-28 07:00:00+00:00,2025-10-28 14:45:00+00:00,7.75,0.20115,0.19717998,0.27856535,-1.0152,SL,94,1.9886,2554.11,50.79,-51.56,2428.82
2169,S1_SOLUSDT,SOLUSDT,-1,2025-10-28 08:00:00+00:00,2025-10-28 08:35:00+00:00,0.58,202.24,203.19,189.89,-1.063865,SL,8,2.7132,2554.11,69.3,-73.72,2480.39
2170,S2,BTCUSDT,-1,2025-10-28 20:00:00+00:00,2025-10-30 13:40:00+00:00,41.67,113629.0,115149.12822135,107496.06745656,4.226377,TP,501,3.3981,2428.82,82.53,348.82,2916.88
2171,S2,ETHUSDT,-1,2025-10-28 20:00:00+00:00,2025-11-03 10:55:00+00:00,134.92,4037.22,4123.79252713,3668.17679605,4.236052,TP,1620,3.3981,2428.82,82.53,349.62,3352.69
2172,S2,DOGEUSDT,-1,2025-10-28 20:00:00+00:00,2025-10-30 19:35:00+00:00,47.58,0.19671,0.20152258,0.17673042,4.237447,TP,572,3.3981,2428.82,82.53,349.73,3292.98
2173,S2,SOLUSDT,-1,2025-10-28 21:00:00+00:00,2025-10-29 05:40:00+00:00,8.67,192.37,195.64988419,169.70989585,-0.62598,SL,105,3.3981,2428.82,82.53,-51.66,2377.16
2174,S2,XRPUSDT,-1,2025-10-28 21:00:00+00:00,2025-10-29 09:35:00+00:00,12.58,2.5904,2.64638767,2.32476548,-0.908204,SL,152,3.3981,2428.82,82.53,-74.96,2302.2
2175,S1_XRPUSDT,XRPUSDT,-1,2025-10-29 12:00:00+00:00,2025-10-29 13:05:00+00:00,1.08,2.6488,2.6599,2.5045,-1.071589,SL,14,4.1176,2302.2,94.8,-101.58,2200.62
2176,S2,BTCUSDT,-1,2025-10-30 13:00:00+00:00,2025-10-31 01:05:00+00:00,12.08,108337.9,109879.70153108,100211.8132387,-0.823371,SL,146,3.3981,2568.06,87.27,-71.85,3097.67
2177,S2,LINKUSDT,-1,2025-10-30 14:00:00+00:00,2025-11-02 05:55:00+00:00,63.92,17.12,17.52633003,14.38129837,-0.638525,SL,768,3.3981,2916.88,99.12,-63.29,3003.08
2178,S3,ETHUSDT,-1,2025-10-30 14:00:00+00:00,2025-10-31 01:15:00+00:00,11.25,3764.65,3858.92292042,3293.28539789,-1.01198,SL,136,1.0606,2916.88,30.94,-31.31,3066.36
2179,S1_ETHUSDT,ETHUSDT,1,2025-10-30 16:00:00+00:00,2025-10-30 16:05:00+00:00,0.08,3771.61,3755.81,3977.01,0.728387,BE,2,1.2411,2916.88,36.2,26.37,2943.25
2180,S1_SOLUSDT,SOLUSDT,1,2025-10-30 20:00:00+00:00,2025-10-30 20:00:00+00:00,0.0,178.92,178.5,184.38,0.6722,BE,1,2.7132,3292.98,89.35,60.06,3353.04
2181,S1_XRPUSDT,XRPUSDT,1,2025-10-30 20:00:00+00:00,2025-10-30 20:00:00+00:00,0.0,2.3842,2.3765,2.4843,-1.092891,SL,1,4.1176,3292.98,135.59,-148.19,3204.85
2182,S3,ETHUSDT,-1,2025-10-30 20:00:00+00:00,2025-10-30 22:55:00+00:00,2.92,3685.25,3781.49160551,3204.04197245,-1.011487,SL,36,1.0606,3292.98,34.93,-35.33,3169.52
2183,S3,BTCUSDT,-1,2025-11-03 04:00:00+00:00,2025-11-04 17:00:00+00:00,37.0,107886.0,109060.79693632,102012.01531842,4.97245,TP,445,1.0606,3003.08,31.85,158.38,3371.24
2184,S3,ETHUSDT,-1,2025-11-03 04:00:00+00:00,2025-11-04 17:00:00+00:00,37.0,3734.74,3800.28468699,3407.01656505,4.982906,TP,445,1.0606,3003.08,31.85,158.71,3529.94
2185,S3,SOLUSDT,-1,2025-11-03 04:00:00+00:00,2025-11-04 07:40:00+00:00,27.67,177.42,181.6496451,156.2717745,4.987416,TP,333,1.0606,3003.08,31.85,158.85,3442.6
2186,S3,LINKUSDT,-1,2025-11-03 04:00:00+00:00,2025-11-04 20:15:00+00:00,40.25,16.354,16.86033061,13.82234694,4.99031,TP,484,1.0606,3003.08,31.85,158.94,3955.05
2187,S3,DOGEUSDT,-1,2025-11-03 04:00:00+00:00,2025-11-04 18:30:00+00:00,38.5,0.175,0.17914493,0.15427534,4.987334,TP,463,1.0606,3003.08,31.85,158.85,3796.1
2188,S3,XRPUSDT,-1,2025-11-03 04:00:00+00:00,2025-11-04 17:15:00+00:00,37.25,2.4285,2.47430585,2.19947077,4.984095,TP,448,1.0606,3003.08,31.85,158.75,3637.25
2189,S3,DOGEUSDT,-1,2025-11-03 06:00:00+00:00,2025-11-04 20:15:00+00:00,38.25,0.17383,0.17819344,0.15201281,4.988049,TP,460,1.0606,3003.08,31.85,158.87,4113.92
2190,S1_SOLUSDT,SOLUSDT,1,2025-11-03 12:00:00+00:00,2025-11-03 15:25:00+00:00,3.42,175.2,173.1,202.5,-1.025029,SL,42,2.7132,3352.69,90.97,-93.24,3259.45
2191,S1_ETHUSDT,ETHUSDT,1,2025-11-03 16:00:00+00:00,2025-11-03 16:00:00+00:00,0.0,3587.38,3578.4,3704.12,-1.119846,SL,1,1.2411,3259.45,40.45,-45.3,3214.15
2192,S1_XRPUSDT,XRPUSDT,1,2025-11-03 16:00:00+00:00,2025-11-03 16:15:00+00:00,0.25,2.327,2.29,2.808,0.781132,BE,4,4.1176,3259.45,134.21,104.84,3318.99
2193,S3,BTCUSDT,-1,2025-11-03 16:00:00+00:00,2025-11-03 17:20:00+00:00,1.33,105718.8,107350.31471201,97561.22643996,-1.019439,SL,17,1.0606,3259.45,34.57,-35.24,3283.74
2194,S3,ETHUSDT,-1,2025-11-03 16:00:00+00:00,2025-11-04 21:30:00+00:00,29.5,3587.38,3681.32611081,3117.64944593,4.988544,TP,355,1.0606,3259.45,34.57,172.45,4286.37
2195,S3,SOLUSDT,-1,2025-11-04 06:00:00+00:00,2025-11-04 14:45:00+00:00,8.75,157.59,163.84470416,126.31647921,-1.007559,SL,106,1.0606,3283.74,34.83,-35.09,3212.86
2196,S1_ETHUSDT,ETHUSDT,1,2025-11-04 08:00:00+00:00,2025-11-04 08:10:00+00:00,0.17,3492.78,3470.58,3781.38,-1.0472,SL,3,1.2411,3442.6,42.73,-44.74,3247.95
2197,S1_XRPUSDT,XRPUSDT,1,2025-11-04 08:00:00+00:00,2025-11-04 08:05:00+00:00,0.08,2.2426,2.2309,2.3947,-1.057503,SL,2,4.1176,3442.6,141.75,-149.9,3292.69
2198,S3,BTCUSDT,-1,2025-11-04 16:00:00+00:00,2025-11-09 23:00:00+00:00,127.0,103157.7,105176.8397744,93062.00112801,-1.015327,SL,1525,1.0606,3212.86,34.08,-34.6,4050.46
2199,S3,BTCUSDT,-1,2025-11-04 17:00:00+00:00,2025-11-05 18:45:00+00:00,25.75,102227.4,104297.18693337,91878.46533315,-1.014817,SL,310,1.0606,3212.86,34.08,-34.58,4251.79
2200,S1_ETHUSDT,ETHUSDT,1,2025-11-06 16:00:00+00:00,2025-11-06 16:35:00+00:00,0.58,3300.01,3275.19,3622.67,-1.039887,SL,8,1.2411,4251.79,52.77,-54.87,4278.84
2201,S1_SOLUSDT,SOLUSDT,1,2025-11-06 16:00:00+00:00,2025-11-06 16:00:00+00:00,0.0,155.83,155.31,162.59,0.710098,BE,1,2.7132,4251.79,115.36,81.92,4333.71
2202,S1_BTCUSDT,BTCUSDT,1,2025-11-06 20:00:00+00:00,2025-11-07 05:05:00+00:00,9.08,101335.9,100238.4,115603.4,0.7723,BE,110,1.5086,4278.84,64.55,49.85,4328.69
2203,S1_BTCUSDT,BTCUSDT,1,2025-11-07 12:00:00+00:00,2025-11-07 12:30:00+00:00,0.5,100369.2,99750.0,108418.8,-1.048628,SL,7,1.5086,4328.69,65.3,-68.48,4204.97
2204,S1_ETHUSDT,ETHUSDT,1,2025-11-07 12:00:00+00:00,2025-11-07 12:25:00+00:00,0.42,3258.61,3224.05,3707.89,-1.028287,SL,6,1.2411,4328.69,53.72,-55.24,4273.45
2205,S1_SOLUSDT,SOLUSDT,1,2025-11-07 12:00:00+00:00,2025-11-07 12:30:00+00:00,0.5,153.78,151.58,182.38,-1.02097,SL,7,2.7132,4328.69,117.45,-119.91,4085.06
2206,S3,BTCUSDT,-1,2025-11-10 02:00:00+00:00,2025-11-11 01:15:00+00:00,23.25,105683.0,107278.70701341,97704.46493294,-1.019869,SL,280,1.0606,4050.46,42.96,-43.81,4132.43
2207,S1_XRPUSDT,XRPUSDT,-1,2025-11-10 04:00:00+00:00,2025-11-10 05:30:00+00:00,1.5,2.4604,2.4765,2.2511,0.754154,BE,19,4.1176,4050.46,166.78,125.78,4176.24
2208,S2,SOLUSDT,-1,2025-11-11 06:00:00+00:00,2025-11-13 19:15:00+00:00,61.25,165.03,167.17353517,143.8630068,4.240059,TP,736,3.3981,4132.43,140.42,595.41,4320.98
2209,S2,BTCUSDT,-1,2025-11-12 16:00:00+00:00,2025-11-14 12:30:00+00:00,44.5,102124.9,104394.87239495,95377.46428603,4.230702,TP,535,3.3981,4132.43,140.42,594.09,4726.09
2210,S2,ETHUSDT,-1,2025-11-12 16:00:00+00:00,2025-11-13 05:45:00+00:00,13.75,3426.33,3526.69470253,3044.69685682,-1.129143,SL,166,3.3981,4132.43,140.42,-158.56,3886.18
2211,S2,LINKUSDT,-1,2025-11-12 16:00:00+00:00,2025-11-13 06:15:00+00:00,14.25,15.366,15.96669204,13.11678432,-1.143747,SL,172,3.3981,4132.43,140.42,-160.61,3725.57
2212,S2,BTCUSDT,-1,2025-11-12 17:00:00+00:00,2025-11-13 01:10:00+00:00,8.17,101393.1,102370.20722388,94536.02397989,-0.624462,SL,99,3.3981,4132.43,140.42,-87.69,4044.74
2213,S2,BTCUSDT,-1,2025-11-13 17:00:00+00:00,2025-11-17 17:50:00+00:00,96.83,100580.3,101636.15059222,92621.43310752,4.233887,TP,1163,3.3981,3725.57,126.6,536.0,5243.02
2214,S2,XRPUSDT,-1,2025-11-13 17:00:00+00:00,2025-11-19 17:35:00+00:00,144.58,2.4009,2.44924679,2.05258183,4.241212,TP,1736,3.3981,3725.57,126.6,536.93,5641.22
2215,S2,BTCUSDT,-1,2025-11-13 18:00:00+00:00,2025-11-17 20:00:00+00:00,98.0,99601.4,100917.86412135,91471.76645698,4.234379,TP,1177,3.3981,3725.57,126.6,536.07,5682.68
2216,S2,SOLUSDT,-1,2025-11-13 18:00:00+00:00,2025-11-21 07:30:00+00:00,181.5,147.04,151.60370703,125.86326842,4.241147,TP,2179,3.3981,3725.57,126.6,536.92,6694.58
2217,S2,LINKUSDT,-1,2025-11-13 18:00:00+00:00,2025-11-21 07:30:00+00:00,181.5,14.652,15.06374961,12.28618862,4.242104,TP,2179,3.3981,3725.57,126.6,537.04,7231.62
2218,S2,DOGEUSDT,-1,2025-11-13 18:00:00+00:00,2025-11-21 07:30:00+00:00,181.5,0.16558,0.17028845,0.14300097,4.24065,TP,2179,3.3981,3725.57,126.6,536.86,7768.48
2219,S2,XRPUSDT,-1,2025-11-13 18:00:00+00:00,2025-11-20 17:05:00+00:00,167.08,2.3553,2.41520988,1.99774027,4.241601,TP,2006,3.3981,3725.57,126.6,536.98,5975.25
2220,S3,ETHUSDT,-1,2025-11-13 18:00:00+00:00,2025-11-21 07:30:00+00:00,181.5,3254.4,3361.71804198,2717.80979012,4.990903,TP,2179,1.0606,3725.57,39.51,197.21,7965.69
2221,S1_SOLUSDT,SOLUSDT,1,2025-11-13 20:00:00+00:00,2025-11-13 20:00:00+00:00,0.0,142.65,141.93,152.01,-1.059438,SL,1,2.7132,4320.98,117.24,-124.21,4196.77
2222,S1_BTCUSDT,BTCUSDT,1,2025-11-14 08:00:00+00:00,2025-11-14 11:40:00+00:00,3.67,97099.9,95840.9,113466.9,-1.023137,SL,45,1.5086,4196.77,63.31,-64.78,4131.99
2223,S1_BTCUSDT,BTCUSDT,1,2025-11-14 20:00:00+00:00,2025-11-14 20:40:00+00:00,0.67,95737.4,94500.0,111823.6,-1.023211,SL,9,1.5086,4726.09,71.3,-72.95,4653.13
2224,S1_SOLUSDT,SOLUSDT,1,2025-11-15 00:00:00+00:00,2025-11-15 08:25:00+00:00,8.42,138.84,135.67,180.05,0.786861,BE,102,2.7132,4653.13,126.25,99.34,4752.47
2225,S1_BTCUSDT,BTCUSDT,1,2025-11-16 20:00:00+00:00,2025-11-16 20:05:00+00:00,0.08,93994.5,93677.4,98116.8,0.711074,BE,2,1.5086,4752.47,71.7,50.98,4803.45
2226,S4,ETHUSDT,1,2025-11-17 01:00:00+00:00,2025-11-17 18:25:00+00:00,17.42,3134.86,3032.92858385,5122.52261493,-1.009226,SL,210,1.9886,4803.45,95.52,-96.4,5146.62
2227,S4,SOLUSDT,1,2025-11-17 01:00:00+00:00,2025-11-17 16:15:00+00:00,15.25,139.12,134.77186159,223.90869899,-1.009599,SL,184,1.9886,4803.45,95.52,-96.44,4707.02
2228,S2,SOLUSDT,-1,2025-11-17 18:00:00+00:00,2025-11-18 05:20:00+00:00,11.33,131.95,136.24123859,110.34648017,-0.851991,SL,137,3.3981,5243.02,178.16,-151.79,5170.33
2229,S2,SOLUSDT,-1,2025-11-17 19:00:00+00:00,2025-11-18 02:30:00+00:00,7.5,130.44,133.4333644,108.7160173,-0.593266,SL,91,3.3981,5146.62,174.89,-103.75,5322.12
2230,S1_BTCUSDT,BTCUSDT,1,2025-11-17 20:00:00+00:00,2025-11-17 20:00:00+00:00,0.0,91656.2,91550.2,93034.2,-1.259404,SL,1,1.5086,5146.62,77.64,-97.78,5584.9
2231,S1_SOLUSDT,SOLUSDT,1,2025-11-17 20:00:00+00:00,2025-11-17 20:00:00+00:00,0.0,129.58,129.3,133.22,-1.138836,SL,1,2.7132,5146.62,139.64,-159.02,5425.88
2232,S2,BTCUSDT,-1,2025-11-17 20:00:00+00:00,2025-11-18 15:20:00+00:00,19.33,91656.2,92765.35860929,83300.21214046,-0.578123,SL,233,3.3981,5146.62,174.89,-101.11,5069.22
2233,S1_BTCUSDT,BTCUSDT,1,2025-11-19 16:00:00+00:00,2025-11-19 16:00:00+00:00,0.0,89901.0,89822.0,90928.0,0.458604,BE,1,1.5086,5069.22,76.47,35.07,5104.29
2234,S1_ETHUSDT,ETHUSDT,1,2025-11-19 20:00:00+00:00,2025-11-19 20:15:00+00:00,0.25,2880.79,2873.0,2982.06,0.689058,BE,4,1.2411,5641.22,70.01,48.24,5438.27
2235,S1_XRPUSDT,XRPUSDT,1,2025-11-19 20:00:00+00:00,2025-11-19 20:00:00+00:00,0.0,2.036,2.0285,2.1335,-1.08144,SL,1,4.1176,5641.22,232.28,-251.2,5390.02
2236,S2,SOLUSDT,-1,2025-11-20 17:00:00+00:00,2025-11-24 20:20:00+00:00,99.33,132.53,139.0613332,112.05445181,-1.363926,SL,1193,3.3981,5438.27,184.8,-252.05,7092.19
2237,S1_BTCUSDT,BTCUSDT,1,2025-11-20 20:00:00+00:00,2025-11-20 23:05:00+00:00,3.08,86880.2,86066.6,97457.0,0.767965,BE,38,1.5086,5975.25,90.14,69.23,6236.73
2238,S1_XRPUSDT,XRPUSDT,1,2025-11-20 20:00:00+00:00,2025-11-20 23:00:00+00:00,3.0,2.0058,1.9734,2.427,0.781428,BE,37,4.1176,5975.25,246.04,192.26,6167.51
2239,S3,BTCUSDT,-1,2025-11-21 03:00:00+00:00,2025-11-23 19:30:00+00:00,64.5,85396.3,87587.23092909,74441.64535454,-1.011693,SL,775,1.0606,6236.73,66.15,-66.92,7721.35
2240,S1_ETHUSDT,ETHUSDT,1,2025-11-21 04:00:00+00:00,2025-11-21 07:15:00+00:00,3.25,2807.76,2768.86,3313.46,-1.021654,SL,40,1.2411,6236.73,77.4,-79.08,6157.65
2241,S3,BTCUSDT,-1,2025-11-21 10:00:00+00:00,2025-11-21 14:30:00+00:00,4.5,82188.7,84756.03930058,69352.00349708,-1.009604,SL,55,1.0606,7965.69,84.48,-85.3,8050.79
2242,S1_SOLUSDT,SOLUSDT,1,2025-11-21 12:00:00+00:00,2025-11-21 13:15:00+00:00,1.25,124.24,121.02,166.1,0.788425,BE,16,2.7132,7965.69,216.13,170.4,8136.09
2243,S1_BTCUSDT,BTCUSDT,1,2025-11-22 04:00:00+00:00,2025-11-25 02:30:00+00:00,70.5,84414.0,80600.0,133996.0,0.79336,BE,847,1.5086,8050.79,121.45,96.36,7188.54
2244,S1_ETHUSDT,ETHUSDT,1,2025-11-22 12:00:00+00:00,2025-11-22 22:15:00+00:00,10.25,2734.01,2702.87,3138.83,0.773661,BE,124,1.2411,8050.79,99.92,77.3,7788.27
2245,S1_XRPUSDT,XRPUSDT,1,2025-11-22 12:00:00+00:00,2025-11-22 12:45:00+00:00,0.75,1.9161,1.8932,2.2138,-1.025102,SL,10,4.1176,8050.79,331.5,-339.82,7710.97
2246,S1_XRPUSDT,XRPUSDT,-1,2025-11-24 20:00:00+00:00,2025-11-24 20:00:00+00:00,0.0,2.2338,2.2374,2.187,-1.18615,SL,1,4.1176,7721.35,317.93,-377.12,7344.24
2247,S2,SOLUSDT,-1,2025-11-28 17:00:00+00:00,2025-12-01 15:10:00+00:00,70.17,138.74,141.87889954,125.20235942,4.236933,TP,843,3.3981,7188.54,244.27,1034.97,8223.51
2248,S3,BTCUSDT,-1,2025-12-01 01:00:00+00:00,2025-12-02 14:05:00+00:00,37.08,86970.6,88248.33216055,80581.93919727,-1.02042,SL,446,1.0606,7188.54,76.24,-77.8,8242.88
2249,S3,ETHUSDT,-1,2025-12-01 01:00:00+00:00,2025-12-02 14:45:00+00:00,37.75,2834.82,2895.62272408,2530.8063796,-1.013987,SL,454,1.0606,7188.54,76.24,-77.31,8011.3
2250,S3,SOLUSDT,-1,2025-12-01 01:00:00+00:00,2025-12-02 13:25:00+00:00,36.42,127.48,130.84359141,110.66204296,-1.01137,SL,438,1.0606,7188.54,76.24,-77.11,8320.67
2251,S3,LINKUSDT,-1,2025-12-01 01:00:00+00:00,2025-12-02 14:40:00+00:00,37.67,12.243,12.582434,10.54583001,-1.010821,SL,453,1.0606,7188.54,76.24,-77.07,8165.81
2252,S3,DOGEUSDT,-1,2025-12-01 01:00:00+00:00,2025-12-02 15:00:00+00:00,38.0,0.13884,0.14217563,0.12216187,-1.012487,SL,457,1.0606,7188.54,76.24,-77.19,7856.94
2253,S3,XRPUSDT,-1,2025-12-01 01:00:00+00:00,2025-12-02 15:00:00+00:00,38.0,2.0567,2.10193673,1.83051635,-1.01364,SL,457,1.0606,7188.54,76.24,-77.28,7779.65
2254,S3,DOGEUSDT,-1,2025-12-01 04:00:00+00:00,2025-12-02 14:45:00+00:00,34.75,0.13709,0.14047091,0.12018546,-1.012164,SL,418,1.0606,7188.54,76.24,-77.17,7934.13
2255,S3,XRPUSDT,-1,2025-12-01 05:00:00+00:00,2025-12-02 14:40:00+00:00,33.67,2.0288,2.07715761,1.78701196,-1.012586,SL,405,1.0606,7188.54,76.24,-77.2,8088.61
2256,S1_XRPUSDT,XRPUSDT,1,2025-12-01 16:00:00+00:00,2025-12-01 21:25:00+00:00,5.42,2.0065,1.9825,2.3185,0.774919,BE,66,4.1176,8223.51,338.61,262.4,8485.91
2257,S3,LINKUSDT,-1,2025-12-01 17:00:00+00:00,2025-12-01 22:05:00+00:00,5.08,11.77,12.10834582,10.07827088,-1.010436,SL,62,1.0606,8223.51,87.22,-88.13,8397.78
2258,S3,LINKUSDT,-1,2025-12-03 15:00:00+00:00,2025-12-03 22:45:00+00:00,7.75,14.256,14.67478211,12.16208946,-1.010212,SL,94,1.0606,7779.65,82.51,-83.35,7696.3
2259,S1_ETHUSDT,ETHUSDT,-1,2025-12-05 04:00:00+00:00,2025-12-05 09:55:00+00:00,5.92,3169.61,3227.66,2414.96,0.78362,BE,72,1.2411,7696.3,95.52,74.85,7771.15
2260,S4,SOLUSDT,1,2025-12-07 16:00:00+00:00,2025-12-11 00:35:00+00:00,80.58,131.93,129.27932189,183.61822312,0.985068,BE,968,1.9886,7771.15,154.54,152.23,7813.23
2261,S4,XRPUSDT,1,2025-12-07 16:00:00+00:00,2025-12-07 22:05:00+00:00,6.08,2.0516,2.01364484,2.79172553,-1.016216,SL,74,1.9886,7771.15,154.54,-157.04,7614.11
2262,S4,ETHUSDT,1,2025-12-07 17:00:00+00:00,2025-12-12 15:40:00+00:00,118.67,3038.51,2975.87694607,4259.85455162,0.985446,BE,1425,1.9886,7771.15,154.54,152.29,8117.78
2263,S4,SOLUSDT,1,2025-12-07 17:00:00+00:00,2025-12-11 00:35:00+00:00,79.58,131.89,129.20437033,184.25977862,0.985267,BE,956,1.9886,7771.15,154.54,152.26,7965.49
2264,S4,SOLUSDT,1,2025-12-08 00:00:00+00:00,2025-12-10 15:35:00+00:00,63.58,132.17,128.67866267,200.2510779,0.988643,BE,764,1.9886,7614.11,151.41,149.69,7661.0
2265,S1_ETHUSDT,ETHUSDT,-1,2025-12-09 16:00:00+00:00,2025-12-09 16:00:00+00:00,0.0,3244.92,3256.0,3100.88,-1.087859,SL,1,1.2411,7614.11,94.5,-102.8,7511.31
2266,S2,ETHUSDT,-1,2025-12-15 15:00:00+00:00,2025-12-18 19:50:00+00:00,76.83,3046.75,3150.11798891,2778.2639615,4.235531,TP,923,3.3981,8117.78,275.85,1168.37,8235.71
2267,S1_XRPUSDT,XRPUSDT,1,2025-12-15 16:00:00+00:00,2025-12-15 16:40:00+00:00,0.67,1.924,1.9112,2.0904,-1.045094,SL,9,4.1176,8117.78,334.26,-349.33,7768.45
2268,S2,SOLUSDT,-1,2025-12-15 16:00:00+00:00,2025-12-17 14:50:00+00:00,46.83,126.78,130.78392926,112.95734174,-1.242767,SL,563,3.3981,8117.78,275.85,-342.82,7175.37
2269,S3,LINKUSDT,-1,2025-12-15 16:00:00+00:00,2025-12-17 15:05:00+00:00,47.08,12.773,13.14571078,10.90944612,-1.010281,SL,566,1.0606,8117.78,86.1,-86.98,7088.38
2270,S3,ETHUSDT,-1,2025-12-15 18:00:00+00:00,2025-12-17 15:05:00+00:00,45.08,2935.41,3010.69882967,2558.96585166,-1.011697,SL,542,1.0606,7768.45,82.39,-83.36,7005.03
2271,S3,LINKUSDT,-1,2025-12-15 18:00:00+00:00,2025-12-16 10:45:00+00:00,16.75,12.579,12.9544496,10.70175201,-1.010051,SL,202,1.0606,7768.45,82.39,-83.22,7601.86
2272,S3,DOGEUSDT,-1,2025-12-15 18:00:00+00:00,2025-12-16 10:40:00+00:00,16.67,0.12786,0.13109753,0.11167236,-1.011848,SL,201,1.0606,7768.45,82.39,-83.37,7685.08
2273,S3,XRPUSDT,-1,2025-12-15 18:00:00+00:00,2025-12-16 12:05:00+00:00,18.08,1.8904,1.926812,1.70834002,-1.015575,SL,218,1.0606,7768.45,82.39,-83.68,7518.18
2274,S2,XRPUSDT,-1,2025-12-17 18:00:00+00:00,2025-12-18 13:30:00+00:00,19.5,1.8717,1.90374233,1.65396811,-0.636408,SL,235,3.3981,7005.03,238.04,-151.49,7067.34
2275,S3,ETHUSDT,-1,2025-12-17 19:00:00+00:00,2025-12-18 13:10:00+00:00,18.17,2812.56,2901.30841519,2368.81792407,-1.009507,SL,219,1.0606,7005.03,74.3,-75.0,7218.83
2276,S1_ETHUSDT,ETHUSDT,1,2025-12-17 20:00:00+00:00,2025-12-18 08:20:00+00:00,12.33,2819.02,2789.52,3202.52,0.771332,BE,149,1.2411,7005.03,86.94,67.06,7293.83
2277,S1_XRPUSDT,XRPUSDT,1,2025-12-17 20:00:00+00:00,2025-12-17 20:25:00+00:00,0.42,1.8639,1.846,2.0966,0.768761,BE,6,4.1176,7005.03,288.44,221.74,7226.77
2278,S2,XRPUSDT,-1,2025-12-18 19:00:00+00:00,2025-12-19 12:40:00+00:00,17.67,1.8425,1.87996668,1.61772157,-0.718853,SL,213,3.3981,7067.34,240.16,-172.64,8306.11
2279,S1_XRPUSDT,XRPUSDT,1,2025-12-18 20:00:00+00:00,2025-12-18 20:00:00+00:00,0.0,1.8052,1.7987,1.8897,0.716683,BE,1,4.1176,8235.71,339.11,243.04,8478.75
2280,S3,DOGEUSDT,-1,2025-12-26 15:00:00+00:00,2025-12-27 23:45:00+00:00,32.75,0.12261,0.12488895,0.11121524,-1.01614,SL,394,1.0606,8306.11,88.09,-89.52,8127.17
2281,S3,DOGEUSDT,-1,2025-12-26 17:00:00+00:00,2025-12-27 03:30:00+00:00,10.5,0.12068,0.12307603,0.10869983,-1.01511,SL,127,1.0606,8306.11,88.09,-89.43,8216.69
2282,S1_ETHUSDT,ETHUSDT,-1,2025-12-29 04:00:00+00:00,2025-12-29 04:15:00+00:00,0.25,3042.3,3047.89,2969.63,-1.163272,SL,4,1.2411,8127.17,100.87,-117.33,8009.83
2283,S1_SOLUSDT,SOLUSDT,-1,2025-12-29 04:00:00+00:00,2025-12-29 09:35:00+00:00,5.58,128.53,130.21,106.69,0.777048,BE,68,2.7132,8127.17,220.51,171.34,8181.18
2284,S3,BTCUSDT,-1,2025-12-29 07:00:00+00:00,2026-01-02 16:30:00+00:00,105.5,89740.7,90530.25362141,85792.93189296,-1.034098,SL,1267,1.0606,8009.83,84.95,-87.85,7471.51
2285,S4,BTCUSDT,1,2025-12-29 18:00:00+00:00,2026-01-20 22:30:00+00:00,532.5,87814.1,86744.22018488,108676.75639491,0.975376,BE,6391,1.9886,8181.18,162.69,158.68,7920.19
2286,S4,SOLUSDT,1,2025-12-29 18:00:00+00:00,2026-01-20 16:45:00+00:00,526.75,123.82,121.36688314,171.65577869,0.984858,BE,6322,1.9886,8181.18,162.69,160.23,7435.93
2287,S4,XRPUSDT,1,2025-12-29 22:00:00+00:00,2025-12-31 19:25:00+00:00,45.42,1.8526,1.82893933,2.31398303,-1.02349,SL,546,1.9886,8181.18,162.69,-166.51,8014.67
2288,S3,DOGEUSDT,-1,2025-12-31 18:00:00+00:00,2026-01-01 08:55:00+00:00,14.92,0.11793,0.12025183,0.10632085,-1.015238,SL,180,1.0606,8181.18,86.77,-88.09,7838.49
2289,S3,DOGEUSDT,-1,2025-12-31 19:00:00+00:00,2026-01-01 08:45:00+00:00,13.75,0.11713,0.11945027,0.10552865,-1.015144,SL,166,1.0606,8181.18,86.77,-88.08,7926.58
2290,S1_ETHUSDT,ETHUSDT,-1,2026-01-02 12:00:00+00:00,2026-01-02 14:15:00+00:00,2.25,3046.69,3068.97,2757.05,0.758976,BE,28,1.2411,7838.49,97.28,73.84,7912.33
2291,S1_XRPUSDT,XRPUSDT,-1,2026-01-02 16:00:00+00:00,2026-01-02 16:00:00+00:00,0.0,1.9177,1.9246,1.828,-1.083378,SL,1,4.1176,7912.33,325.8,-352.96,7559.36
2292,S1_SOLUSDT,SOLUSDT,-1,2026-01-03 12:00:00+00:00,2026-01-03 22:35:00+00:00,10.58,130.64,133.29,96.19,-1.014789,SL,128,2.7132,7471.51,202.72,-205.72,7265.8
2293,S2,ETHUSDT,-1,2026-01-05 06:00:00+00:00,2026-01-05 08:20:00+00:00,2.33,3148.0,3171.00702442,2977.03528282,-0.595407,SL,29,3.3981,7265.8,246.9,-147.01,7118.79
2294,S2,ETHUSDT,-1,2026-01-06 18:00:00+00:00,2026-01-06 21:15:00+00:00,3.25,3194.48,3263.30653709,2936.84289823,-1.151176,SL,40,3.3981,7118.79,241.9,-278.47,6556.67
2295,S2,SOLUSDT,-1,2026-01-06 18:00:00+00:00,2026-01-06 21:10:00+00:00,3.17,136.45,139.39219894,121.59205998,-0.853303,SL,39,3.3981,7118.79,241.9,-206.42,6912.38
2296,S2,LINKUSDT,-1,2026-01-06 18:00:00+00:00,2026-01-06 21:15:00+00:00,3.25,13.511,13.86318866,11.85697574,-0.91536,SL,40,3.3981,7118.79,241.9,-221.43,6335.24
2297,S3,BTCUSDT,-1,2026-01-06 18:00:00+00:00,2026-01-06 21:10:00+00:00,3.17,91547.5,92744.36873873,85563.15630635,-1.022947,SL,39,1.0606,7118.79,75.5,-77.23,6835.14
2298,S3,XRPUSDT,-1,2026-01-06 18:00:00+00:00,2026-01-06 21:30:00+00:00,3.5,2.2079,2.28551777,1.81981113,-1.008534,SL,43,1.0606,7118.79,75.5,-76.15,6259.09
2299,S1_SOLUSDT,SOLUSDT,-1,2026-01-07 00:00:00+00:00,2026-01-07 02:05:00+00:00,2.08,141.04,143.45,109.71,0.782443,BE,26,2.7132,6259.09,169.82,132.88,6391.97
2300,S1_SOLUSDT,SOLUSDT,-1,2026-01-12 04:00:00+00:00,2026-01-12 15:15:00+00:00,11.25,142.49,144.4,117.66,0.777619,BE,136,2.7132,6391.97,173.43,134.86,6526.83
2301,S2,BTCUSDT,-1,2026-01-12 08:00:00+00:00,2026-01-12 16:25:00+00:00,8.42,91369.2,91995.33526608,87797.20158854,-0.777596,SL,102,3.3981,6391.97,217.21,-168.9,6205.06
2302,S2,XRPUSDT,-1,2026-01-12 08:00:00+00:00,2026-01-12 15:15:00+00:00,7.25,2.0524,2.07900012,1.88806014,-0.70383,SL,88,3.3981,6391.97,217.21,-152.88,6373.95
2303,S1_ETHUSDT,ETHUSDT,-1,2026-01-13 20:00:00+00:00,2026-01-13 20:00:00+00:00,0.0,3214.46,3217.6,3173.64,-1.307114,SL,1,1.2411,6205.06,77.01,-100.66,6104.39
2304,S1_XRPUSDT,XRPUSDT,-1,2026-01-14 04:00:00+00:00,2026-01-14 04:05:00+00:00,0.08,2.1828,2.1917,2.0671,0.726422,BE,2,4.1176,6104.39,251.35,182.59,6286.98
2305,S1_SOLUSDT,SOLUSDT,-1,2026-01-14 16:00:00+00:00,2026-01-14 16:05:00+00:00,0.08,147.02,147.56,140.0,-1.081678,SL,2,2.7132,6286.98,170.58,-184.51,6102.47
2306,S1_ETHUSDT,ETHUSDT,-1,2026-01-15 08:00:00+00:00,2026-01-16 16:05:00+00:00,32.08,3328.64,3403.77,2351.95,0.786708,BE,386,1.2411,6102.47,75.74,59.58,6162.06
2307,S3,BTCUSDT,-1,2026-01-19 00:00:00+00:00,2026-01-20 14:45:00+00:00,38.75,93614.0,94255.21175622,90407.94121888,4.956201,TP,466,1.0606,6162.06,65.35,323.91,7275.7
2308,S3,SOLUSDT,-1,2026-01-19 00:00:00+00:00,2026-01-20 14:15:00+00:00,38.25,137.79,139.72014174,128.13929129,4.978583,TP,460,1.0606,6162.06,65.35,325.37,6951.79
2309,S3,LINKUSDT,-1,2026-01-19 00:00:00+00:00,2026-01-20 17:45:00+00:00,41.75,13.301,13.5180661,12.2156695,4.981617,TP,502,1.0606,6162.06,65.35,325.57,7761.5
2310,S3,DOGEUSDT,-1,2026-01-19 00:00:00+00:00,2026-01-19 00:00:00+00:00,0.0,0.13156,0.13389371,0.11989144,4.983088,TP,1,1.0606,6162.06,65.35,325.67,6487.72
2311,S3,XRPUSDT,-1,2026-01-19 00:00:00+00:00,2026-01-19 00:00:00+00:00,0.0,1.9904,2.01860904,1.84935482,4.978832,TP,1,1.0606,6162.06,65.35,325.39,6813.11
2312,S1_SOLUSDT,SOLUSDT,1,2026-01-19 04:00:00+00:00,2026-01-20 08:10:00+00:00,28.17,133.85,129.82,186.24,-1.009964,SL,339,2.7132,6813.11,184.85,-186.7,6626.42
2313,S1_XRPUSDT,XRPUSDT,1,2026-01-19 04:00:00+00:00,2026-01-25 17:10:00+00:00,157.17,1.9657,1.8406,3.592,-1.004714,SL,1887,4.1176,6813.11,280.54,-281.86,8977.6
2314,S2,XRPUSDT,-1,2026-01-19 23:00:00+00:00,2026-01-25 18:10:00+00:00,139.17,1.9794,2.00206299,1.8284974,4.233276,TP,1671,3.3981,6813.11,231.52,980.07,9957.67
2315,S2,SOLUSDT,-1,2026-01-20 07:00:00+00:00,2026-01-25 16:00:00+00:00,129.0,131.16,133.13203698,122.54457141,4.23059,TP,1549,3.3981,6813.11,231.52,979.45,9259.45
2316,S3,ETHUSDT,-1,2026-01-20 07:00:00+00:00,2026-01-21 16:40:00+00:00,33.67,3115.2,3160.69103969,2887.74480153,4.979456,TP,405,1.0606,6813.11,72.26,359.81,8280.0
2317,S1_SOLUSDT,SOLUSDT,1,2026-01-25 20:00:00+00:00,2026-01-25 21:00:00+00:00,1.0,117.87,117.0,129.18,0.759355,BE,13,2.7132,9957.67,270.17,205.16,10461.04
2318,S1_XRPUSDT,XRPUSDT,1,2026-01-25 20:00:00+00:00,2026-01-25 20:10:00+00:00,0.17,1.817,1.8095,1.9145,0.72732,BE,3,4.1176,9957.67,410.02,298.21,10255.88
2319,S1_SOLUSDT,SOLUSDT,1,2026-01-29 16:00:00+00:00,2026-01-29 17:10:00+00:00,1.17,117.6,116.03,138.01,0.777529,BE,15,2.7132,10461.04,283.83,220.69,11011.31
2320,S1_XRPUSDT,XRPUSDT,1,2026-01-29 16:00:00+00:00,2026-01-29 16:55:00+00:00,0.92,1.8,1.7845,2.0015,0.765161,BE,12,4.1176,10461.04,430.74,329.59,10790.63
2321,S3,BTCUSDT,-1,2026-01-29 19:00:00+00:00,2026-01-31 18:40:00+00:00,47.67,83440.8,85024.46255233,75522.48723836,4.984193,TP,573,1.0606,11011.31,116.79,582.08,11656.64
2322,S3,ETHUSDT,-1,2026-01-29 19:00:00+00:00,2026-01-31 17:10:00+00:00,46.17,2762.35,2827.70248822,2435.58755891,4.987319,TP,555,1.0606,11011.31,116.79,582.45,10492.2
2323,S3,SOLUSDT,-1,2026-01-29 19:00:00+00:00,2026-01-30 19:00:00+00:00,24.0,115.68,118.63655651,100.89721747,-1.011738,SL,289,1.0606,11011.31,116.79,-118.16,10656.85
2324,S3,LINKUSDT,-1,2026-01-29 19:00:00+00:00,2026-01-29 21:45:00+00:00,2.75,10.836,11.12051959,9.41340207,-1.011426,SL,34,1.0606,11011.31,116.79,-118.12,10893.19
2325,S3,DOGEUSDT,-1,2026-01-29 19:00:00+00:00,2026-01-30 00:00:00+00:00,5.0,0.11459,0.11745106,0.10028469,-1.012015,SL,61,1.0606,11011.31,116.79,-118.19,10775.0
2326,S3,XRPUSDT,-1,2026-01-29 19:00:00+00:00,2026-01-31 17:10:00+00:00,46.17,1.7838,1.82344547,1.58557266,4.986502,TP,555,1.0606,11011.31,116.79,582.35,11074.56
2327,S1_XRPUSDT,XRPUSDT,1,2026-01-30 04:00:00+00:00,2026-01-31 08:15:00+00:00,28.25,1.7467,1.7043,2.2979,-1.012359,SL,340,4.1176,10775.0,443.67,-449.15,10207.69
2328,S3,SOLUSDT,-1,2026-01-31 15:00:00+00:00,2026-02-04 15:35:00+00:00,96.58,109.06,112.59655157,91.37724216,4.990749,TP,1160,1.0606,10207.69,108.26,540.31,11398.06
2329,S1_SOLUSDT,SOLUSDT,1,2026-01-31 16:00:00+00:00,2026-01-31 16:00:00+00:00,0.0,108.58,108.15,114.17,-1.075753,SL,1,2.7132,10207.69,276.96,-297.94,9909.75
2330,S1_XRPUSDT,XRPUSDT,1,2026-02-01 12:00:00+00:00,2026-02-01 23:05:00+00:00,11.08,1.6491,1.5704,2.6722,-1.006286,SL,134,4.1176,11656.64,479.97,-482.99,11173.65
2331,S1_SOLUSDT,SOLUSDT,1,2026-02-03 16:00:00+00:00,2026-02-03 16:25:00+00:00,0.42,102.52,100.3,131.38,-1.013854,SL,6,2.7132,11173.65,303.16,-307.36,10866.29
2332,S1_BTCUSDT,BTCUSDT,1,2026-02-03 20:00:00+00:00,2026-02-03 21:00:00+00:00,1.0,74893.9,72889.2,100955.0,0.788792,BE,13,1.5086,10866.29,163.93,129.31,10995.59
2333,S1_XRPUSDT,XRPUSDT,1,2026-02-04 00:00:00+00:00,2026-02-04 16:35:00+00:00,16.58,1.5782,1.5263,2.2529,-1.009123,SL,200,4.1176,10995.59,452.75,-456.88,10941.18
2334,S1_ETHUSDT,ETHUSDT,1,2026-02-04 12:00:00+00:00,2026-02-04 14:30:00+00:00,2.5,2253.73,2186.69,3125.25,-1.010085,SL,31,1.2411,10995.59,136.47,-137.84,10857.75
2335,S1_XRPUSDT,XRPUSDT,1,2026-02-05 00:00:00+00:00,2026-02-05 00:35:00+00:00,0.58,1.5111,1.4934,1.7412,-1.025612,SL,8,4.1176,10941.18,450.51,-462.05,10479.12
2336,S3,BTCUSDT,-1,2026-02-05 03:00:00+00:00,2026-02-06 00:10:00+00:00,21.17,71429.1,73670.34712278,60222.8643861,4.990439,TP,255,1.0606,10479.12,111.14,554.65,11493.42
2337,S3,XRPUSDT,-1,2026-02-05 03:00:00+00:00,2026-02-05 20:20:00+00:00,17.33,1.4521,1.51046275,1.16028626,4.992536,TP,209,1.0606,10479.12,111.14,554.88,10938.77
2338,S3,BTCUSDT,-1,2026-02-05 18:00:00+00:00,2026-02-06 15:40:00+00:00,21.67,66153.8,68769.2723246,53076.438377,-1.007588,SL,261,1.0606,10479.12,111.14,-111.98,11381.43
2339,S3,SOLUSDT,-1,2026-02-05 18:00:00+00:00,2026-02-06 17:25:00+00:00,23.42,82.64,87.53411563,58.16942183,-1.005066,SL,282,1.0606,10479.12,111.14,-111.7,11269.73
2340,S1_SOLUSDT,SOLUSDT,1,2026-02-11 16:00:00+00:00,2026-02-11 16:20:00+00:00,0.33,79.66,78.52,94.48,0.779037,BE,5,2.7132,11269.73,305.77,238.21,11507.93
2341,S1_SOLUSDT,SOLUSDT,1,2026-02-12 20:00:00+00:00,2026-02-12 20:45:00+00:00,0.75,77.57,76.9,86.28,-1.034733,SL,10,2.7132,11507.93,312.23,-323.08,11184.85
2342,S3,DOGEUSDT,-1,2026-02-14 13:00:00+00:00,2026-02-14 14:30:00+00:00,1.5,0.09958,0.10152206,0.08986971,-1.015383,SL,19,1.0606,11184.85,118.63,-120.45,11064.4
2343,S1_LINKUSDT,LINKUSDT,-1,2026-02-14 20:00:00+00:00,2026-02-14 20:00:00+00:00,0.0,9.163,9.183,8.903,-1.137445,SL,1,2.8,11064.4,309.8,-352.38,10712.02
2344,S1_XRPUSDT,XRPUSDT,-1,2026-02-14 20:00:00+00:00,2026-02-14 20:00:00+00:00,0.0,1.4969,1.4994,1.4644,-1.179628,SL,1,4.1176,11064.4,455.59,-537.42,10174.59
2345,S1_LINKUSDT,LINKUSDT,-1,2026-02-15 08:00:00+00:00,2026-02-15 08:30:00+00:00,0.5,9.198,9.239,8.665,0.732698,BE,7,2.8,10174.59,284.89,208.74,10080.45
2346,S1_SOLUSDT,SOLUSDT,-1,2026-02-15 08:00:00+00:00,2026-02-15 08:00:00+00:00,0.0,90.68,90.96,87.04,-1.097157,SL,1,2.7132,10174.59,276.06,-302.88,9871.72
2347,S3,XRPUSDT,-1,2026-02-15 09:00:00+00:00,2026-02-23 01:05:00+00:00,184.08,1.6152,1.66916698,1.34536508,4.991021,TP,2210,1.0606,10080.45,106.91,533.61,10211.18
2348,S3,XRPUSDT,-1,2026-02-15 10:00:00+00:00,2026-02-24 14:30:00+00:00,220.5,1.5896,1.64462648,1.31446758,4.991334,TP,2647,1.0606,10080.45,106.91,533.64,10776.19
2349,S2,XRPUSDT,-1,2026-02-15 13:00:00+00:00,2026-02-28 09:45:00+00:00,308.75,1.5204,1.5698951,1.27134445,4.242217,TP,3706,3.3981,10080.45,342.54,1453.15,9723.72
2350,S3,ETHUSDT,-1,2026-02-15 13:00:00+00:00,2026-02-25 17:00:00+00:00,244.0,2009.78,2053.82914501,1789.53427496,-1.013688,SL,2929,1.0606,10080.45,106.91,-108.38,9191.26
2351,S4,BTCUSDT,1,2026-02-16 21:00:00+00:00,2026-02-17 14:40:00+00:00,17.67,68508.9,67315.65503645,91777.17678927,-1.017224,SL,213,1.9886,10080.45,200.46,-203.91,9876.54
2352,S4,XRPUSDT,1,2026-02-19 19:00:00+00:00,2026-02-20 13:35:00+00:00,18.58,1.4125,1.38008856,2.04452308,-1.013074,SL,224,1.9886,9876.54,196.4,-198.97,9677.57
2353,S3,ETHUSDT,-1,2026-02-23 01:00:00+00:00,2026-02-24 13:30:00+00:00,36.5,1928.13,1952.31226905,1807.21865475,4.97608,TP,439,1.0606,9677.57,102.64,510.75,10370.26
2354,S3,SOLUSDT,-1,2026-02-23 01:00:00+00:00,2026-02-25 02:05:00+00:00,49.08,81.33,82.6716554,74.62172301,-1.018186,SL,590,1.0606,9677.57,102.64,-104.51,10394.38
2355,S3,XRPUSDT,-1,2026-02-23 01:00:00+00:00,2026-02-23 09:30:00+00:00,8.5,1.3639,1.38512719,1.25776407,-1.019276,SL,103,1.0606,9677.57,102.64,-104.62,10241.27
2356,S3,BTCUSDT,-1,2026-02-23 02:00:00+00:00,2026-02-23 06:10:00+00:00,4.17,64387.2,65328.03011954,59683.04940232,-1.020531,SL,51,1.0606,10211.18,108.3,-110.52,9808.25
2357,S3,ETHUSDT,-1,2026-02-23 02:00:00+00:00,2026-02-23 09:30:00+00:00,7.5,1854.93,1889.33924983,1682.88375084,-1.016172,SL,91,1.0606,10211.18,108.3,-110.05,10131.21
2358,S3,SOLUSDT,-1,2026-02-23 02:00:00+00:00,2026-02-23 09:30:00+00:00,7.5,77.88,79.69010858,68.82945708,-1.012908,SL,91,1.0606,10211.18,108.3,-109.7,10021.52
2359,S3,LINKUSDT,-1,2026-02-23 02:00:00+00:00,2026-02-23 07:40:00+00:00,5.67,8.199,8.37368008,7.32559959,-1.014081,SL,69,1.0606,10211.18,108.3,-109.82,10345.88
2360,S3,XRPUSDT,-1,2026-02-23 02:00:00+00:00,2026-02-23 06:10:00+00:00,4.17,1.3315,1.35633953,1.20730235,-1.016081,SL,51,1.0606,10211.18,108.3,-110.04,9698.21
2361,S1_BTCUSDT,BTCUSDT,1,2026-02-23 04:00:00+00:00,2026-02-23 06:35:00+00:00,2.58,64894.1,64232.8,73491.0,0.770561,BE,32,1.5086,10211.18,154.05,118.7,10235.4
2362,S1_ETHUSDT,ETHUSDT,1,2026-02-23 04:00:00+00:00,2026-02-23 06:20:00+00:00,2.33,1860.93,1844.46,2075.04,0.766103,BE,29,1.2411,10211.18,126.73,97.09,10116.7
2363,S1_LINKUSDT,LINKUSDT,1,2026-02-23 04:00:00+00:00,2026-02-23 06:45:00+00:00,2.75,8.249,8.165,9.341,0.770539,BE,34,2.8,10211.18,285.91,220.31,10455.71
2364,S1_SOLUSDT,SOLUSDT,1,2026-02-23 04:00:00+00:00,2026-02-23 04:35:00+00:00,0.58,77.58,77.16,83.04,-1.055414,SL,8,2.7132,10211.18,277.05,-292.4,9918.77
2365,S1_XRPUSDT,XRPUSDT,1,2026-02-23 04:00:00+00:00,2026-02-23 06:10:00+00:00,2.17,1.3403,1.329,1.4872,0.764417,BE,27,4.1176,10211.18,420.46,321.4,10019.61
2366,S2,DOGEUSDT,-1,2026-02-23 16:00:00+00:00,2026-02-25 13:25:00+00:00,45.42,0.09491,0.09660044,0.08581824,-0.803518,SL,546,3.3981,10021.52,340.54,-273.63,10009.1
2367,S1_BTCUSDT,BTCUSDT,1,2026-02-24 04:00:00+00:00,2026-02-24 04:05:00+00:00,0.08,63570.5,63303.9,67036.3,-1.071535,SL,2,1.5086,10021.52,151.18,-162.0,9859.52
2368,S1_ETHUSDT,ETHUSDT,1,2026-02-24 04:00:00+00:00,2026-02-24 13:30:00+00:00,9.5,1830.94,1810.46,2097.18,-1.02682,SL,115,1.2411,10021.52,124.38,-127.71,10242.55
2369,S1_SOLUSDT,SOLUSDT,1,2026-02-24 04:00:00+00:00,2026-02-24 14:35:00+00:00,10.58,76.84,75.68,91.92,-1.019872,SL,128,2.7132,10021.52,271.9,-277.31,10498.88
2370,S3,LINKUSDT,-1,2026-02-25 04:00:00+00:00,2026-02-25 12:15:00+00:00,8.25,8.501,8.70196696,7.49616519,-1.01269,SL,100,1.0606,10394.38,110.24,-111.64,10282.74
2371,S1_ETHUSDT,ETHUSDT,-1,2026-02-25 16:00:00+00:00,2026-02-25 16:15:00+00:00,0.25,2012.85,2027.93,1816.81,-1.040043,SL,4,1.2411,10009.1,124.22,-129.2,9299.64
2372,S1_LINKUSDT,LINKUSDT,-1,2026-02-25 16:00:00+00:00,2026-02-25 16:00:00+00:00,0.0,9.279,9.332,8.59,-1.052523,SL,1,2.8,10009.1,280.25,-294.97,9714.13
2373,S1_SOLUSDT,SOLUSDT,-1,2026-02-25 16:00:00+00:00,2026-02-25 16:05:00+00:00,0.08,85.92,86.43,79.29,-1.050541,SL,2,2.7132,10009.1,271.57,-285.29,9428.84
2374,S1_XRPUSDT,XRPUSDT,-1,2026-02-25 20:00:00+00:00,2026-02-25 21:35:00+00:00,1.58,1.466,1.476,1.336,-1.04398,SL,20,4.1176,9191.26,378.46,-395.1,8796.16
2375,S3,SOLUSDT,-1,2026-02-26 17:00:00+00:00,2026-02-27 03:45:00+00:00,10.75,84.54,87.21459523,71.16702387,-1.009483,SL,130,1.0606,8796.16,93.29,-94.18,8607.76
2376,S3,LINKUSDT,-1,2026-02-26 17:00:00+00:00,2026-02-27 03:35:00+00:00,10.58,8.885,9.15092795,7.55536023,-1.010023,SL,128,1.0606,8796.16,93.29,-94.23,8701.93
2377,S3,DOGEUSDT,-1,2026-02-26 17:00:00+00:00,2026-02-27 04:00:00+00:00,11.0,0.09571,0.09867123,0.08090387,-1.009696,SL,133,1.0606,8796.16,93.29,-94.2,8513.56
2378,S1_SOLUSDT,SOLUSDT,-1,2026-02-27 04:00:00+00:00,2026-02-27 04:15:00+00:00,0.25,87.57,88.22,79.12,-1.040417,SL,4,2.7132,8607.76,233.55,-242.98,8270.57
